entity_id,entity_name,source,query,include_figures,figure_rank,figure_url
BREAST_001,Ductal carcinoma in situ,who,Ductal carcinoma in situ,True,1,https://storage.googleapis.com/pathology-hub-0/WHO/WHO_PICS/BREAST/1694.jpg
BREAST_001,Ductal carcinoma in situ,who,Ductal carcinoma in situ,True,2,https://storage.googleapis.com/pathology-hub-0/WHO/WHO_PICS/BREAST/1695.jpg
BREAST_001,Ductal carcinoma in situ,who,Ductal carcinoma in situ,True,3,https://storage.googleapis.com/pathology-hub-0/WHO/WHO_PICS/BREAST/1696.jpg
BREAST_001,Ductal carcinoma in situ,who,Ductal carcinoma in situ,True,4,https://storage.googleapis.com/pathology-hub-0/WHO/WHO_PICS/BREAST/0_0.jpeg
BREAST_001,Ductal carcinoma in situ,who,Ductal carcinoma in situ,True,5,https://storage.googleapis.com/pathology-hub-0/WHO/WHO_HTML/BREAST/Carcinoma_In_Situ.html
BREAST_001,Ductal carcinoma in situ,who,Ductal carcinoma in situ,True,6,https://storage.googleapis.com/pathology-hub-0/WHO/WHO_HTML/BREAST/Neuroendocrine_Carcinoma.html
BREAST_001,Ductal carcinoma in situ,who,Ductal carcinoma in situ,True,7,https://storage.googleapis.com/pathology-hub-0/WHO/WHO_HTML/HN/Sclerosing_Polycystic_Adenoma.html
BREAST_001,Ductal carcinoma in situ,who,Ductal carcinoma in situ,True,8,https://storage.googleapis.com/pathology-hub-0/WHO/WHO_HTML/SKIN/Mucinous_Carcinoma.html
BREAST_001,Ductal carcinoma in situ,pathout,Ductal carcinoma in situ,True,1,https://www.pathologyoutlines.com/imgau/breastcollageneousspherulosisGencoHajiyeva01.jpg
BREAST_001,Ductal carcinoma in situ,pathout,Ductal carcinoma in situ,True,2,https://www.pathologyoutlines.com/imgau/breastcollageneousspherulosisGencoHajiyeva02.jpg
BREAST_001,Ductal carcinoma in situ,pathout,Ductal carcinoma in situ,True,3,https://www.pathologyoutlines.com/imgau/breastcollageneousspherulosisGencoHajiyeva03.jpg
BREAST_001,Ductal carcinoma in situ,pathout,Ductal carcinoma in situ,True,4,https://www.pathologyoutlines.com/imgau/breastcollageneousspherulosisGencoHajiyeva04.jpg
BREAST_001,Ductal carcinoma in situ,textbooks,Ductal carcinoma in situ,True,1,https://storage.googleapis.com/pathology-hub-public-figures-830130787988/textbook_figures_web_v1/breast_atlas/breast_atlas_p0240_fig01_fig_11_11.jpeg
BREAST_001,Ductal carcinoma in situ,textbooks,Ductal carcinoma in situ,True,2,https://storage.googleapis.com/pathology-hub-0/_asset_library/textbooks/Breast_Atlas/page_images/Breast_Atlas_page_0240.png
BREAST_001,Ductal carcinoma in situ,textbooks,Ductal carcinoma in situ,True,3,https://storage.googleapis.com/pathology-hub-public-figures-830130787988/textbook_figures_web_v1/breast_atlas/breast_atlas_p0240_fig03_fig_11_13.jpeg
BREAST_001,Ductal carcinoma in situ,textbooks,Ductal carcinoma in situ,True,4,https://storage.googleapis.com/pathology-hub-public-figures-830130787988/textbook_figures_web_v1/breast_atlas/breast_atlas_p0240_fig02_fig_11_12.jpeg
BREAST_001,Ductal carcinoma in situ,textbooks,Ductal carcinoma in situ,True,5,https://storage.googleapis.com/pathology-hub-public-figures-830130787988/textbook_figures_web_v1/breast_atlas/breast_atlas_p0237_fig03_fig_11_7.jpeg
BREAST_001,Ductal carcinoma in situ,textbooks,Ductal carcinoma in situ,True,6,https://storage.googleapis.com/pathology-hub-0/_asset_library/textbooks/Breast_Atlas/page_images/Breast_Atlas_page_0237.png
BREAST_001,Ductal carcinoma in situ,textbooks,Ductal carcinoma in situ,True,7,https://storage.googleapis.com/pathology-hub-public-figures-830130787988/textbook_figures_web_v1/breast_atlas/breast_atlas_p0242_fig01_fig_11_15.jpeg
BREAST_001,Ductal carcinoma in situ,textbooks,Ductal carcinoma in situ,True,8,https://storage.googleapis.com/pathology-hub-0/_asset_library/textbooks/Breast_Atlas/page_images/Breast_Atlas_page_0242.png
BREAST_001,Ductal carcinoma in situ,textbooks,Ductal carcinoma in situ,True,9,https://storage.googleapis.com/pathology-hub-public-figures-830130787988/textbook_figures_web_v1/breast_atlas/breast_atlas_p0242_fig02_fig_11_16.jpeg
BREAST_001,Ductal carcinoma in situ,textbooks,Ductal carcinoma in situ,True,10,https://storage.googleapis.com/pathology-hub-public-figures-830130787988/textbook_figures_web_v1/breast_biopsy/breast_biopsy_p0107_fig02_figure_3_46.jpeg
BREAST_001,Ductal carcinoma in situ,textbooks,Ductal carcinoma in situ,True,11,https://storage.googleapis.com/pathology-hub-0/_asset_library/textbooks/Breast_Biopsy/page_images/Breast_Biopsy_page_0107.png
BREAST_001,Ductal carcinoma in situ,textbooks,Ductal carcinoma in situ,True,12,https://storage.googleapis.com/pathology-hub-public-figures-830130787988/textbook_figures_web_v1/breast_atlas/breast_atlas_p0240_fig04_unidentified.jpeg
BREAST_001,Ductal carcinoma in situ,textbooks,Ductal carcinoma in situ,True,13,https://storage.googleapis.com/pathology-hub-public-figures-830130787988/textbook_figures_web_v1/breast_atlas/breast_atlas_p0240_fig05_unidentified.jpeg
BREAST_001,Ductal carcinoma in situ,textbooks,Ductal carcinoma in situ,True,14,https://storage.googleapis.com/pathology-hub-public-figures-830130787988/textbook_figures_web_v1/breast_atlas/breast_atlas_p0237_fig01_fig_11_5.jpeg
BREAST_001,Ductal carcinoma in situ,textbooks,Ductal carcinoma in situ,True,15,https://storage.googleapis.com/pathology-hub-0/_asset_library/textbooks/Breast_Atlas/page_images/Breast_Atlas_page_0235.png
BREAST_001,Ductal carcinoma in situ,textbooks,Ductal carcinoma in situ,True,16,https://storage.googleapis.com/pathology-hub-0/_asset_library/textbooks/Breast_Atlas/page_images/Breast_Atlas_page_0241.png
BREAST_001,Ductal carcinoma in situ,who,DCIS,True,1,https://storage.googleapis.com/pathology-hub-0/WHO/WHO_PICS/BREAST/1841.jpg
BREAST_001,Ductal carcinoma in situ,who,DCIS,True,2,https://storage.googleapis.com/pathology-hub-0/WHO/WHO_PICS/BREAST/1853.jpg
BREAST_001,Ductal carcinoma in situ,who,DCIS,True,3,https://storage.googleapis.com/pathology-hub-0/WHO/WHO_PICS/BREAST/2477.jpg
BREAST_001,Ductal carcinoma in situ,who,DCIS,True,4,https://storage.googleapis.com/pathology-hub-0/WHO/WHO_PICS/BREAST/2478.jpg
BREAST_001,Ductal carcinoma in situ,who,DCIS,True,5,https://storage.googleapis.com/pathology-hub-0/WHO/WHO_HTML/BREAST/Mucinous_Cystadenocarcinoma.html
BREAST_001,Ductal carcinoma in situ,who,DCIS,True,6,https://storage.googleapis.com/pathology-hub-0/WHO/WHO_HTML/BREAST/Carcinoma_In_Situ.html
BREAST_001,Ductal carcinoma in situ,who,DCIS,True,7,https://storage.googleapis.com/pathology-hub-0/WHO/WHO_HTML/BREAST/Paget_Disease_Of_The_Breast.html
BREAST_001,Ductal carcinoma in situ,pathout,DCIS,True,1,https://www.pathologyoutlines.com/caseofweek/Case533img1.jpg
BREAST_001,Ductal carcinoma in situ,pathout,DCIS,True,2,https://www.pathologyoutlines.com/thumb/breastmalignantDCISthumb01.jpg
BREAST_001,Ductal carcinoma in situ,pathout,DCIS,True,3,https://www.pathologyoutlines.com/thumb/breastmalignantDCISthumb02.jpg
BREAST_001,Ductal carcinoma in situ,pathout,DCIS,True,4,https://www.pathologyoutlines.com/thumb/breastmalignantDCISthumb03.jpg
BREAST_001,Ductal carcinoma in situ,textbooks,DCIS,True,1,https://storage.googleapis.com/pathology-hub-public-figures-830130787988/textbook_figures_web_v1/breast_pattern/breast_pattern_p0163_fig01_unidentified.jpeg
BREAST_001,Ductal carcinoma in situ,textbooks,DCIS,True,2,https://storage.googleapis.com/pathology-hub-0/_asset_library/textbooks/Breast_Pattern/page_images/Breast_Pattern_page_0163.png
BREAST_001,Ductal carcinoma in situ,textbooks,DCIS,True,3,https://storage.googleapis.com/pathology-hub-public-figures-830130787988/textbook_figures_web_v1/breast_biopsy/breast_biopsy_p0252_fig02_figure_8_12.jpeg
BREAST_001,Ductal carcinoma in situ,textbooks,DCIS,True,4,https://storage.googleapis.com/pathology-hub-0/_asset_library/textbooks/Breast_Biopsy/page_images/Breast_Biopsy_page_0252.png
BREAST_001,Ductal carcinoma in situ,textbooks,DCIS,True,5,https://storage.googleapis.com/pathology-hub-public-figures-830130787988/textbook_figures_web_v1/breast_faq/breast_faq_p0033_fig01_fig_1_15.jpeg
BREAST_001,Ductal carcinoma in situ,textbooks,DCIS,True,6,https://storage.googleapis.com/pathology-hub-0/_asset_library/textbooks/Breast_FAQ/page_images/Breast_FAQ_page_0033.png
BREAST_001,Ductal carcinoma in situ,textbooks,DCIS,True,7,https://storage.googleapis.com/pathology-hub-public-figures-830130787988/textbook_figures_web_v1/breast_faq/breast_faq_p0032_fig01_fig_1_14.jpeg
BREAST_001,Ductal carcinoma in situ,textbooks,DCIS,True,8,https://storage.googleapis.com/pathology-hub-0/_asset_library/textbooks/Breast_FAQ/page_images/Breast_FAQ_page_0032.png
BREAST_001,Ductal carcinoma in situ,textbooks,DCIS,True,9,https://storage.googleapis.com/pathology-hub-public-figures-830130787988/textbook_figures_web_v1/breast_faq/breast_faq_p0024_fig01_fig_1_6.jpeg
BREAST_001,Ductal carcinoma in situ,textbooks,DCIS,True,10,https://storage.googleapis.com/pathology-hub-0/_asset_library/textbooks/Breast_FAQ/page_images/Breast_FAQ_page_0024.png
BREAST_001,Ductal carcinoma in situ,textbooks,DCIS,True,11,https://storage.googleapis.com/pathology-hub-public-figures-830130787988/textbook_figures_web_v1/breast_faq/breast_faq_p0024_fig02_unidentified.jpeg
BREAST_001,Ductal carcinoma in situ,textbooks,DCIS,True,12,https://storage.googleapis.com/pathology-hub-public-figures-830130787988/textbook_figures_web_v1/breast_faq/breast_faq_p0024_fig03_unidentified.jpeg
BREAST_001,Ductal carcinoma in situ,textbooks,DCIS,True,13,https://pathology-hub-v04-v0-2-staging-vorn5q2kga-uc.a.run.app/figures/textbook?u=Z3M6Ly9wYXRob2xvZ3lfaHViLzAxX3N0YWdlZC90ZXh0Ym9va3MvYXNzZXRzL2ZpZ3VyZV9pbWFnZXMvYnJlYXN0X2F0bGFzL2JyZWFzdF9hdGxhc19wMDIzNV9maWcwMV91bmlkZW50aWZpZWQuanBlZw&exp=1783364259&sig=0b9b54e2ec47ef2af70b0fe113013847e11d3f12a0a561e55e682ff62179e5c7
BREAST_001,Ductal carcinoma in situ,textbooks,DCIS,True,14,https://storage.googleapis.com/pathology-hub-0/_asset_library/textbooks/Breast_Atlas/page_images/Breast_Atlas_page_0235.png
BREAST_001,Ductal carcinoma in situ,textbooks,DCIS,True,15,https://storage.googleapis.com/pathology-hub-public-figures-830130787988/textbook_figures_web_v1/breast_biopsy/breast_biopsy_p0252_fig01_figure_8_11.jpeg
BREAST_001,Ductal carcinoma in situ,textbooks,DCIS,True,16,https://storage.googleapis.com/pathology-hub-public-figures-830130787988/textbook_figures_web_v1/breast_faq/breast_faq_p0033_fig03_unidentified.jpeg
BREAST_001,Ductal carcinoma in situ,textbooks,DCIS,True,17,https://storage.googleapis.com/pathology-hub-0/_asset_library/textbooks/Molecular_Vasef/page_images/Molecular_Vasef_page_0680.png
BREAST_001,Ductal carcinoma in situ,textbooks,DCIS,True,18,https://storage.googleapis.com/pathology-hub-0/_asset_library/textbooks/Breast_Biopsy/page_images/Breast_Biopsy_page_0113.png
BREAST_001,Ductal carcinoma in situ,textbooks,DCIS,True,19,https://storage.googleapis.com/pathology-hub-0/_asset_library/textbooks/Breast_FAQ/page_images/Breast_FAQ_page_0026.png
BREAST_001,Ductal carcinoma in situ,textbooks,DCIS,True,20,https://storage.googleapis.com/pathology-hub-0/_asset_library/textbooks/Breast_Biopsy/page_images/Breast_Biopsy_page_0105.png
BREAST_001,Ductal carcinoma in situ,who,Ductal carcinoma in situ breast,True,1,https://storage.googleapis.com/pathology-hub-0/WHO/WHO_PICS/BREAST/1694.jpg
BREAST_001,Ductal carcinoma in situ,who,Ductal carcinoma in situ breast,True,2,https://storage.googleapis.com/pathology-hub-0/WHO/WHO_PICS/BREAST/1695.jpg
BREAST_001,Ductal carcinoma in situ,who,Ductal carcinoma in situ breast,True,3,https://storage.googleapis.com/pathology-hub-0/WHO/WHO_PICS/BREAST/1696.jpg
BREAST_001,Ductal carcinoma in situ,who,Ductal carcinoma in situ breast,True,4,https://storage.googleapis.com/pathology-hub-0/WHO/WHO_PICS/BREAST/0_0.jpeg
BREAST_001,Ductal carcinoma in situ,who,Ductal carcinoma in situ breast,True,5,https://storage.googleapis.com/pathology-hub-0/WHO/WHO_HTML/SKIN/Mucinous_Carcinoma.html
BREAST_001,Ductal carcinoma in situ,who,Ductal carcinoma in situ breast,True,6,https://storage.googleapis.com/pathology-hub-0/WHO/WHO_HTML/BREAST/Neuroendocrine_Carcinoma.html
BREAST_001,Ductal carcinoma in situ,who,Ductal carcinoma in situ breast,True,7,https://storage.googleapis.com/pathology-hub-0/WHO/WHO_HTML/BREAST/Paget_Disease_Of_The_Breast.html
BREAST_001,Ductal carcinoma in situ,who,Ductal carcinoma in situ breast,True,8,https://storage.googleapis.com/pathology-hub-0/WHO/WHO_HTML/BREAST/Carcinoma_In_Situ.html
BREAST_001,Ductal carcinoma in situ,pathout,Ductal carcinoma in situ breast,True,1,https://www.pathologyoutlines.com/site/AuthorAwards_Gold.png
BREAST_001,Ductal carcinoma in situ,pathout,Ductal carcinoma in situ breast,True,2,https://www.pathologyoutlines.com/imgau/breastmalignantsolidpapillarycarcinomaLerwill01.jpg
BREAST_001,Ductal carcinoma in situ,pathout,Ductal carcinoma in situ breast,True,3,https://www.pathologyoutlines.com/imgau/breastmalignantsolidpapillarycarcinomaLerwill02.jpg
BREAST_001,Ductal carcinoma in situ,pathout,Ductal carcinoma in situ breast,True,4,https://www.pathologyoutlines.com/imgau/breastmalignantsolidpapillarycarcinomaLerwill03.jpg
BREAST_001,Ductal carcinoma in situ,textbooks,Ductal carcinoma in situ breast,True,1,https://storage.googleapis.com/pathology-hub-public-figures-830130787988/textbook_figures_web_v1/breast_atlas/breast_atlas_p0240_fig01_fig_11_11.jpeg
BREAST_001,Ductal carcinoma in situ,textbooks,Ductal carcinoma in situ breast,True,2,https://storage.googleapis.com/pathology-hub-0/_asset_library/textbooks/Breast_Atlas/page_images/Breast_Atlas_page_0240.png
BREAST_001,Ductal carcinoma in situ,textbooks,Ductal carcinoma in situ breast,True,3,https://storage.googleapis.com/pathology-hub-public-figures-830130787988/textbook_figures_web_v1/breast_atlas/breast_atlas_p0439_fig01_fig_24_29.jpeg
BREAST_001,Ductal carcinoma in situ,textbooks,Ductal carcinoma in situ breast,True,4,https://storage.googleapis.com/pathology-hub-public-figures-830130787988/textbook_figures_web_v1/breast_atlas/breast_atlas_p0240_fig03_fig_11_13.jpeg
BREAST_001,Ductal carcinoma in situ,textbooks,Ductal carcinoma in situ breast,True,5,https://storage.googleapis.com/pathology-hub-public-figures-830130787988/textbook_figures_web_v1/breast_atlas/breast_atlas_p0242_fig02_fig_11_16.jpeg
BREAST_001,Ductal carcinoma in situ,textbooks,Ductal carcinoma in situ breast,True,6,https://storage.googleapis.com/pathology-hub-0/_asset_library/textbooks/Breast_Atlas/page_images/Breast_Atlas_page_0242.png
BREAST_001,Ductal carcinoma in situ,textbooks,Ductal carcinoma in situ breast,True,7,https://storage.googleapis.com/pathology-hub-public-figures-830130787988/textbook_figures_web_v1/breast_atlas/breast_atlas_p0242_fig01_fig_11_15.jpeg
BREAST_001,Ductal carcinoma in situ,textbooks,Ductal carcinoma in situ breast,True,8,https://storage.googleapis.com/pathology-hub-public-figures-830130787988/textbook_figures_web_v1/breast_atlas/breast_atlas_p0237_fig03_fig_11_7.jpeg
BREAST_001,Ductal carcinoma in situ,textbooks,Ductal carcinoma in situ breast,True,9,https://storage.googleapis.com/pathology-hub-0/_asset_library/textbooks/Breast_Atlas/page_images/Breast_Atlas_page_0237.png
BREAST_001,Ductal carcinoma in situ,textbooks,Ductal carcinoma in situ breast,True,10,https://storage.googleapis.com/pathology-hub-public-figures-830130787988/textbook_figures_web_v1/breast_atlas/breast_atlas_p0237_fig01_fig_11_5.jpeg
BREAST_001,Ductal carcinoma in situ,textbooks,Ductal carcinoma in situ breast,True,11,https://storage.googleapis.com/pathology-hub-public-figures-830130787988/textbook_figures_web_v1/breast_atlas/breast_atlas_p0238_fig01_fig_11_8.jpeg
BREAST_001,Ductal carcinoma in situ,textbooks,Ductal carcinoma in situ breast,True,12,https://storage.googleapis.com/pathology-hub-0/_asset_library/textbooks/Breast_Atlas/page_images/Breast_Atlas_page_0238.png
BREAST_001,Ductal carcinoma in situ,textbooks,Ductal carcinoma in situ breast,True,13,https://storage.googleapis.com/pathology-hub-public-figures-830130787988/textbook_figures_web_v1/breast_atlas/breast_atlas_p0240_fig02_fig_11_12.jpeg
BREAST_001,Ductal carcinoma in situ,textbooks,Ductal carcinoma in situ breast,True,14,https://storage.googleapis.com/pathology-hub-public-figures-830130787988/textbook_figures_web_v1/breast_atlas/breast_atlas_p0240_fig04_unidentified.jpeg
BREAST_001,Ductal carcinoma in situ,textbooks,Ductal carcinoma in situ breast,True,15,https://storage.googleapis.com/pathology-hub-0/_asset_library/textbooks/Breast_Atlas/page_images/Breast_Atlas_page_0235.png
BREAST_001,Ductal carcinoma in situ,who,Ductal carcinoma in situ comedo necrosis,True,1,https://storage.googleapis.com/pathology-hub-0/WHO/WHO_PICS/BREAST/1694.jpg
BREAST_001,Ductal carcinoma in situ,who,Ductal carcinoma in situ comedo necrosis,True,2,https://storage.googleapis.com/pathology-hub-0/WHO/WHO_PICS/BREAST/1695.jpg
BREAST_001,Ductal carcinoma in situ,who,Ductal carcinoma in situ comedo necrosis,True,3,https://storage.googleapis.com/pathology-hub-0/WHO/WHO_PICS/BREAST/1696.jpg
BREAST_001,Ductal carcinoma in situ,who,Ductal carcinoma in situ comedo necrosis,True,4,https://storage.googleapis.com/pathology-hub-0/WHO/WHO_PICS/BREAST/0_0.jpeg
BREAST_001,Ductal carcinoma in situ,who,Ductal carcinoma in situ comedo necrosis,True,5,https://storage.googleapis.com/pathology-hub-0/WHO/WHO_HTML/BREAST/Carcinoma_In_Situ.html
BREAST_001,Ductal carcinoma in situ,who,Ductal carcinoma in situ comedo necrosis,True,6,https://storage.googleapis.com/pathology-hub-0/WHO/WHO_HTML/HN/Sclerosing_Polycystic_Adenoma.html
BREAST_001,Ductal carcinoma in situ,pathout,Ductal carcinoma in situ comedo necrosis,True,1,https://www.pathologyoutlines.com/thumb/breastmalignantpleolcis_diagram1.jpg
BREAST_001,Ductal carcinoma in situ,pathout,Ductal carcinoma in situ comedo necrosis,True,2,https://www.pathologyoutlines.com/thumb/breastmalignantpleolcis_diagram2.jpg
BREAST_001,Ductal carcinoma in situ,pathout,Ductal carcinoma in situ comedo necrosis,True,3,https://www.pathologyoutlines.com/thumb/breastmalignantpleolcis_radio1.jpg
BREAST_001,Ductal carcinoma in situ,pathout,Ductal carcinoma in situ comedo necrosis,True,4,https://www.pathologyoutlines.com/thumb/breastmalignantpleolcis_radio2.jpg
BREAST_001,Ductal carcinoma in situ,textbooks,Ductal carcinoma in situ comedo necrosis,True,1,https://storage.googleapis.com/pathology-hub-public-figures-830130787988/textbook_figures_web_v1/breast_atlas/breast_atlas_p0238_fig01_fig_11_8.jpeg
BREAST_001,Ductal carcinoma in situ,textbooks,Ductal carcinoma in situ comedo necrosis,True,2,https://storage.googleapis.com/pathology-hub-0/_asset_library/textbooks/Breast_Atlas/page_images/Breast_Atlas_page_0238.png
BREAST_001,Ductal carcinoma in situ,textbooks,Ductal carcinoma in situ comedo necrosis,True,3,https://storage.googleapis.com/pathology-hub-public-figures-830130787988/textbook_figures_web_v1/breast_atlas/breast_atlas_p0240_fig01_fig_11_11.jpeg
BREAST_001,Ductal carcinoma in situ,textbooks,Ductal carcinoma in situ comedo necrosis,True,4,https://storage.googleapis.com/pathology-hub-0/_asset_library/textbooks/Breast_Atlas/page_images/Breast_Atlas_page_0240.png
BREAST_001,Ductal carcinoma in situ,textbooks,Ductal carcinoma in situ comedo necrosis,True,5,https://storage.googleapis.com/pathology-hub-public-figures-830130787988/textbook_figures_web_v1/breast_biopsy/breast_biopsy_p0097_fig01_figure_3_31.jpeg
BREAST_001,Ductal carcinoma in situ,textbooks,Ductal carcinoma in situ comedo necrosis,True,6,https://storage.googleapis.com/pathology-hub-0/_asset_library/textbooks/Breast_Biopsy/page_images/Breast_Biopsy_page_0097.png
BREAST_001,Ductal carcinoma in situ,textbooks,Ductal carcinoma in situ comedo necrosis,True,7,https://storage.googleapis.com/pathology-hub-public-figures-830130787988/textbook_figures_web_v1/breast_biopsy/breast_biopsy_p0097_fig02_fig_3_31.jpeg
BREAST_001,Ductal carcinoma in situ,textbooks,Ductal carcinoma in situ comedo necrosis,True,8,https://storage.googleapis.com/pathology-hub-public-figures-830130787988/textbook_figures_web_v1/breast_biopsy/breast_biopsy_p0098_fig01_fig_3_28c.jpeg
BREAST_001,Ductal carcinoma in situ,textbooks,Ductal carcinoma in situ comedo necrosis,True,9,https://storage.googleapis.com/pathology-hub-0/_asset_library/textbooks/Breast_Biopsy/page_images/Breast_Biopsy_page_0098.png
BREAST_001,Ductal carcinoma in situ,textbooks,Ductal carcinoma in situ comedo necrosis,True,10,https://storage.googleapis.com/pathology-hub-public-figures-830130787988/textbook_figures_web_v1/breast_biopsy/breast_biopsy_p0171_fig01_fig_5_23.jpeg
BREAST_001,Ductal carcinoma in situ,textbooks,Ductal carcinoma in situ comedo necrosis,True,11,https://storage.googleapis.com/pathology-hub-0/_asset_library/textbooks/Breast_Biopsy/page_images/Breast_Biopsy_page_0171.png
BREAST_001,Ductal carcinoma in situ,textbooks,Ductal carcinoma in situ comedo necrosis,True,12,https://storage.googleapis.com/pathology-hub-public-figures-830130787988/textbook_figures_web_v1/breast_atlas/breast_atlas_p0243_fig01_fig_11_18.jpeg
BREAST_001,Ductal carcinoma in situ,textbooks,Ductal carcinoma in situ comedo necrosis,True,13,https://storage.googleapis.com/pathology-hub-0/_asset_library/textbooks/Breast_Atlas/page_images/Breast_Atlas_page_0243.png
BREAST_001,Ductal carcinoma in situ,textbooks,Ductal carcinoma in situ comedo necrosis,True,14,https://storage.googleapis.com/pathology-hub-public-figures-830130787988/textbook_figures_web_v1/cyto_comprehensive_part_two/cyto_comprehensive_part_two_p0168_fig01_fig_26_39.png
BREAST_001,Ductal carcinoma in situ,textbooks,Ductal carcinoma in situ comedo necrosis,True,15,https://storage.googleapis.com/pathology-hub-0/_asset_library/textbooks/Cyto_Comprehensive_Part_Two/page_images/Cyto_Comprehensive_Part_Two_page_0168.png
BREAST_001,Ductal carcinoma in situ,textbooks,Ductal carcinoma in situ comedo necrosis,True,16,https://storage.googleapis.com/pathology-hub-public-figures-830130787988/textbook_figures_web_v1/breast_atlas/breast_atlas_p0238_fig02_unidentified.jpeg
BREAST_001,Ductal carcinoma in situ,textbooks,Ductal carcinoma in situ comedo necrosis,True,17,https://storage.googleapis.com/pathology-hub-public-figures-830130787988/textbook_figures_web_v1/breast_atlas/breast_atlas_p0240_fig02_fig_11_12.jpeg
BREAST_001,Ductal carcinoma in situ,textbooks,Ductal carcinoma in situ comedo necrosis,True,18,https://storage.googleapis.com/pathology-hub-0/_asset_library/textbooks/Breast_Atlas/page_images/Breast_Atlas_page_0239.png
BREAST_002,"Invasive ductal carcinoma, NOS",who,"Invasive ductal carcinoma, NOS",True,1,https://tumourclassification.iarc.who.int/static/dzi/52/88/25522.jpg
BREAST_002,"Invasive ductal carcinoma, NOS",who,"Invasive ductal carcinoma, NOS",True,2,https://tumourclassification.iarc.who.int/static/dzi/52/88/27940.jpg
BREAST_002,"Invasive ductal carcinoma, NOS",who,"Invasive ductal carcinoma, NOS",True,3,https://tumourclassification.iarc.who.int/static/dzi/52/88/28181.jpg
BREAST_002,"Invasive ductal carcinoma, NOS",who,"Invasive ductal carcinoma, NOS",True,4,https://tumourclassification.iarc.who.int/static/dzi/52/88/28182.jpg
BREAST_002,"Invasive ductal carcinoma, NOS",who,"Invasive ductal carcinoma, NOS",True,5,https://storage.googleapis.com/pathology-hub-0/WHO/WHO_HTML/HN/Carcinoma_Ex_Pleomorphic_Adenoma.html
BREAST_002,"Invasive ductal carcinoma, NOS",pathout,"Invasive ductal carcinoma, NOS",True,1,https://www.pathologyoutlines.com/thumb/pancreasductalradwiki01.jpg
BREAST_002,"Invasive ductal carcinoma, NOS",pathout,"Invasive ductal carcinoma, NOS",True,2,https://www.pathologyoutlines.com/imgau/pancreasductalChengross01.jpg
BREAST_002,"Invasive ductal carcinoma, NOS",pathout,"Invasive ductal carcinoma, NOS",True,3,https://www.pathologyoutlines.com/imgau/pancreasductalChengross02.jpg
BREAST_002,"Invasive ductal carcinoma, NOS",pathout,"Invasive ductal carcinoma, NOS",True,4,https://www.pathologyoutlines.com/imgau/pancreasductalChen001.jpg
BREAST_002,"Invasive ductal carcinoma, NOS",textbooks,"Invasive ductal carcinoma, NOS",True,1,https://storage.googleapis.com/pathology-hub-public-figures-830130787988/textbook_figures_web_v1/breast_atlas/breast_atlas_p0061_fig01_fig_3_6.jpeg
BREAST_002,"Invasive ductal carcinoma, NOS",textbooks,"Invasive ductal carcinoma, NOS",True,2,https://storage.googleapis.com/pathology-hub-0/_asset_library/textbooks/Breast_Atlas/page_images/Breast_Atlas_page_0061.png
BREAST_002,"Invasive ductal carcinoma, NOS",textbooks,"Invasive ductal carcinoma, NOS",True,3,https://storage.googleapis.com/pathology-hub-public-figures-830130787988/textbook_figures_web_v1/breast_atlas/breast_atlas_p0062_fig01_fig_3_7.jpeg
BREAST_002,"Invasive ductal carcinoma, NOS",textbooks,"Invasive ductal carcinoma, NOS",True,4,https://storage.googleapis.com/pathology-hub-0/_asset_library/textbooks/Breast_Atlas/page_images/Breast_Atlas_page_0062.png
BREAST_002,"Invasive ductal carcinoma, NOS",textbooks,"Invasive ductal carcinoma, NOS",True,5,https://storage.googleapis.com/pathology-hub-public-figures-830130787988/textbook_figures_web_v1/breast_pattern/breast_pattern_p0177_fig02_unidentified.jpeg
BREAST_002,"Invasive ductal carcinoma, NOS",textbooks,"Invasive ductal carcinoma, NOS",True,6,https://storage.googleapis.com/pathology-hub-0/_asset_library/textbooks/Breast_Pattern/page_images/Breast_Pattern_page_0177.png
BREAST_002,"Invasive ductal carcinoma, NOS",textbooks,"Invasive ductal carcinoma, NOS",True,7,https://storage.googleapis.com/pathology-hub-public-figures-830130787988/textbook_figures_web_v1/breast_pattern/breast_pattern_p0177_fig01_fig_9_1d.jpeg
BREAST_002,"Invasive ductal carcinoma, NOS",textbooks,"Invasive ductal carcinoma, NOS",True,8,https://storage.googleapis.com/pathology-hub-public-figures-830130787988/textbook_figures_web_v1/breast_pattern/breast_pattern_p0210_fig02_unidentified.jpeg
BREAST_002,"Invasive ductal carcinoma, NOS",textbooks,"Invasive ductal carcinoma, NOS",True,9,https://storage.googleapis.com/pathology-hub-0/_asset_library/textbooks/Breast_Pattern/page_images/Breast_Pattern_page_0210.png
BREAST_002,"Invasive ductal carcinoma, NOS",textbooks,"Invasive ductal carcinoma, NOS",True,10,https://storage.googleapis.com/pathology-hub-public-figures-830130787988/textbook_figures_web_v1/breast_pattern/breast_pattern_p0210_fig01_fig_9_50.jpeg
BREAST_002,"Invasive ductal carcinoma, NOS",textbooks,"Invasive ductal carcinoma, NOS",True,11,https://storage.googleapis.com/pathology-hub-public-figures-830130787988/textbook_figures_web_v1/breast_atlas/breast_atlas_p0061_fig02_unidentified.jpeg
BREAST_002,"Invasive ductal carcinoma, NOS",textbooks,"Invasive ductal carcinoma, NOS",True,12,https://storage.googleapis.com/pathology-hub-public-figures-830130787988/textbook_figures_web_v1/breast_atlas/breast_atlas_p0062_fig02_unidentified.jpeg
BREAST_002,"Invasive ductal carcinoma, NOS",textbooks,"Invasive ductal carcinoma, NOS",True,13,https://pathology-hub-v04-v0-2-staging-vorn5q2kga-uc.a.run.app/figures/textbook?u=Z3M6Ly9wYXRob2xvZ3lfaHViLzAxX3N0YWdlZC90ZXh0Ym9va3MvYXNzZXRzL2ZpZ3VyZV9pbWFnZXMvYnJlYXN0X2ZhcS9icmVhc3RfZmFxX3AwMDM2X2ZpZzAxX3VuaWRlbnRpZmllZC5qcGVn&exp=1783364271&sig=d5d899a89f3a0669abf0f5b41725cd11910628171abc1b16ccf2beaaddf16e49
BREAST_002,"Invasive ductal carcinoma, NOS",textbooks,"Invasive ductal carcinoma, NOS",True,14,https://storage.googleapis.com/pathology-hub-0/_asset_library/textbooks/Breast_FAQ/page_images/Breast_FAQ_page_0036.png
BREAST_002,"Invasive ductal carcinoma, NOS",textbooks,"Invasive ductal carcinoma, NOS",True,15,https://storage.googleapis.com/pathology-hub-public-figures-830130787988/textbook_figures_web_v1/breast_pattern/breast_pattern_p0177_fig03_unidentified.jpeg
BREAST_002,"Invasive ductal carcinoma, NOS",textbooks,"Invasive ductal carcinoma, NOS",True,16,https://storage.googleapis.com/pathology-hub-0/_asset_library/textbooks/Breast_Pattern/page_images/Breast_Pattern_page_0189.png
BREAST_002,"Invasive ductal carcinoma, NOS",textbooks,"Invasive ductal carcinoma, NOS",True,17,https://storage.googleapis.com/pathology-hub-0/_asset_library/textbooks/Breast_Pattern/page_images/Breast_Pattern_page_0186.png
BREAST_002,"Invasive ductal carcinoma, NOS",textbooks,"Invasive ductal carcinoma, NOS",True,18,https://storage.googleapis.com/pathology-hub-0/_asset_library/textbooks/Breast_Pattern/page_images/Breast_Pattern_page_0207.png
BREAST_002,"Invasive ductal carcinoma, NOS",who,IDC,True,1,https://tumourclassification.iarc.who.int/static/dzi/65/137/33139.jpg
BREAST_002,"Invasive ductal carcinoma, NOS",who,IDC,True,2,https://tumourclassification.iarc.who.int/static/dzi/65/137/33140.jpg
BREAST_002,"Invasive ductal carcinoma, NOS",who,IDC,True,3,https://tumourclassification.iarc.who.int/static/dzi/65/137/33141.jpg
BREAST_002,"Invasive ductal carcinoma, NOS",who,IDC,True,4,https://tumourclassification.iarc.who.int/static/dzi/65/137/33142.jpg
BREAST_002,"Invasive ductal carcinoma, NOS",who,IDC,True,5,https://storage.googleapis.com/pathology-hub-0/WHO/WHO_HTML/EYE/Intraductal_Carcinoma.html
BREAST_002,"Invasive ductal carcinoma, NOS",who,IDC,True,6,https://storage.googleapis.com/pathology-hub-0/WHO/WHO_HTML/GU/High_Grade_Prostatic_Intraepithelial_Neoplasia.html
BREAST_002,"Invasive ductal carcinoma, NOS",pathout,IDC,True,1,https://www.pathologyoutlines.com/imgau/breastcalcificationUdoh01.jpg
BREAST_002,"Invasive ductal carcinoma, NOS",pathout,IDC,True,2,https://www.pathologyoutlines.com/imgau/breastcalcificationUdoh02.jpg
BREAST_002,"Invasive ductal carcinoma, NOS",pathout,IDC,True,3,https://www.pathologyoutlines.com/imgau/breastcalcificationUdoh03.jpg
BREAST_002,"Invasive ductal carcinoma, NOS",pathout,IDC,True,4,https://www.pathologyoutlines.com/imgau/breastcalcificationUdoh04.jpg
BREAST_002,"Invasive ductal carcinoma, NOS",textbooks,IDC,True,1,https://storage.googleapis.com/pathology-hub-public-figures-830130787988/textbook_figures_web_v1/breast_faq/breast_faq_p0031_fig02_fig_1_15a.jpeg
BREAST_002,"Invasive ductal carcinoma, NOS",textbooks,IDC,True,2,https://storage.googleapis.com/pathology-hub-0/_asset_library/textbooks/Breast_FAQ/page_images/Breast_FAQ_page_0031.png
BREAST_002,"Invasive ductal carcinoma, NOS",textbooks,IDC,True,3,https://storage.googleapis.com/pathology-hub-public-figures-830130787988/textbook_figures_web_v1/cyto_milan/cyto_milan_p0190_fig01_fig_8_9.jpeg
BREAST_002,"Invasive ductal carcinoma, NOS",textbooks,IDC,True,4,https://storage.googleapis.com/pathology-hub-0/_asset_library/textbooks/Cyto_Milan/page_images/Cyto_Milan_page_0190.png
BREAST_002,"Invasive ductal carcinoma, NOS",textbooks,IDC,True,5,https://storage.googleapis.com/pathology-hub-public-figures-830130787988/textbook_figures_web_v1/molecular_vasef/molecular_vasef_p0478_fig01_unidentified.jpeg
BREAST_002,"Invasive ductal carcinoma, NOS",textbooks,IDC,True,6,https://storage.googleapis.com/pathology-hub-0/_asset_library/textbooks/Molecular_Vasef/page_images/Molecular_Vasef_page_0478.png
BREAST_002,"Invasive ductal carcinoma, NOS",textbooks,IDC,True,7,https://storage.googleapis.com/pathology-hub-public-figures-830130787988/textbook_figures_web_v1/breast_faq/breast_faq_p0033_fig01_fig_1_15.jpeg
BREAST_002,"Invasive ductal carcinoma, NOS",textbooks,IDC,True,8,https://storage.googleapis.com/pathology-hub-0/_asset_library/textbooks/Breast_FAQ/page_images/Breast_FAQ_page_0033.png
BREAST_002,"Invasive ductal carcinoma, NOS",textbooks,IDC,True,9,https://storage.googleapis.com/pathology-hub-public-figures-830130787988/textbook_figures_web_v1/breast_faq/breast_faq_p0163_fig01_fig_5_9.jpeg
BREAST_002,"Invasive ductal carcinoma, NOS",textbooks,IDC,True,10,https://storage.googleapis.com/pathology-hub-0/_asset_library/textbooks/Breast_FAQ/page_images/Breast_FAQ_page_0163.png
BREAST_002,"Invasive ductal carcinoma, NOS",textbooks,IDC,True,11,https://storage.googleapis.com/pathology-hub-public-figures-830130787988/textbook_figures_web_v1/breast_faq/breast_faq_p0164_fig01_fig_5_10.jpeg
BREAST_002,"Invasive ductal carcinoma, NOS",textbooks,IDC,True,12,https://storage.googleapis.com/pathology-hub-0/_asset_library/textbooks/Breast_FAQ/page_images/Breast_FAQ_page_0164.png
BREAST_002,"Invasive ductal carcinoma, NOS",textbooks,IDC,True,13,https://storage.googleapis.com/pathology-hub-public-figures-830130787988/textbook_figures_web_v1/breast_faq/breast_faq_p0031_fig01_fig_1_13.jpeg
BREAST_002,"Invasive ductal carcinoma, NOS",textbooks,IDC,True,14,https://storage.googleapis.com/pathology-hub-public-figures-830130787988/textbook_figures_web_v1/breast_faq/breast_faq_p0031_fig03_unidentified.jpeg
BREAST_002,"Invasive ductal carcinoma, NOS",textbooks,IDC,True,15,https://storage.googleapis.com/pathology-hub-public-figures-830130787988/textbook_figures_web_v1/breast_faq/breast_faq_p0031_fig04_unidentified.jpeg
BREAST_002,"Invasive ductal carcinoma, NOS",textbooks,IDC,True,16,https://storage.googleapis.com/pathology-hub-public-figures-830130787988/textbook_figures_web_v1/cyto_milan/cyto_milan_p0190_fig02_unidentified.jpeg
BREAST_002,"Invasive ductal carcinoma, NOS",textbooks,IDC,True,17,https://storage.googleapis.com/pathology-hub-0/_asset_library/textbooks/Gu_Prostate/page_images/Gu_Prostate_page_0086.png
BREAST_002,"Invasive ductal carcinoma, NOS",textbooks,IDC,True,18,https://storage.googleapis.com/pathology-hub-0/_asset_library/textbooks/Gu_Prostate/page_images/Gu_Prostate_page_0088.png
BREAST_002,"Invasive ductal carcinoma, NOS",who,"Invasive ductal carcinoma, NOS breast",True,1,https://tumourclassification.iarc.who.int/static/dzi/65/140/38142.jpg
BREAST_002,"Invasive ductal carcinoma, NOS",who,"Invasive ductal carcinoma, NOS breast",True,2,https://tumourclassification.iarc.who.int/static/dzi/65/140/38143.jpg
BREAST_002,"Invasive ductal carcinoma, NOS",who,"Invasive ductal carcinoma, NOS breast",True,3,https://tumourclassification.iarc.who.int/static/dzi/65/140/38144.jpg
BREAST_002,"Invasive ductal carcinoma, NOS",who,"Invasive ductal carcinoma, NOS breast",True,4,https://tumourclassification.iarc.who.int/static/dzi/65/140/38145.jpg
BREAST_002,"Invasive ductal carcinoma, NOS",who,"Invasive ductal carcinoma, NOS breast",True,5,https://storage.googleapis.com/pathology-hub-0/WHO/WHO_HTML/SKIN/Adnexal_Adenocarcinoma_Nos.html
BREAST_002,"Invasive ductal carcinoma, NOS",who,"Invasive ductal carcinoma, NOS breast",True,6,https://storage.googleapis.com/pathology-hub-0/WHO/WHO_HTML/HN/Salivary_Gland_Carcinoma_Nos.html
BREAST_002,"Invasive ductal carcinoma, NOS",who,"Invasive ductal carcinoma, NOS breast",True,7,https://storage.googleapis.com/pathology-hub-0/WHO/WHO_HTML/BREAST/Invasive_Papillary_Carcinoma.html
BREAST_002,"Invasive ductal carcinoma, NOS",who,"Invasive ductal carcinoma, NOS breast",True,8,https://storage.googleapis.com/pathology-hub-0/WHO/WHO_HTML/GU/Squamous_Cell_Carcinoma_Nos.html
BREAST_002,"Invasive ductal carcinoma, NOS",who,"Invasive ductal carcinoma, NOS breast",True,9,https://storage.googleapis.com/pathology-hub-0/WHO/WHO_HTML/EYE/Primary_Ductal_Adenocarcinoma_Of_The_Lacrimal_Gland.html
BREAST_002,"Invasive ductal carcinoma, NOS",pathout,"Invasive ductal carcinoma, NOS breast",True,1,https://www.pathologyoutlines.com/imgau/breastmalignantmedullaryjorns01.jpg
BREAST_002,"Invasive ductal carcinoma, NOS",pathout,"Invasive ductal carcinoma, NOS breast",True,2,https://www.pathologyoutlines.com/wick/breast/medullarybreastcarcinomamam.jpg
BREAST_002,"Invasive ductal carcinoma, NOS",pathout,"Invasive ductal carcinoma, NOS breast",True,3,https://www.pathologyoutlines.com/wick/breast/medullarycarcinomamam2.jpg
BREAST_002,"Invasive ductal carcinoma, NOS",pathout,"Invasive ductal carcinoma, NOS breast",True,4,https://www.pathologyoutlines.com/wick/breast/medullarybreastcarcinomagross6.jpg
BREAST_002,"Invasive ductal carcinoma, NOS",textbooks,"Invasive ductal carcinoma, NOS breast",True,1,https://storage.googleapis.com/pathology-hub-public-figures-830130787988/textbook_figures_web_v1/breast_atlas/breast_atlas_p0061_fig01_fig_3_6.jpeg
BREAST_002,"Invasive ductal carcinoma, NOS",textbooks,"Invasive ductal carcinoma, NOS breast",True,2,https://storage.googleapis.com/pathology-hub-0/_asset_library/textbooks/Breast_Atlas/page_images/Breast_Atlas_page_0061.png
BREAST_002,"Invasive ductal carcinoma, NOS",textbooks,"Invasive ductal carcinoma, NOS breast",True,3,https://storage.googleapis.com/pathology-hub-public-figures-830130787988/textbook_figures_web_v1/breast_atlas/breast_atlas_p0062_fig01_fig_3_7.jpeg
BREAST_002,"Invasive ductal carcinoma, NOS",textbooks,"Invasive ductal carcinoma, NOS breast",True,4,https://storage.googleapis.com/pathology-hub-0/_asset_library/textbooks/Breast_Atlas/page_images/Breast_Atlas_page_0062.png
BREAST_002,"Invasive ductal carcinoma, NOS",textbooks,"Invasive ductal carcinoma, NOS breast",True,5,https://storage.googleapis.com/pathology-hub-public-figures-830130787988/textbook_figures_web_v1/breast_pattern/breast_pattern_p0177_fig02_unidentified.jpeg
BREAST_002,"Invasive ductal carcinoma, NOS",textbooks,"Invasive ductal carcinoma, NOS breast",True,6,https://storage.googleapis.com/pathology-hub-0/_asset_library/textbooks/Breast_Pattern/page_images/Breast_Pattern_page_0177.png
BREAST_002,"Invasive ductal carcinoma, NOS",textbooks,"Invasive ductal carcinoma, NOS breast",True,7,https://storage.googleapis.com/pathology-hub-public-figures-830130787988/textbook_figures_web_v1/breast_pattern/breast_pattern_p0177_fig01_fig_9_1d.jpeg
BREAST_002,"Invasive ductal carcinoma, NOS",textbooks,"Invasive ductal carcinoma, NOS breast",True,8,https://storage.googleapis.com/pathology-hub-public-figures-830130787988/textbook_figures_web_v1/breast_faq/breast_faq_p0040_fig02_fig_2_2a.jpeg
BREAST_002,"Invasive ductal carcinoma, NOS",textbooks,"Invasive ductal carcinoma, NOS breast",True,9,https://storage.googleapis.com/pathology-hub-0/_asset_library/textbooks/Breast_FAQ/page_images/Breast_FAQ_page_0040.png
BREAST_002,"Invasive ductal carcinoma, NOS",textbooks,"Invasive ductal carcinoma, NOS breast",True,10,https://storage.googleapis.com/pathology-hub-public-figures-830130787988/textbook_figures_web_v1/breast_atlas/breast_atlas_p0061_fig02_unidentified.jpeg
BREAST_002,"Invasive ductal carcinoma, NOS",textbooks,"Invasive ductal carcinoma, NOS breast",True,11,https://pathology-hub-v04-v0-2-staging-vorn5q2kga-uc.a.run.app/figures/textbook?u=Z3M6Ly9wYXRob2xvZ3lfaHViLzAxX3N0YWdlZC90ZXh0Ym9va3MvYXNzZXRzL2ZpZ3VyZV9pbWFnZXMvYnJlYXN0X2ZhcS9icmVhc3RfZmFxX3AwMDM2X2ZpZzAxX3VuaWRlbnRpZmllZC5qcGVn&exp=1783364278&sig=5b895b676f6412123c7cc385aee70fb3a6277ac84b60ac2eac37fcd40ebdddbe
BREAST_002,"Invasive ductal carcinoma, NOS",textbooks,"Invasive ductal carcinoma, NOS breast",True,12,https://storage.googleapis.com/pathology-hub-0/_asset_library/textbooks/Breast_FAQ/page_images/Breast_FAQ_page_0036.png
BREAST_002,"Invasive ductal carcinoma, NOS",textbooks,"Invasive ductal carcinoma, NOS breast",True,13,https://storage.googleapis.com/pathology-hub-public-figures-830130787988/textbook_figures_web_v1/breast_atlas/breast_atlas_p0062_fig02_unidentified.jpeg
BREAST_002,"Invasive ductal carcinoma, NOS",textbooks,"Invasive ductal carcinoma, NOS breast",True,14,https://storage.googleapis.com/pathology-hub-public-figures-830130787988/textbook_figures_web_v1/breast_pattern/breast_pattern_p0177_fig03_unidentified.jpeg
BREAST_002,"Invasive ductal carcinoma, NOS",textbooks,"Invasive ductal carcinoma, NOS breast",True,15,https://storage.googleapis.com/pathology-hub-public-figures-830130787988/textbook_figures_web_v1/breast_pattern/breast_pattern_p0177_fig04_unidentified.jpeg
BREAST_002,"Invasive ductal carcinoma, NOS",textbooks,"Invasive ductal carcinoma, NOS breast",True,16,https://storage.googleapis.com/pathology-hub-0/_asset_library/textbooks/Breast_Pattern/page_images/Breast_Pattern_page_0189.png
BREAST_002,"Invasive ductal carcinoma, NOS",textbooks,"Invasive ductal carcinoma, NOS breast",True,17,https://storage.googleapis.com/pathology-hub-0/_asset_library/textbooks/Breast_Pattern/page_images/Breast_Pattern_page_0186.png
BREAST_002,"Invasive ductal carcinoma, NOS",textbooks,"Invasive ductal carcinoma, NOS breast",True,18,https://storage.googleapis.com/pathology-hub-0/_asset_library/textbooks/Breast_FAQ/page_images/Breast_FAQ_page_0038.png
BREAST_002,"Invasive ductal carcinoma, NOS",textbooks,"Invasive ductal carcinoma, NOS breast",True,19,https://storage.googleapis.com/pathology-hub-0/_asset_library/textbooks/Breast_Pattern/page_images/Breast_Pattern_page_0207.png
BREAST_002,"Invasive ductal carcinoma, NOS",who,"Invasive ductal carcinoma, NOS Nottingham grade",True,1,https://tumourclassification.iarc.who.int/static/dzi/65/140/38142.jpg
BREAST_002,"Invasive ductal carcinoma, NOS",who,"Invasive ductal carcinoma, NOS Nottingham grade",True,2,https://tumourclassification.iarc.who.int/static/dzi/65/140/38143.jpg
BREAST_002,"Invasive ductal carcinoma, NOS",who,"Invasive ductal carcinoma, NOS Nottingham grade",True,3,https://tumourclassification.iarc.who.int/static/dzi/65/140/38144.jpg
BREAST_002,"Invasive ductal carcinoma, NOS",who,"Invasive ductal carcinoma, NOS Nottingham grade",True,4,https://tumourclassification.iarc.who.int/static/dzi/65/140/38145.jpg
BREAST_002,"Invasive ductal carcinoma, NOS",who,"Invasive ductal carcinoma, NOS Nottingham grade",True,5,https://storage.googleapis.com/pathology-hub-0/WHO/WHO_HTML/BREAST/Neuroendocrine_Carcinoma.html
BREAST_002,"Invasive ductal carcinoma, NOS",who,"Invasive ductal carcinoma, NOS Nottingham grade",True,6,https://storage.googleapis.com/pathology-hub-0/WHO/WHO_HTML/HN/Salivary_Gland_Carcinoma_Nos.html
BREAST_002,"Invasive ductal carcinoma, NOS",who,"Invasive ductal carcinoma, NOS Nottingham grade",True,7,https://storage.googleapis.com/pathology-hub-0/WHO/WHO_HTML/GU/Squamous_Cell_Carcinoma_Nos.html
BREAST_002,"Invasive ductal carcinoma, NOS",who,"Invasive ductal carcinoma, NOS Nottingham grade",True,8,https://storage.googleapis.com/pathology-hub-0/WHO/WHO_HTML/SKIN/Adnexal_Adenocarcinoma_Nos.html
BREAST_002,"Invasive ductal carcinoma, NOS",who,"Invasive ductal carcinoma, NOS Nottingham grade",True,9,https://storage.googleapis.com/pathology-hub-0/WHO/WHO_HTML/EYE/Primary_Ductal_Adenocarcinoma_Of_The_Lacrimal_Gland.html
BREAST_002,"Invasive ductal carcinoma, NOS",pathout,"Invasive ductal carcinoma, NOS Nottingham grade",True,1,https://www.pathologyoutlines.com/imgau/breastHER2lowhassell01.jpg
BREAST_002,"Invasive ductal carcinoma, NOS",pathout,"Invasive ductal carcinoma, NOS Nottingham grade",True,2,https://www.pathologyoutlines.com/imgau/breastHER2lowhassell02.jpg
BREAST_002,"Invasive ductal carcinoma, NOS",pathout,"Invasive ductal carcinoma, NOS Nottingham grade",True,3,https://www.pathologyoutlines.com/imgau/breastHER2lowhassell03.jpg
BREAST_002,"Invasive ductal carcinoma, NOS",pathout,"Invasive ductal carcinoma, NOS Nottingham grade",True,4,https://www.pathologyoutlines.com/imgau/breastHER2lowhassell04.jpg
BREAST_002,"Invasive ductal carcinoma, NOS",textbooks,"Invasive ductal carcinoma, NOS Nottingham grade",True,1,https://storage.googleapis.com/pathology-hub-public-figures-830130787988/textbook_figures_web_v1/breast_atlas/breast_atlas_p0061_fig01_fig_3_6.jpeg
BREAST_002,"Invasive ductal carcinoma, NOS",textbooks,"Invasive ductal carcinoma, NOS Nottingham grade",True,2,https://storage.googleapis.com/pathology-hub-0/_asset_library/textbooks/Breast_Atlas/page_images/Breast_Atlas_page_0061.png
BREAST_002,"Invasive ductal carcinoma, NOS",textbooks,"Invasive ductal carcinoma, NOS Nottingham grade",True,3,https://storage.googleapis.com/pathology-hub-public-figures-830130787988/textbook_figures_web_v1/breast_atlas/breast_atlas_p0062_fig01_fig_3_7.jpeg
BREAST_002,"Invasive ductal carcinoma, NOS",textbooks,"Invasive ductal carcinoma, NOS Nottingham grade",True,4,https://storage.googleapis.com/pathology-hub-0/_asset_library/textbooks/Breast_Atlas/page_images/Breast_Atlas_page_0062.png
BREAST_002,"Invasive ductal carcinoma, NOS",textbooks,"Invasive ductal carcinoma, NOS Nottingham grade",True,5,https://storage.googleapis.com/pathology-hub-public-figures-830130787988/textbook_figures_web_v1/breast_atlas/breast_atlas_p0358_fig01_fig_18_38.jpeg
BREAST_002,"Invasive ductal carcinoma, NOS",textbooks,"Invasive ductal carcinoma, NOS Nottingham grade",True,6,https://storage.googleapis.com/pathology-hub-0/_asset_library/textbooks/Breast_Atlas/page_images/Breast_Atlas_page_0358.png
BREAST_002,"Invasive ductal carcinoma, NOS",textbooks,"Invasive ductal carcinoma, NOS Nottingham grade",True,7,https://storage.googleapis.com/pathology-hub-public-figures-830130787988/textbook_figures_web_v1/breast_atlas/breast_atlas_p0084_fig01_fig_4_7.jpeg
BREAST_002,"Invasive ductal carcinoma, NOS",textbooks,"Invasive ductal carcinoma, NOS Nottingham grade",True,8,https://storage.googleapis.com/pathology-hub-0/_asset_library/textbooks/Breast_Atlas/page_images/Breast_Atlas_page_0084.png
BREAST_002,"Invasive ductal carcinoma, NOS",textbooks,"Invasive ductal carcinoma, NOS Nottingham grade",True,9,https://storage.googleapis.com/pathology-hub-public-figures-830130787988/textbook_figures_web_v1/breast_atlas/breast_atlas_p0084_fig02_fig_4_8.jpeg
BREAST_002,"Invasive ductal carcinoma, NOS",textbooks,"Invasive ductal carcinoma, NOS Nottingham grade",True,10,https://storage.googleapis.com/pathology-hub-public-figures-830130787988/textbook_figures_web_v1/breast_pattern/breast_pattern_p0179_fig01_fig_9_3.jpeg
BREAST_002,"Invasive ductal carcinoma, NOS",textbooks,"Invasive ductal carcinoma, NOS Nottingham grade",True,11,https://storage.googleapis.com/pathology-hub-0/_asset_library/textbooks/Breast_Pattern/page_images/Breast_Pattern_page_0179.png
BREAST_002,"Invasive ductal carcinoma, NOS",textbooks,"Invasive ductal carcinoma, NOS Nottingham grade",True,12,https://storage.googleapis.com/pathology-hub-public-figures-830130787988/textbook_figures_web_v1/breast_atlas/breast_atlas_p0061_fig02_unidentified.jpeg
BREAST_002,"Invasive ductal carcinoma, NOS",textbooks,"Invasive ductal carcinoma, NOS Nottingham grade",True,13,https://storage.googleapis.com/pathology-hub-public-figures-830130787988/textbook_figures_web_v1/breast_atlas/breast_atlas_p0062_fig02_unidentified.jpeg
BREAST_002,"Invasive ductal carcinoma, NOS",textbooks,"Invasive ductal carcinoma, NOS Nottingham grade",True,14,https://storage.googleapis.com/pathology-hub-public-figures-830130787988/textbook_figures_web_v1/breast_atlas/breast_atlas_p0358_fig02_fig_18_39.jpeg
BREAST_002,"Invasive ductal carcinoma, NOS",textbooks,"Invasive ductal carcinoma, NOS Nottingham grade",True,15,https://storage.googleapis.com/pathology-hub-public-figures-830130787988/textbook_figures_web_v1/breast_atlas/breast_atlas_p0084_fig03_unidentified.jpeg
BREAST_002,"Invasive ductal carcinoma, NOS",textbooks,"Invasive ductal carcinoma, NOS Nottingham grade",True,16,https://storage.googleapis.com/pathology-hub-0/_asset_library/textbooks/Breast_Biopsy/page_images/Breast_Biopsy_page_0350.png
BREAST_002,"Invasive ductal carcinoma, NOS",textbooks,"Invasive ductal carcinoma, NOS Nottingham grade",True,17,https://storage.googleapis.com/pathology-hub-0/_asset_library/textbooks/Cyto_Breast_Yokohama/page_images/Cyto_Breast_Yokohama_page_0094.png
BREAST_003,Lobular carcinoma in situ,who,Lobular carcinoma in situ,True,1,https://storage.googleapis.com/pathology-hub-0/WHO/WHO_PICS/BREAST/1694.jpg
BREAST_003,Lobular carcinoma in situ,who,Lobular carcinoma in situ,True,2,https://storage.googleapis.com/pathology-hub-0/WHO/WHO_PICS/BREAST/1695.jpg
BREAST_003,Lobular carcinoma in situ,who,Lobular carcinoma in situ,True,3,https://storage.googleapis.com/pathology-hub-0/WHO/WHO_PICS/BREAST/1696.jpg
BREAST_003,Lobular carcinoma in situ,who,Lobular carcinoma in situ,True,4,https://storage.googleapis.com/pathology-hub-0/WHO/WHO_PICS/BREAST/0_0.jpeg
BREAST_003,Lobular carcinoma in situ,who,Lobular carcinoma in situ,True,5,https://storage.googleapis.com/pathology-hub-0/WHO/WHO_HTML/BREAST/Carcinoma_In_Situ.html
BREAST_003,Lobular carcinoma in situ,who,Lobular carcinoma in situ,True,6,https://storage.googleapis.com/pathology-hub-0/WHO/WHO_HTML/GYN/Adenocarcinoma_In_Situ_Hpv_Independent_Of_The_Uterine_Cervix.html
BREAST_003,Lobular carcinoma in situ,who,Lobular carcinoma in situ,True,7,https://storage.googleapis.com/pathology-hub-0/WHO/WHO_HTML/SKIN/Adenocarcinoma_Of_Mammary_Gland_Type.html
BREAST_003,Lobular carcinoma in situ,who,Lobular carcinoma in situ,True,8,https://storage.googleapis.com/pathology-hub-0/WHO/WHO_HTML/BREAST/Cdh1_Associated_Breast_Cancer.html
BREAST_003,Lobular carcinoma in situ,pathout,Lobular carcinoma in situ,True,1,https://www.pathologyoutlines.com/thumb/breastmalignantpleolcis_diagram1.jpg
BREAST_003,Lobular carcinoma in situ,pathout,Lobular carcinoma in situ,True,2,https://www.pathologyoutlines.com/thumb/breastmalignantpleolcis_diagram2.jpg
BREAST_003,Lobular carcinoma in situ,pathout,Lobular carcinoma in situ,True,3,https://www.pathologyoutlines.com/thumb/breastmalignantpleolcis_radio1.jpg
BREAST_003,Lobular carcinoma in situ,pathout,Lobular carcinoma in situ,True,4,https://www.pathologyoutlines.com/thumb/breastmalignantpleolcis_radio2.jpg
BREAST_003,Lobular carcinoma in situ,textbooks,Lobular carcinoma in situ,True,1,https://storage.googleapis.com/pathology-hub-public-figures-830130787988/textbook_figures_web_v1/breast_atlas/breast_atlas_p0256_fig01_fig_13_13.jpeg
BREAST_003,Lobular carcinoma in situ,textbooks,Lobular carcinoma in situ,True,2,https://storage.googleapis.com/pathology-hub-0/_asset_library/textbooks/Breast_Atlas/page_images/Breast_Atlas_page_0256.png
BREAST_003,Lobular carcinoma in situ,textbooks,Lobular carcinoma in situ,True,3,https://storage.googleapis.com/pathology-hub-public-figures-830130787988/textbook_figures_web_v1/breast_atlas/breast_atlas_p0255_fig01_fig_13_12.jpeg
BREAST_003,Lobular carcinoma in situ,textbooks,Lobular carcinoma in situ,True,4,https://storage.googleapis.com/pathology-hub-0/_asset_library/textbooks/Breast_Atlas/page_images/Breast_Atlas_page_0255.png
BREAST_003,Lobular carcinoma in situ,textbooks,Lobular carcinoma in situ,True,5,https://storage.googleapis.com/pathology-hub-public-figures-830130787988/textbook_figures_web_v1/breast_atlas/breast_atlas_p0256_fig02_fig_13_14.jpeg
BREAST_003,Lobular carcinoma in situ,textbooks,Lobular carcinoma in situ,True,6,https://storage.googleapis.com/pathology-hub-public-figures-830130787988/textbook_figures_web_v1/breast_atlas/breast_atlas_p0251_fig03_fig_13_3.jpeg
BREAST_003,Lobular carcinoma in situ,textbooks,Lobular carcinoma in situ,True,7,https://storage.googleapis.com/pathology-hub-0/_asset_library/textbooks/Breast_Atlas/page_images/Breast_Atlas_page_0251.png
BREAST_003,Lobular carcinoma in situ,textbooks,Lobular carcinoma in situ,True,8,https://storage.googleapis.com/pathology-hub-public-figures-830130787988/textbook_figures_web_v1/breast_biopsy/breast_biopsy_p0167_fig01_figure_5_19.jpeg
BREAST_003,Lobular carcinoma in situ,textbooks,Lobular carcinoma in situ,True,9,https://storage.googleapis.com/pathology-hub-0/_asset_library/textbooks/Breast_Biopsy/page_images/Breast_Biopsy_page_0167.png
BREAST_003,Lobular carcinoma in situ,textbooks,Lobular carcinoma in situ,True,10,https://storage.googleapis.com/pathology-hub-public-figures-830130787988/textbook_figures_web_v1/breast_atlas/breast_atlas_p0251_fig01_fig_13_1.jpeg
BREAST_003,Lobular carcinoma in situ,textbooks,Lobular carcinoma in situ,True,11,https://storage.googleapis.com/pathology-hub-public-figures-830130787988/textbook_figures_web_v1/breast_biopsy/breast_biopsy_p0159_fig01_figure_5_13.jpeg
BREAST_003,Lobular carcinoma in situ,textbooks,Lobular carcinoma in situ,True,12,https://storage.googleapis.com/pathology-hub-0/_asset_library/textbooks/Breast_Biopsy/page_images/Breast_Biopsy_page_0159.png
BREAST_003,Lobular carcinoma in situ,textbooks,Lobular carcinoma in situ,True,13,https://storage.googleapis.com/pathology-hub-public-figures-830130787988/textbook_figures_web_v1/breast_atlas/breast_atlas_p0255_fig02_fig_13_13.jpeg
BREAST_003,Lobular carcinoma in situ,textbooks,Lobular carcinoma in situ,True,14,https://storage.googleapis.com/pathology-hub-public-figures-830130787988/textbook_figures_web_v1/breast_atlas/breast_atlas_p0251_fig02_fig_13_2.jpeg
BREAST_003,Lobular carcinoma in situ,textbooks,Lobular carcinoma in situ,True,15,https://storage.googleapis.com/pathology-hub-public-figures-830130787988/textbook_figures_web_v1/breast_atlas/breast_atlas_p0251_fig04_fig_13_4.jpeg
BREAST_003,Lobular carcinoma in situ,textbooks,Lobular carcinoma in situ,True,16,https://storage.googleapis.com/pathology-hub-0/_asset_library/textbooks/Breast_Atlas/page_images/Breast_Atlas_page_0250.png
BREAST_003,Lobular carcinoma in situ,textbooks,Lobular carcinoma in situ,True,17,https://storage.googleapis.com/pathology-hub-0/_asset_library/textbooks/Breast_Atlas/page_images/Breast_Atlas_page_0254.png
BREAST_003,Lobular carcinoma in situ,who,LCIS,True,1,https://storage.googleapis.com/pathology-hub-0/WHO/WHO_PICS/BREAST/1694.jpg
BREAST_003,Lobular carcinoma in situ,who,LCIS,True,2,https://storage.googleapis.com/pathology-hub-0/WHO/WHO_PICS/BREAST/1695.jpg
BREAST_003,Lobular carcinoma in situ,who,LCIS,True,3,https://storage.googleapis.com/pathology-hub-0/WHO/WHO_PICS/BREAST/1696.jpg
BREAST_003,Lobular carcinoma in situ,who,LCIS,True,4,https://storage.googleapis.com/pathology-hub-0/WHO/WHO_PICS/BREAST/0_0.jpeg
BREAST_003,Lobular carcinoma in situ,who,LCIS,True,5,https://storage.googleapis.com/pathology-hub-0/WHO/WHO_HTML/BREAST/Carcinoma_In_Situ.html
BREAST_003,Lobular carcinoma in situ,pathout,LCIS,True,1,https://www.pathologyoutlines.com/thumb/breastmalignantpleolcis_diagram1.jpg
BREAST_003,Lobular carcinoma in situ,pathout,LCIS,True,2,https://www.pathologyoutlines.com/thumb/breastmalignantpleolcis_diagram2.jpg
BREAST_003,Lobular carcinoma in situ,pathout,LCIS,True,3,https://www.pathologyoutlines.com/thumb/breastmalignantpleolcis_radio1.jpg
BREAST_003,Lobular carcinoma in situ,pathout,LCIS,True,4,https://www.pathologyoutlines.com/thumb/breastmalignantpleolcis_radio2.jpg
BREAST_003,Lobular carcinoma in situ,textbooks,LCIS,True,1,https://storage.googleapis.com/pathology-hub-public-figures-830130787988/textbook_figures_web_v1/breast_atlas/breast_atlas_p0254_fig01_fig_13_11.jpeg
BREAST_003,Lobular carcinoma in situ,textbooks,LCIS,True,2,https://storage.googleapis.com/pathology-hub-0/_asset_library/textbooks/Breast_Atlas/page_images/Breast_Atlas_page_0254.png
BREAST_003,Lobular carcinoma in situ,textbooks,LCIS,True,3,https://storage.googleapis.com/pathology-hub-public-figures-830130787988/textbook_figures_web_v1/breast_biopsy/breast_biopsy_p0167_fig01_figure_5_19.jpeg
BREAST_003,Lobular carcinoma in situ,textbooks,LCIS,True,4,https://storage.googleapis.com/pathology-hub-0/_asset_library/textbooks/Breast_Biopsy/page_images/Breast_Biopsy_page_0167.png
BREAST_003,Lobular carcinoma in situ,textbooks,LCIS,True,5,https://storage.googleapis.com/pathology-hub-public-figures-830130787988/textbook_figures_web_v1/breast_atlas/breast_atlas_p0256_fig02_fig_13_14.jpeg
BREAST_003,Lobular carcinoma in situ,textbooks,LCIS,True,6,https://storage.googleapis.com/pathology-hub-0/_asset_library/textbooks/Breast_Atlas/page_images/Breast_Atlas_page_0256.png
BREAST_003,Lobular carcinoma in situ,textbooks,LCIS,True,7,https://storage.googleapis.com/pathology-hub-public-figures-830130787988/textbook_figures_web_v1/breast_biopsy/breast_biopsy_p0154_fig01_figure_5_6.jpeg
BREAST_003,Lobular carcinoma in situ,textbooks,LCIS,True,8,https://storage.googleapis.com/pathology-hub-0/_asset_library/textbooks/Breast_Biopsy/page_images/Breast_Biopsy_page_0154.png
BREAST_003,Lobular carcinoma in situ,textbooks,LCIS,True,9,https://storage.googleapis.com/pathology-hub-public-figures-830130787988/textbook_figures_web_v1/breast_biopsy/breast_biopsy_p0160_fig02_figure_5_16.jpeg
BREAST_003,Lobular carcinoma in situ,textbooks,LCIS,True,10,https://storage.googleapis.com/pathology-hub-0/_asset_library/textbooks/Breast_Biopsy/page_images/Breast_Biopsy_page_0160.png
BREAST_003,Lobular carcinoma in situ,textbooks,LCIS,True,11,https://storage.googleapis.com/pathology-hub-public-figures-830130787988/textbook_figures_web_v1/breast_biopsy/breast_biopsy_p0154_fig02_fig_5_6.jpeg
BREAST_003,Lobular carcinoma in situ,textbooks,LCIS,True,12,https://storage.googleapis.com/pathology-hub-public-figures-830130787988/textbook_figures_web_v1/breast_biopsy/breast_biopsy_p0150_fig01_fig_5_1.jpeg
BREAST_003,Lobular carcinoma in situ,textbooks,LCIS,True,13,https://storage.googleapis.com/pathology-hub-0/_asset_library/textbooks/Breast_Biopsy/page_images/Breast_Biopsy_page_0150.png
BREAST_003,Lobular carcinoma in situ,textbooks,LCIS,True,14,https://storage.googleapis.com/pathology-hub-public-figures-830130787988/textbook_figures_web_v1/breast_atlas/breast_atlas_p0255_fig01_fig_13_12.jpeg
BREAST_003,Lobular carcinoma in situ,textbooks,LCIS,True,15,https://storage.googleapis.com/pathology-hub-0/_asset_library/textbooks/Breast_Atlas/page_images/Breast_Atlas_page_0255.png
BREAST_003,Lobular carcinoma in situ,textbooks,LCIS,True,16,https://storage.googleapis.com/pathology-hub-public-figures-830130787988/textbook_figures_web_v1/breast_atlas/breast_atlas_p0254_fig02_unidentified.jpeg
BREAST_003,Lobular carcinoma in situ,textbooks,LCIS,True,17,https://storage.googleapis.com/pathology-hub-public-figures-830130787988/textbook_figures_web_v1/breast_atlas/breast_atlas_p0254_fig03_unidentified.jpeg
BREAST_003,Lobular carcinoma in situ,textbooks,LCIS,True,18,https://storage.googleapis.com/pathology-hub-0/_asset_library/textbooks/Breast_Atlas/page_images/Breast_Atlas_page_0250.png
BREAST_003,Lobular carcinoma in situ,who,Lobular carcinoma in situ breast,True,1,https://storage.googleapis.com/pathology-hub-0/WHO/WHO_PICS/BREAST/1694.jpg
BREAST_003,Lobular carcinoma in situ,who,Lobular carcinoma in situ breast,True,2,https://storage.googleapis.com/pathology-hub-0/WHO/WHO_PICS/BREAST/1695.jpg
BREAST_003,Lobular carcinoma in situ,who,Lobular carcinoma in situ breast,True,3,https://storage.googleapis.com/pathology-hub-0/WHO/WHO_PICS/BREAST/1696.jpg
BREAST_003,Lobular carcinoma in situ,who,Lobular carcinoma in situ breast,True,4,https://storage.googleapis.com/pathology-hub-0/WHO/WHO_PICS/BREAST/0_0.jpeg
BREAST_003,Lobular carcinoma in situ,who,Lobular carcinoma in situ breast,True,5,https://storage.googleapis.com/pathology-hub-0/WHO/WHO_HTML/SKIN/Adenocarcinoma_Of_Mammary_Gland_Type.html
BREAST_003,Lobular carcinoma in situ,who,Lobular carcinoma in situ breast,True,6,https://storage.googleapis.com/pathology-hub-0/WHO/WHO_HTML/BREAST/Cowden_Syndrome.html
BREAST_003,Lobular carcinoma in situ,who,Lobular carcinoma in situ breast,True,7,https://storage.googleapis.com/pathology-hub-0/WHO/WHO_HTML/BREAST/Carcinoma_In_Situ.html
BREAST_003,Lobular carcinoma in situ,who,Lobular carcinoma in situ breast,True,8,https://storage.googleapis.com/pathology-hub-0/WHO/WHO_HTML/BREAST/Cdh1_Associated_Breast_Cancer.html
BREAST_003,Lobular carcinoma in situ,pathout,Lobular carcinoma in situ breast,True,1,https://www.pathologyoutlines.com/thumb/breastmalignantpleolcis_diagram1.jpg
BREAST_003,Lobular carcinoma in situ,pathout,Lobular carcinoma in situ breast,True,2,https://www.pathologyoutlines.com/thumb/breastmalignantpleolcis_diagram2.jpg
BREAST_003,Lobular carcinoma in situ,pathout,Lobular carcinoma in situ breast,True,3,https://www.pathologyoutlines.com/thumb/breastmalignantpleolcis_radio1.jpg
BREAST_003,Lobular carcinoma in situ,pathout,Lobular carcinoma in situ breast,True,4,https://www.pathologyoutlines.com/thumb/breastmalignantpleolcis_radio2.jpg
BREAST_003,Lobular carcinoma in situ,textbooks,Lobular carcinoma in situ breast,True,1,https://storage.googleapis.com/pathology-hub-public-figures-830130787988/textbook_figures_web_v1/breast_atlas/breast_atlas_p0256_fig02_fig_13_14.jpeg
BREAST_003,Lobular carcinoma in situ,textbooks,Lobular carcinoma in situ breast,True,2,https://storage.googleapis.com/pathology-hub-0/_asset_library/textbooks/Breast_Atlas/page_images/Breast_Atlas_page_0256.png
BREAST_003,Lobular carcinoma in situ,textbooks,Lobular carcinoma in situ breast,True,3,https://storage.googleapis.com/pathology-hub-public-figures-830130787988/textbook_figures_web_v1/breast_atlas/breast_atlas_p0256_fig01_fig_13_13.jpeg
BREAST_003,Lobular carcinoma in situ,textbooks,Lobular carcinoma in situ breast,True,4,https://storage.googleapis.com/pathology-hub-public-figures-830130787988/textbook_figures_web_v1/breast_atlas/breast_atlas_p0251_fig03_fig_13_3.jpeg
BREAST_003,Lobular carcinoma in situ,textbooks,Lobular carcinoma in situ breast,True,5,https://storage.googleapis.com/pathology-hub-0/_asset_library/textbooks/Breast_Atlas/page_images/Breast_Atlas_page_0251.png
BREAST_003,Lobular carcinoma in situ,textbooks,Lobular carcinoma in situ breast,True,6,https://storage.googleapis.com/pathology-hub-public-figures-830130787988/textbook_figures_web_v1/breast_biopsy/breast_biopsy_p0167_fig01_figure_5_19.jpeg
BREAST_003,Lobular carcinoma in situ,textbooks,Lobular carcinoma in situ breast,True,7,https://storage.googleapis.com/pathology-hub-0/_asset_library/textbooks/Breast_Biopsy/page_images/Breast_Biopsy_page_0167.png
BREAST_003,Lobular carcinoma in situ,textbooks,Lobular carcinoma in situ breast,True,8,https://storage.googleapis.com/pathology-hub-public-figures-830130787988/textbook_figures_web_v1/breast_atlas/breast_atlas_p0252_fig03_fig_13_7.jpeg
BREAST_003,Lobular carcinoma in situ,textbooks,Lobular carcinoma in situ breast,True,9,https://storage.googleapis.com/pathology-hub-0/_asset_library/textbooks/Breast_Atlas/page_images/Breast_Atlas_page_0252.png
BREAST_003,Lobular carcinoma in situ,textbooks,Lobular carcinoma in situ breast,True,10,https://storage.googleapis.com/pathology-hub-public-figures-830130787988/textbook_figures_web_v1/breast_atlas/breast_atlas_p0251_fig01_fig_13_1.jpeg
BREAST_003,Lobular carcinoma in situ,textbooks,Lobular carcinoma in situ breast,True,11,https://storage.googleapis.com/pathology-hub-public-figures-830130787988/textbook_figures_web_v1/breast_atlas/breast_atlas_p0069_fig01_fig_3_17.jpeg
BREAST_003,Lobular carcinoma in situ,textbooks,Lobular carcinoma in situ breast,True,12,https://storage.googleapis.com/pathology-hub-0/_asset_library/textbooks/Breast_Atlas/page_images/Breast_Atlas_page_0069.png
BREAST_003,Lobular carcinoma in situ,textbooks,Lobular carcinoma in situ breast,True,13,https://storage.googleapis.com/pathology-hub-public-figures-830130787988/textbook_figures_web_v1/breast_biopsy/breast_biopsy_p0287_fig01_figure_9_7.jpeg
BREAST_003,Lobular carcinoma in situ,textbooks,Lobular carcinoma in situ breast,True,14,https://storage.googleapis.com/pathology-hub-0/_asset_library/textbooks/Breast_Biopsy/page_images/Breast_Biopsy_page_0287.png
BREAST_003,Lobular carcinoma in situ,textbooks,Lobular carcinoma in situ breast,True,15,https://storage.googleapis.com/pathology-hub-public-figures-830130787988/textbook_figures_web_v1/breast_atlas/breast_atlas_p0251_fig02_fig_13_2.jpeg
BREAST_003,Lobular carcinoma in situ,textbooks,Lobular carcinoma in situ breast,True,16,https://storage.googleapis.com/pathology-hub-public-figures-830130787988/textbook_figures_web_v1/breast_atlas/breast_atlas_p0251_fig04_fig_13_4.jpeg
BREAST_003,Lobular carcinoma in situ,textbooks,Lobular carcinoma in situ breast,True,17,https://storage.googleapis.com/pathology-hub-0/_asset_library/textbooks/Breast_Atlas/page_images/Breast_Atlas_page_0250.png
BREAST_003,Lobular carcinoma in situ,textbooks,Lobular carcinoma in situ breast,True,18,https://storage.googleapis.com/pathology-hub-0/_asset_library/textbooks/Breast_Atlas/page_images/Breast_Atlas_page_0255.png
BREAST_003,Lobular carcinoma in situ,who,Lobular carcinoma in situ E-cadherin loss,True,1,https://storage.googleapis.com/pathology-hub-0/WHO/WHO_PICS/BREAST/1694.jpg
BREAST_003,Lobular carcinoma in situ,who,Lobular carcinoma in situ E-cadherin loss,True,2,https://storage.googleapis.com/pathology-hub-0/WHO/WHO_PICS/BREAST/1695.jpg
BREAST_003,Lobular carcinoma in situ,who,Lobular carcinoma in situ E-cadherin loss,True,3,https://storage.googleapis.com/pathology-hub-0/WHO/WHO_PICS/BREAST/1696.jpg
BREAST_003,Lobular carcinoma in situ,who,Lobular carcinoma in situ E-cadherin loss,True,4,https://storage.googleapis.com/pathology-hub-0/WHO/WHO_PICS/BREAST/0_0.jpeg
BREAST_003,Lobular carcinoma in situ,who,Lobular carcinoma in situ E-cadherin loss,True,5,https://storage.googleapis.com/pathology-hub-0/WHO/WHO_HTML/BREAST/Carcinoma_In_Situ.html
BREAST_003,Lobular carcinoma in situ,textbooks,Lobular carcinoma in situ E-cadherin loss,True,1,https://storage.googleapis.com/pathology-hub-public-figures-830130787988/textbook_figures_web_v1/breast_biopsy/breast_biopsy_p0163_fig01_fig_5_18.jpeg
BREAST_003,Lobular carcinoma in situ,textbooks,Lobular carcinoma in situ E-cadherin loss,True,2,https://storage.googleapis.com/pathology-hub-0/_asset_library/textbooks/Breast_Biopsy/page_images/Breast_Biopsy_page_0163.png
BREAST_003,Lobular carcinoma in situ,textbooks,Lobular carcinoma in situ E-cadherin loss,True,3,https://storage.googleapis.com/pathology-hub-public-figures-830130787988/textbook_figures_web_v1/breast_biopsy/breast_biopsy_p0160_fig02_figure_5_16.jpeg
BREAST_003,Lobular carcinoma in situ,textbooks,Lobular carcinoma in situ E-cadherin loss,True,4,https://storage.googleapis.com/pathology-hub-0/_asset_library/textbooks/Breast_Biopsy/page_images/Breast_Biopsy_page_0160.png
BREAST_003,Lobular carcinoma in situ,textbooks,Lobular carcinoma in situ E-cadherin loss,True,5,https://storage.googleapis.com/pathology-hub-public-figures-830130787988/textbook_figures_web_v1/breast_atlas/breast_atlas_p0256_fig02_fig_13_14.jpeg
BREAST_003,Lobular carcinoma in situ,textbooks,Lobular carcinoma in situ E-cadherin loss,True,6,https://storage.googleapis.com/pathology-hub-0/_asset_library/textbooks/Breast_Atlas/page_images/Breast_Atlas_page_0256.png
BREAST_003,Lobular carcinoma in situ,textbooks,Lobular carcinoma in situ E-cadherin loss,True,7,https://storage.googleapis.com/pathology-hub-public-figures-830130787988/textbook_figures_web_v1/molecular_vasef/molecular_vasef_p0678_fig02_unidentified.jpeg
BREAST_003,Lobular carcinoma in situ,textbooks,Lobular carcinoma in situ E-cadherin loss,True,8,https://storage.googleapis.com/pathology-hub-0/_asset_library/textbooks/Molecular_Vasef/page_images/Molecular_Vasef_page_0678.png
BREAST_003,Lobular carcinoma in situ,textbooks,Lobular carcinoma in situ E-cadherin loss,True,9,https://storage.googleapis.com/pathology-hub-public-figures-830130787988/textbook_figures_web_v1/breast_atlas/breast_atlas_p0315_fig02_fig_17_4.jpeg
BREAST_003,Lobular carcinoma in situ,textbooks,Lobular carcinoma in situ E-cadherin loss,True,10,https://storage.googleapis.com/pathology-hub-0/_asset_library/textbooks/Breast_Atlas/page_images/Breast_Atlas_page_0315.png
BREAST_003,Lobular carcinoma in situ,textbooks,Lobular carcinoma in situ E-cadherin loss,True,11,https://storage.googleapis.com/pathology-hub-public-figures-830130787988/textbook_figures_web_v1/breast_biopsy/breast_biopsy_p0302_fig01_figure_10_5.jpeg
BREAST_003,Lobular carcinoma in situ,textbooks,Lobular carcinoma in situ E-cadherin loss,True,12,https://storage.googleapis.com/pathology-hub-0/_asset_library/textbooks/Breast_Biopsy/page_images/Breast_Biopsy_page_0302.png
BREAST_003,Lobular carcinoma in situ,textbooks,Lobular carcinoma in situ E-cadherin loss,True,13,https://storage.googleapis.com/pathology-hub-public-figures-830130787988/textbook_figures_web_v1/breast_biopsy/breast_biopsy_p0160_fig01_figure_5_15.jpeg
BREAST_003,Lobular carcinoma in situ,textbooks,Lobular carcinoma in situ E-cadherin loss,True,14,https://storage.googleapis.com/pathology-hub-public-figures-830130787988/textbook_figures_web_v1/breast_atlas/breast_atlas_p0256_fig01_fig_13_13.jpeg
BREAST_003,Lobular carcinoma in situ,textbooks,Lobular carcinoma in situ E-cadherin loss,True,15,https://storage.googleapis.com/pathology-hub-public-figures-830130787988/textbook_figures_web_v1/molecular_vasef/molecular_vasef_p0678_fig01_unidentified.jpeg
BREAST_003,Lobular carcinoma in situ,textbooks,Lobular carcinoma in situ E-cadherin loss,True,16,https://storage.googleapis.com/pathology-hub-public-figures-830130787988/textbook_figures_web_v1/molecular_vasef/molecular_vasef_p0678_fig03_unidentified.jpeg
BREAST_003,Lobular carcinoma in situ,textbooks,Lobular carcinoma in situ E-cadherin loss,True,17,https://storage.googleapis.com/pathology-hub-0/_asset_library/textbooks/Breast_Biopsy/page_images/Breast_Biopsy_page_0168.png
BREAST_003,Lobular carcinoma in situ,textbooks,Lobular carcinoma in situ E-cadherin loss,True,18,https://storage.googleapis.com/pathology-hub-0/_asset_library/textbooks/Breast_Biopsy/page_images/Breast_Biopsy_page_0166.png
BREAST_004,Radial scar,who,Radial scar,True,1,https://storage.googleapis.com/pathology-hub-0/WHO/WHO_PICS/BREAST/2047.jpg
BREAST_004,Radial scar,who,Radial scar,True,2,https://storage.googleapis.com/pathology-hub-0/WHO/WHO_PICS/BREAST/2048.jpg
BREAST_004,Radial scar,who,Radial scar,True,3,https://storage.googleapis.com/pathology-hub-0/WHO/WHO_PICS/BREAST/2049.jpg
BREAST_004,Radial scar,who,Radial scar,True,4,https://storage.googleapis.com/pathology-hub-0/WHO/WHO_PICS/BREAST/2050.jpg
BREAST_004,Radial scar,who,Radial scar,True,5,https://storage.googleapis.com/pathology-hub-0/WHO/WHO_HTML/BREAST/Radial_Scar_Complex_Sclerosing_Lesion.html
BREAST_004,Radial scar,pathout,Radial scar,True,1,https://www.pathologyoutlines.com/imgau/breastradialscar_radioMuller01.jpg
BREAST_004,Radial scar,pathout,Radial scar,True,2,https://www.pathologyoutlines.com/imgau/breastradialscar_radioMuller02.jpg
BREAST_004,Radial scar,pathout,Radial scar,True,3,https://www.pathologyoutlines.com/images/mammary/PLI.jpg
BREAST_004,Radial scar,pathout,Radial scar,True,4,https://www.pathologyoutlines.com/imgau/breastradialscar_microMuller01.jpg
BREAST_004,Radial scar,textbooks,Radial scar,True,1,https://storage.googleapis.com/pathology-hub-public-figures-830130787988/textbook_figures_web_v1/breast_atlas/breast_atlas_p0150_fig01_fig_7_59.jpeg
BREAST_004,Radial scar,textbooks,Radial scar,True,2,https://storage.googleapis.com/pathology-hub-0/_asset_library/textbooks/Breast_Atlas/page_images/Breast_Atlas_page_0150.png
BREAST_004,Radial scar,textbooks,Radial scar,True,3,https://storage.googleapis.com/pathology-hub-public-figures-830130787988/textbook_figures_web_v1/breast_atlas/breast_atlas_p0147_fig01_fig_7_48.jpeg
BREAST_004,Radial scar,textbooks,Radial scar,True,4,https://storage.googleapis.com/pathology-hub-0/_asset_library/textbooks/Breast_Atlas/page_images/Breast_Atlas_page_0147.png
BREAST_004,Radial scar,textbooks,Radial scar,True,5,https://storage.googleapis.com/pathology-hub-public-figures-830130787988/textbook_figures_web_v1/breast_atlas/breast_atlas_p0149_fig04_fig_7_55.jpeg
BREAST_004,Radial scar,textbooks,Radial scar,True,6,https://storage.googleapis.com/pathology-hub-0/_asset_library/textbooks/Breast_Atlas/page_images/Breast_Atlas_page_0149.png
BREAST_004,Radial scar,textbooks,Radial scar,True,7,https://storage.googleapis.com/pathology-hub-public-figures-830130787988/textbook_figures_web_v1/breast_atlas/breast_atlas_p0148_fig03_fig_7_51.jpeg
BREAST_004,Radial scar,textbooks,Radial scar,True,8,https://storage.googleapis.com/pathology-hub-0/_asset_library/textbooks/Breast_Atlas/page_images/Breast_Atlas_page_0148.png
BREAST_004,Radial scar,textbooks,Radial scar,True,9,https://storage.googleapis.com/pathology-hub-public-figures-830130787988/textbook_figures_web_v1/breast_atlas/breast_atlas_p0148_fig01_fig_7_49.jpeg
BREAST_004,Radial scar,textbooks,Radial scar,True,10,https://storage.googleapis.com/pathology-hub-public-figures-830130787988/textbook_figures_web_v1/breast_atlas/breast_atlas_p0149_fig06_fig_7_57.jpeg
BREAST_004,Radial scar,textbooks,Radial scar,True,11,https://storage.googleapis.com/pathology-hub-public-figures-830130787988/textbook_figures_web_v1/breast_atlas/breast_atlas_p0149_fig01_fig_7_53.jpeg
BREAST_004,Radial scar,textbooks,Radial scar,True,12,https://storage.googleapis.com/pathology-hub-public-figures-830130787988/textbook_figures_web_v1/breast_atlas/breast_atlas_p0149_fig05_fig_7_56.jpeg
BREAST_004,Radial scar,textbooks,Radial scar,True,13,https://storage.googleapis.com/pathology-hub-public-figures-830130787988/textbook_figures_web_v1/breast_atlas/breast_atlas_p0148_fig04_fig_7_52.jpeg
BREAST_004,Radial scar,textbooks,Radial scar,True,14,https://storage.googleapis.com/pathology-hub-public-figures-830130787988/textbook_figures_web_v1/breast_atlas/breast_atlas_p0150_fig02_fig_7_60.jpeg
BREAST_004,Radial scar,textbooks,Radial scar,True,15,https://storage.googleapis.com/pathology-hub-0/_asset_library/textbooks/Breast_Atlas/page_images/Breast_Atlas_page_0154.png
BREAST_004,Radial scar,who,Radial scar breast,True,1,https://storage.googleapis.com/pathology-hub-0/WHO/WHO_PICS/BREAST/2047.jpg
BREAST_004,Radial scar,who,Radial scar breast,True,2,https://storage.googleapis.com/pathology-hub-0/WHO/WHO_PICS/BREAST/2048.jpg
BREAST_004,Radial scar,who,Radial scar breast,True,3,https://storage.googleapis.com/pathology-hub-0/WHO/WHO_PICS/BREAST/2049.jpg
BREAST_004,Radial scar,who,Radial scar breast,True,4,https://storage.googleapis.com/pathology-hub-0/WHO/WHO_PICS/BREAST/2050.jpg
BREAST_004,Radial scar,who,Radial scar breast,True,5,https://storage.googleapis.com/pathology-hub-0/WHO/WHO_HTML/BREAST/Radial_Scar_Complex_Sclerosing_Lesion.html
BREAST_004,Radial scar,pathout,Radial scar breast,True,1,https://www.pathologyoutlines.com/imgau/breastradialscar_radioMuller01.jpg
BREAST_004,Radial scar,pathout,Radial scar breast,True,2,https://www.pathologyoutlines.com/imgau/breastradialscar_radioMuller02.jpg
BREAST_004,Radial scar,pathout,Radial scar breast,True,3,https://www.pathologyoutlines.com/images/mammary/PLI.jpg
BREAST_004,Radial scar,pathout,Radial scar breast,True,4,https://www.pathologyoutlines.com/imgau/breastradialscar_microMuller01.jpg
BREAST_004,Radial scar,textbooks,Radial scar breast,True,1,https://storage.googleapis.com/pathology-hub-public-figures-830130787988/textbook_figures_web_v1/breast_atlas/breast_atlas_p0147_fig01_fig_7_48.jpeg
BREAST_004,Radial scar,textbooks,Radial scar breast,True,2,https://storage.googleapis.com/pathology-hub-0/_asset_library/textbooks/Breast_Atlas/page_images/Breast_Atlas_page_0147.png
BREAST_004,Radial scar,textbooks,Radial scar breast,True,3,https://storage.googleapis.com/pathology-hub-public-figures-830130787988/textbook_figures_web_v1/breast_atlas/breast_atlas_p0150_fig01_fig_7_59.jpeg
BREAST_004,Radial scar,textbooks,Radial scar breast,True,4,https://storage.googleapis.com/pathology-hub-0/_asset_library/textbooks/Breast_Atlas/page_images/Breast_Atlas_page_0150.png
BREAST_004,Radial scar,textbooks,Radial scar breast,True,5,https://storage.googleapis.com/pathology-hub-public-figures-830130787988/textbook_figures_web_v1/breast_atlas/breast_atlas_p0149_fig04_fig_7_55.jpeg
BREAST_004,Radial scar,textbooks,Radial scar breast,True,6,https://storage.googleapis.com/pathology-hub-0/_asset_library/textbooks/Breast_Atlas/page_images/Breast_Atlas_page_0149.png
BREAST_004,Radial scar,textbooks,Radial scar breast,True,7,https://storage.googleapis.com/pathology-hub-public-figures-830130787988/textbook_figures_web_v1/breast_atlas/breast_atlas_p0148_fig03_fig_7_51.jpeg
BREAST_004,Radial scar,textbooks,Radial scar breast,True,8,https://storage.googleapis.com/pathology-hub-0/_asset_library/textbooks/Breast_Atlas/page_images/Breast_Atlas_page_0148.png
BREAST_004,Radial scar,textbooks,Radial scar breast,True,9,https://storage.googleapis.com/pathology-hub-public-figures-830130787988/textbook_figures_web_v1/breast_atlas/breast_atlas_p0149_fig06_fig_7_57.jpeg
BREAST_004,Radial scar,textbooks,Radial scar breast,True,10,https://storage.googleapis.com/pathology-hub-public-figures-830130787988/textbook_figures_web_v1/breast_atlas/breast_atlas_p0148_fig01_fig_7_49.jpeg
BREAST_004,Radial scar,textbooks,Radial scar breast,True,11,https://storage.googleapis.com/pathology-hub-public-figures-830130787988/textbook_figures_web_v1/breast_atlas/breast_atlas_p0149_fig01_fig_7_53.jpeg
BREAST_004,Radial scar,textbooks,Radial scar breast,True,12,https://storage.googleapis.com/pathology-hub-public-figures-830130787988/textbook_figures_web_v1/breast_atlas/breast_atlas_p0149_fig05_fig_7_56.jpeg
BREAST_004,Radial scar,textbooks,Radial scar breast,True,13,https://storage.googleapis.com/pathology-hub-public-figures-830130787988/textbook_figures_web_v1/breast_atlas/breast_atlas_p0148_fig04_fig_7_52.jpeg
BREAST_004,Radial scar,textbooks,Radial scar breast,True,14,https://storage.googleapis.com/pathology-hub-public-figures-830130787988/textbook_figures_web_v1/breast_atlas/breast_atlas_p0147_fig02_unidentified.jpeg
BREAST_004,Radial scar,textbooks,Radial scar breast,True,15,https://storage.googleapis.com/pathology-hub-0/_asset_library/textbooks/Breast_Atlas/page_images/Breast_Atlas_page_0154.png
BREAST_004,Radial scar,who,Radial scar sclerosing lesion,True,1,https://storage.googleapis.com/pathology-hub-0/WHO/WHO_PICS/BREAST/2047.jpg
BREAST_004,Radial scar,who,Radial scar sclerosing lesion,True,2,https://storage.googleapis.com/pathology-hub-0/WHO/WHO_PICS/BREAST/2048.jpg
BREAST_004,Radial scar,who,Radial scar sclerosing lesion,True,3,https://storage.googleapis.com/pathology-hub-0/WHO/WHO_PICS/BREAST/2049.jpg
BREAST_004,Radial scar,who,Radial scar sclerosing lesion,True,4,https://storage.googleapis.com/pathology-hub-0/WHO/WHO_PICS/BREAST/2050.jpg
BREAST_004,Radial scar,who,Radial scar sclerosing lesion,True,5,https://storage.googleapis.com/pathology-hub-0/WHO/WHO_HTML/BREAST/Radial_Scar_Complex_Sclerosing_Lesion.html
BREAST_004,Radial scar,pathout,Radial scar sclerosing lesion,True,1,https://www.pathologyoutlines.com/imgau/breastradialscar_radioMuller01.jpg
BREAST_004,Radial scar,pathout,Radial scar sclerosing lesion,True,2,https://www.pathologyoutlines.com/imgau/breastradialscar_radioMuller02.jpg
BREAST_004,Radial scar,pathout,Radial scar sclerosing lesion,True,3,https://www.pathologyoutlines.com/images/mammary/PLI.jpg
BREAST_004,Radial scar,pathout,Radial scar sclerosing lesion,True,4,https://www.pathologyoutlines.com/imgau/breastradialscar_microMuller01.jpg
BREAST_004,Radial scar,textbooks,Radial scar sclerosing lesion,True,1,https://storage.googleapis.com/pathology-hub-public-figures-830130787988/textbook_figures_web_v1/breast_atlas/breast_atlas_p0151_fig06_fig_7_70.jpeg
BREAST_004,Radial scar,textbooks,Radial scar sclerosing lesion,True,2,https://storage.googleapis.com/pathology-hub-0/_asset_library/textbooks/Breast_Atlas/page_images/Breast_Atlas_page_0151.png
BREAST_004,Radial scar,textbooks,Radial scar sclerosing lesion,True,3,https://storage.googleapis.com/pathology-hub-public-figures-830130787988/textbook_figures_web_v1/breast_atlas/breast_atlas_p0151_fig04_fig_7_68.jpeg
BREAST_004,Radial scar,textbooks,Radial scar sclerosing lesion,True,4,https://storage.googleapis.com/pathology-hub-public-figures-830130787988/textbook_figures_web_v1/breast_atlas/breast_atlas_p0151_fig01_fig_7_65.jpeg
BREAST_004,Radial scar,textbooks,Radial scar sclerosing lesion,True,5,https://storage.googleapis.com/pathology-hub-public-figures-830130787988/textbook_figures_web_v1/breast_atlas/breast_atlas_p0151_fig05_fig_7_67.jpeg
BREAST_004,Radial scar,textbooks,Radial scar sclerosing lesion,True,6,https://storage.googleapis.com/pathology-hub-public-figures-830130787988/textbook_figures_web_v1/breast_atlas/breast_atlas_p0151_fig03_fig_7_66.jpeg
BREAST_004,Radial scar,textbooks,Radial scar sclerosing lesion,True,7,https://storage.googleapis.com/pathology-hub-public-figures-830130787988/textbook_figures_web_v1/breast_atlas/breast_atlas_p0152_fig04_fig_7_73.jpeg
BREAST_004,Radial scar,textbooks,Radial scar sclerosing lesion,True,8,https://storage.googleapis.com/pathology-hub-0/_asset_library/textbooks/Breast_Atlas/page_images/Breast_Atlas_page_0152.png
BREAST_004,Radial scar,textbooks,Radial scar sclerosing lesion,True,9,https://storage.googleapis.com/pathology-hub-public-figures-830130787988/textbook_figures_web_v1/breast_atlas/breast_atlas_p0152_fig03_fig_7_72.jpeg
BREAST_004,Radial scar,textbooks,Radial scar sclerosing lesion,True,10,https://storage.googleapis.com/pathology-hub-public-figures-830130787988/textbook_figures_web_v1/breast_atlas/breast_atlas_p0150_fig06_fig_7_64.jpeg
BREAST_004,Radial scar,textbooks,Radial scar sclerosing lesion,True,11,https://storage.googleapis.com/pathology-hub-0/_asset_library/textbooks/Breast_Atlas/page_images/Breast_Atlas_page_0150.png
BREAST_004,Radial scar,textbooks,Radial scar sclerosing lesion,True,12,https://storage.googleapis.com/pathology-hub-public-figures-830130787988/textbook_figures_web_v1/breast_atlas/breast_atlas_p0151_fig02_fig_7_64.jpeg
BREAST_004,Radial scar,textbooks,Radial scar sclerosing lesion,True,13,https://storage.googleapis.com/pathology-hub-public-figures-830130787988/textbook_figures_web_v1/breast_atlas/breast_atlas_p0146_fig01_fig_7_47.jpeg
BREAST_004,Radial scar,textbooks,Radial scar sclerosing lesion,True,14,https://storage.googleapis.com/pathology-hub-0/_asset_library/textbooks/Breast_Atlas/page_images/Breast_Atlas_page_0146.png
BREAST_004,Radial scar,textbooks,Radial scar sclerosing lesion,True,15,https://storage.googleapis.com/pathology-hub-0/_asset_library/textbooks/Breast_Biopsy/page_images/Breast_Biopsy_page_0237.png
BREAST_005,Phyllodes tumor,who,Phyllodes tumor,True,1,https://storage.googleapis.com/pathology-hub-0/WHO/WHO_PICS/GYN/10047.jpg
BREAST_005,Phyllodes tumor,who,Phyllodes tumor,True,2,https://storage.googleapis.com/pathology-hub-0/WHO/WHO_PICS/GYN/10048.jpg
BREAST_005,Phyllodes tumor,who,Phyllodes tumor,True,3,https://storage.googleapis.com/pathology-hub-0/WHO/WHO_PICS/SKIN/35574.jpg
BREAST_005,Phyllodes tumor,who,Phyllodes tumor,True,4,https://storage.googleapis.com/pathology-hub-0/WHO/WHO_PICS/SKIN/35575.jpg
BREAST_005,Phyllodes tumor,who,Phyllodes tumor,True,5,https://storage.googleapis.com/pathology-hub-0/WHO/WHO_HTML/SKIN/Fibroadenoma_And_Phyllodes_Tumour_Of_Anogenital_Mammary_Like_Glands.html
BREAST_005,Phyllodes tumor,who,Phyllodes tumor,True,6,https://storage.googleapis.com/pathology-hub-0/WHO/WHO_HTML/GYN/Phyllodes_Tumour.html
BREAST_005,Phyllodes tumor,pathout,Phyllodes tumor,True,1,https://www.pathologyoutlines.com/wick/breast/phylloidestumormam.jpg
BREAST_005,Phyllodes tumor,pathout,Phyllodes tumor,True,2,https://www.pathologyoutlines.com/thumb/breastphyllodesgeneralpmc01.jpg
BREAST_005,Phyllodes tumor,pathout,Phyllodes tumor,True,3,https://www.pathologyoutlines.com/thumb/breastphyllodesgeneralpmc02.jpg
BREAST_005,Phyllodes tumor,pathout,Phyllodes tumor,True,4,https://www.pathologyoutlines.com/thumb/breastphyllodesgeneralpmc03.jpg
BREAST_005,Phyllodes tumor,textbooks,Phyllodes tumor,True,1,https://storage.googleapis.com/pathology-hub-public-figures-830130787988/textbook_figures_web_v1/molecular_vasef/molecular_vasef_p0706_fig01_unidentified.jpeg
BREAST_005,Phyllodes tumor,textbooks,Phyllodes tumor,True,2,https://storage.googleapis.com/pathology-hub-0/_asset_library/textbooks/Molecular_Vasef/page_images/Molecular_Vasef_page_0706.png
BREAST_005,Phyllodes tumor,textbooks,Phyllodes tumor,True,3,https://storage.googleapis.com/pathology-hub-public-figures-830130787988/textbook_figures_web_v1/breast_biopsy/breast_biopsy_p0200_fig01_figure_6_18.jpeg
BREAST_005,Phyllodes tumor,textbooks,Phyllodes tumor,True,4,https://storage.googleapis.com/pathology-hub-0/_asset_library/textbooks/Breast_Biopsy/page_images/Breast_Biopsy_page_0200.png
BREAST_005,Phyllodes tumor,textbooks,Phyllodes tumor,True,5,https://storage.googleapis.com/pathology-hub-public-figures-830130787988/textbook_figures_web_v1/breast_atlas/breast_atlas_p0209_fig02_fig_9_40.jpeg
BREAST_005,Phyllodes tumor,textbooks,Phyllodes tumor,True,6,https://storage.googleapis.com/pathology-hub-0/_asset_library/textbooks/Breast_Atlas/page_images/Breast_Atlas_page_0209.png
BREAST_005,Phyllodes tumor,textbooks,Phyllodes tumor,True,7,https://storage.googleapis.com/pathology-hub-public-figures-830130787988/textbook_figures_web_v1/breast_atlas/breast_atlas_p0205_fig01_fig_9_34.jpeg
BREAST_005,Phyllodes tumor,textbooks,Phyllodes tumor,True,8,https://storage.googleapis.com/pathology-hub-0/_asset_library/textbooks/Breast_Atlas/page_images/Breast_Atlas_page_0205.png
BREAST_005,Phyllodes tumor,textbooks,Phyllodes tumor,True,9,https://storage.googleapis.com/pathology-hub-public-figures-830130787988/textbook_figures_web_v1/breast_atlas/breast_atlas_p0208_fig02_fig_9_39.jpeg
BREAST_005,Phyllodes tumor,textbooks,Phyllodes tumor,True,10,https://storage.googleapis.com/pathology-hub-0/_asset_library/textbooks/Breast_Atlas/page_images/Breast_Atlas_page_0208.png
BREAST_005,Phyllodes tumor,textbooks,Phyllodes tumor,True,11,https://storage.googleapis.com/pathology-hub-public-figures-830130787988/textbook_figures_web_v1/breast_faq/breast_faq_p0170_fig01_fig_6_4.jpeg
BREAST_005,Phyllodes tumor,textbooks,Phyllodes tumor,True,12,https://storage.googleapis.com/pathology-hub-0/_asset_library/textbooks/Breast_FAQ/page_images/Breast_FAQ_page_0170.png
BREAST_005,Phyllodes tumor,textbooks,Phyllodes tumor,True,13,https://storage.googleapis.com/pathology-hub-public-figures-830130787988/textbook_figures_web_v1/breast_pattern/breast_pattern_p0124_fig01_fig_7_9.jpeg
BREAST_005,Phyllodes tumor,textbooks,Phyllodes tumor,True,14,https://storage.googleapis.com/pathology-hub-0/_asset_library/textbooks/Breast_Pattern/page_images/Breast_Pattern_page_0124.png
BREAST_005,Phyllodes tumor,textbooks,Phyllodes tumor,True,15,https://storage.googleapis.com/pathology-hub-public-figures-830130787988/textbook_figures_web_v1/breast_pattern/breast_pattern_p0124_fig02_fig_7_10.jpeg
BREAST_005,Phyllodes tumor,textbooks,Phyllodes tumor,True,16,https://storage.googleapis.com/pathology-hub-public-figures-830130787988/textbook_figures_web_v1/breast_pattern/breast_pattern_p0124_fig03_fig_7_8.jpeg
BREAST_005,Phyllodes tumor,textbooks,Phyllodes tumor,True,17,https://storage.googleapis.com/pathology-hub-public-figures-830130787988/textbook_figures_web_v1/molecular_vasef/molecular_vasef_p0706_fig02_unidentified.jpeg
BREAST_005,Phyllodes tumor,textbooks,Phyllodes tumor,True,18,https://storage.googleapis.com/pathology-hub-0/_asset_library/textbooks/Cyto_Cibas/page_images/Cyto_Cibas_page_0276.png
BREAST_005,Phyllodes tumor,textbooks,Phyllodes tumor,True,19,https://storage.googleapis.com/pathology-hub-0/_asset_library/textbooks/Breast_Atlas/page_images/Breast_Atlas_page_0204.png
BREAST_005,Phyllodes tumor,textbooks,Phyllodes tumor,True,20,https://storage.googleapis.com/pathology-hub-0/_asset_library/textbooks/Breast_FAQ/page_images/Breast_FAQ_page_0175.png
BREAST_005,Phyllodes tumor,who,Phyllodes tumor breast,True,1,https://storage.googleapis.com/pathology-hub-0/WHO/WHO_PICS/GYN/10047.jpg
BREAST_005,Phyllodes tumor,who,Phyllodes tumor breast,True,2,https://storage.googleapis.com/pathology-hub-0/WHO/WHO_PICS/GYN/10048.jpg
BREAST_005,Phyllodes tumor,who,Phyllodes tumor breast,True,3,https://storage.googleapis.com/pathology-hub-0/WHO/WHO_PICS/SKIN/35574.jpg
BREAST_005,Phyllodes tumor,who,Phyllodes tumor breast,True,4,https://storage.googleapis.com/pathology-hub-0/WHO/WHO_PICS/SKIN/35575.jpg
BREAST_005,Phyllodes tumor,who,Phyllodes tumor breast,True,5,https://storage.googleapis.com/pathology-hub-0/WHO/WHO_HTML/SKIN/Fibroadenoma_And_Phyllodes_Tumour_Of_Anogenital_Mammary_Like_Glands.html
BREAST_005,Phyllodes tumor,who,Phyllodes tumor breast,True,6,https://storage.googleapis.com/pathology-hub-0/WHO/WHO_HTML/GYN/Phyllodes_Tumour.html
BREAST_005,Phyllodes tumor,who,Phyllodes tumor breast,True,7,https://storage.googleapis.com/pathology-hub-0/WHO/WHO_HTML/BREAST/Leiomyosarcoma.html
BREAST_005,Phyllodes tumor,pathout,Phyllodes tumor breast,True,1,https://www.pathologyoutlines.com/wick/breast/phylloidestumormam.jpg
BREAST_005,Phyllodes tumor,pathout,Phyllodes tumor breast,True,2,https://www.pathologyoutlines.com/thumb/breastphyllodesgeneralpmc01.jpg
BREAST_005,Phyllodes tumor,pathout,Phyllodes tumor breast,True,3,https://www.pathologyoutlines.com/thumb/breastphyllodesgeneralpmc02.jpg
BREAST_005,Phyllodes tumor,pathout,Phyllodes tumor breast,True,4,https://www.pathologyoutlines.com/thumb/breastphyllodesgeneralpmc03.jpg
BREAST_005,Phyllodes tumor,textbooks,Phyllodes tumor breast,True,1,https://storage.googleapis.com/pathology-hub-public-figures-830130787988/textbook_figures_web_v1/breast_atlas/breast_atlas_p0209_fig02_fig_9_40.jpeg
BREAST_005,Phyllodes tumor,textbooks,Phyllodes tumor breast,True,2,https://storage.googleapis.com/pathology-hub-0/_asset_library/textbooks/Breast_Atlas/page_images/Breast_Atlas_page_0209.png
BREAST_005,Phyllodes tumor,textbooks,Phyllodes tumor breast,True,3,https://storage.googleapis.com/pathology-hub-public-figures-830130787988/textbook_figures_web_v1/breast_atlas/breast_atlas_p0205_fig01_fig_9_34.jpeg
BREAST_005,Phyllodes tumor,textbooks,Phyllodes tumor breast,True,4,https://storage.googleapis.com/pathology-hub-0/_asset_library/textbooks/Breast_Atlas/page_images/Breast_Atlas_page_0205.png
BREAST_005,Phyllodes tumor,textbooks,Phyllodes tumor breast,True,5,https://storage.googleapis.com/pathology-hub-public-figures-830130787988/textbook_figures_web_v1/breast_biopsy/breast_biopsy_p0200_fig01_figure_6_18.jpeg
BREAST_005,Phyllodes tumor,textbooks,Phyllodes tumor breast,True,6,https://storage.googleapis.com/pathology-hub-0/_asset_library/textbooks/Breast_Biopsy/page_images/Breast_Biopsy_page_0200.png
BREAST_005,Phyllodes tumor,textbooks,Phyllodes tumor breast,True,7,https://storage.googleapis.com/pathology-hub-public-figures-830130787988/textbook_figures_web_v1/breast_atlas/breast_atlas_p0208_fig02_fig_9_39.jpeg
BREAST_005,Phyllodes tumor,textbooks,Phyllodes tumor breast,True,8,https://storage.googleapis.com/pathology-hub-0/_asset_library/textbooks/Breast_Atlas/page_images/Breast_Atlas_page_0208.png
BREAST_005,Phyllodes tumor,textbooks,Phyllodes tumor breast,True,9,https://storage.googleapis.com/pathology-hub-public-figures-830130787988/textbook_figures_web_v1/breast_atlas/breast_atlas_p0209_fig03_fig_9_42.jpeg
BREAST_005,Phyllodes tumor,textbooks,Phyllodes tumor breast,True,10,https://storage.googleapis.com/pathology-hub-public-figures-830130787988/textbook_figures_web_v1/breast_atlas/breast_atlas_p0209_fig01_fig_9_44.jpeg
BREAST_005,Phyllodes tumor,textbooks,Phyllodes tumor breast,True,11,https://storage.googleapis.com/pathology-hub-public-figures-830130787988/textbook_figures_web_v1/breast_atlas/breast_atlas_p0209_fig04_fig_9_41.jpeg
BREAST_005,Phyllodes tumor,textbooks,Phyllodes tumor breast,True,12,https://storage.googleapis.com/pathology-hub-public-figures-830130787988/textbook_figures_web_v1/breast_atlas/breast_atlas_p0205_fig02_fig_9_32.jpeg
BREAST_005,Phyllodes tumor,textbooks,Phyllodes tumor breast,True,13,https://storage.googleapis.com/pathology-hub-public-figures-830130787988/textbook_figures_web_v1/breast_atlas/breast_atlas_p0205_fig03_fig_9_31.jpeg
BREAST_005,Phyllodes tumor,textbooks,Phyllodes tumor breast,True,14,https://storage.googleapis.com/pathology-hub-public-figures-830130787988/textbook_figures_web_v1/breast_atlas/breast_atlas_p0205_fig04_fig_9_35.jpeg
BREAST_005,Phyllodes tumor,textbooks,Phyllodes tumor breast,True,15,https://storage.googleapis.com/pathology-hub-0/_asset_library/textbooks/Breast_Pattern/page_images/Breast_Pattern_page_0124.png
BREAST_005,Phyllodes tumor,textbooks,Phyllodes tumor breast,True,16,https://storage.googleapis.com/pathology-hub-0/_asset_library/textbooks/Breast_Atlas/page_images/Breast_Atlas_page_0212.png
BREAST_005,Phyllodes tumor,textbooks,Phyllodes tumor breast,True,17,https://storage.googleapis.com/pathology-hub-0/_asset_library/textbooks/Breast_Atlas/page_images/Breast_Atlas_page_0210.png
BREAST_005,Phyllodes tumor,textbooks,Phyllodes tumor breast,True,18,https://storage.googleapis.com/pathology-hub-0/_asset_library/textbooks/Breast_Pattern/page_images/Breast_Pattern_page_0106.png
BREAST_005,Phyllodes tumor,textbooks,Phyllodes tumor breast,True,19,https://storage.googleapis.com/pathology-hub-0/_asset_library/textbooks/Breast_Atlas/page_images/Breast_Atlas_page_0213.png
BREAST_005,Phyllodes tumor,who,Phyllodes tumor borderline phyllodes,True,1,https://storage.googleapis.com/pathology-hub-0/WHO/WHO_PICS/GYN/10047.jpg
BREAST_005,Phyllodes tumor,who,Phyllodes tumor borderline phyllodes,True,2,https://storage.googleapis.com/pathology-hub-0/WHO/WHO_PICS/GYN/10048.jpg
BREAST_005,Phyllodes tumor,who,Phyllodes tumor borderline phyllodes,True,3,https://storage.googleapis.com/pathology-hub-0/WHO/WHO_PICS/SKIN/35574.jpg
BREAST_005,Phyllodes tumor,who,Phyllodes tumor borderline phyllodes,True,4,https://storage.googleapis.com/pathology-hub-0/WHO/WHO_PICS/SKIN/35575.jpg
BREAST_005,Phyllodes tumor,who,Phyllodes tumor borderline phyllodes,True,5,https://storage.googleapis.com/pathology-hub-0/WHO/WHO_HTML/SKIN/Fibroadenoma_And_Phyllodes_Tumour_Of_Anogenital_Mammary_Like_Glands.html
BREAST_005,Phyllodes tumor,who,Phyllodes tumor borderline phyllodes,True,6,https://storage.googleapis.com/pathology-hub-0/WHO/WHO_HTML/GYN/Phyllodes_Tumour.html
BREAST_005,Phyllodes tumor,pathout,Phyllodes tumor borderline phyllodes,True,1,https://www.pathologyoutlines.com/wick/breast/phylloidestumormam.jpg
BREAST_005,Phyllodes tumor,pathout,Phyllodes tumor borderline phyllodes,True,2,https://www.pathologyoutlines.com/thumb/breastphyllodesgeneralpmc01.jpg
BREAST_005,Phyllodes tumor,pathout,Phyllodes tumor borderline phyllodes,True,3,https://www.pathologyoutlines.com/thumb/breastphyllodesgeneralpmc02.jpg
BREAST_005,Phyllodes tumor,pathout,Phyllodes tumor borderline phyllodes,True,4,https://www.pathologyoutlines.com/thumb/breastphyllodesgeneralpmc03.jpg
BREAST_005,Phyllodes tumor,textbooks,Phyllodes tumor borderline phyllodes,True,1,https://storage.googleapis.com/pathology-hub-public-figures-830130787988/textbook_figures_web_v1/breast_atlas/breast_atlas_p0208_fig02_fig_9_39.jpeg
BREAST_005,Phyllodes tumor,textbooks,Phyllodes tumor borderline phyllodes,True,2,https://storage.googleapis.com/pathology-hub-0/_asset_library/textbooks/Breast_Atlas/page_images/Breast_Atlas_page_0208.png
BREAST_005,Phyllodes tumor,textbooks,Phyllodes tumor borderline phyllodes,True,3,https://storage.googleapis.com/pathology-hub-public-figures-830130787988/textbook_figures_web_v1/molecular_vasef/molecular_vasef_p0710_fig02_unidentified.jpeg
BREAST_005,Phyllodes tumor,textbooks,Phyllodes tumor borderline phyllodes,True,4,https://storage.googleapis.com/pathology-hub-0/_asset_library/textbooks/Molecular_Vasef/page_images/Molecular_Vasef_page_0710.png
BREAST_005,Phyllodes tumor,textbooks,Phyllodes tumor borderline phyllodes,True,5,https://storage.googleapis.com/pathology-hub-public-figures-830130787988/textbook_figures_web_v1/breast_atlas/breast_atlas_p0209_fig02_fig_9_40.jpeg
BREAST_005,Phyllodes tumor,textbooks,Phyllodes tumor borderline phyllodes,True,6,https://storage.googleapis.com/pathology-hub-0/_asset_library/textbooks/Breast_Atlas/page_images/Breast_Atlas_page_0209.png
BREAST_005,Phyllodes tumor,textbooks,Phyllodes tumor borderline phyllodes,True,7,https://storage.googleapis.com/pathology-hub-public-figures-830130787988/textbook_figures_web_v1/breast_biopsy/breast_biopsy_p0209_fig01_figure_6_27.jpeg
BREAST_005,Phyllodes tumor,textbooks,Phyllodes tumor borderline phyllodes,True,8,https://storage.googleapis.com/pathology-hub-0/_asset_library/textbooks/Breast_Biopsy/page_images/Breast_Biopsy_page_0209.png
BREAST_005,Phyllodes tumor,textbooks,Phyllodes tumor borderline phyllodes,True,9,https://storage.googleapis.com/pathology-hub-public-figures-830130787988/textbook_figures_web_v1/breast_biopsy/breast_biopsy_p0208_fig02_figure_6_26.jpeg
BREAST_005,Phyllodes tumor,textbooks,Phyllodes tumor borderline phyllodes,True,10,https://storage.googleapis.com/pathology-hub-0/_asset_library/textbooks/Breast_Biopsy/page_images/Breast_Biopsy_page_0208.png
BREAST_005,Phyllodes tumor,textbooks,Phyllodes tumor borderline phyllodes,True,11,https://storage.googleapis.com/pathology-hub-public-figures-830130787988/textbook_figures_web_v1/breast_biopsy/breast_biopsy_p0209_fig02_figure_6_28.jpeg
BREAST_005,Phyllodes tumor,textbooks,Phyllodes tumor borderline phyllodes,True,12,https://storage.googleapis.com/pathology-hub-public-figures-830130787988/textbook_figures_web_v1/breast_biopsy/breast_biopsy_p0210_fig01_figure_6_29.jpeg
BREAST_005,Phyllodes tumor,textbooks,Phyllodes tumor borderline phyllodes,True,13,https://storage.googleapis.com/pathology-hub-0/_asset_library/textbooks/Breast_Biopsy/page_images/Breast_Biopsy_page_0210.png
BREAST_005,Phyllodes tumor,textbooks,Phyllodes tumor borderline phyllodes,True,14,https://storage.googleapis.com/pathology-hub-public-figures-830130787988/textbook_figures_web_v1/breast_biopsy/breast_biopsy_p0203_fig01_figure_6_21.jpeg
BREAST_005,Phyllodes tumor,textbooks,Phyllodes tumor borderline phyllodes,True,15,https://storage.googleapis.com/pathology-hub-0/_asset_library/textbooks/Breast_Biopsy/page_images/Breast_Biopsy_page_0203.png
BREAST_005,Phyllodes tumor,textbooks,Phyllodes tumor borderline phyllodes,True,16,https://storage.googleapis.com/pathology-hub-public-figures-830130787988/textbook_figures_web_v1/breast_atlas/breast_atlas_p0209_fig04_fig_9_41.jpeg
BREAST_005,Phyllodes tumor,textbooks,Phyllodes tumor borderline phyllodes,True,17,https://storage.googleapis.com/pathology-hub-public-figures-830130787988/textbook_figures_web_v1/breast_atlas/breast_atlas_p0208_fig01_fig_9_38.jpeg
BREAST_005,Phyllodes tumor,textbooks,Phyllodes tumor borderline phyllodes,True,18,https://storage.googleapis.com/pathology-hub-0/_asset_library/textbooks/Breast_Biopsy/page_images/Breast_Biopsy_page_0202.png
GI_001,Sessile serrated lesion,who,Sessile serrated lesion,True,1,https://storage.googleapis.com/pathology-hub-0/WHO/WHO_PICS/GI/641.jpg
GI_001,Sessile serrated lesion,who,Sessile serrated lesion,True,2,https://storage.googleapis.com/pathology-hub-0/WHO/WHO_PICS/GI/643.jpg
GI_001,Sessile serrated lesion,who,Sessile serrated lesion,True,3,https://storage.googleapis.com/pathology-hub-0/WHO/WHO_PICS/GI/967.jpg
GI_001,Sessile serrated lesion,who,Sessile serrated lesion,True,4,https://storage.googleapis.com/pathology-hub-0/WHO/WHO_PICS/GI/2372.jpg
GI_001,Sessile serrated lesion,who,Sessile serrated lesion,True,5,https://storage.googleapis.com/pathology-hub-0/WHO/WHO_HTML/GI/Non_Ampullary_Adenoma.html
GI_001,Sessile serrated lesion,who,Sessile serrated lesion,True,6,https://storage.googleapis.com/pathology-hub-0/WHO/WHO_HTML/GENETICS/Serrated_Polyposis_Rnf43.html
GI_001,Sessile serrated lesion,who,Sessile serrated lesion,True,7,https://storage.googleapis.com/pathology-hub-0/WHO/WHO_HTML/GI/Appendiceal_Serrated_Lesions_And_Polyps.html
GI_001,Sessile serrated lesion,pathout,Sessile serrated lesion,True,1,https://www.pathologyoutlines.com/thumb/colontumorsessileserratedTHUMBncbi01.jpg
GI_001,Sessile serrated lesion,pathout,Sessile serrated lesion,True,2,https://www.pathologyoutlines.com/thumb/colontumorsessileserratedTHUMBncbi02.jpg
GI_001,Sessile serrated lesion,pathout,Sessile serrated lesion,True,3,https://www.pathologyoutlines.com/imgau/colontumorsessileserratedgonzalez01.jpg
GI_001,Sessile serrated lesion,pathout,Sessile serrated lesion,True,4,https://www.pathologyoutlines.com/imgau/colontumorsessileserratedgonzalez02.jpg
GI_001,Sessile serrated lesion,textbooks,Sessile serrated lesion,True,1,https://storage.googleapis.com/pathology-hub-public-figures-830130787988/textbook_figures_web_v1/gi_intestinal_atlas1/gi_intestinal_atlas1_p0078_fig02_fig_4_4.jpeg
GI_001,Sessile serrated lesion,textbooks,Sessile serrated lesion,True,2,https://storage.googleapis.com/pathology-hub-public-figures-830130787988/textbook_figures_web_v1/gi_biopsy_interpretation_neoplastic/gi_biopsy_interpretation_neoplastic_p0252_fig01_figure_4_45.jpeg
GI_001,Sessile serrated lesion,textbooks,Sessile serrated lesion,True,3,https://storage.googleapis.com/pathology-hub-0/_asset_library/textbooks/GI_Biopsy_Interpretation_%28Neoplastic%29/page_images/GI_Biopsy_Interpretation_%28Neoplastic%29_page_0252.png
GI_001,Sessile serrated lesion,textbooks,Sessile serrated lesion,True,4,https://storage.googleapis.com/pathology-hub-public-figures-830130787988/textbook_figures_web_v1/gi_biopsy_interpretation_neoplastic/gi_biopsy_interpretation_neoplastic_p0252_fig02_figure_4_46.jpeg
GI_001,Sessile serrated lesion,textbooks,Sessile serrated lesion,True,5,https://storage.googleapis.com/pathology-hub-public-figures-830130787988/textbook_figures_web_v1/gi_intestinal_atlas1/gi_intestinal_atlas1_p0017_fig04_fig_1_22.jpeg
GI_001,Sessile serrated lesion,textbooks,Sessile serrated lesion,True,6,https://storage.googleapis.com/pathology-hub-public-figures-830130787988/textbook_figures_web_v1/gi_intestinal_atlas1/gi_intestinal_atlas1_p0017_fig02_fig_1_21.jpeg
GI_001,Sessile serrated lesion,textbooks,Sessile serrated lesion,True,7,https://storage.googleapis.com/pathology-hub-public-figures-830130787988/textbook_figures_web_v1/gi_intestinal_atlas1/gi_intestinal_atlas1_p0017_fig05_fig_1_23.jpeg
GI_001,Sessile serrated lesion,textbooks,Sessile serrated lesion,True,8,https://storage.googleapis.com/pathology-hub-public-figures-830130787988/textbook_figures_web_v1/gi_intestinal_atlas1/gi_intestinal_atlas1_p0078_fig01_fig_4_3.jpeg
GI_001,Sessile serrated lesion,textbooks,Sessile serrated lesion,True,9,https://storage.googleapis.com/pathology-hub-public-figures-830130787988/textbook_figures_web_v1/gi_intestinal_atlas1/gi_intestinal_atlas1_p0078_fig03_unidentified.jpeg
GI_001,Sessile serrated lesion,textbooks,Sessile serrated lesion,True,10,https://storage.googleapis.com/pathology-hub-public-figures-830130787988/textbook_figures_web_v1/gi_intestinal_atlas1/gi_intestinal_atlas1_p0078_fig04_unidentified.jpeg
GI_001,Sessile serrated lesion,textbooks,Sessile serrated lesion,True,11,https://storage.googleapis.com/pathology-hub-public-figures-830130787988/textbook_figures_web_v1/gi_intestinal_atlas1/gi_intestinal_atlas1_p0078_fig05_unidentified.jpeg
GI_001,Sessile serrated lesion,textbooks,Sessile serrated lesion,True,12,https://storage.googleapis.com/pathology-hub-0/_asset_library/textbooks/GI_Biopsy_Interpretation_%28Neoplastic%29/page_images/GI_Biopsy_Interpretation_%28Neoplastic%29_page_0257.png
GI_001,Sessile serrated lesion,textbooks,Sessile serrated lesion,True,13,https://storage.googleapis.com/pathology-hub-0/_asset_library/textbooks/SoftTissue_Pattern/page_images/SoftTissue_Pattern_page_0515.png
GI_001,Sessile serrated lesion,who,SSL,True,1,https://storage.googleapis.com/pathology-hub-0/WHO/WHO_PICS/GI/641.jpg
GI_001,Sessile serrated lesion,who,SSL,True,2,https://storage.googleapis.com/pathology-hub-0/WHO/WHO_PICS/GI/643.jpg
GI_001,Sessile serrated lesion,who,SSL,True,3,https://storage.googleapis.com/pathology-hub-0/WHO/WHO_PICS/GI/967.jpg
GI_001,Sessile serrated lesion,who,SSL,True,4,https://storage.googleapis.com/pathology-hub-0/WHO/WHO_PICS/GI/2372.jpg
GI_001,Sessile serrated lesion,who,SSL,True,5,https://storage.googleapis.com/pathology-hub-0/WHO/WHO_HTML/GENETICS/Serrated_Polyposis_Rnf43.html
GI_001,Sessile serrated lesion,who,SSL,True,6,https://storage.googleapis.com/pathology-hub-0/WHO/WHO_HTML/GI/Non_Ampullary_Adenoma.html
GI_001,Sessile serrated lesion,who,SSL,True,7,https://storage.googleapis.com/pathology-hub-0/WHO/WHO_HTML/GI/Appendiceal_Serrated_Lesions_And_Polyps.html
GI_001,Sessile serrated lesion,pathout,SSL,True,1,https://www.pathologyoutlines.com/thumb/colontumorsessileserratedTHUMBncbi01.jpg
GI_001,Sessile serrated lesion,pathout,SSL,True,2,https://www.pathologyoutlines.com/thumb/colontumorsessileserratedTHUMBncbi02.jpg
GI_001,Sessile serrated lesion,pathout,SSL,True,3,https://www.pathologyoutlines.com/imgau/colontumorsessileserratedgonzalez01.jpg
GI_001,Sessile serrated lesion,pathout,SSL,True,4,https://www.pathologyoutlines.com/imgau/colontumorsessileserratedgonzalez02.jpg
GI_001,Sessile serrated lesion,textbooks,SSL,True,1,https://storage.googleapis.com/pathology-hub-public-figures-830130787988/textbook_figures_web_v1/gi_intestinal_atlas1/gi_intestinal_atlas1_p0017_fig04_fig_1_22.jpeg
GI_001,Sessile serrated lesion,textbooks,SSL,True,2,https://storage.googleapis.com/pathology-hub-public-figures-830130787988/textbook_figures_web_v1/gi_intestinal_atlas1/gi_intestinal_atlas1_p0017_fig02_fig_1_21.jpeg
GI_001,Sessile serrated lesion,textbooks,SSL,True,3,https://storage.googleapis.com/pathology-hub-public-figures-830130787988/textbook_figures_web_v1/gi_intestinal_atlas1/gi_intestinal_atlas1_p0017_fig05_fig_1_23.jpeg
GI_001,Sessile serrated lesion,textbooks,SSL,True,4,https://storage.googleapis.com/pathology-hub-public-figures-830130787988/textbook_figures_web_v1/gi_intestinal_atlas1/gi_intestinal_atlas1_p0017_fig01_fig_1_19.jpeg
GI_001,Sessile serrated lesion,textbooks,SSL,True,5,https://storage.googleapis.com/pathology-hub-public-figures-830130787988/textbook_figures_web_v1/gi_intestinal_atlas1/gi_intestinal_atlas1_p0080_fig01_fig_4_8.jpeg
GI_001,Sessile serrated lesion,textbooks,SSL,True,6,https://storage.googleapis.com/pathology-hub-public-figures-830130787988/textbook_figures_web_v1/gi_intestinal_atlas1/gi_intestinal_atlas1_p0017_fig03_fig_1_20.jpeg
GI_001,Sessile serrated lesion,textbooks,SSL,True,7,https://storage.googleapis.com/pathology-hub-public-figures-830130787988/textbook_figures_web_v1/gi_intestinal_atlas1/gi_intestinal_atlas1_p0018_fig01_fig_1_24.jpeg
GI_001,Sessile serrated lesion,textbooks,SSL,True,8,https://storage.googleapis.com/pathology-hub-public-figures-830130787988/textbook_figures_web_v1/gi_biopsy_interpretation_neoplastic/gi_biopsy_interpretation_neoplastic_p0257_fig01_fig_4_50.jpeg
GI_001,Sessile serrated lesion,textbooks,SSL,True,9,https://storage.googleapis.com/pathology-hub-0/_asset_library/textbooks/GI_Biopsy_Interpretation_%28Neoplastic%29/page_images/GI_Biopsy_Interpretation_%28Neoplastic%29_page_0257.png
GI_001,Sessile serrated lesion,textbooks,SSL,True,10,https://storage.googleapis.com/pathology-hub-public-figures-830130787988/textbook_figures_web_v1/gi_intestinal_atlas1/gi_intestinal_atlas1_p0080_fig02_fig_4_9.jpeg
GI_001,Sessile serrated lesion,textbooks,SSL,True,11,https://storage.googleapis.com/pathology-hub-public-figures-830130787988/textbook_figures_web_v1/gi_intestinal_atlas1/gi_intestinal_atlas1_p0080_fig03_unidentified.jpeg
GI_001,Sessile serrated lesion,textbooks,SSL,True,12,https://storage.googleapis.com/pathology-hub-0/_asset_library/textbooks/GI_Biopsy_Interpretation_%28Neoplastic%29/page_images/GI_Biopsy_Interpretation_%28Neoplastic%29_page_0249.png
GI_001,Sessile serrated lesion,who,Sessile serrated lesion colon,True,1,https://storage.googleapis.com/pathology-hub-0/WHO/WHO_PICS/GI/641.jpg
GI_001,Sessile serrated lesion,who,Sessile serrated lesion colon,True,2,https://storage.googleapis.com/pathology-hub-0/WHO/WHO_PICS/GI/643.jpg
GI_001,Sessile serrated lesion,who,Sessile serrated lesion colon,True,3,https://storage.googleapis.com/pathology-hub-0/WHO/WHO_PICS/GI/967.jpg
GI_001,Sessile serrated lesion,who,Sessile serrated lesion colon,True,4,https://storage.googleapis.com/pathology-hub-0/WHO/WHO_PICS/GI/2372.jpg
GI_001,Sessile serrated lesion,who,Sessile serrated lesion colon,True,5,https://storage.googleapis.com/pathology-hub-0/WHO/WHO_HTML/GI/Non_Ampullary_Adenoma.html
GI_001,Sessile serrated lesion,who,Sessile serrated lesion colon,True,6,https://storage.googleapis.com/pathology-hub-0/WHO/WHO_HTML/GENETICS/Serrated_Polyposis_Rnf43.html
GI_001,Sessile serrated lesion,who,Sessile serrated lesion colon,True,7,https://storage.googleapis.com/pathology-hub-0/WHO/WHO_HTML/GI/Appendiceal_Serrated_Lesions_And_Polyps.html
GI_001,Sessile serrated lesion,pathout,Sessile serrated lesion colon,True,1,https://www.pathologyoutlines.com/thumb/colontumorsessileserratedTHUMBncbi01.jpg
GI_001,Sessile serrated lesion,pathout,Sessile serrated lesion colon,True,2,https://www.pathologyoutlines.com/thumb/colontumorsessileserratedTHUMBncbi02.jpg
GI_001,Sessile serrated lesion,pathout,Sessile serrated lesion colon,True,3,https://www.pathologyoutlines.com/imgau/colontumorsessileserratedgonzalez01.jpg
GI_001,Sessile serrated lesion,pathout,Sessile serrated lesion colon,True,4,https://www.pathologyoutlines.com/imgau/colontumorsessileserratedgonzalez02.jpg
GI_001,Sessile serrated lesion,textbooks,Sessile serrated lesion colon,True,1,https://storage.googleapis.com/pathology-hub-public-figures-830130787988/textbook_figures_web_v1/gi_biopsy_interpretation_neoplastic/gi_biopsy_interpretation_neoplastic_p0252_fig01_figure_4_45.jpeg
GI_001,Sessile serrated lesion,textbooks,Sessile serrated lesion colon,True,2,https://storage.googleapis.com/pathology-hub-0/_asset_library/textbooks/GI_Biopsy_Interpretation_%28Neoplastic%29/page_images/GI_Biopsy_Interpretation_%28Neoplastic%29_page_0252.png
GI_001,Sessile serrated lesion,textbooks,Sessile serrated lesion colon,True,3,https://storage.googleapis.com/pathology-hub-public-figures-830130787988/textbook_figures_web_v1/gi_biopsy_interpretation_neoplastic/gi_biopsy_interpretation_neoplastic_p0252_fig02_figure_4_46.jpeg
GI_001,Sessile serrated lesion,textbooks,Sessile serrated lesion colon,True,4,https://storage.googleapis.com/pathology-hub-public-figures-830130787988/textbook_figures_web_v1/gi_intestinal_atlas1/gi_intestinal_atlas1_p0017_fig04_fig_1_22.jpeg
GI_001,Sessile serrated lesion,textbooks,Sessile serrated lesion colon,True,5,https://storage.googleapis.com/pathology-hub-public-figures-830130787988/textbook_figures_web_v1/gi_intestinal_atlas1/gi_intestinal_atlas1_p0017_fig02_fig_1_21.jpeg
GI_001,Sessile serrated lesion,textbooks,Sessile serrated lesion colon,True,6,https://storage.googleapis.com/pathology-hub-public-figures-830130787988/textbook_figures_web_v1/gi_intestinal_atlas1/gi_intestinal_atlas1_p0018_fig01_fig_1_24.jpeg
GI_001,Sessile serrated lesion,textbooks,Sessile serrated lesion colon,True,7,https://storage.googleapis.com/pathology-hub-public-figures-830130787988/textbook_figures_web_v1/gi_intestinal_atlas1/gi_intestinal_atlas1_p0030_fig04_fig_2_18.jpeg
GI_001,Sessile serrated lesion,textbooks,Sessile serrated lesion colon,True,8,https://storage.googleapis.com/pathology-hub-public-figures-830130787988/textbook_figures_web_v1/gi_biopsy_interpretation_neoplastic/gi_biopsy_interpretation_neoplastic_p0209_fig01_fig_4_5.jpeg
GI_001,Sessile serrated lesion,textbooks,Sessile serrated lesion colon,True,9,https://storage.googleapis.com/pathology-hub-0/_asset_library/textbooks/GI_Biopsy_Interpretation_%28Neoplastic%29/page_images/GI_Biopsy_Interpretation_%28Neoplastic%29_page_0209.png
GI_001,Sessile serrated lesion,textbooks,Sessile serrated lesion colon,True,10,https://storage.googleapis.com/pathology-hub-public-figures-830130787988/textbook_figures_web_v1/gi_biopsy_interpretation_neoplastic/gi_biopsy_interpretation_neoplastic_p0257_fig01_fig_4_50.jpeg
GI_001,Sessile serrated lesion,textbooks,Sessile serrated lesion colon,True,11,https://storage.googleapis.com/pathology-hub-0/_asset_library/textbooks/GI_Biopsy_Interpretation_%28Neoplastic%29/page_images/GI_Biopsy_Interpretation_%28Neoplastic%29_page_0257.png
GI_001,Sessile serrated lesion,textbooks,Sessile serrated lesion colon,True,12,https://storage.googleapis.com/pathology-hub-public-figures-830130787988/textbook_figures_web_v1/gi_intestinal_atlas1/gi_intestinal_atlas1_p0017_fig01_fig_1_19.jpeg
GI_001,Sessile serrated lesion,textbooks,Sessile serrated lesion colon,True,13,https://storage.googleapis.com/pathology-hub-public-figures-830130787988/textbook_figures_web_v1/gi_intestinal_atlas1/gi_intestinal_atlas1_p0017_fig03_fig_1_20.jpeg
GI_001,Sessile serrated lesion,textbooks,Sessile serrated lesion colon,True,14,https://storage.googleapis.com/pathology-hub-0/_asset_library/textbooks/SoftTissue_Pattern/page_images/SoftTissue_Pattern_page_0515.png
GI_001,Sessile serrated lesion,who,Sessile serrated lesion BRAF V600E,True,1,https://storage.googleapis.com/pathology-hub-0/WHO/WHO_PICS/GI/641.jpg
GI_001,Sessile serrated lesion,who,Sessile serrated lesion BRAF V600E,True,2,https://storage.googleapis.com/pathology-hub-0/WHO/WHO_PICS/GI/643.jpg
GI_001,Sessile serrated lesion,who,Sessile serrated lesion BRAF V600E,True,3,https://storage.googleapis.com/pathology-hub-0/WHO/WHO_PICS/GI/967.jpg
GI_001,Sessile serrated lesion,who,Sessile serrated lesion BRAF V600E,True,4,https://storage.googleapis.com/pathology-hub-0/WHO/WHO_PICS/GI/2372.jpg
GI_001,Sessile serrated lesion,who,Sessile serrated lesion BRAF V600E,True,5,https://storage.googleapis.com/pathology-hub-0/WHO/WHO_HTML/GENETICS/Serrated_Polyposis_Rnf43.html
GI_001,Sessile serrated lesion,who,Sessile serrated lesion BRAF V600E,True,6,https://storage.googleapis.com/pathology-hub-0/WHO/WHO_HTML/GI/Perineurioma.html
GI_001,Sessile serrated lesion,who,Sessile serrated lesion BRAF V600E,True,7,https://storage.googleapis.com/pathology-hub-0/WHO/WHO_HTML/GI/Appendiceal_Serrated_Lesions_And_Polyps.html
GI_001,Sessile serrated lesion,pathout,Sessile serrated lesion BRAF V600E,True,1,https://www.pathologyoutlines.com/thumb/colonserratedlesionsnature01.jpg
GI_001,Sessile serrated lesion,pathout,Sessile serrated lesion BRAF V600E,True,2,https://www.pathologyoutlines.com/thumb/colonserratedlesionsnature02.png
GI_001,Sessile serrated lesion,pathout,Sessile serrated lesion BRAF V600E,True,3,https://www.pathologyoutlines.com/thumb/colonserratedlesionsnature03.png
GI_001,Sessile serrated lesion,pathout,Sessile serrated lesion BRAF V600E,True,4,https://www.pathologyoutlines.com/thumb/colonserratedlesionsnature04.png
GI_001,Sessile serrated lesion,textbooks,Sessile serrated lesion BRAF V600E,True,1,https://storage.googleapis.com/pathology-hub-public-figures-830130787988/textbook_figures_web_v1/molecular_vasef/molecular_vasef_p0336_fig02_unidentified.jpeg
GI_001,Sessile serrated lesion,textbooks,Sessile serrated lesion BRAF V600E,True,2,https://storage.googleapis.com/pathology-hub-0/_asset_library/textbooks/Molecular_Vasef/page_images/Molecular_Vasef_page_0336.png
GI_001,Sessile serrated lesion,textbooks,Sessile serrated lesion BRAF V600E,True,3,https://storage.googleapis.com/pathology-hub-public-figures-830130787988/textbook_figures_web_v1/gi_intestinal_atlas1/gi_intestinal_atlas1_p0017_fig02_fig_1_21.jpeg
GI_001,Sessile serrated lesion,textbooks,Sessile serrated lesion BRAF V600E,True,4,https://storage.googleapis.com/pathology-hub-public-figures-830130787988/textbook_figures_web_v1/molecular_vasef/molecular_vasef_p0128_fig01_unidentified.jpeg
GI_001,Sessile serrated lesion,textbooks,Sessile serrated lesion BRAF V600E,True,5,https://storage.googleapis.com/pathology-hub-0/_asset_library/textbooks/Molecular_Vasef/page_images/Molecular_Vasef_page_0128.png
GI_001,Sessile serrated lesion,textbooks,Sessile serrated lesion BRAF V600E,True,6,https://storage.googleapis.com/pathology-hub-public-figures-830130787988/textbook_figures_web_v1/gi_intestinal_atlas1/gi_intestinal_atlas1_p0017_fig04_fig_1_22.jpeg
GI_001,Sessile serrated lesion,textbooks,Sessile serrated lesion BRAF V600E,True,7,https://storage.googleapis.com/pathology-hub-public-figures-830130787988/textbook_figures_web_v1/molecular_vasef/molecular_vasef_p0336_fig01_unidentified.jpeg
GI_001,Sessile serrated lesion,textbooks,Sessile serrated lesion BRAF V600E,True,8,https://storage.googleapis.com/pathology-hub-public-figures-830130787988/textbook_figures_web_v1/molecular_vasef/molecular_vasef_p0336_fig03_unidentified.jpeg
GI_001,Sessile serrated lesion,textbooks,Sessile serrated lesion BRAF V600E,True,9,https://storage.googleapis.com/pathology-hub-public-figures-830130787988/textbook_figures_web_v1/molecular_vasef/molecular_vasef_p0336_fig04_unidentified.jpeg
GI_001,Sessile serrated lesion,textbooks,Sessile serrated lesion BRAF V600E,True,10,https://storage.googleapis.com/pathology-hub-public-figures-830130787988/textbook_figures_web_v1/molecular_vasef/molecular_vasef_p0336_fig05_unidentified.jpeg
GI_001,Sessile serrated lesion,textbooks,Sessile serrated lesion BRAF V600E,True,11,https://storage.googleapis.com/pathology-hub-public-figures-830130787988/textbook_figures_web_v1/molecular_vasef/molecular_vasef_p0336_fig06_unidentified.jpeg
GI_001,Sessile serrated lesion,textbooks,Sessile serrated lesion BRAF V600E,True,12,https://storage.googleapis.com/pathology-hub-public-figures-830130787988/textbook_figures_web_v1/gi_intestinal_atlas1/gi_intestinal_atlas1_p0017_fig01_fig_1_19.jpeg
GI_001,Sessile serrated lesion,textbooks,Sessile serrated lesion BRAF V600E,True,13,https://storage.googleapis.com/pathology-hub-0/_asset_library/textbooks/Molecular_Vasef/page_images/Molecular_Vasef_page_0129.png
GI_001,Sessile serrated lesion,textbooks,Sessile serrated lesion BRAF V600E,True,14,https://storage.googleapis.com/pathology-hub-0/_asset_library/textbooks/Molecular_Vasef/page_images/Molecular_Vasef_page_0576.png
GI_001,Sessile serrated lesion,textbooks,Sessile serrated lesion BRAF V600E,True,15,https://storage.googleapis.com/pathology-hub-0/_asset_library/textbooks/GI_Biopsy_Interpretation_%28Neoplastic%29/page_images/GI_Biopsy_Interpretation_%28Neoplastic%29_page_0255.png
GI_001,Sessile serrated lesion,textbooks,Sessile serrated lesion BRAF V600E,True,16,https://storage.googleapis.com/pathology-hub-0/_asset_library/textbooks/Molecular_Vasef/page_images/Molecular_Vasef_page_0575.png
GI_002,Colorectal adenocarcinoma,who,Colorectal adenocarcinoma,True,1,https://storage.googleapis.com/pathology-hub-0/WHO/WHO_PICS/THORACIC/14289.jpg
GI_002,Colorectal adenocarcinoma,who,Colorectal adenocarcinoma,True,2,https://storage.googleapis.com/pathology-hub-0/WHO/WHO_PICS/THORACIC/14290.jpg
GI_002,Colorectal adenocarcinoma,who,Colorectal adenocarcinoma,True,3,https://storage.googleapis.com/pathology-hub-0/WHO/WHO_PICS/THORACIC/14293.jpg
GI_002,Colorectal adenocarcinoma,who,Colorectal adenocarcinoma,True,4,https://storage.googleapis.com/pathology-hub-0/WHO/WHO_PICS/THORACIC/0_0.jpeg
GI_002,Colorectal adenocarcinoma,who,Colorectal adenocarcinoma,True,5,https://storage.googleapis.com/pathology-hub-0/WHO/WHO_HTML/GENETICS/Gastric_Adenocarcinoma_And_Proximal_Polyposis_Of_Stomach_Gapps_Apc_Promoter.html
GI_002,Colorectal adenocarcinoma,who,Colorectal adenocarcinoma,True,6,https://storage.googleapis.com/pathology-hub-0/WHO/WHO_HTML/GENETICS/Hereditary_Mixed_Polyposis_Syndrome_Grem1.html
GI_002,Colorectal adenocarcinoma,who,Colorectal adenocarcinoma,True,7,https://storage.googleapis.com/pathology-hub-0/WHO/WHO_HTML/THORACIC/Enteric_Type_Adenocarcinoma_Of_The_Thymus.html
GI_002,Colorectal adenocarcinoma,who,Colorectal adenocarcinoma,True,8,https://storage.googleapis.com/pathology-hub-0/WHO/WHO_HTML/THORACIC/Enteric_Type_Adenocarcinoma_Of_The_Lung.html
GI_002,Colorectal adenocarcinoma,who,Colorectal adenocarcinoma,True,9,https://storage.googleapis.com/pathology-hub-0/WHO/WHO_HTML/GYN/Mucinous_Carcinoma_Intestinal_Type_Of_The_Vagina.html
GI_002,Colorectal adenocarcinoma,pathout,Colorectal adenocarcinoma,True,1,https://www.pathologyoutlines.com/thumb/colontumormolecularmicrosatellite_nih01.jpg
GI_002,Colorectal adenocarcinoma,pathout,Colorectal adenocarcinoma,True,2,https://www.pathologyoutlines.com/thumb/colontumormolecularmicrosatellite_nih02.jpg
GI_002,Colorectal adenocarcinoma,pathout,Colorectal adenocarcinoma,True,3,https://www.pathologyoutlines.com/thumb/colontumormolecularmicrosatellite_nih03.jpg
GI_002,Colorectal adenocarcinoma,pathout,Colorectal adenocarcinoma,True,4,https://www.pathologyoutlines.com/imgau/colontumormolecularmicrosatellite_bell07.jpg
GI_002,Colorectal adenocarcinoma,textbooks,Colorectal adenocarcinoma,True,1,https://storage.googleapis.com/pathology-hub-public-figures-830130787988/textbook_figures_web_v1/gi_intestinal_atlas1/gi_intestinal_atlas1_p0027_fig01_fig_2_3.jpeg
GI_002,Colorectal adenocarcinoma,textbooks,Colorectal adenocarcinoma,True,2,https://storage.googleapis.com/pathology-hub-public-figures-830130787988/textbook_figures_web_v1/gi_intestinal_atlas1/gi_intestinal_atlas1_p0030_fig02_fig_2_15.jpeg
GI_002,Colorectal adenocarcinoma,textbooks,Colorectal adenocarcinoma,True,3,https://storage.googleapis.com/pathology-hub-public-figures-830130787988/textbook_figures_web_v1/gi_intestinal_atlas1/gi_intestinal_atlas1_p0028_fig01_fig_2_6.jpeg
GI_002,Colorectal adenocarcinoma,textbooks,Colorectal adenocarcinoma,True,4,https://storage.googleapis.com/pathology-hub-public-figures-830130787988/textbook_figures_web_v1/gi_intestinal_atlas1/gi_intestinal_atlas1_p0027_fig04_fig_2_2.jpeg
GI_002,Colorectal adenocarcinoma,textbooks,Colorectal adenocarcinoma,True,5,https://storage.googleapis.com/pathology-hub-public-figures-830130787988/textbook_figures_web_v1/gi_intestinal_atlas1/gi_intestinal_atlas1_p0031_fig03_fig_2_22.jpeg
GI_002,Colorectal adenocarcinoma,textbooks,Colorectal adenocarcinoma,True,6,https://storage.googleapis.com/pathology-hub-public-figures-830130787988/textbook_figures_web_v1/gi_intestinal_atlas1/gi_intestinal_atlas1_p0032_fig02_fig_2_25.jpeg
GI_002,Colorectal adenocarcinoma,textbooks,Colorectal adenocarcinoma,True,7,https://storage.googleapis.com/pathology-hub-public-figures-830130787988/textbook_figures_web_v1/gi_intestinal_atlas1/gi_intestinal_atlas1_p0027_fig03_fig_2_4.jpeg
GI_002,Colorectal adenocarcinoma,textbooks,Colorectal adenocarcinoma,True,8,https://storage.googleapis.com/pathology-hub-public-figures-830130787988/textbook_figures_web_v1/gi_intestinal_atlas1/gi_intestinal_atlas1_p0028_fig05_fig_2_8.jpeg
GI_002,Colorectal adenocarcinoma,textbooks,Colorectal adenocarcinoma,True,9,https://storage.googleapis.com/pathology-hub-public-figures-830130787988/textbook_figures_web_v1/gi_intestinal_atlas1/gi_intestinal_atlas1_p0028_fig02_fig_2_9.jpeg
GI_002,Colorectal adenocarcinoma,textbooks,Colorectal adenocarcinoma,True,10,https://storage.googleapis.com/pathology-hub-public-figures-830130787988/textbook_figures_web_v1/gi_intestinal_atlas1/gi_intestinal_atlas1_p0027_fig02_fig_2_1.jpeg
GI_002,Colorectal adenocarcinoma,who,CRC,True,1,https://tumourclassification.iarc.who.int/static/dzi/67/55/38586.jpg
GI_002,Colorectal adenocarcinoma,who,CRC,True,2,https://tumourclassification.iarc.who.int/static/dzi/67/55/38587.jpg
GI_002,Colorectal adenocarcinoma,who,CRC,True,3,https://tumourclassification.iarc.who.int/static/dzi/67/55/38588.jpg
GI_002,Colorectal adenocarcinoma,who,CRC,True,4,https://tumourclassification.iarc.who.int/static/dzi/67/55/38589.jpg
GI_002,Colorectal adenocarcinoma,who,CRC,True,5,https://storage.googleapis.com/pathology-hub-0/WHO/WHO_HTML/THORACIC/Enteric_Type_Adenocarcinoma_Of_The_Thymus.html
GI_002,Colorectal adenocarcinoma,who,CRC,True,6,https://storage.googleapis.com/pathology-hub-0/WHO/WHO_HTML/GENETICS/Hereditary_Mixed_Polyposis_Syndrome_Grem1.html
GI_002,Colorectal adenocarcinoma,who,CRC,True,7,https://storage.googleapis.com/pathology-hub-0/WHO/WHO_HTML/GYN/Mucinous_Carcinoma_Intestinal_Type_Of_The_Vagina.html
GI_002,Colorectal adenocarcinoma,who,CRC,True,8,https://storage.googleapis.com/pathology-hub-0/WHO/WHO_HTML/THORACIC/Enteric_Type_Adenocarcinoma_Of_The_Lung.html
GI_002,Colorectal adenocarcinoma,who,CRC,True,9,https://storage.googleapis.com/pathology-hub-0/WHO/WHO_HTML/GENETICS/Axin2_Associated_Polyposis_Axin2.html
GI_002,Colorectal adenocarcinoma,pathout,CRC,True,1,https://www.pathologyoutlines.com/thumb/ovarytumorcolorectaladenonih01.jpg
GI_002,Colorectal adenocarcinoma,pathout,CRC,True,2,https://www.pathologyoutlines.com/imgau/ovarytumorcolorectaladenoLechner02.jpg
GI_002,Colorectal adenocarcinoma,pathout,CRC,True,3,https://www.pathologyoutlines.com/imgau/ovarytumorcolorectaladenoLechner03.jpg
GI_002,Colorectal adenocarcinoma,pathout,CRC,True,4,https://www.pathologyoutlines.com/imgau/ovarytumorcolorectaladenoParra-Herran01.jpg
GI_002,Colorectal adenocarcinoma,textbooks,CRC,True,1,https://storage.googleapis.com/pathology-hub-public-figures-830130787988/textbook_figures_web_v1/gi_intestinal_atlas1/gi_intestinal_atlas1_p0032_fig02_fig_2_25.jpeg
GI_002,Colorectal adenocarcinoma,textbooks,CRC,True,2,https://pathology-hub-v04-v0-2-staging-vorn5q2kga-uc.a.run.app/figures/textbook?u=Z3M6Ly9wYXRob2xvZ3lfaHViLzAxX3N0YWdlZC90ZXh0Ym9va3MvYXNzZXRzL2ZpZ3VyZV9pbWFnZXMvZ2lfaW50ZXN0aW5hbF9hdGxhczEvZ2lfaW50ZXN0aW5hbF9hdGxhczFfcDAwMjZfZmlnMDFfdW5pZGVudGlmaWVkLmpwZWc&exp=1783364341&sig=358cb28eec29c7af3587e950d92d5d8e8f3feac5dc06d43532bca9c8e76ef396
GI_002,Colorectal adenocarcinoma,textbooks,CRC,True,3,https://pathology-hub-v04-v0-2-staging-vorn5q2kga-uc.a.run.app/figures/textbook?u=Z3M6Ly9wYXRob2xvZ3lfaHViLzAxX3N0YWdlZC90ZXh0Ym9va3MvYXNzZXRzL2ZpZ3VyZV9pbWFnZXMvbW9sZWN1bGFyX2ZhcS9tb2xlY3VsYXJfZmFxX3AwMTc3X2ZpZzAxX3VuaWRlbnRpZmllZC5qcGVn&exp=1783364341&sig=8990d335bd7af601d2d0a90938d2add186c1c78bb1119c2586c381b6b0fe0f0d
GI_002,Colorectal adenocarcinoma,textbooks,CRC,True,4,https://storage.googleapis.com/pathology-hub-0/_asset_library/textbooks/Molecular_Faq/page_images/Molecular_Faq_page_0177.png
GI_002,Colorectal adenocarcinoma,textbooks,CRC,True,5,https://storage.googleapis.com/pathology-hub-public-figures-830130787988/textbook_figures_web_v1/gi_intestinal_atlas1/gi_intestinal_atlas1_p0032_fig01_fig_2_23.jpeg
GI_002,Colorectal adenocarcinoma,textbooks,CRC,True,6,https://storage.googleapis.com/pathology-hub-public-figures-830130787988/textbook_figures_web_v1/gi_intestinal_atlas1/gi_intestinal_atlas1_p0032_fig03_fig_2_24.jpeg
GI_002,Colorectal adenocarcinoma,textbooks,CRC,True,7,https://storage.googleapis.com/pathology-hub-public-figures-830130787988/textbook_figures_web_v1/gi_intestinal_atlas1/gi_intestinal_atlas1_p0032_fig04_fig_2_26.jpeg
GI_002,Colorectal adenocarcinoma,textbooks,CRC,True,8,https://storage.googleapis.com/pathology-hub-public-figures-830130787988/textbook_figures_web_v1/cyto_cibas/cyto_cibas_p0450_fig01_fig_13_24.jpeg
GI_002,Colorectal adenocarcinoma,textbooks,CRC,True,9,https://storage.googleapis.com/pathology-hub-0/_asset_library/textbooks/Cyto_Cibas/page_images/Cyto_Cibas_page_0450.png
GI_002,Colorectal adenocarcinoma,textbooks,CRC,True,10,https://storage.googleapis.com/pathology-hub-public-figures-830130787988/textbook_figures_web_v1/cyto_cibas/cyto_cibas_p0450_fig02_fig_13_25.jpeg
GI_002,Colorectal adenocarcinoma,textbooks,CRC,True,11,https://storage.googleapis.com/pathology-hub-public-figures-830130787988/textbook_figures_web_v1/cyto_cibas/cyto_cibas_p0450_fig03_unidentified.jpeg
GI_002,Colorectal adenocarcinoma,textbooks,CRC,True,12,https://storage.googleapis.com/pathology-hub-public-figures-830130787988/textbook_figures_web_v1/cyto_cibas/cyto_cibas_p0450_fig04_unidentified.jpeg
GI_002,Colorectal adenocarcinoma,textbooks,CRC,True,13,https://storage.googleapis.com/pathology-hub-0/_asset_library/textbooks/Molecular_Vasef/page_images/Molecular_Vasef_page_0575.png
GI_002,Colorectal adenocarcinoma,textbooks,CRC,True,14,https://storage.googleapis.com/pathology-hub-0/_asset_library/textbooks/Molecular_Faq/page_images/Molecular_Faq_page_0025.png
GI_002,Colorectal adenocarcinoma,textbooks,CRC,True,15,https://storage.googleapis.com/pathology-hub-0/_asset_library/textbooks/GI_Biopsy_Interpretation_%28Neoplastic%29/page_images/GI_Biopsy_Interpretation_%28Neoplastic%29_page_0204.png
GI_002,Colorectal adenocarcinoma,who,Colorectal adenocarcinoma colon,True,1,https://storage.googleapis.com/pathology-hub-0/WHO/WHO_PICS/THORACIC/14289.jpg
GI_002,Colorectal adenocarcinoma,who,Colorectal adenocarcinoma colon,True,2,https://storage.googleapis.com/pathology-hub-0/WHO/WHO_PICS/THORACIC/14290.jpg
GI_002,Colorectal adenocarcinoma,who,Colorectal adenocarcinoma colon,True,3,https://storage.googleapis.com/pathology-hub-0/WHO/WHO_PICS/THORACIC/14293.jpg
GI_002,Colorectal adenocarcinoma,who,Colorectal adenocarcinoma colon,True,4,https://storage.googleapis.com/pathology-hub-0/WHO/WHO_PICS/THORACIC/0_0.jpeg
GI_002,Colorectal adenocarcinoma,who,Colorectal adenocarcinoma colon,True,5,https://storage.googleapis.com/pathology-hub-0/WHO/WHO_HTML/GENETICS/Gastric_Adenocarcinoma_And_Proximal_Polyposis_Of_Stomach_Gapps_Apc_Promoter.html
GI_002,Colorectal adenocarcinoma,who,Colorectal adenocarcinoma colon,True,6,https://storage.googleapis.com/pathology-hub-0/WHO/WHO_HTML/GYN/Mucinous_Carcinoma_Intestinal_Type_Of_The_Vagina.html
GI_002,Colorectal adenocarcinoma,who,Colorectal adenocarcinoma colon,True,7,https://storage.googleapis.com/pathology-hub-0/WHO/WHO_HTML/GENETICS/Hereditary_Mixed_Polyposis_Syndrome_Grem1.html
GI_002,Colorectal adenocarcinoma,who,Colorectal adenocarcinoma colon,True,8,https://storage.googleapis.com/pathology-hub-0/WHO/WHO_HTML/THORACIC/Enteric_Type_Adenocarcinoma_Of_The_Thymus.html
GI_002,Colorectal adenocarcinoma,who,Colorectal adenocarcinoma colon,True,9,https://storage.googleapis.com/pathology-hub-0/WHO/WHO_HTML/THORACIC/Enteric_Type_Adenocarcinoma_Of_The_Lung.html
GI_002,Colorectal adenocarcinoma,pathout,Colorectal adenocarcinoma colon,True,1,https://www.pathologyoutlines.com/thumb/colontumoradenosquamousTHUMBncbi15.jpg
GI_002,Colorectal adenocarcinoma,pathout,Colorectal adenocarcinoma colon,True,2,https://www.pathologyoutlines.com/thumb/colontumoradenosquamousTHUMBncbi16.jpg
GI_002,Colorectal adenocarcinoma,pathout,Colorectal adenocarcinoma colon,True,3,https://www.pathologyoutlines.com/thumb/colontumoradenosquamousTHUMBncbi17.jpg
GI_002,Colorectal adenocarcinoma,pathout,Colorectal adenocarcinoma colon,True,4,https://www.pathologyoutlines.com/imgau/colonadenosquamousmicro01.jpg
GI_002,Colorectal adenocarcinoma,textbooks,Colorectal adenocarcinoma colon,True,1,https://storage.googleapis.com/pathology-hub-public-figures-830130787988/textbook_figures_web_v1/gi_intestinal_atlas1/gi_intestinal_atlas1_p0032_fig02_fig_2_25.jpeg
GI_002,Colorectal adenocarcinoma,textbooks,Colorectal adenocarcinoma colon,True,2,https://storage.googleapis.com/pathology-hub-public-figures-830130787988/textbook_figures_web_v1/gi_biopsy_interpretation_neoplastic/gi_biopsy_interpretation_neoplastic_p0235_fig01_figure_4_31.jpeg
GI_002,Colorectal adenocarcinoma,textbooks,Colorectal adenocarcinoma colon,True,3,https://storage.googleapis.com/pathology-hub-0/_asset_library/textbooks/GI_Biopsy_Interpretation_%28Neoplastic%29/page_images/GI_Biopsy_Interpretation_%28Neoplastic%29_page_0235.png
GI_002,Colorectal adenocarcinoma,textbooks,Colorectal adenocarcinoma colon,True,4,https://storage.googleapis.com/pathology-hub-public-figures-830130787988/textbook_figures_web_v1/gi_biopsy_interpretation_neoplastic/gi_biopsy_interpretation_neoplastic_p0233_fig01_figure_4_29.jpeg
GI_002,Colorectal adenocarcinoma,textbooks,Colorectal adenocarcinoma colon,True,5,https://storage.googleapis.com/pathology-hub-0/_asset_library/textbooks/GI_Biopsy_Interpretation_%28Neoplastic%29/page_images/GI_Biopsy_Interpretation_%28Neoplastic%29_page_0233.png
GI_002,Colorectal adenocarcinoma,textbooks,Colorectal adenocarcinoma colon,True,6,https://storage.googleapis.com/pathology-hub-public-figures-830130787988/textbook_figures_web_v1/gi_intestinal_atlas1/gi_intestinal_atlas1_p0028_fig01_fig_2_6.jpeg
GI_002,Colorectal adenocarcinoma,textbooks,Colorectal adenocarcinoma colon,True,7,https://storage.googleapis.com/pathology-hub-public-figures-830130787988/textbook_figures_web_v1/gi_intestinal_atlas1/gi_intestinal_atlas1_p0031_fig04_fig_2_20.jpeg
GI_002,Colorectal adenocarcinoma,textbooks,Colorectal adenocarcinoma colon,True,8,https://pathology-hub-v04-v0-2-staging-vorn5q2kga-uc.a.run.app/figures/textbook?u=Z3M6Ly9wYXRob2xvZ3lfaHViLzAxX3N0YWdlZC90ZXh0Ym9va3MvYXNzZXRzL2ZpZ3VyZV9pbWFnZXMvZ2lfaW50ZXN0aW5hbF9hdGxhczEvZ2lfaW50ZXN0aW5hbF9hdGxhczFfcDAwMjZfZmlnMDFfdW5pZGVudGlmaWVkLmpwZWc&exp=1783364345&sig=16cf7629e3c9fe10392feb1027f86e2ed8446738287cf20dea9dbcfa26810e04
GI_002,Colorectal adenocarcinoma,textbooks,Colorectal adenocarcinoma colon,True,9,https://storage.googleapis.com/pathology-hub-public-figures-830130787988/textbook_figures_web_v1/gi_intestinal_atlas1/gi_intestinal_atlas1_p0032_fig01_fig_2_23.jpeg
GI_002,Colorectal adenocarcinoma,textbooks,Colorectal adenocarcinoma colon,True,10,https://storage.googleapis.com/pathology-hub-public-figures-830130787988/textbook_figures_web_v1/gi_intestinal_atlas1/gi_intestinal_atlas1_p0032_fig03_fig_2_24.jpeg
GI_002,Colorectal adenocarcinoma,textbooks,Colorectal adenocarcinoma colon,True,11,https://storage.googleapis.com/pathology-hub-public-figures-830130787988/textbook_figures_web_v1/gi_intestinal_atlas1/gi_intestinal_atlas1_p0032_fig04_fig_2_26.jpeg
GI_002,Colorectal adenocarcinoma,textbooks,Colorectal adenocarcinoma colon,True,12,https://storage.googleapis.com/pathology-hub-public-figures-830130787988/textbook_figures_web_v1/gi_intestinal_atlas1/gi_intestinal_atlas1_p0028_fig02_fig_2_9.jpeg
GI_002,Colorectal adenocarcinoma,who,Colorectal adenocarcinoma MSI,True,1,https://storage.googleapis.com/pathology-hub-0/WHO/WHO_PICS/THORACIC/14289.jpg
GI_002,Colorectal adenocarcinoma,who,Colorectal adenocarcinoma MSI,True,2,https://storage.googleapis.com/pathology-hub-0/WHO/WHO_PICS/THORACIC/14290.jpg
GI_002,Colorectal adenocarcinoma,who,Colorectal adenocarcinoma MSI,True,3,https://storage.googleapis.com/pathology-hub-0/WHO/WHO_PICS/THORACIC/14293.jpg
GI_002,Colorectal adenocarcinoma,who,Colorectal adenocarcinoma MSI,True,4,https://storage.googleapis.com/pathology-hub-0/WHO/WHO_PICS/THORACIC/0_0.jpeg
GI_002,Colorectal adenocarcinoma,who,Colorectal adenocarcinoma MSI,True,5,https://storage.googleapis.com/pathology-hub-0/WHO/WHO_HTML/GENETICS/Gastric_Adenocarcinoma_And_Proximal_Polyposis_Of_Stomach_Gapps_Apc_Promoter.html
GI_002,Colorectal adenocarcinoma,who,Colorectal adenocarcinoma MSI,True,6,https://storage.googleapis.com/pathology-hub-0/WHO/WHO_HTML/GYN/Mucinous_Carcinoma_Intestinal_Type_Of_The_Vagina.html
GI_002,Colorectal adenocarcinoma,who,Colorectal adenocarcinoma MSI,True,7,https://storage.googleapis.com/pathology-hub-0/WHO/WHO_HTML/GENETICS/Hereditary_Mixed_Polyposis_Syndrome_Grem1.html
GI_002,Colorectal adenocarcinoma,who,Colorectal adenocarcinoma MSI,True,8,https://storage.googleapis.com/pathology-hub-0/WHO/WHO_HTML/THORACIC/Enteric_Type_Adenocarcinoma_Of_The_Thymus.html
GI_002,Colorectal adenocarcinoma,who,Colorectal adenocarcinoma MSI,True,9,https://storage.googleapis.com/pathology-hub-0/WHO/WHO_HTML/THORACIC/Enteric_Type_Adenocarcinoma_Of_The_Lung.html
GI_002,Colorectal adenocarcinoma,pathout,Colorectal adenocarcinoma MSI,True,1,https://www.pathologyoutlines.com/thumb/colontumormolecularmicrosatellite_nih01.jpg
GI_002,Colorectal adenocarcinoma,pathout,Colorectal adenocarcinoma MSI,True,2,https://www.pathologyoutlines.com/thumb/colontumormolecularmicrosatellite_nih02.jpg
GI_002,Colorectal adenocarcinoma,pathout,Colorectal adenocarcinoma MSI,True,3,https://www.pathologyoutlines.com/thumb/colontumormolecularmicrosatellite_nih03.jpg
GI_002,Colorectal adenocarcinoma,pathout,Colorectal adenocarcinoma MSI,True,4,https://www.pathologyoutlines.com/imgau/colontumormolecularmicrosatellite_bell07.jpg
GI_002,Colorectal adenocarcinoma,textbooks,Colorectal adenocarcinoma MSI,True,1,https://storage.googleapis.com/pathology-hub-public-figures-830130787988/textbook_figures_web_v1/molecular_vasef/molecular_vasef_p0578_fig03_unidentified.jpeg
GI_002,Colorectal adenocarcinoma,textbooks,Colorectal adenocarcinoma MSI,True,2,https://storage.googleapis.com/pathology-hub-0/_asset_library/textbooks/Molecular_Vasef/page_images/Molecular_Vasef_page_0578.png
GI_002,Colorectal adenocarcinoma,textbooks,Colorectal adenocarcinoma MSI,True,3,https://storage.googleapis.com/pathology-hub-public-figures-830130787988/textbook_figures_web_v1/molecular_vasef/molecular_vasef_p0574_fig01_unidentified.jpeg
GI_002,Colorectal adenocarcinoma,textbooks,Colorectal adenocarcinoma MSI,True,4,https://storage.googleapis.com/pathology-hub-0/_asset_library/textbooks/Molecular_Vasef/page_images/Molecular_Vasef_page_0574.png
GI_002,Colorectal adenocarcinoma,textbooks,Colorectal adenocarcinoma MSI,True,5,https://storage.googleapis.com/pathology-hub-public-figures-830130787988/textbook_figures_web_v1/molecular_vasef/molecular_vasef_p0578_fig01_unidentified.jpeg
GI_002,Colorectal adenocarcinoma,textbooks,Colorectal adenocarcinoma MSI,True,6,https://storage.googleapis.com/pathology-hub-public-figures-830130787988/textbook_figures_web_v1/molecular_vasef/molecular_vasef_p0578_fig02_unidentified.jpeg
GI_002,Colorectal adenocarcinoma,textbooks,Colorectal adenocarcinoma MSI,True,7,https://storage.googleapis.com/pathology-hub-public-figures-830130787988/textbook_figures_web_v1/molecular_vasef/molecular_vasef_p0578_fig04_unidentified.jpeg
GI_002,Colorectal adenocarcinoma,textbooks,Colorectal adenocarcinoma MSI,True,8,https://storage.googleapis.com/pathology-hub-public-figures-830130787988/textbook_figures_web_v1/molecular_vasef/molecular_vasef_p0578_fig05_unidentified.jpeg
GI_002,Colorectal adenocarcinoma,textbooks,Colorectal adenocarcinoma MSI,True,9,https://storage.googleapis.com/pathology-hub-public-figures-830130787988/textbook_figures_web_v1/molecular_vasef/molecular_vasef_p0578_fig06_unidentified.jpeg
GI_002,Colorectal adenocarcinoma,textbooks,Colorectal adenocarcinoma MSI,True,10,https://storage.googleapis.com/pathology-hub-public-figures-830130787988/textbook_figures_web_v1/molecular_vasef/molecular_vasef_p0578_fig07_unidentified.jpeg
GI_002,Colorectal adenocarcinoma,textbooks,Colorectal adenocarcinoma MSI,True,11,https://storage.googleapis.com/pathology-hub-public-figures-830130787988/textbook_figures_web_v1/molecular_vasef/molecular_vasef_p0578_fig08_unidentified.jpeg
GI_002,Colorectal adenocarcinoma,textbooks,Colorectal adenocarcinoma MSI,True,12,https://storage.googleapis.com/pathology-hub-public-figures-830130787988/textbook_figures_web_v1/molecular_vasef/molecular_vasef_p0574_fig02_unidentified.jpeg
GI_002,Colorectal adenocarcinoma,textbooks,Colorectal adenocarcinoma MSI,True,13,https://storage.googleapis.com/pathology-hub-0/_asset_library/textbooks/Molecular_Vasef/page_images/Molecular_Vasef_page_0576.png
GI_002,Colorectal adenocarcinoma,textbooks,Colorectal adenocarcinoma MSI,True,14,https://storage.googleapis.com/pathology-hub-0/_asset_library/textbooks/Molecular_Vasef/page_images/Molecular_Vasef_page_0575.png
GI_002,Colorectal adenocarcinoma,textbooks,Colorectal adenocarcinoma MSI,True,15,https://storage.googleapis.com/pathology-hub-0/_asset_library/textbooks/Molecular_Vasef/page_images/Molecular_Vasef_page_0577.png
GI_003,Barrett esophagus with dysplasia,who,Barrett esophagus with dysplasia,True,1,https://tumourclassification.iarc.who.int/static/dzi/52/182/27312.jpg
GI_003,Barrett esophagus with dysplasia,who,Barrett esophagus with dysplasia,True,2,https://tumourclassification.iarc.who.int/static/dzi/52/182/27314.jpg
GI_003,Barrett esophagus with dysplasia,who,Barrett esophagus with dysplasia,True,3,https://tumourclassification.iarc.who.int/static/dzi/52/182/27315.jpg
GI_003,Barrett esophagus with dysplasia,who,Barrett esophagus with dysplasia,True,4,https://tumourclassification.iarc.who.int/static/dzi/52/182/27316.jpg
GI_003,Barrett esophagus with dysplasia,who,Barrett esophagus with dysplasia,True,5,https://storage.googleapis.com/pathology-hub-0/WHO/WHO_HTML/HN/Cemento_Osseous_Dysplasia.html
GI_003,Barrett esophagus with dysplasia,who,Barrett esophagus with dysplasia,True,6,https://storage.googleapis.com/pathology-hub-0/WHO/WHO_HTML/HN/Fibrous_Dysplasia.html
GI_003,Barrett esophagus with dysplasia,who,Barrett esophagus with dysplasia,True,7,https://storage.googleapis.com/pathology-hub-0/WHO/WHO_HTML/GI/Oesophageal_Undifferentiated_Carcinoma.html
GI_003,Barrett esophagus with dysplasia,who,Barrett esophagus with dysplasia,True,8,https://storage.googleapis.com/pathology-hub-0/WHO/WHO_HTML/GI/Oesophageal_Neuroendocrine_Neoplasms.html
GI_003,Barrett esophagus with dysplasia,pathout,Barrett esophagus with dysplasia,True,1,https://www.pathologyoutlines.com/thumb/esophagusBarrettsgeneral_educationaldimensions02.gif
GI_003,Barrett esophagus with dysplasia,pathout,Barrett esophagus with dysplasia,True,2,https://www.pathologyoutlines.com/thumb/esophagusBarrettsgeneral_endoscopy-campus01.jpg
GI_003,Barrett esophagus with dysplasia,pathout,Barrett esophagus with dysplasia,True,3,https://www.pathologyoutlines.com/thumb/esophagusBarrettsgeneral_sciencedirect03.jpg
GI_003,Barrett esophagus with dysplasia,pathout,Barrett esophagus with dysplasia,True,4,https://www.pathologyoutlines.com/thumb/esophagusBarrettsgeneralnih05.jpg
GI_003,Barrett esophagus with dysplasia,textbooks,Barrett esophagus with dysplasia,True,1,https://storage.googleapis.com/pathology-hub-public-figures-830130787988/textbook_figures_web_v1/gi_biopsy_interpretation_neoplastic/gi_biopsy_interpretation_neoplastic_p0051_fig01_figure_1_39.jpeg
GI_003,Barrett esophagus with dysplasia,textbooks,Barrett esophagus with dysplasia,True,2,https://storage.googleapis.com/pathology-hub-0/_asset_library/textbooks/GI_Biopsy_Interpretation_%28Neoplastic%29/page_images/GI_Biopsy_Interpretation_%28Neoplastic%29_page_0051.png
GI_003,Barrett esophagus with dysplasia,textbooks,Barrett esophagus with dysplasia,True,3,https://storage.googleapis.com/pathology-hub-public-figures-830130787988/textbook_figures_web_v1/gi_biopsy_interpretation_neoplastic/gi_biopsy_interpretation_neoplastic_p0038_fig01_figure_1_23.jpeg
GI_003,Barrett esophagus with dysplasia,textbooks,Barrett esophagus with dysplasia,True,4,https://storage.googleapis.com/pathology-hub-0/_asset_library/textbooks/GI_Biopsy_Interpretation_%28Neoplastic%29/page_images/GI_Biopsy_Interpretation_%28Neoplastic%29_page_0038.png
GI_003,Barrett esophagus with dysplasia,textbooks,Barrett esophagus with dysplasia,True,5,https://storage.googleapis.com/pathology-hub-public-figures-830130787988/textbook_figures_web_v1/gi_biopsy_interpretation_neoplastic/gi_biopsy_interpretation_neoplastic_p0035_fig01_figure_1_19.jpeg
GI_003,Barrett esophagus with dysplasia,textbooks,Barrett esophagus with dysplasia,True,6,https://storage.googleapis.com/pathology-hub-0/_asset_library/textbooks/GI_Biopsy_Interpretation_%28Neoplastic%29/page_images/GI_Biopsy_Interpretation_%28Neoplastic%29_page_0035.png
GI_003,Barrett esophagus with dysplasia,textbooks,Barrett esophagus with dysplasia,True,7,https://storage.googleapis.com/pathology-hub-public-figures-830130787988/textbook_figures_web_v1/gi_biopsy_interpretation_neoplastic/gi_biopsy_interpretation_neoplastic_p0038_fig02_figure_1_24.jpeg
GI_003,Barrett esophagus with dysplasia,textbooks,Barrett esophagus with dysplasia,True,8,https://storage.googleapis.com/pathology-hub-public-figures-830130787988/textbook_figures_web_v1/gi_biopsy_interpretation_neoplastic/gi_biopsy_interpretation_neoplastic_p0034_fig01_figure_1_18.jpeg
GI_003,Barrett esophagus with dysplasia,textbooks,Barrett esophagus with dysplasia,True,9,https://storage.googleapis.com/pathology-hub-0/_asset_library/textbooks/GI_Biopsy_Interpretation_%28Neoplastic%29/page_images/GI_Biopsy_Interpretation_%28Neoplastic%29_page_0034.png
GI_003,Barrett esophagus with dysplasia,textbooks,Barrett esophagus with dysplasia,True,10,https://storage.googleapis.com/pathology-hub-public-figures-830130787988/textbook_figures_web_v1/gi_biopsy_interpretation_neoplastic/gi_biopsy_interpretation_neoplastic_p0033_fig01_figure_1_16.jpeg
GI_003,Barrett esophagus with dysplasia,textbooks,Barrett esophagus with dysplasia,True,11,https://storage.googleapis.com/pathology-hub-0/_asset_library/textbooks/GI_Biopsy_Interpretation_%28Neoplastic%29/page_images/GI_Biopsy_Interpretation_%28Neoplastic%29_page_0033.png
GI_003,Barrett esophagus with dysplasia,textbooks,Barrett esophagus with dysplasia,True,12,https://storage.googleapis.com/pathology-hub-public-figures-830130787988/textbook_figures_web_v1/gi_biopsy_interpretation_neoplastic/gi_biopsy_interpretation_neoplastic_p0060_fig01_figure_1_49.jpeg
GI_003,Barrett esophagus with dysplasia,textbooks,Barrett esophagus with dysplasia,True,13,https://storage.googleapis.com/pathology-hub-0/_asset_library/textbooks/GI_Biopsy_Interpretation_%28Neoplastic%29/page_images/GI_Biopsy_Interpretation_%28Neoplastic%29_page_0060.png
GI_003,Barrett esophagus with dysplasia,textbooks,Barrett esophagus with dysplasia,True,14,https://storage.googleapis.com/pathology-hub-public-figures-830130787988/textbook_figures_web_v1/gi_biopsy_interpretation_neoplastic/gi_biopsy_interpretation_neoplastic_p0035_fig02_figure_1_20.jpeg
GI_003,Barrett esophagus with dysplasia,textbooks,Barrett esophagus with dysplasia,True,15,https://storage.googleapis.com/pathology-hub-public-figures-830130787988/textbook_figures_web_v1/gi_biopsy_interpretation_neoplastic/gi_biopsy_interpretation_neoplastic_p0033_fig02_figure_1_17.jpeg
GI_003,Barrett esophagus with dysplasia,textbooks,Barrett esophagus with dysplasia,True,16,https://storage.googleapis.com/pathology-hub-public-figures-830130787988/textbook_figures_web_v1/gi_biopsy_interpretation_neoplastic/gi_biopsy_interpretation_neoplastic_p0060_fig02_fig_1_203.jpeg
GI_003,Barrett esophagus with dysplasia,textbooks,Barrett esophagus with dysplasia,True,17,https://storage.googleapis.com/pathology-hub-0/_asset_library/textbooks/GI_Biopsy_Interpretation_%28Neoplastic%29/page_images/GI_Biopsy_Interpretation_%28Neoplastic%29_page_0028.png
GI_003,Barrett esophagus with dysplasia,textbooks,Barrett esophagus with dysplasia,True,18,https://storage.googleapis.com/pathology-hub-0/_asset_library/textbooks/GI_Biopsy_Interpretation_%28Neoplastic%29/page_images/GI_Biopsy_Interpretation_%28Neoplastic%29_page_0053.png
GI_003,Barrett esophagus with dysplasia,who,Barrett esophagus with dysplasia esophagus,True,1,https://tumourclassification.iarc.who.int/static/dzi/52/182/27312.jpg
GI_003,Barrett esophagus with dysplasia,who,Barrett esophagus with dysplasia esophagus,True,2,https://tumourclassification.iarc.who.int/static/dzi/52/182/27314.jpg
GI_003,Barrett esophagus with dysplasia,who,Barrett esophagus with dysplasia esophagus,True,3,https://tumourclassification.iarc.who.int/static/dzi/52/182/27315.jpg
GI_003,Barrett esophagus with dysplasia,who,Barrett esophagus with dysplasia esophagus,True,4,https://tumourclassification.iarc.who.int/static/dzi/52/182/27316.jpg
GI_003,Barrett esophagus with dysplasia,who,Barrett esophagus with dysplasia esophagus,True,5,https://storage.googleapis.com/pathology-hub-0/WHO/WHO_HTML/HN/Cemento_Osseous_Dysplasia.html
GI_003,Barrett esophagus with dysplasia,who,Barrett esophagus with dysplasia esophagus,True,6,https://storage.googleapis.com/pathology-hub-0/WHO/WHO_HTML/HN/Fibrous_Dysplasia.html
GI_003,Barrett esophagus with dysplasia,who,Barrett esophagus with dysplasia esophagus,True,7,https://storage.googleapis.com/pathology-hub-0/WHO/WHO_HTML/GI/Oesophageal_Undifferentiated_Carcinoma.html
GI_003,Barrett esophagus with dysplasia,who,Barrett esophagus with dysplasia esophagus,True,8,https://storage.googleapis.com/pathology-hub-0/WHO/WHO_HTML/GENETICS/Werner_Syndrome_Wrn.html
GI_003,Barrett esophagus with dysplasia,who,Barrett esophagus with dysplasia esophagus,True,9,https://storage.googleapis.com/pathology-hub-0/WHO/WHO_HTML/GI/Oesophageal_Neuroendocrine_Neoplasms.html
GI_003,Barrett esophagus with dysplasia,pathout,Barrett esophagus with dysplasia esophagus,True,1,https://www.pathologyoutlines.com/thumb/esophagusBarrettsgeneral_educationaldimensions02.gif
GI_003,Barrett esophagus with dysplasia,pathout,Barrett esophagus with dysplasia esophagus,True,2,https://www.pathologyoutlines.com/thumb/esophagusBarrettsgeneral_endoscopy-campus01.jpg
GI_003,Barrett esophagus with dysplasia,pathout,Barrett esophagus with dysplasia esophagus,True,3,https://www.pathologyoutlines.com/thumb/esophagusBarrettsgeneral_sciencedirect03.jpg
GI_003,Barrett esophagus with dysplasia,pathout,Barrett esophagus with dysplasia esophagus,True,4,https://www.pathologyoutlines.com/thumb/esophagusBarrettsgeneralnih05.jpg
GI_003,Barrett esophagus with dysplasia,textbooks,Barrett esophagus with dysplasia esophagus,True,1,https://storage.googleapis.com/pathology-hub-public-figures-830130787988/textbook_figures_web_v1/gi_biopsy_interpretation_neoplastic/gi_biopsy_interpretation_neoplastic_p0051_fig01_figure_1_39.jpeg
GI_003,Barrett esophagus with dysplasia,textbooks,Barrett esophagus with dysplasia esophagus,True,2,https://storage.googleapis.com/pathology-hub-0/_asset_library/textbooks/GI_Biopsy_Interpretation_%28Neoplastic%29/page_images/GI_Biopsy_Interpretation_%28Neoplastic%29_page_0051.png
GI_003,Barrett esophagus with dysplasia,textbooks,Barrett esophagus with dysplasia esophagus,True,3,https://storage.googleapis.com/pathology-hub-public-figures-830130787988/textbook_figures_web_v1/gi_biopsy_interpretation_neoplastic/gi_biopsy_interpretation_neoplastic_p0038_fig02_figure_1_24.jpeg
GI_003,Barrett esophagus with dysplasia,textbooks,Barrett esophagus with dysplasia esophagus,True,4,https://storage.googleapis.com/pathology-hub-0/_asset_library/textbooks/GI_Biopsy_Interpretation_%28Neoplastic%29/page_images/GI_Biopsy_Interpretation_%28Neoplastic%29_page_0038.png
GI_003,Barrett esophagus with dysplasia,textbooks,Barrett esophagus with dysplasia esophagus,True,5,https://storage.googleapis.com/pathology-hub-public-figures-830130787988/textbook_figures_web_v1/gi_biopsy_interpretation_neoplastic/gi_biopsy_interpretation_neoplastic_p0038_fig01_figure_1_23.jpeg
GI_003,Barrett esophagus with dysplasia,textbooks,Barrett esophagus with dysplasia esophagus,True,6,https://storage.googleapis.com/pathology-hub-public-figures-830130787988/textbook_figures_web_v1/gi_biopsy_interpretation_neoplastic/gi_biopsy_interpretation_neoplastic_p0035_fig01_figure_1_19.jpeg
GI_003,Barrett esophagus with dysplasia,textbooks,Barrett esophagus with dysplasia esophagus,True,7,https://storage.googleapis.com/pathology-hub-0/_asset_library/textbooks/GI_Biopsy_Interpretation_%28Neoplastic%29/page_images/GI_Biopsy_Interpretation_%28Neoplastic%29_page_0035.png
GI_003,Barrett esophagus with dysplasia,textbooks,Barrett esophagus with dysplasia esophagus,True,8,https://storage.googleapis.com/pathology-hub-public-figures-830130787988/textbook_figures_web_v1/gi_biopsy_interpretation_neoplastic/gi_biopsy_interpretation_neoplastic_p0034_fig01_figure_1_18.jpeg
GI_003,Barrett esophagus with dysplasia,textbooks,Barrett esophagus with dysplasia esophagus,True,9,https://storage.googleapis.com/pathology-hub-0/_asset_library/textbooks/GI_Biopsy_Interpretation_%28Neoplastic%29/page_images/GI_Biopsy_Interpretation_%28Neoplastic%29_page_0034.png
GI_003,Barrett esophagus with dysplasia,textbooks,Barrett esophagus with dysplasia esophagus,True,10,https://storage.googleapis.com/pathology-hub-public-figures-830130787988/textbook_figures_web_v1/gi_biopsy_interpretation_neoplastic/gi_biopsy_interpretation_neoplastic_p0060_fig01_figure_1_49.jpeg
GI_003,Barrett esophagus with dysplasia,textbooks,Barrett esophagus with dysplasia esophagus,True,11,https://storage.googleapis.com/pathology-hub-0/_asset_library/textbooks/GI_Biopsy_Interpretation_%28Neoplastic%29/page_images/GI_Biopsy_Interpretation_%28Neoplastic%29_page_0060.png
GI_003,Barrett esophagus with dysplasia,textbooks,Barrett esophagus with dysplasia esophagus,True,12,https://storage.googleapis.com/pathology-hub-public-figures-830130787988/textbook_figures_web_v1/gi_biopsy_interpretation_neoplastic/gi_biopsy_interpretation_neoplastic_p0033_fig01_figure_1_16.jpeg
GI_003,Barrett esophagus with dysplasia,textbooks,Barrett esophagus with dysplasia esophagus,True,13,https://storage.googleapis.com/pathology-hub-0/_asset_library/textbooks/GI_Biopsy_Interpretation_%28Neoplastic%29/page_images/GI_Biopsy_Interpretation_%28Neoplastic%29_page_0033.png
GI_003,Barrett esophagus with dysplasia,textbooks,Barrett esophagus with dysplasia esophagus,True,14,https://storage.googleapis.com/pathology-hub-public-figures-830130787988/textbook_figures_web_v1/gi_biopsy_interpretation_neoplastic/gi_biopsy_interpretation_neoplastic_p0035_fig02_figure_1_20.jpeg
GI_003,Barrett esophagus with dysplasia,textbooks,Barrett esophagus with dysplasia esophagus,True,15,https://storage.googleapis.com/pathology-hub-public-figures-830130787988/textbook_figures_web_v1/gi_biopsy_interpretation_neoplastic/gi_biopsy_interpretation_neoplastic_p0060_fig02_fig_1_203.jpeg
GI_003,Barrett esophagus with dysplasia,textbooks,Barrett esophagus with dysplasia esophagus,True,16,https://storage.googleapis.com/pathology-hub-public-figures-830130787988/textbook_figures_web_v1/gi_biopsy_interpretation_neoplastic/gi_biopsy_interpretation_neoplastic_p0033_fig02_figure_1_17.jpeg
GI_003,Barrett esophagus with dysplasia,textbooks,Barrett esophagus with dysplasia esophagus,True,17,https://storage.googleapis.com/pathology-hub-0/_asset_library/textbooks/GI_Biopsy_Interpretation_%28Neoplastic%29/page_images/GI_Biopsy_Interpretation_%28Neoplastic%29_page_0028.png
GI_003,Barrett esophagus with dysplasia,textbooks,Barrett esophagus with dysplasia esophagus,True,18,https://storage.googleapis.com/pathology-hub-0/_asset_library/textbooks/GI_Biopsy_Interpretation_%28Neoplastic%29/page_images/GI_Biopsy_Interpretation_%28Neoplastic%29_page_0053.png
GI_003,Barrett esophagus with dysplasia,who,Barrett esophagus with dysplasia intestinal metaplasia,True,1,https://storage.googleapis.com/pathology-hub-0/WHO/WHO_PICS/GI/290.jpg
GI_003,Barrett esophagus with dysplasia,who,Barrett esophagus with dysplasia intestinal metaplasia,True,2,https://storage.googleapis.com/pathology-hub-0/WHO/WHO_PICS/GI/291.jpg
GI_003,Barrett esophagus with dysplasia,who,Barrett esophagus with dysplasia intestinal metaplasia,True,3,https://storage.googleapis.com/pathology-hub-0/WHO/WHO_PICS/GI/292.jpg
GI_003,Barrett esophagus with dysplasia,who,Barrett esophagus with dysplasia intestinal metaplasia,True,4,https://storage.googleapis.com/pathology-hub-0/WHO/WHO_PICS/GYN/13549.jpg
GI_003,Barrett esophagus with dysplasia,who,Barrett esophagus with dysplasia intestinal metaplasia,True,5,https://storage.googleapis.com/pathology-hub-0/WHO/WHO_HTML/GYN/Adenocarcinoma_Of_Intestinal_Type.html
GI_003,Barrett esophagus with dysplasia,who,Barrett esophagus with dysplasia intestinal metaplasia,True,6,https://storage.googleapis.com/pathology-hub-0/WHO/WHO_HTML/GI/Non_Ampullary_Adenoma.html
GI_003,Barrett esophagus with dysplasia,who,Barrett esophagus with dysplasia intestinal metaplasia,True,7,https://storage.googleapis.com/pathology-hub-0/WHO/WHO_HTML/GI/Intestinal_Type_Gastric_Adenoma.html
GI_003,Barrett esophagus with dysplasia,pathout,Barrett esophagus with dysplasia intestinal metaplasia,True,1,https://www.pathologyoutlines.com/thumb/esophagusBarrettsgeneral_educationaldimensions02.gif
GI_003,Barrett esophagus with dysplasia,pathout,Barrett esophagus with dysplasia intestinal metaplasia,True,2,https://www.pathologyoutlines.com/thumb/esophagusBarrettsgeneral_endoscopy-campus01.jpg
GI_003,Barrett esophagus with dysplasia,pathout,Barrett esophagus with dysplasia intestinal metaplasia,True,3,https://www.pathologyoutlines.com/thumb/esophagusBarrettsgeneral_sciencedirect03.jpg
GI_003,Barrett esophagus with dysplasia,pathout,Barrett esophagus with dysplasia intestinal metaplasia,True,4,https://www.pathologyoutlines.com/thumb/esophagusBarrettsgeneralnih05.jpg
GI_003,Barrett esophagus with dysplasia,textbooks,Barrett esophagus with dysplasia intestinal metaplasia,True,1,https://storage.googleapis.com/pathology-hub-public-figures-830130787988/textbook_figures_web_v1/gi_biopsy_interpretation_neoplastic/gi_biopsy_interpretation_neoplastic_p0027_fig01_figure_1_12.jpeg
GI_003,Barrett esophagus with dysplasia,textbooks,Barrett esophagus with dysplasia intestinal metaplasia,True,2,https://storage.googleapis.com/pathology-hub-0/_asset_library/textbooks/GI_Biopsy_Interpretation_%28Neoplastic%29/page_images/GI_Biopsy_Interpretation_%28Neoplastic%29_page_0027.png
GI_003,Barrett esophagus with dysplasia,textbooks,Barrett esophagus with dysplasia intestinal metaplasia,True,3,https://storage.googleapis.com/pathology-hub-public-figures-830130787988/textbook_figures_web_v1/cyto_comprehensive_part_one/cyto_comprehensive_part_one_p0338_fig01_unidentified.png
GI_003,Barrett esophagus with dysplasia,textbooks,Barrett esophagus with dysplasia intestinal metaplasia,True,4,https://storage.googleapis.com/pathology-hub-public-figures-830130787988/textbook_figures_web_v1/gi_biopsy_interpretation_neoplastic/gi_biopsy_interpretation_neoplastic_p0019_fig01_figure_1_1.jpeg
GI_003,Barrett esophagus with dysplasia,textbooks,Barrett esophagus with dysplasia intestinal metaplasia,True,5,https://storage.googleapis.com/pathology-hub-0/_asset_library/textbooks/GI_Biopsy_Interpretation_%28Neoplastic%29/page_images/GI_Biopsy_Interpretation_%28Neoplastic%29_page_0019.png
GI_003,Barrett esophagus with dysplasia,textbooks,Barrett esophagus with dysplasia intestinal metaplasia,True,6,https://storage.googleapis.com/pathology-hub-public-figures-830130787988/textbook_figures_web_v1/gi_biopsy_interpretation_neoplastic/gi_biopsy_interpretation_neoplastic_p0026_fig01_figure_1_10.jpeg
GI_003,Barrett esophagus with dysplasia,textbooks,Barrett esophagus with dysplasia intestinal metaplasia,True,7,https://storage.googleapis.com/pathology-hub-0/_asset_library/textbooks/GI_Biopsy_Interpretation_%28Neoplastic%29/page_images/GI_Biopsy_Interpretation_%28Neoplastic%29_page_0026.png
GI_003,Barrett esophagus with dysplasia,textbooks,Barrett esophagus with dysplasia intestinal metaplasia,True,8,https://storage.googleapis.com/pathology-hub-public-figures-830130787988/textbook_figures_web_v1/gi_biopsy_interpretation_neoplastic/gi_biopsy_interpretation_neoplastic_p0026_fig02_figure_1_11.jpeg
GI_003,Barrett esophagus with dysplasia,textbooks,Barrett esophagus with dysplasia intestinal metaplasia,True,9,https://storage.googleapis.com/pathology-hub-0/_asset_library/textbooks/GI_Biopsy_Interpretation_%28Neoplastic%29/page_images/GI_Biopsy_Interpretation_%28Neoplastic%29_page_0018.png
GI_003,Barrett esophagus with dysplasia,textbooks,Barrett esophagus with dysplasia intestinal metaplasia,True,10,https://storage.googleapis.com/pathology-hub-0/_asset_library/textbooks/GI_Biopsy_Interpretation_%28Neoplastic%29/page_images/GI_Biopsy_Interpretation_%28Neoplastic%29_page_0028.png
GI_003,Barrett esophagus with dysplasia,textbooks,Barrett esophagus with dysplasia intestinal metaplasia,True,11,https://storage.googleapis.com/pathology-hub-0/_asset_library/textbooks/GI_Biopsy_Interpretation_%28Neoplastic%29/page_images/GI_Biopsy_Interpretation_%28Neoplastic%29_page_0017.png
GI_003,Barrett esophagus with dysplasia,textbooks,Barrett esophagus with dysplasia intestinal metaplasia,True,12,https://storage.googleapis.com/pathology-hub-0/_asset_library/textbooks/GI_Biopsy_Interpretation_%28Neoplastic%29/page_images/GI_Biopsy_Interpretation_%28Neoplastic%29_page_0029.png
GI_004,Intraductal papillary mucinous neoplasm,who,Intraductal papillary mucinous neoplasm,True,1,https://storage.googleapis.com/pathology-hub-0/WHO/WHO_HTML/CYTO_PANCREAS/Pancreatic_Intraductal_Papillary_Mucinous_Neoplasm_Low_Grade.html
GI_004,Intraductal papillary mucinous neoplasm,who,Intraductal papillary mucinous neoplasm,True,2,https://storage.googleapis.com/pathology-hub-0/WHO/WHO_HTML/CYTO_PANCREAS/Pancreatic_Intraductal_Papillary_Mucinous_Neoplasm_High_Grade.html
GI_004,Intraductal papillary mucinous neoplasm,pathout,Intraductal papillary mucinous neoplasm,True,1,https://www.pathologyoutlines.com/thumb/pancreasipmn_nih04.jpg
GI_004,Intraductal papillary mucinous neoplasm,pathout,Intraductal papillary mucinous neoplasm,True,2,https://www.pathologyoutlines.com/thumb/pancreasipmnradio1.jpg
GI_004,Intraductal papillary mucinous neoplasm,pathout,Intraductal papillary mucinous neoplasm,True,3,https://www.pathologyoutlines.com/thumb/pancreasipmnradio2.jpg
GI_004,Intraductal papillary mucinous neoplasm,pathout,Intraductal papillary mucinous neoplasm,True,4,https://www.pathologyoutlines.com/thumb/pancreasipmnradio6.jpg
GI_004,Intraductal papillary mucinous neoplasm,textbooks,Intraductal papillary mucinous neoplasm,True,1,https://storage.googleapis.com/pathology-hub-public-figures-830130787988/textbook_figures_web_v1/molecular_vasef/molecular_vasef_p0610_fig02_unidentified.jpeg
GI_004,Intraductal papillary mucinous neoplasm,textbooks,Intraductal papillary mucinous neoplasm,True,2,https://storage.googleapis.com/pathology-hub-0/_asset_library/textbooks/Molecular_Vasef/page_images/Molecular_Vasef_page_0610.png
GI_004,Intraductal papillary mucinous neoplasm,textbooks,Intraductal papillary mucinous neoplasm,True,3,https://storage.googleapis.com/pathology-hub-public-figures-830130787988/textbook_figures_web_v1/molecular_vasef/molecular_vasef_p0610_fig01_unidentified.jpeg
GI_004,Intraductal papillary mucinous neoplasm,textbooks,Intraductal papillary mucinous neoplasm,True,4,https://storage.googleapis.com/pathology-hub-public-figures-830130787988/textbook_figures_web_v1/cyto_comprehensive_part_two/cyto_comprehensive_part_two_p0352_fig02_figure_30_48.jpg
GI_004,Intraductal papillary mucinous neoplasm,textbooks,Intraductal papillary mucinous neoplasm,True,5,https://storage.googleapis.com/pathology-hub-0/_asset_library/textbooks/Cyto_Comprehensive_Part_Two/page_images/Cyto_Comprehensive_Part_Two_page_0352.png
GI_004,Intraductal papillary mucinous neoplasm,textbooks,Intraductal papillary mucinous neoplasm,True,6,https://storage.googleapis.com/pathology-hub-public-figures-830130787988/textbook_figures_web_v1/cyto_comprehensive_part_two/cyto_comprehensive_part_two_p0353_fig01_figure_30_49.png
GI_004,Intraductal papillary mucinous neoplasm,textbooks,Intraductal papillary mucinous neoplasm,True,7,https://storage.googleapis.com/pathology-hub-0/_asset_library/textbooks/Cyto_Comprehensive_Part_Two/page_images/Cyto_Comprehensive_Part_Two_page_0353.png
GI_004,Intraductal papillary mucinous neoplasm,textbooks,Intraductal papillary mucinous neoplasm,True,8,https://storage.googleapis.com/pathology-hub-public-figures-830130787988/textbook_figures_web_v1/cyto_cibas/cyto_cibas_p0480_fig01_fig_14_23.jpeg
GI_004,Intraductal papillary mucinous neoplasm,textbooks,Intraductal papillary mucinous neoplasm,True,9,https://storage.googleapis.com/pathology-hub-0/_asset_library/textbooks/Cyto_Cibas/page_images/Cyto_Cibas_page_0480.png
GI_004,Intraductal papillary mucinous neoplasm,textbooks,Intraductal papillary mucinous neoplasm,True,10,https://storage.googleapis.com/pathology-hub-public-figures-830130787988/textbook_figures_web_v1/cyto_pattern/cyto_pattern_p0336_fig03_figure_7_43.jpeg
GI_004,Intraductal papillary mucinous neoplasm,textbooks,Intraductal papillary mucinous neoplasm,True,11,https://storage.googleapis.com/pathology-hub-0/_asset_library/textbooks/Cyto_Pattern/page_images/Cyto_Pattern_page_0336.png
GI_004,Intraductal papillary mucinous neoplasm,textbooks,Intraductal papillary mucinous neoplasm,True,12,https://storage.googleapis.com/pathology-hub-public-figures-830130787988/textbook_figures_web_v1/cyto_pattern/cyto_pattern_p0336_fig02_figure_7_42.jpeg
GI_004,Intraductal papillary mucinous neoplasm,textbooks,Intraductal papillary mucinous neoplasm,True,13,https://storage.googleapis.com/pathology-hub-public-figures-830130787988/textbook_figures_web_v1/cyto_comprehensive_part_two/cyto_comprehensive_part_two_p0353_fig03_figure_30_50.jpg
GI_004,Intraductal papillary mucinous neoplasm,textbooks,Intraductal papillary mucinous neoplasm,True,14,https://storage.googleapis.com/pathology-hub-public-figures-830130787988/textbook_figures_web_v1/molecular_vasef/molecular_vasef_p0610_fig03_unidentified.jpeg
GI_004,Intraductal papillary mucinous neoplasm,textbooks,Intraductal papillary mucinous neoplasm,True,15,https://storage.googleapis.com/pathology-hub-public-figures-830130787988/textbook_figures_web_v1/molecular_vasef/molecular_vasef_p0610_fig04_unidentified.jpeg
GI_004,Intraductal papillary mucinous neoplasm,textbooks,Intraductal papillary mucinous neoplasm,True,16,https://storage.googleapis.com/pathology-hub-0/_asset_library/textbooks/Molecular_Vasef/page_images/Molecular_Vasef_page_0611.png
GI_004,Intraductal papillary mucinous neoplasm,who,IPMN,True,1,https://storage.googleapis.com/pathology-hub-0/WHO/WHO_HTML/CYTO_PANCREAS/Pancreatic_Intraductal_Papillary_Mucinous_Neoplasm_High_Grade.html
GI_004,Intraductal papillary mucinous neoplasm,who,IPMN,True,2,https://storage.googleapis.com/pathology-hub-0/WHO/WHO_HTML/CYTO_PANCREAS/Pancreatic_Intraductal_Papillary_Mucinous_Neoplasm_Low_Grade.html
GI_004,Intraductal papillary mucinous neoplasm,pathout,IPMN,True,1,https://www.pathologyoutlines.com/thumb/pancreasipmn_nih04.jpg
GI_004,Intraductal papillary mucinous neoplasm,pathout,IPMN,True,2,https://www.pathologyoutlines.com/thumb/pancreasipmnradio1.jpg
GI_004,Intraductal papillary mucinous neoplasm,pathout,IPMN,True,3,https://www.pathologyoutlines.com/thumb/pancreasipmnradio2.jpg
GI_004,Intraductal papillary mucinous neoplasm,pathout,IPMN,True,4,https://www.pathologyoutlines.com/thumb/pancreasipmnradio6.jpg
GI_004,Intraductal papillary mucinous neoplasm,textbooks,IPMN,True,1,https://storage.googleapis.com/pathology-hub-public-figures-830130787988/textbook_figures_web_v1/molecular_vasef/molecular_vasef_p0610_fig02_unidentified.jpeg
GI_004,Intraductal papillary mucinous neoplasm,textbooks,IPMN,True,2,https://storage.googleapis.com/pathology-hub-0/_asset_library/textbooks/Molecular_Vasef/page_images/Molecular_Vasef_page_0610.png
GI_004,Intraductal papillary mucinous neoplasm,textbooks,IPMN,True,3,https://storage.googleapis.com/pathology-hub-public-figures-830130787988/textbook_figures_web_v1/molecular_vasef/molecular_vasef_p0610_fig01_unidentified.jpeg
GI_004,Intraductal papillary mucinous neoplasm,textbooks,IPMN,True,4,https://storage.googleapis.com/pathology-hub-public-figures-830130787988/textbook_figures_web_v1/cyto_comprehensive_part_two/cyto_comprehensive_part_two_p0352_fig02_figure_30_48.jpg
GI_004,Intraductal papillary mucinous neoplasm,textbooks,IPMN,True,5,https://storage.googleapis.com/pathology-hub-0/_asset_library/textbooks/Cyto_Comprehensive_Part_Two/page_images/Cyto_Comprehensive_Part_Two_page_0352.png
GI_004,Intraductal papillary mucinous neoplasm,textbooks,IPMN,True,6,https://storage.googleapis.com/pathology-hub-public-figures-830130787988/textbook_figures_web_v1/cyto_pattern/cyto_pattern_p0336_fig03_figure_7_43.jpeg
GI_004,Intraductal papillary mucinous neoplasm,textbooks,IPMN,True,7,https://storage.googleapis.com/pathology-hub-0/_asset_library/textbooks/Cyto_Pattern/page_images/Cyto_Pattern_page_0336.png
GI_004,Intraductal papillary mucinous neoplasm,textbooks,IPMN,True,8,https://storage.googleapis.com/pathology-hub-public-figures-830130787988/textbook_figures_web_v1/cyto_cibas/cyto_cibas_p0478_fig01_fig_14_22.jpeg
GI_004,Intraductal papillary mucinous neoplasm,textbooks,IPMN,True,9,https://storage.googleapis.com/pathology-hub-0/_asset_library/textbooks/Cyto_Cibas/page_images/Cyto_Cibas_page_0478.png
GI_004,Intraductal papillary mucinous neoplasm,textbooks,IPMN,True,10,https://storage.googleapis.com/pathology-hub-public-figures-830130787988/textbook_figures_web_v1/molecular_vasef/molecular_vasef_p0610_fig03_unidentified.jpeg
GI_004,Intraductal papillary mucinous neoplasm,textbooks,IPMN,True,11,https://storage.googleapis.com/pathology-hub-public-figures-830130787988/textbook_figures_web_v1/molecular_vasef/molecular_vasef_p0610_fig04_unidentified.jpeg
GI_004,Intraductal papillary mucinous neoplasm,textbooks,IPMN,True,12,https://storage.googleapis.com/pathology-hub-public-figures-830130787988/textbook_figures_web_v1/molecular_vasef/molecular_vasef_p0610_fig05_unidentified.jpeg
GI_004,Intraductal papillary mucinous neoplasm,textbooks,IPMN,True,13,https://storage.googleapis.com/pathology-hub-public-figures-830130787988/textbook_figures_web_v1/molecular_vasef/molecular_vasef_p0610_fig06_unidentified.jpeg
GI_004,Intraductal papillary mucinous neoplasm,textbooks,IPMN,True,14,https://storage.googleapis.com/pathology-hub-public-figures-830130787988/textbook_figures_web_v1/cyto_comprehensive_part_two/cyto_comprehensive_part_two_p0352_fig01_figure_30_47.png
GI_004,Intraductal papillary mucinous neoplasm,textbooks,IPMN,True,15,https://storage.googleapis.com/pathology-hub-0/_asset_library/textbooks/Molecular_Vasef/page_images/Molecular_Vasef_page_0611.png
GI_004,Intraductal papillary mucinous neoplasm,who,Intraductal papillary mucinous neoplasm pancreas,True,1,https://storage.googleapis.com/pathology-hub-0/WHO/WHO_PICS/GI/146.jpg
GI_004,Intraductal papillary mucinous neoplasm,who,Intraductal papillary mucinous neoplasm pancreas,True,2,https://storage.googleapis.com/pathology-hub-0/WHO/WHO_PICS/GI/148.jpg
GI_004,Intraductal papillary mucinous neoplasm,who,Intraductal papillary mucinous neoplasm pancreas,True,3,https://storage.googleapis.com/pathology-hub-0/WHO/WHO_HTML/GI/Pancreatic_Intraductal_Oncocytic_Papillary_Neoplasm.html
GI_004,Intraductal papillary mucinous neoplasm,who,Intraductal papillary mucinous neoplasm pancreas,True,4,https://storage.googleapis.com/pathology-hub-0/WHO/WHO_HTML/CYTO_PANCREAS/Pancreatic_Intraductal_Papillary_Mucinous_Neoplasm_High_Grade.html
GI_004,Intraductal papillary mucinous neoplasm,who,Intraductal papillary mucinous neoplasm pancreas,True,5,https://storage.googleapis.com/pathology-hub-0/WHO/WHO_HTML/CYTO_PANCREAS/Pancreatic_Intraductal_Papillary_Mucinous_Neoplasm_Low_Grade.html
GI_004,Intraductal papillary mucinous neoplasm,pathout,Intraductal papillary mucinous neoplasm pancreas,True,1,https://www.pathologyoutlines.com/thumb/pancreasheterotopicthumbimg01.jpg
GI_004,Intraductal papillary mucinous neoplasm,pathout,Intraductal papillary mucinous neoplasm pancreas,True,2,https://www.pathologyoutlines.com/thumb/pancreasheterotopicthumbimg02.jpg
GI_004,Intraductal papillary mucinous neoplasm,pathout,Intraductal papillary mucinous neoplasm pancreas,True,3,https://www.pathologyoutlines.com/thumb/pancreasheterotopicthumbimg03.jpg
GI_004,Intraductal papillary mucinous neoplasm,pathout,Intraductal papillary mucinous neoplasm pancreas,True,4,https://www.pathologyoutlines.com/imgau/pancreasheterotopicOjukwuDreikorn01.jpg
GI_004,Intraductal papillary mucinous neoplasm,textbooks,Intraductal papillary mucinous neoplasm pancreas,True,1,https://storage.googleapis.com/pathology-hub-public-figures-830130787988/textbook_figures_web_v1/cyto_comprehensive_part_two/cyto_comprehensive_part_two_p0353_fig01_figure_30_49.png
GI_004,Intraductal papillary mucinous neoplasm,textbooks,Intraductal papillary mucinous neoplasm pancreas,True,2,https://storage.googleapis.com/pathology-hub-0/_asset_library/textbooks/Cyto_Comprehensive_Part_Two/page_images/Cyto_Comprehensive_Part_Two_page_0353.png
GI_004,Intraductal papillary mucinous neoplasm,textbooks,Intraductal papillary mucinous neoplasm pancreas,True,3,https://storage.googleapis.com/pathology-hub-public-figures-830130787988/textbook_figures_web_v1/cyto_comprehensive_part_two/cyto_comprehensive_part_two_p0352_fig02_figure_30_48.jpg
GI_004,Intraductal papillary mucinous neoplasm,textbooks,Intraductal papillary mucinous neoplasm pancreas,True,4,https://storage.googleapis.com/pathology-hub-0/_asset_library/textbooks/Cyto_Comprehensive_Part_Two/page_images/Cyto_Comprehensive_Part_Two_page_0352.png
GI_004,Intraductal papillary mucinous neoplasm,textbooks,Intraductal papillary mucinous neoplasm pancreas,True,5,https://storage.googleapis.com/pathology-hub-public-figures-830130787988/textbook_figures_web_v1/cyto_comprehensive_part_two/cyto_comprehensive_part_two_p0353_fig03_figure_30_50.jpg
GI_004,Intraductal papillary mucinous neoplasm,textbooks,Intraductal papillary mucinous neoplasm pancreas,True,6,https://storage.googleapis.com/pathology-hub-public-figures-830130787988/textbook_figures_web_v1/cyto_pattern/cyto_pattern_p0336_fig03_figure_7_43.jpeg
GI_004,Intraductal papillary mucinous neoplasm,textbooks,Intraductal papillary mucinous neoplasm pancreas,True,7,https://storage.googleapis.com/pathology-hub-0/_asset_library/textbooks/Cyto_Pattern/page_images/Cyto_Pattern_page_0336.png
GI_004,Intraductal papillary mucinous neoplasm,textbooks,Intraductal papillary mucinous neoplasm pancreas,True,8,https://storage.googleapis.com/pathology-hub-public-figures-830130787988/textbook_figures_web_v1/cyto_cibas/cyto_cibas_p0480_fig01_fig_14_23.jpeg
GI_004,Intraductal papillary mucinous neoplasm,textbooks,Intraductal papillary mucinous neoplasm pancreas,True,9,https://storage.googleapis.com/pathology-hub-0/_asset_library/textbooks/Cyto_Cibas/page_images/Cyto_Cibas_page_0480.png
GI_004,Intraductal papillary mucinous neoplasm,textbooks,Intraductal papillary mucinous neoplasm pancreas,True,10,https://storage.googleapis.com/pathology-hub-public-figures-830130787988/textbook_figures_web_v1/cyto_pattern/cyto_pattern_p0336_fig02_figure_7_42.jpeg
GI_004,Intraductal papillary mucinous neoplasm,textbooks,Intraductal papillary mucinous neoplasm pancreas,True,11,https://storage.googleapis.com/pathology-hub-public-figures-830130787988/textbook_figures_web_v1/cyto_comprehensive_part_two/cyto_comprehensive_part_two_p0353_fig02_figure_30_51.jpg
GI_004,Intraductal papillary mucinous neoplasm,textbooks,Intraductal papillary mucinous neoplasm pancreas,True,12,https://storage.googleapis.com/pathology-hub-public-figures-830130787988/textbook_figures_web_v1/cyto_pattern/cyto_pattern_p0336_fig01_figure_7_41.jpeg
GI_004,Intraductal papillary mucinous neoplasm,textbooks,Intraductal papillary mucinous neoplasm pancreas,True,13,https://storage.googleapis.com/pathology-hub-public-figures-830130787988/textbook_figures_web_v1/cyto_comprehensive_part_two/cyto_comprehensive_part_two_p0353_fig04_figure_30_52.jpg
GI_004,Intraductal papillary mucinous neoplasm,textbooks,Intraductal papillary mucinous neoplasm pancreas,True,14,https://storage.googleapis.com/pathology-hub-public-figures-830130787988/textbook_figures_web_v1/cyto_comprehensive_part_two/cyto_comprehensive_part_two_p0353_fig05_unidentified.jpg
GI_004,Intraductal papillary mucinous neoplasm,textbooks,Intraductal papillary mucinous neoplasm pancreas,True,15,https://storage.googleapis.com/pathology-hub-0/_asset_library/textbooks/Molecular_Vasef/page_images/Molecular_Vasef_page_0609.png
GI_004,Intraductal papillary mucinous neoplasm,textbooks,Intraductal papillary mucinous neoplasm pancreas,True,16,https://storage.googleapis.com/pathology-hub-0/_asset_library/textbooks/Molecular_Vasef/page_images/Molecular_Vasef_page_0610.png
GI_004,Intraductal papillary mucinous neoplasm,who,Intraductal papillary mucinous neoplasm main duct IPMN,True,1,https://storage.googleapis.com/pathology-hub-0/WHO/WHO_HTML/CYTO_PANCREAS/Mucinous_Cystic_Neoplasm_High_Grade.html
GI_004,Intraductal papillary mucinous neoplasm,who,Intraductal papillary mucinous neoplasm main duct IPMN,True,2,https://storage.googleapis.com/pathology-hub-0/WHO/WHO_HTML/CYTO_PANCREAS/Pancreatic_Intraductal_Papillary_Mucinous_Neoplasm_High_Grade.html
GI_004,Intraductal papillary mucinous neoplasm,who,Intraductal papillary mucinous neoplasm main duct IPMN,True,3,https://storage.googleapis.com/pathology-hub-0/WHO/WHO_HTML/CYTO_PANCREAS/Pancreatic_Intraductal_Papillary_Mucinous_Neoplasm_Low_Grade.html
GI_004,Intraductal papillary mucinous neoplasm,pathout,Intraductal papillary mucinous neoplasm main duct IPMN,True,1,https://www.pathologyoutlines.com/thumb/pancreasipmn_nih04.jpg
GI_004,Intraductal papillary mucinous neoplasm,pathout,Intraductal papillary mucinous neoplasm main duct IPMN,True,2,https://www.pathologyoutlines.com/thumb/pancreasipmnradio1.jpg
GI_004,Intraductal papillary mucinous neoplasm,pathout,Intraductal papillary mucinous neoplasm main duct IPMN,True,3,https://www.pathologyoutlines.com/thumb/pancreasipmnradio2.jpg
GI_004,Intraductal papillary mucinous neoplasm,pathout,Intraductal papillary mucinous neoplasm main duct IPMN,True,4,https://www.pathologyoutlines.com/thumb/pancreasipmnradio6.jpg
GI_004,Intraductal papillary mucinous neoplasm,textbooks,Intraductal papillary mucinous neoplasm main duct IPMN,True,1,https://storage.googleapis.com/pathology-hub-public-figures-830130787988/textbook_figures_web_v1/cyto_comprehensive_part_two/cyto_comprehensive_part_two_p0352_fig02_figure_30_48.jpg
GI_004,Intraductal papillary mucinous neoplasm,textbooks,Intraductal papillary mucinous neoplasm main duct IPMN,True,2,https://storage.googleapis.com/pathology-hub-0/_asset_library/textbooks/Cyto_Comprehensive_Part_Two/page_images/Cyto_Comprehensive_Part_Two_page_0352.png
GI_004,Intraductal papillary mucinous neoplasm,textbooks,Intraductal papillary mucinous neoplasm main duct IPMN,True,3,https://storage.googleapis.com/pathology-hub-public-figures-830130787988/textbook_figures_web_v1/molecular_vasef/molecular_vasef_p0610_fig02_unidentified.jpeg
GI_004,Intraductal papillary mucinous neoplasm,textbooks,Intraductal papillary mucinous neoplasm main duct IPMN,True,4,https://storage.googleapis.com/pathology-hub-0/_asset_library/textbooks/Molecular_Vasef/page_images/Molecular_Vasef_page_0610.png
GI_004,Intraductal papillary mucinous neoplasm,textbooks,Intraductal papillary mucinous neoplasm main duct IPMN,True,5,https://storage.googleapis.com/pathology-hub-public-figures-830130787988/textbook_figures_web_v1/molecular_vasef/molecular_vasef_p0610_fig01_unidentified.jpeg
GI_004,Intraductal papillary mucinous neoplasm,textbooks,Intraductal papillary mucinous neoplasm main duct IPMN,True,6,https://storage.googleapis.com/pathology-hub-public-figures-830130787988/textbook_figures_web_v1/molecular_vasef/molecular_vasef_p0610_fig03_unidentified.jpeg
GI_004,Intraductal papillary mucinous neoplasm,textbooks,Intraductal papillary mucinous neoplasm main duct IPMN,True,7,https://storage.googleapis.com/pathology-hub-public-figures-830130787988/textbook_figures_web_v1/molecular_vasef/molecular_vasef_p0610_fig04_unidentified.jpeg
GI_004,Intraductal papillary mucinous neoplasm,textbooks,Intraductal papillary mucinous neoplasm main duct IPMN,True,8,https://storage.googleapis.com/pathology-hub-public-figures-830130787988/textbook_figures_web_v1/molecular_vasef/molecular_vasef_p0610_fig05_unidentified.jpeg
GI_004,Intraductal papillary mucinous neoplasm,textbooks,Intraductal papillary mucinous neoplasm main duct IPMN,True,9,https://storage.googleapis.com/pathology-hub-public-figures-830130787988/textbook_figures_web_v1/molecular_vasef/molecular_vasef_p0610_fig06_unidentified.jpeg
GI_004,Intraductal papillary mucinous neoplasm,textbooks,Intraductal papillary mucinous neoplasm main duct IPMN,True,10,https://storage.googleapis.com/pathology-hub-public-figures-830130787988/textbook_figures_web_v1/cyto_comprehensive_part_two/cyto_comprehensive_part_two_p0352_fig01_figure_30_47.png
GI_004,Intraductal papillary mucinous neoplasm,textbooks,Intraductal papillary mucinous neoplasm main duct IPMN,True,11,https://storage.googleapis.com/pathology-hub-public-figures-830130787988/textbook_figures_web_v1/cyto_comprehensive_part_two/cyto_comprehensive_part_two_p0352_fig03_unidentified.jpg
GI_004,Intraductal papillary mucinous neoplasm,textbooks,Intraductal papillary mucinous neoplasm main duct IPMN,True,12,https://storage.googleapis.com/pathology-hub-public-figures-830130787988/textbook_figures_web_v1/cyto_cibas/cyto_cibas_p0478_fig01_fig_14_22.jpeg
GI_004,Intraductal papillary mucinous neoplasm,textbooks,Intraductal papillary mucinous neoplasm main duct IPMN,True,13,https://storage.googleapis.com/pathology-hub-0/_asset_library/textbooks/Cyto_Cibas/page_images/Cyto_Cibas_page_0478.png
GI_004,Intraductal papillary mucinous neoplasm,textbooks,Intraductal papillary mucinous neoplasm main duct IPMN,True,14,https://storage.googleapis.com/pathology-hub-0/_asset_library/textbooks/Molecular_Vasef/page_images/Molecular_Vasef_page_0611.png
GI_004,Intraductal papillary mucinous neoplasm,textbooks,Intraductal papillary mucinous neoplasm main duct IPMN,True,15,https://storage.googleapis.com/pathology-hub-0/_asset_library/textbooks/Cyto_Cibas/page_images/Cyto_Cibas_page_0479.png
GI_005,Gastrointestinal stromal tumor,who,Gastrointestinal stromal tumor,True,1,https://storage.googleapis.com/pathology-hub-0/WHO/WHO_PICS/PEDS/17476.jpg
GI_005,Gastrointestinal stromal tumor,who,Gastrointestinal stromal tumor,True,2,https://storage.googleapis.com/pathology-hub-0/WHO/WHO_PICS/PEDS/17688.jpg
GI_005,Gastrointestinal stromal tumor,who,Gastrointestinal stromal tumor,True,3,https://storage.googleapis.com/pathology-hub-0/WHO/WHO_PICS/PEDS/17689.jpg
GI_005,Gastrointestinal stromal tumor,who,Gastrointestinal stromal tumor,True,4,https://storage.googleapis.com/pathology-hub-0/WHO/WHO_PICS/PEDS/17692.jpg
GI_005,Gastrointestinal stromal tumor,who,Gastrointestinal stromal tumor,True,5,https://storage.googleapis.com/pathology-hub-0/WHO/WHO_HTML/GYN/Extragastrointestinal_Stromal_Tumour.html
GI_005,Gastrointestinal stromal tumor,who,Gastrointestinal stromal tumor,True,6,https://storage.googleapis.com/pathology-hub-0/WHO/WHO_HTML/PEDS/Paediatric_Gastrointestinal_Stromal_Tumour.html
GI_005,Gastrointestinal stromal tumor,who,Gastrointestinal stromal tumor,True,7,https://storage.googleapis.com/pathology-hub-0/WHO/WHO_HTML/CYTO_SOFTTISSUE/Gastrointestinal_Stromal_Tumour.html
GI_005,Gastrointestinal stromal tumor,pathout,Gastrointestinal stromal tumor,True,1,https://www.pathologyoutlines.com/imgau/colontumorgistgonzalez1.jpg
GI_005,Gastrointestinal stromal tumor,pathout,Gastrointestinal stromal tumor,True,2,https://www.pathologyoutlines.com/imgau/colontumorgistgonzalez2.jpg
GI_005,Gastrointestinal stromal tumor,pathout,Gastrointestinal stromal tumor,True,3,https://www.pathologyoutlines.com/imgau/colontumorgistgonzalez3.jpg
GI_005,Gastrointestinal stromal tumor,pathout,Gastrointestinal stromal tumor,True,4,https://www.pathologyoutlines.com/thumb/colontumorgistTHUMBncbi05.jpg
GI_005,Gastrointestinal stromal tumor,textbooks,Gastrointestinal stromal tumor,True,1,https://storage.googleapis.com/pathology-hub-public-figures-830130787988/textbook_figures_web_v1/gi_biopsy_interpretation_neoplastic/gi_biopsy_interpretation_neoplastic_p0123_fig01_figure_2_36.jpeg
GI_005,Gastrointestinal stromal tumor,textbooks,Gastrointestinal stromal tumor,True,2,https://storage.googleapis.com/pathology-hub-0/_asset_library/textbooks/GI_Biopsy_Interpretation_%28Neoplastic%29/page_images/GI_Biopsy_Interpretation_%28Neoplastic%29_page_0123.png
GI_005,Gastrointestinal stromal tumor,textbooks,Gastrointestinal stromal tumor,True,3,https://storage.googleapis.com/pathology-hub-public-figures-830130787988/textbook_figures_web_v1/softtissue_enzinger/softtissue_enzinger_p0628_fig01_fig_17_16.jpeg
GI_005,Gastrointestinal stromal tumor,textbooks,Gastrointestinal stromal tumor,True,4,https://storage.googleapis.com/pathology-hub-0/_asset_library/textbooks/SoftTissue_Enzinger/page_images/SoftTissue_Enzinger_page_0628.png
GI_005,Gastrointestinal stromal tumor,textbooks,Gastrointestinal stromal tumor,True,5,https://storage.googleapis.com/pathology-hub-public-figures-830130787988/textbook_figures_web_v1/softtissue_enzinger/softtissue_enzinger_p0628_fig02_fig_17_17.jpeg
GI_005,Gastrointestinal stromal tumor,textbooks,Gastrointestinal stromal tumor,True,6,https://storage.googleapis.com/pathology-hub-public-figures-830130787988/textbook_figures_web_v1/gi_biopsy_interpretation_neoplastic/gi_biopsy_interpretation_neoplastic_p0125_fig02_figure_2_38.jpeg
GI_005,Gastrointestinal stromal tumor,textbooks,Gastrointestinal stromal tumor,True,7,https://storage.googleapis.com/pathology-hub-0/_asset_library/textbooks/GI_Biopsy_Interpretation_%28Neoplastic%29/page_images/GI_Biopsy_Interpretation_%28Neoplastic%29_page_0125.png
GI_005,Gastrointestinal stromal tumor,textbooks,Gastrointestinal stromal tumor,True,8,https://storage.googleapis.com/pathology-hub-public-figures-830130787988/textbook_figures_web_v1/softtissue_enzinger/softtissue_enzinger_p0624_fig02_fig_17_7.jpeg
GI_005,Gastrointestinal stromal tumor,textbooks,Gastrointestinal stromal tumor,True,9,https://storage.googleapis.com/pathology-hub-0/_asset_library/textbooks/SoftTissue_Enzinger/page_images/SoftTissue_Enzinger_page_0624.png
GI_005,Gastrointestinal stromal tumor,textbooks,Gastrointestinal stromal tumor,True,10,https://storage.googleapis.com/pathology-hub-public-figures-830130787988/textbook_figures_web_v1/gi_biopsy_interpretation_neoplastic/gi_biopsy_interpretation_neoplastic_p0183_fig02_figure_3_44.jpeg
GI_005,Gastrointestinal stromal tumor,textbooks,Gastrointestinal stromal tumor,True,11,https://storage.googleapis.com/pathology-hub-0/_asset_library/textbooks/GI_Biopsy_Interpretation_%28Neoplastic%29/page_images/GI_Biopsy_Interpretation_%28Neoplastic%29_page_0183.png
GI_005,Gastrointestinal stromal tumor,textbooks,Gastrointestinal stromal tumor,True,12,https://storage.googleapis.com/pathology-hub-public-figures-830130787988/textbook_figures_web_v1/softtissue_enzinger/softtissue_enzinger_p0628_fig03_unidentified.jpeg
GI_005,Gastrointestinal stromal tumor,textbooks,Gastrointestinal stromal tumor,True,13,https://storage.googleapis.com/pathology-hub-public-figures-830130787988/textbook_figures_web_v1/gi_intestinal_atlas1/gi_intestinal_atlas1_p0043_fig01_unidentified.jpeg
GI_005,Gastrointestinal stromal tumor,textbooks,Gastrointestinal stromal tumor,True,14,https://storage.googleapis.com/pathology-hub-public-figures-830130787988/textbook_figures_web_v1/gi_intestinal_atlas1/gi_intestinal_atlas1_p0043_fig02_unidentified.jpeg
GI_005,Gastrointestinal stromal tumor,textbooks,Gastrointestinal stromal tumor,True,15,https://storage.googleapis.com/pathology-hub-public-figures-830130787988/textbook_figures_web_v1/gi_intestinal_atlas1/gi_intestinal_atlas1_p0043_fig03_unidentified.jpeg
GI_005,Gastrointestinal stromal tumor,textbooks,Gastrointestinal stromal tumor,True,16,https://storage.googleapis.com/pathology-hub-0/_asset_library/textbooks/SoftTissue_Enzinger/page_images/SoftTissue_Enzinger_page_0625.png
GI_005,Gastrointestinal stromal tumor,textbooks,Gastrointestinal stromal tumor,True,17,https://storage.googleapis.com/pathology-hub-0/_asset_library/textbooks/GI_Biopsy_Interpretation_%28Neoplastic%29/page_images/GI_Biopsy_Interpretation_%28Neoplastic%29_page_0181.png
GI_005,Gastrointestinal stromal tumor,who,GIST,True,1,https://storage.googleapis.com/pathology-hub-0/WHO/WHO_PICS/PEDS/17476.jpg
GI_005,Gastrointestinal stromal tumor,who,GIST,True,2,https://storage.googleapis.com/pathology-hub-0/WHO/WHO_PICS/PEDS/17688.jpg
GI_005,Gastrointestinal stromal tumor,who,GIST,True,3,https://storage.googleapis.com/pathology-hub-0/WHO/WHO_PICS/PEDS/17689.jpg
GI_005,Gastrointestinal stromal tumor,who,GIST,True,4,https://storage.googleapis.com/pathology-hub-0/WHO/WHO_PICS/PEDS/17692.jpg
GI_005,Gastrointestinal stromal tumor,who,GIST,True,5,https://storage.googleapis.com/pathology-hub-0/WHO/WHO_HTML/CYTO_SOFTTISSUE/Gastrointestinal_Stromal_Tumour.html
GI_005,Gastrointestinal stromal tumor,who,GIST,True,6,https://storage.googleapis.com/pathology-hub-0/WHO/WHO_HTML/PEDS/Paediatric_Gastrointestinal_Stromal_Tumour.html
GI_005,Gastrointestinal stromal tumor,pathout,GIST,True,1,https://www.pathologyoutlines.com/thumb/stomachGISTotherimg01.jpg
GI_005,Gastrointestinal stromal tumor,pathout,GIST,True,2,https://www.pathologyoutlines.com/thumb/stomachGISTotherimg03.jpg
GI_005,Gastrointestinal stromal tumor,pathout,GIST,True,3,https://www.pathologyoutlines.com/thumb/stomachGISTpmc01.jpg
GI_005,Gastrointestinal stromal tumor,pathout,GIST,True,4,https://www.pathologyoutlines.com/thumb/stomachGISTpmc02.jpg
GI_005,Gastrointestinal stromal tumor,textbooks,GIST,True,1,https://storage.googleapis.com/pathology-hub-public-figures-830130787988/textbook_figures_web_v1/softtissue_enzinger/softtissue_enzinger_p0624_fig02_fig_17_7.jpeg
GI_005,Gastrointestinal stromal tumor,textbooks,GIST,True,2,https://storage.googleapis.com/pathology-hub-0/_asset_library/textbooks/SoftTissue_Enzinger/page_images/SoftTissue_Enzinger_page_0624.png
GI_005,Gastrointestinal stromal tumor,textbooks,GIST,True,3,https://storage.googleapis.com/pathology-hub-public-figures-830130787988/textbook_figures_web_v1/softtissue_enzinger/softtissue_enzinger_p0625_fig01_fig_17_9.jpeg
GI_005,Gastrointestinal stromal tumor,textbooks,GIST,True,4,https://storage.googleapis.com/pathology-hub-0/_asset_library/textbooks/SoftTissue_Enzinger/page_images/SoftTissue_Enzinger_page_0625.png
GI_005,Gastrointestinal stromal tumor,textbooks,GIST,True,5,https://storage.googleapis.com/pathology-hub-public-figures-830130787988/textbook_figures_web_v1/softtissue_enzinger/softtissue_enzinger_p0624_fig03_fig_17_8.jpeg
GI_005,Gastrointestinal stromal tumor,textbooks,GIST,True,6,https://storage.googleapis.com/pathology-hub-public-figures-830130787988/textbook_figures_web_v1/softtissue_enzinger/softtissue_enzinger_p0627_fig01_fig_17_14.jpeg
GI_005,Gastrointestinal stromal tumor,textbooks,GIST,True,7,https://storage.googleapis.com/pathology-hub-0/_asset_library/textbooks/SoftTissue_Enzinger/page_images/SoftTissue_Enzinger_page_0627.png
GI_005,Gastrointestinal stromal tumor,textbooks,GIST,True,8,https://storage.googleapis.com/pathology-hub-public-figures-830130787988/textbook_figures_web_v1/softtissue_enzinger/softtissue_enzinger_p0630_fig01_fig_17_20.jpeg
GI_005,Gastrointestinal stromal tumor,textbooks,GIST,True,9,https://storage.googleapis.com/pathology-hub-0/_asset_library/textbooks/SoftTissue_Enzinger/page_images/SoftTissue_Enzinger_page_0630.png
GI_005,Gastrointestinal stromal tumor,textbooks,GIST,True,10,https://storage.googleapis.com/pathology-hub-public-figures-830130787988/textbook_figures_web_v1/softtissue_enzinger/softtissue_enzinger_p0640_fig01_fig_17_30.jpeg
GI_005,Gastrointestinal stromal tumor,textbooks,GIST,True,11,https://storage.googleapis.com/pathology-hub-0/_asset_library/textbooks/SoftTissue_Enzinger/page_images/SoftTissue_Enzinger_page_0640.png
GI_005,Gastrointestinal stromal tumor,textbooks,GIST,True,12,https://storage.googleapis.com/pathology-hub-public-figures-830130787988/textbook_figures_web_v1/softtissue_enzinger/softtissue_enzinger_p0624_fig01_fig_17_6.jpeg
GI_005,Gastrointestinal stromal tumor,textbooks,GIST,True,13,https://storage.googleapis.com/pathology-hub-public-figures-830130787988/textbook_figures_web_v1/softtissue_enzinger/softtissue_enzinger_p0625_fig02_fig_17_10.jpeg
GI_005,Gastrointestinal stromal tumor,textbooks,GIST,True,14,https://storage.googleapis.com/pathology-hub-public-figures-830130787988/textbook_figures_web_v1/softtissue_enzinger/softtissue_enzinger_p0625_fig03_fig_17_11.jpeg
GI_005,Gastrointestinal stromal tumor,textbooks,GIST,True,15,https://storage.googleapis.com/pathology-hub-public-figures-830130787988/textbook_figures_web_v1/cyto_cibas/cyto_cibas_p0236_fig01_fig_7_18.jpeg
GI_005,Gastrointestinal stromal tumor,textbooks,GIST,True,16,https://storage.googleapis.com/pathology-hub-0/_asset_library/textbooks/Cyto_Cibas/page_images/Cyto_Cibas_page_0236.png
GI_005,Gastrointestinal stromal tumor,textbooks,GIST,True,17,https://storage.googleapis.com/pathology-hub-0/_asset_library/textbooks/SoftTissue_Enzinger/page_images/SoftTissue_Enzinger_page_0621.png
GI_005,Gastrointestinal stromal tumor,who,Gastrointestinal stromal tumor stomach,True,1,https://storage.googleapis.com/pathology-hub-0/WHO/WHO_PICS/PEDS/17476.jpg
GI_005,Gastrointestinal stromal tumor,who,Gastrointestinal stromal tumor stomach,True,2,https://storage.googleapis.com/pathology-hub-0/WHO/WHO_PICS/PEDS/17688.jpg
GI_005,Gastrointestinal stromal tumor,who,Gastrointestinal stromal tumor stomach,True,3,https://storage.googleapis.com/pathology-hub-0/WHO/WHO_PICS/PEDS/17689.jpg
GI_005,Gastrointestinal stromal tumor,who,Gastrointestinal stromal tumor stomach,True,4,https://storage.googleapis.com/pathology-hub-0/WHO/WHO_PICS/PEDS/17692.jpg
GI_005,Gastrointestinal stromal tumor,who,Gastrointestinal stromal tumor stomach,True,5,https://storage.googleapis.com/pathology-hub-0/WHO/WHO_HTML/GENETICS/Juvenile_Polyposis_Syndrome_Bmpr1A_Smad4.html
GI_005,Gastrointestinal stromal tumor,who,Gastrointestinal stromal tumor stomach,True,6,https://storage.googleapis.com/pathology-hub-0/WHO/WHO_HTML/GYN/Extragastrointestinal_Stromal_Tumour.html
GI_005,Gastrointestinal stromal tumor,who,Gastrointestinal stromal tumor stomach,True,7,https://storage.googleapis.com/pathology-hub-0/WHO/WHO_HTML/PEDS/Paediatric_Gastrointestinal_Stromal_Tumour.html
GI_005,Gastrointestinal stromal tumor,who,Gastrointestinal stromal tumor stomach,True,8,https://storage.googleapis.com/pathology-hub-0/WHO/WHO_HTML/CYTO_SOFTTISSUE/Gastrointestinal_Stromal_Tumour.html
GI_005,Gastrointestinal stromal tumor,pathout,Gastrointestinal stromal tumor stomach,True,1,https://www.pathologyoutlines.com/thumb/appendixGISTnih01.jpg
GI_005,Gastrointestinal stromal tumor,pathout,Gastrointestinal stromal tumor stomach,True,2,https://www.pathologyoutlines.com/thumb/appendixGISTnih02.jpg
GI_005,Gastrointestinal stromal tumor,pathout,Gastrointestinal stromal tumor stomach,True,3,https://www.pathologyoutlines.com/thumb/appendixGISTnih03.jpg
GI_005,Gastrointestinal stromal tumor,pathout,Gastrointestinal stromal tumor stomach,True,4,https://www.pathologyoutlines.com/imgau/appendixGIST_Gonzalez01n.jpg
GI_005,Gastrointestinal stromal tumor,textbooks,Gastrointestinal stromal tumor stomach,True,1,https://storage.googleapis.com/pathology-hub-public-figures-830130787988/textbook_figures_web_v1/gi_biopsy_interpretation_neoplastic/gi_biopsy_interpretation_neoplastic_p0125_fig02_figure_2_38.jpeg
GI_005,Gastrointestinal stromal tumor,textbooks,Gastrointestinal stromal tumor stomach,True,2,https://storage.googleapis.com/pathology-hub-0/_asset_library/textbooks/GI_Biopsy_Interpretation_%28Neoplastic%29/page_images/GI_Biopsy_Interpretation_%28Neoplastic%29_page_0125.png
GI_005,Gastrointestinal stromal tumor,textbooks,Gastrointestinal stromal tumor stomach,True,3,https://storage.googleapis.com/pathology-hub-public-figures-830130787988/textbook_figures_web_v1/gi_biopsy_interpretation_neoplastic/gi_biopsy_interpretation_neoplastic_p0123_fig01_figure_2_36.jpeg
GI_005,Gastrointestinal stromal tumor,textbooks,Gastrointestinal stromal tumor stomach,True,4,https://storage.googleapis.com/pathology-hub-0/_asset_library/textbooks/GI_Biopsy_Interpretation_%28Neoplastic%29/page_images/GI_Biopsy_Interpretation_%28Neoplastic%29_page_0123.png
GI_005,Gastrointestinal stromal tumor,textbooks,Gastrointestinal stromal tumor stomach,True,5,https://storage.googleapis.com/pathology-hub-public-figures-830130787988/textbook_figures_web_v1/softtissue_pattern/softtissue_pattern_p0487_fig01_figure_16_10.jpeg
GI_005,Gastrointestinal stromal tumor,textbooks,Gastrointestinal stromal tumor stomach,True,6,https://storage.googleapis.com/pathology-hub-0/_asset_library/textbooks/SoftTissue_Pattern/page_images/SoftTissue_Pattern_page_0487.png
GI_005,Gastrointestinal stromal tumor,textbooks,Gastrointestinal stromal tumor stomach,True,7,https://storage.googleapis.com/pathology-hub-public-figures-830130787988/textbook_figures_web_v1/gi_biopsy_interpretation_neoplastic/gi_biopsy_interpretation_neoplastic_p0125_fig01_figure_2_37.jpeg
GI_005,Gastrointestinal stromal tumor,textbooks,Gastrointestinal stromal tumor stomach,True,8,https://storage.googleapis.com/pathology-hub-public-figures-830130787988/textbook_figures_web_v1/softtissue_pattern/softtissue_pattern_p0487_fig02_figure_16_9.jpeg
GI_005,Gastrointestinal stromal tumor,textbooks,Gastrointestinal stromal tumor stomach,True,9,https://storage.googleapis.com/pathology-hub-public-figures-830130787988/textbook_figures_web_v1/softtissue_pattern/softtissue_pattern_p0487_fig03_figure_16_11.jpeg
GI_005,Gastrointestinal stromal tumor,textbooks,Gastrointestinal stromal tumor stomach,True,10,https://storage.googleapis.com/pathology-hub-public-figures-830130787988/textbook_figures_web_v1/softtissue_pattern/softtissue_pattern_p0487_fig04_fig_16_12.jpeg
GI_005,Gastrointestinal stromal tumor,textbooks,Gastrointestinal stromal tumor stomach,True,11,https://storage.googleapis.com/pathology-hub-public-figures-830130787988/textbook_figures_web_v1/gi_biopsy_interpretation_neoplastic/gi_biopsy_interpretation_neoplastic_p0122_fig01_fig_2_209.jpeg
GI_005,Gastrointestinal stromal tumor,textbooks,Gastrointestinal stromal tumor stomach,True,12,https://storage.googleapis.com/pathology-hub-0/_asset_library/textbooks/GI_Biopsy_Interpretation_%28Neoplastic%29/page_images/GI_Biopsy_Interpretation_%28Neoplastic%29_page_0122.png
GI_005,Gastrointestinal stromal tumor,textbooks,Gastrointestinal stromal tumor stomach,True,13,https://storage.googleapis.com/pathology-hub-public-figures-830130787988/textbook_figures_web_v1/softtissue_pattern/softtissue_pattern_p0491_fig01_figure_16_16.jpeg
GI_005,Gastrointestinal stromal tumor,textbooks,Gastrointestinal stromal tumor stomach,True,14,https://storage.googleapis.com/pathology-hub-0/_asset_library/textbooks/SoftTissue_Pattern/page_images/SoftTissue_Pattern_page_0491.png
GI_005,Gastrointestinal stromal tumor,textbooks,Gastrointestinal stromal tumor stomach,True,15,https://storage.googleapis.com/pathology-hub-public-figures-830130787988/textbook_figures_web_v1/softtissue_pattern/softtissue_pattern_p0491_fig02_unidentified.jpeg
GI_005,Gastrointestinal stromal tumor,textbooks,Gastrointestinal stromal tumor stomach,True,16,https://storage.googleapis.com/pathology-hub-0/_asset_library/textbooks/GI_Biopsy_Interpretation_%28Neoplastic%29/page_images/GI_Biopsy_Interpretation_%28Neoplastic%29_page_0127.png
GI_005,Gastrointestinal stromal tumor,textbooks,Gastrointestinal stromal tumor stomach,True,17,https://storage.googleapis.com/pathology-hub-0/_asset_library/textbooks/SoftTissue_Enzinger/page_images/SoftTissue_Enzinger_page_0621.png
GI_005,Gastrointestinal stromal tumor,textbooks,Gastrointestinal stromal tumor stomach,True,18,https://storage.googleapis.com/pathology-hub-0/_asset_library/textbooks/SoftTissue_Enzinger/page_images/SoftTissue_Enzinger_page_0633.png
GI_005,Gastrointestinal stromal tumor,textbooks,Gastrointestinal stromal tumor stomach,True,19,https://storage.googleapis.com/pathology-hub-0/_asset_library/textbooks/GI_Biopsy_Interpretation_%28Neoplastic%29/page_images/GI_Biopsy_Interpretation_%28Neoplastic%29_page_0126.png
GI_005,Gastrointestinal stromal tumor,who,Gastrointestinal stromal tumor CD117 KIT,True,1,https://storage.googleapis.com/pathology-hub-0/WHO/WHO_PICS/GYN/13469.jpg
GI_005,Gastrointestinal stromal tumor,who,Gastrointestinal stromal tumor CD117 KIT,True,2,https://storage.googleapis.com/pathology-hub-0/WHO/WHO_PICS/GYN/13470.jpg
GI_005,Gastrointestinal stromal tumor,who,Gastrointestinal stromal tumor CD117 KIT,True,3,https://storage.googleapis.com/pathology-hub-0/WHO/WHO_PICS/GYN/13471.jpg
GI_005,Gastrointestinal stromal tumor,who,Gastrointestinal stromal tumor CD117 KIT,True,4,https://storage.googleapis.com/pathology-hub-0/WHO/WHO_PICS/GYN/13472.jpg
GI_005,Gastrointestinal stromal tumor,who,Gastrointestinal stromal tumor CD117 KIT,True,5,https://storage.googleapis.com/pathology-hub-0/WHO/WHO_HTML/CYTO_SOFTTISSUE/Gastrointestinal_Stromal_Tumour.html
GI_005,Gastrointestinal stromal tumor,who,Gastrointestinal stromal tumor CD117 KIT,True,6,https://storage.googleapis.com/pathology-hub-0/WHO/WHO_HTML/PEDS/Paediatric_Gastrointestinal_Stromal_Tumour.html
GI_005,Gastrointestinal stromal tumor,who,Gastrointestinal stromal tumor CD117 KIT,True,7,https://storage.googleapis.com/pathology-hub-0/WHO/WHO_HTML/CYTO_PANCREAS/Schwannoma.html
GI_005,Gastrointestinal stromal tumor,who,Gastrointestinal stromal tumor CD117 KIT,True,8,https://storage.googleapis.com/pathology-hub-0/WHO/WHO_HTML/GYN/Extragastrointestinal_Stromal_Tumour.html
GI_005,Gastrointestinal stromal tumor,pathout,Gastrointestinal stromal tumor CD117 KIT,True,1,https://www.pathologyoutlines.com/thumb/molecularKITpubmed01.jpg
GI_005,Gastrointestinal stromal tumor,pathout,Gastrointestinal stromal tumor CD117 KIT,True,2,https://www.pathologyoutlines.com/imgau/molecularKITbatra01.jpg
GI_005,Gastrointestinal stromal tumor,pathout,Gastrointestinal stromal tumor CD117 KIT,True,3,https://www.pathologyoutlines.com/imgau/molecularKITbatra02.jpg
GI_005,Gastrointestinal stromal tumor,pathout,Gastrointestinal stromal tumor CD117 KIT,True,4,https://www.pathologyoutlines.com/imgau/molecularKITbatra03.jpg
GI_005,Gastrointestinal stromal tumor,textbooks,Gastrointestinal stromal tumor CD117 KIT,True,1,https://storage.googleapis.com/pathology-hub-public-figures-830130787988/textbook_figures_web_v1/softtissue_enzinger/softtissue_enzinger_p0171_fig01_fig_6_32.jpeg
GI_005,Gastrointestinal stromal tumor,textbooks,Gastrointestinal stromal tumor CD117 KIT,True,2,https://storage.googleapis.com/pathology-hub-0/_asset_library/textbooks/SoftTissue_Enzinger/page_images/SoftTissue_Enzinger_page_0171.png
GI_005,Gastrointestinal stromal tumor,textbooks,Gastrointestinal stromal tumor CD117 KIT,True,3,https://storage.googleapis.com/pathology-hub-public-figures-830130787988/textbook_figures_web_v1/molecular_vasef/molecular_vasef_p0580_fig01_unidentified.jpeg
GI_005,Gastrointestinal stromal tumor,textbooks,Gastrointestinal stromal tumor CD117 KIT,True,4,https://storage.googleapis.com/pathology-hub-0/_asset_library/textbooks/Molecular_Vasef/page_images/Molecular_Vasef_page_0580.png
GI_005,Gastrointestinal stromal tumor,textbooks,Gastrointestinal stromal tumor CD117 KIT,True,5,https://storage.googleapis.com/pathology-hub-public-figures-830130787988/textbook_figures_web_v1/cyto_cibas/cyto_cibas_p0452_fig01_fig_13_30.jpeg
GI_005,Gastrointestinal stromal tumor,textbooks,Gastrointestinal stromal tumor CD117 KIT,True,6,https://storage.googleapis.com/pathology-hub-0/_asset_library/textbooks/Cyto_Cibas/page_images/Cyto_Cibas_page_0452.png
GI_005,Gastrointestinal stromal tumor,textbooks,Gastrointestinal stromal tumor CD117 KIT,True,7,https://storage.googleapis.com/pathology-hub-public-figures-830130787988/textbook_figures_web_v1/gi_biopsy_interpretation_neoplastic/gi_biopsy_interpretation_neoplastic_p0125_fig01_figure_2_37.jpeg
GI_005,Gastrointestinal stromal tumor,textbooks,Gastrointestinal stromal tumor CD117 KIT,True,8,https://storage.googleapis.com/pathology-hub-0/_asset_library/textbooks/GI_Biopsy_Interpretation_%28Neoplastic%29/page_images/GI_Biopsy_Interpretation_%28Neoplastic%29_page_0125.png
GI_005,Gastrointestinal stromal tumor,textbooks,Gastrointestinal stromal tumor CD117 KIT,True,9,https://storage.googleapis.com/pathology-hub-public-figures-830130787988/textbook_figures_web_v1/softtissue_pattern/softtissue_pattern_p0490_fig01_figure_16_14.jpeg
GI_005,Gastrointestinal stromal tumor,textbooks,Gastrointestinal stromal tumor CD117 KIT,True,10,https://storage.googleapis.com/pathology-hub-0/_asset_library/textbooks/SoftTissue_Pattern/page_images/SoftTissue_Pattern_page_0490.png
GI_005,Gastrointestinal stromal tumor,textbooks,Gastrointestinal stromal tumor CD117 KIT,True,11,https://storage.googleapis.com/pathology-hub-public-figures-830130787988/textbook_figures_web_v1/softtissue_enzinger/softtissue_enzinger_p0171_fig02_fig_6_33.jpeg
GI_005,Gastrointestinal stromal tumor,textbooks,Gastrointestinal stromal tumor CD117 KIT,True,12,https://storage.googleapis.com/pathology-hub-public-figures-830130787988/textbook_figures_web_v1/softtissue_enzinger/softtissue_enzinger_p0171_fig03_unidentified.jpeg
GI_005,Gastrointestinal stromal tumor,textbooks,Gastrointestinal stromal tumor CD117 KIT,True,13,https://storage.googleapis.com/pathology-hub-public-figures-830130787988/textbook_figures_web_v1/molecular_vasef/molecular_vasef_p0580_fig02_unidentified.jpeg
GI_005,Gastrointestinal stromal tumor,textbooks,Gastrointestinal stromal tumor CD117 KIT,True,14,https://storage.googleapis.com/pathology-hub-public-figures-830130787988/textbook_figures_web_v1/molecular_vasef/molecular_vasef_p0580_fig03_unidentified.jpeg
GI_005,Gastrointestinal stromal tumor,textbooks,Gastrointestinal stromal tumor CD117 KIT,True,15,https://storage.googleapis.com/pathology-hub-public-figures-830130787988/textbook_figures_web_v1/cyto_cibas/cyto_cibas_p0452_fig02_fig_13_31.jpeg
GI_005,Gastrointestinal stromal tumor,textbooks,Gastrointestinal stromal tumor CD117 KIT,True,16,https://storage.googleapis.com/pathology-hub-0/_asset_library/textbooks/Molecular_Vasef/page_images/Molecular_Vasef_page_0583.png
GI_005,Gastrointestinal stromal tumor,textbooks,Gastrointestinal stromal tumor CD117 KIT,True,17,https://storage.googleapis.com/pathology-hub-0/_asset_library/textbooks/SoftTissue_Enzinger/page_images/SoftTissue_Enzinger_page_0626.png
GI_005,Gastrointestinal stromal tumor,textbooks,Gastrointestinal stromal tumor CD117 KIT,True,18,https://storage.googleapis.com/pathology-hub-0/_asset_library/textbooks/Molecular_Vasef/page_images/Molecular_Vasef_page_0584.png
GU_001,Clear cell renal cell carcinoma,who,Clear cell renal cell carcinoma,True,1,https://tumourclassification.iarc.who.int/static/dzi/36/15/21852.jpg
GU_001,Clear cell renal cell carcinoma,who,Clear cell renal cell carcinoma,True,2,https://tumourclassification.iarc.who.int/static/dzi/36/15/21853.jpg
GU_001,Clear cell renal cell carcinoma,who,Clear cell renal cell carcinoma,True,3,https://tumourclassification.iarc.who.int/static/dzi/36/15/21856.jpg
GU_001,Clear cell renal cell carcinoma,who,Clear cell renal cell carcinoma,True,4,https://tumourclassification.iarc.who.int/static/dzi/36/15/21862.jpg
GU_001,Clear cell renal cell carcinoma,who,Clear cell renal cell carcinoma,True,5,https://storage.googleapis.com/pathology-hub-0/WHO/WHO_HTML/SKIN/Hidradenocarcinoma.html
GU_001,Clear cell renal cell carcinoma,who,Clear cell renal cell carcinoma,True,6,https://storage.googleapis.com/pathology-hub-0/WHO/WHO_HTML/GU/Tfe3_Rearranged_Renal_Cell_Carcinomas.html
GU_001,Clear cell renal cell carcinoma,who,Clear cell renal cell carcinoma,True,7,https://storage.googleapis.com/pathology-hub-0/WHO/WHO_HTML/GU/Tubulocystic_Renal_Cell_Carcinoma.html
GU_001,Clear cell renal cell carcinoma,who,Clear cell renal cell carcinoma,True,8,https://storage.googleapis.com/pathology-hub-0/WHO/WHO_HTML/GU/Clear_Cell_Papillary_Renal_Cell_Tumour.html
GU_001,Clear cell renal cell carcinoma,pathout,Clear cell renal cell carcinoma,True,1,https://www.pathologyoutlines.com/imgau/kidneytumormalignantrccShah01.jpg
GU_001,Clear cell renal cell carcinoma,pathout,Clear cell renal cell carcinoma,True,2,https://www.pathologyoutlines.com/imgau/kidneytumormalignantrccShah02.jpg
GU_001,Clear cell renal cell carcinoma,pathout,Clear cell renal cell carcinoma,True,3,https://www.pathologyoutlines.com/imgau/kidneytumormalignantrccAita01.jpg
GU_001,Clear cell renal cell carcinoma,pathout,Clear cell renal cell carcinoma,True,4,https://www.pathologyoutlines.com/imgau/kidneytumormalignantrccAita02.jpg
GU_001,Clear cell renal cell carcinoma,textbooks,Clear cell renal cell carcinoma,True,1,https://storage.googleapis.com/pathology-hub-public-figures-830130787988/textbook_figures_web_v1/cyto_cibas/cyto_cibas_p0503_fig01_fig_15_15.jpeg
GU_001,Clear cell renal cell carcinoma,textbooks,Clear cell renal cell carcinoma,True,2,https://storage.googleapis.com/pathology-hub-0/_asset_library/textbooks/Cyto_Cibas/page_images/Cyto_Cibas_page_0503.png
GU_001,Clear cell renal cell carcinoma,textbooks,Clear cell renal cell carcinoma,True,3,https://storage.googleapis.com/pathology-hub-public-figures-830130787988/textbook_figures_web_v1/endo_atlas/endo_atlas_p0202_fig03_fig_29_2.jpeg
GU_001,Clear cell renal cell carcinoma,textbooks,Clear cell renal cell carcinoma,True,4,https://storage.googleapis.com/pathology-hub-public-figures-830130787988/textbook_figures_web_v1/cyto_cibas/cyto_cibas_p0503_fig02_fig_15_15e.jpeg
GU_001,Clear cell renal cell carcinoma,textbooks,Clear cell renal cell carcinoma,True,5,https://storage.googleapis.com/pathology-hub-public-figures-830130787988/textbook_figures_web_v1/cyto_cibas/cyto_cibas_p0503_fig03_fig_15_15f.jpeg
GU_001,Clear cell renal cell carcinoma,textbooks,Clear cell renal cell carcinoma,True,6,https://storage.googleapis.com/pathology-hub-public-figures-830130787988/textbook_figures_web_v1/cyto_cibas/cyto_cibas_p0503_fig04_fig_15_16a.jpeg
GU_001,Clear cell renal cell carcinoma,textbooks,Clear cell renal cell carcinoma,True,7,https://storage.googleapis.com/pathology-hub-public-figures-830130787988/textbook_figures_web_v1/cyto_cibas/cyto_cibas_p0503_fig05_unidentified.jpeg
GU_001,Clear cell renal cell carcinoma,textbooks,Clear cell renal cell carcinoma,True,8,https://storage.googleapis.com/pathology-hub-public-figures-830130787988/textbook_figures_web_v1/cyto_cibas/cyto_cibas_p0503_fig06_unidentified.jpeg
GU_001,Clear cell renal cell carcinoma,textbooks,Clear cell renal cell carcinoma,True,9,https://storage.googleapis.com/pathology-hub-public-figures-830130787988/textbook_figures_web_v1/endo_atlas/endo_atlas_p0202_fig01_fig_29_1.jpeg
GU_001,Clear cell renal cell carcinoma,textbooks,Clear cell renal cell carcinoma,True,10,https://storage.googleapis.com/pathology-hub-public-figures-830130787988/textbook_figures_web_v1/endo_atlas/endo_atlas_p0202_fig02_fig_29_3.jpeg
GU_001,Clear cell renal cell carcinoma,textbooks,Clear cell renal cell carcinoma,True,11,https://storage.googleapis.com/pathology-hub-public-figures-830130787988/textbook_figures_web_v1/endo_atlas/endo_atlas_p0202_fig04_fig_29_4.jpeg
GU_001,Clear cell renal cell carcinoma,textbooks,Clear cell renal cell carcinoma,True,12,https://storage.googleapis.com/pathology-hub-0/_asset_library/textbooks/Molecular_Vasef/page_images/Molecular_Vasef_page_0622.png
GU_001,Clear cell renal cell carcinoma,textbooks,Clear cell renal cell carcinoma,True,13,https://storage.googleapis.com/pathology-hub-0/_asset_library/textbooks/Cyto_Comprehensive_Part_Two/page_images/Cyto_Comprehensive_Part_Two_page_0254.png
GU_001,Clear cell renal cell carcinoma,textbooks,Clear cell renal cell carcinoma,True,14,https://storage.googleapis.com/pathology-hub-0/_asset_library/textbooks/Molecular_Vasef/page_images/Molecular_Vasef_page_0621.png
GU_001,Clear cell renal cell carcinoma,textbooks,Clear cell renal cell carcinoma,True,15,https://storage.googleapis.com/pathology-hub-0/_asset_library/textbooks/Cyto_Cibas/page_images/Cyto_Cibas_page_0502.png
GU_001,Clear cell renal cell carcinoma,textbooks,Clear cell renal cell carcinoma,True,16,https://storage.googleapis.com/pathology-hub-0/_asset_library/textbooks/Cyto_Pattern/page_images/Cyto_Pattern_page_0403.png
GU_001,Clear cell renal cell carcinoma,textbooks,Clear cell renal cell carcinoma,True,17,https://storage.googleapis.com/pathology-hub-0/_asset_library/textbooks/Cyto_Comprehensive_Part_Two/page_images/Cyto_Comprehensive_Part_Two_page_0258.png
GU_001,Clear cell renal cell carcinoma,textbooks,Clear cell renal cell carcinoma,True,18,https://storage.googleapis.com/pathology-hub-0/_asset_library/textbooks/Gu_Practical/page_images/Gu_Practical_page_0829.png
GU_001,Clear cell renal cell carcinoma,who,ccRCC,True,1,https://tumourclassification.iarc.who.int/static/dzi/36/14/20824.jpg
GU_001,Clear cell renal cell carcinoma,who,ccRCC,True,2,https://tumourclassification.iarc.who.int/static/dzi/36/14/20825.jpg
GU_001,Clear cell renal cell carcinoma,who,ccRCC,True,3,https://tumourclassification.iarc.who.int/static/dzi/36/14/21826.jpg
GU_001,Clear cell renal cell carcinoma,who,ccRCC,True,4,https://tumourclassification.iarc.who.int/static/dzi/36/14/23407.jpg
GU_001,Clear cell renal cell carcinoma,who,ccRCC,True,5,https://storage.googleapis.com/pathology-hub-0/WHO/WHO_HTML/GU/Papillary_Renal_Cell_Carcinoma.html
GU_001,Clear cell renal cell carcinoma,who,ccRCC,True,6,https://storage.googleapis.com/pathology-hub-0/WHO/WHO_HTML/GU/Von_Hippel_Lindau_Syndrome.html
GU_001,Clear cell renal cell carcinoma,who,ccRCC,True,7,https://storage.googleapis.com/pathology-hub-0/WHO/WHO_HTML/GU/Multilocular_Cystic_Renal_Neoplasm_Of_Low_Malignant_Potential.html
GU_001,Clear cell renal cell carcinoma,pathout,ccRCC,True,1,https://www.pathologyoutlines.com/imgau/cdmarkerscd10siegele43.jpg
GU_001,Clear cell renal cell carcinoma,pathout,ccRCC,True,2,https://www.pathologyoutlines.com/imgau/cdmarkerscd10siegele01.jpg
GU_001,Clear cell renal cell carcinoma,pathout,ccRCC,True,3,https://www.pathologyoutlines.com/imgau/cdmarkerscd10siegele02.jpg
GU_001,Clear cell renal cell carcinoma,pathout,ccRCC,True,4,https://www.pathologyoutlines.com/imgau/cdmarkerscd10siegele03.jpg
GU_001,Clear cell renal cell carcinoma,textbooks,ccRCC,True,1,https://storage.googleapis.com/pathology-hub-public-figures-830130787988/textbook_figures_web_v1/cyto_comprehensive_part_two/cyto_comprehensive_part_two_p0260_fig01_figure_28_18.png
GU_001,Clear cell renal cell carcinoma,textbooks,ccRCC,True,2,https://storage.googleapis.com/pathology-hub-0/_asset_library/textbooks/Cyto_Comprehensive_Part_Two/page_images/Cyto_Comprehensive_Part_Two_page_0260.png
GU_001,Clear cell renal cell carcinoma,textbooks,ccRCC,True,3,https://storage.googleapis.com/pathology-hub-public-figures-830130787988/textbook_figures_web_v1/cyto_comprehensive_part_two/cyto_comprehensive_part_two_p0260_fig02_fig_28_15a.jpg
GU_001,Clear cell renal cell carcinoma,textbooks,ccRCC,True,4,https://storage.googleapis.com/pathology-hub-public-figures-830130787988/textbook_figures_web_v1/cyto_comprehensive_part_two/cyto_comprehensive_part_two_p0260_fig03_unidentified.jpg
GU_001,Clear cell renal cell carcinoma,textbooks,ccRCC,True,5,https://storage.googleapis.com/pathology-hub-public-figures-830130787988/textbook_figures_web_v1/cyto_comprehensive_part_two/cyto_comprehensive_part_two_p0260_fig04_unidentified.jpg
GU_001,Clear cell renal cell carcinoma,textbooks,ccRCC,True,6,https://storage.googleapis.com/pathology-hub-public-figures-830130787988/textbook_figures_web_v1/cyto_comprehensive_part_two/cyto_comprehensive_part_two_p0260_fig05_unidentified.jpg
GU_001,Clear cell renal cell carcinoma,textbooks,ccRCC,True,7,https://storage.googleapis.com/pathology-hub-public-figures-830130787988/textbook_figures_web_v1/cyto_comprehensive_part_two/cyto_comprehensive_part_two_p0258_fig01_fig_28_15a.png
GU_001,Clear cell renal cell carcinoma,textbooks,ccRCC,True,8,https://storage.googleapis.com/pathology-hub-0/_asset_library/textbooks/Cyto_Comprehensive_Part_Two/page_images/Cyto_Comprehensive_Part_Two_page_0258.png
GU_001,Clear cell renal cell carcinoma,textbooks,ccRCC,True,9,https://storage.googleapis.com/pathology-hub-public-figures-830130787988/textbook_figures_web_v1/cyto_comprehensive_part_two/cyto_comprehensive_part_two_p0258_fig02_fig_28_16a.jpg
GU_001,Clear cell renal cell carcinoma,textbooks,ccRCC,True,10,https://storage.googleapis.com/pathology-hub-public-figures-830130787988/textbook_figures_web_v1/neuro_kleinschmidt/neuro_kleinschmidt_p0719_fig01_unidentified.jpeg
GU_001,Clear cell renal cell carcinoma,textbooks,ccRCC,True,11,https://storage.googleapis.com/pathology-hub-0/_asset_library/textbooks/Neuro_Kleinschmidt/page_images/Neuro_Kleinschmidt_page_0719.png
GU_001,Clear cell renal cell carcinoma,textbooks,ccRCC,True,12,https://storage.googleapis.com/pathology-hub-public-figures-830130787988/textbook_figures_web_v1/neuro_kleinschmidt/neuro_kleinschmidt_p0719_fig02_unidentified.jpeg
GU_001,Clear cell renal cell carcinoma,textbooks,ccRCC,True,13,https://storage.googleapis.com/pathology-hub-public-figures-830130787988/textbook_figures_web_v1/neuro_kleinschmidt/neuro_kleinschmidt_p0719_fig03_unidentified.jpeg
GU_001,Clear cell renal cell carcinoma,textbooks,ccRCC,True,14,https://storage.googleapis.com/pathology-hub-0/_asset_library/textbooks/Neuro_Kleinschmidt/page_images/Neuro_Kleinschmidt_page_0720.png
GU_001,Clear cell renal cell carcinoma,textbooks,ccRCC,True,15,https://storage.googleapis.com/pathology-hub-0/_asset_library/textbooks/Neuro_Kleinschmidt/page_images/Neuro_Kleinschmidt_page_0736.png
GU_001,Clear cell renal cell carcinoma,textbooks,ccRCC,True,16,https://storage.googleapis.com/pathology-hub-0/_asset_library/textbooks/Cyto_Comprehensive_Part_Two/page_images/Cyto_Comprehensive_Part_Two_page_0272.png
GU_001,Clear cell renal cell carcinoma,textbooks,ccRCC,True,17,https://storage.googleapis.com/pathology-hub-0/_asset_library/textbooks/Cyto_Comprehensive_Part_Two/page_images/Cyto_Comprehensive_Part_Two_page_0273.png
GU_001,Clear cell renal cell carcinoma,textbooks,ccRCC,True,18,https://storage.googleapis.com/pathology-hub-0/_asset_library/textbooks/Molecular_Faq/page_images/Molecular_Faq_page_0239.png
GU_001,Clear cell renal cell carcinoma,textbooks,ccRCC,True,19,https://storage.googleapis.com/pathology-hub-0/_asset_library/textbooks/Cyto_Comprehensive_Part_Two/page_images/Cyto_Comprehensive_Part_Two_page_0274.png
GU_001,Clear cell renal cell carcinoma,who,Clear cell renal cell carcinoma kidney,True,1,https://tumourclassification.iarc.who.int/static/dzi/36/39/21212.jpg
GU_001,Clear cell renal cell carcinoma,who,Clear cell renal cell carcinoma kidney,True,2,https://tumourclassification.iarc.who.int/static/dzi/36/39/21213.jpg
GU_001,Clear cell renal cell carcinoma,who,Clear cell renal cell carcinoma kidney,True,3,https://tumourclassification.iarc.who.int/static/dzi/36/39/17800.jpg
GU_001,Clear cell renal cell carcinoma,who,Clear cell renal cell carcinoma kidney,True,4,https://tumourclassification.iarc.who.int/static/dzi/36/39/17801.jpg
GU_001,Clear cell renal cell carcinoma,who,Clear cell renal cell carcinoma kidney,True,5,https://storage.googleapis.com/pathology-hub-0/WHO/WHO_HTML/ENDO/Metastasis_To_The_Adrenal_Gland.html
GU_001,Clear cell renal cell carcinoma,who,Clear cell renal cell carcinoma kidney,True,6,https://storage.googleapis.com/pathology-hub-0/WHO/WHO_HTML/PEDS/Pecoma.html
GU_001,Clear cell renal cell carcinoma,who,Clear cell renal cell carcinoma kidney,True,7,https://storage.googleapis.com/pathology-hub-0/WHO/WHO_HTML/GU/Epithelioid_Angiomyolipoma_Epithelioid_Pecoma_Of_The_Kidney.html
GU_001,Clear cell renal cell carcinoma,who,Clear cell renal cell carcinoma kidney,True,8,https://storage.googleapis.com/pathology-hub-0/WHO/WHO_HTML/GU/Mixed_Epithelial_And_Stromal_Tumour_Of_The_Kidney.html
GU_001,Clear cell renal cell carcinoma,who,Clear cell renal cell carcinoma kidney,True,9,https://storage.googleapis.com/pathology-hub-0/WHO/WHO_HTML/GU/Rhabdoid_Tumour_Of_The_Kidney.html
GU_001,Clear cell renal cell carcinoma,pathout,Clear cell renal cell carcinoma kidney,True,1,https://www.pathologyoutlines.com/site/AuthorAwards_Gold.png
GU_001,Clear cell renal cell carcinoma,pathout,Clear cell renal cell carcinoma kidney,True,2,https://www.pathologyoutlines.com/thumb/cnstumorhemangioblastoma_nih01.jpeg
GU_001,Clear cell renal cell carcinoma,pathout,Clear cell renal cell carcinoma kidney,True,3,https://www.pathologyoutlines.com/thumb/cnstumorhemangioblastoma_nih02.jpg
GU_001,Clear cell renal cell carcinoma,pathout,Clear cell renal cell carcinoma kidney,True,4,https://www.pathologyoutlines.com/thumb/cnstumorhemangioblastoma_jns03.gif
GU_001,Clear cell renal cell carcinoma,textbooks,Clear cell renal cell carcinoma kidney,True,1,https://pathology-hub-v04-v0-2-staging-vorn5q2kga-uc.a.run.app/figures/textbook?u=Z3M6Ly9wYXRob2xvZ3lfaHViLzAxX3N0YWdlZC90ZXh0Ym9va3MvYXNzZXRzL2ZpZ3VyZV9pbWFnZXMvZ3VfcHJhY3RpY2FsL2d1X3ByYWN0aWNhbF9wMDk3N19maWcwMV9maWd1cmVfNDBfNzUuanBlZw&exp=1783364412&sig=b46636be1bfd78f0b066a75b35ecef82d769d0fe5465e3a476ba6a8611adceb1
GU_001,Clear cell renal cell carcinoma,textbooks,Clear cell renal cell carcinoma kidney,True,2,https://storage.googleapis.com/pathology-hub-0/_asset_library/textbooks/Gu_Practical/page_images/Gu_Practical_page_0977.png
GU_001,Clear cell renal cell carcinoma,textbooks,Clear cell renal cell carcinoma kidney,True,3,https://storage.googleapis.com/pathology-hub-public-figures-830130787988/textbook_figures_web_v1/cyto_pattern/cyto_pattern_p0429_fig01_figure_9_32.jpeg
GU_001,Clear cell renal cell carcinoma,textbooks,Clear cell renal cell carcinoma kidney,True,4,https://storage.googleapis.com/pathology-hub-0/_asset_library/textbooks/Cyto_Pattern/page_images/Cyto_Pattern_page_0429.png
GU_001,Clear cell renal cell carcinoma,textbooks,Clear cell renal cell carcinoma kidney,True,5,https://storage.googleapis.com/pathology-hub-public-figures-830130787988/textbook_figures_web_v1/cyto_cibas/cyto_cibas_p0503_fig01_fig_15_15.jpeg
GU_001,Clear cell renal cell carcinoma,textbooks,Clear cell renal cell carcinoma kidney,True,6,https://storage.googleapis.com/pathology-hub-0/_asset_library/textbooks/Cyto_Cibas/page_images/Cyto_Cibas_page_0503.png
GU_001,Clear cell renal cell carcinoma,textbooks,Clear cell renal cell carcinoma kidney,True,7,https://storage.googleapis.com/pathology-hub-public-figures-830130787988/textbook_figures_web_v1/gu_practical/gu_practical_p0761_fig01_figure_35_41.jpeg
GU_001,Clear cell renal cell carcinoma,textbooks,Clear cell renal cell carcinoma kidney,True,8,https://storage.googleapis.com/pathology-hub-0/_asset_library/textbooks/Gu_Practical/page_images/Gu_Practical_page_0761.png
GU_001,Clear cell renal cell carcinoma,textbooks,Clear cell renal cell carcinoma kidney,True,9,https://storage.googleapis.com/pathology-hub-public-figures-830130787988/textbook_figures_web_v1/cyto_comprehensive_part_one/cyto_comprehensive_part_one_p0380_fig03_figure_15_40.jpg
GU_001,Clear cell renal cell carcinoma,textbooks,Clear cell renal cell carcinoma kidney,True,10,https://storage.googleapis.com/pathology-hub-0/_asset_library/textbooks/Cyto_Comprehensive_Part_One/page_images/Cyto_Comprehensive_Part_One_page_0380.png
GU_001,Clear cell renal cell carcinoma,textbooks,Clear cell renal cell carcinoma kidney,True,11,https://storage.googleapis.com/pathology-hub-public-figures-830130787988/textbook_figures_web_v1/cyto_pattern/cyto_pattern_p0429_fig02_figure_9_33.jpeg
GU_001,Clear cell renal cell carcinoma,textbooks,Clear cell renal cell carcinoma kidney,True,12,https://storage.googleapis.com/pathology-hub-public-figures-830130787988/textbook_figures_web_v1/cyto_comprehensive_part_two/cyto_comprehensive_part_two_p0242_fig01_unidentified.jpg
GU_001,Clear cell renal cell carcinoma,textbooks,Clear cell renal cell carcinoma kidney,True,13,https://storage.googleapis.com/pathology-hub-0/_asset_library/textbooks/Cyto_Comprehensive_Part_Two/page_images/Cyto_Comprehensive_Part_Two_page_0242.png
GU_001,Clear cell renal cell carcinoma,textbooks,Clear cell renal cell carcinoma kidney,True,14,https://storage.googleapis.com/pathology-hub-public-figures-830130787988/textbook_figures_web_v1/cyto_cibas/cyto_cibas_p0503_fig02_fig_15_15e.jpeg
GU_001,Clear cell renal cell carcinoma,textbooks,Clear cell renal cell carcinoma kidney,True,15,https://storage.googleapis.com/pathology-hub-public-figures-830130787988/textbook_figures_web_v1/cyto_cibas/cyto_cibas_p0503_fig03_fig_15_15f.jpeg
GU_001,Clear cell renal cell carcinoma,textbooks,Clear cell renal cell carcinoma kidney,True,16,https://storage.googleapis.com/pathology-hub-public-figures-830130787988/textbook_figures_web_v1/cyto_cibas/cyto_cibas_p0503_fig04_fig_15_16a.jpeg
GU_001,Clear cell renal cell carcinoma,textbooks,Clear cell renal cell carcinoma kidney,True,17,https://storage.googleapis.com/pathology-hub-0/_asset_library/textbooks/Cyto_Pattern/page_images/Cyto_Pattern_page_0403.png
GU_001,Clear cell renal cell carcinoma,textbooks,Clear cell renal cell carcinoma kidney,True,18,https://storage.googleapis.com/pathology-hub-0/_asset_library/textbooks/Cyto_Comprehensive_Part_Two/page_images/Cyto_Comprehensive_Part_Two_page_0254.png
GU_001,Clear cell renal cell carcinoma,textbooks,Clear cell renal cell carcinoma kidney,True,19,https://storage.googleapis.com/pathology-hub-0/_asset_library/textbooks/Neuro_Kleinschmidt/page_images/Neuro_Kleinschmidt_page_0702.png
GU_001,Clear cell renal cell carcinoma,textbooks,Clear cell renal cell carcinoma kidney,True,20,https://storage.googleapis.com/pathology-hub-0/_asset_library/textbooks/Cyto_Cibas/page_images/Cyto_Cibas_page_0502.png
GU_001,Clear cell renal cell carcinoma,who,Clear cell renal cell carcinoma VHL,True,1,https://tumourclassification.iarc.who.int/static/dzi/36/15/21852.jpg
GU_001,Clear cell renal cell carcinoma,who,Clear cell renal cell carcinoma VHL,True,2,https://tumourclassification.iarc.who.int/static/dzi/36/15/21853.jpg
GU_001,Clear cell renal cell carcinoma,who,Clear cell renal cell carcinoma VHL,True,3,https://tumourclassification.iarc.who.int/static/dzi/36/15/21856.jpg
GU_001,Clear cell renal cell carcinoma,who,Clear cell renal cell carcinoma VHL,True,4,https://tumourclassification.iarc.who.int/static/dzi/36/15/21862.jpg
GU_001,Clear cell renal cell carcinoma,who,Clear cell renal cell carcinoma VHL,True,5,https://storage.googleapis.com/pathology-hub-0/WHO/WHO_HTML/GU/Von_Hippel_Lindau_Syndrome.html
GU_001,Clear cell renal cell carcinoma,who,Clear cell renal cell carcinoma VHL,True,6,https://storage.googleapis.com/pathology-hub-0/WHO/WHO_HTML/EYE/Von_Hippel_Lindau_Syndrome.html
GU_001,Clear cell renal cell carcinoma,who,Clear cell renal cell carcinoma VHL,True,7,https://storage.googleapis.com/pathology-hub-0/WHO/WHO_HTML/GENETICS/Von_Hippel_Lindau_Syndrome_Vhl.html
GU_001,Clear cell renal cell carcinoma,who,Clear cell renal cell carcinoma VHL,True,8,https://storage.googleapis.com/pathology-hub-0/WHO/WHO_HTML/HN/Endolymphatic_Sac_Tumour.html
GU_001,Clear cell renal cell carcinoma,who,Clear cell renal cell carcinoma VHL,True,9,https://storage.googleapis.com/pathology-hub-0/WHO/WHO_HTML/GU/Clear_Cell_Papillary_Renal_Cell_Tumour.html
GU_001,Clear cell renal cell carcinoma,pathout,Clear cell renal cell carcinoma VHL,True,1,https://www.pathologyoutlines.com/imgau/kidneytumormalignantrccShah01.jpg
GU_001,Clear cell renal cell carcinoma,pathout,Clear cell renal cell carcinoma VHL,True,2,https://www.pathologyoutlines.com/imgau/kidneytumormalignantrccShah02.jpg
GU_001,Clear cell renal cell carcinoma,pathout,Clear cell renal cell carcinoma VHL,True,3,https://www.pathologyoutlines.com/imgau/kidneytumormalignantrccAita01.jpg
GU_001,Clear cell renal cell carcinoma,pathout,Clear cell renal cell carcinoma VHL,True,4,https://www.pathologyoutlines.com/imgau/kidneytumormalignantrccAita02.jpg
GU_001,Clear cell renal cell carcinoma,textbooks,Clear cell renal cell carcinoma VHL,True,1,https://storage.googleapis.com/pathology-hub-public-figures-830130787988/textbook_figures_web_v1/molecular_vasef/molecular_vasef_p0620_fig01_unidentified.jpeg
GU_001,Clear cell renal cell carcinoma,textbooks,Clear cell renal cell carcinoma VHL,True,2,https://storage.googleapis.com/pathology-hub-0/_asset_library/textbooks/Molecular_Vasef/page_images/Molecular_Vasef_page_0620.png
GU_001,Clear cell renal cell carcinoma,textbooks,Clear cell renal cell carcinoma VHL,True,3,https://pathology-hub-v04-v0-2-staging-vorn5q2kga-uc.a.run.app/figures/textbook?u=Z3M6Ly9wYXRob2xvZ3lfaHViLzAxX3N0YWdlZC90ZXh0Ym9va3MvYXNzZXRzL2ZpZ3VyZV9pbWFnZXMvZ3VfcHJhY3RpY2FsL2d1X3ByYWN0aWNhbF9wMDgyNl9maWcwMl9maWd1cmVfMzhfMTEuanBlZw&exp=1783364416&sig=842983e1bb3d11af989ed9f50d4070715656315089b5950ec42dc7969d4dfd0d
GU_001,Clear cell renal cell carcinoma,textbooks,Clear cell renal cell carcinoma VHL,True,4,https://storage.googleapis.com/pathology-hub-0/_asset_library/textbooks/Gu_Practical/page_images/Gu_Practical_page_0826.png
GU_001,Clear cell renal cell carcinoma,textbooks,Clear cell renal cell carcinoma VHL,True,5,https://storage.googleapis.com/pathology-hub-public-figures-830130787988/textbook_figures_web_v1/molecular_vasef/molecular_vasef_p0620_fig02_unidentified.jpeg
GU_001,Clear cell renal cell carcinoma,textbooks,Clear cell renal cell carcinoma VHL,True,6,https://storage.googleapis.com/pathology-hub-public-figures-830130787988/textbook_figures_web_v1/molecular_vasef/molecular_vasef_p0620_fig03_unidentified.jpeg
GU_001,Clear cell renal cell carcinoma,textbooks,Clear cell renal cell carcinoma VHL,True,7,https://storage.googleapis.com/pathology-hub-public-figures-830130787988/textbook_figures_web_v1/molecular_vasef/molecular_vasef_p0620_fig04_unidentified.jpeg
GU_001,Clear cell renal cell carcinoma,textbooks,Clear cell renal cell carcinoma VHL,True,8,https://storage.googleapis.com/pathology-hub-public-figures-830130787988/textbook_figures_web_v1/molecular_vasef/molecular_vasef_p0620_fig05_unidentified.jpeg
GU_001,Clear cell renal cell carcinoma,textbooks,Clear cell renal cell carcinoma VHL,True,9,https://storage.googleapis.com/pathology-hub-public-figures-830130787988/textbook_figures_web_v1/molecular_vasef/molecular_vasef_p0620_fig06_unidentified.jpeg
GU_001,Clear cell renal cell carcinoma,textbooks,Clear cell renal cell carcinoma VHL,True,10,https://storage.googleapis.com/pathology-hub-public-figures-830130787988/textbook_figures_web_v1/molecular_vasef/molecular_vasef_p0620_fig07_unidentified.jpeg
GU_001,Clear cell renal cell carcinoma,textbooks,Clear cell renal cell carcinoma VHL,True,11,https://storage.googleapis.com/pathology-hub-public-figures-830130787988/textbook_figures_web_v1/molecular_vasef/molecular_vasef_p0620_fig08_unidentified.jpeg
GU_001,Clear cell renal cell carcinoma,textbooks,Clear cell renal cell carcinoma VHL,True,12,https://storage.googleapis.com/pathology-hub-public-figures-830130787988/textbook_figures_web_v1/gu_practical/gu_practical_p0826_fig01_figure_38_10.jpeg
GU_001,Clear cell renal cell carcinoma,textbooks,Clear cell renal cell carcinoma VHL,True,13,https://storage.googleapis.com/pathology-hub-0/_asset_library/textbooks/Molecular_Vasef/page_images/Molecular_Vasef_page_0621.png
GU_001,Clear cell renal cell carcinoma,textbooks,Clear cell renal cell carcinoma VHL,True,14,https://storage.googleapis.com/pathology-hub-0/_asset_library/textbooks/Cyto_Comprehensive_Part_Two/page_images/Cyto_Comprehensive_Part_Two_page_0250.png
GU_001,Clear cell renal cell carcinoma,textbooks,Clear cell renal cell carcinoma VHL,True,15,https://storage.googleapis.com/pathology-hub-0/_asset_library/textbooks/Neuro_Kleinschmidt/page_images/Neuro_Kleinschmidt_page_0719.png
GU_001,Clear cell renal cell carcinoma,textbooks,Clear cell renal cell carcinoma VHL,True,16,https://storage.googleapis.com/pathology-hub-0/_asset_library/textbooks/Cyto_Cibas/page_images/Cyto_Cibas_page_0502.png
GU_002,Papillary renal cell carcinoma,who,Papillary renal cell carcinoma,True,1,https://tumourclassification.iarc.who.int/static/dzi/36/7/21540.jpg
GU_002,Papillary renal cell carcinoma,who,Papillary renal cell carcinoma,True,2,https://tumourclassification.iarc.who.int/static/dzi/36/7/21588.jpg
GU_002,Papillary renal cell carcinoma,who,Papillary renal cell carcinoma,True,3,https://tumourclassification.iarc.who.int/static/dzi/36/7/21590.jpg
GU_002,Papillary renal cell carcinoma,who,Papillary renal cell carcinoma,True,4,https://tumourclassification.iarc.who.int/static/dzi/36/7/21591.jpg
GU_002,Papillary renal cell carcinoma,who,Papillary renal cell carcinoma,True,5,https://storage.googleapis.com/pathology-hub-0/WHO/WHO_HTML/GU/Papillary_Renal_Cell_Carcinoma.html
GU_002,Papillary renal cell carcinoma,pathout,Papillary renal cell carcinoma,True,1,https://www.pathologyoutlines.com/imgau/kidneytumormalignantrccpapsaleeb01.jpg
GU_002,Papillary renal cell carcinoma,pathout,Papillary renal cell carcinoma,True,2,https://www.pathologyoutlines.com/imgau/kidneytumormalignantrccpapsaleeb02.jpg
GU_002,Papillary renal cell carcinoma,pathout,Papillary renal cell carcinoma,True,3,https://www.pathologyoutlines.com/thumb/kidneytumormalignantrccpapradio01.jpg
GU_002,Papillary renal cell carcinoma,pathout,Papillary renal cell carcinoma,True,4,https://www.pathologyoutlines.com/thumb/kidneytumormalignantrccpapTHUMBrsna01.jpg
GU_002,Papillary renal cell carcinoma,textbooks,Papillary renal cell carcinoma,True,1,https://storage.googleapis.com/pathology-hub-public-figures-830130787988/textbook_figures_web_v1/molecular_vasef/molecular_vasef_p0626_fig01_unidentified.jpeg
GU_002,Papillary renal cell carcinoma,textbooks,Papillary renal cell carcinoma,True,2,https://storage.googleapis.com/pathology-hub-0/_asset_library/textbooks/Molecular_Vasef/page_images/Molecular_Vasef_page_0626.png
GU_002,Papillary renal cell carcinoma,textbooks,Papillary renal cell carcinoma,True,3,https://storage.googleapis.com/pathology-hub-public-figures-830130787988/textbook_figures_web_v1/gu_practical/gu_practical_p1447_fig02_figure_60_9.jpeg
GU_002,Papillary renal cell carcinoma,textbooks,Papillary renal cell carcinoma,True,4,https://storage.googleapis.com/pathology-hub-0/_asset_library/textbooks/Gu_Practical/page_images/Gu_Practical_page_1447.png
GU_002,Papillary renal cell carcinoma,textbooks,Papillary renal cell carcinoma,True,5,https://storage.googleapis.com/pathology-hub-public-figures-830130787988/textbook_figures_web_v1/cyto_cibas/cyto_cibas_p0506_fig01_fig_15_17.jpeg
GU_002,Papillary renal cell carcinoma,textbooks,Papillary renal cell carcinoma,True,6,https://storage.googleapis.com/pathology-hub-0/_asset_library/textbooks/Cyto_Cibas/page_images/Cyto_Cibas_page_0506.png
GU_002,Papillary renal cell carcinoma,textbooks,Papillary renal cell carcinoma,True,7,https://storage.googleapis.com/pathology-hub-public-figures-830130787988/textbook_figures_web_v1/cyto_comprehensive_part_two/cyto_comprehensive_part_two_p0262_fig01_figure_28_21.png
GU_002,Papillary renal cell carcinoma,textbooks,Papillary renal cell carcinoma,True,8,https://storage.googleapis.com/pathology-hub-0/_asset_library/textbooks/Cyto_Comprehensive_Part_Two/page_images/Cyto_Comprehensive_Part_Two_page_0262.png
GU_002,Papillary renal cell carcinoma,textbooks,Papillary renal cell carcinoma,True,9,https://pathology-hub-v04-v0-2-staging-vorn5q2kga-uc.a.run.app/figures/textbook?u=Z3M6Ly9wYXRob2xvZ3lfaHViLzAxX3N0YWdlZC90ZXh0Ym9va3MvYXNzZXRzL2ZpZ3VyZV9pbWFnZXMvZ3VfcHJhY3RpY2FsL2d1X3ByYWN0aWNhbF9wMDgzM19maWcwMV91bmlkZW50aWZpZWQuanBlZw&exp=1783364420&sig=c3d5f59ccb9560478d7bef0747bbff36a7c631f1ef67e837afa26cb501a9c341
GU_002,Papillary renal cell carcinoma,textbooks,Papillary renal cell carcinoma,True,10,https://storage.googleapis.com/pathology-hub-0/_asset_library/textbooks/Gu_Practical/page_images/Gu_Practical_page_0833.png
GU_002,Papillary renal cell carcinoma,textbooks,Papillary renal cell carcinoma,True,11,https://pathology-hub-v04-v0-2-staging-vorn5q2kga-uc.a.run.app/figures/textbook?u=Z3M6Ly9wYXRob2xvZ3lfaHViLzAxX3N0YWdlZC90ZXh0Ym9va3MvYXNzZXRzL2ZpZ3VyZV9pbWFnZXMvZ3VfcHJhY3RpY2FsL2d1X3ByYWN0aWNhbF9wMDgzM19maWcwMl91bmlkZW50aWZpZWQuanBlZw&exp=1783364420&sig=8793107fdd21d8894c7f947bf64a32927f6d7a6b7e2df38f8889a9ede31287f5
GU_002,Papillary renal cell carcinoma,textbooks,Papillary renal cell carcinoma,True,12,https://storage.googleapis.com/pathology-hub-public-figures-830130787988/textbook_figures_web_v1/molecular_vasef/molecular_vasef_p0626_fig02_unidentified.jpeg
GU_002,Papillary renal cell carcinoma,textbooks,Papillary renal cell carcinoma,True,13,https://storage.googleapis.com/pathology-hub-public-figures-830130787988/textbook_figures_web_v1/molecular_vasef/molecular_vasef_p0626_fig03_unidentified.jpeg
GU_002,Papillary renal cell carcinoma,textbooks,Papillary renal cell carcinoma,True,14,https://storage.googleapis.com/pathology-hub-public-figures-830130787988/textbook_figures_web_v1/molecular_vasef/molecular_vasef_p0626_fig04_unidentified.jpeg
GU_002,Papillary renal cell carcinoma,textbooks,Papillary renal cell carcinoma,True,15,https://storage.googleapis.com/pathology-hub-public-figures-830130787988/textbook_figures_web_v1/molecular_vasef/molecular_vasef_p0626_fig05_unidentified.jpeg
GU_002,Papillary renal cell carcinoma,textbooks,Papillary renal cell carcinoma,True,16,https://storage.googleapis.com/pathology-hub-0/_asset_library/textbooks/Molecular_Vasef/page_images/Molecular_Vasef_page_0627.png
GU_002,Papillary renal cell carcinoma,textbooks,Papillary renal cell carcinoma,True,17,https://storage.googleapis.com/pathology-hub-0/_asset_library/textbooks/Cyto_Pattern/page_images/Cyto_Pattern_page_0403.png
GU_002,Papillary renal cell carcinoma,textbooks,Papillary renal cell carcinoma,True,18,https://storage.googleapis.com/pathology-hub-0/_asset_library/textbooks/Cyto_Cibas/page_images/Cyto_Cibas_page_0505.png
GU_002,Papillary renal cell carcinoma,textbooks,Papillary renal cell carcinoma,True,19,https://storage.googleapis.com/pathology-hub-0/_asset_library/textbooks/Cyto_Pattern/page_images/Cyto_Pattern_page_0432.png
GU_002,Papillary renal cell carcinoma,who,pRCC,True,1,https://tumourclassification.iarc.who.int/static/dzi/36/7/21540.jpg
GU_002,Papillary renal cell carcinoma,who,pRCC,True,2,https://tumourclassification.iarc.who.int/static/dzi/36/7/21588.jpg
GU_002,Papillary renal cell carcinoma,who,pRCC,True,3,https://tumourclassification.iarc.who.int/static/dzi/36/7/21590.jpg
GU_002,Papillary renal cell carcinoma,who,pRCC,True,4,https://tumourclassification.iarc.who.int/static/dzi/36/7/21591.jpg
GU_002,Papillary renal cell carcinoma,who,pRCC,True,5,https://storage.googleapis.com/pathology-hub-0/WHO/WHO_HTML/GU/Papillary_Renal_Cell_Carcinoma.html
GU_002,Papillary renal cell carcinoma,pathout,pRCC,True,1,https://www.pathologyoutlines.com/imgau/kidneytumormalignantrccpapsaleeb01.jpg
GU_002,Papillary renal cell carcinoma,pathout,pRCC,True,2,https://www.pathologyoutlines.com/imgau/kidneytumormalignantrccpapsaleeb02.jpg
GU_002,Papillary renal cell carcinoma,pathout,pRCC,True,3,https://www.pathologyoutlines.com/thumb/kidneytumormalignantrccpapradio01.jpg
GU_002,Papillary renal cell carcinoma,pathout,pRCC,True,4,https://www.pathologyoutlines.com/thumb/kidneytumormalignantrccpapTHUMBrsna01.jpg
GU_002,Papillary renal cell carcinoma,textbooks,pRCC,True,1,https://storage.googleapis.com/pathology-hub-public-figures-830130787988/textbook_figures_web_v1/cyto_comprehensive_part_two/cyto_comprehensive_part_two_p0261_fig01_figure_28_19.png
GU_002,Papillary renal cell carcinoma,textbooks,pRCC,True,2,https://storage.googleapis.com/pathology-hub-0/_asset_library/textbooks/Cyto_Comprehensive_Part_Two/page_images/Cyto_Comprehensive_Part_Two_page_0261.png
GU_002,Papillary renal cell carcinoma,textbooks,pRCC,True,3,https://storage.googleapis.com/pathology-hub-public-figures-830130787988/textbook_figures_web_v1/cyto_comprehensive_part_two/cyto_comprehensive_part_two_p0262_fig01_figure_28_21.png
GU_002,Papillary renal cell carcinoma,textbooks,pRCC,True,4,https://storage.googleapis.com/pathology-hub-0/_asset_library/textbooks/Cyto_Comprehensive_Part_Two/page_images/Cyto_Comprehensive_Part_Two_page_0262.png
GU_002,Papillary renal cell carcinoma,textbooks,pRCC,True,5,https://storage.googleapis.com/pathology-hub-public-figures-830130787988/textbook_figures_web_v1/cyto_comprehensive_part_two/cyto_comprehensive_part_two_p0262_fig02_fig_28_21.jpg
GU_002,Papillary renal cell carcinoma,textbooks,pRCC,True,6,https://storage.googleapis.com/pathology-hub-public-figures-830130787988/textbook_figures_web_v1/cyto_comprehensive_part_two/cyto_comprehensive_part_two_p0261_fig02_figure_28_20.jpg
GU_002,Papillary renal cell carcinoma,textbooks,pRCC,True,7,https://storage.googleapis.com/pathology-hub-public-figures-830130787988/textbook_figures_web_v1/cyto_comprehensive_part_two/cyto_comprehensive_part_two_p0261_fig03_unidentified.jpg
GU_002,Papillary renal cell carcinoma,textbooks,pRCC,True,8,https://storage.googleapis.com/pathology-hub-public-figures-830130787988/textbook_figures_web_v1/cyto_comprehensive_part_two/cyto_comprehensive_part_two_p0261_fig04_unidentified.jpg
GU_002,Papillary renal cell carcinoma,textbooks,pRCC,True,9,https://storage.googleapis.com/pathology-hub-public-figures-830130787988/textbook_figures_web_v1/cyto_comprehensive_part_two/cyto_comprehensive_part_two_p0261_fig05_unidentified.jpg
GU_002,Papillary renal cell carcinoma,textbooks,pRCC,True,10,https://pathology-hub-v04-v0-2-staging-vorn5q2kga-uc.a.run.app/figures/textbook?u=Z3M6Ly9wYXRob2xvZ3lfaHViLzAxX3N0YWdlZC90ZXh0Ym9va3MvYXNzZXRzL2ZpZ3VyZV9pbWFnZXMvZ3VfcHJhY3RpY2FsL2d1X3ByYWN0aWNhbF9wMDk0Ml9maWcwMV91bmlkZW50aWZpZWQuanBlZw&exp=1783364422&sig=98e9236db0050036d68491df0716082e8c3a3b6223c2c1b29cd4f0052d324cc3
GU_002,Papillary renal cell carcinoma,textbooks,pRCC,True,11,https://storage.googleapis.com/pathology-hub-0/_asset_library/textbooks/Gu_Practical/page_images/Gu_Practical_page_0942.png
GU_002,Papillary renal cell carcinoma,textbooks,pRCC,True,12,https://pathology-hub-v04-v0-2-staging-vorn5q2kga-uc.a.run.app/figures/textbook?u=Z3M6Ly9wYXRob2xvZ3lfaHViLzAxX3N0YWdlZC90ZXh0Ym9va3MvYXNzZXRzL2ZpZ3VyZV9pbWFnZXMvZ3VfcHJhY3RpY2FsL2d1X3ByYWN0aWNhbF9wMDg5OV9maWcwMV9maWd1cmVfNDBfMjAuanBlZw&exp=1783364422&sig=ebc341e6fcb02285749391b88391b0669456538154470bce8c9a819c0917c766
GU_002,Papillary renal cell carcinoma,textbooks,pRCC,True,13,https://storage.googleapis.com/pathology-hub-0/_asset_library/textbooks/Gu_Practical/page_images/Gu_Practical_page_0899.png
GU_002,Papillary renal cell carcinoma,textbooks,pRCC,True,14,https://pathology-hub-v04-v0-2-staging-vorn5q2kga-uc.a.run.app/figures/textbook?u=Z3M6Ly9wYXRob2xvZ3lfaHViLzAxX3N0YWdlZC90ZXh0Ym9va3MvYXNzZXRzL2ZpZ3VyZV9pbWFnZXMvZ3VfcHJhY3RpY2FsL2d1X3ByYWN0aWNhbF9wMDg0N19maWcwMV9maWdfMzlfMTNkLmpwZWc&exp=1783364422&sig=7af60187b01e3b7c7e10f3f9bdc5e07e6ae30330c353780a058d5e30b9444529
GU_002,Papillary renal cell carcinoma,textbooks,pRCC,True,15,https://storage.googleapis.com/pathology-hub-0/_asset_library/textbooks/Gu_Practical/page_images/Gu_Practical_page_0847.png
GU_002,Papillary renal cell carcinoma,textbooks,pRCC,True,16,https://storage.googleapis.com/pathology-hub-0/_asset_library/textbooks/Molecular_Faq/page_images/Molecular_Faq_page_0238.png
GU_002,Papillary renal cell carcinoma,textbooks,pRCC,True,17,https://storage.googleapis.com/pathology-hub-0/_asset_library/textbooks/Molecular_Faq/page_images/Molecular_Faq_page_0239.png
GU_002,Papillary renal cell carcinoma,textbooks,pRCC,True,18,https://storage.googleapis.com/pathology-hub-0/_asset_library/textbooks/Cyto_Comprehensive_Part_Two/page_images/Cyto_Comprehensive_Part_Two_page_0260.png
GU_002,Papillary renal cell carcinoma,textbooks,pRCC,True,19,https://storage.googleapis.com/pathology-hub-0/_asset_library/textbooks/Cyto_Comprehensive_Part_Two/page_images/Cyto_Comprehensive_Part_Two_page_0268.png
GU_002,Papillary renal cell carcinoma,who,Papillary renal cell carcinoma kidney,True,1,https://tumourclassification.iarc.who.int/static/dzi/36/7/21540.jpg
GU_002,Papillary renal cell carcinoma,who,Papillary renal cell carcinoma kidney,True,2,https://tumourclassification.iarc.who.int/static/dzi/36/7/21588.jpg
GU_002,Papillary renal cell carcinoma,who,Papillary renal cell carcinoma kidney,True,3,https://tumourclassification.iarc.who.int/static/dzi/36/7/21590.jpg
GU_002,Papillary renal cell carcinoma,who,Papillary renal cell carcinoma kidney,True,4,https://tumourclassification.iarc.who.int/static/dzi/36/7/21591.jpg
GU_002,Papillary renal cell carcinoma,who,Papillary renal cell carcinoma kidney,True,5,https://storage.googleapis.com/pathology-hub-0/WHO/WHO_HTML/PEDS/Metanephric_Adenofibroma.html
GU_002,Papillary renal cell carcinoma,who,Papillary renal cell carcinoma kidney,True,6,https://storage.googleapis.com/pathology-hub-0/WHO/WHO_HTML/GU/Papillary_Renal_Cell_Carcinoma.html
GU_002,Papillary renal cell carcinoma,who,Papillary renal cell carcinoma kidney,True,7,https://storage.googleapis.com/pathology-hub-0/WHO/WHO_HTML/GU/Mixed_Epithelial_And_Stromal_Tumour_Of_The_Kidney.html
GU_002,Papillary renal cell carcinoma,who,Papillary renal cell carcinoma kidney,True,8,https://storage.googleapis.com/pathology-hub-0/WHO/WHO_HTML/GU/Hereditary_Papillary_Renal_Carcinoma.html
GU_002,Papillary renal cell carcinoma,pathout,Papillary renal cell carcinoma kidney,True,1,https://www.pathologyoutlines.com/imgau/kidneytumormalignantrccpapsaleeb01.jpg
GU_002,Papillary renal cell carcinoma,pathout,Papillary renal cell carcinoma kidney,True,2,https://www.pathologyoutlines.com/imgau/kidneytumormalignantrccpapsaleeb02.jpg
GU_002,Papillary renal cell carcinoma,pathout,Papillary renal cell carcinoma kidney,True,3,https://www.pathologyoutlines.com/thumb/kidneytumormalignantrccpapradio01.jpg
GU_002,Papillary renal cell carcinoma,pathout,Papillary renal cell carcinoma kidney,True,4,https://www.pathologyoutlines.com/thumb/kidneytumormalignantrccpapTHUMBrsna01.jpg
GU_002,Papillary renal cell carcinoma,textbooks,Papillary renal cell carcinoma kidney,True,1,https://storage.googleapis.com/pathology-hub-public-figures-830130787988/textbook_figures_web_v1/cyto_cibas/cyto_cibas_p0506_fig01_fig_15_17.jpeg
GU_002,Papillary renal cell carcinoma,textbooks,Papillary renal cell carcinoma kidney,True,2,https://storage.googleapis.com/pathology-hub-0/_asset_library/textbooks/Cyto_Cibas/page_images/Cyto_Cibas_page_0506.png
GU_002,Papillary renal cell carcinoma,textbooks,Papillary renal cell carcinoma kidney,True,3,https://storage.googleapis.com/pathology-hub-public-figures-830130787988/textbook_figures_web_v1/gu_practical/gu_practical_p0910_fig01_figure_40_30.jpeg
GU_002,Papillary renal cell carcinoma,textbooks,Papillary renal cell carcinoma kidney,True,4,https://storage.googleapis.com/pathology-hub-0/_asset_library/textbooks/Gu_Practical/page_images/Gu_Practical_page_0910.png
GU_002,Papillary renal cell carcinoma,textbooks,Papillary renal cell carcinoma kidney,True,5,https://storage.googleapis.com/pathology-hub-public-figures-830130787988/textbook_figures_web_v1/cyto_cibas/cyto_cibas_p0508_fig02_fig_15_20.jpeg
GU_002,Papillary renal cell carcinoma,textbooks,Papillary renal cell carcinoma kidney,True,6,https://storage.googleapis.com/pathology-hub-0/_asset_library/textbooks/Cyto_Cibas/page_images/Cyto_Cibas_page_0508.png
GU_002,Papillary renal cell carcinoma,textbooks,Papillary renal cell carcinoma kidney,True,7,https://storage.googleapis.com/pathology-hub-public-figures-830130787988/textbook_figures_web_v1/cyto_comprehensive_part_two/cyto_comprehensive_part_two_p0262_fig01_figure_28_21.png
GU_002,Papillary renal cell carcinoma,textbooks,Papillary renal cell carcinoma kidney,True,8,https://storage.googleapis.com/pathology-hub-0/_asset_library/textbooks/Cyto_Comprehensive_Part_Two/page_images/Cyto_Comprehensive_Part_Two_page_0262.png
GU_002,Papillary renal cell carcinoma,textbooks,Papillary renal cell carcinoma kidney,True,9,https://storage.googleapis.com/pathology-hub-public-figures-830130787988/textbook_figures_web_v1/cyto_cibas/cyto_cibas_p0506_fig02_unidentified.jpeg
GU_002,Papillary renal cell carcinoma,textbooks,Papillary renal cell carcinoma kidney,True,10,https://storage.googleapis.com/pathology-hub-public-figures-830130787988/textbook_figures_web_v1/cyto_cibas/cyto_cibas_p0506_fig03_unidentified.jpeg
GU_002,Papillary renal cell carcinoma,textbooks,Papillary renal cell carcinoma kidney,True,11,https://storage.googleapis.com/pathology-hub-public-figures-830130787988/textbook_figures_web_v1/cyto_cibas/cyto_cibas_p0506_fig04_unidentified.jpeg
GU_002,Papillary renal cell carcinoma,textbooks,Papillary renal cell carcinoma kidney,True,12,https://storage.googleapis.com/pathology-hub-public-figures-830130787988/textbook_figures_web_v1/cyto_cibas/cyto_cibas_p0506_fig05_unidentified.jpeg
GU_002,Papillary renal cell carcinoma,textbooks,Papillary renal cell carcinoma kidney,True,13,https://storage.googleapis.com/pathology-hub-public-figures-830130787988/textbook_figures_web_v1/cyto_cibas/cyto_cibas_p0506_fig06_unidentified.jpeg
GU_002,Papillary renal cell carcinoma,textbooks,Papillary renal cell carcinoma kidney,True,14,https://storage.googleapis.com/pathology-hub-public-figures-830130787988/textbook_figures_web_v1/cyto_cibas/cyto_cibas_p0508_fig01_fig_15_19.jpeg
GU_002,Papillary renal cell carcinoma,textbooks,Papillary renal cell carcinoma kidney,True,15,https://storage.googleapis.com/pathology-hub-0/_asset_library/textbooks/Cyto_Comprehensive_Part_Two/page_images/Cyto_Comprehensive_Part_Two_page_0242.png
GU_002,Papillary renal cell carcinoma,textbooks,Papillary renal cell carcinoma kidney,True,16,https://storage.googleapis.com/pathology-hub-0/_asset_library/textbooks/Cyto_Pattern/page_images/Cyto_Pattern_page_0403.png
GU_002,Papillary renal cell carcinoma,textbooks,Papillary renal cell carcinoma kidney,True,17,https://storage.googleapis.com/pathology-hub-0/_asset_library/textbooks/Cyto_Pattern/page_images/Cyto_Pattern_page_0432.png
GU_002,Papillary renal cell carcinoma,textbooks,Papillary renal cell carcinoma kidney,True,18,https://storage.googleapis.com/pathology-hub-0/_asset_library/textbooks/Cyto_Pattern/page_images/Cyto_Pattern_page_0416.png
GU_002,Papillary renal cell carcinoma,textbooks,Papillary renal cell carcinoma kidney,True,19,https://storage.googleapis.com/pathology-hub-0/_asset_library/textbooks/Cyto_Pattern/page_images/Cyto_Pattern_page_0404.png
GU_002,Papillary renal cell carcinoma,textbooks,Papillary renal cell carcinoma kidney,True,20,https://storage.googleapis.com/pathology-hub-0/_asset_library/textbooks/Gu_Practical/page_images/Gu_Practical_page_0833.png
GU_002,Papillary renal cell carcinoma,who,Papillary renal cell carcinoma type 1 type 2,True,1,https://tumourclassification.iarc.who.int/static/dzi/36/7/21540.jpg
GU_002,Papillary renal cell carcinoma,who,Papillary renal cell carcinoma type 1 type 2,True,2,https://tumourclassification.iarc.who.int/static/dzi/36/7/21588.jpg
GU_002,Papillary renal cell carcinoma,who,Papillary renal cell carcinoma type 1 type 2,True,3,https://tumourclassification.iarc.who.int/static/dzi/36/7/21590.jpg
GU_002,Papillary renal cell carcinoma,who,Papillary renal cell carcinoma type 1 type 2,True,4,https://tumourclassification.iarc.who.int/static/dzi/36/7/21591.jpg
GU_002,Papillary renal cell carcinoma,who,Papillary renal cell carcinoma type 1 type 2,True,5,https://storage.googleapis.com/pathology-hub-0/WHO/WHO_HTML/GU/Papillary_Renal_Cell_Carcinoma.html
GU_002,Papillary renal cell carcinoma,who,Papillary renal cell carcinoma type 1 type 2,True,6,https://storage.googleapis.com/pathology-hub-0/WHO/WHO_HTML/GYN/Hereditary_Leiomyomatosis_And_Renal_Cell_Carcinoma.html
GU_002,Papillary renal cell carcinoma,pathout,Papillary renal cell carcinoma type 1 type 2,True,1,https://www.pathologyoutlines.com/imgau/kidneytumorWHOclassTretiakova01.jpg
GU_002,Papillary renal cell carcinoma,pathout,Papillary renal cell carcinoma type 1 type 2,True,2,https://www.pathologyoutlines.com/imgau/kidneytumorWHOclassTretiakova02.jpg
GU_002,Papillary renal cell carcinoma,pathout,Papillary renal cell carcinoma type 1 type 2,True,3,https://www.pathologyoutlines.com/imgau/kidneytumorWHOclassTretiakova03.jpg
GU_002,Papillary renal cell carcinoma,pathout,Papillary renal cell carcinoma type 1 type 2,True,4,https://www.pathologyoutlines.com/imgau/kidneytumorWHOclassTretiakovaBRQ1A.jpg
GU_002,Papillary renal cell carcinoma,textbooks,Papillary renal cell carcinoma type 1 type 2,True,1,https://storage.googleapis.com/pathology-hub-public-figures-830130787988/textbook_figures_web_v1/molecular_vasef/molecular_vasef_p0626_fig01_unidentified.jpeg
GU_002,Papillary renal cell carcinoma,textbooks,Papillary renal cell carcinoma type 1 type 2,True,2,https://storage.googleapis.com/pathology-hub-0/_asset_library/textbooks/Molecular_Vasef/page_images/Molecular_Vasef_page_0626.png
GU_002,Papillary renal cell carcinoma,textbooks,Papillary renal cell carcinoma type 1 type 2,True,3,https://storage.googleapis.com/pathology-hub-public-figures-830130787988/textbook_figures_web_v1/cyto_comprehensive_part_two/cyto_comprehensive_part_two_p0261_fig01_figure_28_19.png
GU_002,Papillary renal cell carcinoma,textbooks,Papillary renal cell carcinoma type 1 type 2,True,4,https://storage.googleapis.com/pathology-hub-0/_asset_library/textbooks/Cyto_Comprehensive_Part_Two/page_images/Cyto_Comprehensive_Part_Two_page_0261.png
GU_002,Papillary renal cell carcinoma,textbooks,Papillary renal cell carcinoma type 1 type 2,True,5,https://storage.googleapis.com/pathology-hub-public-figures-830130787988/textbook_figures_web_v1/molecular_vasef/molecular_vasef_p0626_fig02_unidentified.jpeg
GU_002,Papillary renal cell carcinoma,textbooks,Papillary renal cell carcinoma type 1 type 2,True,6,https://storage.googleapis.com/pathology-hub-public-figures-830130787988/textbook_figures_web_v1/cyto_comprehensive_part_two/cyto_comprehensive_part_two_p0261_fig02_figure_28_20.jpg
GU_002,Papillary renal cell carcinoma,textbooks,Papillary renal cell carcinoma type 1 type 2,True,7,https://pathology-hub-v04-v0-2-staging-vorn5q2kga-uc.a.run.app/figures/textbook?u=Z3M6Ly9wYXRob2xvZ3lfaHViLzAxX3N0YWdlZC90ZXh0Ym9va3MvYXNzZXRzL2ZpZ3VyZV9pbWFnZXMvZ3VfcHJhY3RpY2FsL2d1X3ByYWN0aWNhbF9wMDg0MF9maWcwMV9maWd1cmVfMzlfMTAuanBlZw&exp=1783364430&sig=1b2dcb0343c8f21b783b8d5b53dba03d3f99403c5c087829ba967118377b5d6d
GU_002,Papillary renal cell carcinoma,textbooks,Papillary renal cell carcinoma type 1 type 2,True,8,https://storage.googleapis.com/pathology-hub-0/_asset_library/textbooks/Gu_Practical/page_images/Gu_Practical_page_0840.png
GU_002,Papillary renal cell carcinoma,textbooks,Papillary renal cell carcinoma type 1 type 2,True,9,https://storage.googleapis.com/pathology-hub-public-figures-830130787988/textbook_figures_web_v1/molecular_vasef/molecular_vasef_p0626_fig03_unidentified.jpeg
GU_002,Papillary renal cell carcinoma,textbooks,Papillary renal cell carcinoma type 1 type 2,True,10,https://storage.googleapis.com/pathology-hub-public-figures-830130787988/textbook_figures_web_v1/molecular_vasef/molecular_vasef_p0626_fig04_unidentified.jpeg
GU_002,Papillary renal cell carcinoma,textbooks,Papillary renal cell carcinoma type 1 type 2,True,11,https://storage.googleapis.com/pathology-hub-public-figures-830130787988/textbook_figures_web_v1/molecular_vasef/molecular_vasef_p0626_fig05_unidentified.jpeg
GU_002,Papillary renal cell carcinoma,textbooks,Papillary renal cell carcinoma type 1 type 2,True,12,https://storage.googleapis.com/pathology-hub-public-figures-830130787988/textbook_figures_web_v1/cyto_comprehensive_part_two/cyto_comprehensive_part_two_p0261_fig03_unidentified.jpg
GU_002,Papillary renal cell carcinoma,textbooks,Papillary renal cell carcinoma type 1 type 2,True,13,https://storage.googleapis.com/pathology-hub-public-figures-830130787988/textbook_figures_web_v1/cyto_comprehensive_part_two/cyto_comprehensive_part_two_p0261_fig04_unidentified.jpg
GU_002,Papillary renal cell carcinoma,textbooks,Papillary renal cell carcinoma type 1 type 2,True,14,https://storage.googleapis.com/pathology-hub-0/_asset_library/textbooks/Cyto_Cibas/page_images/Cyto_Cibas_page_0505.png
GU_002,Papillary renal cell carcinoma,textbooks,Papillary renal cell carcinoma type 1 type 2,True,15,https://storage.googleapis.com/pathology-hub-0/_asset_library/textbooks/Gu_Practical/page_images/Gu_Practical_page_0833.png
GU_002,Papillary renal cell carcinoma,textbooks,Papillary renal cell carcinoma type 1 type 2,True,16,https://storage.googleapis.com/pathology-hub-0/_asset_library/textbooks/Molecular_Vasef/page_images/Molecular_Vasef_page_0627.png
GU_003,Urothelial carcinoma in situ,who,Urothelial carcinoma in situ,True,1,https://tumourclassification.iarc.who.int/static/dzi/36/227/21886.jpg
GU_003,Urothelial carcinoma in situ,who,Urothelial carcinoma in situ,True,2,https://tumourclassification.iarc.who.int/static/dzi/36/227/21887.jpg
GU_003,Urothelial carcinoma in situ,who,Urothelial carcinoma in situ,True,3,https://tumourclassification.iarc.who.int/static/dzi/36/209/27894.jpg
GU_003,Urothelial carcinoma in situ,who,Urothelial carcinoma in situ,True,4,https://tumourclassification.iarc.who.int/static/dzi/36/209/27896.jpg
GU_003,Urothelial carcinoma in situ,who,Urothelial carcinoma in situ,True,5,https://storage.googleapis.com/pathology-hub-0/WHO/WHO_HTML/GU/Littre_Gland_Adenocarcinoma_Of_The_Urethra.html
GU_003,Urothelial carcinoma in situ,who,Urothelial carcinoma in situ,True,6,https://storage.googleapis.com/pathology-hub-0/WHO/WHO_HTML/GU/Metastasis_To_The_Urinary_Tract.html
GU_003,Urothelial carcinoma in situ,who,Urothelial carcinoma in situ,True,7,https://storage.googleapis.com/pathology-hub-0/WHO/WHO_HTML/PEDS/Smarcb1_Deficient_Renal_Medullary_Carcinoma.html
GU_003,Urothelial carcinoma in situ,who,Urothelial carcinoma in situ,True,8,https://storage.googleapis.com/pathology-hub-0/WHO/WHO_HTML/GU/Squamous_Cell_Carcinoma_Nos.html
GU_003,Urothelial carcinoma in situ,pathout,Urothelial carcinoma in situ,True,1,https://www.pathologyoutlines.com/thumb/bladdercisradio1.jpg
GU_003,Urothelial carcinoma in situ,pathout,Urothelial carcinoma in situ,True,2,https://www.pathologyoutlines.com/thumb/bladdercisradio2.jpeg
GU_003,Urothelial carcinoma in situ,pathout,Urothelial carcinoma in situ,True,3,https://www.pathologyoutlines.com/thumb/bladderUCISnature01.jpg
GU_003,Urothelial carcinoma in situ,pathout,Urothelial carcinoma in situ,True,4,https://www.pathologyoutlines.com/thumb/bladdercisgross1.jpg
GU_003,Urothelial carcinoma in situ,textbooks,Urothelial carcinoma in situ,True,1,https://storage.googleapis.com/pathology-hub-public-figures-830130787988/textbook_figures_web_v1/molecular_vasef/molecular_vasef_p0648_fig01_unidentified.jpeg
GU_003,Urothelial carcinoma in situ,textbooks,Urothelial carcinoma in situ,True,2,https://storage.googleapis.com/pathology-hub-0/_asset_library/textbooks/Molecular_Vasef/page_images/Molecular_Vasef_page_0648.png
GU_003,Urothelial carcinoma in situ,textbooks,Urothelial carcinoma in situ,True,3,https://storage.googleapis.com/pathology-hub-public-figures-830130787988/textbook_figures_web_v1/molecular_vasef/molecular_vasef_p0644_fig02_unidentified.jpeg
GU_003,Urothelial carcinoma in situ,textbooks,Urothelial carcinoma in situ,True,4,https://storage.googleapis.com/pathology-hub-0/_asset_library/textbooks/Molecular_Vasef/page_images/Molecular_Vasef_page_0644.png
GU_003,Urothelial carcinoma in situ,textbooks,Urothelial carcinoma in situ,True,5,https://storage.googleapis.com/pathology-hub-public-figures-830130787988/textbook_figures_web_v1/cyto_comprehensive_part_one/cyto_comprehensive_part_one_p0377_fig01_figure_15_31.png
GU_003,Urothelial carcinoma in situ,textbooks,Urothelial carcinoma in situ,True,6,https://storage.googleapis.com/pathology-hub-0/_asset_library/textbooks/Cyto_Comprehensive_Part_One/page_images/Cyto_Comprehensive_Part_One_page_0377.png
GU_003,Urothelial carcinoma in situ,textbooks,Urothelial carcinoma in situ,True,7,https://storage.googleapis.com/pathology-hub-public-figures-830130787988/textbook_figures_web_v1/gu_practical/gu_practical_p1020_fig01_figure_43_1.jpeg
GU_003,Urothelial carcinoma in situ,textbooks,Urothelial carcinoma in situ,True,8,https://storage.googleapis.com/pathology-hub-0/_asset_library/textbooks/Gu_Practical/page_images/Gu_Practical_page_1020.png
GU_003,Urothelial carcinoma in situ,textbooks,Urothelial carcinoma in situ,True,9,https://storage.googleapis.com/pathology-hub-public-figures-830130787988/textbook_figures_web_v1/gu_practical/gu_practical_p1055_fig01_figure_45_1.jpeg
GU_003,Urothelial carcinoma in situ,textbooks,Urothelial carcinoma in situ,True,10,https://storage.googleapis.com/pathology-hub-0/_asset_library/textbooks/Gu_Practical/page_images/Gu_Practical_page_1055.png
GU_003,Urothelial carcinoma in situ,textbooks,Urothelial carcinoma in situ,True,11,https://pathology-hub-v04-v0-2-staging-vorn5q2kga-uc.a.run.app/figures/textbook?u=Z3M6Ly9wYXRob2xvZ3lfaHViLzAxX3N0YWdlZC90ZXh0Ym9va3MvYXNzZXRzL2ZpZ3VyZV9pbWFnZXMvZ3VfcHJhY3RpY2FsL2d1X3ByYWN0aWNhbF9wMTIwMV9maWcwMV91bmlkZW50aWZpZWQuanBlZw&exp=1783364434&sig=da2c0665cf24e89ea3b4e8bdda01ec2370baf1a5f17937d60f776205062178b9
GU_003,Urothelial carcinoma in situ,textbooks,Urothelial carcinoma in situ,True,12,https://storage.googleapis.com/pathology-hub-0/_asset_library/textbooks/Gu_Practical/page_images/Gu_Practical_page_1201.png
GU_003,Urothelial carcinoma in situ,textbooks,Urothelial carcinoma in situ,True,13,https://pathology-hub-v04-v0-2-staging-vorn5q2kga-uc.a.run.app/figures/textbook?u=Z3M6Ly9wYXRob2xvZ3lfaHViLzAxX3N0YWdlZC90ZXh0Ym9va3MvYXNzZXRzL2ZpZ3VyZV9pbWFnZXMvZ3VfcHJhY3RpY2FsL2d1X3ByYWN0aWNhbF9wMTIwMV9maWcwMl91bmlkZW50aWZpZWQuanBlZw&exp=1783364434&sig=c05f0feb7fa1762ce86a5b443c1e30856553979d692a4e1a796bb5b656e212fd
GU_003,Urothelial carcinoma in situ,textbooks,Urothelial carcinoma in situ,True,14,https://pathology-hub-v04-v0-2-staging-vorn5q2kga-uc.a.run.app/figures/textbook?u=Z3M6Ly9wYXRob2xvZ3lfaHViLzAxX3N0YWdlZC90ZXh0Ym9va3MvYXNzZXRzL2ZpZ3VyZV9pbWFnZXMvZ3VfcHJhY3RpY2FsL2d1X3ByYWN0aWNhbF9wMTAxOV9maWcwMV9maWdfNDNfMS5qcGVn&exp=1783364434&sig=5fc28950753781c861839540ebc1d3fab352bc1032c6ec10515715f4fc23f7af
GU_003,Urothelial carcinoma in situ,textbooks,Urothelial carcinoma in situ,True,15,https://storage.googleapis.com/pathology-hub-0/_asset_library/textbooks/Gu_Practical/page_images/Gu_Practical_page_1019.png
GU_003,Urothelial carcinoma in situ,textbooks,Urothelial carcinoma in situ,True,16,https://pathology-hub-v04-v0-2-staging-vorn5q2kga-uc.a.run.app/figures/textbook?u=Z3M6Ly9wYXRob2xvZ3lfaHViLzAxX3N0YWdlZC90ZXh0Ym9va3MvYXNzZXRzL2ZpZ3VyZV9pbWFnZXMvZ3VfcHJhY3RpY2FsL2d1X3ByYWN0aWNhbF9wMTAxOV9maWcwMl91bmlkZW50aWZpZWQuanBlZw&exp=1783364434&sig=037bb04fed328410a024a7d2a1e49dfcbfd2066c775ee0876b53e7c96b94f7b7
GU_003,Urothelial carcinoma in situ,textbooks,Urothelial carcinoma in situ,True,17,https://storage.googleapis.com/pathology-hub-public-figures-830130787988/textbook_figures_web_v1/molecular_vasef/molecular_vasef_p0648_fig02_unidentified.jpeg
GU_003,Urothelial carcinoma in situ,textbooks,Urothelial carcinoma in situ,True,18,https://storage.googleapis.com/pathology-hub-0/_asset_library/textbooks/Gu_Practical/page_images/Gu_Practical_page_1269.png
GU_003,Urothelial carcinoma in situ,textbooks,Urothelial carcinoma in situ,True,19,https://storage.googleapis.com/pathology-hub-0/_asset_library/textbooks/Cyto_Cibas/page_images/Cyto_Cibas_page_0134.png
GU_003,Urothelial carcinoma in situ,who,CIS,True,1,https://storage.googleapis.com/pathology-hub-0/WHO/WHO_PICS/PEDS/21647.jpg
GU_003,Urothelial carcinoma in situ,who,CIS,True,2,https://storage.googleapis.com/pathology-hub-0/WHO/WHO_PICS/PEDS/21648.jpg
GU_003,Urothelial carcinoma in situ,who,CIS,True,3,https://storage.googleapis.com/pathology-hub-0/WHO/WHO_PICS/PEDS/21649.jpg
GU_003,Urothelial carcinoma in situ,who,CIS,True,4,https://storage.googleapis.com/pathology-hub-0/WHO/WHO_PICS/PEDS/21650.jpg
GU_003,Urothelial carcinoma in situ,who,CIS,True,5,https://storage.googleapis.com/pathology-hub-0/WHO/WHO_HTML/PEDS/Venous_Malformations.html
GU_003,Urothelial carcinoma in situ,pathout,CIS,True,1,https://www.pathologyoutlines.com/thumb/bladdercisradio1.jpg
GU_003,Urothelial carcinoma in situ,pathout,CIS,True,2,https://www.pathologyoutlines.com/thumb/bladdercisradio2.jpeg
GU_003,Urothelial carcinoma in situ,pathout,CIS,True,3,https://www.pathologyoutlines.com/thumb/bladderUCISnature01.jpg
GU_003,Urothelial carcinoma in situ,pathout,CIS,True,4,https://www.pathologyoutlines.com/thumb/bladdercisgross1.jpg
GU_003,Urothelial carcinoma in situ,textbooks,CIS,True,1,https://storage.googleapis.com/pathology-hub-public-figures-830130787988/textbook_figures_web_v1/gu_practical/gu_practical_p1214_fig01_figure_51_13.jpeg
GU_003,Urothelial carcinoma in situ,textbooks,CIS,True,2,https://storage.googleapis.com/pathology-hub-0/_asset_library/textbooks/Gu_Practical/page_images/Gu_Practical_page_1214.png
GU_003,Urothelial carcinoma in situ,textbooks,CIS,True,3,https://storage.googleapis.com/pathology-hub-public-figures-830130787988/textbook_figures_web_v1/gu_practical/gu_practical_p1210_fig01_figure_51_11.jpeg
GU_003,Urothelial carcinoma in situ,textbooks,CIS,True,4,https://storage.googleapis.com/pathology-hub-0/_asset_library/textbooks/Gu_Practical/page_images/Gu_Practical_page_1210.png
GU_003,Urothelial carcinoma in situ,textbooks,CIS,True,5,https://pathology-hub-v04-v0-2-staging-vorn5q2kga-uc.a.run.app/figures/textbook?u=Z3M6Ly9wYXRob2xvZ3lfaHViLzAxX3N0YWdlZC90ZXh0Ym9va3MvYXNzZXRzL2ZpZ3VyZV9pbWFnZXMvZ3VfcHJhY3RpY2FsL2d1X3ByYWN0aWNhbF9wMTIwOF9maWcwMl9maWd1cmVfNTFfMTAuanBlZw&exp=1783364437&sig=972aa828d749991e0f4713d33bc0086f390336cd31b3c8ecd4fd491f8d03cd84
GU_003,Urothelial carcinoma in situ,textbooks,CIS,True,6,https://storage.googleapis.com/pathology-hub-0/_asset_library/textbooks/Gu_Practical/page_images/Gu_Practical_page_1208.png
GU_003,Urothelial carcinoma in situ,textbooks,CIS,True,7,https://storage.googleapis.com/pathology-hub-public-figures-830130787988/textbook_figures_web_v1/gu_practical/gu_practical_p0570_fig01_figure_28_5.jpeg
GU_003,Urothelial carcinoma in situ,textbooks,CIS,True,8,https://storage.googleapis.com/pathology-hub-0/_asset_library/textbooks/Gu_Practical/page_images/Gu_Practical_page_0570.png
GU_003,Urothelial carcinoma in situ,textbooks,CIS,True,9,https://storage.googleapis.com/pathology-hub-public-figures-830130787988/textbook_figures_web_v1/gu_practical/gu_practical_p1206_fig01_figure_51_7.jpeg
GU_003,Urothelial carcinoma in situ,textbooks,CIS,True,10,https://storage.googleapis.com/pathology-hub-0/_asset_library/textbooks/Gu_Practical/page_images/Gu_Practical_page_1206.png
GU_003,Urothelial carcinoma in situ,textbooks,CIS,True,11,https://storage.googleapis.com/pathology-hub-public-figures-830130787988/textbook_figures_web_v1/gu_practical/gu_practical_p1208_fig01_fig_51_10.jpeg
GU_003,Urothelial carcinoma in situ,textbooks,CIS,True,12,https://pathology-hub-v04-v0-2-staging-vorn5q2kga-uc.a.run.app/figures/textbook?u=Z3M6Ly9wYXRob2xvZ3lfaHViLzAxX3N0YWdlZC90ZXh0Ym9va3MvYXNzZXRzL2ZpZ3VyZV9pbWFnZXMvZ3VfcHJhY3RpY2FsL2d1X3ByYWN0aWNhbF9wMTIxNF9maWcwMl91bmlkZW50aWZpZWQuanBlZw&exp=1783364437&sig=0387f50148b200e7d73f2fb7c295b1ed500042c3e358b23d5c59179713a2d475
GU_003,Urothelial carcinoma in situ,textbooks,CIS,True,13,https://pathology-hub-v04-v0-2-staging-vorn5q2kga-uc.a.run.app/figures/textbook?u=Z3M6Ly9wYXRob2xvZ3lfaHViLzAxX3N0YWdlZC90ZXh0Ym9va3MvYXNzZXRzL2ZpZ3VyZV9pbWFnZXMvZ3VfcHJhY3RpY2FsL2d1X3ByYWN0aWNhbF9wMTIwNl9maWcwMl9maWdfNTFfOC5qcGVn&exp=1783364437&sig=345d70723cf653d4fe64c057f53e4aeff8ec2edb3cc3d4cea2d790f11d1d3961
GU_003,Urothelial carcinoma in situ,textbooks,CIS,True,14,https://pathology-hub-v04-v0-2-staging-vorn5q2kga-uc.a.run.app/figures/textbook?u=Z3M6Ly9wYXRob2xvZ3lfaHViLzAxX3N0YWdlZC90ZXh0Ym9va3MvYXNzZXRzL2ZpZ3VyZV9pbWFnZXMvZ3VfcHJhY3RpY2FsL2d1X3ByYWN0aWNhbF9wMTIxMF9maWcwMl91bmlkZW50aWZpZWQuanBlZw&exp=1783364437&sig=33d87db993395f32ee939538df2eb3ec4cd409d98383953f2d289085faa0b216
GU_003,Urothelial carcinoma in situ,textbooks,CIS,True,15,https://pathology-hub-v04-v0-2-staging-vorn5q2kga-uc.a.run.app/figures/textbook?u=Z3M6Ly9wYXRob2xvZ3lfaHViLzAxX3N0YWdlZC90ZXh0Ym9va3MvYXNzZXRzL2ZpZ3VyZV9pbWFnZXMvZ3VfcHJhY3RpY2FsL2d1X3ByYWN0aWNhbF9wMDU3MF9maWcwMl91bmlkZW50aWZpZWQuanBlZw&exp=1783364437&sig=f1eca90a21b783c99c94bda5d76189774335e92da1e886a7144af45ccda998f5
GU_003,Urothelial carcinoma in situ,textbooks,CIS,True,16,https://storage.googleapis.com/pathology-hub-0/_asset_library/textbooks/Gu_Practical/page_images/Gu_Practical_page_1211.png
GU_003,Urothelial carcinoma in situ,textbooks,CIS,True,17,https://storage.googleapis.com/pathology-hub-0/_asset_library/textbooks/Gu_Practical/page_images/Gu_Practical_page_1228.png
GU_003,Urothelial carcinoma in situ,textbooks,CIS,True,18,https://storage.googleapis.com/pathology-hub-0/_asset_library/textbooks/Gu_Practical/page_images/Gu_Practical_page_0571.png
GU_003,Urothelial carcinoma in situ,who,Urothelial carcinoma in situ bladder,True,1,https://tumourclassification.iarc.who.int/static/dzi/36/227/21886.jpg
GU_003,Urothelial carcinoma in situ,who,Urothelial carcinoma in situ bladder,True,2,https://tumourclassification.iarc.who.int/static/dzi/36/227/21887.jpg
GU_003,Urothelial carcinoma in situ,who,Urothelial carcinoma in situ bladder,True,3,https://tumourclassification.iarc.who.int/static/dzi/36/291/21691.jpg
GU_003,Urothelial carcinoma in situ,who,Urothelial carcinoma in situ bladder,True,4,https://tumourclassification.iarc.who.int/static/dzi/36/291/21692.jpg
GU_003,Urothelial carcinoma in situ,who,Urothelial carcinoma in situ bladder,True,5,https://storage.googleapis.com/pathology-hub-0/WHO/WHO_HTML/GU/Littre_Gland_Adenocarcinoma_Of_The_Urethra.html
GU_003,Urothelial carcinoma in situ,who,Urothelial carcinoma in situ bladder,True,6,https://storage.googleapis.com/pathology-hub-0/WHO/WHO_HTML/GU/Metastasis_To_The_Urinary_Tract.html
GU_003,Urothelial carcinoma in situ,pathout,Urothelial carcinoma in situ bladder,True,1,https://www.pathologyoutlines.com/thumb/bladdercisradio1.jpg
GU_003,Urothelial carcinoma in situ,pathout,Urothelial carcinoma in situ bladder,True,2,https://www.pathologyoutlines.com/thumb/bladdercisradio2.jpeg
GU_003,Urothelial carcinoma in situ,pathout,Urothelial carcinoma in situ bladder,True,3,https://www.pathologyoutlines.com/thumb/bladderUCISnature01.jpg
GU_003,Urothelial carcinoma in situ,pathout,Urothelial carcinoma in situ bladder,True,4,https://www.pathologyoutlines.com/thumb/bladdercisgross1.jpg
GU_003,Urothelial carcinoma in situ,textbooks,Urothelial carcinoma in situ bladder,True,1,https://pathology-hub-v04-v0-2-staging-vorn5q2kga-uc.a.run.app/figures/textbook?u=Z3M6Ly9wYXRob2xvZ3lfaHViLzAxX3N0YWdlZC90ZXh0Ym9va3MvYXNzZXRzL2ZpZ3VyZV9pbWFnZXMvZ3VfcHJhY3RpY2FsL2d1X3ByYWN0aWNhbF9wMTIzN19maWcwMl9maWdfNTJfMjMuanBlZw&exp=1783364441&sig=ff9f7d52b04733ba9e54af222b69aaf441840177feff037e33f98ec82bbff5a8
GU_003,Urothelial carcinoma in situ,textbooks,Urothelial carcinoma in situ bladder,True,2,https://storage.googleapis.com/pathology-hub-0/_asset_library/textbooks/Gu_Practical/page_images/Gu_Practical_page_1237.png
GU_003,Urothelial carcinoma in situ,textbooks,Urothelial carcinoma in situ bladder,True,3,https://storage.googleapis.com/pathology-hub-public-figures-830130787988/textbook_figures_web_v1/gu_practical/gu_practical_p1234_fig01_figure_52_18.jpeg
GU_003,Urothelial carcinoma in situ,textbooks,Urothelial carcinoma in situ bladder,True,4,https://storage.googleapis.com/pathology-hub-0/_asset_library/textbooks/Gu_Practical/page_images/Gu_Practical_page_1234.png
GU_003,Urothelial carcinoma in situ,textbooks,Urothelial carcinoma in situ bladder,True,5,https://storage.googleapis.com/pathology-hub-public-figures-830130787988/textbook_figures_web_v1/gu_practical/gu_practical_p1234_fig02_figure_52_19.jpeg
GU_003,Urothelial carcinoma in situ,textbooks,Urothelial carcinoma in situ bladder,True,6,https://pathology-hub-v04-v0-2-staging-vorn5q2kga-uc.a.run.app/figures/textbook?u=Z3M6Ly9wYXRob2xvZ3lfaHViLzAxX3N0YWdlZC90ZXh0Ym9va3MvYXNzZXRzL2ZpZ3VyZV9pbWFnZXMvZ3VfcHJhY3RpY2FsL2d1X3ByYWN0aWNhbF9wMTI2NF9maWcwMl9maWdfNTNfMy5qcGVn&exp=1783364441&sig=5d5290aaae4fb325dd07b056b7313506f7e1c55872424a3f5dbcaae6d8ce60d7
GU_003,Urothelial carcinoma in situ,textbooks,Urothelial carcinoma in situ bladder,True,7,https://storage.googleapis.com/pathology-hub-0/_asset_library/textbooks/Gu_Practical/page_images/Gu_Practical_page_1264.png
GU_003,Urothelial carcinoma in situ,textbooks,Urothelial carcinoma in situ bladder,True,8,https://storage.googleapis.com/pathology-hub-public-figures-830130787988/textbook_figures_web_v1/cyto_comprehensive_part_one/cyto_comprehensive_part_one_p0377_fig02_figure_15_32.jpg
GU_003,Urothelial carcinoma in situ,textbooks,Urothelial carcinoma in situ bladder,True,9,https://storage.googleapis.com/pathology-hub-0/_asset_library/textbooks/Cyto_Comprehensive_Part_One/page_images/Cyto_Comprehensive_Part_One_page_0377.png
GU_003,Urothelial carcinoma in situ,textbooks,Urothelial carcinoma in situ bladder,True,10,https://storage.googleapis.com/pathology-hub-public-figures-830130787988/textbook_figures_web_v1/gu_practical/gu_practical_p1273_fig01_figure_53_13.jpeg
GU_003,Urothelial carcinoma in situ,textbooks,Urothelial carcinoma in situ bladder,True,11,https://storage.googleapis.com/pathology-hub-0/_asset_library/textbooks/Gu_Practical/page_images/Gu_Practical_page_1273.png
GU_003,Urothelial carcinoma in situ,textbooks,Urothelial carcinoma in situ bladder,True,12,https://storage.googleapis.com/pathology-hub-public-figures-830130787988/textbook_figures_web_v1/gu_practical/gu_practical_p1207_fig01_figure_51_8.jpeg
GU_003,Urothelial carcinoma in situ,textbooks,Urothelial carcinoma in situ bladder,True,13,https://storage.googleapis.com/pathology-hub-0/_asset_library/textbooks/Gu_Practical/page_images/Gu_Practical_page_1207.png
GU_003,Urothelial carcinoma in situ,textbooks,Urothelial carcinoma in situ bladder,True,14,https://pathology-hub-v04-v0-2-staging-vorn5q2kga-uc.a.run.app/figures/textbook?u=Z3M6Ly9wYXRob2xvZ3lfaHViLzAxX3N0YWdlZC90ZXh0Ym9va3MvYXNzZXRzL2ZpZ3VyZV9pbWFnZXMvZ3VfcHJhY3RpY2FsL2d1X3ByYWN0aWNhbF9wMTIwMV9maWcwMV91bmlkZW50aWZpZWQuanBlZw&exp=1783364441&sig=399a7b96d54d6f3efd705647a5bb5c2a51c003c39236987fad4d72308e71d486
GU_003,Urothelial carcinoma in situ,textbooks,Urothelial carcinoma in situ bladder,True,15,https://storage.googleapis.com/pathology-hub-0/_asset_library/textbooks/Gu_Practical/page_images/Gu_Practical_page_1201.png
GU_003,Urothelial carcinoma in situ,textbooks,Urothelial carcinoma in situ bladder,True,16,https://pathology-hub-v04-v0-2-staging-vorn5q2kga-uc.a.run.app/figures/textbook?u=Z3M6Ly9wYXRob2xvZ3lfaHViLzAxX3N0YWdlZC90ZXh0Ym9va3MvYXNzZXRzL2ZpZ3VyZV9pbWFnZXMvZ3VfcHJhY3RpY2FsL2d1X3ByYWN0aWNhbF9wMTIwMV9maWcwMl91bmlkZW50aWZpZWQuanBlZw&exp=1783364441&sig=d92a724d5f0270c1f506a98ecf393fe425f5903e8e2374460eb58927acf01beb
GU_003,Urothelial carcinoma in situ,textbooks,Urothelial carcinoma in situ bladder,True,17,https://pathology-hub-v04-v0-2-staging-vorn5q2kga-uc.a.run.app/figures/textbook?u=Z3M6Ly9wYXRob2xvZ3lfaHViLzAxX3N0YWdlZC90ZXh0Ym9va3MvYXNzZXRzL2ZpZ3VyZV9pbWFnZXMvZ3VfcHJhY3RpY2FsL2d1X3ByYWN0aWNhbF9wMTI2OV9maWcwMV91bmlkZW50aWZpZWQuanBlZw&exp=1783364441&sig=eeb0a7b58d58d42e4385eefe208711a4af27b839493260372939849e23a6e126
GU_003,Urothelial carcinoma in situ,textbooks,Urothelial carcinoma in situ bladder,True,18,https://storage.googleapis.com/pathology-hub-0/_asset_library/textbooks/Gu_Practical/page_images/Gu_Practical_page_1269.png
GU_003,Urothelial carcinoma in situ,textbooks,Urothelial carcinoma in situ bladder,True,19,https://storage.googleapis.com/pathology-hub-0/_asset_library/textbooks/Gu_Practical/page_images/Gu_Practical_page_1248.png
GU_003,Urothelial carcinoma in situ,who,Urothelial carcinoma in situ flat urothelial,True,1,https://tumourclassification.iarc.who.int/static/dzi/36/72/21055.jpg
GU_003,Urothelial carcinoma in situ,who,Urothelial carcinoma in situ flat urothelial,True,2,https://tumourclassification.iarc.who.int/static/dzi/36/72/21056.jpg
GU_003,Urothelial carcinoma in situ,who,Urothelial carcinoma in situ flat urothelial,True,3,https://tumourclassification.iarc.who.int/static/dzi/36/72/21665.jpg
GU_003,Urothelial carcinoma in situ,who,Urothelial carcinoma in situ flat urothelial,True,4,https://tumourclassification.iarc.who.int/static/dzi/36/72/21666.jpg
GU_003,Urothelial carcinoma in situ,who,Urothelial carcinoma in situ flat urothelial,True,5,https://storage.googleapis.com/pathology-hub-0/WHO/WHO_HTML/GU/Brenner_Tumour.html
GU_003,Urothelial carcinoma in situ,who,Urothelial carcinoma in situ flat urothelial,True,6,https://storage.googleapis.com/pathology-hub-0/WHO/WHO_HTML/GU/Papillary_Urothelial_Neoplasm_Of_Low_Malignant_Potential.html
GU_003,Urothelial carcinoma in situ,who,Urothelial carcinoma in situ flat urothelial,True,7,https://storage.googleapis.com/pathology-hub-0/WHO/WHO_HTML/GU/Non_Invasive_Papillary_Urothelial_Carcinoma_Low_Grade.html
GU_003,Urothelial carcinoma in situ,pathout,Urothelial carcinoma in situ flat urothelial,True,1,https://www.pathologyoutlines.com/thumb/bladdercisradio1.jpg
GU_003,Urothelial carcinoma in situ,pathout,Urothelial carcinoma in situ flat urothelial,True,2,https://www.pathologyoutlines.com/thumb/bladdercisradio2.jpeg
GU_003,Urothelial carcinoma in situ,pathout,Urothelial carcinoma in situ flat urothelial,True,3,https://www.pathologyoutlines.com/thumb/bladderUCISnature01.jpg
GU_003,Urothelial carcinoma in situ,pathout,Urothelial carcinoma in situ flat urothelial,True,4,https://www.pathologyoutlines.com/thumb/bladdercisgross1.jpg
GU_003,Urothelial carcinoma in situ,textbooks,Urothelial carcinoma in situ flat urothelial,True,1,https://storage.googleapis.com/pathology-hub-public-figures-830130787988/textbook_figures_web_v1/cyto_comprehensive_part_one/cyto_comprehensive_part_one_p0378_fig01_fig_15_31.png
GU_003,Urothelial carcinoma in situ,textbooks,Urothelial carcinoma in situ flat urothelial,True,2,https://storage.googleapis.com/pathology-hub-0/_asset_library/textbooks/Cyto_Comprehensive_Part_One/page_images/Cyto_Comprehensive_Part_One_page_0378.png
GU_003,Urothelial carcinoma in situ,textbooks,Urothelial carcinoma in situ flat urothelial,True,3,https://storage.googleapis.com/pathology-hub-public-figures-830130787988/textbook_figures_web_v1/gu_practical/gu_practical_p1161_fig02_figure_49_6.jpeg
GU_003,Urothelial carcinoma in situ,textbooks,Urothelial carcinoma in situ flat urothelial,True,4,https://storage.googleapis.com/pathology-hub-0/_asset_library/textbooks/Gu_Practical/page_images/Gu_Practical_page_1161.png
GU_003,Urothelial carcinoma in situ,textbooks,Urothelial carcinoma in situ flat urothelial,True,5,https://storage.googleapis.com/pathology-hub-public-figures-830130787988/textbook_figures_web_v1/molecular_vasef/molecular_vasef_p0648_fig01_unidentified.jpeg
GU_003,Urothelial carcinoma in situ,textbooks,Urothelial carcinoma in situ flat urothelial,True,6,https://storage.googleapis.com/pathology-hub-0/_asset_library/textbooks/Molecular_Vasef/page_images/Molecular_Vasef_page_0648.png
GU_003,Urothelial carcinoma in situ,textbooks,Urothelial carcinoma in situ flat urothelial,True,7,https://storage.googleapis.com/pathology-hub-public-figures-830130787988/textbook_figures_web_v1/molecular_vasef/molecular_vasef_p0644_fig02_unidentified.jpeg
GU_003,Urothelial carcinoma in situ,textbooks,Urothelial carcinoma in situ flat urothelial,True,8,https://storage.googleapis.com/pathology-hub-0/_asset_library/textbooks/Molecular_Vasef/page_images/Molecular_Vasef_page_0644.png
GU_003,Urothelial carcinoma in situ,textbooks,Urothelial carcinoma in situ flat urothelial,True,9,https://storage.googleapis.com/pathology-hub-public-figures-830130787988/textbook_figures_web_v1/cyto_comprehensive_part_one/cyto_comprehensive_part_one_p0377_fig01_figure_15_31.png
GU_003,Urothelial carcinoma in situ,textbooks,Urothelial carcinoma in situ flat urothelial,True,10,https://storage.googleapis.com/pathology-hub-0/_asset_library/textbooks/Cyto_Comprehensive_Part_One/page_images/Cyto_Comprehensive_Part_One_page_0377.png
GU_003,Urothelial carcinoma in situ,textbooks,Urothelial carcinoma in situ flat urothelial,True,11,https://pathology-hub-v04-v0-2-staging-vorn5q2kga-uc.a.run.app/figures/textbook?u=Z3M6Ly9wYXRob2xvZ3lfaHViLzAxX3N0YWdlZC90ZXh0Ym9va3MvYXNzZXRzL2ZpZ3VyZV9pbWFnZXMvZ3VfcHJhY3RpY2FsL2d1X3ByYWN0aWNhbF9wMTAxOV9maWcwMV9maWdfNDNfMS5qcGVn&exp=1783364445&sig=3a02f68c952f379b17ba0eb7cc031be19c2f1fa68a7d667170b8d52a87c8491d
GU_003,Urothelial carcinoma in situ,textbooks,Urothelial carcinoma in situ flat urothelial,True,12,https://storage.googleapis.com/pathology-hub-0/_asset_library/textbooks/Gu_Practical/page_images/Gu_Practical_page_1019.png
GU_003,Urothelial carcinoma in situ,textbooks,Urothelial carcinoma in situ flat urothelial,True,13,https://pathology-hub-v04-v0-2-staging-vorn5q2kga-uc.a.run.app/figures/textbook?u=Z3M6Ly9wYXRob2xvZ3lfaHViLzAxX3N0YWdlZC90ZXh0Ym9va3MvYXNzZXRzL2ZpZ3VyZV9pbWFnZXMvZ3VfcHJhY3RpY2FsL2d1X3ByYWN0aWNhbF9wMTAxOV9maWcwMl91bmlkZW50aWZpZWQuanBlZw&exp=1783364445&sig=fa81bc6bbcccf79a68f6f2e0a641e421e1784bf7bf6aaa5af9b9f3539547c52f
GU_003,Urothelial carcinoma in situ,textbooks,Urothelial carcinoma in situ flat urothelial,True,14,https://pathology-hub-v04-v0-2-staging-vorn5q2kga-uc.a.run.app/figures/textbook?u=Z3M6Ly9wYXRob2xvZ3lfaHViLzAxX3N0YWdlZC90ZXh0Ym9va3MvYXNzZXRzL2ZpZ3VyZV9pbWFnZXMvZ3VfcHJhY3RpY2FsL2d1X3ByYWN0aWNhbF9wMTIwMV9maWcwMV91bmlkZW50aWZpZWQuanBlZw&exp=1783364445&sig=1467590e9ce70158361fcc4e49ff394b533881ed7020f8190f944de55ce5026c
GU_003,Urothelial carcinoma in situ,textbooks,Urothelial carcinoma in situ flat urothelial,True,15,https://storage.googleapis.com/pathology-hub-0/_asset_library/textbooks/Gu_Practical/page_images/Gu_Practical_page_1201.png
GU_003,Urothelial carcinoma in situ,textbooks,Urothelial carcinoma in situ flat urothelial,True,16,https://pathology-hub-v04-v0-2-staging-vorn5q2kga-uc.a.run.app/figures/textbook?u=Z3M6Ly9wYXRob2xvZ3lfaHViLzAxX3N0YWdlZC90ZXh0Ym9va3MvYXNzZXRzL2ZpZ3VyZV9pbWFnZXMvZ3VfcHJhY3RpY2FsL2d1X3ByYWN0aWNhbF9wMTIwMV9maWcwMl91bmlkZW50aWZpZWQuanBlZw&exp=1783364445&sig=d995881866f100e6f9ddd058e0367c2501573d4ab3ddc73a5822077f3210cb22
GU_003,Urothelial carcinoma in situ,textbooks,Urothelial carcinoma in situ flat urothelial,True,17,https://storage.googleapis.com/pathology-hub-public-figures-830130787988/textbook_figures_web_v1/cyto_comprehensive_part_one/cyto_comprehensive_part_one_p0378_fig02_figure_15_33.jpg
GU_003,Urothelial carcinoma in situ,textbooks,Urothelial carcinoma in situ flat urothelial,True,18,https://storage.googleapis.com/pathology-hub-0/_asset_library/textbooks/Gu_Practical/page_images/Gu_Practical_page_1269.png
GU_003,Urothelial carcinoma in situ,textbooks,Urothelial carcinoma in situ flat urothelial,True,19,https://storage.googleapis.com/pathology-hub-0/_asset_library/textbooks/Cyto_Comprehensive_Part_One/page_images/Cyto_Comprehensive_Part_One_page_0373.png
GU_003,Urothelial carcinoma in situ,textbooks,Urothelial carcinoma in situ flat urothelial,True,20,https://storage.googleapis.com/pathology-hub-0/_asset_library/textbooks/Cyto_Cibas/page_images/Cyto_Cibas_page_0134.png
GU_004,Prostatic adenocarcinoma,who,Prostatic adenocarcinoma,True,1,https://storage.googleapis.com/pathology-hub-0/WHO/WHO_PICS/GYN/10468.jpg
GU_004,Prostatic adenocarcinoma,who,Prostatic adenocarcinoma,True,2,https://storage.googleapis.com/pathology-hub-0/WHO/WHO_PICS/GYN/10469.jpg
GU_004,Prostatic adenocarcinoma,who,Prostatic adenocarcinoma,True,3,https://tumourclassification.iarc.who.int/static/dzi/36/326/21894.jpg
GU_004,Prostatic adenocarcinoma,who,Prostatic adenocarcinoma,True,4,https://tumourclassification.iarc.who.int/static/dzi/36/326/21895.jpg
GU_004,Prostatic adenocarcinoma,who,Prostatic adenocarcinoma,True,5,https://storage.googleapis.com/pathology-hub-0/WHO/WHO_HTML/GU/Squamous_Cell_Carcinoma_Of_The_Prostate.html
GU_004,Prostatic adenocarcinoma,who,Prostatic adenocarcinoma,True,6,https://storage.googleapis.com/pathology-hub-0/WHO/WHO_HTML/GU/High_Grade_Prostatic_Intraepithelial_Neoplasia.html
GU_004,Prostatic adenocarcinoma,who,Prostatic adenocarcinoma,True,7,https://storage.googleapis.com/pathology-hub-0/WHO/WHO_HTML/GU/Skene_Gland_Adenocarcinoma_Of_The_Urethra.html
GU_004,Prostatic adenocarcinoma,who,Prostatic adenocarcinoma,True,8,https://storage.googleapis.com/pathology-hub-0/WHO/WHO_HTML/GYN/Adenocarcinoma_Of_Skene_Gland_Origin.html
GU_004,Prostatic adenocarcinoma,who,Prostatic adenocarcinoma,True,9,https://storage.googleapis.com/pathology-hub-0/WHO/WHO_HTML/GU/Treatment_Related_Neuroendocrine_Prostatic_Carcinoma.html
GU_004,Prostatic adenocarcinoma,pathout,Prostatic adenocarcinoma,True,1,https://www.pathologyoutlines.com/imgau/prostateihc_xiao01a.jpg
GU_004,Prostatic adenocarcinoma,pathout,Prostatic adenocarcinoma,True,2,https://www.pathologyoutlines.com/imgau/prostateihc_xiao01b.jpg
GU_004,Prostatic adenocarcinoma,pathout,Prostatic adenocarcinoma,True,3,https://www.pathologyoutlines.com/imgau/prostateihcxiao02a.jpg
GU_004,Prostatic adenocarcinoma,pathout,Prostatic adenocarcinoma,True,4,https://www.pathologyoutlines.com/imgau/prostateihcxiao02b.jpg
GU_004,Prostatic adenocarcinoma,textbooks,Prostatic adenocarcinoma,True,1,https://storage.googleapis.com/pathology-hub-public-figures-830130787988/textbook_figures_web_v1/gu_prostate/gu_prostate_p0266_fig02_figure_11_1.jpeg
GU_004,Prostatic adenocarcinoma,textbooks,Prostatic adenocarcinoma,True,2,https://storage.googleapis.com/pathology-hub-0/_asset_library/textbooks/Gu_Prostate/page_images/Gu_Prostate_page_0266.png
GU_004,Prostatic adenocarcinoma,textbooks,Prostatic adenocarcinoma,True,3,https://storage.googleapis.com/pathology-hub-public-figures-830130787988/textbook_figures_web_v1/gu_prostate/gu_prostate_p0267_fig02_figure_11_3.jpeg
GU_004,Prostatic adenocarcinoma,textbooks,Prostatic adenocarcinoma,True,4,https://storage.googleapis.com/pathology-hub-0/_asset_library/textbooks/Gu_Prostate/page_images/Gu_Prostate_page_0267.png
GU_004,Prostatic adenocarcinoma,textbooks,Prostatic adenocarcinoma,True,5,https://storage.googleapis.com/pathology-hub-public-figures-830130787988/textbook_figures_web_v1/gu_prostate/gu_prostate_p0274_fig01_fig_11_16.jpeg
GU_004,Prostatic adenocarcinoma,textbooks,Prostatic adenocarcinoma,True,6,https://storage.googleapis.com/pathology-hub-0/_asset_library/textbooks/Gu_Prostate/page_images/Gu_Prostate_page_0274.png
GU_004,Prostatic adenocarcinoma,textbooks,Prostatic adenocarcinoma,True,7,https://storage.googleapis.com/pathology-hub-public-figures-830130787988/textbook_figures_web_v1/gu_prostate/gu_prostate_p0128_fig02_figure_6_56.jpeg
GU_004,Prostatic adenocarcinoma,textbooks,Prostatic adenocarcinoma,True,8,https://storage.googleapis.com/pathology-hub-0/_asset_library/textbooks/Gu_Prostate/page_images/Gu_Prostate_page_0128.png
GU_004,Prostatic adenocarcinoma,textbooks,Prostatic adenocarcinoma,True,9,https://storage.googleapis.com/pathology-hub-public-figures-830130787988/textbook_figures_web_v1/gu_prostate/gu_prostate_p0126_fig01_figure_6_53.jpeg
GU_004,Prostatic adenocarcinoma,textbooks,Prostatic adenocarcinoma,True,10,https://storage.googleapis.com/pathology-hub-0/_asset_library/textbooks/Gu_Prostate/page_images/Gu_Prostate_page_0126.png
GU_004,Prostatic adenocarcinoma,textbooks,Prostatic adenocarcinoma,True,11,https://storage.googleapis.com/pathology-hub-public-figures-830130787988/textbook_figures_web_v1/gu_prostate/gu_prostate_p0266_fig01_figure_11_2.jpeg
GU_004,Prostatic adenocarcinoma,textbooks,Prostatic adenocarcinoma,True,12,https://storage.googleapis.com/pathology-hub-public-figures-830130787988/textbook_figures_web_v1/gu_prostate/gu_prostate_p0267_fig01_figure_11_4.jpeg
GU_004,Prostatic adenocarcinoma,textbooks,Prostatic adenocarcinoma,True,13,https://storage.googleapis.com/pathology-hub-public-figures-830130787988/textbook_figures_web_v1/gu_prostate/gu_prostate_p0273_fig01_figure_11_15.jpeg
GU_004,Prostatic adenocarcinoma,textbooks,Prostatic adenocarcinoma,True,14,https://storage.googleapis.com/pathology-hub-0/_asset_library/textbooks/Gu_Prostate/page_images/Gu_Prostate_page_0273.png
GU_004,Prostatic adenocarcinoma,textbooks,Prostatic adenocarcinoma,True,15,https://storage.googleapis.com/pathology-hub-public-figures-830130787988/textbook_figures_web_v1/gu_prostate/gu_prostate_p0128_fig01_figure_6_55.jpeg
GU_004,Prostatic adenocarcinoma,textbooks,Prostatic adenocarcinoma,True,16,https://pathology-hub-v04-v0-2-staging-vorn5q2kga-uc.a.run.app/figures/textbook?u=Z3M6Ly9wYXRob2xvZ3lfaHViLzAxX3N0YWdlZC90ZXh0Ym9va3MvYXNzZXRzL2ZpZ3VyZV9pbWFnZXMvZ3VfcHJhY3RpY2FsL2d1X3ByYWN0aWNhbF9wMDIwOV9maWcwMV91bmlkZW50aWZpZWQuanBlZw&exp=1783364448&sig=2fc7bf8c85e78997ab61f11229bddc16ff89bcfe03d3224a29e88dcc7f66cfb0
GU_004,Prostatic adenocarcinoma,textbooks,Prostatic adenocarcinoma,True,17,https://storage.googleapis.com/pathology-hub-0/_asset_library/textbooks/Gu_Practical/page_images/Gu_Practical_page_0209.png
GU_004,Prostatic adenocarcinoma,textbooks,Prostatic adenocarcinoma,True,18,https://storage.googleapis.com/pathology-hub-0/_asset_library/textbooks/Gu_Prostate/page_images/Gu_Prostate_page_0264.png
GU_004,Prostatic adenocarcinoma,textbooks,Prostatic adenocarcinoma,True,19,https://storage.googleapis.com/pathology-hub-0/_asset_library/textbooks/Gu_Prostate/page_images/Gu_Prostate_page_0305.png
GU_004,Prostatic adenocarcinoma,who,Prostatic adenocarcinoma prostate,True,1,https://tumourclassification.iarc.who.int/static/dzi/36/106/21735.jpg
GU_004,Prostatic adenocarcinoma,who,Prostatic adenocarcinoma prostate,True,2,https://tumourclassification.iarc.who.int/static/dzi/25017_files/10/0_0.jpeg
GU_004,Prostatic adenocarcinoma,who,Prostatic adenocarcinoma prostate,True,3,https://tumourclassification.iarc.who.int/static/dzi/36/98/21377.jpg
GU_004,Prostatic adenocarcinoma,who,Prostatic adenocarcinoma prostate,True,4,https://tumourclassification.iarc.who.int/static/dzi/36/98/21394.jpg
GU_004,Prostatic adenocarcinoma,who,Prostatic adenocarcinoma prostate,True,5,https://storage.googleapis.com/pathology-hub-0/WHO/WHO_HTML/GU/High_Grade_Prostatic_Intraepithelial_Neoplasia.html
GU_004,Prostatic adenocarcinoma,who,Prostatic adenocarcinoma prostate,True,6,https://storage.googleapis.com/pathology-hub-0/WHO/WHO_HTML/GU/Squamous_Cell_Carcinoma_Of_The_Prostate.html
GU_004,Prostatic adenocarcinoma,pathout,Prostatic adenocarcinoma prostate,True,1,https://www.pathologyoutlines.com/imgau/prostateprostaticCAgeneralZynger1.jpg
GU_004,Prostatic adenocarcinoma,pathout,Prostatic adenocarcinoma prostate,True,2,https://www.pathologyoutlines.com/imgau/prostateprostaticCAgeneralZynger2.jpg
GU_004,Prostatic adenocarcinoma,pathout,Prostatic adenocarcinoma prostate,True,3,https://www.pathologyoutlines.com/imgau/prostateprostaticCAgeneralZynger3.jpg
GU_004,Prostatic adenocarcinoma,pathout,Prostatic adenocarcinoma prostate,True,4,https://www.pathologyoutlines.com/imgau/prostateprostaticCAgeneralZynger4.jpg
GU_004,Prostatic adenocarcinoma,textbooks,Prostatic adenocarcinoma prostate,True,1,https://storage.googleapis.com/pathology-hub-public-figures-830130787988/textbook_figures_web_v1/gu_prostate/gu_prostate_p0329_fig01_figure_15_8.jpeg
GU_004,Prostatic adenocarcinoma,textbooks,Prostatic adenocarcinoma prostate,True,2,https://storage.googleapis.com/pathology-hub-0/_asset_library/textbooks/Gu_Prostate/page_images/Gu_Prostate_page_0329.png
GU_004,Prostatic adenocarcinoma,textbooks,Prostatic adenocarcinoma prostate,True,3,https://storage.googleapis.com/pathology-hub-public-figures-830130787988/textbook_figures_web_v1/gu_prostate/gu_prostate_p0266_fig02_figure_11_1.jpeg
GU_004,Prostatic adenocarcinoma,textbooks,Prostatic adenocarcinoma prostate,True,4,https://storage.googleapis.com/pathology-hub-0/_asset_library/textbooks/Gu_Prostate/page_images/Gu_Prostate_page_0266.png
GU_004,Prostatic adenocarcinoma,textbooks,Prostatic adenocarcinoma prostate,True,5,https://storage.googleapis.com/pathology-hub-public-figures-830130787988/textbook_figures_web_v1/gu_prostate/gu_prostate_p0267_fig02_figure_11_3.jpeg
GU_004,Prostatic adenocarcinoma,textbooks,Prostatic adenocarcinoma prostate,True,6,https://storage.googleapis.com/pathology-hub-0/_asset_library/textbooks/Gu_Prostate/page_images/Gu_Prostate_page_0267.png
GU_004,Prostatic adenocarcinoma,textbooks,Prostatic adenocarcinoma prostate,True,7,https://storage.googleapis.com/pathology-hub-public-figures-830130787988/textbook_figures_web_v1/gu_prostate/gu_prostate_p0128_fig02_figure_6_56.jpeg
GU_004,Prostatic adenocarcinoma,textbooks,Prostatic adenocarcinoma prostate,True,8,https://storage.googleapis.com/pathology-hub-0/_asset_library/textbooks/Gu_Prostate/page_images/Gu_Prostate_page_0128.png
GU_004,Prostatic adenocarcinoma,textbooks,Prostatic adenocarcinoma prostate,True,9,https://storage.googleapis.com/pathology-hub-public-figures-830130787988/textbook_figures_web_v1/gu_prostate/gu_prostate_p0269_fig01_figure_11_8.jpeg
GU_004,Prostatic adenocarcinoma,textbooks,Prostatic adenocarcinoma prostate,True,10,https://storage.googleapis.com/pathology-hub-0/_asset_library/textbooks/Gu_Prostate/page_images/Gu_Prostate_page_0269.png
GU_004,Prostatic adenocarcinoma,textbooks,Prostatic adenocarcinoma prostate,True,11,https://storage.googleapis.com/pathology-hub-public-figures-830130787988/textbook_figures_web_v1/gu_prostate/gu_prostate_p0269_fig02_figure_11_9.jpeg
GU_004,Prostatic adenocarcinoma,textbooks,Prostatic adenocarcinoma prostate,True,12,https://storage.googleapis.com/pathology-hub-public-figures-830130787988/textbook_figures_web_v1/gu_prostate/gu_prostate_p0376_fig01_figure_17_12.jpeg
GU_004,Prostatic adenocarcinoma,textbooks,Prostatic adenocarcinoma prostate,True,13,https://storage.googleapis.com/pathology-hub-0/_asset_library/textbooks/Gu_Prostate/page_images/Gu_Prostate_page_0376.png
GU_004,Prostatic adenocarcinoma,textbooks,Prostatic adenocarcinoma prostate,True,14,https://storage.googleapis.com/pathology-hub-public-figures-830130787988/textbook_figures_web_v1/gu_prostate/gu_prostate_p0266_fig01_figure_11_2.jpeg
GU_004,Prostatic adenocarcinoma,textbooks,Prostatic adenocarcinoma prostate,True,15,https://storage.googleapis.com/pathology-hub-public-figures-830130787988/textbook_figures_web_v1/gu_prostate/gu_prostate_p0267_fig01_figure_11_4.jpeg
GU_004,Prostatic adenocarcinoma,textbooks,Prostatic adenocarcinoma prostate,True,16,https://storage.googleapis.com/pathology-hub-public-figures-830130787988/textbook_figures_web_v1/gu_prostate/gu_prostate_p0128_fig01_figure_6_55.jpeg
GU_004,Prostatic adenocarcinoma,textbooks,Prostatic adenocarcinoma prostate,True,17,https://storage.googleapis.com/pathology-hub-0/_asset_library/textbooks/Gu_Prostate/page_images/Gu_Prostate_page_0264.png
GU_004,Prostatic adenocarcinoma,textbooks,Prostatic adenocarcinoma prostate,True,18,https://storage.googleapis.com/pathology-hub-0/_asset_library/textbooks/Gu_Prostate/page_images/Gu_Prostate_page_0305.png
GU_004,Prostatic adenocarcinoma,who,Prostatic adenocarcinoma Gleason grade,True,1,https://tumourclassification.iarc.who.int/static/dzi/36/106/21735.jpg
GU_004,Prostatic adenocarcinoma,who,Prostatic adenocarcinoma Gleason grade,True,2,https://tumourclassification.iarc.who.int/static/dzi/25017_files/10/0_0.jpeg
GU_004,Prostatic adenocarcinoma,who,Prostatic adenocarcinoma Gleason grade,True,3,https://storage.googleapis.com/pathology-hub-0/WHO/WHO_HTML/GU/Squamous_Cell_Carcinoma_Of_The_Prostate.html
GU_004,Prostatic adenocarcinoma,pathout,Prostatic adenocarcinoma Gleason grade,True,1,https://www.pathologyoutlines.com/imgau/prostatepseudoCAMagi01.jpeg
GU_004,Prostatic adenocarcinoma,pathout,Prostatic adenocarcinoma Gleason grade,True,2,https://www.pathologyoutlines.com/imgau/prostatepseudoCAMagi02.jpeg
GU_004,Prostatic adenocarcinoma,pathout,Prostatic adenocarcinoma Gleason grade,True,3,https://www.pathologyoutlines.com/imgau/prostatepseudoCAMagi03.jpeg
GU_004,Prostatic adenocarcinoma,pathout,Prostatic adenocarcinoma Gleason grade,True,4,https://www.pathologyoutlines.com/imgau/prostatepseudoCAMagi04.jpeg
GU_004,Prostatic adenocarcinoma,textbooks,Prostatic adenocarcinoma Gleason grade,True,1,https://storage.googleapis.com/pathology-hub-public-figures-830130787988/textbook_figures_web_v1/gu_prostate/gu_prostate_p0235_fig01_figure_9_29.jpeg
GU_004,Prostatic adenocarcinoma,textbooks,Prostatic adenocarcinoma Gleason grade,True,2,https://storage.googleapis.com/pathology-hub-0/_asset_library/textbooks/Gu_Prostate/page_images/Gu_Prostate_page_0235.png
GU_004,Prostatic adenocarcinoma,textbooks,Prostatic adenocarcinoma Gleason grade,True,3,https://storage.googleapis.com/pathology-hub-public-figures-830130787988/textbook_figures_web_v1/gu_prostate/gu_prostate_p0214_fig01_figure_9_1.jpeg
GU_004,Prostatic adenocarcinoma,textbooks,Prostatic adenocarcinoma Gleason grade,True,4,https://storage.googleapis.com/pathology-hub-0/_asset_library/textbooks/Gu_Prostate/page_images/Gu_Prostate_page_0214.png
GU_004,Prostatic adenocarcinoma,textbooks,Prostatic adenocarcinoma Gleason grade,True,5,https://storage.googleapis.com/pathology-hub-public-figures-830130787988/textbook_figures_web_v1/gu_prostate/gu_prostate_p0229_fig01_figure_9_19.jpeg
GU_004,Prostatic adenocarcinoma,textbooks,Prostatic adenocarcinoma Gleason grade,True,6,https://storage.googleapis.com/pathology-hub-0/_asset_library/textbooks/Gu_Prostate/page_images/Gu_Prostate_page_0229.png
GU_004,Prostatic adenocarcinoma,textbooks,Prostatic adenocarcinoma Gleason grade,True,7,https://storage.googleapis.com/pathology-hub-public-figures-830130787988/textbook_figures_web_v1/gu_practical/gu_practical_p0226_fig01_figure_10_16.jpeg
GU_004,Prostatic adenocarcinoma,textbooks,Prostatic adenocarcinoma Gleason grade,True,8,https://storage.googleapis.com/pathology-hub-0/_asset_library/textbooks/Gu_Practical/page_images/Gu_Practical_page_0226.png
GU_004,Prostatic adenocarcinoma,textbooks,Prostatic adenocarcinoma Gleason grade,True,9,https://storage.googleapis.com/pathology-hub-public-figures-830130787988/textbook_figures_web_v1/gu_prostate/gu_prostate_p0220_fig01_figure_9_5.jpeg
GU_004,Prostatic adenocarcinoma,textbooks,Prostatic adenocarcinoma Gleason grade,True,10,https://storage.googleapis.com/pathology-hub-0/_asset_library/textbooks/Gu_Prostate/page_images/Gu_Prostate_page_0220.png
GU_004,Prostatic adenocarcinoma,textbooks,Prostatic adenocarcinoma Gleason grade,True,11,https://pathology-hub-v04-v0-2-staging-vorn5q2kga-uc.a.run.app/figures/textbook?u=Z3M6Ly9wYXRob2xvZ3lfaHViLzAxX3N0YWdlZC90ZXh0Ym9va3MvYXNzZXRzL2ZpZ3VyZV9pbWFnZXMvZ3VfcHJhY3RpY2FsL2d1X3ByYWN0aWNhbF9wMDE4MF9maWcwM19maWd1cmVfOF8xNi5qcGVn&exp=1783364455&sig=9352a839bea6e6d4be93b9786b2bbdb5e32aa26b0e8dc8b615232bf4b56c2d07
GU_004,Prostatic adenocarcinoma,textbooks,Prostatic adenocarcinoma Gleason grade,True,12,https://storage.googleapis.com/pathology-hub-0/_asset_library/textbooks/Gu_Practical/page_images/Gu_Practical_page_0180.png
GU_004,Prostatic adenocarcinoma,textbooks,Prostatic adenocarcinoma Gleason grade,True,13,https://storage.googleapis.com/pathology-hub-public-figures-830130787988/textbook_figures_web_v1/gu_prostate/gu_prostate_p0230_fig01_figure_9_21.jpeg
GU_004,Prostatic adenocarcinoma,textbooks,Prostatic adenocarcinoma Gleason grade,True,14,https://storage.googleapis.com/pathology-hub-0/_asset_library/textbooks/Gu_Prostate/page_images/Gu_Prostate_page_0230.png
GU_004,Prostatic adenocarcinoma,textbooks,Prostatic adenocarcinoma Gleason grade,True,15,https://pathology-hub-v04-v0-2-staging-vorn5q2kga-uc.a.run.app/figures/textbook?u=Z3M6Ly9wYXRob2xvZ3lfaHViLzAxX3N0YWdlZC90ZXh0Ym9va3MvYXNzZXRzL2ZpZ3VyZV9pbWFnZXMvZ3VfcHJhY3RpY2FsL2d1X3ByYWN0aWNhbF9wMDE4Ml9maWcwMV91bmlkZW50aWZpZWQuanBlZw&exp=1783364455&sig=9b37885e2bac17da751e2a46fe37cdf22a00d05862ee7f29388b3200c1d7e526
GU_004,Prostatic adenocarcinoma,textbooks,Prostatic adenocarcinoma Gleason grade,True,16,https://storage.googleapis.com/pathology-hub-0/_asset_library/textbooks/Gu_Practical/page_images/Gu_Practical_page_0182.png
GU_004,Prostatic adenocarcinoma,textbooks,Prostatic adenocarcinoma Gleason grade,True,17,https://pathology-hub-v04-v0-2-staging-vorn5q2kga-uc.a.run.app/figures/textbook?u=Z3M6Ly9wYXRob2xvZ3lfaHViLzAxX3N0YWdlZC90ZXh0Ym9va3MvYXNzZXRzL2ZpZ3VyZV9pbWFnZXMvZ3VfcHJhY3RpY2FsL2d1X3ByYWN0aWNhbF9wMDE4Ml9maWcwMl91bmlkZW50aWZpZWQuanBlZw&exp=1783364455&sig=a43535219a81e8a6447af2073ac4025e3d75c40192a51e0179ed7a003e3d32ed
GU_004,Prostatic adenocarcinoma,textbooks,Prostatic adenocarcinoma Gleason grade,True,18,https://storage.googleapis.com/pathology-hub-public-figures-830130787988/textbook_figures_web_v1/gu_prostate/gu_prostate_p0229_fig02_fig_9_20.jpeg
GU_004,Prostatic adenocarcinoma,textbooks,Prostatic adenocarcinoma Gleason grade,True,19,https://storage.googleapis.com/pathology-hub-0/_asset_library/textbooks/Gu_Prostate/page_images/Gu_Prostate_page_0212.png
GU_005,Nephrogenic adenoma,who,Nephrogenic adenoma,True,1,https://tumourclassification.iarc.who.int/static/dzi/36/49/21454.jpg
GU_005,Nephrogenic adenoma,who,Nephrogenic adenoma,True,2,https://tumourclassification.iarc.who.int/static/dzi/36/49/21455.jpg
GU_005,Nephrogenic adenoma,who,Nephrogenic adenoma,True,3,https://tumourclassification.iarc.who.int/static/dzi/36/49/24202.jpg
GU_005,Nephrogenic adenoma,who,Nephrogenic adenoma,True,4,https://tumourclassification.iarc.who.int/static/dzi/36/49/24203.jpg
GU_005,Nephrogenic adenoma,who,Nephrogenic adenoma,True,5,https://storage.googleapis.com/pathology-hub-0/WHO/WHO_HTML/GU/Clear_Cell_Adenocarcinoma_Of_The_Urinary_Tract.html
GU_005,Nephrogenic adenoma,who,Nephrogenic adenoma,True,6,https://storage.googleapis.com/pathology-hub-0/WHO/WHO_HTML/PEDS/Metanephric_Adenofibroma.html
GU_005,Nephrogenic adenoma,who,Nephrogenic adenoma,True,7,https://storage.googleapis.com/pathology-hub-0/WHO/WHO_HTML/GU/Metanephric_Adenofibroma.html
GU_005,Nephrogenic adenoma,pathout,Nephrogenic adenoma,True,1,https://www.pathologyoutlines.com/imgau/prostatenephrogenicsanguedolce01.jpg
GU_005,Nephrogenic adenoma,pathout,Nephrogenic adenoma,True,2,https://www.pathologyoutlines.com/imgau/prostatenephrogenicsanguedolce02.jpg
GU_005,Nephrogenic adenoma,pathout,Nephrogenic adenoma,True,3,https://www.pathologyoutlines.com/imgau/prostatenephrogenicsanguedolce03.jpg
GU_005,Nephrogenic adenoma,pathout,Nephrogenic adenoma,True,4,https://www.pathologyoutlines.com/imgau/prostatenephrogenicsanguedolce04.jpg
GU_005,Nephrogenic adenoma,textbooks,Nephrogenic adenoma,True,1,https://storage.googleapis.com/pathology-hub-public-figures-830130787988/textbook_figures_web_v1/gu_prostate/gu_prostate_p0393_fig01_figure_18_8.jpeg
GU_005,Nephrogenic adenoma,textbooks,Nephrogenic adenoma,True,2,https://storage.googleapis.com/pathology-hub-0/_asset_library/textbooks/Gu_Prostate/page_images/Gu_Prostate_page_0393.png
GU_005,Nephrogenic adenoma,textbooks,Nephrogenic adenoma,True,3,https://storage.googleapis.com/pathology-hub-public-figures-830130787988/textbook_figures_web_v1/gu_prostate/gu_prostate_p0395_fig01_figure_18_11.jpeg
GU_005,Nephrogenic adenoma,textbooks,Nephrogenic adenoma,True,4,https://storage.googleapis.com/pathology-hub-0/_asset_library/textbooks/Gu_Prostate/page_images/Gu_Prostate_page_0395.png
GU_005,Nephrogenic adenoma,textbooks,Nephrogenic adenoma,True,5,https://storage.googleapis.com/pathology-hub-public-figures-830130787988/textbook_figures_web_v1/gu_prostate/gu_prostate_p0392_fig01_figure_18_6.jpeg
GU_005,Nephrogenic adenoma,textbooks,Nephrogenic adenoma,True,6,https://storage.googleapis.com/pathology-hub-0/_asset_library/textbooks/Gu_Prostate/page_images/Gu_Prostate_page_0392.png
GU_005,Nephrogenic adenoma,textbooks,Nephrogenic adenoma,True,7,https://storage.googleapis.com/pathology-hub-public-figures-830130787988/textbook_figures_web_v1/gu_prostate/gu_prostate_p0392_fig02_fig_18_6.jpeg
GU_005,Nephrogenic adenoma,textbooks,Nephrogenic adenoma,True,8,https://storage.googleapis.com/pathology-hub-public-figures-830130787988/textbook_figures_web_v1/gu_prostate/gu_prostate_p0393_fig02_figure_18_9.jpeg
GU_005,Nephrogenic adenoma,textbooks,Nephrogenic adenoma,True,9,https://storage.googleapis.com/pathology-hub-public-figures-830130787988/textbook_figures_web_v1/gu_prostate/gu_prostate_p0394_fig01_fig_18_9.jpeg
GU_005,Nephrogenic adenoma,textbooks,Nephrogenic adenoma,True,10,https://storage.googleapis.com/pathology-hub-0/_asset_library/textbooks/Gu_Prostate/page_images/Gu_Prostate_page_0394.png
GU_005,Nephrogenic adenoma,textbooks,Nephrogenic adenoma,True,11,https://pathology-hub-v04-v0-2-staging-vorn5q2kga-uc.a.run.app/figures/textbook?u=Z3M6Ly9wYXRob2xvZ3lfaHViLzAxX3N0YWdlZC90ZXh0Ym9va3MvYXNzZXRzL2ZpZ3VyZV9pbWFnZXMvZ3VfcHJhY3RpY2FsL2d1X3ByYWN0aWNhbF9wMTA3OV9maWcwMV9maWdfNDZfMTcuanBlZw&exp=1783364458&sig=9dff19022320036c66e48acac6b5f3427d0a22c18a94d4ba61c88434d6405ae0
GU_005,Nephrogenic adenoma,textbooks,Nephrogenic adenoma,True,12,https://storage.googleapis.com/pathology-hub-0/_asset_library/textbooks/Gu_Practical/page_images/Gu_Practical_page_1079.png
GU_005,Nephrogenic adenoma,textbooks,Nephrogenic adenoma,True,13,https://storage.googleapis.com/pathology-hub-public-figures-830130787988/textbook_figures_web_v1/gu_practical/gu_practical_p1079_fig02_figure_46_17.jpeg
GU_005,Nephrogenic adenoma,textbooks,Nephrogenic adenoma,True,14,https://storage.googleapis.com/pathology-hub-0/_asset_library/textbooks/Gu_Prostate/page_images/Gu_Prostate_page_0391.png
GU_005,Nephrogenic adenoma,who,Nephrogenic adenoma bladder,True,1,https://tumourclassification.iarc.who.int/static/dzi/36/49/21454.jpg
GU_005,Nephrogenic adenoma,who,Nephrogenic adenoma bladder,True,2,https://tumourclassification.iarc.who.int/static/dzi/36/49/21455.jpg
GU_005,Nephrogenic adenoma,who,Nephrogenic adenoma bladder,True,3,https://tumourclassification.iarc.who.int/static/dzi/36/49/24202.jpg
GU_005,Nephrogenic adenoma,who,Nephrogenic adenoma bladder,True,4,https://tumourclassification.iarc.who.int/static/dzi/36/49/24203.jpg
GU_005,Nephrogenic adenoma,who,Nephrogenic adenoma bladder,True,5,https://storage.googleapis.com/pathology-hub-0/WHO/WHO_HTML/GU/Nephrogenic_Rests.html
GU_005,Nephrogenic adenoma,who,Nephrogenic adenoma bladder,True,6,https://storage.googleapis.com/pathology-hub-0/WHO/WHO_HTML/PEDS/Metanephric_Adenofibroma.html
GU_005,Nephrogenic adenoma,who,Nephrogenic adenoma bladder,True,7,https://storage.googleapis.com/pathology-hub-0/WHO/WHO_HTML/GU/Metanephric_Adenofibroma.html
GU_005,Nephrogenic adenoma,pathout,Nephrogenic adenoma bladder,True,1,https://www.pathologyoutlines.com/imgau/prostatenephrogenicsanguedolce01.jpg
GU_005,Nephrogenic adenoma,pathout,Nephrogenic adenoma bladder,True,2,https://www.pathologyoutlines.com/imgau/prostatenephrogenicsanguedolce02.jpg
GU_005,Nephrogenic adenoma,pathout,Nephrogenic adenoma bladder,True,3,https://www.pathologyoutlines.com/imgau/prostatenephrogenicsanguedolce03.jpg
GU_005,Nephrogenic adenoma,pathout,Nephrogenic adenoma bladder,True,4,https://www.pathologyoutlines.com/imgau/prostatenephrogenicsanguedolce04.jpg
GU_005,Nephrogenic adenoma,textbooks,Nephrogenic adenoma bladder,True,1,https://pathology-hub-v04-v0-2-staging-vorn5q2kga-uc.a.run.app/figures/textbook?u=Z3M6Ly9wYXRob2xvZ3lfaHViLzAxX3N0YWdlZC90ZXh0Ym9va3MvYXNzZXRzL2ZpZ3VyZV9pbWFnZXMvZ3VfcHJhY3RpY2FsL2d1X3ByYWN0aWNhbF9wMTA4MF9maWcwM19maWd1cmVfNDZfMTguanBlZw&exp=1783364461&sig=86d0e0b60b9aa8e180ee602329f024c1ac4c93d61876d1ad296a32d875ac3584
GU_005,Nephrogenic adenoma,textbooks,Nephrogenic adenoma bladder,True,2,https://storage.googleapis.com/pathology-hub-0/_asset_library/textbooks/Gu_Practical/page_images/Gu_Practical_page_1080.png
GU_005,Nephrogenic adenoma,textbooks,Nephrogenic adenoma bladder,True,3,https://storage.googleapis.com/pathology-hub-public-figures-830130787988/textbook_figures_web_v1/gu_practical/gu_practical_p1078_fig01_figure_46_15.jpeg
GU_005,Nephrogenic adenoma,textbooks,Nephrogenic adenoma bladder,True,4,https://storage.googleapis.com/pathology-hub-0/_asset_library/textbooks/Gu_Practical/page_images/Gu_Practical_page_1078.png
GU_005,Nephrogenic adenoma,textbooks,Nephrogenic adenoma bladder,True,5,https://storage.googleapis.com/pathology-hub-public-figures-830130787988/textbook_figures_web_v1/gu_practical/gu_practical_p1077_fig02_figure_46_14.jpeg
GU_005,Nephrogenic adenoma,textbooks,Nephrogenic adenoma bladder,True,6,https://storage.googleapis.com/pathology-hub-0/_asset_library/textbooks/Gu_Practical/page_images/Gu_Practical_page_1077.png
GU_005,Nephrogenic adenoma,textbooks,Nephrogenic adenoma bladder,True,7,https://pathology-hub-v04-v0-2-staging-vorn5q2kga-uc.a.run.app/figures/textbook?u=Z3M6Ly9wYXRob2xvZ3lfaHViLzAxX3N0YWdlZC90ZXh0Ym9va3MvYXNzZXRzL2ZpZ3VyZV9pbWFnZXMvZ3VfcHJhY3RpY2FsL2d1X3ByYWN0aWNhbF9wMTA4Ml9maWcwMV9maWdfNDZfMTljLmpwZWc&exp=1783364461&sig=f955d52030786f7ff9e55b727ee9c513c6c4ec0a5934472809ae52e0aeafdf80
GU_005,Nephrogenic adenoma,textbooks,Nephrogenic adenoma bladder,True,8,https://storage.googleapis.com/pathology-hub-0/_asset_library/textbooks/Gu_Practical/page_images/Gu_Practical_page_1082.png
GU_005,Nephrogenic adenoma,textbooks,Nephrogenic adenoma bladder,True,9,https://pathology-hub-v04-v0-2-staging-vorn5q2kga-uc.a.run.app/figures/textbook?u=Z3M6Ly9wYXRob2xvZ3lfaHViLzAxX3N0YWdlZC90ZXh0Ym9va3MvYXNzZXRzL2ZpZ3VyZV9pbWFnZXMvZ3VfcHJhY3RpY2FsL2d1X3ByYWN0aWNhbF9wMTA4MF9maWcwMV9maWdfNDZfMTdkLmpwZWc&exp=1783364461&sig=9338e05cb7b32c18be372cb1b6d9ff4043c84bfd9b69a4a33c1e5b8d07353f25
GU_005,Nephrogenic adenoma,textbooks,Nephrogenic adenoma bladder,True,10,https://pathology-hub-v04-v0-2-staging-vorn5q2kga-uc.a.run.app/figures/textbook?u=Z3M6Ly9wYXRob2xvZ3lfaHViLzAxX3N0YWdlZC90ZXh0Ym9va3MvYXNzZXRzL2ZpZ3VyZV9pbWFnZXMvZ3VfcHJhY3RpY2FsL2d1X3ByYWN0aWNhbF9wMTA3OV9maWcwMV9maWdfNDZfMTcuanBlZw&exp=1783364461&sig=2bba6c89feff43949ff261615307f61c26fda922646ff8046ba6f4b11e61ba24
GU_005,Nephrogenic adenoma,textbooks,Nephrogenic adenoma bladder,True,11,https://storage.googleapis.com/pathology-hub-0/_asset_library/textbooks/Gu_Practical/page_images/Gu_Practical_page_1079.png
GU_005,Nephrogenic adenoma,textbooks,Nephrogenic adenoma bladder,True,12,https://storage.googleapis.com/pathology-hub-public-figures-830130787988/textbook_figures_web_v1/gu_practical/gu_practical_p1080_fig02_fig_46_18.jpeg
GU_005,Nephrogenic adenoma,textbooks,Nephrogenic adenoma bladder,True,13,https://storage.googleapis.com/pathology-hub-public-figures-830130787988/textbook_figures_web_v1/gu_practical/gu_practical_p1078_fig02_figure_46_16.jpeg
GU_005,Nephrogenic adenoma,textbooks,Nephrogenic adenoma bladder,True,14,https://storage.googleapis.com/pathology-hub-public-figures-830130787988/textbook_figures_web_v1/gu_practical/gu_practical_p1079_fig02_figure_46_17.jpeg
GU_005,Nephrogenic adenoma,textbooks,Nephrogenic adenoma bladder,True,15,https://pathology-hub-v04-v0-2-staging-vorn5q2kga-uc.a.run.app/figures/textbook?u=Z3M6Ly9wYXRob2xvZ3lfaHViLzAxX3N0YWdlZC90ZXh0Ym9va3MvYXNzZXRzL2ZpZ3VyZV9pbWFnZXMvZ3VfcHJhY3RpY2FsL2d1X3ByYWN0aWNhbF9wMTA3N19maWcwMV9maWdfNDZfMTQuanBlZw&exp=1783364461&sig=8315c9b8ce483cbbfea4d0330d6b51829d1e104afcf1c4ceb3e91c7819e063c4
GU_005,Nephrogenic adenoma,textbooks,Nephrogenic adenoma bladder,True,16,https://storage.googleapis.com/pathology-hub-0/_asset_library/textbooks/Gu_Prostate/page_images/Gu_Prostate_page_0391.png
GU_005,Nephrogenic adenoma,textbooks,Nephrogenic adenoma bladder,True,17,https://storage.googleapis.com/pathology-hub-0/_asset_library/textbooks/Gu_Practical/page_images/Gu_Practical_page_1076.png
GU_005,Nephrogenic adenoma,who,Nephrogenic adenoma tubular architecture,True,1,https://tumourclassification.iarc.who.int/static/dzi/36/6/21778.jpg
GU_005,Nephrogenic adenoma,who,Nephrogenic adenoma tubular architecture,True,2,https://tumourclassification.iarc.who.int/static/dzi/36/6/21780.jpg
GU_005,Nephrogenic adenoma,who,Nephrogenic adenoma tubular architecture,True,3,https://tumourclassification.iarc.who.int/static/dzi/36/6/25064.jpg
GU_005,Nephrogenic adenoma,who,Nephrogenic adenoma tubular architecture,True,4,https://tumourclassification.iarc.who.int/static/dzi/36/6/25065.jpg
GU_005,Nephrogenic adenoma,who,Nephrogenic adenoma tubular architecture,True,5,https://storage.googleapis.com/pathology-hub-0/WHO/WHO_HTML/GYN/Villous_Adenoma.html
GU_005,Nephrogenic adenoma,who,Nephrogenic adenoma tubular architecture,True,6,https://storage.googleapis.com/pathology-hub-0/WHO/WHO_HTML/EYE/Tubular_Adenoma.html
GU_005,Nephrogenic adenoma,who,Nephrogenic adenoma tubular architecture,True,7,https://storage.googleapis.com/pathology-hub-0/WHO/WHO_HTML/SKIN/Tubular_Adenoma.html
GU_005,Nephrogenic adenoma,who,Nephrogenic adenoma tubular architecture,True,8,https://storage.googleapis.com/pathology-hub-0/WHO/WHO_HTML/GU/Renal_Papillary_Adenoma.html
GU_005,Nephrogenic adenoma,pathout,Nephrogenic adenoma tubular architecture,True,1,https://www.pathologyoutlines.com/imgau/prostatenephrogenicsanguedolce01.jpg
GU_005,Nephrogenic adenoma,pathout,Nephrogenic adenoma tubular architecture,True,2,https://www.pathologyoutlines.com/imgau/prostatenephrogenicsanguedolce02.jpg
GU_005,Nephrogenic adenoma,pathout,Nephrogenic adenoma tubular architecture,True,3,https://www.pathologyoutlines.com/imgau/prostatenephrogenicsanguedolce03.jpg
GU_005,Nephrogenic adenoma,pathout,Nephrogenic adenoma tubular architecture,True,4,https://www.pathologyoutlines.com/imgau/prostatenephrogenicsanguedolce04.jpg
GU_005,Nephrogenic adenoma,textbooks,Nephrogenic adenoma tubular architecture,True,1,https://storage.googleapis.com/pathology-hub-public-figures-830130787988/textbook_figures_web_v1/gu_prostate/gu_prostate_p0392_fig02_fig_18_6.jpeg
GU_005,Nephrogenic adenoma,textbooks,Nephrogenic adenoma tubular architecture,True,2,https://storage.googleapis.com/pathology-hub-0/_asset_library/textbooks/Gu_Prostate/page_images/Gu_Prostate_page_0392.png
GU_005,Nephrogenic adenoma,textbooks,Nephrogenic adenoma tubular architecture,True,3,https://storage.googleapis.com/pathology-hub-public-figures-830130787988/textbook_figures_web_v1/gu_prostate/gu_prostate_p0392_fig01_figure_18_6.jpeg
GU_005,Nephrogenic adenoma,textbooks,Nephrogenic adenoma tubular architecture,True,4,https://storage.googleapis.com/pathology-hub-public-figures-830130787988/textbook_figures_web_v1/cyto_cibas/cyto_cibas_p0133_fig01_fig_3_12.jpeg
GU_005,Nephrogenic adenoma,textbooks,Nephrogenic adenoma tubular architecture,True,5,https://storage.googleapis.com/pathology-hub-0/_asset_library/textbooks/Cyto_Cibas/page_images/Cyto_Cibas_page_0133.png
GU_005,Nephrogenic adenoma,textbooks,Nephrogenic adenoma tubular architecture,True,6,https://pathology-hub-v04-v0-2-staging-vorn5q2kga-uc.a.run.app/figures/textbook?u=Z3M6Ly9wYXRob2xvZ3lfaHViLzAxX3N0YWdlZC90ZXh0Ym9va3MvYXNzZXRzL2ZpZ3VyZV9pbWFnZXMvZ3VfcHJhY3RpY2FsL2d1X3ByYWN0aWNhbF9wMTA3OV9maWcwMV9maWdfNDZfMTcuanBlZw&exp=1783364465&sig=b01f6368cb8af869fa56e462d844e5a66037a3d4281334a6ec420c4b2ff21be1
GU_005,Nephrogenic adenoma,textbooks,Nephrogenic adenoma tubular architecture,True,7,https://storage.googleapis.com/pathology-hub-0/_asset_library/textbooks/Gu_Practical/page_images/Gu_Practical_page_1079.png
GU_005,Nephrogenic adenoma,textbooks,Nephrogenic adenoma tubular architecture,True,8,https://storage.googleapis.com/pathology-hub-public-figures-830130787988/textbook_figures_web_v1/gu_practical/gu_practical_p1079_fig02_figure_46_17.jpeg
GU_005,Nephrogenic adenoma,textbooks,Nephrogenic adenoma tubular architecture,True,9,https://storage.googleapis.com/pathology-hub-public-figures-830130787988/textbook_figures_web_v1/gu_prostate/gu_prostate_p0394_fig01_fig_18_9.jpeg
GU_005,Nephrogenic adenoma,textbooks,Nephrogenic adenoma tubular architecture,True,10,https://storage.googleapis.com/pathology-hub-0/_asset_library/textbooks/Gu_Prostate/page_images/Gu_Prostate_page_0394.png
GU_005,Nephrogenic adenoma,textbooks,Nephrogenic adenoma tubular architecture,True,11,https://storage.googleapis.com/pathology-hub-public-figures-830130787988/textbook_figures_web_v1/gu_prostate/gu_prostate_p0395_fig01_figure_18_11.jpeg
GU_005,Nephrogenic adenoma,textbooks,Nephrogenic adenoma tubular architecture,True,12,https://storage.googleapis.com/pathology-hub-0/_asset_library/textbooks/Gu_Prostate/page_images/Gu_Prostate_page_0395.png
GU_005,Nephrogenic adenoma,textbooks,Nephrogenic adenoma tubular architecture,True,13,https://pathology-hub-v04-v0-2-staging-vorn5q2kga-uc.a.run.app/figures/textbook?u=Z3M6Ly9wYXRob2xvZ3lfaHViLzAxX3N0YWdlZC90ZXh0Ym9va3MvYXNzZXRzL2ZpZ3VyZV9pbWFnZXMvZ3VfcHJhY3RpY2FsL2d1X3ByYWN0aWNhbF9wMTA3N19maWcwMV9maWdfNDZfMTQuanBlZw&exp=1783364465&sig=257247961f346e2ec85a080bc4a9386de50901cf914d254f04f2123e5c5c8828
GU_005,Nephrogenic adenoma,textbooks,Nephrogenic adenoma tubular architecture,True,14,https://storage.googleapis.com/pathology-hub-0/_asset_library/textbooks/Gu_Practical/page_images/Gu_Practical_page_1077.png
GU_005,Nephrogenic adenoma,textbooks,Nephrogenic adenoma tubular architecture,True,15,https://storage.googleapis.com/pathology-hub-public-figures-830130787988/textbook_figures_web_v1/gu_practical/gu_practical_p1077_fig02_figure_46_14.jpeg
GU_005,Nephrogenic adenoma,textbooks,Nephrogenic adenoma tubular architecture,True,16,https://storage.googleapis.com/pathology-hub-public-figures-830130787988/textbook_figures_web_v1/cyto_cibas/cyto_cibas_p0133_fig02_fig_3_12b.jpeg
GU_005,Nephrogenic adenoma,textbooks,Nephrogenic adenoma tubular architecture,True,17,https://storage.googleapis.com/pathology-hub-0/_asset_library/textbooks/Gu_Prostate/page_images/Gu_Prostate_page_0391.png
GU_005,Nephrogenic adenoma,textbooks,Nephrogenic adenoma tubular architecture,True,18,https://storage.googleapis.com/pathology-hub-0/_asset_library/textbooks/Gu_Practical/page_images/Gu_Practical_page_0728.png
GU_005,Nephrogenic adenoma,textbooks,Nephrogenic adenoma tubular architecture,True,19,https://storage.googleapis.com/pathology-hub-0/_asset_library/textbooks/Gu_Prostate/page_images/Gu_Prostate_page_0397.png
GYN_001,Endometrioid adenocarcinoma,who,Endometrioid adenocarcinoma,True,1,https://storage.googleapis.com/pathology-hub-0/WHO/WHO_PICS/GYN/13572.jpg
GYN_001,Endometrioid adenocarcinoma,who,Endometrioid adenocarcinoma,True,2,https://storage.googleapis.com/pathology-hub-0/WHO/WHO_PICS/GYN/0_0.jpeg
GYN_001,Endometrioid adenocarcinoma,who,Endometrioid adenocarcinoma,True,3,https://storage.googleapis.com/pathology-hub-0/WHO/WHO_PICS/GYN/10623.jpg
GYN_001,Endometrioid adenocarcinoma,who,Endometrioid adenocarcinoma,True,4,https://tumourclassification.iarc.who.int/static/dzi/36/91/20399.jpg
GYN_001,Endometrioid adenocarcinoma,who,Endometrioid adenocarcinoma,True,5,https://storage.googleapis.com/pathology-hub-0/WHO/WHO_HTML/GYN/Endometrioid_Carcinoma_Of_The_Fallopian_Tube.html
GYN_001,Endometrioid adenocarcinoma,who,Endometrioid adenocarcinoma,True,6,https://storage.googleapis.com/pathology-hub-0/WHO/WHO_HTML/GU/Endometrioid_Tumours.html
GYN_001,Endometrioid adenocarcinoma,who,Endometrioid adenocarcinoma,True,7,https://storage.googleapis.com/pathology-hub-0/WHO/WHO_HTML/GU/Endometrioid_Carcinoma_Of_The_Urinary_Tract.html
GYN_001,Endometrioid adenocarcinoma,who,Endometrioid adenocarcinoma,True,8,https://storage.googleapis.com/pathology-hub-0/WHO/WHO_HTML/GYN/Other_Adenocarcinomas_Of_The_Uterine_Cervix.html
GYN_001,Endometrioid adenocarcinoma,who,Endometrioid adenocarcinoma,True,9,https://storage.googleapis.com/pathology-hub-0/WHO/WHO_HTML/GYN/Endometrioid_Carcinoma_Of_The_Vagina.html
GYN_001,Endometrioid adenocarcinoma,pathout,Endometrioid adenocarcinoma,True,1,https://www.pathologyoutlines.com/imgau/fallopianendometrioidadenocarcinomaAFIP01.jpg
GYN_001,Endometrioid adenocarcinoma,pathout,Endometrioid adenocarcinoma,True,2,https://www.pathologyoutlines.com/imgau/fallopianendometrioidadenocarcinomaAFIP02.jpg
GYN_001,Endometrioid adenocarcinoma,pathout,Endometrioid adenocarcinoma,True,3,https://www.pathologyoutlines.com/imgau/fallopianendometrioidadenocarcinomaAFIP03.jpg
GYN_001,Endometrioid adenocarcinoma,pathout,Endometrioid adenocarcinoma,True,4,https://www.pathologyoutlines.com/imgau/fallopianendometrioidadenocarcinomaAFIP04.jpg
GYN_001,Endometrioid adenocarcinoma,textbooks,Endometrioid adenocarcinoma,True,1,https://storage.googleapis.com/pathology-hub-public-figures-830130787988/textbook_figures_web_v1/cyto_comprehensive_part_one/cyto_comprehensive_part_one_p0244_fig02_figure_10_32.jpg
GYN_001,Endometrioid adenocarcinoma,textbooks,Endometrioid adenocarcinoma,True,2,https://storage.googleapis.com/pathology-hub-0/_asset_library/textbooks/Cyto_Comprehensive_Part_One/page_images/Cyto_Comprehensive_Part_One_page_0244.png
GYN_001,Endometrioid adenocarcinoma,textbooks,Endometrioid adenocarcinoma,True,3,https://storage.googleapis.com/pathology-hub-public-figures-830130787988/textbook_figures_web_v1/gyn_atlas_part_two/gyn_atlas_part_two_p0129_fig02_fig_14_24.jpeg
GYN_001,Endometrioid adenocarcinoma,textbooks,Endometrioid adenocarcinoma,True,4,https://storage.googleapis.com/pathology-hub-0/_asset_library/textbooks/Gyn_Atlas_Part_Two/page_images/Gyn_Atlas_Part_Two_page_0129.png
GYN_001,Endometrioid adenocarcinoma,textbooks,Endometrioid adenocarcinoma,True,5,https://storage.googleapis.com/pathology-hub-public-figures-830130787988/textbook_figures_web_v1/gyn_atlas_part_two/gyn_atlas_part_two_p0022_fig01_fig_11_57.jpeg
GYN_001,Endometrioid adenocarcinoma,textbooks,Endometrioid adenocarcinoma,True,6,https://storage.googleapis.com/pathology-hub-0/_asset_library/textbooks/Gyn_Atlas_Part_Two/page_images/Gyn_Atlas_Part_Two_page_0022.png
GYN_001,Endometrioid adenocarcinoma,textbooks,Endometrioid adenocarcinoma,True,7,https://storage.googleapis.com/pathology-hub-public-figures-830130787988/textbook_figures_web_v1/gyn_atlas_part_two/gyn_atlas_part_two_p0129_fig01_fig_14_22.jpeg
GYN_001,Endometrioid adenocarcinoma,textbooks,Endometrioid adenocarcinoma,True,8,https://storage.googleapis.com/pathology-hub-public-figures-830130787988/textbook_figures_web_v1/cyto_comprehensive_part_one/cyto_comprehensive_part_one_p0231_fig01_figure_10_4.png
GYN_001,Endometrioid adenocarcinoma,textbooks,Endometrioid adenocarcinoma,True,9,https://storage.googleapis.com/pathology-hub-0/_asset_library/textbooks/Cyto_Comprehensive_Part_One/page_images/Cyto_Comprehensive_Part_One_page_0231.png
GYN_001,Endometrioid adenocarcinoma,textbooks,Endometrioid adenocarcinoma,True,10,https://storage.googleapis.com/pathology-hub-public-figures-830130787988/textbook_figures_web_v1/gyn_atlas_part_two/gyn_atlas_part_two_p0131_fig01_fig_14_30.jpeg
GYN_001,Endometrioid adenocarcinoma,textbooks,Endometrioid adenocarcinoma,True,11,https://storage.googleapis.com/pathology-hub-0/_asset_library/textbooks/Gyn_Atlas_Part_Two/page_images/Gyn_Atlas_Part_Two_page_0131.png
GYN_001,Endometrioid adenocarcinoma,textbooks,Endometrioid adenocarcinoma,True,12,https://storage.googleapis.com/pathology-hub-public-figures-830130787988/textbook_figures_web_v1/gyn_atlas_part_two/gyn_atlas_part_two_p0128_fig06_fig_14_21.jpeg
GYN_001,Endometrioid adenocarcinoma,textbooks,Endometrioid adenocarcinoma,True,13,https://storage.googleapis.com/pathology-hub-0/_asset_library/textbooks/Gyn_Atlas_Part_Two/page_images/Gyn_Atlas_Part_Two_page_0128.png
GYN_001,Endometrioid adenocarcinoma,textbooks,Endometrioid adenocarcinoma,True,14,https://storage.googleapis.com/pathology-hub-public-figures-830130787988/textbook_figures_web_v1/cyto_comprehensive_part_one/cyto_comprehensive_part_one_p0231_fig02_figure_10_5.jpg
GYN_001,Endometrioid adenocarcinoma,textbooks,Endometrioid adenocarcinoma,True,15,https://storage.googleapis.com/pathology-hub-public-figures-830130787988/textbook_figures_web_v1/cyto_comprehensive_part_one/cyto_comprehensive_part_one_p0244_fig01_figure_10_31.png
GYN_001,Endometrioid adenocarcinoma,textbooks,Endometrioid adenocarcinoma,True,16,https://storage.googleapis.com/pathology-hub-public-figures-830130787988/textbook_figures_web_v1/cyto_comprehensive_part_one/cyto_comprehensive_part_one_p0244_fig03_figure_10_33.jpg
GYN_001,Endometrioid adenocarcinoma,textbooks,Endometrioid adenocarcinoma,True,17,https://storage.googleapis.com/pathology-hub-0/_asset_library/textbooks/Cyto_Cibas/page_images/Cyto_Cibas_page_0537.png
GYN_001,Endometrioid adenocarcinoma,textbooks,Endometrioid adenocarcinoma,True,18,https://storage.googleapis.com/pathology-hub-0/_asset_library/textbooks/Gyn_Essentials/page_images/Gyn_Essentials_page_0626.png
GYN_001,Endometrioid adenocarcinoma,who,Endometrioid adenocarcinoma endometrium,True,1,https://tumourclassification.iarc.who.int/static/dzi/36/91/20399.jpg
GYN_001,Endometrioid adenocarcinoma,who,Endometrioid adenocarcinoma endometrium,True,2,https://tumourclassification.iarc.who.int/static/dzi/36/91/20401.jpg
GYN_001,Endometrioid adenocarcinoma,who,Endometrioid adenocarcinoma endometrium,True,3,https://tumourclassification.iarc.who.int/static/dzi/36/91/27583.jpg
GYN_001,Endometrioid adenocarcinoma,who,Endometrioid adenocarcinoma endometrium,True,4,https://storage.googleapis.com/pathology-hub-0/WHO/WHO_PICS/GYN/10623.jpg
GYN_001,Endometrioid adenocarcinoma,who,Endometrioid adenocarcinoma endometrium,True,5,https://storage.googleapis.com/pathology-hub-0/WHO/WHO_HTML/GYN/Endometrioid_Carcinoma_Of_The_Fallopian_Tube.html
GYN_001,Endometrioid adenocarcinoma,who,Endometrioid adenocarcinoma endometrium,True,6,https://storage.googleapis.com/pathology-hub-0/WHO/WHO_HTML/GU/Endometrioid_Carcinoma_Of_The_Urinary_Tract.html
GYN_001,Endometrioid adenocarcinoma,who,Endometrioid adenocarcinoma endometrium,True,7,https://storage.googleapis.com/pathology-hub-0/WHO/WHO_HTML/GYN/Endometrioid_Carcinoma_Of_The_Vagina.html
GYN_001,Endometrioid adenocarcinoma,pathout,Endometrioid adenocarcinoma endometrium,True,1,https://www.pathologyoutlines.com/thumb/stainsL1CAMrg01.png
GYN_001,Endometrioid adenocarcinoma,pathout,Endometrioid adenocarcinoma endometrium,True,2,https://www.pathologyoutlines.com/thumb/stainsL1CAtandf01.gif
GYN_001,Endometrioid adenocarcinoma,pathout,Endometrioid adenocarcinoma endometrium,True,3,https://www.pathologyoutlines.com/imgau/stainsL1CAMAljefri01.jpeg
GYN_001,Endometrioid adenocarcinoma,pathout,Endometrioid adenocarcinoma endometrium,True,4,https://www.pathologyoutlines.com/imgau/stainsL1CAMAljefri02.jpeg
GYN_001,Endometrioid adenocarcinoma,textbooks,Endometrioid adenocarcinoma endometrium,True,1,https://storage.googleapis.com/pathology-hub-public-figures-830130787988/textbook_figures_web_v1/cyto_comprehensive_part_one/cyto_comprehensive_part_one_p0244_fig02_figure_10_32.jpg
GYN_001,Endometrioid adenocarcinoma,textbooks,Endometrioid adenocarcinoma endometrium,True,2,https://storage.googleapis.com/pathology-hub-0/_asset_library/textbooks/Cyto_Comprehensive_Part_One/page_images/Cyto_Comprehensive_Part_One_page_0244.png
GYN_001,Endometrioid adenocarcinoma,textbooks,Endometrioid adenocarcinoma endometrium,True,3,https://storage.googleapis.com/pathology-hub-public-figures-830130787988/textbook_figures_web_v1/cyto_comprehensive_part_one/cyto_comprehensive_part_one_p0231_fig01_figure_10_4.png
GYN_001,Endometrioid adenocarcinoma,textbooks,Endometrioid adenocarcinoma endometrium,True,4,https://storage.googleapis.com/pathology-hub-0/_asset_library/textbooks/Cyto_Comprehensive_Part_One/page_images/Cyto_Comprehensive_Part_One_page_0231.png
GYN_001,Endometrioid adenocarcinoma,textbooks,Endometrioid adenocarcinoma endometrium,True,5,https://storage.googleapis.com/pathology-hub-public-figures-830130787988/textbook_figures_web_v1/cyto_comprehensive_part_one/cyto_comprehensive_part_one_p0242_fig01_figure_10_25.png
GYN_001,Endometrioid adenocarcinoma,textbooks,Endometrioid adenocarcinoma endometrium,True,6,https://storage.googleapis.com/pathology-hub-0/_asset_library/textbooks/Cyto_Comprehensive_Part_One/page_images/Cyto_Comprehensive_Part_One_page_0242.png
GYN_001,Endometrioid adenocarcinoma,textbooks,Endometrioid adenocarcinoma endometrium,True,7,https://storage.googleapis.com/pathology-hub-public-figures-830130787988/textbook_figures_web_v1/cyto_comprehensive_part_one/cyto_comprehensive_part_one_p0231_fig02_figure_10_5.jpg
GYN_001,Endometrioid adenocarcinoma,textbooks,Endometrioid adenocarcinoma endometrium,True,8,https://storage.googleapis.com/pathology-hub-public-figures-830130787988/textbook_figures_web_v1/gyn_atlas_part_two/gyn_atlas_part_two_p0130_fig04_fig_14_29.jpeg
GYN_001,Endometrioid adenocarcinoma,textbooks,Endometrioid adenocarcinoma endometrium,True,9,https://storage.googleapis.com/pathology-hub-0/_asset_library/textbooks/Gyn_Atlas_Part_Two/page_images/Gyn_Atlas_Part_Two_page_0130.png
GYN_001,Endometrioid adenocarcinoma,textbooks,Endometrioid adenocarcinoma endometrium,True,10,https://pathology-hub-v04-v0-2-staging-vorn5q2kga-uc.a.run.app/figures/textbook?u=Z3M6Ly9wYXRob2xvZ3lfaHViLzAxX3N0YWdlZC90ZXh0Ym9va3MvYXNzZXRzL2ZpZ3VyZV9pbWFnZXMvZ3VfcHJhY3RpY2FsL2d1X3ByYWN0aWNhbF9wMDIxMV9maWcwMV9maWd1cmVfMTBfMi5qcGVn&exp=1783364472&sig=2daee55e8a1b7eeedc7f61cdfd099d710cc7c1b3d81088854d3a6440d393ae33
GYN_001,Endometrioid adenocarcinoma,textbooks,Endometrioid adenocarcinoma endometrium,True,11,https://storage.googleapis.com/pathology-hub-0/_asset_library/textbooks/Gu_Practical/page_images/Gu_Practical_page_0211.png
GYN_001,Endometrioid adenocarcinoma,textbooks,Endometrioid adenocarcinoma endometrium,True,12,https://storage.googleapis.com/pathology-hub-public-figures-830130787988/textbook_figures_web_v1/cyto_comprehensive_part_one/cyto_comprehensive_part_one_p0244_fig01_figure_10_31.png
GYN_001,Endometrioid adenocarcinoma,textbooks,Endometrioid adenocarcinoma endometrium,True,13,https://storage.googleapis.com/pathology-hub-public-figures-830130787988/textbook_figures_web_v1/cyto_comprehensive_part_one/cyto_comprehensive_part_one_p0244_fig03_figure_10_33.jpg
GYN_001,Endometrioid adenocarcinoma,textbooks,Endometrioid adenocarcinoma endometrium,True,14,https://storage.googleapis.com/pathology-hub-public-figures-830130787988/textbook_figures_web_v1/cyto_comprehensive_part_one/cyto_comprehensive_part_one_p0244_fig04_fig_10_33.jpg
GYN_001,Endometrioid adenocarcinoma,textbooks,Endometrioid adenocarcinoma endometrium,True,15,https://storage.googleapis.com/pathology-hub-public-figures-830130787988/textbook_figures_web_v1/cyto_comprehensive_part_one/cyto_comprehensive_part_one_p0231_fig03_fig_10_4.jpg
GYN_001,Endometrioid adenocarcinoma,textbooks,Endometrioid adenocarcinoma endometrium,True,16,https://storage.googleapis.com/pathology-hub-0/_asset_library/textbooks/Cyto_Cibas/page_images/Cyto_Cibas_page_0537.png
GYN_001,Endometrioid adenocarcinoma,textbooks,Endometrioid adenocarcinoma endometrium,True,17,https://storage.googleapis.com/pathology-hub-0/_asset_library/textbooks/Gyn_Essentials/page_images/Gyn_Essentials_page_0626.png
GYN_001,Endometrioid adenocarcinoma,textbooks,Endometrioid adenocarcinoma endometrium,True,18,https://storage.googleapis.com/pathology-hub-0/_asset_library/textbooks/Gyn_Essentials/page_images/Gyn_Essentials_page_0386.png
GYN_001,Endometrioid adenocarcinoma,who,Endometrioid adenocarcinoma FIGO grade,True,1,https://storage.googleapis.com/pathology-hub-0/WHO/WHO_PICS/GYN/10933.jpg
GYN_001,Endometrioid adenocarcinoma,who,Endometrioid adenocarcinoma FIGO grade,True,2,https://storage.googleapis.com/pathology-hub-0/WHO/WHO_PICS/GYN/10934.jpg
GYN_001,Endometrioid adenocarcinoma,who,Endometrioid adenocarcinoma FIGO grade,True,3,https://storage.googleapis.com/pathology-hub-0/WHO/WHO_PICS/GYN/10935.jpg
GYN_001,Endometrioid adenocarcinoma,who,Endometrioid adenocarcinoma FIGO grade,True,4,https://storage.googleapis.com/pathology-hub-0/WHO/WHO_PICS/GYN/10936.jpg
GYN_001,Endometrioid adenocarcinoma,who,Endometrioid adenocarcinoma FIGO grade,True,5,https://storage.googleapis.com/pathology-hub-0/WHO/WHO_HTML/GYN/Undifferentiated_And_Dedifferentiated_Carcinomas_Of_The_Uterine_Corpus.html
GYN_001,Endometrioid adenocarcinoma,pathout,Endometrioid adenocarcinoma FIGO grade,True,1,https://www.pathologyoutlines.com/thumb/ovarytumorendometrioidcarcinomagrossAFIP1.png
GYN_001,Endometrioid adenocarcinoma,pathout,Endometrioid adenocarcinoma FIGO grade,True,2,https://www.pathologyoutlines.com/thumb/ovarytumorendometrioidcarcinomagrossAFIP2.png
GYN_001,Endometrioid adenocarcinoma,pathout,Endometrioid adenocarcinoma FIGO grade,True,3,https://www.pathologyoutlines.com/imgau/ovaryendometrioidcarcinomaayhan01.jpg
GYN_001,Endometrioid adenocarcinoma,pathout,Endometrioid adenocarcinoma FIGO grade,True,4,https://www.pathologyoutlines.com/imgau/ovaryendometrioidcarcinomaayhan02.jpg
GYN_001,Endometrioid adenocarcinoma,textbooks,Endometrioid adenocarcinoma FIGO grade,True,1,https://storage.googleapis.com/pathology-hub-public-figures-830130787988/textbook_figures_web_v1/cyto_comprehensive_part_one/cyto_comprehensive_part_one_p0231_fig01_figure_10_4.png
GYN_001,Endometrioid adenocarcinoma,textbooks,Endometrioid adenocarcinoma FIGO grade,True,2,https://storage.googleapis.com/pathology-hub-0/_asset_library/textbooks/Cyto_Comprehensive_Part_One/page_images/Cyto_Comprehensive_Part_One_page_0231.png
GYN_001,Endometrioid adenocarcinoma,textbooks,Endometrioid adenocarcinoma FIGO grade,True,3,https://storage.googleapis.com/pathology-hub-public-figures-830130787988/textbook_figures_web_v1/cyto_comprehensive_part_one/cyto_comprehensive_part_one_p0232_fig02_fig_10_6.jpg
GYN_001,Endometrioid adenocarcinoma,textbooks,Endometrioid adenocarcinoma FIGO grade,True,4,https://storage.googleapis.com/pathology-hub-0/_asset_library/textbooks/Cyto_Comprehensive_Part_One/page_images/Cyto_Comprehensive_Part_One_page_0232.png
GYN_001,Endometrioid adenocarcinoma,textbooks,Endometrioid adenocarcinoma FIGO grade,True,5,https://storage.googleapis.com/pathology-hub-public-figures-830130787988/textbook_figures_web_v1/gyn_atlas_part_one/gyn_atlas_part_one_p0249_fig01_fig_8_9.jpeg
GYN_001,Endometrioid adenocarcinoma,textbooks,Endometrioid adenocarcinoma FIGO grade,True,6,https://storage.googleapis.com/pathology-hub-0/_asset_library/textbooks/Gyn_Atlas_Part_One/page_images/Gyn_Atlas_Part_One_page_0249.png
GYN_001,Endometrioid adenocarcinoma,textbooks,Endometrioid adenocarcinoma FIGO grade,True,7,https://storage.googleapis.com/pathology-hub-public-figures-830130787988/textbook_figures_web_v1/gyn_atlas_part_one/gyn_atlas_part_one_p0249_fig02_fig_8_10.jpeg
GYN_001,Endometrioid adenocarcinoma,textbooks,Endometrioid adenocarcinoma FIGO grade,True,8,https://storage.googleapis.com/pathology-hub-public-figures-830130787988/textbook_figures_web_v1/cyto_gyn_bethesda/cyto_gyn_bethesda_p0254_fig02_fig_6_49.jpeg
GYN_001,Endometrioid adenocarcinoma,textbooks,Endometrioid adenocarcinoma FIGO grade,True,9,https://storage.googleapis.com/pathology-hub-0/_asset_library/textbooks/Cyto_Gyn_Bethesda/page_images/Cyto_Gyn_Bethesda_page_0254.png
GYN_001,Endometrioid adenocarcinoma,textbooks,Endometrioid adenocarcinoma FIGO grade,True,10,https://storage.googleapis.com/pathology-hub-public-figures-830130787988/textbook_figures_web_v1/gyn_atlas_part_one/gyn_atlas_part_one_p0267_fig01_fig_8_62.jpeg
GYN_001,Endometrioid adenocarcinoma,textbooks,Endometrioid adenocarcinoma FIGO grade,True,11,https://storage.googleapis.com/pathology-hub-0/_asset_library/textbooks/Gyn_Atlas_Part_One/page_images/Gyn_Atlas_Part_One_page_0267.png
GYN_001,Endometrioid adenocarcinoma,textbooks,Endometrioid adenocarcinoma FIGO grade,True,12,https://storage.googleapis.com/pathology-hub-public-figures-830130787988/textbook_figures_web_v1/cyto_comprehensive_part_one/cyto_comprehensive_part_one_p0231_fig02_figure_10_5.jpg
GYN_001,Endometrioid adenocarcinoma,textbooks,Endometrioid adenocarcinoma FIGO grade,True,13,https://storage.googleapis.com/pathology-hub-public-figures-830130787988/textbook_figures_web_v1/cyto_comprehensive_part_one/cyto_comprehensive_part_one_p0231_fig03_fig_10_4.jpg
GYN_001,Endometrioid adenocarcinoma,textbooks,Endometrioid adenocarcinoma FIGO grade,True,14,https://storage.googleapis.com/pathology-hub-public-figures-830130787988/textbook_figures_web_v1/cyto_comprehensive_part_one/cyto_comprehensive_part_one_p0232_fig01_figure_10_6.png
GYN_001,Endometrioid adenocarcinoma,textbooks,Endometrioid adenocarcinoma FIGO grade,True,15,https://storage.googleapis.com/pathology-hub-public-figures-830130787988/textbook_figures_web_v1/cyto_gyn_bethesda/cyto_gyn_bethesda_p0254_fig01_fig_6_48.jpeg
GYN_001,Endometrioid adenocarcinoma,textbooks,Endometrioid adenocarcinoma FIGO grade,True,16,https://storage.googleapis.com/pathology-hub-0/_asset_library/textbooks/Gyn_Essentials/page_images/Gyn_Essentials_page_0368.png
GYN_001,Endometrioid adenocarcinoma,textbooks,Endometrioid adenocarcinoma FIGO grade,True,17,https://storage.googleapis.com/pathology-hub-0/_asset_library/textbooks/Gyn_Essentials/page_images/Gyn_Essentials_page_0386.png
GYN_001,Endometrioid adenocarcinoma,textbooks,Endometrioid adenocarcinoma FIGO grade,True,18,https://storage.googleapis.com/pathology-hub-0/_asset_library/textbooks/Gyn_Essentials/page_images/Gyn_Essentials_page_0367.png
GYN_001,Endometrioid adenocarcinoma,textbooks,Endometrioid adenocarcinoma FIGO grade,True,19,https://storage.googleapis.com/pathology-hub-0/_asset_library/textbooks/Gyn_Essentials/page_images/Gyn_Essentials_page_0627.png
GYN_002,Serous carcinoma of endometrium,who,Serous carcinoma of endometrium,True,1,https://storage.googleapis.com/pathology-hub-0/WHO/WHO_PICS/GYN/10623.jpg
GYN_002,Serous carcinoma of endometrium,who,Serous carcinoma of endometrium,True,2,https://storage.googleapis.com/pathology-hub-0/WHO/WHO_PICS/GYN/10841.jpg
GYN_002,Serous carcinoma of endometrium,who,Serous carcinoma of endometrium,True,3,https://storage.googleapis.com/pathology-hub-0/WHO/WHO_PICS/GYN/10842.jpg
GYN_002,Serous carcinoma of endometrium,who,Serous carcinoma of endometrium,True,4,https://storage.googleapis.com/pathology-hub-0/WHO/WHO_PICS/GYN/10843.jpg
GYN_002,Serous carcinoma of endometrium,who,Serous carcinoma of endometrium,True,5,https://storage.googleapis.com/pathology-hub-0/WHO/WHO_HTML/GYN/Endometrioid_Carcinoma_Of_The_Fallopian_Tube.html
GYN_002,Serous carcinoma of endometrium,who,Serous carcinoma of endometrium,True,6,https://storage.googleapis.com/pathology-hub-0/WHO/WHO_HTML/GYN/Serous_Carcinoma_Of_The_Uterine_Corpus.html
GYN_002,Serous carcinoma of endometrium,pathout,Serous carcinoma of endometrium,True,1,https://www.pathologyoutlines.com/thumb/ovarytumorundifferentiatedgross1.jpg
GYN_002,Serous carcinoma of endometrium,pathout,Serous carcinoma of endometrium,True,2,https://www.pathologyoutlines.com/imgau/ovarytumorundifferentiated_Tessier-Cloutier01.jpg
GYN_002,Serous carcinoma of endometrium,pathout,Serous carcinoma of endometrium,True,3,https://www.pathologyoutlines.com/imgau/ovarytumorundifferentiated_Tessier-Cloutier03.jpg
GYN_002,Serous carcinoma of endometrium,pathout,Serous carcinoma of endometrium,True,4,https://www.pathologyoutlines.com/imgau/ovarytumorundifferentiated_Tessier-Cloutier04.jpg
GYN_002,Serous carcinoma of endometrium,textbooks,Serous carcinoma of endometrium,True,1,https://storage.googleapis.com/pathology-hub-public-figures-830130787988/textbook_figures_web_v1/cyto_comprehensive_part_one/cyto_comprehensive_part_one_p0244_fig01_figure_10_31.png
GYN_002,Serous carcinoma of endometrium,textbooks,Serous carcinoma of endometrium,True,2,https://storage.googleapis.com/pathology-hub-0/_asset_library/textbooks/Cyto_Comprehensive_Part_One/page_images/Cyto_Comprehensive_Part_One_page_0244.png
GYN_002,Serous carcinoma of endometrium,textbooks,Serous carcinoma of endometrium,True,3,https://storage.googleapis.com/pathology-hub-public-figures-830130787988/textbook_figures_web_v1/cyto_comprehensive_part_one/cyto_comprehensive_part_one_p0243_fig02_figure_10_29.jpg
GYN_002,Serous carcinoma of endometrium,textbooks,Serous carcinoma of endometrium,True,4,https://storage.googleapis.com/pathology-hub-0/_asset_library/textbooks/Cyto_Comprehensive_Part_One/page_images/Cyto_Comprehensive_Part_One_page_0243.png
GYN_002,Serous carcinoma of endometrium,textbooks,Serous carcinoma of endometrium,True,5,https://storage.googleapis.com/pathology-hub-public-figures-830130787988/textbook_figures_web_v1/cyto_comprehensive_part_one/cyto_comprehensive_part_one_p0244_fig03_figure_10_33.jpg
GYN_002,Serous carcinoma of endometrium,textbooks,Serous carcinoma of endometrium,True,6,https://storage.googleapis.com/pathology-hub-public-figures-830130787988/textbook_figures_web_v1/gyn_essentials/gyn_essentials_p0392_fig01_fig_10_31.jpeg
GYN_002,Serous carcinoma of endometrium,textbooks,Serous carcinoma of endometrium,True,7,https://storage.googleapis.com/pathology-hub-0/_asset_library/textbooks/Gyn_Essentials/page_images/Gyn_Essentials_page_0392.png
GYN_002,Serous carcinoma of endometrium,textbooks,Serous carcinoma of endometrium,True,8,https://storage.googleapis.com/pathology-hub-public-figures-830130787988/textbook_figures_web_v1/cyto_comprehensive_part_one/cyto_comprehensive_part_one_p0244_fig02_figure_10_32.jpg
GYN_002,Serous carcinoma of endometrium,textbooks,Serous carcinoma of endometrium,True,9,https://storage.googleapis.com/pathology-hub-public-figures-830130787988/textbook_figures_web_v1/cyto_comprehensive_part_one/cyto_comprehensive_part_one_p0244_fig04_fig_10_33.jpg
GYN_002,Serous carcinoma of endometrium,textbooks,Serous carcinoma of endometrium,True,10,https://storage.googleapis.com/pathology-hub-public-figures-830130787988/textbook_figures_web_v1/cyto_comprehensive_part_one/cyto_comprehensive_part_one_p0243_fig01_figure_10_27.png
GYN_002,Serous carcinoma of endometrium,textbooks,Serous carcinoma of endometrium,True,11,https://storage.googleapis.com/pathology-hub-public-figures-830130787988/textbook_figures_web_v1/cyto_comprehensive_part_one/cyto_comprehensive_part_one_p0243_fig03_figure_10_28.jpg
GYN_002,Serous carcinoma of endometrium,textbooks,Serous carcinoma of endometrium,True,12,https://storage.googleapis.com/pathology-hub-public-figures-830130787988/textbook_figures_web_v1/cyto_comprehensive_part_one/cyto_comprehensive_part_one_p0243_fig04_figure_10_30.jpg
GYN_002,Serous carcinoma of endometrium,textbooks,Serous carcinoma of endometrium,True,13,https://pathology-hub-v04-v0-2-staging-vorn5q2kga-uc.a.run.app/figures/textbook?u=Z3M6Ly9wYXRob2xvZ3lfaHViLzAxX3N0YWdlZC90ZXh0Ym9va3MvYXNzZXRzL2ZpZ3VyZV9pbWFnZXMvY3l0b19jb21wcmVoZW5zaXZlX3BhcnRfb25lL2N5dG9fY29tcHJlaGVuc2l2ZV9wYXJ0X29uZV9wMDI0M19maWcwNV9maWdfMTBfMzAuanB4&exp=1783364479&sig=dadd2a22c08ca6270f403e562afc18ba23eeae89cc5d112a10c67fda535643cb
GYN_002,Serous carcinoma of endometrium,textbooks,Serous carcinoma of endometrium,True,14,https://storage.googleapis.com/pathology-hub-0/_asset_library/textbooks/Gyn_Essentials/page_images/Gyn_Essentials_page_0393.png
GYN_002,Serous carcinoma of endometrium,textbooks,Serous carcinoma of endometrium,True,15,https://storage.googleapis.com/pathology-hub-0/_asset_library/textbooks/Gyn_Essentials/page_images/Gyn_Essentials_page_0387.png
GYN_002,Serous carcinoma of endometrium,textbooks,Serous carcinoma of endometrium,True,16,https://storage.googleapis.com/pathology-hub-0/_asset_library/textbooks/Molecular_Vasef/page_images/Molecular_Vasef_page_0741.png
GYN_002,Serous carcinoma of endometrium,textbooks,Serous carcinoma of endometrium,True,17,https://storage.googleapis.com/pathology-hub-0/_asset_library/textbooks/Gyn_Essentials/page_images/Gyn_Essentials_page_0383.png
GYN_002,Serous carcinoma of endometrium,textbooks,Serous carcinoma of endometrium,True,18,https://storage.googleapis.com/pathology-hub-0/_asset_library/textbooks/Molecular_Vasef/page_images/Molecular_Vasef_page_0755.png
GYN_002,Serous carcinoma of endometrium,who,Serous carcinoma of endometrium endometrium,True,1,https://storage.googleapis.com/pathology-hub-0/WHO/WHO_PICS/GYN/10623.jpg
GYN_002,Serous carcinoma of endometrium,who,Serous carcinoma of endometrium endometrium,True,2,https://storage.googleapis.com/pathology-hub-0/WHO/WHO_PICS/GYN/10841.jpg
GYN_002,Serous carcinoma of endometrium,who,Serous carcinoma of endometrium endometrium,True,3,https://storage.googleapis.com/pathology-hub-0/WHO/WHO_PICS/GYN/10842.jpg
GYN_002,Serous carcinoma of endometrium,who,Serous carcinoma of endometrium endometrium,True,4,https://storage.googleapis.com/pathology-hub-0/WHO/WHO_PICS/GYN/10843.jpg
GYN_002,Serous carcinoma of endometrium,who,Serous carcinoma of endometrium endometrium,True,5,https://storage.googleapis.com/pathology-hub-0/WHO/WHO_HTML/GYN/Endometrioid_Carcinoma_Of_The_Fallopian_Tube.html
GYN_002,Serous carcinoma of endometrium,who,Serous carcinoma of endometrium endometrium,True,6,https://storage.googleapis.com/pathology-hub-0/WHO/WHO_HTML/GYN/Li_Fraumeni_Syndrome.html
GYN_002,Serous carcinoma of endometrium,who,Serous carcinoma of endometrium endometrium,True,7,https://storage.googleapis.com/pathology-hub-0/WHO/WHO_HTML/GYN/Serous_Carcinoma_Of_The_Uterine_Corpus.html
GYN_002,Serous carcinoma of endometrium,pathout,Serous carcinoma of endometrium endometrium,True,1,https://www.pathologyoutlines.com/thumb/ovarytumorundifferentiatedgross1.jpg
GYN_002,Serous carcinoma of endometrium,pathout,Serous carcinoma of endometrium endometrium,True,2,https://www.pathologyoutlines.com/imgau/ovarytumorundifferentiated_Tessier-Cloutier01.jpg
GYN_002,Serous carcinoma of endometrium,pathout,Serous carcinoma of endometrium endometrium,True,3,https://www.pathologyoutlines.com/imgau/ovarytumorundifferentiated_Tessier-Cloutier03.jpg
GYN_002,Serous carcinoma of endometrium,pathout,Serous carcinoma of endometrium endometrium,True,4,https://www.pathologyoutlines.com/imgau/ovarytumorundifferentiated_Tessier-Cloutier04.jpg
GYN_002,Serous carcinoma of endometrium,textbooks,Serous carcinoma of endometrium endometrium,True,1,https://storage.googleapis.com/pathology-hub-public-figures-830130787988/textbook_figures_web_v1/cyto_comprehensive_part_one/cyto_comprehensive_part_one_p0243_fig02_figure_10_29.jpg
GYN_002,Serous carcinoma of endometrium,textbooks,Serous carcinoma of endometrium endometrium,True,2,https://storage.googleapis.com/pathology-hub-0/_asset_library/textbooks/Cyto_Comprehensive_Part_One/page_images/Cyto_Comprehensive_Part_One_page_0243.png
GYN_002,Serous carcinoma of endometrium,textbooks,Serous carcinoma of endometrium endometrium,True,3,https://storage.googleapis.com/pathology-hub-public-figures-830130787988/textbook_figures_web_v1/cyto_comprehensive_part_one/cyto_comprehensive_part_one_p0244_fig03_figure_10_33.jpg
GYN_002,Serous carcinoma of endometrium,textbooks,Serous carcinoma of endometrium endometrium,True,4,https://storage.googleapis.com/pathology-hub-0/_asset_library/textbooks/Cyto_Comprehensive_Part_One/page_images/Cyto_Comprehensive_Part_One_page_0244.png
GYN_002,Serous carcinoma of endometrium,textbooks,Serous carcinoma of endometrium endometrium,True,5,https://storage.googleapis.com/pathology-hub-public-figures-830130787988/textbook_figures_web_v1/cyto_comprehensive_part_one/cyto_comprehensive_part_one_p0244_fig01_figure_10_31.png
GYN_002,Serous carcinoma of endometrium,textbooks,Serous carcinoma of endometrium endometrium,True,6,https://storage.googleapis.com/pathology-hub-public-figures-830130787988/textbook_figures_web_v1/cyto_comprehensive_part_one/cyto_comprehensive_part_one_p0231_fig02_figure_10_5.jpg
GYN_002,Serous carcinoma of endometrium,textbooks,Serous carcinoma of endometrium endometrium,True,7,https://storage.googleapis.com/pathology-hub-0/_asset_library/textbooks/Cyto_Comprehensive_Part_One/page_images/Cyto_Comprehensive_Part_One_page_0231.png
GYN_002,Serous carcinoma of endometrium,textbooks,Serous carcinoma of endometrium endometrium,True,8,https://storage.googleapis.com/pathology-hub-public-figures-830130787988/textbook_figures_web_v1/gyn_essentials/gyn_essentials_p0392_fig01_fig_10_31.jpeg
GYN_002,Serous carcinoma of endometrium,textbooks,Serous carcinoma of endometrium endometrium,True,9,https://storage.googleapis.com/pathology-hub-0/_asset_library/textbooks/Gyn_Essentials/page_images/Gyn_Essentials_page_0392.png
GYN_002,Serous carcinoma of endometrium,textbooks,Serous carcinoma of endometrium endometrium,True,10,https://storage.googleapis.com/pathology-hub-public-figures-830130787988/textbook_figures_web_v1/cyto_comprehensive_part_one/cyto_comprehensive_part_one_p0243_fig01_figure_10_27.png
GYN_002,Serous carcinoma of endometrium,textbooks,Serous carcinoma of endometrium endometrium,True,11,https://storage.googleapis.com/pathology-hub-public-figures-830130787988/textbook_figures_web_v1/cyto_comprehensive_part_one/cyto_comprehensive_part_one_p0243_fig03_figure_10_28.jpg
GYN_002,Serous carcinoma of endometrium,textbooks,Serous carcinoma of endometrium endometrium,True,12,https://storage.googleapis.com/pathology-hub-public-figures-830130787988/textbook_figures_web_v1/cyto_comprehensive_part_one/cyto_comprehensive_part_one_p0243_fig04_figure_10_30.jpg
GYN_002,Serous carcinoma of endometrium,textbooks,Serous carcinoma of endometrium endometrium,True,13,https://pathology-hub-v04-v0-2-staging-vorn5q2kga-uc.a.run.app/figures/textbook?u=Z3M6Ly9wYXRob2xvZ3lfaHViLzAxX3N0YWdlZC90ZXh0Ym9va3MvYXNzZXRzL2ZpZ3VyZV9pbWFnZXMvY3l0b19jb21wcmVoZW5zaXZlX3BhcnRfb25lL2N5dG9fY29tcHJlaGVuc2l2ZV9wYXJ0X29uZV9wMDI0M19maWcwNV9maWdfMTBfMzAuanB4&exp=1783364483&sig=01ca197e840d046f940502a99e97f493b601d8b386edacfc4e1c1571fa6e4414
GYN_002,Serous carcinoma of endometrium,textbooks,Serous carcinoma of endometrium endometrium,True,14,https://storage.googleapis.com/pathology-hub-public-figures-830130787988/textbook_figures_web_v1/cyto_comprehensive_part_one/cyto_comprehensive_part_one_p0243_fig06_fig_10_31.jpg
GYN_002,Serous carcinoma of endometrium,textbooks,Serous carcinoma of endometrium endometrium,True,15,https://storage.googleapis.com/pathology-hub-0/_asset_library/textbooks/Gyn_Essentials/page_images/Gyn_Essentials_page_0393.png
GYN_002,Serous carcinoma of endometrium,textbooks,Serous carcinoma of endometrium endometrium,True,16,https://storage.googleapis.com/pathology-hub-0/_asset_library/textbooks/Gyn_Essentials/page_images/Gyn_Essentials_page_0387.png
GYN_002,Serous carcinoma of endometrium,textbooks,Serous carcinoma of endometrium endometrium,True,17,https://storage.googleapis.com/pathology-hub-0/_asset_library/textbooks/Cyto_Comprehensive_Part_One/page_images/Cyto_Comprehensive_Part_One_page_0246.png
GYN_002,Serous carcinoma of endometrium,textbooks,Serous carcinoma of endometrium endometrium,True,18,https://storage.googleapis.com/pathology-hub-0/_asset_library/textbooks/Gyn_Essentials/page_images/Gyn_Essentials_page_0383.png
GYN_002,Serous carcinoma of endometrium,who,Serous carcinoma of endometrium p53 abnormal,True,1,https://storage.googleapis.com/pathology-hub-0/WHO/WHO_PICS/GYN/10841.jpg
GYN_002,Serous carcinoma of endometrium,who,Serous carcinoma of endometrium p53 abnormal,True,2,https://storage.googleapis.com/pathology-hub-0/WHO/WHO_PICS/GYN/10842.jpg
GYN_002,Serous carcinoma of endometrium,who,Serous carcinoma of endometrium p53 abnormal,True,3,https://storage.googleapis.com/pathology-hub-0/WHO/WHO_PICS/GYN/10843.jpg
GYN_002,Serous carcinoma of endometrium,who,Serous carcinoma of endometrium p53 abnormal,True,4,https://storage.googleapis.com/pathology-hub-0/WHO/WHO_PICS/GYN/10623.jpg
GYN_002,Serous carcinoma of endometrium,who,Serous carcinoma of endometrium p53 abnormal,True,5,https://storage.googleapis.com/pathology-hub-0/WHO/WHO_HTML/GYN/Endometrioid_Carcinoma_Of_The_Vagina.html
GYN_002,Serous carcinoma of endometrium,who,Serous carcinoma of endometrium p53 abnormal,True,6,https://storage.googleapis.com/pathology-hub-0/WHO/WHO_HTML/GYN/Other_Adenocarcinomas_Of_The_Uterine_Cervix.html
GYN_002,Serous carcinoma of endometrium,who,Serous carcinoma of endometrium p53 abnormal,True,7,https://storage.googleapis.com/pathology-hub-0/WHO/WHO_HTML/GYN/Endometrioid_Carcinoma_Of_The_Fallopian_Tube.html
GYN_002,Serous carcinoma of endometrium,who,Serous carcinoma of endometrium p53 abnormal,True,8,https://storage.googleapis.com/pathology-hub-0/WHO/WHO_HTML/GYN/Serous_Carcinoma_Of_The_Uterine_Corpus.html
GYN_002,Serous carcinoma of endometrium,pathout,Serous carcinoma of endometrium p53 abnormal,True,1,https://www.pathologyoutlines.com/imgau/uterusserousSkala01.jpeg
GYN_002,Serous carcinoma of endometrium,pathout,Serous carcinoma of endometrium p53 abnormal,True,2,https://www.pathologyoutlines.com/imgau/uterusserousSkala02.jpeg
GYN_002,Serous carcinoma of endometrium,pathout,Serous carcinoma of endometrium p53 abnormal,True,3,https://www.pathologyoutlines.com/imgau/uterusserousSkala03.jpeg
GYN_002,Serous carcinoma of endometrium,pathout,Serous carcinoma of endometrium p53 abnormal,True,4,https://www.pathologyoutlines.com/imgau/uterusserousSkala04.jpeg
GYN_002,Serous carcinoma of endometrium,textbooks,Serous carcinoma of endometrium p53 abnormal,True,1,https://storage.googleapis.com/pathology-hub-public-figures-830130787988/textbook_figures_web_v1/molecular_vasef/molecular_vasef_p0740_fig02_unidentified.jpeg
GYN_002,Serous carcinoma of endometrium,textbooks,Serous carcinoma of endometrium p53 abnormal,True,2,https://storage.googleapis.com/pathology-hub-0/_asset_library/textbooks/Molecular_Vasef/page_images/Molecular_Vasef_page_0740.png
GYN_002,Serous carcinoma of endometrium,textbooks,Serous carcinoma of endometrium p53 abnormal,True,3,https://storage.googleapis.com/pathology-hub-public-figures-830130787988/textbook_figures_web_v1/gyn_essentials/gyn_essentials_p0930_fig02_fig_20_23.jpeg
GYN_002,Serous carcinoma of endometrium,textbooks,Serous carcinoma of endometrium p53 abnormal,True,4,https://storage.googleapis.com/pathology-hub-0/_asset_library/textbooks/Gyn_Essentials/page_images/Gyn_Essentials_page_0930.png
GYN_002,Serous carcinoma of endometrium,textbooks,Serous carcinoma of endometrium p53 abnormal,True,5,https://storage.googleapis.com/pathology-hub-public-figures-830130787988/textbook_figures_web_v1/gyn_essentials/gyn_essentials_p0930_fig01_fig_20_19.jpeg
GYN_002,Serous carcinoma of endometrium,textbooks,Serous carcinoma of endometrium p53 abnormal,True,6,https://storage.googleapis.com/pathology-hub-public-figures-830130787988/textbook_figures_web_v1/gyn_essentials/gyn_essentials_p0943_fig01_fig_20_35a.jpeg
GYN_002,Serous carcinoma of endometrium,textbooks,Serous carcinoma of endometrium p53 abnormal,True,7,https://storage.googleapis.com/pathology-hub-0/_asset_library/textbooks/Gyn_Essentials/page_images/Gyn_Essentials_page_0943.png
GYN_002,Serous carcinoma of endometrium,textbooks,Serous carcinoma of endometrium p53 abnormal,True,8,https://storage.googleapis.com/pathology-hub-public-figures-830130787988/textbook_figures_web_v1/gyn_essentials/gyn_essentials_p0927_fig01_fig_20_16.jpeg
GYN_002,Serous carcinoma of endometrium,textbooks,Serous carcinoma of endometrium p53 abnormal,True,9,https://storage.googleapis.com/pathology-hub-0/_asset_library/textbooks/Gyn_Essentials/page_images/Gyn_Essentials_page_0927.png
GYN_002,Serous carcinoma of endometrium,textbooks,Serous carcinoma of endometrium p53 abnormal,True,10,https://storage.googleapis.com/pathology-hub-public-figures-830130787988/textbook_figures_web_v1/molecular_vasef/molecular_vasef_p0740_fig01_unidentified.jpeg
GYN_002,Serous carcinoma of endometrium,textbooks,Serous carcinoma of endometrium p53 abnormal,True,11,https://storage.googleapis.com/pathology-hub-public-figures-830130787988/textbook_figures_web_v1/molecular_vasef/molecular_vasef_p0740_fig03_unidentified.jpeg
GYN_002,Serous carcinoma of endometrium,textbooks,Serous carcinoma of endometrium p53 abnormal,True,12,https://storage.googleapis.com/pathology-hub-public-figures-830130787988/textbook_figures_web_v1/molecular_vasef/molecular_vasef_p0740_fig04_unidentified.jpeg
GYN_002,Serous carcinoma of endometrium,textbooks,Serous carcinoma of endometrium p53 abnormal,True,13,https://storage.googleapis.com/pathology-hub-public-figures-830130787988/textbook_figures_web_v1/molecular_vasef/molecular_vasef_p0740_fig05_unidentified.jpeg
GYN_002,Serous carcinoma of endometrium,textbooks,Serous carcinoma of endometrium p53 abnormal,True,14,https://storage.googleapis.com/pathology-hub-public-figures-830130787988/textbook_figures_web_v1/gyn_essentials/gyn_essentials_p0405_fig01_fig_10_37.jpeg
GYN_002,Serous carcinoma of endometrium,textbooks,Serous carcinoma of endometrium p53 abnormal,True,15,https://storage.googleapis.com/pathology-hub-0/_asset_library/textbooks/Gyn_Essentials/page_images/Gyn_Essentials_page_0405.png
GYN_002,Serous carcinoma of endometrium,textbooks,Serous carcinoma of endometrium p53 abnormal,True,16,https://storage.googleapis.com/pathology-hub-0/_asset_library/textbooks/Gyn_Essentials/page_images/Gyn_Essentials_page_0387.png
GYN_002,Serous carcinoma of endometrium,textbooks,Serous carcinoma of endometrium p53 abnormal,True,17,https://storage.googleapis.com/pathology-hub-0/_asset_library/textbooks/Gyn_Essentials/page_images/Gyn_Essentials_page_0605.png
GYN_002,Serous carcinoma of endometrium,textbooks,Serous carcinoma of endometrium p53 abnormal,True,18,https://storage.googleapis.com/pathology-hub-0/_asset_library/textbooks/Gyn_Essentials/page_images/Gyn_Essentials_page_0393.png
GYN_002,Serous carcinoma of endometrium,textbooks,Serous carcinoma of endometrium p53 abnormal,True,19,https://storage.googleapis.com/pathology-hub-0/_asset_library/textbooks/Gyn_Essentials/page_images/Gyn_Essentials_page_0386.png
GYN_003,High-grade serous carcinoma and precursor,who,High-grade serous carcinoma and precursor,True,1,https://storage.googleapis.com/pathology-hub-0/WHO/WHO_HTML/GYN/High_Grade_Serous_Carcinoma_Of_The_Peritoneum.html
GYN_003,High-grade serous carcinoma and precursor,textbooks,High-grade serous carcinoma and precursor,True,1,https://storage.googleapis.com/pathology-hub-public-figures-830130787988/textbook_figures_web_v1/gyn_atlas_part_two/gyn_atlas_part_two_p0090_fig02_fig_13_52.jpeg
GYN_003,High-grade serous carcinoma and precursor,textbooks,High-grade serous carcinoma and precursor,True,2,https://storage.googleapis.com/pathology-hub-0/_asset_library/textbooks/Gyn_Atlas_Part_Two/page_images/Gyn_Atlas_Part_Two_page_0090.png
GYN_003,High-grade serous carcinoma and precursor,textbooks,High-grade serous carcinoma and precursor,True,3,https://storage.googleapis.com/pathology-hub-public-figures-830130787988/textbook_figures_web_v1/gyn_atlas_part_two/gyn_atlas_part_two_p0090_fig01_fig_13_51.jpeg
GYN_003,High-grade serous carcinoma and precursor,textbooks,High-grade serous carcinoma and precursor,True,4,https://storage.googleapis.com/pathology-hub-public-figures-830130787988/textbook_figures_web_v1/gyn_atlas_part_two/gyn_atlas_part_two_p0090_fig03_fig_13_53.jpeg
GYN_003,High-grade serous carcinoma and precursor,textbooks,High-grade serous carcinoma and precursor,True,5,https://storage.googleapis.com/pathology-hub-public-figures-830130787988/textbook_figures_web_v1/gyn_essentials/gyn_essentials_p0524_fig01_fig_12_17.jpeg
GYN_003,High-grade serous carcinoma and precursor,textbooks,High-grade serous carcinoma and precursor,True,6,https://storage.googleapis.com/pathology-hub-0/_asset_library/textbooks/Gyn_Essentials/page_images/Gyn_Essentials_page_0524.png
GYN_003,High-grade serous carcinoma and precursor,textbooks,High-grade serous carcinoma and precursor,True,7,https://storage.googleapis.com/pathology-hub-public-figures-830130787988/textbook_figures_web_v1/gyn_atlas_part_two/gyn_atlas_part_two_p0096_fig01_fig_13_75.jpeg
GYN_003,High-grade serous carcinoma and precursor,textbooks,High-grade serous carcinoma and precursor,True,8,https://storage.googleapis.com/pathology-hub-0/_asset_library/textbooks/Gyn_Atlas_Part_Two/page_images/Gyn_Atlas_Part_Two_page_0096.png
GYN_003,High-grade serous carcinoma and precursor,textbooks,High-grade serous carcinoma and precursor,True,9,https://storage.googleapis.com/pathology-hub-public-figures-830130787988/textbook_figures_web_v1/gyn_atlas_part_two/gyn_atlas_part_two_p0096_fig02_fig_13_76.jpeg
GYN_003,High-grade serous carcinoma and precursor,textbooks,High-grade serous carcinoma and precursor,True,10,https://storage.googleapis.com/pathology-hub-public-figures-830130787988/textbook_figures_web_v1/gyn_essentials/gyn_essentials_p0527_fig01_fig_12_20.jpeg
GYN_003,High-grade serous carcinoma and precursor,textbooks,High-grade serous carcinoma and precursor,True,11,https://storage.googleapis.com/pathology-hub-0/_asset_library/textbooks/Gyn_Essentials/page_images/Gyn_Essentials_page_0527.png
GYN_003,High-grade serous carcinoma and precursor,textbooks,High-grade serous carcinoma and precursor,True,12,https://storage.googleapis.com/pathology-hub-public-figures-830130787988/textbook_figures_web_v1/gyn_essentials/gyn_essentials_p0527_fig02_unidentified.jpeg
GYN_003,High-grade serous carcinoma and precursor,textbooks,High-grade serous carcinoma and precursor,True,13,https://storage.googleapis.com/pathology-hub-public-figures-830130787988/textbook_figures_web_v1/gyn_atlas_part_one/gyn_atlas_part_one_p0275_fig01_fig_8_77.jpeg
GYN_003,High-grade serous carcinoma and precursor,textbooks,High-grade serous carcinoma and precursor,True,14,https://storage.googleapis.com/pathology-hub-0/_asset_library/textbooks/Gyn_Atlas_Part_One/page_images/Gyn_Atlas_Part_One_page_0275.png
GYN_003,High-grade serous carcinoma and precursor,textbooks,High-grade serous carcinoma and precursor,True,15,https://storage.googleapis.com/pathology-hub-public-figures-830130787988/textbook_figures_web_v1/gyn_atlas_part_one/gyn_atlas_part_one_p0275_fig02_fig_8_78.jpeg
GYN_003,High-grade serous carcinoma and precursor,textbooks,High-grade serous carcinoma and precursor,True,16,https://storage.googleapis.com/pathology-hub-0/_asset_library/textbooks/Cyto_Serous_Fluids/page_images/Cyto_Serous_Fluids_page_0215.png
GYN_003,High-grade serous carcinoma and precursor,textbooks,High-grade serous carcinoma and precursor,True,17,https://storage.googleapis.com/pathology-hub-0/_asset_library/textbooks/Gyn_Essentials/page_images/Gyn_Essentials_page_0946.png
GYN_003,High-grade serous carcinoma and precursor,textbooks,High-grade serous carcinoma and precursor,True,18,https://storage.googleapis.com/pathology-hub-0/_asset_library/textbooks/Gyn_Essentials/page_images/Gyn_Essentials_page_0842.png
GYN_003,High-grade serous carcinoma and precursor,who,HGSC,True,1,https://storage.googleapis.com/pathology-hub-0/WHO/WHO_PICS/GYN/13475.jpg
GYN_003,High-grade serous carcinoma and precursor,who,HGSC,True,2,https://storage.googleapis.com/pathology-hub-0/WHO/WHO_PICS/GYN/13576.jpg
GYN_003,High-grade serous carcinoma and precursor,who,HGSC,True,3,https://storage.googleapis.com/pathology-hub-0/WHO/WHO_PICS/GYN/13613.jpg
GYN_003,High-grade serous carcinoma and precursor,who,HGSC,True,4,https://storage.googleapis.com/pathology-hub-0/WHO/WHO_PICS/GYN/13622.jpg
GYN_003,High-grade serous carcinoma and precursor,who,HGSC,True,5,https://storage.googleapis.com/pathology-hub-0/WHO/WHO_HTML/GYN/Carcinosarcoma_Of_The_Ovary.html
GYN_003,High-grade serous carcinoma and precursor,who,HGSC,True,6,https://storage.googleapis.com/pathology-hub-0/WHO/WHO_HTML/GYN/High_Grade_Serous_Carcinoma_Of_The_Peritoneum.html
GYN_003,High-grade serous carcinoma and precursor,pathout,HGSC,True,1,https://www.pathologyoutlines.com/imgau/ovarymixedcarcinomaMaruthiBuza_01.jpg
GYN_003,High-grade serous carcinoma and precursor,pathout,HGSC,True,2,https://www.pathologyoutlines.com/imgau/ovarymixedcarcinomaMaruthiBuza_02.jpg
GYN_003,High-grade serous carcinoma and precursor,pathout,HGSC,True,3,https://www.pathologyoutlines.com/imgau/ovarymixedcarcinomaMaruthiBuza_03.jpg
GYN_003,High-grade serous carcinoma and precursor,pathout,HGSC,True,4,https://www.pathologyoutlines.com/imgau/ovarymixedcarcinomaMaruthiBuza_04.jpg
GYN_003,High-grade serous carcinoma and precursor,textbooks,HGSC,True,1,https://storage.googleapis.com/pathology-hub-public-figures-830130787988/textbook_figures_web_v1/cyto_gu_paris/cyto_gu_paris_p0139_fig01_fig_7_8.jpeg
GYN_003,High-grade serous carcinoma and precursor,textbooks,HGSC,True,2,https://storage.googleapis.com/pathology-hub-0/_asset_library/textbooks/Cyto_GU_Paris/page_images/Cyto_GU_Paris_page_0139.png
GYN_003,High-grade serous carcinoma and precursor,textbooks,HGSC,True,3,https://storage.googleapis.com/pathology-hub-public-figures-830130787988/textbook_figures_web_v1/molecular_vasef/molecular_vasef_p0754_fig01_unidentified.jpeg
GYN_003,High-grade serous carcinoma and precursor,textbooks,HGSC,True,4,https://storage.googleapis.com/pathology-hub-0/_asset_library/textbooks/Molecular_Vasef/page_images/Molecular_Vasef_page_0754.png
GYN_003,High-grade serous carcinoma and precursor,textbooks,HGSC,True,5,https://storage.googleapis.com/pathology-hub-public-figures-830130787988/textbook_figures_web_v1/molecular_vasef/molecular_vasef_p0754_fig02_unidentified.jpeg
GYN_003,High-grade serous carcinoma and precursor,textbooks,HGSC,True,6,https://storage.googleapis.com/pathology-hub-public-figures-830130787988/textbook_figures_web_v1/molecular_vasef/molecular_vasef_p0754_fig03_unidentified.jpeg
GYN_003,High-grade serous carcinoma and precursor,textbooks,HGSC,True,7,https://storage.googleapis.com/pathology-hub-public-figures-830130787988/textbook_figures_web_v1/molecular_vasef/molecular_vasef_p0754_fig04_unidentified.jpeg
GYN_003,High-grade serous carcinoma and precursor,textbooks,HGSC,True,8,https://storage.googleapis.com/pathology-hub-public-figures-830130787988/textbook_figures_web_v1/gyn_atlas_part_two/gyn_atlas_part_two_p0090_fig01_fig_13_51.jpeg
GYN_003,High-grade serous carcinoma and precursor,textbooks,HGSC,True,9,https://storage.googleapis.com/pathology-hub-0/_asset_library/textbooks/Gyn_Atlas_Part_Two/page_images/Gyn_Atlas_Part_Two_page_0090.png
GYN_003,High-grade serous carcinoma and precursor,textbooks,HGSC,True,10,https://storage.googleapis.com/pathology-hub-public-figures-830130787988/textbook_figures_web_v1/gyn_atlas_part_two/gyn_atlas_part_two_p0090_fig02_fig_13_52.jpeg
GYN_003,High-grade serous carcinoma and precursor,textbooks,HGSC,True,11,https://storage.googleapis.com/pathology-hub-public-figures-830130787988/textbook_figures_web_v1/gyn_atlas_part_two/gyn_atlas_part_two_p0090_fig03_fig_13_53.jpeg
GYN_003,High-grade serous carcinoma and precursor,textbooks,HGSC,True,12,https://storage.googleapis.com/pathology-hub-public-figures-830130787988/textbook_figures_web_v1/cyto_gu_paris/cyto_gu_paris_p0139_fig02_fig_7_9.jpeg
GYN_003,High-grade serous carcinoma and precursor,textbooks,HGSC,True,13,https://storage.googleapis.com/pathology-hub-0/_asset_library/textbooks/Gyn_Atlas_Part_Two/page_images/Gyn_Atlas_Part_Two_page_0097.png
GYN_003,High-grade serous carcinoma and precursor,textbooks,HGSC,True,14,https://storage.googleapis.com/pathology-hub-0/_asset_library/textbooks/Gyn_Atlas_Part_Two/page_images/Gyn_Atlas_Part_Two_page_0023.png
GYN_003,High-grade serous carcinoma and precursor,who,High-grade serous carcinoma and precursor ovary,True,1,https://storage.googleapis.com/pathology-hub-0/WHO/WHO_HTML/GYN/High_Grade_Serous_Carcinoma_Of_The_Peritoneum.html
GYN_003,High-grade serous carcinoma and precursor,textbooks,High-grade serous carcinoma and precursor ovary,True,1,https://storage.googleapis.com/pathology-hub-public-figures-830130787988/textbook_figures_web_v1/cyto_serous_fluids/cyto_serous_fluids_p0125_fig01_fig_7_5.jpeg
GYN_003,High-grade serous carcinoma and precursor,textbooks,High-grade serous carcinoma and precursor ovary,True,2,https://storage.googleapis.com/pathology-hub-0/_asset_library/textbooks/Cyto_Serous_Fluids/page_images/Cyto_Serous_Fluids_page_0125.png
GYN_003,High-grade serous carcinoma and precursor,textbooks,High-grade serous carcinoma and precursor ovary,True,3,https://storage.googleapis.com/pathology-hub-public-figures-830130787988/textbook_figures_web_v1/cyto_fluids_ali/cyto_fluids_ali_p0174_fig01_fig_7_17.jpeg
GYN_003,High-grade serous carcinoma and precursor,textbooks,High-grade serous carcinoma and precursor ovary,True,4,https://storage.googleapis.com/pathology-hub-public-figures-830130787988/textbook_figures_web_v1/gyn_atlas_part_two/gyn_atlas_part_two_p0090_fig02_fig_13_52.jpeg
GYN_003,High-grade serous carcinoma and precursor,textbooks,High-grade serous carcinoma and precursor ovary,True,5,https://storage.googleapis.com/pathology-hub-0/_asset_library/textbooks/Gyn_Atlas_Part_Two/page_images/Gyn_Atlas_Part_Two_page_0090.png
GYN_003,High-grade serous carcinoma and precursor,textbooks,High-grade serous carcinoma and precursor ovary,True,6,https://storage.googleapis.com/pathology-hub-public-figures-830130787988/textbook_figures_web_v1/molecular_vasef/molecular_vasef_p0754_fig01_unidentified.jpeg
GYN_003,High-grade serous carcinoma and precursor,textbooks,High-grade serous carcinoma and precursor ovary,True,7,https://storage.googleapis.com/pathology-hub-0/_asset_library/textbooks/Molecular_Vasef/page_images/Molecular_Vasef_page_0754.png
GYN_003,High-grade serous carcinoma and precursor,textbooks,High-grade serous carcinoma and precursor ovary,True,8,https://storage.googleapis.com/pathology-hub-public-figures-830130787988/textbook_figures_web_v1/gyn_atlas_part_two/gyn_atlas_part_two_p0090_fig03_fig_13_53.jpeg
GYN_003,High-grade serous carcinoma and precursor,textbooks,High-grade serous carcinoma and precursor ovary,True,9,https://storage.googleapis.com/pathology-hub-public-figures-830130787988/textbook_figures_web_v1/cyto_serous_fluids/cyto_serous_fluids_p0125_fig02_fig_7_7.jpeg
GYN_003,High-grade serous carcinoma and precursor,textbooks,High-grade serous carcinoma and precursor ovary,True,10,https://storage.googleapis.com/pathology-hub-public-figures-830130787988/textbook_figures_web_v1/cyto_serous_fluids/cyto_serous_fluids_p0125_fig03_unidentified.jpeg
GYN_003,High-grade serous carcinoma and precursor,textbooks,High-grade serous carcinoma and precursor ovary,True,11,https://storage.googleapis.com/pathology-hub-public-figures-830130787988/textbook_figures_web_v1/gyn_essentials/gyn_essentials_p0599_fig01_fig_14_16.jpeg
GYN_003,High-grade serous carcinoma and precursor,textbooks,High-grade serous carcinoma and precursor ovary,True,12,https://storage.googleapis.com/pathology-hub-0/_asset_library/textbooks/Gyn_Essentials/page_images/Gyn_Essentials_page_0599.png
GYN_003,High-grade serous carcinoma and precursor,textbooks,High-grade serous carcinoma and precursor ovary,True,13,https://storage.googleapis.com/pathology-hub-public-figures-830130787988/textbook_figures_web_v1/gyn_atlas_part_two/gyn_atlas_part_two_p0090_fig01_fig_13_51.jpeg
GYN_003,High-grade serous carcinoma and precursor,textbooks,High-grade serous carcinoma and precursor ovary,True,14,https://storage.googleapis.com/pathology-hub-public-figures-830130787988/textbook_figures_web_v1/molecular_vasef/molecular_vasef_p0754_fig02_unidentified.jpeg
GYN_003,High-grade serous carcinoma and precursor,textbooks,High-grade serous carcinoma and precursor ovary,True,15,https://storage.googleapis.com/pathology-hub-0/_asset_library/textbooks/Gyn_Essentials/page_images/Gyn_Essentials_page_0600.png
GYN_003,High-grade serous carcinoma and precursor,textbooks,High-grade serous carcinoma and precursor ovary,True,16,https://storage.googleapis.com/pathology-hub-0/_asset_library/textbooks/Cyto_Cibas/page_images/Cyto_Cibas_page_0535.png
GYN_003,High-grade serous carcinoma and precursor,textbooks,High-grade serous carcinoma and precursor ovary,True,17,https://storage.googleapis.com/pathology-hub-0/_asset_library/textbooks/Gyn_Essentials/page_images/Gyn_Essentials_page_0596.png
GYN_003,High-grade serous carcinoma and precursor,who,High-grade serous carcinoma and precursor STIC,True,1,https://storage.googleapis.com/pathology-hub-0/WHO/WHO_PICS/GYN/10841.jpg
GYN_003,High-grade serous carcinoma and precursor,who,High-grade serous carcinoma and precursor STIC,True,2,https://storage.googleapis.com/pathology-hub-0/WHO/WHO_PICS/GYN/10842.jpg
GYN_003,High-grade serous carcinoma and precursor,who,High-grade serous carcinoma and precursor STIC,True,3,https://storage.googleapis.com/pathology-hub-0/WHO/WHO_PICS/GYN/10843.jpg
GYN_003,High-grade serous carcinoma and precursor,who,High-grade serous carcinoma and precursor STIC,True,4,https://storage.googleapis.com/pathology-hub-0/WHO/WHO_PICS/GYN/14183.jpg
GYN_003,High-grade serous carcinoma and precursor,who,High-grade serous carcinoma and precursor STIC,True,5,https://storage.googleapis.com/pathology-hub-0/WHO/WHO_HTML/GYN/Other_Adenocarcinomas_Of_The_Uterine_Cervix.html
GYN_003,High-grade serous carcinoma and precursor,who,High-grade serous carcinoma and precursor STIC,True,6,https://storage.googleapis.com/pathology-hub-0/WHO/WHO_HTML/GYN/Low_Grade_Serous_Carcinoma_Of_The_Ovary.html
GYN_003,High-grade serous carcinoma and precursor,who,High-grade serous carcinoma and precursor STIC,True,7,https://storage.googleapis.com/pathology-hub-0/WHO/WHO_HTML/GYN/Serous_Carcinoma_Of_The_Uterine_Corpus.html
GYN_003,High-grade serous carcinoma and precursor,who,High-grade serous carcinoma and precursor STIC,True,8,https://storage.googleapis.com/pathology-hub-0/WHO/WHO_HTML/GYN/High_Grade_Serous_Carcinoma_Of_The_Peritoneum.html
GYN_003,High-grade serous carcinoma and precursor,textbooks,High-grade serous carcinoma and precursor STIC,True,1,https://storage.googleapis.com/pathology-hub-public-figures-830130787988/textbook_figures_web_v1/gyn_atlas_part_two/gyn_atlas_part_two_p0017_fig02_fig_11_45.jpeg
GYN_003,High-grade serous carcinoma and precursor,textbooks,High-grade serous carcinoma and precursor STIC,True,2,https://storage.googleapis.com/pathology-hub-0/_asset_library/textbooks/Gyn_Atlas_Part_Two/page_images/Gyn_Atlas_Part_Two_page_0017.png
GYN_003,High-grade serous carcinoma and precursor,textbooks,High-grade serous carcinoma and precursor STIC,True,3,https://storage.googleapis.com/pathology-hub-public-figures-830130787988/textbook_figures_web_v1/gyn_essentials/gyn_essentials_p0524_fig01_fig_12_17.jpeg
GYN_003,High-grade serous carcinoma and precursor,textbooks,High-grade serous carcinoma and precursor STIC,True,4,https://storage.googleapis.com/pathology-hub-0/_asset_library/textbooks/Gyn_Essentials/page_images/Gyn_Essentials_page_0524.png
GYN_003,High-grade serous carcinoma and precursor,textbooks,High-grade serous carcinoma and precursor STIC,True,5,https://storage.googleapis.com/pathology-hub-public-figures-830130787988/textbook_figures_web_v1/gyn_atlas_part_two/gyn_atlas_part_two_p0018_fig01_fig_11_46.jpeg
GYN_003,High-grade serous carcinoma and precursor,textbooks,High-grade serous carcinoma and precursor STIC,True,6,https://storage.googleapis.com/pathology-hub-0/_asset_library/textbooks/Gyn_Atlas_Part_Two/page_images/Gyn_Atlas_Part_Two_page_0018.png
GYN_003,High-grade serous carcinoma and precursor,textbooks,High-grade serous carcinoma and precursor STIC,True,7,https://storage.googleapis.com/pathology-hub-public-figures-830130787988/textbook_figures_web_v1/gyn_atlas_part_two/gyn_atlas_part_two_p0016_fig01_fig_11_41.jpeg
GYN_003,High-grade serous carcinoma and precursor,textbooks,High-grade serous carcinoma and precursor STIC,True,8,https://storage.googleapis.com/pathology-hub-0/_asset_library/textbooks/Gyn_Atlas_Part_Two/page_images/Gyn_Atlas_Part_Two_page_0016.png
GYN_003,High-grade serous carcinoma and precursor,textbooks,High-grade serous carcinoma and precursor STIC,True,9,https://storage.googleapis.com/pathology-hub-public-figures-830130787988/textbook_figures_web_v1/gyn_atlas_part_two/gyn_atlas_part_two_p0016_fig02_fig_11_42.jpeg
GYN_003,High-grade serous carcinoma and precursor,textbooks,High-grade serous carcinoma and precursor STIC,True,10,https://storage.googleapis.com/pathology-hub-public-figures-830130787988/textbook_figures_web_v1/gyn_atlas_part_two/gyn_atlas_part_two_p0016_fig03_fig_11_43.jpeg
GYN_003,High-grade serous carcinoma and precursor,textbooks,High-grade serous carcinoma and precursor STIC,True,11,https://storage.googleapis.com/pathology-hub-public-figures-830130787988/textbook_figures_web_v1/gyn_atlas_part_two/gyn_atlas_part_two_p0019_fig01_fig_11_47.jpeg
GYN_003,High-grade serous carcinoma and precursor,textbooks,High-grade serous carcinoma and precursor STIC,True,12,https://storage.googleapis.com/pathology-hub-0/_asset_library/textbooks/Gyn_Atlas_Part_Two/page_images/Gyn_Atlas_Part_Two_page_0019.png
GYN_003,High-grade serous carcinoma and precursor,textbooks,High-grade serous carcinoma and precursor STIC,True,13,https://storage.googleapis.com/pathology-hub-public-figures-830130787988/textbook_figures_web_v1/gyn_atlas_part_two/gyn_atlas_part_two_p0017_fig01_fig_11_44.jpeg
GYN_003,High-grade serous carcinoma and precursor,textbooks,High-grade serous carcinoma and precursor STIC,True,14,https://storage.googleapis.com/pathology-hub-public-figures-830130787988/textbook_figures_web_v1/gyn_essentials/gyn_essentials_p0525_fig01_fig_12_18a.jpeg
GYN_003,High-grade serous carcinoma and precursor,textbooks,High-grade serous carcinoma and precursor STIC,True,15,https://storage.googleapis.com/pathology-hub-0/_asset_library/textbooks/Gyn_Essentials/page_images/Gyn_Essentials_page_0525.png
GYN_003,High-grade serous carcinoma and precursor,textbooks,High-grade serous carcinoma and precursor STIC,True,16,https://storage.googleapis.com/pathology-hub-public-figures-830130787988/textbook_figures_web_v1/gyn_essentials/gyn_essentials_p0525_fig02_fig_12_18.jpeg
GYN_003,High-grade serous carcinoma and precursor,textbooks,High-grade serous carcinoma and precursor STIC,True,17,https://storage.googleapis.com/pathology-hub-0/_asset_library/textbooks/Gyn_Essentials/page_images/Gyn_Essentials_page_0946.png
GYN_004,Cervical adenocarcinoma in situ,who,Cervical adenocarcinoma in situ,True,1,https://storage.googleapis.com/pathology-hub-0/WHO/WHO_PICS/GYN/10582.jpg
GYN_004,Cervical adenocarcinoma in situ,who,Cervical adenocarcinoma in situ,True,2,https://storage.googleapis.com/pathology-hub-0/WHO/WHO_PICS/GYN/13490.jpg
GYN_004,Cervical adenocarcinoma in situ,who,Cervical adenocarcinoma in situ,True,3,https://storage.googleapis.com/pathology-hub-0/WHO/WHO_PICS/GYN/13491.jpg
GYN_004,Cervical adenocarcinoma in situ,who,Cervical adenocarcinoma in situ,True,4,https://storage.googleapis.com/pathology-hub-0/WHO/WHO_PICS/GYN/0_0.jpeg
GYN_004,Cervical adenocarcinoma in situ,who,Cervical adenocarcinoma in situ,True,5,https://storage.googleapis.com/pathology-hub-0/WHO/WHO_HTML/GYN/Other_Adenocarcinomas_Of_The_Uterine_Cervix.html
GYN_004,Cervical adenocarcinoma in situ,who,Cervical adenocarcinoma in situ,True,6,https://storage.googleapis.com/pathology-hub-0/WHO/WHO_HTML/GYN/Paget_Disease.html
GYN_004,Cervical adenocarcinoma in situ,who,Cervical adenocarcinoma in situ,True,7,https://storage.googleapis.com/pathology-hub-0/WHO/WHO_HTML/GYN/Adenocarcinoma_In_Situ_Hpv_Independent_Of_The_Uterine_Cervix.html
GYN_004,Cervical adenocarcinoma in situ,pathout,Cervical adenocarcinoma in situ,True,1,https://www.pathologyoutlines.com/thumb/cervixAISnih01.jpg
GYN_004,Cervical adenocarcinoma in situ,pathout,Cervical adenocarcinoma in situ,True,2,https://www.pathologyoutlines.com/imgau/cervixAIS_Turashvili01.jpg
GYN_004,Cervical adenocarcinoma in situ,pathout,Cervical adenocarcinoma in situ,True,3,https://www.pathologyoutlines.com/imgau/cervixAIS_Turashvili02.jpg
GYN_004,Cervical adenocarcinoma in situ,pathout,Cervical adenocarcinoma in situ,True,4,https://www.pathologyoutlines.com/imgau/cervixAIS_Turashvili03.jpg
GYN_004,Cervical adenocarcinoma in situ,textbooks,Cervical adenocarcinoma in situ,True,1,https://storage.googleapis.com/pathology-hub-public-figures-830130787988/textbook_figures_web_v1/molecular_vasef/molecular_vasef_p0725_fig02_unidentified.jpeg
GYN_004,Cervical adenocarcinoma in situ,textbooks,Cervical adenocarcinoma in situ,True,2,https://storage.googleapis.com/pathology-hub-0/_asset_library/textbooks/Molecular_Vasef/page_images/Molecular_Vasef_page_0725.png
GYN_004,Cervical adenocarcinoma in situ,textbooks,Cervical adenocarcinoma in situ,True,3,https://storage.googleapis.com/pathology-hub-public-figures-830130787988/textbook_figures_web_v1/cyto_cibas/cyto_cibas_p0049_fig02_fig_1_56.jpeg
GYN_004,Cervical adenocarcinoma in situ,textbooks,Cervical adenocarcinoma in situ,True,4,https://storage.googleapis.com/pathology-hub-0/_asset_library/textbooks/Cyto_Cibas/page_images/Cyto_Cibas_page_0049.png
GYN_004,Cervical adenocarcinoma in situ,textbooks,Cervical adenocarcinoma in situ,True,5,https://storage.googleapis.com/pathology-hub-public-figures-830130787988/textbook_figures_web_v1/cyto_cibas/cyto_cibas_p0049_fig01_fig_1_55.jpeg
GYN_004,Cervical adenocarcinoma in situ,textbooks,Cervical adenocarcinoma in situ,True,6,https://storage.googleapis.com/pathology-hub-public-figures-830130787988/textbook_figures_web_v1/cyto_cibas/cyto_cibas_p0051_fig01_fig_1_58.jpeg
GYN_004,Cervical adenocarcinoma in situ,textbooks,Cervical adenocarcinoma in situ,True,7,https://storage.googleapis.com/pathology-hub-0/_asset_library/textbooks/Cyto_Cibas/page_images/Cyto_Cibas_page_0051.png
GYN_004,Cervical adenocarcinoma in situ,textbooks,Cervical adenocarcinoma in situ,True,8,https://storage.googleapis.com/pathology-hub-public-figures-830130787988/textbook_figures_web_v1/cyto_cibas/cyto_cibas_p0022_fig03_fig_1_12b.jpeg
GYN_004,Cervical adenocarcinoma in situ,textbooks,Cervical adenocarcinoma in situ,True,9,https://storage.googleapis.com/pathology-hub-0/_asset_library/textbooks/Cyto_Cibas/page_images/Cyto_Cibas_page_0022.png
GYN_004,Cervical adenocarcinoma in situ,textbooks,Cervical adenocarcinoma in situ,True,10,https://storage.googleapis.com/pathology-hub-public-figures-830130787988/textbook_figures_web_v1/molecular_vasef/molecular_vasef_p0725_fig01_unidentified.jpeg
GYN_004,Cervical adenocarcinoma in situ,textbooks,Cervical adenocarcinoma in situ,True,11,https://storage.googleapis.com/pathology-hub-public-figures-830130787988/textbook_figures_web_v1/molecular_vasef/molecular_vasef_p0725_fig03_unidentified.jpeg
GYN_004,Cervical adenocarcinoma in situ,textbooks,Cervical adenocarcinoma in situ,True,12,https://storage.googleapis.com/pathology-hub-public-figures-830130787988/textbook_figures_web_v1/molecular_vasef/molecular_vasef_p0725_fig04_unidentified.jpeg
GYN_004,Cervical adenocarcinoma in situ,textbooks,Cervical adenocarcinoma in situ,True,13,https://storage.googleapis.com/pathology-hub-public-figures-830130787988/textbook_figures_web_v1/molecular_vasef/molecular_vasef_p0725_fig05_unidentified.jpeg
GYN_004,Cervical adenocarcinoma in situ,textbooks,Cervical adenocarcinoma in situ,True,14,https://storage.googleapis.com/pathology-hub-public-figures-830130787988/textbook_figures_web_v1/molecular_vasef/molecular_vasef_p0725_fig06_unidentified.jpeg
GYN_004,Cervical adenocarcinoma in situ,textbooks,Cervical adenocarcinoma in situ,True,15,https://storage.googleapis.com/pathology-hub-0/_asset_library/textbooks/Gyn_Essentials/page_images/Gyn_Essentials_page_0253.png
GYN_004,Cervical adenocarcinoma in situ,textbooks,Cervical adenocarcinoma in situ,True,16,https://storage.googleapis.com/pathology-hub-0/_asset_library/textbooks/Gyn_Essentials/page_images/Gyn_Essentials_page_0921.png
GYN_004,Cervical adenocarcinoma in situ,who,AIS,True,1,https://storage.googleapis.com/pathology-hub-0/WHO/WHO_PICS/GYN/13357.jpg
GYN_004,Cervical adenocarcinoma in situ,who,AIS,True,2,https://storage.googleapis.com/pathology-hub-0/WHO/WHO_PICS/GYN/0_0.jpeg
GYN_004,Cervical adenocarcinoma in situ,who,AIS,True,3,https://storage.googleapis.com/pathology-hub-0/WHO/WHO_PICS/THORACIC/14965.jpg
GYN_004,Cervical adenocarcinoma in situ,who,AIS,True,4,https://storage.googleapis.com/pathology-hub-0/WHO/WHO_PICS/THORACIC/15491.jpg
GYN_004,Cervical adenocarcinoma in situ,who,AIS,True,5,https://storage.googleapis.com/pathology-hub-0/WHO/WHO_HTML/THORACIC/Atypical_Adenomatous_Hyperplasia_Of_The_Lung.html
GYN_004,Cervical adenocarcinoma in situ,who,AIS,True,6,https://storage.googleapis.com/pathology-hub-0/WHO/WHO_HTML/GYN/Adenocarcinoma_In_Situ_Hpv_Independent_Of_The_Uterine_Cervix.html
GYN_004,Cervical adenocarcinoma in situ,pathout,AIS,True,1,https://www.pathologyoutlines.com/thumb/cervixAISnih01.jpg
GYN_004,Cervical adenocarcinoma in situ,pathout,AIS,True,2,https://www.pathologyoutlines.com/imgau/cervixAIS_Turashvili01.jpg
GYN_004,Cervical adenocarcinoma in situ,pathout,AIS,True,3,https://www.pathologyoutlines.com/imgau/cervixAIS_Turashvili02.jpg
GYN_004,Cervical adenocarcinoma in situ,pathout,AIS,True,4,https://www.pathologyoutlines.com/imgau/cervixAIS_Turashvili03.jpg
GYN_004,Cervical adenocarcinoma in situ,textbooks,AIS,True,1,https://storage.googleapis.com/pathology-hub-public-figures-830130787988/textbook_figures_web_v1/gyn_essentials/gyn_essentials_p0978_fig01_fig_21_15.jpeg
GYN_004,Cervical adenocarcinoma in situ,textbooks,AIS,True,2,https://storage.googleapis.com/pathology-hub-0/_asset_library/textbooks/Gyn_Essentials/page_images/Gyn_Essentials_page_0978.png
GYN_004,Cervical adenocarcinoma in situ,textbooks,AIS,True,3,https://storage.googleapis.com/pathology-hub-public-figures-830130787988/textbook_figures_web_v1/gyn_essentials/gyn_essentials_p0978_fig02_fig_21_17.jpeg
GYN_004,Cervical adenocarcinoma in situ,textbooks,AIS,True,4,https://storage.googleapis.com/pathology-hub-public-figures-830130787988/textbook_figures_web_v1/cyto_cibas/cyto_cibas_p0049_fig02_fig_1_56.jpeg
GYN_004,Cervical adenocarcinoma in situ,textbooks,AIS,True,5,https://storage.googleapis.com/pathology-hub-0/_asset_library/textbooks/Cyto_Cibas/page_images/Cyto_Cibas_page_0049.png
GYN_004,Cervical adenocarcinoma in situ,textbooks,AIS,True,6,https://storage.googleapis.com/pathology-hub-public-figures-830130787988/textbook_figures_web_v1/cyto_cibas/cyto_cibas_p0050_fig01_fig_1_57.jpeg
GYN_004,Cervical adenocarcinoma in situ,textbooks,AIS,True,7,https://storage.googleapis.com/pathology-hub-0/_asset_library/textbooks/Cyto_Cibas/page_images/Cyto_Cibas_page_0050.png
GYN_004,Cervical adenocarcinoma in situ,textbooks,AIS,True,8,https://storage.googleapis.com/pathology-hub-public-figures-830130787988/textbook_figures_web_v1/cyto_comprehensive_part_one/cyto_comprehensive_part_one_p0197_fig01_fig_9_10.png
GYN_004,Cervical adenocarcinoma in situ,textbooks,AIS,True,9,https://storage.googleapis.com/pathology-hub-public-figures-830130787988/textbook_figures_web_v1/gyn_essentials/gyn_essentials_p0978_fig03_fig_21_16.jpeg
GYN_004,Cervical adenocarcinoma in situ,textbooks,AIS,True,10,https://storage.googleapis.com/pathology-hub-public-figures-830130787988/textbook_figures_web_v1/gyn_essentials/gyn_essentials_p0978_fig04_unidentified.jpeg
GYN_004,Cervical adenocarcinoma in situ,textbooks,AIS,True,11,https://storage.googleapis.com/pathology-hub-public-figures-830130787988/textbook_figures_web_v1/cyto_cibas/cyto_cibas_p0049_fig01_fig_1_55.jpeg
GYN_004,Cervical adenocarcinoma in situ,textbooks,AIS,True,12,https://storage.googleapis.com/pathology-hub-public-figures-830130787988/textbook_figures_web_v1/cyto_cibas/cyto_cibas_p0049_fig03_unidentified.jpeg
GYN_004,Cervical adenocarcinoma in situ,textbooks,AIS,True,13,https://storage.googleapis.com/pathology-hub-public-figures-830130787988/textbook_figures_web_v1/cyto_cibas/cyto_cibas_p0049_fig04_unidentified.jpeg
GYN_004,Cervical adenocarcinoma in situ,textbooks,AIS,True,14,https://storage.googleapis.com/pathology-hub-0/_asset_library/textbooks/Gyn_Atlas_Part_One/page_images/Gyn_Atlas_Part_One_page_0169.png
GYN_004,Cervical adenocarcinoma in situ,textbooks,AIS,True,15,https://storage.googleapis.com/pathology-hub-0/_asset_library/textbooks/Cyto_Cibas/page_images/Cyto_Cibas_page_0048.png
GYN_004,Cervical adenocarcinoma in situ,who,Cervical adenocarcinoma in situ cervix,True,1,https://storage.googleapis.com/pathology-hub-0/WHO/WHO_PICS/GYN/13572.jpg
GYN_004,Cervical adenocarcinoma in situ,who,Cervical adenocarcinoma in situ cervix,True,2,https://storage.googleapis.com/pathology-hub-0/WHO/WHO_PICS/GYN/0_0.jpeg
GYN_004,Cervical adenocarcinoma in situ,who,Cervical adenocarcinoma in situ cervix,True,3,https://storage.googleapis.com/pathology-hub-0/WHO/WHO_PICS/GYN/13357.jpg
GYN_004,Cervical adenocarcinoma in situ,who,Cervical adenocarcinoma in situ cervix,True,4,https://storage.googleapis.com/pathology-hub-0/WHO/WHO_HTML/GU/Metastasis_To_The_Urinary_Tract.html
GYN_004,Cervical adenocarcinoma in situ,who,Cervical adenocarcinoma in situ cervix,True,5,https://storage.googleapis.com/pathology-hub-0/WHO/WHO_HTML/GYN/Other_Adenocarcinomas_Of_The_Uterine_Cervix.html
GYN_004,Cervical adenocarcinoma in situ,who,Cervical adenocarcinoma in situ cervix,True,6,https://storage.googleapis.com/pathology-hub-0/WHO/WHO_HTML/GYN/Adenocarcinoma_In_Situ_Hpv_Independent_Of_The_Uterine_Cervix.html
GYN_004,Cervical adenocarcinoma in situ,pathout,Cervical adenocarcinoma in situ cervix,True,1,https://www.pathologyoutlines.com/thumb/cervixAISnih01.jpg
GYN_004,Cervical adenocarcinoma in situ,pathout,Cervical adenocarcinoma in situ cervix,True,2,https://www.pathologyoutlines.com/imgau/cervixAIS_Turashvili01.jpg
GYN_004,Cervical adenocarcinoma in situ,pathout,Cervical adenocarcinoma in situ cervix,True,3,https://www.pathologyoutlines.com/imgau/cervixAIS_Turashvili02.jpg
GYN_004,Cervical adenocarcinoma in situ,pathout,Cervical adenocarcinoma in situ cervix,True,4,https://www.pathologyoutlines.com/imgau/cervixAIS_Turashvili03.jpg
GYN_004,Cervical adenocarcinoma in situ,textbooks,Cervical adenocarcinoma in situ cervix,True,1,https://storage.googleapis.com/pathology-hub-public-figures-830130787988/textbook_figures_web_v1/molecular_vasef/molecular_vasef_p0725_fig02_unidentified.jpeg
GYN_004,Cervical adenocarcinoma in situ,textbooks,Cervical adenocarcinoma in situ cervix,True,2,https://storage.googleapis.com/pathology-hub-0/_asset_library/textbooks/Molecular_Vasef/page_images/Molecular_Vasef_page_0725.png
GYN_004,Cervical adenocarcinoma in situ,textbooks,Cervical adenocarcinoma in situ cervix,True,3,https://storage.googleapis.com/pathology-hub-public-figures-830130787988/textbook_figures_web_v1/molecular_vasef/molecular_vasef_p0725_fig01_unidentified.jpeg
GYN_004,Cervical adenocarcinoma in situ,textbooks,Cervical adenocarcinoma in situ cervix,True,4,https://storage.googleapis.com/pathology-hub-public-figures-830130787988/textbook_figures_web_v1/molecular_vasef/molecular_vasef_p0725_fig03_unidentified.jpeg
GYN_004,Cervical adenocarcinoma in situ,textbooks,Cervical adenocarcinoma in situ cervix,True,5,https://storage.googleapis.com/pathology-hub-public-figures-830130787988/textbook_figures_web_v1/molecular_vasef/molecular_vasef_p0725_fig04_unidentified.jpeg
GYN_004,Cervical adenocarcinoma in situ,textbooks,Cervical adenocarcinoma in situ cervix,True,6,https://storage.googleapis.com/pathology-hub-public-figures-830130787988/textbook_figures_web_v1/molecular_vasef/molecular_vasef_p0725_fig05_unidentified.jpeg
GYN_004,Cervical adenocarcinoma in situ,textbooks,Cervical adenocarcinoma in situ cervix,True,7,https://storage.googleapis.com/pathology-hub-public-figures-830130787988/textbook_figures_web_v1/molecular_vasef/molecular_vasef_p0725_fig06_unidentified.jpeg
GYN_004,Cervical adenocarcinoma in situ,textbooks,Cervical adenocarcinoma in situ cervix,True,8,https://storage.googleapis.com/pathology-hub-public-figures-830130787988/textbook_figures_web_v1/molecular_vasef/molecular_vasef_p0725_fig07_unidentified.jpeg
GYN_004,Cervical adenocarcinoma in situ,textbooks,Cervical adenocarcinoma in situ cervix,True,9,https://storage.googleapis.com/pathology-hub-public-figures-830130787988/textbook_figures_web_v1/molecular_vasef/molecular_vasef_p0725_fig08_unidentified.jpeg
GYN_004,Cervical adenocarcinoma in situ,textbooks,Cervical adenocarcinoma in situ cervix,True,10,https://storage.googleapis.com/pathology-hub-public-figures-830130787988/textbook_figures_web_v1/molecular_vasef/molecular_vasef_p0725_fig09_unidentified.jpeg
GYN_004,Cervical adenocarcinoma in situ,textbooks,Cervical adenocarcinoma in situ cervix,True,11,https://storage.googleapis.com/pathology-hub-public-figures-830130787988/textbook_figures_web_v1/cyto_comprehensive_part_one/cyto_comprehensive_part_one_p0225_fig01_unidentified.png
GYN_004,Cervical adenocarcinoma in situ,textbooks,Cervical adenocarcinoma in situ cervix,True,12,https://storage.googleapis.com/pathology-hub-0/_asset_library/textbooks/Gyn_Essentials/page_images/Gyn_Essentials_page_0247.png
GYN_004,Cervical adenocarcinoma in situ,textbooks,Cervical adenocarcinoma in situ cervix,True,13,https://storage.googleapis.com/pathology-hub-0/_asset_library/textbooks/Gyn_Essentials/page_images/Gyn_Essentials_page_0253.png
GYN_004,Cervical adenocarcinoma in situ,textbooks,Cervical adenocarcinoma in situ cervix,True,14,https://storage.googleapis.com/pathology-hub-0/_asset_library/textbooks/Gyn_Essentials/page_images/Gyn_Essentials_page_0206.png
GYN_004,Cervical adenocarcinoma in situ,who,Cervical adenocarcinoma in situ endocervical glandular,True,1,https://storage.googleapis.com/pathology-hub-0/WHO/WHO_PICS/GYN/13357.jpg
GYN_004,Cervical adenocarcinoma in situ,who,Cervical adenocarcinoma in situ endocervical glandular,True,2,https://storage.googleapis.com/pathology-hub-0/WHO/WHO_PICS/GYN/0_0.jpeg
GYN_004,Cervical adenocarcinoma in situ,who,Cervical adenocarcinoma in situ endocervical glandular,True,3,https://storage.googleapis.com/pathology-hub-0/WHO/WHO_PICS/GYN/8565.jpg
GYN_004,Cervical adenocarcinoma in situ,who,Cervical adenocarcinoma in situ endocervical glandular,True,4,https://storage.googleapis.com/pathology-hub-0/WHO/WHO_PICS/GYN/8566.jpg
GYN_004,Cervical adenocarcinoma in situ,who,Cervical adenocarcinoma in situ endocervical glandular,True,5,https://storage.googleapis.com/pathology-hub-0/WHO/WHO_HTML/GYN/Other_Adenocarcinomas_Of_The_Uterine_Cervix.html
GYN_004,Cervical adenocarcinoma in situ,who,Cervical adenocarcinoma in situ endocervical glandular,True,6,https://storage.googleapis.com/pathology-hub-0/WHO/WHO_HTML/GYN/Adenocarcinoma_Hpv_Associated_Of_The_Vagina.html
GYN_004,Cervical adenocarcinoma in situ,who,Cervical adenocarcinoma in situ endocervical glandular,True,7,https://storage.googleapis.com/pathology-hub-0/WHO/WHO_HTML/GYN/Tunnel_Clusters.html
GYN_004,Cervical adenocarcinoma in situ,who,Cervical adenocarcinoma in situ endocervical glandular,True,8,https://storage.googleapis.com/pathology-hub-0/WHO/WHO_HTML/GYN/Lobular_Endocervical_Glandular_Hyperplasia.html
GYN_004,Cervical adenocarcinoma in situ,who,Cervical adenocarcinoma in situ endocervical glandular,True,9,https://storage.googleapis.com/pathology-hub-0/WHO/WHO_HTML/GYN/Adenocarcinoma_In_Situ_Hpv_Independent_Of_The_Uterine_Cervix.html
GYN_004,Cervical adenocarcinoma in situ,pathout,Cervical adenocarcinoma in situ endocervical glandular,True,1,https://www.pathologyoutlines.com/thumb/cervixAISnih01.jpg
GYN_004,Cervical adenocarcinoma in situ,pathout,Cervical adenocarcinoma in situ endocervical glandular,True,2,https://www.pathologyoutlines.com/imgau/cervixAIS_Turashvili01.jpg
GYN_004,Cervical adenocarcinoma in situ,pathout,Cervical adenocarcinoma in situ endocervical glandular,True,3,https://www.pathologyoutlines.com/imgau/cervixAIS_Turashvili02.jpg
GYN_004,Cervical adenocarcinoma in situ,pathout,Cervical adenocarcinoma in situ endocervical glandular,True,4,https://www.pathologyoutlines.com/imgau/cervixAIS_Turashvili03.jpg
GYN_004,Cervical adenocarcinoma in situ,textbooks,Cervical adenocarcinoma in situ endocervical glandular,True,1,https://storage.googleapis.com/pathology-hub-public-figures-830130787988/textbook_figures_web_v1/cyto_cibas/cyto_cibas_p0049_fig02_fig_1_56.jpeg
GYN_004,Cervical adenocarcinoma in situ,textbooks,Cervical adenocarcinoma in situ endocervical glandular,True,2,https://storage.googleapis.com/pathology-hub-0/_asset_library/textbooks/Cyto_Cibas/page_images/Cyto_Cibas_page_0049.png
GYN_004,Cervical adenocarcinoma in situ,textbooks,Cervical adenocarcinoma in situ endocervical glandular,True,3,https://storage.googleapis.com/pathology-hub-public-figures-830130787988/textbook_figures_web_v1/cyto_comprehensive_part_one/cyto_comprehensive_part_one_p0205_fig02_figure_9_19.jpg
GYN_004,Cervical adenocarcinoma in situ,textbooks,Cervical adenocarcinoma in situ endocervical glandular,True,4,https://storage.googleapis.com/pathology-hub-0/_asset_library/textbooks/Cyto_Comprehensive_Part_One/page_images/Cyto_Comprehensive_Part_One_page_0205.png
GYN_004,Cervical adenocarcinoma in situ,textbooks,Cervical adenocarcinoma in situ endocervical glandular,True,5,https://storage.googleapis.com/pathology-hub-public-figures-830130787988/textbook_figures_web_v1/cyto_cibas/cyto_cibas_p0049_fig01_fig_1_55.jpeg
GYN_004,Cervical adenocarcinoma in situ,textbooks,Cervical adenocarcinoma in situ endocervical glandular,True,6,https://storage.googleapis.com/pathology-hub-public-figures-830130787988/textbook_figures_web_v1/cyto_cibas/cyto_cibas_p0049_fig03_unidentified.jpeg
GYN_004,Cervical adenocarcinoma in situ,textbooks,Cervical adenocarcinoma in situ endocervical glandular,True,7,https://storage.googleapis.com/pathology-hub-public-figures-830130787988/textbook_figures_web_v1/cyto_cibas/cyto_cibas_p0049_fig04_unidentified.jpeg
GYN_004,Cervical adenocarcinoma in situ,textbooks,Cervical adenocarcinoma in situ endocervical glandular,True,8,https://storage.googleapis.com/pathology-hub-public-figures-830130787988/textbook_figures_web_v1/cyto_cibas/cyto_cibas_p0049_fig05_unidentified.jpeg
GYN_004,Cervical adenocarcinoma in situ,textbooks,Cervical adenocarcinoma in situ endocervical glandular,True,9,https://storage.googleapis.com/pathology-hub-public-figures-830130787988/textbook_figures_web_v1/cyto_comprehensive_part_one/cyto_comprehensive_part_one_p0225_fig01_unidentified.png
GYN_004,Cervical adenocarcinoma in situ,textbooks,Cervical adenocarcinoma in situ endocervical glandular,True,10,https://storage.googleapis.com/pathology-hub-public-figures-830130787988/textbook_figures_web_v1/cyto_comprehensive_part_one/cyto_comprehensive_part_one_p0226_fig01_unidentified.png
GYN_004,Cervical adenocarcinoma in situ,textbooks,Cervical adenocarcinoma in situ endocervical glandular,True,11,https://storage.googleapis.com/pathology-hub-public-figures-830130787988/textbook_figures_web_v1/gyn_essentials/gyn_essentials_p0803_fig01_fig_17_58.jpeg
GYN_004,Cervical adenocarcinoma in situ,textbooks,Cervical adenocarcinoma in situ endocervical glandular,True,12,https://storage.googleapis.com/pathology-hub-0/_asset_library/textbooks/Gyn_Essentials/page_images/Gyn_Essentials_page_0803.png
GYN_004,Cervical adenocarcinoma in situ,textbooks,Cervical adenocarcinoma in situ endocervical glandular,True,13,https://storage.googleapis.com/pathology-hub-public-figures-830130787988/textbook_figures_web_v1/gyn_essentials/gyn_essentials_p0803_fig02_fig_17_59.jpeg
GYN_004,Cervical adenocarcinoma in situ,textbooks,Cervical adenocarcinoma in situ endocervical glandular,True,14,https://storage.googleapis.com/pathology-hub-0/_asset_library/textbooks/Gyn_Essentials/page_images/Gyn_Essentials_page_0915.png
GYN_005,Vulvar lichen sclerosus,who,Vulvar lichen sclerosus,True,1,https://storage.googleapis.com/pathology-hub-0/WHO/WHO_PICS/GYN/10274.jpg
GYN_005,Vulvar lichen sclerosus,who,Vulvar lichen sclerosus,True,2,https://storage.googleapis.com/pathology-hub-0/WHO/WHO_PICS/GYN/10276.jpg
GYN_005,Vulvar lichen sclerosus,who,Vulvar lichen sclerosus,True,3,https://storage.googleapis.com/pathology-hub-0/WHO/WHO_PICS/GYN/10280.jpg
GYN_005,Vulvar lichen sclerosus,who,Vulvar lichen sclerosus,True,4,https://storage.googleapis.com/pathology-hub-0/WHO/WHO_PICS/GYN/10285.jpg
GYN_005,Vulvar lichen sclerosus,who,Vulvar lichen sclerosus,True,5,https://storage.googleapis.com/pathology-hub-0/WHO/WHO_HTML/GYN/Squamous_Cell_Carcinoma_Hpv_Independent_Of_The_Vulva.html
GYN_005,Vulvar lichen sclerosus,who,Vulvar lichen sclerosus,True,6,https://storage.googleapis.com/pathology-hub-0/WHO/WHO_HTML/GYN/Vulvar_Intraepithelial_Neoplasia_Hpv_Independent.html
GYN_005,Vulvar lichen sclerosus,pathout,Vulvar lichen sclerosus,True,1,https://www.pathologyoutlines.com/thumb/vulvalichensclerosus_aafp01.jpg
GYN_005,Vulvar lichen sclerosus,pathout,Vulvar lichen sclerosus,True,2,https://www.pathologyoutlines.com/thumb/vulvalichensclerosus_aafp02.jpg
GYN_005,Vulvar lichen sclerosus,pathout,Vulvar lichen sclerosus,True,3,https://www.pathologyoutlines.com/imgau/vulvalichensclerosus_Huvila001.jpg
GYN_005,Vulvar lichen sclerosus,pathout,Vulvar lichen sclerosus,True,4,https://www.pathologyoutlines.com/imgau/vulvalichensclerosus_Huvila02.jpg
GYN_005,Vulvar lichen sclerosus,textbooks,Vulvar lichen sclerosus,True,1,https://storage.googleapis.com/pathology-hub-public-figures-830130787988/textbook_figures_web_v1/gyn_essentials/gyn_essentials_p0067_fig01_fig_2_10.jpeg
GYN_005,Vulvar lichen sclerosus,textbooks,Vulvar lichen sclerosus,True,2,https://storage.googleapis.com/pathology-hub-0/_asset_library/textbooks/Gyn_Essentials/page_images/Gyn_Essentials_page_0067.png
GYN_005,Vulvar lichen sclerosus,textbooks,Vulvar lichen sclerosus,True,3,https://storage.googleapis.com/pathology-hub-public-figures-830130787988/textbook_figures_web_v1/gyn_atlas_part_one/gyn_atlas_part_one_p0016_fig04_fig_1_15.jpeg
GYN_005,Vulvar lichen sclerosus,textbooks,Vulvar lichen sclerosus,True,4,https://storage.googleapis.com/pathology-hub-0/_asset_library/textbooks/Gyn_Atlas_Part_One/page_images/Gyn_Atlas_Part_One_page_0016.png
GYN_005,Vulvar lichen sclerosus,textbooks,Vulvar lichen sclerosus,True,5,https://storage.googleapis.com/pathology-hub-public-figures-830130787988/textbook_figures_web_v1/gyn_atlas_part_one/gyn_atlas_part_one_p0016_fig01_fig_1_12.jpeg
GYN_005,Vulvar lichen sclerosus,textbooks,Vulvar lichen sclerosus,True,6,https://storage.googleapis.com/pathology-hub-public-figures-830130787988/textbook_figures_web_v1/gyn_atlas_part_one/gyn_atlas_part_one_p0016_fig02_fig_1_13.jpeg
GYN_005,Vulvar lichen sclerosus,textbooks,Vulvar lichen sclerosus,True,7,https://storage.googleapis.com/pathology-hub-public-figures-830130787988/textbook_figures_web_v1/gyn_atlas_part_one/gyn_atlas_part_one_p0016_fig03_fig_1_14.jpeg
GYN_005,Vulvar lichen sclerosus,textbooks,Vulvar lichen sclerosus,True,8,https://storage.googleapis.com/pathology-hub-0/_asset_library/textbooks/Gyn_Essentials/page_images/Gyn_Essentials_page_0011.png
GYN_005,Vulvar lichen sclerosus,textbooks,Vulvar lichen sclerosus,True,9,https://storage.googleapis.com/pathology-hub-0/_asset_library/textbooks/Gyn_Essentials/page_images/Gyn_Essentials_page_0031.png
GYN_005,Vulvar lichen sclerosus,textbooks,Vulvar lichen sclerosus,True,10,https://storage.googleapis.com/pathology-hub-0/_asset_library/textbooks/Gyn_Essentials/page_images/Gyn_Essentials_page_0023.png
GYN_005,Vulvar lichen sclerosus,textbooks,Vulvar lichen sclerosus,True,11,https://storage.googleapis.com/pathology-hub-0/_asset_library/textbooks/Molecular_Vasef/page_images/Molecular_Vasef_page_0727.png
GYN_005,Vulvar lichen sclerosus,who,Vulvar lichen sclerosus vulva,True,1,https://storage.googleapis.com/pathology-hub-0/WHO/WHO_PICS/GYN/10539.jpg
GYN_005,Vulvar lichen sclerosus,who,Vulvar lichen sclerosus vulva,True,2,https://storage.googleapis.com/pathology-hub-0/WHO/WHO_PICS/GYN/10541.jpg
GYN_005,Vulvar lichen sclerosus,who,Vulvar lichen sclerosus vulva,True,3,https://storage.googleapis.com/pathology-hub-0/WHO/WHO_PICS/GYN/10542.jpg
GYN_005,Vulvar lichen sclerosus,who,Vulvar lichen sclerosus vulva,True,4,https://storage.googleapis.com/pathology-hub-0/WHO/WHO_HTML/GYN/Squamous_Cell_Carcinoma_Hpv_Independent_Of_The_Vulva.html
GYN_005,Vulvar lichen sclerosus,pathout,Vulvar lichen sclerosus vulva,True,1,https://www.pathologyoutlines.com/thumb/vulvalichensclerosus_aafp01.jpg
GYN_005,Vulvar lichen sclerosus,pathout,Vulvar lichen sclerosus vulva,True,2,https://www.pathologyoutlines.com/thumb/vulvalichensclerosus_aafp02.jpg
GYN_005,Vulvar lichen sclerosus,pathout,Vulvar lichen sclerosus vulva,True,3,https://www.pathologyoutlines.com/imgau/vulvalichensclerosus_Huvila001.jpg
GYN_005,Vulvar lichen sclerosus,pathout,Vulvar lichen sclerosus vulva,True,4,https://www.pathologyoutlines.com/imgau/vulvalichensclerosus_Huvila02.jpg
GYN_005,Vulvar lichen sclerosus,textbooks,Vulvar lichen sclerosus vulva,True,1,https://storage.googleapis.com/pathology-hub-public-figures-830130787988/textbook_figures_web_v1/cyto_comprehensive_part_one/cyto_comprehensive_part_one_p0254_fig01_figure_11_4.png
GYN_005,Vulvar lichen sclerosus,textbooks,Vulvar lichen sclerosus vulva,True,2,https://storage.googleapis.com/pathology-hub-0/_asset_library/textbooks/Cyto_Comprehensive_Part_One/page_images/Cyto_Comprehensive_Part_One_page_0254.png
GYN_005,Vulvar lichen sclerosus,textbooks,Vulvar lichen sclerosus vulva,True,3,https://storage.googleapis.com/pathology-hub-public-figures-830130787988/textbook_figures_web_v1/gyn_essentials/gyn_essentials_p0067_fig01_fig_2_10.jpeg
GYN_005,Vulvar lichen sclerosus,textbooks,Vulvar lichen sclerosus vulva,True,4,https://storage.googleapis.com/pathology-hub-0/_asset_library/textbooks/Gyn_Essentials/page_images/Gyn_Essentials_page_0067.png
GYN_005,Vulvar lichen sclerosus,textbooks,Vulvar lichen sclerosus vulva,True,5,https://storage.googleapis.com/pathology-hub-public-figures-830130787988/textbook_figures_web_v1/cyto_comprehensive_part_one/cyto_comprehensive_part_one_p0254_fig02_figure_11_5.jpg
GYN_005,Vulvar lichen sclerosus,textbooks,Vulvar lichen sclerosus vulva,True,6,https://storage.googleapis.com/pathology-hub-public-figures-830130787988/textbook_figures_web_v1/cyto_comprehensive_part_one/cyto_comprehensive_part_one_p0254_fig03_fig_11_4.jpg
GYN_005,Vulvar lichen sclerosus,textbooks,Vulvar lichen sclerosus vulva,True,7,https://storage.googleapis.com/pathology-hub-public-figures-830130787988/textbook_figures_web_v1/cyto_comprehensive_part_one/cyto_comprehensive_part_one_p0254_fig04_unidentified.jpg
GYN_005,Vulvar lichen sclerosus,textbooks,Vulvar lichen sclerosus vulva,True,8,https://storage.googleapis.com/pathology-hub-0/_asset_library/textbooks/Gyn_Essentials/page_images/Gyn_Essentials_page_0011.png
GYN_005,Vulvar lichen sclerosus,textbooks,Vulvar lichen sclerosus vulva,True,9,https://storage.googleapis.com/pathology-hub-0/_asset_library/textbooks/Gyn_Essentials/page_images/Gyn_Essentials_page_0034.png
GYN_005,Vulvar lichen sclerosus,textbooks,Vulvar lichen sclerosus vulva,True,10,https://storage.googleapis.com/pathology-hub-0/_asset_library/textbooks/Gyn_Essentials/page_images/Gyn_Essentials_page_0031.png
GYN_005,Vulvar lichen sclerosus,textbooks,Vulvar lichen sclerosus vulva,True,11,https://storage.googleapis.com/pathology-hub-0/_asset_library/textbooks/Gyn_Essentials/page_images/Gyn_Essentials_page_0024.png
GYN_005,Vulvar lichen sclerosus,textbooks,Vulvar lichen sclerosus vulva,True,12,https://storage.googleapis.com/pathology-hub-0/_asset_library/textbooks/Molecular_Vasef/page_images/Molecular_Vasef_page_0727.png
GYN_005,Vulvar lichen sclerosus,who,Vulvar lichen sclerosus sclerosis,True,1,https://storage.googleapis.com/pathology-hub-0/WHO/WHO_PICS/SKIN/34264.jpg
GYN_005,Vulvar lichen sclerosus,who,Vulvar lichen sclerosus sclerosis,True,2,https://storage.googleapis.com/pathology-hub-0/WHO/WHO_PICS/SKIN/34266.jpg
GYN_005,Vulvar lichen sclerosus,who,Vulvar lichen sclerosus sclerosis,True,3,https://storage.googleapis.com/pathology-hub-0/WHO/WHO_PICS/SKIN/0_0.jpeg
GYN_005,Vulvar lichen sclerosus,who,Vulvar lichen sclerosus sclerosis,True,4,https://storage.googleapis.com/pathology-hub-0/WHO/WHO_PICS/GYN/10274.jpg
GYN_005,Vulvar lichen sclerosus,who,Vulvar lichen sclerosus sclerosis,True,5,https://storage.googleapis.com/pathology-hub-0/WHO/WHO_HTML/SKIN/Lichen_Planus_Like_Keratosis.html
GYN_005,Vulvar lichen sclerosus,who,Vulvar lichen sclerosus sclerosis,True,6,https://storage.googleapis.com/pathology-hub-0/WHO/WHO_HTML/GYN/Vulvar_Intraepithelial_Neoplasia_Hpv_Independent.html
GYN_005,Vulvar lichen sclerosus,who,Vulvar lichen sclerosus sclerosis,True,7,https://storage.googleapis.com/pathology-hub-0/WHO/WHO_HTML/GYN/Squamous_Cell_Carcinoma_Hpv_Independent_Of_The_Vulva.html
GYN_005,Vulvar lichen sclerosus,pathout,Vulvar lichen sclerosus sclerosis,True,1,https://www.pathologyoutlines.com/thumb/vulvalichensclerosus_aafp01.jpg
GYN_005,Vulvar lichen sclerosus,pathout,Vulvar lichen sclerosus sclerosis,True,2,https://www.pathologyoutlines.com/thumb/vulvalichensclerosus_aafp02.jpg
GYN_005,Vulvar lichen sclerosus,pathout,Vulvar lichen sclerosus sclerosis,True,3,https://www.pathologyoutlines.com/imgau/vulvalichensclerosus_Huvila001.jpg
GYN_005,Vulvar lichen sclerosus,pathout,Vulvar lichen sclerosus sclerosis,True,4,https://www.pathologyoutlines.com/imgau/vulvalichensclerosus_Huvila02.jpg
GYN_005,Vulvar lichen sclerosus,textbooks,Vulvar lichen sclerosus sclerosis,True,1,https://storage.googleapis.com/pathology-hub-public-figures-830130787988/textbook_figures_web_v1/gyn_atlas_part_one/gyn_atlas_part_one_p0016_fig04_fig_1_15.jpeg
GYN_005,Vulvar lichen sclerosus,textbooks,Vulvar lichen sclerosus sclerosis,True,2,https://storage.googleapis.com/pathology-hub-0/_asset_library/textbooks/Gyn_Atlas_Part_One/page_images/Gyn_Atlas_Part_One_page_0016.png
GYN_005,Vulvar lichen sclerosus,textbooks,Vulvar lichen sclerosus sclerosis,True,3,https://storage.googleapis.com/pathology-hub-public-figures-830130787988/textbook_figures_web_v1/gyn_essentials/gyn_essentials_p0033_fig01_fig_1_21.jpeg
GYN_005,Vulvar lichen sclerosus,textbooks,Vulvar lichen sclerosus sclerosis,True,4,https://storage.googleapis.com/pathology-hub-0/_asset_library/textbooks/Gyn_Essentials/page_images/Gyn_Essentials_page_0033.png
GYN_005,Vulvar lichen sclerosus,textbooks,Vulvar lichen sclerosus sclerosis,True,5,https://storage.googleapis.com/pathology-hub-public-figures-830130787988/textbook_figures_web_v1/gyn_atlas_part_one/gyn_atlas_part_one_p0016_fig01_fig_1_12.jpeg
GYN_005,Vulvar lichen sclerosus,textbooks,Vulvar lichen sclerosus sclerosis,True,6,https://storage.googleapis.com/pathology-hub-public-figures-830130787988/textbook_figures_web_v1/gyn_atlas_part_one/gyn_atlas_part_one_p0016_fig02_fig_1_13.jpeg
GYN_005,Vulvar lichen sclerosus,textbooks,Vulvar lichen sclerosus sclerosis,True,7,https://storage.googleapis.com/pathology-hub-public-figures-830130787988/textbook_figures_web_v1/gyn_atlas_part_one/gyn_atlas_part_one_p0016_fig03_fig_1_14.jpeg
GYN_005,Vulvar lichen sclerosus,textbooks,Vulvar lichen sclerosus sclerosis,True,8,https://storage.googleapis.com/pathology-hub-public-figures-830130787988/textbook_figures_web_v1/gyn_atlas_part_one/gyn_atlas_part_one_p0019_fig01_fig_1_19.jpeg
GYN_005,Vulvar lichen sclerosus,textbooks,Vulvar lichen sclerosus sclerosis,True,9,https://storage.googleapis.com/pathology-hub-0/_asset_library/textbooks/Gyn_Atlas_Part_One/page_images/Gyn_Atlas_Part_One_page_0019.png
GYN_005,Vulvar lichen sclerosus,textbooks,Vulvar lichen sclerosus sclerosis,True,10,https://storage.googleapis.com/pathology-hub-public-figures-830130787988/textbook_figures_web_v1/gyn_essentials/gyn_essentials_p0033_fig02_unidentified.jpeg
GYN_005,Vulvar lichen sclerosus,textbooks,Vulvar lichen sclerosus sclerosis,True,11,https://storage.googleapis.com/pathology-hub-0/_asset_library/textbooks/Gyn_Essentials/page_images/Gyn_Essentials_page_0011.png
GYN_005,Vulvar lichen sclerosus,textbooks,Vulvar lichen sclerosus sclerosis,True,12,https://storage.googleapis.com/pathology-hub-0/_asset_library/textbooks/Gyn_Essentials/page_images/Gyn_Essentials_page_0031.png
SKIN_001,Bullous pemphigoid,who,Bullous pemphigoid,True,1,https://storage.googleapis.com/pathology-hub-0/WHO/WHO_PICS/PEDS/19690.jpg
SKIN_001,Bullous pemphigoid,who,Bullous pemphigoid,True,2,https://storage.googleapis.com/pathology-hub-0/WHO/WHO_PICS/PEDS/23686.jpg
SKIN_001,Bullous pemphigoid,who,Bullous pemphigoid,True,3,https://storage.googleapis.com/pathology-hub-0/WHO/WHO_PICS/PEDS/23687.jpg
SKIN_001,Bullous pemphigoid,who,Bullous pemphigoid,True,4,https://storage.googleapis.com/pathology-hub-0/WHO/WHO_PICS/PEDS/23688.jpg
SKIN_001,Bullous pemphigoid,who,Bullous pemphigoid,True,5,https://storage.googleapis.com/pathology-hub-0/WHO/WHO_HTML/SKIN/Pilomatricoma.html
SKIN_001,Bullous pemphigoid,who,Bullous pemphigoid,True,6,https://storage.googleapis.com/pathology-hub-0/WHO/WHO_HTML/PEDS/Pilomatricoma.html
SKIN_001,Bullous pemphigoid,pathout,Bullous pemphigoid,True,1,https://www.pathologyoutlines.com/thumb/skinnontumorbullouspemphigoidnih01.jpg
SKIN_001,Bullous pemphigoid,pathout,Bullous pemphigoid,True,2,https://www.pathologyoutlines.com/thumb/skinnontumorbullouspemphigoidnih02.jpg
SKIN_001,Bullous pemphigoid,pathout,Bullous pemphigoid,True,3,https://www.pathologyoutlines.com/imgau/skinnontumorbullouspemphigoidKim01.jpg
SKIN_001,Bullous pemphigoid,pathout,Bullous pemphigoid,True,4,https://www.pathologyoutlines.com/imgau/skinnontumorbullouspemphigoidKim02.jpg
SKIN_001,Bullous pemphigoid,textbooks,Bullous pemphigoid,True,1,https://storage.googleapis.com/pathology-hub-public-figures-830130787988/textbook_figures_web_v1/derm_levers/derm_levers_p0677_fig01_unidentified.jpeg
SKIN_001,Bullous pemphigoid,who,Bullous pemphigoid skin,True,1,https://storage.googleapis.com/pathology-hub-0/WHO/WHO_PICS/SKIN/35717.jpg
SKIN_001,Bullous pemphigoid,who,Bullous pemphigoid skin,True,2,https://storage.googleapis.com/pathology-hub-0/WHO/WHO_PICS/SKIN/35719.jpg
SKIN_001,Bullous pemphigoid,who,Bullous pemphigoid skin,True,3,https://storage.googleapis.com/pathology-hub-0/WHO/WHO_PICS/SKIN/35720.jpg
SKIN_001,Bullous pemphigoid,who,Bullous pemphigoid skin,True,4,https://storage.googleapis.com/pathology-hub-0/WHO/WHO_PICS/SKIN/42077.jpg
SKIN_001,Bullous pemphigoid,who,Bullous pemphigoid skin,True,5,https://storage.googleapis.com/pathology-hub-0/WHO/WHO_HTML/SKIN/Melanoma_Metastatic_To_The_Skin.html
SKIN_001,Bullous pemphigoid,who,Bullous pemphigoid skin,True,6,https://storage.googleapis.com/pathology-hub-0/WHO/WHO_HTML/SKIN/Metastases_To_Skin.html
SKIN_001,Bullous pemphigoid,who,Bullous pemphigoid skin,True,7,https://storage.googleapis.com/pathology-hub-0/WHO/WHO_HTML/SKIN/Pilomatricoma.html
SKIN_001,Bullous pemphigoid,who,Bullous pemphigoid skin,True,8,https://storage.googleapis.com/pathology-hub-0/WHO/WHO_HTML/PEDS/Pilomatricoma.html
SKIN_001,Bullous pemphigoid,pathout,Bullous pemphigoid skin,True,1,https://www.pathologyoutlines.com/thumb/skinnontumorbullouspemphigoidnih01.jpg
SKIN_001,Bullous pemphigoid,pathout,Bullous pemphigoid skin,True,2,https://www.pathologyoutlines.com/thumb/skinnontumorbullouspemphigoidnih02.jpg
SKIN_001,Bullous pemphigoid,pathout,Bullous pemphigoid skin,True,3,https://www.pathologyoutlines.com/imgau/skinnontumorbullouspemphigoidKim01.jpg
SKIN_001,Bullous pemphigoid,pathout,Bullous pemphigoid skin,True,4,https://www.pathologyoutlines.com/imgau/skinnontumorbullouspemphigoidKim02.jpg
SKIN_001,Bullous pemphigoid,textbooks,Bullous pemphigoid skin,True,1,https://storage.googleapis.com/pathology-hub-public-figures-830130787988/textbook_figures_web_v1/derm_elston/derm_elston_p0180_fig01_fig_9_20.jpeg
SKIN_001,Bullous pemphigoid,textbooks,Bullous pemphigoid skin,True,2,https://storage.googleapis.com/pathology-hub-public-figures-830130787988/textbook_figures_web_v1/derm_elston/derm_elston_p0180_fig02_fig_9_22.jpeg
SKIN_001,Bullous pemphigoid,textbooks,Bullous pemphigoid skin,True,3,https://storage.googleapis.com/pathology-hub-public-figures-830130787988/textbook_figures_web_v1/derm_elston/derm_elston_p0180_fig03_fig_9_21.jpeg
SKIN_001,Bullous pemphigoid,textbooks,Bullous pemphigoid skin,True,4,https://storage.googleapis.com/pathology-hub-public-figures-830130787988/textbook_figures_web_v1/derm_elston/derm_elston_p0180_fig04_fig_9_23.jpeg
SKIN_001,Bullous pemphigoid,who,Bullous pemphigoid basement membrane,True,1,https://tumourclassification.iarc.who.int/static/dzi/52/4/27116.jpg
SKIN_001,Bullous pemphigoid,who,Bullous pemphigoid basement membrane,True,2,https://tumourclassification.iarc.who.int/static/dzi/52/4/27117.jpg
SKIN_001,Bullous pemphigoid,who,Bullous pemphigoid basement membrane,True,3,https://tumourclassification.iarc.who.int/static/dzi/52/4/27118.jpg
SKIN_001,Bullous pemphigoid,who,Bullous pemphigoid basement membrane,True,4,https://tumourclassification.iarc.who.int/static/dzi/52/4/27119.jpg
SKIN_001,Bullous pemphigoid,who,Bullous pemphigoid basement membrane,True,5,https://storage.googleapis.com/pathology-hub-0/WHO/WHO_HTML/EYE/Phakomatous_Choristoma.html
SKIN_001,Bullous pemphigoid,who,Bullous pemphigoid basement membrane,True,6,https://storage.googleapis.com/pathology-hub-0/WHO/WHO_HTML/PEDS/Phakomatous_Choristoma.html
SKIN_001,Bullous pemphigoid,who,Bullous pemphigoid basement membrane,True,7,https://storage.googleapis.com/pathology-hub-0/WHO/WHO_HTML/PEDS/Sex_Cord_Tumour_With_Annular_Tubules.html
SKIN_001,Bullous pemphigoid,who,Bullous pemphigoid basement membrane,True,8,https://storage.googleapis.com/pathology-hub-0/WHO/WHO_HTML/GYN/Sex_Cord_Tumour_With_Annular_Tubules.html
SKIN_001,Bullous pemphigoid,who,Bullous pemphigoid basement membrane,True,9,https://storage.googleapis.com/pathology-hub-0/WHO/WHO_HTML/HN/Respiratory_Epithelial_Adenomatoid_Hamartoma.html
SKIN_001,Bullous pemphigoid,pathout,Bullous pemphigoid basement membrane,True,1,https://www.pathologyoutlines.com/thumb/skinnontumorbullouspemphigoidnih01.jpg
SKIN_001,Bullous pemphigoid,pathout,Bullous pemphigoid basement membrane,True,2,https://www.pathologyoutlines.com/thumb/skinnontumorbullouspemphigoidnih02.jpg
SKIN_001,Bullous pemphigoid,pathout,Bullous pemphigoid basement membrane,True,3,https://www.pathologyoutlines.com/imgau/skinnontumorbullouspemphigoidKim01.jpg
SKIN_001,Bullous pemphigoid,pathout,Bullous pemphigoid basement membrane,True,4,https://www.pathologyoutlines.com/imgau/skinnontumorbullouspemphigoidKim02.jpg
SKIN_001,Bullous pemphigoid,textbooks,Bullous pemphigoid basement membrane,True,1,https://storage.googleapis.com/pathology-hub-public-figures-830130787988/textbook_figures_web_v1/derm_levers/derm_levers_p0676_fig01_unidentified.jpeg
SKIN_001,Bullous pemphigoid,textbooks,Bullous pemphigoid basement membrane,True,2,https://storage.googleapis.com/pathology-hub-public-figures-830130787988/textbook_figures_web_v1/hn_gnepp/hn_gnepp_p0371_fig01_fig_5_33.jpeg
SKIN_001,Bullous pemphigoid,textbooks,Bullous pemphigoid basement membrane,True,3,https://storage.googleapis.com/pathology-hub-0/_asset_library/textbooks/Hn_Gnepp/page_images/Hn_Gnepp_page_0371.png
SKIN_001,Bullous pemphigoid,textbooks,Bullous pemphigoid basement membrane,True,4,https://storage.googleapis.com/pathology-hub-public-figures-830130787988/textbook_figures_web_v1/hn_gnepp/hn_gnepp_p0371_fig02_fig_5_33b.jpeg
SKIN_001,Bullous pemphigoid,textbooks,Bullous pemphigoid basement membrane,True,5,https://pathology-hub-v04-v0-2-staging-vorn5q2kga-uc.a.run.app/figures/textbook?u=Z3M6Ly9wYXRob2xvZ3lfaHViLzAxX3N0YWdlZC90ZXh0Ym9va3MvYXNzZXRzL2ZpZ3VyZV9pbWFnZXMvaG5fZ25lcHAvaG5fZ25lcHBfcDAzNzFfZmlnMDNfdW5pZGVudGlmaWVkLnBuZw&exp=1783364550&sig=694e2dba0ea96e261abae12caf8821ec8ae511aadf908b016200d9d684e07ee6
SKIN_001,Bullous pemphigoid,textbooks,Bullous pemphigoid basement membrane,True,6,https://storage.googleapis.com/pathology-hub-public-figures-830130787988/textbook_figures_web_v1/hn_oral/hn_oral_p0107_fig01_figure_1_29.jpeg
SKIN_001,Bullous pemphigoid,textbooks,Bullous pemphigoid basement membrane,True,7,https://storage.googleapis.com/pathology-hub-0/_asset_library/textbooks/Hn_Oral/page_images/Hn_Oral_page_0107.png
SKIN_001,Bullous pemphigoid,textbooks,Bullous pemphigoid basement membrane,True,8,https://storage.googleapis.com/pathology-hub-public-figures-830130787988/textbook_figures_web_v1/hn_oral/hn_oral_p0107_fig02_figure_1_30.jpeg
SKIN_001,Bullous pemphigoid,textbooks,Bullous pemphigoid basement membrane,True,9,https://storage.googleapis.com/pathology-hub-0/_asset_library/textbooks/Hn_Oral/page_images/Hn_Oral_page_0108.png
SKIN_002,Basal cell carcinoma,who,Basal cell carcinoma,True,1,https://storage.googleapis.com/pathology-hub-0/WHO/WHO_PICS/SKIN/34710.jpg
SKIN_002,Basal cell carcinoma,who,Basal cell carcinoma,True,2,https://storage.googleapis.com/pathology-hub-0/WHO/WHO_PICS/SKIN/34711.jpg
SKIN_002,Basal cell carcinoma,who,Basal cell carcinoma,True,3,https://storage.googleapis.com/pathology-hub-0/WHO/WHO_PICS/SKIN/34712.jpg
SKIN_002,Basal cell carcinoma,who,Basal cell carcinoma,True,4,https://storage.googleapis.com/pathology-hub-0/WHO/WHO_PICS/SKIN/34713.jpg
SKIN_002,Basal cell carcinoma,who,Basal cell carcinoma,True,5,https://storage.googleapis.com/pathology-hub-0/WHO/WHO_HTML/SKIN/Superficial_Basal_Cell_Carcinoma.html
SKIN_002,Basal cell carcinoma,who,Basal cell carcinoma,True,6,https://storage.googleapis.com/pathology-hub-0/WHO/WHO_HTML/EYE/Basal_Cell_Carcinoma.html
SKIN_002,Basal cell carcinoma,who,Basal cell carcinoma,True,7,https://storage.googleapis.com/pathology-hub-0/WHO/WHO_HTML/SKIN/Infiltrating_Basal_Cell_Carcinoma.html
SKIN_002,Basal cell carcinoma,who,Basal cell carcinoma,True,8,https://storage.googleapis.com/pathology-hub-0/WHO/WHO_HTML/SKIN/Basal_Cell_Carcinoma_With_Sarcomatoid_Differentiation.html
SKIN_002,Basal cell carcinoma,pathout,Basal cell carcinoma,True,1,https://www.pathologyoutlines.com/imgau/skintumornonmelanocyticbccclinical01.jpg
SKIN_002,Basal cell carcinoma,pathout,Basal cell carcinoma,True,2,https://www.pathologyoutlines.com/imgau/skintumornonmelanocyticbccclinical02.jpg
SKIN_002,Basal cell carcinoma,pathout,Basal cell carcinoma,True,3,https://www.pathologyoutlines.com/imgau/skintumornonmelanocyticbccclinical03.jpg
SKIN_002,Basal cell carcinoma,pathout,Basal cell carcinoma,True,4,https://www.pathologyoutlines.com/imgau/skintumornonmelanocyticbccclinical04.jpg
SKIN_002,Basal cell carcinoma,textbooks,Basal cell carcinoma,True,1,https://storage.googleapis.com/pathology-hub-public-figures-830130787988/textbook_figures_web_v1/molecular_vasef/molecular_vasef_p0788_fig01_unidentified.jpeg
SKIN_002,Basal cell carcinoma,textbooks,Basal cell carcinoma,True,2,https://storage.googleapis.com/pathology-hub-0/_asset_library/textbooks/Molecular_Vasef/page_images/Molecular_Vasef_page_0788.png
SKIN_002,Basal cell carcinoma,textbooks,Basal cell carcinoma,True,3,https://storage.googleapis.com/pathology-hub-public-figures-830130787988/textbook_figures_web_v1/derm_elston/derm_elston_p0075_fig02_fig_3_15.jpeg
SKIN_002,Basal cell carcinoma,textbooks,Basal cell carcinoma,True,4,https://storage.googleapis.com/pathology-hub-public-figures-830130787988/textbook_figures_web_v1/molecular_vasef/molecular_vasef_p0788_fig02_unidentified.jpeg
SKIN_002,Basal cell carcinoma,textbooks,Basal cell carcinoma,True,5,https://storage.googleapis.com/pathology-hub-public-figures-830130787988/textbook_figures_web_v1/molecular_vasef/molecular_vasef_p0788_fig03_unidentified.jpeg
SKIN_002,Basal cell carcinoma,textbooks,Basal cell carcinoma,True,6,https://storage.googleapis.com/pathology-hub-public-figures-830130787988/textbook_figures_web_v1/molecular_vasef/molecular_vasef_p0788_fig04_unidentified.jpeg
SKIN_002,Basal cell carcinoma,textbooks,Basal cell carcinoma,True,7,https://storage.googleapis.com/pathology-hub-public-figures-830130787988/textbook_figures_web_v1/molecular_vasef/molecular_vasef_p0788_fig05_unidentified.jpeg
SKIN_002,Basal cell carcinoma,textbooks,Basal cell carcinoma,True,8,https://storage.googleapis.com/pathology-hub-public-figures-830130787988/textbook_figures_web_v1/molecular_vasef/molecular_vasef_p0788_fig06_unidentified.jpeg
SKIN_002,Basal cell carcinoma,textbooks,Basal cell carcinoma,True,9,https://storage.googleapis.com/pathology-hub-public-figures-830130787988/textbook_figures_web_v1/derm_elston/derm_elston_p0075_fig01_fig_3_14.jpeg
SKIN_002,Basal cell carcinoma,textbooks,Basal cell carcinoma,True,10,https://storage.googleapis.com/pathology-hub-public-figures-830130787988/textbook_figures_web_v1/derm_elston/derm_elston_p0075_fig03_unidentified.jpeg
SKIN_002,Basal cell carcinoma,textbooks,Basal cell carcinoma,True,11,https://storage.googleapis.com/pathology-hub-0/_asset_library/textbooks/Molecular_Vasef/page_images/Molecular_Vasef_page_0790.png
SKIN_002,Basal cell carcinoma,who,BCC,True,1,https://storage.googleapis.com/pathology-hub-0/WHO/WHO_PICS/SKIN/38323.jpg
SKIN_002,Basal cell carcinoma,who,BCC,True,2,https://storage.googleapis.com/pathology-hub-0/WHO/WHO_PICS/SKIN/38324.jpg
SKIN_002,Basal cell carcinoma,who,BCC,True,3,https://storage.googleapis.com/pathology-hub-0/WHO/WHO_PICS/SKIN/38325.jpg
SKIN_002,Basal cell carcinoma,who,BCC,True,4,https://storage.googleapis.com/pathology-hub-0/WHO/WHO_PICS/SKIN/37267.jpg
SKIN_002,Basal cell carcinoma,who,BCC,True,5,https://storage.googleapis.com/pathology-hub-0/WHO/WHO_HTML/SKIN/Basal_Cell_Carcinoma_With_Sarcomatoid_Differentiation.html
SKIN_002,Basal cell carcinoma,who,BCC,True,6,https://storage.googleapis.com/pathology-hub-0/WHO/WHO_HTML/SKIN/Basosquamous_Carcinoma.html
SKIN_002,Basal cell carcinoma,who,BCC,True,7,https://storage.googleapis.com/pathology-hub-0/WHO/WHO_HTML/SKIN/Basal_Cell_Carcinoma_With_Adnexal_Differentiation.html
SKIN_002,Basal cell carcinoma,who,BCC,True,8,https://storage.googleapis.com/pathology-hub-0/WHO/WHO_HTML/EYE/Basal_Cell_Carcinoma.html
SKIN_002,Basal cell carcinoma,pathout,BCC,True,1,https://www.pathologyoutlines.com/imgau/skintumornonmelanocyticbccclinical01.jpg
SKIN_002,Basal cell carcinoma,pathout,BCC,True,2,https://www.pathologyoutlines.com/imgau/skintumornonmelanocyticbccclinical02.jpg
SKIN_002,Basal cell carcinoma,pathout,BCC,True,3,https://www.pathologyoutlines.com/imgau/skintumornonmelanocyticbccclinical03.jpg
SKIN_002,Basal cell carcinoma,pathout,BCC,True,4,https://www.pathologyoutlines.com/imgau/skintumornonmelanocyticbccclinical04.jpg
SKIN_002,Basal cell carcinoma,textbooks,BCC,True,1,https://storage.googleapis.com/pathology-hub-public-figures-830130787988/textbook_figures_web_v1/derm_elston/derm_elston_p0075_fig01_fig_3_14.jpeg
SKIN_002,Basal cell carcinoma,textbooks,BCC,True,2,https://storage.googleapis.com/pathology-hub-public-figures-830130787988/textbook_figures_web_v1/molecular_vasef/molecular_vasef_p0791_fig02_unidentified.jpeg
SKIN_002,Basal cell carcinoma,textbooks,BCC,True,3,https://storage.googleapis.com/pathology-hub-0/_asset_library/textbooks/Molecular_Vasef/page_images/Molecular_Vasef_page_0791.png
SKIN_002,Basal cell carcinoma,textbooks,BCC,True,4,https://storage.googleapis.com/pathology-hub-public-figures-830130787988/textbook_figures_web_v1/molecular_vasef/molecular_vasef_p0791_fig03_unidentified.jpeg
SKIN_002,Basal cell carcinoma,textbooks,BCC,True,5,https://storage.googleapis.com/pathology-hub-public-figures-830130787988/textbook_figures_web_v1/derm_elston/derm_elston_p0075_fig02_fig_3_15.jpeg
SKIN_002,Basal cell carcinoma,textbooks,BCC,True,6,https://storage.googleapis.com/pathology-hub-public-figures-830130787988/textbook_figures_web_v1/derm_elston/derm_elston_p0075_fig03_unidentified.jpeg
SKIN_002,Basal cell carcinoma,textbooks,BCC,True,7,https://storage.googleapis.com/pathology-hub-public-figures-830130787988/textbook_figures_web_v1/hn_cardesa/hn_cardesa_p0678_fig01_fig_15_8.jpeg
SKIN_002,Basal cell carcinoma,textbooks,BCC,True,8,https://storage.googleapis.com/pathology-hub-0/_asset_library/textbooks/Hn_Cardesa/page_images/Hn_Cardesa_page_0678.png
SKIN_002,Basal cell carcinoma,textbooks,BCC,True,9,https://storage.googleapis.com/pathology-hub-public-figures-830130787988/textbook_figures_web_v1/hn_cardesa/hn_cardesa_p0678_fig02_fig_15_9.jpeg
SKIN_002,Basal cell carcinoma,textbooks,BCC,True,10,https://storage.googleapis.com/pathology-hub-public-figures-830130787988/textbook_figures_web_v1/hn_cardesa/hn_cardesa_p0678_fig03_fig_15_10.jpeg
SKIN_002,Basal cell carcinoma,textbooks,BCC,True,11,https://storage.googleapis.com/pathology-hub-public-figures-830130787988/textbook_figures_web_v1/derm_elston/derm_elston_p0076_fig01_fig_3_16.jpeg
SKIN_002,Basal cell carcinoma,textbooks,BCC,True,12,https://storage.googleapis.com/pathology-hub-public-figures-830130787988/textbook_figures_web_v1/derm_elston/derm_elston_p0076_fig02_fig_3_17.jpeg
SKIN_002,Basal cell carcinoma,textbooks,BCC,True,13,https://storage.googleapis.com/pathology-hub-0/_asset_library/textbooks/Hn_Cardesa/page_images/Hn_Cardesa_page_0679.png
SKIN_002,Basal cell carcinoma,textbooks,BCC,True,14,https://storage.googleapis.com/pathology-hub-0/_asset_library/textbooks/Molecular_Vasef/page_images/Molecular_Vasef_page_0790.png
SKIN_002,Basal cell carcinoma,who,Basal cell carcinoma skin,True,1,https://storage.googleapis.com/pathology-hub-0/WHO/WHO_PICS/SKIN/34710.jpg
SKIN_002,Basal cell carcinoma,who,Basal cell carcinoma skin,True,2,https://storage.googleapis.com/pathology-hub-0/WHO/WHO_PICS/SKIN/34711.jpg
SKIN_002,Basal cell carcinoma,who,Basal cell carcinoma skin,True,3,https://storage.googleapis.com/pathology-hub-0/WHO/WHO_PICS/SKIN/34712.jpg
SKIN_002,Basal cell carcinoma,who,Basal cell carcinoma skin,True,4,https://storage.googleapis.com/pathology-hub-0/WHO/WHO_PICS/SKIN/34713.jpg
SKIN_002,Basal cell carcinoma,who,Basal cell carcinoma skin,True,5,https://storage.googleapis.com/pathology-hub-0/WHO/WHO_HTML/SKIN/Infiltrating_Basal_Cell_Carcinoma.html
SKIN_002,Basal cell carcinoma,who,Basal cell carcinoma skin,True,6,https://storage.googleapis.com/pathology-hub-0/WHO/WHO_HTML/SKIN/Sclerosing_Morphoeic_Basal_Cell_Carcinoma.html
SKIN_002,Basal cell carcinoma,who,Basal cell carcinoma skin,True,7,https://storage.googleapis.com/pathology-hub-0/WHO/WHO_HTML/SKIN/Basal_Cell_Carcinoma_With_Sarcomatoid_Differentiation.html
SKIN_002,Basal cell carcinoma,who,Basal cell carcinoma skin,True,8,https://storage.googleapis.com/pathology-hub-0/WHO/WHO_HTML/SKIN/Superficial_Basal_Cell_Carcinoma.html
SKIN_002,Basal cell carcinoma,pathout,Basal cell carcinoma skin,True,1,https://www.pathologyoutlines.com/thumb/anusbasalcellnih01.jpg
SKIN_002,Basal cell carcinoma,pathout,Basal cell carcinoma skin,True,2,https://www.pathologyoutlines.com/imgau/anusbasalcellcarcinomagonzalez01.jpg
SKIN_002,Basal cell carcinoma,pathout,Basal cell carcinoma skin,True,3,https://www.pathologyoutlines.com/imgau/anusbasalcellcarcinomagonzalez02.jpg
SKIN_002,Basal cell carcinoma,pathout,Basal cell carcinoma skin,True,4,https://www.pathologyoutlines.com/imgau/anusbasalcellcarcinomagonzalez03.jpg
SKIN_002,Basal cell carcinoma,textbooks,Basal cell carcinoma skin,True,1,https://storage.googleapis.com/pathology-hub-public-figures-830130787988/textbook_figures_web_v1/hn_oral/hn_oral_p0164_fig02_figure_2_97.jpeg
SKIN_002,Basal cell carcinoma,textbooks,Basal cell carcinoma skin,True,2,https://storage.googleapis.com/pathology-hub-0/_asset_library/textbooks/Hn_Oral/page_images/Hn_Oral_page_0164.png
SKIN_002,Basal cell carcinoma,textbooks,Basal cell carcinoma skin,True,3,https://storage.googleapis.com/pathology-hub-public-figures-830130787988/textbook_figures_web_v1/hn_cardesa/hn_cardesa_p0678_fig01_fig_15_8.jpeg
SKIN_002,Basal cell carcinoma,textbooks,Basal cell carcinoma skin,True,4,https://storage.googleapis.com/pathology-hub-0/_asset_library/textbooks/Hn_Cardesa/page_images/Hn_Cardesa_page_0678.png
SKIN_002,Basal cell carcinoma,textbooks,Basal cell carcinoma skin,True,5,https://storage.googleapis.com/pathology-hub-public-figures-830130787988/textbook_figures_web_v1/hn_cardesa/hn_cardesa_p0678_fig02_fig_15_9.jpeg
SKIN_002,Basal cell carcinoma,textbooks,Basal cell carcinoma skin,True,6,https://storage.googleapis.com/pathology-hub-public-figures-830130787988/textbook_figures_web_v1/derm_levers/derm_levers_p0236_fig01_unidentified.jpeg
SKIN_002,Basal cell carcinoma,textbooks,Basal cell carcinoma skin,True,7,https://pathology-hub-v04-v0-2-staging-vorn5q2kga-uc.a.run.app/figures/textbook?u=Z3M6Ly9wYXRob2xvZ3lfaHViLzAxX3N0YWdlZC90ZXh0Ym9va3MvYXNzZXRzL2ZpZ3VyZV9pbWFnZXMvZ3VfcHJhY3RpY2FsL2d1X3ByYWN0aWNhbF9wMDU4OF9maWcwMV9maWdfMjlfMTMuanBlZw&exp=1783364560&sig=63ebb7cbbfd284cf67fb0982fb35ccca4204300eb12823190c20df33a19665dc
SKIN_002,Basal cell carcinoma,textbooks,Basal cell carcinoma skin,True,8,https://storage.googleapis.com/pathology-hub-0/_asset_library/textbooks/Gu_Practical/page_images/Gu_Practical_page_0588.png
SKIN_002,Basal cell carcinoma,textbooks,Basal cell carcinoma skin,True,9,https://pathology-hub-v04-v0-2-staging-vorn5q2kga-uc.a.run.app/figures/textbook?u=Z3M6Ly9wYXRob2xvZ3lfaHViLzAxX3N0YWdlZC90ZXh0Ym9va3MvYXNzZXRzL2ZpZ3VyZV9pbWFnZXMvZ3VfcHJhY3RpY2FsL2d1X3ByYWN0aWNhbF9wMDU4OF9maWcwMl9maWdfMjlfMTQuanBlZw&exp=1783364560&sig=a3eb99e9145e49e18911811f516cce0235c33b4b4ea7eb734a4b44ba29000e71
SKIN_002,Basal cell carcinoma,textbooks,Basal cell carcinoma skin,True,10,https://pathology-hub-v04-v0-2-staging-vorn5q2kga-uc.a.run.app/figures/textbook?u=Z3M6Ly9wYXRob2xvZ3lfaHViLzAxX3N0YWdlZC90ZXh0Ym9va3MvYXNzZXRzL2ZpZ3VyZV9pbWFnZXMvZ3VfcHJhY3RpY2FsL2d1X3ByYWN0aWNhbF9wMDU4OF9maWcwM191bmlkZW50aWZpZWQuanBlZw&exp=1783364560&sig=b03a845f10493bc67df0ce75effd99ae7cce14682592bb9d8fdf4788f68b083c
SKIN_002,Basal cell carcinoma,textbooks,Basal cell carcinoma skin,True,11,https://storage.googleapis.com/pathology-hub-public-figures-830130787988/textbook_figures_web_v1/hn_oral/hn_oral_p0164_fig01_figure_2_96.jpeg
SKIN_002,Basal cell carcinoma,textbooks,Basal cell carcinoma skin,True,12,https://storage.googleapis.com/pathology-hub-public-figures-830130787988/textbook_figures_web_v1/hn_oral/hn_oral_p0164_fig03_figure_2_98.jpeg
SKIN_002,Basal cell carcinoma,textbooks,Basal cell carcinoma skin,True,13,https://storage.googleapis.com/pathology-hub-public-figures-830130787988/textbook_figures_web_v1/hn_cardesa/hn_cardesa_p0678_fig03_fig_15_10.jpeg
SKIN_002,Basal cell carcinoma,textbooks,Basal cell carcinoma skin,True,14,https://storage.googleapis.com/pathology-hub-0/_asset_library/textbooks/Molecular_Vasef/page_images/Molecular_Vasef_page_0790.png
SKIN_002,Basal cell carcinoma,textbooks,Basal cell carcinoma skin,True,15,https://storage.googleapis.com/pathology-hub-0/_asset_library/textbooks/Molecular_Vasef/page_images/Molecular_Vasef_page_0789.png
SKIN_002,Basal cell carcinoma,who,Basal cell carcinoma nodular BCC,True,1,https://storage.googleapis.com/pathology-hub-0/WHO/WHO_PICS/SKIN/34558.jpg
SKIN_002,Basal cell carcinoma,who,Basal cell carcinoma nodular BCC,True,2,https://storage.googleapis.com/pathology-hub-0/WHO/WHO_PICS/SKIN/34559.jpg
SKIN_002,Basal cell carcinoma,who,Basal cell carcinoma nodular BCC,True,3,https://storage.googleapis.com/pathology-hub-0/WHO/WHO_PICS/SKIN/34560.jpg
SKIN_002,Basal cell carcinoma,who,Basal cell carcinoma nodular BCC,True,4,https://storage.googleapis.com/pathology-hub-0/WHO/WHO_PICS/SKIN/0_0.jpeg
SKIN_002,Basal cell carcinoma,who,Basal cell carcinoma nodular BCC,True,5,https://storage.googleapis.com/pathology-hub-0/WHO/WHO_HTML/SKIN/Basal_Cell_Carcinoma_With_Adnexal_Differentiation.html
SKIN_002,Basal cell carcinoma,who,Basal cell carcinoma nodular BCC,True,6,https://storage.googleapis.com/pathology-hub-0/WHO/WHO_HTML/SKIN/Nodular_Basal_Cell_Carcinoma.html
SKIN_002,Basal cell carcinoma,pathout,Basal cell carcinoma nodular BCC,True,1,https://www.pathologyoutlines.com/imgau/skintumornonmelanocyticbccclinical01.jpg
SKIN_002,Basal cell carcinoma,pathout,Basal cell carcinoma nodular BCC,True,2,https://www.pathologyoutlines.com/imgau/skintumornonmelanocyticbccclinical02.jpg
SKIN_002,Basal cell carcinoma,pathout,Basal cell carcinoma nodular BCC,True,3,https://www.pathologyoutlines.com/imgau/skintumornonmelanocyticbccclinical03.jpg
SKIN_002,Basal cell carcinoma,pathout,Basal cell carcinoma nodular BCC,True,4,https://www.pathologyoutlines.com/imgau/skintumornonmelanocyticbccclinical04.jpg
SKIN_002,Basal cell carcinoma,textbooks,Basal cell carcinoma nodular BCC,True,1,https://storage.googleapis.com/pathology-hub-public-figures-830130787988/textbook_figures_web_v1/derm_elston/derm_elston_p0076_fig01_fig_3_16.jpeg
SKIN_002,Basal cell carcinoma,textbooks,Basal cell carcinoma nodular BCC,True,2,https://storage.googleapis.com/pathology-hub-public-figures-830130787988/textbook_figures_web_v1/derm_elston/derm_elston_p0076_fig02_fig_3_17.jpeg
SKIN_002,Basal cell carcinoma,textbooks,Basal cell carcinoma nodular BCC,True,3,https://storage.googleapis.com/pathology-hub-public-figures-830130787988/textbook_figures_web_v1/molecular_vasef/molecular_vasef_p0788_fig01_unidentified.jpeg
SKIN_002,Basal cell carcinoma,textbooks,Basal cell carcinoma nodular BCC,True,4,https://storage.googleapis.com/pathology-hub-0/_asset_library/textbooks/Molecular_Vasef/page_images/Molecular_Vasef_page_0788.png
SKIN_002,Basal cell carcinoma,textbooks,Basal cell carcinoma nodular BCC,True,5,https://storage.googleapis.com/pathology-hub-public-figures-830130787988/textbook_figures_web_v1/molecular_vasef/molecular_vasef_p0791_fig01_unidentified.jpeg
SKIN_002,Basal cell carcinoma,textbooks,Basal cell carcinoma nodular BCC,True,6,https://storage.googleapis.com/pathology-hub-0/_asset_library/textbooks/Molecular_Vasef/page_images/Molecular_Vasef_page_0791.png
SKIN_002,Basal cell carcinoma,textbooks,Basal cell carcinoma nodular BCC,True,7,https://storage.googleapis.com/pathology-hub-public-figures-830130787988/textbook_figures_web_v1/gyn_atlas_part_one/gyn_atlas_part_one_p0063_fig02_fig_2_40.jpeg
SKIN_002,Basal cell carcinoma,textbooks,Basal cell carcinoma nodular BCC,True,8,https://storage.googleapis.com/pathology-hub-0/_asset_library/textbooks/Gyn_Atlas_Part_One/page_images/Gyn_Atlas_Part_One_page_0063.png
SKIN_002,Basal cell carcinoma,textbooks,Basal cell carcinoma nodular BCC,True,9,https://storage.googleapis.com/pathology-hub-public-figures-830130787988/textbook_figures_web_v1/molecular_vasef/molecular_vasef_p0791_fig02_unidentified.jpeg
SKIN_002,Basal cell carcinoma,textbooks,Basal cell carcinoma nodular BCC,True,10,https://storage.googleapis.com/pathology-hub-public-figures-830130787988/textbook_figures_web_v1/derm_elston/derm_elston_p0076_fig03_unidentified.jpeg
SKIN_002,Basal cell carcinoma,textbooks,Basal cell carcinoma nodular BCC,True,11,https://storage.googleapis.com/pathology-hub-public-figures-830130787988/textbook_figures_web_v1/derm_elston/derm_elston_p0076_fig04_unidentified.jpeg
SKIN_002,Basal cell carcinoma,textbooks,Basal cell carcinoma nodular BCC,True,12,https://storage.googleapis.com/pathology-hub-public-figures-830130787988/textbook_figures_web_v1/hn_cardesa/hn_cardesa_p0678_fig01_fig_15_8.jpeg
SKIN_002,Basal cell carcinoma,textbooks,Basal cell carcinoma nodular BCC,True,13,https://storage.googleapis.com/pathology-hub-0/_asset_library/textbooks/Hn_Cardesa/page_images/Hn_Cardesa_page_0678.png
SKIN_002,Basal cell carcinoma,textbooks,Basal cell carcinoma nodular BCC,True,14,https://storage.googleapis.com/pathology-hub-public-figures-830130787988/textbook_figures_web_v1/hn_cardesa/hn_cardesa_p0678_fig02_fig_15_9.jpeg
SKIN_003,Squamous cell carcinoma in situ,who,Squamous cell carcinoma in situ,True,1,https://storage.googleapis.com/pathology-hub-0/WHO/WHO_PICS/SKIN/37238.jpg
SKIN_003,Squamous cell carcinoma in situ,who,Squamous cell carcinoma in situ,True,2,https://storage.googleapis.com/pathology-hub-0/WHO/WHO_PICS/SKIN/37239.jpg
SKIN_003,Squamous cell carcinoma in situ,who,Squamous cell carcinoma in situ,True,3,https://storage.googleapis.com/pathology-hub-0/WHO/WHO_PICS/SKIN/37240.jpg
SKIN_003,Squamous cell carcinoma in situ,who,Squamous cell carcinoma in situ,True,4,https://storage.googleapis.com/pathology-hub-0/WHO/WHO_PICS/SKIN/37241.jpg
SKIN_003,Squamous cell carcinoma in situ,who,Squamous cell carcinoma in situ,True,5,https://storage.googleapis.com/pathology-hub-0/WHO/WHO_HTML/SKIN/Squamous_Cell_Carcinoma_In_Situ_Bowen_Disease.html
SKIN_003,Squamous cell carcinoma in situ,who,Squamous cell carcinoma in situ,True,6,https://storage.googleapis.com/pathology-hub-0/WHO/WHO_HTML/EYE/Squamous_Cell_Carcinoma.html
SKIN_003,Squamous cell carcinoma in situ,pathout,Squamous cell carcinoma in situ,True,1,https://www.pathologyoutlines.com/thumb/lungSCISers01.jpg
SKIN_003,Squamous cell carcinoma in situ,pathout,Squamous cell carcinoma in situ,True,2,https://www.pathologyoutlines.com/imgau/lungSCISolteanu01.jpg
SKIN_003,Squamous cell carcinoma in situ,pathout,Squamous cell carcinoma in situ,True,3,https://www.pathologyoutlines.com/imgau/lungSCISolteanu02.jpg
SKIN_003,Squamous cell carcinoma in situ,pathout,Squamous cell carcinoma in situ,True,4,https://www.pathologyoutlines.com/imgau/lungSCISmataic01.jpg
SKIN_003,Squamous cell carcinoma in situ,textbooks,Squamous cell carcinoma in situ,True,1,https://storage.googleapis.com/pathology-hub-public-figures-830130787988/textbook_figures_web_v1/molecular_vasef/molecular_vasef_p0563_fig02_unidentified.jpeg
SKIN_003,Squamous cell carcinoma in situ,textbooks,Squamous cell carcinoma in situ,True,2,https://storage.googleapis.com/pathology-hub-0/_asset_library/textbooks/Molecular_Vasef/page_images/Molecular_Vasef_page_0563.png
SKIN_003,Squamous cell carcinoma in situ,textbooks,Squamous cell carcinoma in situ,True,3,https://storage.googleapis.com/pathology-hub-public-figures-830130787988/textbook_figures_web_v1/gu_practical/gu_practical_p1213_fig01_figure_51_12.jpeg
SKIN_003,Squamous cell carcinoma in situ,textbooks,Squamous cell carcinoma in situ,True,4,https://storage.googleapis.com/pathology-hub-0/_asset_library/textbooks/Gu_Practical/page_images/Gu_Practical_page_1213.png
SKIN_003,Squamous cell carcinoma in situ,textbooks,Squamous cell carcinoma in situ,True,5,https://storage.googleapis.com/pathology-hub-public-figures-830130787988/textbook_figures_web_v1/derm_levers/derm_levers_p0177_fig01_unidentified.jpeg
SKIN_003,Squamous cell carcinoma in situ,textbooks,Squamous cell carcinoma in situ,True,6,https://storage.googleapis.com/pathology-hub-public-figures-830130787988/textbook_figures_web_v1/hn_biopsy_interpretation/hn_biopsy_interpretation_p0048_fig02_figure_3_6.jpeg
SKIN_003,Squamous cell carcinoma in situ,textbooks,Squamous cell carcinoma in situ,True,7,https://storage.googleapis.com/pathology-hub-0/_asset_library/textbooks/Hn_Biopsy_Interpretation/page_images/Hn_Biopsy_Interpretation_page_0048.png
SKIN_003,Squamous cell carcinoma in situ,textbooks,Squamous cell carcinoma in situ,True,8,https://storage.googleapis.com/pathology-hub-public-figures-830130787988/textbook_figures_web_v1/cyto_comprehensive_part_one/cyto_comprehensive_part_one_p0454_fig01_fig_18_49.png
SKIN_003,Squamous cell carcinoma in situ,textbooks,Squamous cell carcinoma in situ,True,9,https://storage.googleapis.com/pathology-hub-public-figures-830130787988/textbook_figures_web_v1/hn_gnepp/hn_gnepp_p1118_fig01_fig_15_7.png
SKIN_003,Squamous cell carcinoma in situ,textbooks,Squamous cell carcinoma in situ,True,10,https://storage.googleapis.com/pathology-hub-0/_asset_library/textbooks/Hn_Gnepp/page_images/Hn_Gnepp_page_1118.png
SKIN_003,Squamous cell carcinoma in situ,textbooks,Squamous cell carcinoma in situ,True,11,https://storage.googleapis.com/pathology-hub-public-figures-830130787988/textbook_figures_web_v1/cyto_comprehensive_part_one/cyto_comprehensive_part_one_p0342_fig02_fig_14_13.jpg
SKIN_003,Squamous cell carcinoma in situ,textbooks,Squamous cell carcinoma in situ,True,12,https://storage.googleapis.com/pathology-hub-public-figures-830130787988/textbook_figures_web_v1/hn_atlas/hn_atlas_p0515_fig02_fig_10_9.jpeg
SKIN_003,Squamous cell carcinoma in situ,textbooks,Squamous cell carcinoma in situ,True,13,https://storage.googleapis.com/pathology-hub-0/_asset_library/textbooks/Hn_Atlas/page_images/Hn_Atlas_page_0515.png
SKIN_003,Squamous cell carcinoma in situ,textbooks,Squamous cell carcinoma in situ,True,14,https://pathology-hub-v04-v0-2-staging-vorn5q2kga-uc.a.run.app/figures/textbook?u=Z3M6Ly9wYXRob2xvZ3lfaHViLzAxX3N0YWdlZC90ZXh0Ym9va3MvYXNzZXRzL2ZpZ3VyZV9pbWFnZXMvZ3VfcHJhY3RpY2FsL2d1X3ByYWN0aWNhbF9wMDU2Nl9maWcwMV91bmlkZW50aWZpZWQuanBlZw&exp=1783364568&sig=3be42eeb2133e04ba9deb8c6ccf66013765829d0b67dcaec13615e40af9c0de6
SKIN_003,Squamous cell carcinoma in situ,textbooks,Squamous cell carcinoma in situ,True,15,https://storage.googleapis.com/pathology-hub-0/_asset_library/textbooks/Gu_Practical/page_images/Gu_Practical_page_0566.png
SKIN_003,Squamous cell carcinoma in situ,textbooks,Squamous cell carcinoma in situ,True,16,https://pathology-hub-v04-v0-2-staging-vorn5q2kga-uc.a.run.app/figures/textbook?u=Z3M6Ly9wYXRob2xvZ3lfaHViLzAxX3N0YWdlZC90ZXh0Ym9va3MvYXNzZXRzL2ZpZ3VyZV9pbWFnZXMvZ3VfcHJhY3RpY2FsL2d1X3ByYWN0aWNhbF9wMDU2Nl9maWcwMl91bmlkZW50aWZpZWQuanBlZw&exp=1783364568&sig=51c24a7b8f60e7f8c8f480e50da065b5076daa6a0ecf6dbd36f580ba4941fb42
SKIN_003,Squamous cell carcinoma in situ,who,SCCIS,True,1,https://tumourclassification.iarc.who.int/static/dzi/65/54/37953.jpg
SKIN_003,Squamous cell carcinoma in situ,who,SCCIS,True,2,https://tumourclassification.iarc.who.int/static/dzi/65/54/37954.jpg
SKIN_003,Squamous cell carcinoma in situ,who,SCCIS,True,3,https://tumourclassification.iarc.who.int/static/dzi/65/54/37955.jpg
SKIN_003,Squamous cell carcinoma in situ,who,SCCIS,True,4,https://tumourclassification.iarc.who.int/static/dzi/65/54/37956.jpg
SKIN_003,Squamous cell carcinoma in situ,who,SCCIS,True,5,https://storage.googleapis.com/pathology-hub-0/WHO/WHO_HTML/EYE/Squamous_Cell_Carcinoma.html
SKIN_003,Squamous cell carcinoma in situ,who,SCCIS,True,6,https://storage.googleapis.com/pathology-hub-0/WHO/WHO_HTML/BREAST/Carcinoma_In_Situ.html
SKIN_003,Squamous cell carcinoma in situ,who,SCCIS,True,7,https://storage.googleapis.com/pathology-hub-0/WHO/WHO_HTML/GU/Penile_Intraepithelial_Neoplasia_Hpv_Associated.html
SKIN_003,Squamous cell carcinoma in situ,who,SCCIS,True,8,https://storage.googleapis.com/pathology-hub-0/WHO/WHO_HTML/SKIN/Squamous_Cell_Carcinoma_In_Situ_Bowen_Disease.html
SKIN_003,Squamous cell carcinoma in situ,pathout,SCCIS,True,1,https://www.pathologyoutlines.com/imgau/skintumornonmelanocyticcisgeneralHamilton01.jpg
SKIN_003,Squamous cell carcinoma in situ,pathout,SCCIS,True,2,https://www.pathologyoutlines.com/thumb/skintumornonmelanocyticcisgeneralnih01.jpg
SKIN_003,Squamous cell carcinoma in situ,pathout,SCCIS,True,3,https://www.pathologyoutlines.com/thumb/skintumornonmelanocyticcisgeneralnih02.jpg
SKIN_003,Squamous cell carcinoma in situ,pathout,SCCIS,True,4,https://www.pathologyoutlines.com/imgau/skintumornonmelanocyticcisgeneralRay002.jpg
SKIN_003,Squamous cell carcinoma in situ,textbooks,SCCIS,True,1,https://pathology-hub-v04-v0-2-staging-vorn5q2kga-uc.a.run.app/figures/textbook?u=Z3M6Ly9wYXRob2xvZ3lfaHViLzAxX3N0YWdlZC90ZXh0Ym9va3MvYXNzZXRzL2ZpZ3VyZV9pbWFnZXMvaG5fZ25lcHAvaG5fZ25lcHBfcDEwMzBfZmlnMDFfZmlnXzE0XzUucG5n&exp=1783364572&sig=11325d74dc6af3972ace6607820c1c3e6783fc6f4d9a6235f9382c031d9d0447
SKIN_003,Squamous cell carcinoma in situ,textbooks,SCCIS,True,2,https://storage.googleapis.com/pathology-hub-0/_asset_library/textbooks/Hn_Gnepp/page_images/Hn_Gnepp_page_1030.png
SKIN_003,Squamous cell carcinoma in situ,textbooks,SCCIS,True,3,https://pathology-hub-v04-v0-2-staging-vorn5q2kga-uc.a.run.app/figures/textbook?u=Z3M6Ly9wYXRob2xvZ3lfaHViLzAxX3N0YWdlZC90ZXh0Ym9va3MvYXNzZXRzL2ZpZ3VyZV9pbWFnZXMvZ3VfcHJhY3RpY2FsL2d1X3ByYWN0aWNhbF9wMDU2Nl9maWcwMV91bmlkZW50aWZpZWQuanBlZw&exp=1783364572&sig=908466071cf5ae8a4ea1b8eab7fe5a3e3695ec41375a02df241a85728da91ff5
SKIN_003,Squamous cell carcinoma in situ,textbooks,SCCIS,True,4,https://storage.googleapis.com/pathology-hub-0/_asset_library/textbooks/Gu_Practical/page_images/Gu_Practical_page_0566.png
SKIN_003,Squamous cell carcinoma in situ,textbooks,SCCIS,True,5,https://pathology-hub-v04-v0-2-staging-vorn5q2kga-uc.a.run.app/figures/textbook?u=Z3M6Ly9wYXRob2xvZ3lfaHViLzAxX3N0YWdlZC90ZXh0Ym9va3MvYXNzZXRzL2ZpZ3VyZV9pbWFnZXMvZ3VfcHJhY3RpY2FsL2d1X3ByYWN0aWNhbF9wMDU2Nl9maWcwMl91bmlkZW50aWZpZWQuanBlZw&exp=1783364572&sig=132b394e991d5dff363557f4d88c4b3ff83856dc6438dfb4dc597a7d743eca9e
SKIN_003,Squamous cell carcinoma in situ,textbooks,SCCIS,True,6,https://storage.googleapis.com/pathology-hub-public-figures-830130787988/textbook_figures_web_v1/derm_elston/derm_elston_p0069_fig01_fig_3_6.jpeg
SKIN_003,Squamous cell carcinoma in situ,who,Squamous cell carcinoma in situ skin,True,1,https://storage.googleapis.com/pathology-hub-0/WHO/WHO_PICS/SKIN/37238.jpg
SKIN_003,Squamous cell carcinoma in situ,who,Squamous cell carcinoma in situ skin,True,2,https://storage.googleapis.com/pathology-hub-0/WHO/WHO_PICS/SKIN/37239.jpg
SKIN_003,Squamous cell carcinoma in situ,who,Squamous cell carcinoma in situ skin,True,3,https://storage.googleapis.com/pathology-hub-0/WHO/WHO_PICS/SKIN/37240.jpg
SKIN_003,Squamous cell carcinoma in situ,who,Squamous cell carcinoma in situ skin,True,4,https://storage.googleapis.com/pathology-hub-0/WHO/WHO_PICS/SKIN/37241.jpg
SKIN_003,Squamous cell carcinoma in situ,who,Squamous cell carcinoma in situ skin,True,5,https://storage.googleapis.com/pathology-hub-0/WHO/WHO_HTML/SKIN/Squamous_Cell_Carcinomas.html
SKIN_003,Squamous cell carcinoma in situ,who,Squamous cell carcinoma in situ skin,True,6,https://storage.googleapis.com/pathology-hub-0/WHO/WHO_HTML/SKIN/Squamous_Cell_Carcinoma_In_Situ_Bowen_Disease.html
SKIN_003,Squamous cell carcinoma in situ,pathout,Squamous cell carcinoma in situ skin,True,1,https://www.pathologyoutlines.com/imgau/skintumornonmelanocyticcisgeneralHamilton01.jpg
SKIN_003,Squamous cell carcinoma in situ,pathout,Squamous cell carcinoma in situ skin,True,2,https://www.pathologyoutlines.com/thumb/skintumornonmelanocyticcisgeneralnih01.jpg
SKIN_003,Squamous cell carcinoma in situ,pathout,Squamous cell carcinoma in situ skin,True,3,https://www.pathologyoutlines.com/thumb/skintumornonmelanocyticcisgeneralnih02.jpg
SKIN_003,Squamous cell carcinoma in situ,pathout,Squamous cell carcinoma in situ skin,True,4,https://www.pathologyoutlines.com/imgau/skintumornonmelanocyticcisgeneralRay002.jpg
SKIN_003,Squamous cell carcinoma in situ,textbooks,Squamous cell carcinoma in situ skin,True,1,https://storage.googleapis.com/pathology-hub-public-figures-830130787988/textbook_figures_web_v1/cyto_comprehensive_part_one/cyto_comprehensive_part_one_p0454_fig01_fig_18_49.png
SKIN_003,Squamous cell carcinoma in situ,textbooks,Squamous cell carcinoma in situ skin,True,2,https://storage.googleapis.com/pathology-hub-public-figures-830130787988/textbook_figures_web_v1/derm_levers/derm_levers_p0106_fig01_unidentified.jpeg
SKIN_003,Squamous cell carcinoma in situ,textbooks,Squamous cell carcinoma in situ skin,True,3,https://pathology-hub-v04-v0-2-staging-vorn5q2kga-uc.a.run.app/figures/textbook?u=Z3M6Ly9wYXRob2xvZ3lfaHViLzAxX3N0YWdlZC90ZXh0Ym9va3MvYXNzZXRzL2ZpZ3VyZV9pbWFnZXMvZ3VfcHJhY3RpY2FsL2d1X3ByYWN0aWNhbF9wMDU2Nl9maWcwMV91bmlkZW50aWZpZWQuanBlZw&exp=1783364578&sig=d39e23d8d2af3e525213223d9ec7bb8e4f437a5a252913d2180d3e05da546bb3
SKIN_003,Squamous cell carcinoma in situ,textbooks,Squamous cell carcinoma in situ skin,True,4,https://storage.googleapis.com/pathology-hub-0/_asset_library/textbooks/Gu_Practical/page_images/Gu_Practical_page_0566.png
SKIN_003,Squamous cell carcinoma in situ,textbooks,Squamous cell carcinoma in situ skin,True,5,https://pathology-hub-v04-v0-2-staging-vorn5q2kga-uc.a.run.app/figures/textbook?u=Z3M6Ly9wYXRob2xvZ3lfaHViLzAxX3N0YWdlZC90ZXh0Ym9va3MvYXNzZXRzL2ZpZ3VyZV9pbWFnZXMvZ3VfcHJhY3RpY2FsL2d1X3ByYWN0aWNhbF9wMDU2Nl9maWcwMl91bmlkZW50aWZpZWQuanBlZw&exp=1783364578&sig=d8eb47ef8498eaf1511db998f94edea345e3d8739896ab960e9ebffb1940396e
SKIN_003,Squamous cell carcinoma in situ,textbooks,Squamous cell carcinoma in situ skin,True,6,https://storage.googleapis.com/pathology-hub-public-figures-830130787988/textbook_figures_web_v1/derm_levers/derm_levers_p0106_fig02_unidentified.jpeg
SKIN_003,Squamous cell carcinoma in situ,textbooks,Squamous cell carcinoma in situ skin,True,7,https://storage.googleapis.com/pathology-hub-public-figures-830130787988/textbook_figures_web_v1/gu_practical/gu_practical_p0597_fig01_unidentified.jpeg
SKIN_003,Squamous cell carcinoma in situ,textbooks,Squamous cell carcinoma in situ skin,True,8,https://storage.googleapis.com/pathology-hub-0/_asset_library/textbooks/Gu_Practical/page_images/Gu_Practical_page_0597.png
SKIN_003,Squamous cell carcinoma in situ,textbooks,Squamous cell carcinoma in situ skin,True,9,https://pathology-hub-v04-v0-2-staging-vorn5q2kga-uc.a.run.app/figures/textbook?u=Z3M6Ly9wYXRob2xvZ3lfaHViLzAxX3N0YWdlZC90ZXh0Ym9va3MvYXNzZXRzL2ZpZ3VyZV9pbWFnZXMvZ3VfcHJhY3RpY2FsL2d1X3ByYWN0aWNhbF9wMDU5N19maWcwMl91bmlkZW50aWZpZWQuanBlZw&exp=1783364578&sig=30518ef739a6bcaba24306bebd0e0f663cf1abcd89736c510a18d2cfaf58fe90
SKIN_003,Squamous cell carcinoma in situ,who,Squamous cell carcinoma in situ Bowen disease,True,1,https://tumourclassification.iarc.who.int/static/dzi/65/54/37953.jpg
SKIN_003,Squamous cell carcinoma in situ,who,Squamous cell carcinoma in situ Bowen disease,True,2,https://tumourclassification.iarc.who.int/static/dzi/65/54/37954.jpg
SKIN_003,Squamous cell carcinoma in situ,who,Squamous cell carcinoma in situ Bowen disease,True,3,https://tumourclassification.iarc.who.int/static/dzi/65/54/37955.jpg
SKIN_003,Squamous cell carcinoma in situ,who,Squamous cell carcinoma in situ Bowen disease,True,4,https://tumourclassification.iarc.who.int/static/dzi/65/54/37956.jpg
SKIN_003,Squamous cell carcinoma in situ,who,Squamous cell carcinoma in situ Bowen disease,True,5,https://storage.googleapis.com/pathology-hub-0/WHO/WHO_HTML/GYN/Squamous_Intraepithelial_Lesions_Hpv_Associated_Of_The_Vulva.html
SKIN_003,Squamous cell carcinoma in situ,who,Squamous cell carcinoma in situ Bowen disease,True,6,https://storage.googleapis.com/pathology-hub-0/WHO/WHO_HTML/GU/Penile_Intraepithelial_Neoplasia_Hpv_Associated.html
SKIN_003,Squamous cell carcinoma in situ,who,Squamous cell carcinoma in situ Bowen disease,True,7,https://storage.googleapis.com/pathology-hub-0/WHO/WHO_HTML/SKIN/Squamous_Cell_Carcinoma_In_Situ_Bowen_Disease.html
SKIN_003,Squamous cell carcinoma in situ,who,Squamous cell carcinoma in situ Bowen disease,True,8,https://storage.googleapis.com/pathology-hub-0/WHO/WHO_HTML/EYE/Squamous_Cell_Carcinoma.html
SKIN_003,Squamous cell carcinoma in situ,pathout,Squamous cell carcinoma in situ Bowen disease,True,1,https://www.pathologyoutlines.com/imgau/skintumornonmelanocyticcisgeneralHamilton01.jpg
SKIN_003,Squamous cell carcinoma in situ,pathout,Squamous cell carcinoma in situ Bowen disease,True,2,https://www.pathologyoutlines.com/thumb/skintumornonmelanocyticcisgeneralnih01.jpg
SKIN_003,Squamous cell carcinoma in situ,pathout,Squamous cell carcinoma in situ Bowen disease,True,3,https://www.pathologyoutlines.com/thumb/skintumornonmelanocyticcisgeneralnih02.jpg
SKIN_003,Squamous cell carcinoma in situ,pathout,Squamous cell carcinoma in situ Bowen disease,True,4,https://www.pathologyoutlines.com/imgau/skintumornonmelanocyticcisgeneralRay002.jpg
SKIN_003,Squamous cell carcinoma in situ,textbooks,Squamous cell carcinoma in situ Bowen disease,True,1,https://storage.googleapis.com/pathology-hub-public-figures-830130787988/textbook_figures_web_v1/derm_levers/derm_levers_p0106_fig01_unidentified.jpeg
SKIN_003,Squamous cell carcinoma in situ,textbooks,Squamous cell carcinoma in situ Bowen disease,True,2,https://storage.googleapis.com/pathology-hub-public-figures-830130787988/textbook_figures_web_v1/derm_elston/derm_elston_p0069_fig01_fig_3_6.jpeg
SKIN_003,Squamous cell carcinoma in situ,textbooks,Squamous cell carcinoma in situ Bowen disease,True,3,https://pathology-hub-v04-v0-2-staging-vorn5q2kga-uc.a.run.app/figures/textbook?u=Z3M6Ly9wYXRob2xvZ3lfaHViLzAxX3N0YWdlZC90ZXh0Ym9va3MvYXNzZXRzL2ZpZ3VyZV9pbWFnZXMvZ3VfcHJhY3RpY2FsL2d1X3ByYWN0aWNhbF9wMDU2Nl9maWcwMV91bmlkZW50aWZpZWQuanBlZw&exp=1783364582&sig=bf3de2e2696c8976ea651211399ee02ff2614acc7eafd25c99245965e9d9e1fc
SKIN_003,Squamous cell carcinoma in situ,textbooks,Squamous cell carcinoma in situ Bowen disease,True,4,https://storage.googleapis.com/pathology-hub-0/_asset_library/textbooks/Gu_Practical/page_images/Gu_Practical_page_0566.png
SKIN_003,Squamous cell carcinoma in situ,textbooks,Squamous cell carcinoma in situ Bowen disease,True,5,https://pathology-hub-v04-v0-2-staging-vorn5q2kga-uc.a.run.app/figures/textbook?u=Z3M6Ly9wYXRob2xvZ3lfaHViLzAxX3N0YWdlZC90ZXh0Ym9va3MvYXNzZXRzL2ZpZ3VyZV9pbWFnZXMvZ3VfcHJhY3RpY2FsL2d1X3ByYWN0aWNhbF9wMDU2Nl9maWcwMl91bmlkZW50aWZpZWQuanBlZw&exp=1783364582&sig=4792d72cbf6c0d561e65fe1a41cd1fc5c3eda1c5569b7e212586cf5b8bebc428
SKIN_003,Squamous cell carcinoma in situ,textbooks,Squamous cell carcinoma in situ Bowen disease,True,6,https://storage.googleapis.com/pathology-hub-public-figures-830130787988/textbook_figures_web_v1/derm_levers/derm_levers_p0106_fig02_unidentified.jpeg
SKIN_004,Malignant melanoma,who,Malignant melanoma,True,1,https://storage.googleapis.com/pathology-hub-0/WHO/WHO_PICS/GYN/13191.jpg
SKIN_004,Malignant melanoma,who,Malignant melanoma,True,2,https://storage.googleapis.com/pathology-hub-0/WHO/WHO_PICS/GYN/13192.jpg
SKIN_004,Malignant melanoma,who,Malignant melanoma,True,3,https://storage.googleapis.com/pathology-hub-0/WHO/WHO_PICS/GYN/13194.jpg
SKIN_004,Malignant melanoma,who,Malignant melanoma,True,4,https://storage.googleapis.com/pathology-hub-0/WHO/WHO_PICS/GYN/13195.jpg
SKIN_004,Malignant melanoma,who,Malignant melanoma,True,5,https://storage.googleapis.com/pathology-hub-0/WHO/WHO_HTML/CYTO_HEME/Metastases_From_Melanoma.html
SKIN_004,Malignant melanoma,who,Malignant melanoma,True,6,https://storage.googleapis.com/pathology-hub-0/WHO/WHO_HTML/SKIN/Mucosal_Melanoma.html
SKIN_004,Malignant melanoma,who,Malignant melanoma,True,7,https://storage.googleapis.com/pathology-hub-0/WHO/WHO_HTML/THORACIC/Melanoma_Of_The_Lung.html
SKIN_004,Malignant melanoma,who,Malignant melanoma,True,8,https://storage.googleapis.com/pathology-hub-0/WHO/WHO_HTML/ENDO/Adrenal_Melanoma.html
SKIN_004,Malignant melanoma,who,Malignant melanoma,True,9,https://storage.googleapis.com/pathology-hub-0/WHO/WHO_HTML/GYN/Mucosal_Melanoma.html
SKIN_004,Malignant melanoma,pathout,Malignant melanoma,True,1,https://www.pathologyoutlines.com/imgau/vulvamelanoma_Erem01.jpg
SKIN_004,Malignant melanoma,pathout,Malignant melanoma,True,2,https://www.pathologyoutlines.com/imgau/vulvamelanoma_Erem02.jpg
SKIN_004,Malignant melanoma,pathout,Malignant melanoma,True,3,https://www.pathologyoutlines.com/imgau/vulvamelanomaEmory01.jpg
SKIN_004,Malignant melanoma,pathout,Malignant melanoma,True,4,https://www.pathologyoutlines.com/imgau/vulvamelanomaMoutinho02.jpg
SKIN_004,Malignant melanoma,textbooks,Malignant melanoma,True,1,https://storage.googleapis.com/pathology-hub-public-figures-830130787988/textbook_figures_web_v1/molecular_vasef/molecular_vasef_p0469_fig02_unidentified.jpeg
SKIN_004,Malignant melanoma,textbooks,Malignant melanoma,True,2,https://storage.googleapis.com/pathology-hub-0/_asset_library/textbooks/Molecular_Vasef/page_images/Molecular_Vasef_page_0469.png
SKIN_004,Malignant melanoma,textbooks,Malignant melanoma,True,3,https://storage.googleapis.com/pathology-hub-public-figures-830130787988/textbook_figures_web_v1/molecular_vasef/molecular_vasef_p0469_fig01_unidentified.jpeg
SKIN_004,Malignant melanoma,textbooks,Malignant melanoma,True,4,https://storage.googleapis.com/pathology-hub-public-figures-830130787988/textbook_figures_web_v1/molecular_vasef/molecular_vasef_p0383_fig03_unidentified.jpeg
SKIN_004,Malignant melanoma,textbooks,Malignant melanoma,True,5,https://storage.googleapis.com/pathology-hub-0/_asset_library/textbooks/Molecular_Vasef/page_images/Molecular_Vasef_page_0383.png
SKIN_004,Malignant melanoma,textbooks,Malignant melanoma,True,6,https://storage.googleapis.com/pathology-hub-public-figures-830130787988/textbook_figures_web_v1/hn_cardesa/hn_cardesa_p0105_fig01_fig_2_73.jpeg
SKIN_004,Malignant melanoma,textbooks,Malignant melanoma,True,7,https://storage.googleapis.com/pathology-hub-0/_asset_library/textbooks/Hn_Cardesa/page_images/Hn_Cardesa_page_0105.png
SKIN_004,Malignant melanoma,textbooks,Malignant melanoma,True,8,https://storage.googleapis.com/pathology-hub-public-figures-830130787988/textbook_figures_web_v1/hn_cardesa/hn_cardesa_p0105_fig02_fig_2_74.jpeg
SKIN_004,Malignant melanoma,textbooks,Malignant melanoma,True,9,https://storage.googleapis.com/pathology-hub-public-figures-830130787988/textbook_figures_web_v1/molecular_vasef/molecular_vasef_p0469_fig03_unidentified.jpeg
SKIN_004,Malignant melanoma,textbooks,Malignant melanoma,True,10,https://storage.googleapis.com/pathology-hub-public-figures-830130787988/textbook_figures_web_v1/molecular_vasef/molecular_vasef_p0469_fig04_unidentified.jpeg
SKIN_004,Malignant melanoma,textbooks,Malignant melanoma,True,11,https://storage.googleapis.com/pathology-hub-public-figures-830130787988/textbook_figures_web_v1/molecular_vasef/molecular_vasef_p0469_fig05_unidentified.jpeg
SKIN_004,Malignant melanoma,textbooks,Malignant melanoma,True,12,https://storage.googleapis.com/pathology-hub-public-figures-830130787988/textbook_figures_web_v1/molecular_vasef/molecular_vasef_p0469_fig06_unidentified.jpeg
SKIN_004,Malignant melanoma,textbooks,Malignant melanoma,True,13,https://storage.googleapis.com/pathology-hub-public-figures-830130787988/textbook_figures_web_v1/molecular_vasef/molecular_vasef_p0469_fig07_unidentified.jpeg
SKIN_004,Malignant melanoma,who,Malignant melanoma skin,True,1,https://storage.googleapis.com/pathology-hub-0/WHO/WHO_PICS/SKIN/32673.jpg
SKIN_004,Malignant melanoma,who,Malignant melanoma skin,True,2,https://storage.googleapis.com/pathology-hub-0/WHO/WHO_PICS/SKIN/37999.jpg
SKIN_004,Malignant melanoma,who,Malignant melanoma skin,True,3,https://storage.googleapis.com/pathology-hub-0/WHO/WHO_PICS/SKIN/38137.jpg
SKIN_004,Malignant melanoma,who,Malignant melanoma skin,True,4,https://storage.googleapis.com/pathology-hub-0/WHO/WHO_PICS/SKIN/0_0.jpeg
SKIN_004,Malignant melanoma,who,Malignant melanoma skin,True,5,https://storage.googleapis.com/pathology-hub-0/WHO/WHO_HTML/SKIN/Melanoma_Arising_In_Blue_Naevus.html
SKIN_004,Malignant melanoma,who,Malignant melanoma skin,True,6,https://storage.googleapis.com/pathology-hub-0/WHO/WHO_HTML/SKIN/Spitz_Melanoma.html
SKIN_004,Malignant melanoma,who,Malignant melanoma skin,True,7,https://storage.googleapis.com/pathology-hub-0/WHO/WHO_HTML/SKIN/Mucosal_Melanoma.html
SKIN_004,Malignant melanoma,who,Malignant melanoma skin,True,8,https://storage.googleapis.com/pathology-hub-0/WHO/WHO_HTML/CYTO_HEME/Metastases_From_Melanoma.html
SKIN_004,Malignant melanoma,who,Malignant melanoma skin,True,9,https://storage.googleapis.com/pathology-hub-0/WHO/WHO_HTML/SKIN/Melanoma_Metastatic_To_The_Skin.html
SKIN_004,Malignant melanoma,pathout,Malignant melanoma skin,True,1,https://www.pathologyoutlines.com/imgau/skintumormelanocyticspitzoidmelanomaRaghavan01.jpg
SKIN_004,Malignant melanoma,pathout,Malignant melanoma skin,True,2,https://www.pathologyoutlines.com/imgau/skintumormelanocyticspitzoidmelanomaRaghavan02.jpg
SKIN_004,Malignant melanoma,pathout,Malignant melanoma skin,True,3,https://www.pathologyoutlines.com/imgau/skintumormelanocyticspitzoidmelanomaRaghavan03.jpg
SKIN_004,Malignant melanoma,pathout,Malignant melanoma skin,True,4,https://www.pathologyoutlines.com/imgau/skintumormelanocyticspitzoidmelanomaRaghavan04.jpg
SKIN_004,Malignant melanoma,textbooks,Malignant melanoma skin,True,1,https://storage.googleapis.com/pathology-hub-public-figures-830130787988/textbook_figures_web_v1/hn_cardesa/hn_cardesa_p0106_fig01_fig_2_76.jpeg
SKIN_004,Malignant melanoma,textbooks,Malignant melanoma skin,True,2,https://storage.googleapis.com/pathology-hub-0/_asset_library/textbooks/Hn_Cardesa/page_images/Hn_Cardesa_page_0106.png
SKIN_004,Malignant melanoma,textbooks,Malignant melanoma skin,True,3,https://storage.googleapis.com/pathology-hub-public-figures-830130787988/textbook_figures_web_v1/derm_levers/derm_levers_p1178_fig01_unidentified.jpeg
SKIN_004,Malignant melanoma,textbooks,Malignant melanoma skin,True,4,https://storage.googleapis.com/pathology-hub-public-figures-830130787988/textbook_figures_web_v1/hn_cardesa/hn_cardesa_p0106_fig02_fig_2_75.jpeg
SKIN_004,Malignant melanoma,textbooks,Malignant melanoma skin,True,5,https://pathology-hub-v04-v0-2-staging-vorn5q2kga-uc.a.run.app/figures/textbook?u=Z3M6Ly9wYXRob2xvZ3lfaHViLzAxX3N0YWdlZC90ZXh0Ym9va3MvYXNzZXRzL2ZpZ3VyZV9pbWFnZXMvbW9sZWN1bGFyX2ZhcS9tb2xlY3VsYXJfZmFxX3AwMTk0X2ZpZzAxX3VuaWRlbnRpZmllZC5qcGVn&exp=1783364589&sig=9e56169e0113d574a853f37f5180afaf245fe929f2ad55fde4554ec398f758d8
SKIN_004,Malignant melanoma,textbooks,Malignant melanoma skin,True,6,https://storage.googleapis.com/pathology-hub-0/_asset_library/textbooks/Molecular_Faq/page_images/Molecular_Faq_page_0194.png
SKIN_004,Malignant melanoma,textbooks,Malignant melanoma skin,True,7,https://storage.googleapis.com/pathology-hub-public-figures-830130787988/textbook_figures_web_v1/breast_atlas/breast_atlas_p0464_fig01_fig_26_4.jpeg
SKIN_004,Malignant melanoma,textbooks,Malignant melanoma skin,True,8,https://storage.googleapis.com/pathology-hub-public-figures-830130787988/textbook_figures_web_v1/breast_atlas/breast_atlas_p0464_fig02_fig_26_2.jpeg
SKIN_004,Malignant melanoma,textbooks,Malignant melanoma skin,True,9,https://storage.googleapis.com/pathology-hub-public-figures-830130787988/textbook_figures_web_v1/breast_atlas/breast_atlas_p0464_fig03_fig_26_3.jpeg
SKIN_004,Malignant melanoma,who,Malignant melanoma Breslow thickness,True,1,https://storage.googleapis.com/pathology-hub-0/WHO/WHO_PICS/GYN/13191.jpg
SKIN_004,Malignant melanoma,who,Malignant melanoma Breslow thickness,True,2,https://storage.googleapis.com/pathology-hub-0/WHO/WHO_PICS/GYN/13192.jpg
SKIN_004,Malignant melanoma,who,Malignant melanoma Breslow thickness,True,3,https://storage.googleapis.com/pathology-hub-0/WHO/WHO_PICS/GYN/13194.jpg
SKIN_004,Malignant melanoma,who,Malignant melanoma Breslow thickness,True,4,https://storage.googleapis.com/pathology-hub-0/WHO/WHO_PICS/GYN/13195.jpg
SKIN_004,Malignant melanoma,who,Malignant melanoma Breslow thickness,True,5,https://storage.googleapis.com/pathology-hub-0/WHO/WHO_HTML/SKIN/Mucosal_Melanoma.html
SKIN_004,Malignant melanoma,who,Malignant melanoma Breslow thickness,True,6,https://storage.googleapis.com/pathology-hub-0/WHO/WHO_HTML/CYTO_HEME/Metastases_From_Melanoma.html
SKIN_004,Malignant melanoma,who,Malignant melanoma Breslow thickness,True,7,https://storage.googleapis.com/pathology-hub-0/WHO/WHO_HTML/THORACIC/Melanoma_Of_The_Lung.html
SKIN_004,Malignant melanoma,who,Malignant melanoma Breslow thickness,True,8,https://storage.googleapis.com/pathology-hub-0/WHO/WHO_HTML/ENDO/Adrenal_Melanoma.html
SKIN_004,Malignant melanoma,who,Malignant melanoma Breslow thickness,True,9,https://storage.googleapis.com/pathology-hub-0/WHO/WHO_HTML/GYN/Mucosal_Melanoma.html
SKIN_004,Malignant melanoma,pathout,Malignant melanoma Breslow thickness,True,1,https://www.pathologyoutlines.com/imgau/vulvamelanoma_Erem01.jpg
SKIN_004,Malignant melanoma,pathout,Malignant melanoma Breslow thickness,True,2,https://www.pathologyoutlines.com/imgau/vulvamelanoma_Erem02.jpg
SKIN_004,Malignant melanoma,pathout,Malignant melanoma Breslow thickness,True,3,https://www.pathologyoutlines.com/imgau/vulvamelanomaEmory01.jpg
SKIN_004,Malignant melanoma,pathout,Malignant melanoma Breslow thickness,True,4,https://www.pathologyoutlines.com/imgau/vulvamelanomaMoutinho02.jpg
SKIN_004,Malignant melanoma,textbooks,Malignant melanoma Breslow thickness,True,1,https://storage.googleapis.com/pathology-hub-public-figures-830130787988/textbook_figures_web_v1/gu_practical/gu_practical_p0596_fig01_figure_30_5.jpeg
SKIN_004,Malignant melanoma,textbooks,Malignant melanoma Breslow thickness,True,2,https://storage.googleapis.com/pathology-hub-0/_asset_library/textbooks/Gu_Practical/page_images/Gu_Practical_page_0596.png
SKIN_004,Malignant melanoma,textbooks,Malignant melanoma Breslow thickness,True,3,https://pathology-hub-v04-v0-2-staging-vorn5q2kga-uc.a.run.app/figures/textbook?u=Z3M6Ly9wYXRob2xvZ3lfaHViLzAxX3N0YWdlZC90ZXh0Ym9va3MvYXNzZXRzL2ZpZ3VyZV9pbWFnZXMvZ3VfcHJhY3RpY2FsL2d1X3ByYWN0aWNhbF9wMDU5Nl9maWcwMl91bmlkZW50aWZpZWQuanBlZw&exp=1783364592&sig=93fbd696effe9afcae3a2da4cd4f3179485133bfe4503b6b10f1c65737003a19
SKIN_004,Malignant melanoma,textbooks,Malignant melanoma Breslow thickness,True,4,https://storage.googleapis.com/pathology-hub-public-figures-830130787988/textbook_figures_web_v1/gu_practical/gu_practical_p0596_fig03_unidentified.jpeg
SKIN_004,Malignant melanoma,textbooks,Malignant melanoma Breslow thickness,True,5,https://storage.googleapis.com/pathology-hub-public-figures-830130787988/textbook_figures_web_v1/gu_practical/gu_practical_p0598_fig01_unidentified.jpeg
SKIN_004,Malignant melanoma,textbooks,Malignant melanoma Breslow thickness,True,6,https://storage.googleapis.com/pathology-hub-0/_asset_library/textbooks/Gu_Practical/page_images/Gu_Practical_page_0598.png
SKIN_004,Malignant melanoma,textbooks,Malignant melanoma Breslow thickness,True,7,https://pathology-hub-v04-v0-2-staging-vorn5q2kga-uc.a.run.app/figures/textbook?u=Z3M6Ly9wYXRob2xvZ3lfaHViLzAxX3N0YWdlZC90ZXh0Ym9va3MvYXNzZXRzL2ZpZ3VyZV9pbWFnZXMvZ3VfcHJhY3RpY2FsL2d1X3ByYWN0aWNhbF9wMDU5OF9maWcwMl91bmlkZW50aWZpZWQuanBlZw&exp=1783364592&sig=e53c15bf68143ed7ca3df3d5999aee91649032933a1bed6ee0791ca0eb23b077
SKIN_004,Malignant melanoma,textbooks,Malignant melanoma Breslow thickness,True,8,https://pathology-hub-v04-v0-2-staging-vorn5q2kga-uc.a.run.app/figures/textbook?u=Z3M6Ly9wYXRob2xvZ3lfaHViLzAxX3N0YWdlZC90ZXh0Ym9va3MvYXNzZXRzL2ZpZ3VyZV9pbWFnZXMvZ3VfcHJhY3RpY2FsL2d1X3ByYWN0aWNhbF9wMDU5OF9maWcwM191bmlkZW50aWZpZWQuanBlZw&exp=1783364592&sig=2f5897b63f90afa0162b30e8861eb77aa3ca0dbdb2dfd30de34064bd6c9219ea
SKIN_004,Malignant melanoma,textbooks,Malignant melanoma Breslow thickness,True,9,https://storage.googleapis.com/pathology-hub-public-figures-830130787988/textbook_figures_web_v1/gu_practical/gu_practical_p0597_fig01_unidentified.jpeg
SKIN_004,Malignant melanoma,textbooks,Malignant melanoma Breslow thickness,True,10,https://storage.googleapis.com/pathology-hub-0/_asset_library/textbooks/Gu_Practical/page_images/Gu_Practical_page_0597.png
SKIN_004,Malignant melanoma,textbooks,Malignant melanoma Breslow thickness,True,11,https://pathology-hub-v04-v0-2-staging-vorn5q2kga-uc.a.run.app/figures/textbook?u=Z3M6Ly9wYXRob2xvZ3lfaHViLzAxX3N0YWdlZC90ZXh0Ym9va3MvYXNzZXRzL2ZpZ3VyZV9pbWFnZXMvZ3VfcHJhY3RpY2FsL2d1X3ByYWN0aWNhbF9wMDU5N19maWcwMl91bmlkZW50aWZpZWQuanBlZw&exp=1783364592&sig=b098d71c3fcccdaee8d6a185ad53f24401cd02a1835dd5b75dddb4c40081ae95
SKIN_004,Malignant melanoma,textbooks,Malignant melanoma Breslow thickness,True,12,https://storage.googleapis.com/pathology-hub-public-figures-830130787988/textbook_figures_web_v1/hn_thompson/hn_thompson_p0086_fig01_figure_3_20.jpg
SKIN_004,Malignant melanoma,textbooks,Malignant melanoma Breslow thickness,True,13,https://storage.googleapis.com/pathology-hub-0/_asset_library/textbooks/Hn_Thompson/page_images/Hn_Thompson_page_0086.png
SKIN_004,Malignant melanoma,textbooks,Malignant melanoma Breslow thickness,True,14,https://storage.googleapis.com/pathology-hub-public-figures-830130787988/textbook_figures_web_v1/hn_thompson/hn_thompson_p0086_fig02_fig_3_20.jpg
SKIN_004,Malignant melanoma,textbooks,Malignant melanoma Breslow thickness,True,15,https://storage.googleapis.com/pathology-hub-0/_asset_library/textbooks/Hn_Cardesa/page_images/Hn_Cardesa_page_0830.png
SKIN_005,Dermatofibrosarcoma protuberans,who,Dermatofibrosarcoma protuberans,True,1,https://storage.googleapis.com/pathology-hub-0/WHO/WHO_PICS/GYN/10291.jpg
SKIN_005,Dermatofibrosarcoma protuberans,who,Dermatofibrosarcoma protuberans,True,2,https://storage.googleapis.com/pathology-hub-0/WHO/WHO_PICS/GYN/10292.jpg
SKIN_005,Dermatofibrosarcoma protuberans,who,Dermatofibrosarcoma protuberans,True,3,https://storage.googleapis.com/pathology-hub-0/WHO/WHO_PICS/GYN/0_0.jpeg
SKIN_005,Dermatofibrosarcoma protuberans,who,Dermatofibrosarcoma protuberans,True,4,https://storage.googleapis.com/pathology-hub-0/WHO/WHO_PICS/PEDS/17399.jpg
SKIN_005,Dermatofibrosarcoma protuberans,who,Dermatofibrosarcoma protuberans,True,5,https://storage.googleapis.com/pathology-hub-0/WHO/WHO_HTML/PEDS/Dermatofibrosarcoma_Protuberans.html
SKIN_005,Dermatofibrosarcoma protuberans,who,Dermatofibrosarcoma protuberans,True,6,https://storage.googleapis.com/pathology-hub-0/WHO/WHO_HTML/GYN/Dermatofibrosarcoma_Protuberans.html
SKIN_005,Dermatofibrosarcoma protuberans,who,Dermatofibrosarcoma protuberans,True,7,https://storage.googleapis.com/pathology-hub-0/WHO/WHO_HTML/CYTO_SOFTTISSUE/Dermatofibrosarcoma_Protuberans.html
SKIN_005,Dermatofibrosarcoma protuberans,pathout,Dermatofibrosarcoma protuberans,True,1,http://www.pathologyoutlines.com/imgau/AHodgson.jpg
SKIN_005,Dermatofibrosarcoma protuberans,pathout,Dermatofibrosarcoma protuberans,True,2,https://www.pathologyoutlines.com/thumb/skintumornonmelanocyticdfsprad01.jpg
SKIN_005,Dermatofibrosarcoma protuberans,pathout,Dermatofibrosarcoma protuberans,True,3,https://www.pathologyoutlines.com/thumb/skintumornonmelanocyticdfspijdvl01.jpg
SKIN_005,Dermatofibrosarcoma protuberans,pathout,Dermatofibrosarcoma protuberans,True,4,https://www.pathologyoutlines.com/thumb/skintumornonmelanocyticdfspnih01.jpg
SKIN_005,Dermatofibrosarcoma protuberans,textbooks,Dermatofibrosarcoma protuberans,True,1,https://storage.googleapis.com/pathology-hub-public-figures-830130787988/textbook_figures_web_v1/derm_elston/derm_elston_p0350_fig01_fig_20_30.jpeg
SKIN_005,Dermatofibrosarcoma protuberans,textbooks,Dermatofibrosarcoma protuberans,True,2,https://storage.googleapis.com/pathology-hub-public-figures-830130787988/textbook_figures_web_v1/derm_elston/derm_elston_p0350_fig02_unidentified.jpeg
SKIN_005,Dermatofibrosarcoma protuberans,textbooks,Dermatofibrosarcoma protuberans,True,3,https://storage.googleapis.com/pathology-hub-public-figures-830130787988/textbook_figures_web_v1/derm_elston/derm_elston_p0350_fig03_unidentified.jpeg
SKIN_005,Dermatofibrosarcoma protuberans,textbooks,Dermatofibrosarcoma protuberans,True,4,https://storage.googleapis.com/pathology-hub-public-figures-830130787988/textbook_figures_web_v1/derm_elston/derm_elston_p0350_fig04_unidentified.jpeg
SKIN_005,Dermatofibrosarcoma protuberans,textbooks,Dermatofibrosarcoma protuberans,True,5,https://storage.googleapis.com/pathology-hub-public-figures-830130787988/textbook_figures_web_v1/derm_elston/derm_elston_p0350_fig05_unidentified.jpeg
SKIN_005,Dermatofibrosarcoma protuberans,textbooks,Dermatofibrosarcoma protuberans,True,6,https://storage.googleapis.com/pathology-hub-public-figures-830130787988/textbook_figures_web_v1/derm_elston/derm_elston_p0349_fig01_fig_20_29.jpeg
SKIN_005,Dermatofibrosarcoma protuberans,textbooks,Dermatofibrosarcoma protuberans,True,7,https://storage.googleapis.com/pathology-hub-0/_asset_library/textbooks/Hn_Atlas/page_images/Hn_Atlas_page_1349.png
SKIN_005,Dermatofibrosarcoma protuberans,who,DFSP,True,1,https://storage.googleapis.com/pathology-hub-0/WHO/WHO_PICS/GYN/10291.jpg
SKIN_005,Dermatofibrosarcoma protuberans,who,DFSP,True,2,https://storage.googleapis.com/pathology-hub-0/WHO/WHO_PICS/GYN/10292.jpg
SKIN_005,Dermatofibrosarcoma protuberans,who,DFSP,True,3,https://storage.googleapis.com/pathology-hub-0/WHO/WHO_PICS/GYN/0_0.jpeg
SKIN_005,Dermatofibrosarcoma protuberans,who,DFSP,True,4,https://storage.googleapis.com/pathology-hub-0/WHO/WHO_PICS/PEDS/17399.jpg
SKIN_005,Dermatofibrosarcoma protuberans,who,DFSP,True,5,https://storage.googleapis.com/pathology-hub-0/WHO/WHO_HTML/BST/Giant_Cell_Fibroblastoma.html
SKIN_005,Dermatofibrosarcoma protuberans,who,DFSP,True,6,https://storage.googleapis.com/pathology-hub-0/WHO/WHO_HTML/CYTO_SOFTTISSUE/Dermatofibrosarcoma_Protuberans.html
SKIN_005,Dermatofibrosarcoma protuberans,who,DFSP,True,7,https://storage.googleapis.com/pathology-hub-0/WHO/WHO_HTML/PEDS/Dermatofibrosarcoma_Protuberans.html
SKIN_005,Dermatofibrosarcoma protuberans,who,DFSP,True,8,https://storage.googleapis.com/pathology-hub-0/WHO/WHO_HTML/GYN/Dermatofibrosarcoma_Protuberans.html
SKIN_005,Dermatofibrosarcoma protuberans,pathout,DFSP,True,1,http://www.pathologyoutlines.com/imgau/AHodgson.jpg
SKIN_005,Dermatofibrosarcoma protuberans,pathout,DFSP,True,2,https://www.pathologyoutlines.com/thumb/skintumornonmelanocyticdfsprad01.jpg
SKIN_005,Dermatofibrosarcoma protuberans,pathout,DFSP,True,3,https://www.pathologyoutlines.com/thumb/skintumornonmelanocyticdfspijdvl01.jpg
SKIN_005,Dermatofibrosarcoma protuberans,pathout,DFSP,True,4,https://www.pathologyoutlines.com/thumb/skintumornonmelanocyticdfspnih01.jpg
SKIN_005,Dermatofibrosarcoma protuberans,textbooks,DFSP,True,1,https://storage.googleapis.com/pathology-hub-public-figures-830130787988/textbook_figures_web_v1/molecular_vasef/molecular_vasef_p0794_fig03_unidentified.jpeg
SKIN_005,Dermatofibrosarcoma protuberans,textbooks,DFSP,True,2,https://storage.googleapis.com/pathology-hub-0/_asset_library/textbooks/Molecular_Vasef/page_images/Molecular_Vasef_page_0794.png
SKIN_005,Dermatofibrosarcoma protuberans,textbooks,DFSP,True,3,https://storage.googleapis.com/pathology-hub-public-figures-830130787988/textbook_figures_web_v1/molecular_vasef/molecular_vasef_p0794_fig02_unidentified.jpeg
SKIN_005,Dermatofibrosarcoma protuberans,textbooks,DFSP,True,4,https://pathology-hub-v04-v0-2-staging-vorn5q2kga-uc.a.run.app/figures/textbook?u=Z3M6Ly9wYXRob2xvZ3lfaHViLzAxX3N0YWdlZC90ZXh0Ym9va3MvYXNzZXRzL2ZpZ3VyZV9pbWFnZXMvaG5fZ25lcHAvaG5fZ25lcHBfcDEwNzVfZmlnMDJfZmlnXzE0XzcwLnBuZw&exp=1783364603&sig=5f1fcd38d11d71f6aebca77ac02fee750e1e86ebd7a6a4583c74b0e104171d37
SKIN_005,Dermatofibrosarcoma protuberans,textbooks,DFSP,True,5,https://storage.googleapis.com/pathology-hub-0/_asset_library/textbooks/Hn_Gnepp/page_images/Hn_Gnepp_page_1075.png
SKIN_005,Dermatofibrosarcoma protuberans,textbooks,DFSP,True,6,https://storage.googleapis.com/pathology-hub-public-figures-830130787988/textbook_figures_web_v1/molecular_vasef/molecular_vasef_p0794_fig01_unidentified.jpeg
SKIN_005,Dermatofibrosarcoma protuberans,textbooks,DFSP,True,7,https://storage.googleapis.com/pathology-hub-public-figures-830130787988/textbook_figures_web_v1/molecular_vasef/molecular_vasef_p0794_fig04_unidentified.jpeg
SKIN_005,Dermatofibrosarcoma protuberans,textbooks,DFSP,True,8,https://storage.googleapis.com/pathology-hub-public-figures-830130787988/textbook_figures_web_v1/molecular_vasef/molecular_vasef_p0794_fig05_unidentified.jpeg
SKIN_005,Dermatofibrosarcoma protuberans,textbooks,DFSP,True,9,https://storage.googleapis.com/pathology-hub-public-figures-830130787988/textbook_figures_web_v1/molecular_vasef/molecular_vasef_p0794_fig06_unidentified.jpeg
SKIN_005,Dermatofibrosarcoma protuberans,textbooks,DFSP,True,10,https://storage.googleapis.com/pathology-hub-public-figures-830130787988/textbook_figures_web_v1/molecular_vasef/molecular_vasef_p0794_fig07_unidentified.jpeg
SKIN_005,Dermatofibrosarcoma protuberans,textbooks,DFSP,True,11,https://storage.googleapis.com/pathology-hub-public-figures-830130787988/textbook_figures_web_v1/molecular_vasef/molecular_vasef_p0794_fig08_unidentified.jpeg
SKIN_005,Dermatofibrosarcoma protuberans,textbooks,DFSP,True,12,https://storage.googleapis.com/pathology-hub-public-figures-830130787988/textbook_figures_web_v1/molecular_vasef/molecular_vasef_p0794_fig09_unidentified.jpeg
SKIN_005,Dermatofibrosarcoma protuberans,textbooks,DFSP,True,13,https://storage.googleapis.com/pathology-hub-0/_asset_library/textbooks/Hn_Cardesa/page_images/Hn_Cardesa_page_0742.png
SKIN_005,Dermatofibrosarcoma protuberans,textbooks,DFSP,True,14,https://storage.googleapis.com/pathology-hub-0/_asset_library/textbooks/Hn_Gnepp/page_images/Hn_Gnepp_page_1074.png
SKIN_005,Dermatofibrosarcoma protuberans,textbooks,DFSP,True,15,https://storage.googleapis.com/pathology-hub-0/_asset_library/textbooks/Hn_Atlas/page_images/Hn_Atlas_page_1333.png
SKIN_005,Dermatofibrosarcoma protuberans,textbooks,DFSP,True,16,https://storage.googleapis.com/pathology-hub-0/_asset_library/textbooks/SoftTissue_Pattern/page_images/SoftTissue_Pattern_page_0086.png
SKIN_005,Dermatofibrosarcoma protuberans,who,Dermatofibrosarcoma protuberans skin,True,1,https://storage.googleapis.com/pathology-hub-0/WHO/WHO_PICS/PEDS/17399.jpg
SKIN_005,Dermatofibrosarcoma protuberans,who,Dermatofibrosarcoma protuberans skin,True,2,https://storage.googleapis.com/pathology-hub-0/WHO/WHO_PICS/PEDS/17400.jpg
SKIN_005,Dermatofibrosarcoma protuberans,who,Dermatofibrosarcoma protuberans skin,True,3,https://storage.googleapis.com/pathology-hub-0/WHO/WHO_PICS/PEDS/17401.jpg
SKIN_005,Dermatofibrosarcoma protuberans,who,Dermatofibrosarcoma protuberans skin,True,4,https://storage.googleapis.com/pathology-hub-0/WHO/WHO_PICS/PEDS/17402.jpg
SKIN_005,Dermatofibrosarcoma protuberans,who,Dermatofibrosarcoma protuberans skin,True,5,https://storage.googleapis.com/pathology-hub-0/WHO/WHO_HTML/CYTO_SOFTTISSUE/Dermatofibrosarcoma_Protuberans.html
SKIN_005,Dermatofibrosarcoma protuberans,who,Dermatofibrosarcoma protuberans skin,True,6,https://storage.googleapis.com/pathology-hub-0/WHO/WHO_HTML/SKIN/Fibroblastic_Connective_Tissue_Naevus.html
SKIN_005,Dermatofibrosarcoma protuberans,who,Dermatofibrosarcoma protuberans skin,True,7,https://storage.googleapis.com/pathology-hub-0/WHO/WHO_HTML/PEDS/Dermatofibrosarcoma_Protuberans.html
SKIN_005,Dermatofibrosarcoma protuberans,pathout,Dermatofibrosarcoma protuberans skin,True,1,http://www.pathologyoutlines.com/imgau/AHodgson.jpg
SKIN_005,Dermatofibrosarcoma protuberans,pathout,Dermatofibrosarcoma protuberans skin,True,2,https://www.pathologyoutlines.com/thumb/skintumornonmelanocyticdfsprad01.jpg
SKIN_005,Dermatofibrosarcoma protuberans,pathout,Dermatofibrosarcoma protuberans skin,True,3,https://www.pathologyoutlines.com/thumb/skintumornonmelanocyticdfspijdvl01.jpg
SKIN_005,Dermatofibrosarcoma protuberans,pathout,Dermatofibrosarcoma protuberans skin,True,4,https://www.pathologyoutlines.com/thumb/skintumornonmelanocyticdfspnih01.jpg
SKIN_005,Dermatofibrosarcoma protuberans,textbooks,Dermatofibrosarcoma protuberans skin,True,1,https://storage.googleapis.com/pathology-hub-public-figures-830130787988/textbook_figures_web_v1/hn_gnepp/hn_gnepp_p1074_fig01_fig_14_68.jpeg
SKIN_005,Dermatofibrosarcoma protuberans,textbooks,Dermatofibrosarcoma protuberans skin,True,2,https://storage.googleapis.com/pathology-hub-0/_asset_library/textbooks/Hn_Gnepp/page_images/Hn_Gnepp_page_1074.png
SKIN_005,Dermatofibrosarcoma protuberans,textbooks,Dermatofibrosarcoma protuberans skin,True,3,https://storage.googleapis.com/pathology-hub-public-figures-830130787988/textbook_figures_web_v1/bst_horvai/bst_horvai_p0278_fig03_fig_3.jpeg
SKIN_005,Dermatofibrosarcoma protuberans,textbooks,Dermatofibrosarcoma protuberans skin,True,4,https://storage.googleapis.com/pathology-hub-0/_asset_library/textbooks/BST_Horvai/page_images/BST_Horvai_page_0278.png
SKIN_005,Dermatofibrosarcoma protuberans,textbooks,Dermatofibrosarcoma protuberans skin,True,5,https://storage.googleapis.com/pathology-hub-public-figures-830130787988/textbook_figures_web_v1/hn_cardesa/hn_cardesa_p0742_fig01_fig_15_117.jpeg
SKIN_005,Dermatofibrosarcoma protuberans,textbooks,Dermatofibrosarcoma protuberans skin,True,6,https://storage.googleapis.com/pathology-hub-0/_asset_library/textbooks/Hn_Cardesa/page_images/Hn_Cardesa_page_0742.png
SKIN_005,Dermatofibrosarcoma protuberans,textbooks,Dermatofibrosarcoma protuberans skin,True,7,https://storage.googleapis.com/pathology-hub-public-figures-830130787988/textbook_figures_web_v1/softtissue_pattern/softtissue_pattern_p0440_fig02_figure_15_33.jpeg
SKIN_005,Dermatofibrosarcoma protuberans,textbooks,Dermatofibrosarcoma protuberans skin,True,8,https://storage.googleapis.com/pathology-hub-0/_asset_library/textbooks/SoftTissue_Pattern/page_images/SoftTissue_Pattern_page_0440.png
SKIN_005,Dermatofibrosarcoma protuberans,textbooks,Dermatofibrosarcoma protuberans skin,True,9,https://storage.googleapis.com/pathology-hub-public-figures-830130787988/textbook_figures_web_v1/derm_elston/derm_elston_p0352_fig02_fig_20_33.jpeg
SKIN_005,Dermatofibrosarcoma protuberans,textbooks,Dermatofibrosarcoma protuberans skin,True,10,https://pathology-hub-v04-v0-2-staging-vorn5q2kga-uc.a.run.app/figures/textbook?u=Z3M6Ly9wYXRob2xvZ3lfaHViLzAxX3N0YWdlZC90ZXh0Ym9va3MvYXNzZXRzL2ZpZ3VyZV9pbWFnZXMvaG5fZ25lcHAvaG5fZ25lcHBfcDEwNzRfZmlnMDJfdW5pZGVudGlmaWVkLnBuZw&exp=1783364606&sig=aeb3da109b258e5e43610da6eb40571bf740462ccf7874bdb368e527105624b7
SKIN_005,Dermatofibrosarcoma protuberans,textbooks,Dermatofibrosarcoma protuberans skin,True,11,https://storage.googleapis.com/pathology-hub-public-figures-830130787988/textbook_figures_web_v1/bst_horvai/bst_horvai_p0278_fig01_fig_4.jpeg
SKIN_005,Dermatofibrosarcoma protuberans,textbooks,Dermatofibrosarcoma protuberans skin,True,12,https://storage.googleapis.com/pathology-hub-public-figures-830130787988/textbook_figures_web_v1/bst_horvai/bst_horvai_p0278_fig02_fig_5.jpeg
SKIN_005,Dermatofibrosarcoma protuberans,textbooks,Dermatofibrosarcoma protuberans skin,True,13,https://storage.googleapis.com/pathology-hub-public-figures-830130787988/textbook_figures_web_v1/bst_horvai/bst_horvai_p0278_fig04_fig_6.jpeg
SKIN_005,Dermatofibrosarcoma protuberans,textbooks,Dermatofibrosarcoma protuberans skin,True,14,https://storage.googleapis.com/pathology-hub-public-figures-830130787988/textbook_figures_web_v1/bst_horvai/bst_horvai_p0278_fig05_unidentified.jpeg
SKIN_005,Dermatofibrosarcoma protuberans,textbooks,Dermatofibrosarcoma protuberans skin,True,15,https://storage.googleapis.com/pathology-hub-0/_asset_library/textbooks/Hn_Atlas/page_images/Hn_Atlas_page_1349.png
SKIN_005,Dermatofibrosarcoma protuberans,textbooks,Dermatofibrosarcoma protuberans skin,True,16,https://storage.googleapis.com/pathology-hub-0/_asset_library/textbooks/BST_Horvai/page_images/BST_Horvai_page_0277.png
SKIN_005,Dermatofibrosarcoma protuberans,who,Dermatofibrosarcoma protuberans CD34,True,1,https://storage.googleapis.com/pathology-hub-0/WHO/WHO_PICS/GYN/10291.jpg
SKIN_005,Dermatofibrosarcoma protuberans,who,Dermatofibrosarcoma protuberans CD34,True,2,https://storage.googleapis.com/pathology-hub-0/WHO/WHO_PICS/GYN/10292.jpg
SKIN_005,Dermatofibrosarcoma protuberans,who,Dermatofibrosarcoma protuberans CD34,True,3,https://storage.googleapis.com/pathology-hub-0/WHO/WHO_PICS/GYN/0_0.jpeg
SKIN_005,Dermatofibrosarcoma protuberans,who,Dermatofibrosarcoma protuberans CD34,True,4,https://storage.googleapis.com/pathology-hub-0/WHO/WHO_PICS/PEDS/17399.jpg
SKIN_005,Dermatofibrosarcoma protuberans,who,Dermatofibrosarcoma protuberans CD34,True,5,https://storage.googleapis.com/pathology-hub-0/WHO/WHO_HTML/PEDS/Dermatofibrosarcoma_Protuberans.html
SKIN_005,Dermatofibrosarcoma protuberans,who,Dermatofibrosarcoma protuberans CD34,True,6,https://storage.googleapis.com/pathology-hub-0/WHO/WHO_HTML/GYN/Dermatofibrosarcoma_Protuberans.html
SKIN_005,Dermatofibrosarcoma protuberans,pathout,Dermatofibrosarcoma protuberans CD34,True,1,http://www.pathologyoutlines.com/imgau/AHodgson.jpg
SKIN_005,Dermatofibrosarcoma protuberans,pathout,Dermatofibrosarcoma protuberans CD34,True,2,https://www.pathologyoutlines.com/thumb/skintumornonmelanocyticdfsprad01.jpg
SKIN_005,Dermatofibrosarcoma protuberans,pathout,Dermatofibrosarcoma protuberans CD34,True,3,https://www.pathologyoutlines.com/thumb/skintumornonmelanocyticdfspijdvl01.jpg
SKIN_005,Dermatofibrosarcoma protuberans,pathout,Dermatofibrosarcoma protuberans CD34,True,4,https://www.pathologyoutlines.com/thumb/skintumornonmelanocyticdfspnih01.jpg
SKIN_005,Dermatofibrosarcoma protuberans,textbooks,Dermatofibrosarcoma protuberans CD34,True,1,https://storage.googleapis.com/pathology-hub-public-figures-830130787988/textbook_figures_web_v1/bst_horvai/bst_horvai_p0278_fig04_fig_6.jpeg
SKIN_005,Dermatofibrosarcoma protuberans,textbooks,Dermatofibrosarcoma protuberans CD34,True,2,https://storage.googleapis.com/pathology-hub-0/_asset_library/textbooks/BST_Horvai/page_images/BST_Horvai_page_0278.png
SKIN_005,Dermatofibrosarcoma protuberans,textbooks,Dermatofibrosarcoma protuberans CD34,True,3,https://storage.googleapis.com/pathology-hub-public-figures-830130787988/textbook_figures_web_v1/bst_horvai/bst_horvai_p0282_fig02_fig_4.jpeg
SKIN_005,Dermatofibrosarcoma protuberans,textbooks,Dermatofibrosarcoma protuberans CD34,True,4,https://storage.googleapis.com/pathology-hub-0/_asset_library/textbooks/BST_Horvai/page_images/BST_Horvai_page_0282.png
SKIN_005,Dermatofibrosarcoma protuberans,textbooks,Dermatofibrosarcoma protuberans CD34,True,5,https://storage.googleapis.com/pathology-hub-public-figures-830130787988/textbook_figures_web_v1/softtissue_pattern/softtissue_pattern_p0444_fig02_figure_15_44.jpeg
SKIN_005,Dermatofibrosarcoma protuberans,textbooks,Dermatofibrosarcoma protuberans CD34,True,6,https://storage.googleapis.com/pathology-hub-0/_asset_library/textbooks/SoftTissue_Pattern/page_images/SoftTissue_Pattern_page_0444.png
SKIN_005,Dermatofibrosarcoma protuberans,textbooks,Dermatofibrosarcoma protuberans CD34,True,7,https://storage.googleapis.com/pathology-hub-public-figures-830130787988/textbook_figures_web_v1/hn_gnepp/hn_gnepp_p1074_fig01_fig_14_68.jpeg
SKIN_005,Dermatofibrosarcoma protuberans,textbooks,Dermatofibrosarcoma protuberans CD34,True,8,https://storage.googleapis.com/pathology-hub-0/_asset_library/textbooks/Hn_Gnepp/page_images/Hn_Gnepp_page_1074.png
SKIN_005,Dermatofibrosarcoma protuberans,textbooks,Dermatofibrosarcoma protuberans CD34,True,9,https://storage.googleapis.com/pathology-hub-public-figures-830130787988/textbook_figures_web_v1/bst_horvai/bst_horvai_p0278_fig01_fig_4.jpeg
SKIN_005,Dermatofibrosarcoma protuberans,textbooks,Dermatofibrosarcoma protuberans CD34,True,10,https://storage.googleapis.com/pathology-hub-public-figures-830130787988/textbook_figures_web_v1/bst_horvai/bst_horvai_p0278_fig02_fig_5.jpeg
SKIN_005,Dermatofibrosarcoma protuberans,textbooks,Dermatofibrosarcoma protuberans CD34,True,11,https://storage.googleapis.com/pathology-hub-public-figures-830130787988/textbook_figures_web_v1/bst_horvai/bst_horvai_p0278_fig03_fig_3.jpeg
SKIN_005,Dermatofibrosarcoma protuberans,textbooks,Dermatofibrosarcoma protuberans CD34,True,12,https://storage.googleapis.com/pathology-hub-public-figures-830130787988/textbook_figures_web_v1/bst_horvai/bst_horvai_p0278_fig05_unidentified.jpeg
SKIN_005,Dermatofibrosarcoma protuberans,textbooks,Dermatofibrosarcoma protuberans CD34,True,13,https://storage.googleapis.com/pathology-hub-public-figures-830130787988/textbook_figures_web_v1/bst_horvai/bst_horvai_p0278_fig06_unidentified.jpeg
SKIN_005,Dermatofibrosarcoma protuberans,textbooks,Dermatofibrosarcoma protuberans CD34,True,14,https://storage.googleapis.com/pathology-hub-public-figures-830130787988/textbook_figures_web_v1/bst_horvai/bst_horvai_p0278_fig07_unidentified.jpeg
BST_001,Ewing sarcoma,who,Ewing sarcoma,True,1,https://storage.googleapis.com/pathology-hub-0/WHO/WHO_PICS/PEDS/17789.jpg
BST_001,Ewing sarcoma,who,Ewing sarcoma,True,2,https://storage.googleapis.com/pathology-hub-0/WHO/WHO_PICS/PEDS/17790.jpg
BST_001,Ewing sarcoma,who,Ewing sarcoma,True,3,https://storage.googleapis.com/pathology-hub-0/WHO/WHO_PICS/PEDS/17791.jpg
BST_001,Ewing sarcoma,who,Ewing sarcoma,True,4,https://storage.googleapis.com/pathology-hub-0/WHO/WHO_PICS/PEDS/23613.jpg
BST_001,Ewing sarcoma,who,Ewing sarcoma,True,5,https://storage.googleapis.com/pathology-hub-0/WHO/WHO_HTML/PEDS/Renal_Ewing_Sarcoma.html
BST_001,Ewing sarcoma,who,Ewing sarcoma,True,6,https://storage.googleapis.com/pathology-hub-0/WHO/WHO_HTML/HN/Ewing_Sarcoma.html
BST_001,Ewing sarcoma,pathout,Ewing sarcoma,True,1,https://www.pathologyoutlines.com/thumb/boneewingdiagPP01.png
BST_001,Ewing sarcoma,pathout,Ewing sarcoma,True,2,https://www.pathologyoutlines.com/imgau/boneewingradAFIP1.jpg
BST_001,Ewing sarcoma,pathout,Ewing sarcoma,True,3,https://www.pathologyoutlines.com/thumb/boneewingrad01.jpg
BST_001,Ewing sarcoma,pathout,Ewing sarcoma,True,4,https://www.pathologyoutlines.com/thumb/boneewingrad02.jpg
BST_001,Ewing sarcoma,textbooks,Ewing sarcoma,True,1,https://storage.googleapis.com/pathology-hub-public-figures-830130787988/textbook_figures_web_v1/bst_horvai/bst_horvai_p0181_fig03_fig_4.jpeg
BST_001,Ewing sarcoma,textbooks,Ewing sarcoma,True,2,https://storage.googleapis.com/pathology-hub-0/_asset_library/textbooks/BST_Horvai/page_images/BST_Horvai_page_0181.png
BST_001,Ewing sarcoma,textbooks,Ewing sarcoma,True,3,https://storage.googleapis.com/pathology-hub-public-figures-830130787988/textbook_figures_web_v1/neuro_kleinschmidt/neuro_kleinschmidt_p0503_fig01_unidentified.jpeg
BST_001,Ewing sarcoma,textbooks,Ewing sarcoma,True,4,https://storage.googleapis.com/pathology-hub-0/_asset_library/textbooks/Neuro_Kleinschmidt/page_images/Neuro_Kleinschmidt_page_0503.png
BST_001,Ewing sarcoma,textbooks,Ewing sarcoma,True,5,https://storage.googleapis.com/pathology-hub-public-figures-830130787988/textbook_figures_web_v1/neuro_kleinschmidt/neuro_kleinschmidt_p0503_fig02_unidentified.jpeg
BST_001,Ewing sarcoma,textbooks,Ewing sarcoma,True,6,https://storage.googleapis.com/pathology-hub-public-figures-830130787988/textbook_figures_web_v1/neuro_kleinschmidt/neuro_kleinschmidt_p0503_fig03_unidentified.jpeg
BST_001,Ewing sarcoma,textbooks,Ewing sarcoma,True,7,https://storage.googleapis.com/pathology-hub-public-figures-830130787988/textbook_figures_web_v1/neuro_kleinschmidt/neuro_kleinschmidt_p0503_fig04_unidentified.jpeg
BST_001,Ewing sarcoma,textbooks,Ewing sarcoma,True,8,https://storage.googleapis.com/pathology-hub-public-figures-830130787988/textbook_figures_web_v1/neuro_kleinschmidt/neuro_kleinschmidt_p0503_fig05_unidentified.jpeg
BST_001,Ewing sarcoma,textbooks,Ewing sarcoma,True,9,https://storage.googleapis.com/pathology-hub-public-figures-830130787988/textbook_figures_web_v1/neuro_kleinschmidt/neuro_kleinschmidt_p0503_fig06_unidentified.jpeg
BST_001,Ewing sarcoma,textbooks,Ewing sarcoma,True,10,https://storage.googleapis.com/pathology-hub-public-figures-830130787988/textbook_figures_web_v1/neuro_kleinschmidt/neuro_kleinschmidt_p0503_fig07_unidentified.jpeg
BST_001,Ewing sarcoma,textbooks,Ewing sarcoma,True,11,https://storage.googleapis.com/pathology-hub-public-figures-830130787988/textbook_figures_web_v1/bst_horvai/bst_horvai_p0180_fig01_unidentified.jpeg
BST_001,Ewing sarcoma,textbooks,Ewing sarcoma,True,12,https://storage.googleapis.com/pathology-hub-0/_asset_library/textbooks/BST_Horvai/page_images/BST_Horvai_page_0180.png
BST_001,Ewing sarcoma,textbooks,Ewing sarcoma,True,13,https://storage.googleapis.com/pathology-hub-public-figures-830130787988/textbook_figures_web_v1/bst_horvai/bst_horvai_p0181_fig01_fig_1.jpeg
BST_001,Ewing sarcoma,textbooks,Ewing sarcoma,True,14,https://storage.googleapis.com/pathology-hub-0/_asset_library/textbooks/Bone_Dorfman/page_images/Bone_Dorfman_page_0790.png
BST_001,Ewing sarcoma,textbooks,Ewing sarcoma,True,15,https://storage.googleapis.com/pathology-hub-0/_asset_library/textbooks/Bone_Dorfman/page_images/Bone_Dorfman_page_0762.png
BST_001,Ewing sarcoma,textbooks,Ewing sarcoma,True,16,https://storage.googleapis.com/pathology-hub-0/_asset_library/textbooks/Bone_Dorfman/page_images/Bone_Dorfman_page_0772.png
BST_001,Ewing sarcoma,textbooks,Ewing sarcoma,True,17,https://storage.googleapis.com/pathology-hub-0/_asset_library/textbooks/Bone_Dorfman/page_images/Bone_Dorfman_page_0793.png
BST_001,Ewing sarcoma,textbooks,Ewing sarcoma,True,18,https://storage.googleapis.com/pathology-hub-0/_asset_library/textbooks/Bone_Dorfman/page_images/Bone_Dorfman_page_0774.png
BST_001,Ewing sarcoma,textbooks,Ewing sarcoma,True,19,https://storage.googleapis.com/pathology-hub-0/_asset_library/textbooks/Bone_Dorfman/page_images/Bone_Dorfman_page_0813.png
BST_001,Ewing sarcoma,who,Ewing sarcoma bone,True,1,https://tumourclassification.iarc.who.int/static/dzi/65/304/34492.jpg
BST_001,Ewing sarcoma,who,Ewing sarcoma bone,True,2,https://tumourclassification.iarc.who.int/static/dzi/65/304/36520.jpg
BST_001,Ewing sarcoma,who,Ewing sarcoma bone,True,3,https://tumourclassification.iarc.who.int/static/dzi/65/304/36521.jpg
BST_001,Ewing sarcoma,who,Ewing sarcoma bone,True,4,https://storage.googleapis.com/pathology-hub-0/WHO/WHO_PICS/GYN/12981.jpg
BST_001,Ewing sarcoma,who,Ewing sarcoma bone,True,5,https://storage.googleapis.com/pathology-hub-0/WHO/WHO_HTML/GYN/Ewing_Sarcoma.html
BST_001,Ewing sarcoma,who,Ewing sarcoma bone,True,6,https://storage.googleapis.com/pathology-hub-0/WHO/WHO_HTML/EYE/Ewing_Sarcoma.html
BST_001,Ewing sarcoma,who,Ewing sarcoma bone,True,7,https://storage.googleapis.com/pathology-hub-0/WHO/WHO_HTML/BST/Ewing_Sarcoma.html
BST_001,Ewing sarcoma,pathout,Ewing sarcoma bone,True,1,https://www.pathologyoutlines.com/thumb/boneewingdiagPP01.png
BST_001,Ewing sarcoma,pathout,Ewing sarcoma bone,True,2,https://www.pathologyoutlines.com/imgau/boneewingradAFIP1.jpg
BST_001,Ewing sarcoma,pathout,Ewing sarcoma bone,True,3,https://www.pathologyoutlines.com/thumb/boneewingrad01.jpg
BST_001,Ewing sarcoma,pathout,Ewing sarcoma bone,True,4,https://www.pathologyoutlines.com/thumb/boneewingrad02.jpg
BST_001,Ewing sarcoma,textbooks,Ewing sarcoma bone,True,1,https://storage.googleapis.com/pathology-hub-public-figures-830130787988/textbook_figures_web_v1/bst_horvai/bst_horvai_p0181_fig03_fig_4.jpeg
BST_001,Ewing sarcoma,textbooks,Ewing sarcoma bone,True,2,https://storage.googleapis.com/pathology-hub-0/_asset_library/textbooks/BST_Horvai/page_images/BST_Horvai_page_0181.png
BST_001,Ewing sarcoma,textbooks,Ewing sarcoma bone,True,3,https://storage.googleapis.com/pathology-hub-public-figures-830130787988/textbook_figures_web_v1/bst_horvai/bst_horvai_p0181_fig01_fig_1.jpeg
BST_001,Ewing sarcoma,textbooks,Ewing sarcoma bone,True,4,https://storage.googleapis.com/pathology-hub-public-figures-830130787988/textbook_figures_web_v1/bst_horvai/bst_horvai_p0181_fig02_fig_3.jpeg
BST_001,Ewing sarcoma,textbooks,Ewing sarcoma bone,True,5,https://storage.googleapis.com/pathology-hub-public-figures-830130787988/textbook_figures_web_v1/bst_horvai/bst_horvai_p0181_fig04_fig_2.jpeg
BST_001,Ewing sarcoma,textbooks,Ewing sarcoma bone,True,6,https://storage.googleapis.com/pathology-hub-public-figures-830130787988/textbook_figures_web_v1/bst_horvai/bst_horvai_p0181_fig05_unidentified.jpeg
BST_001,Ewing sarcoma,textbooks,Ewing sarcoma bone,True,7,https://storage.googleapis.com/pathology-hub-public-figures-830130787988/textbook_figures_web_v1/bst_horvai/bst_horvai_p0181_fig06_unidentified.jpeg
BST_001,Ewing sarcoma,textbooks,Ewing sarcoma bone,True,8,https://storage.googleapis.com/pathology-hub-public-figures-830130787988/textbook_figures_web_v1/bone_pattern/bone_pattern_p0272_fig01_fig_14_11a.jpeg
BST_001,Ewing sarcoma,textbooks,Ewing sarcoma bone,True,9,https://storage.googleapis.com/pathology-hub-0/_asset_library/textbooks/Bone_Pattern/page_images/Bone_Pattern_page_0272.png
BST_001,Ewing sarcoma,textbooks,Ewing sarcoma bone,True,10,https://storage.googleapis.com/pathology-hub-public-figures-830130787988/textbook_figures_web_v1/bone_pattern/bone_pattern_p0272_fig02_fig_14_11b.jpeg
BST_001,Ewing sarcoma,textbooks,Ewing sarcoma bone,True,11,https://storage.googleapis.com/pathology-hub-0/_asset_library/textbooks/Bone_Dorfman/page_images/Bone_Dorfman_page_0790.png
BST_001,Ewing sarcoma,textbooks,Ewing sarcoma bone,True,12,https://storage.googleapis.com/pathology-hub-0/_asset_library/textbooks/Bone_Dorfman/page_images/Bone_Dorfman_page_0787.png
BST_001,Ewing sarcoma,textbooks,Ewing sarcoma bone,True,13,https://storage.googleapis.com/pathology-hub-0/_asset_library/textbooks/Bone_Dorfman/page_images/Bone_Dorfman_page_0774.png
BST_001,Ewing sarcoma,textbooks,Ewing sarcoma bone,True,14,https://storage.googleapis.com/pathology-hub-0/_asset_library/textbooks/Bone_Dorfman/page_images/Bone_Dorfman_page_0762.png
BST_001,Ewing sarcoma,textbooks,Ewing sarcoma bone,True,15,https://storage.googleapis.com/pathology-hub-0/_asset_library/textbooks/Bone_Dorfman/page_images/Bone_Dorfman_page_0777.png
BST_001,Ewing sarcoma,textbooks,Ewing sarcoma bone,True,16,https://storage.googleapis.com/pathology-hub-0/_asset_library/textbooks/Bone_Dorfman/page_images/Bone_Dorfman_page_0786.png
BST_001,Ewing sarcoma,textbooks,Ewing sarcoma bone,True,17,https://storage.googleapis.com/pathology-hub-0/_asset_library/textbooks/Bone_Dorfman/page_images/Bone_Dorfman_page_0772.png
BST_001,Ewing sarcoma,textbooks,Ewing sarcoma bone,True,18,https://storage.googleapis.com/pathology-hub-0/_asset_library/textbooks/Bone_Dorfman/page_images/Bone_Dorfman_page_0788.png
BST_001,Ewing sarcoma,who,Ewing sarcoma CD99 FLI1,True,1,https://tumourclassification.iarc.who.int/static/dzi/65/304/34492.jpg
BST_001,Ewing sarcoma,who,Ewing sarcoma CD99 FLI1,True,2,https://tumourclassification.iarc.who.int/static/dzi/65/304/36520.jpg
BST_001,Ewing sarcoma,who,Ewing sarcoma CD99 FLI1,True,3,https://tumourclassification.iarc.who.int/static/dzi/65/304/36521.jpg
BST_001,Ewing sarcoma,who,Ewing sarcoma CD99 FLI1,True,4,https://storage.googleapis.com/pathology-hub-0/WHO/WHO_PICS/GYN/12981.jpg
BST_001,Ewing sarcoma,who,Ewing sarcoma CD99 FLI1,True,5,https://storage.googleapis.com/pathology-hub-0/WHO/WHO_HTML/GYN/Ewing_Sarcoma.html
BST_001,Ewing sarcoma,who,Ewing sarcoma CD99 FLI1,True,6,https://storage.googleapis.com/pathology-hub-0/WHO/WHO_HTML/EYE/Ewing_Sarcoma.html
BST_001,Ewing sarcoma,who,Ewing sarcoma CD99 FLI1,True,7,https://storage.googleapis.com/pathology-hub-0/WHO/WHO_HTML/HN/Ewing_Sarcoma.html
BST_001,Ewing sarcoma,pathout,Ewing sarcoma CD99 FLI1,True,1,https://www.pathologyoutlines.com/thumb/nasalolfactoryneuroblastomaradio1.jpg
BST_001,Ewing sarcoma,pathout,Ewing sarcoma CD99 FLI1,True,2,https://www.pathologyoutlines.com/thumb/nasalolfactoryneuroblastomaradio2.jpg
BST_001,Ewing sarcoma,pathout,Ewing sarcoma CD99 FLI1,True,3,https://www.pathologyoutlines.com/thumb/nasalolfactoryneuroblastomaradio3.jpg
BST_001,Ewing sarcoma,pathout,Ewing sarcoma CD99 FLI1,True,4,https://www.pathologyoutlines.com/thumb/nasalolfactoryneuroblastomaclinical1.jpg
BST_001,Ewing sarcoma,textbooks,Ewing sarcoma CD99 FLI1,True,1,https://storage.googleapis.com/pathology-hub-public-figures-830130787988/textbook_figures_web_v1/gu_practical/gu_practical_p0973_fig01_figure_40_73.jpeg
BST_001,Ewing sarcoma,textbooks,Ewing sarcoma CD99 FLI1,True,2,https://storage.googleapis.com/pathology-hub-0/_asset_library/textbooks/Gu_Practical/page_images/Gu_Practical_page_0973.png
BST_001,Ewing sarcoma,textbooks,Ewing sarcoma CD99 FLI1,True,3,https://storage.googleapis.com/pathology-hub-public-figures-830130787988/textbook_figures_web_v1/bone_pattern/bone_pattern_p0275_fig02_fig_14_12e.jpeg
BST_001,Ewing sarcoma,textbooks,Ewing sarcoma CD99 FLI1,True,4,https://storage.googleapis.com/pathology-hub-0/_asset_library/textbooks/Bone_Pattern/page_images/Bone_Pattern_page_0275.png
BST_001,Ewing sarcoma,textbooks,Ewing sarcoma CD99 FLI1,True,5,https://storage.googleapis.com/pathology-hub-public-figures-830130787988/textbook_figures_web_v1/bone_pattern/bone_pattern_p0115_fig01_figure_4_27.jpeg
BST_001,Ewing sarcoma,textbooks,Ewing sarcoma CD99 FLI1,True,6,https://storage.googleapis.com/pathology-hub-0/_asset_library/textbooks/Bone_Pattern/page_images/Bone_Pattern_page_0115.png
BST_001,Ewing sarcoma,textbooks,Ewing sarcoma CD99 FLI1,True,7,https://storage.googleapis.com/pathology-hub-public-figures-830130787988/textbook_figures_web_v1/bone_pattern/bone_pattern_p0265_fig02_fig_14_6.jpeg
BST_001,Ewing sarcoma,textbooks,Ewing sarcoma CD99 FLI1,True,8,https://storage.googleapis.com/pathology-hub-0/_asset_library/textbooks/Bone_Pattern/page_images/Bone_Pattern_page_0265.png
BST_001,Ewing sarcoma,textbooks,Ewing sarcoma CD99 FLI1,True,9,https://storage.googleapis.com/pathology-hub-public-figures-830130787988/textbook_figures_web_v1/softtissue_pattern/softtissue_pattern_p0262_fig01_figure_8_4.jpeg
BST_001,Ewing sarcoma,textbooks,Ewing sarcoma CD99 FLI1,True,10,https://storage.googleapis.com/pathology-hub-0/_asset_library/textbooks/SoftTissue_Pattern/page_images/SoftTissue_Pattern_page_0262.png
BST_001,Ewing sarcoma,textbooks,Ewing sarcoma CD99 FLI1,True,11,https://storage.googleapis.com/pathology-hub-public-figures-830130787988/textbook_figures_web_v1/softtissue_pattern/softtissue_pattern_p0262_fig02_figure_8_5.jpeg
BST_001,Ewing sarcoma,textbooks,Ewing sarcoma CD99 FLI1,True,12,https://storage.googleapis.com/pathology-hub-public-figures-830130787988/textbook_figures_web_v1/softtissue_pattern/softtissue_pattern_p0262_fig03_figure_8_6.jpeg
BST_001,Ewing sarcoma,textbooks,Ewing sarcoma CD99 FLI1,True,13,https://storage.googleapis.com/pathology-hub-public-figures-830130787988/textbook_figures_web_v1/softtissue_enzinger/softtissue_enzinger_p0159_fig01_fig_6_21.jpeg
BST_001,Ewing sarcoma,textbooks,Ewing sarcoma CD99 FLI1,True,14,https://storage.googleapis.com/pathology-hub-0/_asset_library/textbooks/SoftTissue_Enzinger/page_images/SoftTissue_Enzinger_page_0159.png
BST_001,Ewing sarcoma,textbooks,Ewing sarcoma CD99 FLI1,True,15,https://storage.googleapis.com/pathology-hub-public-figures-830130787988/textbook_figures_web_v1/softtissue_enzinger/softtissue_enzinger_p0159_fig02_unidentified.jpeg
BST_001,Ewing sarcoma,textbooks,Ewing sarcoma CD99 FLI1,True,16,https://storage.googleapis.com/pathology-hub-public-figures-830130787988/textbook_figures_web_v1/softtissue_enzinger/softtissue_enzinger_p0159_fig03_unidentified.jpeg
BST_001,Ewing sarcoma,textbooks,Ewing sarcoma CD99 FLI1,True,17,https://storage.googleapis.com/pathology-hub-0/_asset_library/textbooks/Molecular_Vasef/page_images/Molecular_Vasef_page_0813.png
BST_001,Ewing sarcoma,textbooks,Ewing sarcoma CD99 FLI1,True,18,https://storage.googleapis.com/pathology-hub-0/_asset_library/textbooks/Bone_Dorfman/page_images/Bone_Dorfman_page_0135.png
BST_002,Osteosarcoma,who,Osteosarcoma,True,1,https://storage.googleapis.com/pathology-hub-0/WHO/WHO_PICS/BST/5634.jpg
BST_002,Osteosarcoma,who,Osteosarcoma,True,2,https://storage.googleapis.com/pathology-hub-0/WHO/WHO_PICS/BST/5635.jpg
BST_002,Osteosarcoma,who,Osteosarcoma,True,3,https://storage.googleapis.com/pathology-hub-0/WHO/WHO_PICS/BST/5636.jpg
BST_002,Osteosarcoma,who,Osteosarcoma,True,4,https://storage.googleapis.com/pathology-hub-0/WHO/WHO_PICS/BST/5637.jpg
BST_002,Osteosarcoma,who,Osteosarcoma,True,5,https://storage.googleapis.com/pathology-hub-0/WHO/WHO_HTML/BST/Low_Grade_Central_Osteosarcoma.html
BST_002,Osteosarcoma,who,Osteosarcoma,True,6,https://storage.googleapis.com/pathology-hub-0/WHO/WHO_HTML/BST/High_Grade_Surface_Osteosarcoma.html
BST_002,Osteosarcoma,who,Osteosarcoma,True,7,https://storage.googleapis.com/pathology-hub-0/WHO/WHO_HTML/BST/Extraskeletal_Osteosarcoma.html
BST_002,Osteosarcoma,who,Osteosarcoma,True,8,https://storage.googleapis.com/pathology-hub-0/WHO/WHO_HTML/EYE/Osteosarcoma.html
BST_002,Osteosarcoma,pathout,Osteosarcoma,True,1,https://www.pathologyoutlines.com/site/AuthorAwards_Gold.png
BST_002,Osteosarcoma,pathout,Osteosarcoma,True,2,https://www.pathologyoutlines.com/imgau/boneosteosarcomageneralHart01.jpg
BST_002,Osteosarcoma,pathout,Osteosarcoma,True,3,https://www.pathologyoutlines.com/imgau/boneosteosarcomageneralHartradio1.jpg
BST_002,Osteosarcoma,pathout,Osteosarcoma,True,4,https://www.pathologyoutlines.com/imgau/boneosteosarcomageneralAlexievnew2.jpg
BST_002,Osteosarcoma,textbooks,Osteosarcoma,True,1,https://storage.googleapis.com/pathology-hub-public-figures-830130787988/textbook_figures_web_v1/bone_atlas/bone_atlas_p0063_fig01_fig_2_45.jpeg
BST_002,Osteosarcoma,textbooks,Osteosarcoma,True,2,https://storage.googleapis.com/pathology-hub-0/_asset_library/textbooks/Bone_Atlas/page_images/Bone_Atlas_page_0063.png
BST_002,Osteosarcoma,textbooks,Osteosarcoma,True,3,https://storage.googleapis.com/pathology-hub-public-figures-830130787988/textbook_figures_web_v1/bone_atlas/bone_atlas_p0080_fig01_fig_2_79.jpeg
BST_002,Osteosarcoma,textbooks,Osteosarcoma,True,4,https://storage.googleapis.com/pathology-hub-0/_asset_library/textbooks/Bone_Atlas/page_images/Bone_Atlas_page_0080.png
BST_002,Osteosarcoma,textbooks,Osteosarcoma,True,5,https://storage.googleapis.com/pathology-hub-public-figures-830130787988/textbook_figures_web_v1/cyto_cibas/cyto_cibas_p0619_fig01_fig_18_8.jpeg
BST_002,Osteosarcoma,textbooks,Osteosarcoma,True,6,https://storage.googleapis.com/pathology-hub-0/_asset_library/textbooks/Cyto_Cibas/page_images/Cyto_Cibas_page_0619.png
BST_002,Osteosarcoma,textbooks,Osteosarcoma,True,7,https://storage.googleapis.com/pathology-hub-public-figures-830130787988/textbook_figures_web_v1/cyto_cibas/cyto_cibas_p0619_fig02_fig_18_9b.jpeg
BST_002,Osteosarcoma,textbooks,Osteosarcoma,True,8,https://storage.googleapis.com/pathology-hub-public-figures-830130787988/textbook_figures_web_v1/bst_horvai/bst_horvai_p0131_fig01_unidentified.jpeg
BST_002,Osteosarcoma,textbooks,Osteosarcoma,True,9,https://storage.googleapis.com/pathology-hub-0/_asset_library/textbooks/BST_Horvai/page_images/BST_Horvai_page_0131.png
BST_002,Osteosarcoma,textbooks,Osteosarcoma,True,10,https://storage.googleapis.com/pathology-hub-public-figures-830130787988/textbook_figures_web_v1/bone_atlas/bone_atlas_p0063_fig02_fig_2_46.jpeg
BST_002,Osteosarcoma,textbooks,Osteosarcoma,True,11,https://storage.googleapis.com/pathology-hub-public-figures-830130787988/textbook_figures_web_v1/bone_atlas/bone_atlas_p0080_fig02_fig_2_80.jpeg
BST_002,Osteosarcoma,textbooks,Osteosarcoma,True,12,https://storage.googleapis.com/pathology-hub-0/_asset_library/textbooks/Bone_Dorfman/page_images/Bone_Dorfman_page_0223.png
BST_002,Osteosarcoma,textbooks,Osteosarcoma,True,13,https://storage.googleapis.com/pathology-hub-0/_asset_library/textbooks/Bone_Dorfman/page_images/Bone_Dorfman_page_0202.png
BST_002,Osteosarcoma,textbooks,Osteosarcoma,True,14,https://storage.googleapis.com/pathology-hub-0/_asset_library/textbooks/Bone_Dorfman/page_images/Bone_Dorfman_page_0203.png
BST_002,Osteosarcoma,textbooks,Osteosarcoma,True,15,https://storage.googleapis.com/pathology-hub-0/_asset_library/textbooks/Bone_Dorfman/page_images/Bone_Dorfman_page_0004.png
BST_002,Osteosarcoma,textbooks,Osteosarcoma,True,16,https://storage.googleapis.com/pathology-hub-0/_asset_library/textbooks/Bone_Dorfman/page_images/Bone_Dorfman_page_0240.png
BST_002,Osteosarcoma,textbooks,Osteosarcoma,True,17,https://storage.googleapis.com/pathology-hub-0/_asset_library/textbooks/Bone_Dorfman/page_images/Bone_Dorfman_page_0333.png
BST_002,Osteosarcoma,who,Osteosarcoma bone,True,1,https://storage.googleapis.com/pathology-hub-0/WHO/WHO_HTML/EYE/Osteosarcoma.html
BST_002,Osteosarcoma,pathout,Osteosarcoma bone,True,1,https://www.pathologyoutlines.com/site/AuthorAwards_Gold.png
BST_002,Osteosarcoma,pathout,Osteosarcoma bone,True,2,https://www.pathologyoutlines.com/imgau/boneosteosarcomageneralHart01.jpg
BST_002,Osteosarcoma,pathout,Osteosarcoma bone,True,3,https://www.pathologyoutlines.com/imgau/boneosteosarcomageneralHartradio1.jpg
BST_002,Osteosarcoma,pathout,Osteosarcoma bone,True,4,https://www.pathologyoutlines.com/imgau/boneosteosarcomageneralAlexievnew2.jpg
BST_002,Osteosarcoma,textbooks,Osteosarcoma bone,True,1,https://storage.googleapis.com/pathology-hub-public-figures-830130787988/textbook_figures_web_v1/bone_atlas/bone_atlas_p0063_fig01_fig_2_45.jpeg
BST_002,Osteosarcoma,textbooks,Osteosarcoma bone,True,2,https://storage.googleapis.com/pathology-hub-0/_asset_library/textbooks/Bone_Atlas/page_images/Bone_Atlas_page_0063.png
BST_002,Osteosarcoma,textbooks,Osteosarcoma bone,True,3,https://storage.googleapis.com/pathology-hub-public-figures-830130787988/textbook_figures_web_v1/bone_atlas/bone_atlas_p0110_fig01_fig_2_135.jpeg
BST_002,Osteosarcoma,textbooks,Osteosarcoma bone,True,4,https://storage.googleapis.com/pathology-hub-0/_asset_library/textbooks/Bone_Atlas/page_images/Bone_Atlas_page_0110.png
BST_002,Osteosarcoma,textbooks,Osteosarcoma bone,True,5,https://storage.googleapis.com/pathology-hub-public-figures-830130787988/textbook_figures_web_v1/bone_atlas/bone_atlas_p0084_fig02_fig_2_87.jpeg
BST_002,Osteosarcoma,textbooks,Osteosarcoma bone,True,6,https://storage.googleapis.com/pathology-hub-0/_asset_library/textbooks/Bone_Atlas/page_images/Bone_Atlas_page_0084.png
BST_002,Osteosarcoma,textbooks,Osteosarcoma bone,True,7,https://storage.googleapis.com/pathology-hub-public-figures-830130787988/textbook_figures_web_v1/bone_atlas/bone_atlas_p0080_fig01_fig_2_79.jpeg
BST_002,Osteosarcoma,textbooks,Osteosarcoma bone,True,8,https://storage.googleapis.com/pathology-hub-0/_asset_library/textbooks/Bone_Atlas/page_images/Bone_Atlas_page_0080.png
BST_002,Osteosarcoma,textbooks,Osteosarcoma bone,True,9,https://storage.googleapis.com/pathology-hub-public-figures-830130787988/textbook_figures_web_v1/bone_atlas/bone_atlas_p0063_fig02_fig_2_46.jpeg
BST_002,Osteosarcoma,textbooks,Osteosarcoma bone,True,10,https://storage.googleapis.com/pathology-hub-public-figures-830130787988/textbook_figures_web_v1/bone_atlas/bone_atlas_p0110_fig02_fig_2_136.jpeg
BST_002,Osteosarcoma,textbooks,Osteosarcoma bone,True,11,https://storage.googleapis.com/pathology-hub-public-figures-830130787988/textbook_figures_web_v1/bone_atlas/bone_atlas_p0084_fig01_fig_2_86.jpeg
BST_002,Osteosarcoma,textbooks,Osteosarcoma bone,True,12,https://storage.googleapis.com/pathology-hub-public-figures-830130787988/textbook_figures_web_v1/bone_atlas/bone_atlas_p0080_fig02_fig_2_80.jpeg
BST_002,Osteosarcoma,textbooks,Osteosarcoma bone,True,13,https://storage.googleapis.com/pathology-hub-0/_asset_library/textbooks/Bone_Dorfman/page_images/Bone_Dorfman_page_0004.png
BST_002,Osteosarcoma,textbooks,Osteosarcoma bone,True,14,https://storage.googleapis.com/pathology-hub-0/_asset_library/textbooks/Bone_Dorfman/page_images/Bone_Dorfman_page_0203.png
BST_002,Osteosarcoma,textbooks,Osteosarcoma bone,True,15,https://storage.googleapis.com/pathology-hub-0/_asset_library/textbooks/Bone_Dorfman/page_images/Bone_Dorfman_page_0333.png
BST_002,Osteosarcoma,textbooks,Osteosarcoma bone,True,16,https://storage.googleapis.com/pathology-hub-0/_asset_library/textbooks/Bone_Dorfman/page_images/Bone_Dorfman_page_0223.png
BST_002,Osteosarcoma,textbooks,Osteosarcoma bone,True,17,https://storage.googleapis.com/pathology-hub-0/_asset_library/textbooks/Bone_Dorfman/page_images/Bone_Dorfman_page_0273.png
BST_002,Osteosarcoma,who,Osteosarcoma osteoid production,True,1,https://storage.googleapis.com/pathology-hub-0/WHO/WHO_PICS/BST/5634.jpg
BST_002,Osteosarcoma,who,Osteosarcoma osteoid production,True,2,https://storage.googleapis.com/pathology-hub-0/WHO/WHO_PICS/BST/5635.jpg
BST_002,Osteosarcoma,who,Osteosarcoma osteoid production,True,3,https://storage.googleapis.com/pathology-hub-0/WHO/WHO_PICS/BST/5636.jpg
BST_002,Osteosarcoma,who,Osteosarcoma osteoid production,True,4,https://storage.googleapis.com/pathology-hub-0/WHO/WHO_PICS/BST/5637.jpg
BST_002,Osteosarcoma,who,Osteosarcoma osteoid production,True,5,https://storage.googleapis.com/pathology-hub-0/WHO/WHO_HTML/EYE/Osteosarcoma.html
BST_002,Osteosarcoma,who,Osteosarcoma osteoid production,True,6,https://storage.googleapis.com/pathology-hub-0/WHO/WHO_HTML/BST/Extraskeletal_Osteosarcoma.html
BST_002,Osteosarcoma,pathout,Osteosarcoma osteoid production,True,1,https://www.pathologyoutlines.com/site/AuthorAwards_Gold.png
BST_002,Osteosarcoma,pathout,Osteosarcoma osteoid production,True,2,https://www.pathologyoutlines.com/imgau/boneosteosarcomageneralHart01.jpg
BST_002,Osteosarcoma,pathout,Osteosarcoma osteoid production,True,3,https://www.pathologyoutlines.com/imgau/boneosteosarcomageneralHartradio1.jpg
BST_002,Osteosarcoma,pathout,Osteosarcoma osteoid production,True,4,https://www.pathologyoutlines.com/imgau/boneosteosarcomageneralAlexievnew2.jpg
BST_002,Osteosarcoma,textbooks,Osteosarcoma osteoid production,True,1,https://storage.googleapis.com/pathology-hub-public-figures-830130787988/textbook_figures_web_v1/bone_atlas/bone_atlas_p0063_fig01_fig_2_45.jpeg
BST_002,Osteosarcoma,textbooks,Osteosarcoma osteoid production,True,2,https://storage.googleapis.com/pathology-hub-0/_asset_library/textbooks/Bone_Atlas/page_images/Bone_Atlas_page_0063.png
BST_002,Osteosarcoma,textbooks,Osteosarcoma osteoid production,True,3,https://storage.googleapis.com/pathology-hub-public-figures-830130787988/textbook_figures_web_v1/bst_horvai/bst_horvai_p0134_fig02_fig_2.jpeg
BST_002,Osteosarcoma,textbooks,Osteosarcoma osteoid production,True,4,https://storage.googleapis.com/pathology-hub-0/_asset_library/textbooks/BST_Horvai/page_images/BST_Horvai_page_0134.png
BST_002,Osteosarcoma,textbooks,Osteosarcoma osteoid production,True,5,https://storage.googleapis.com/pathology-hub-public-figures-830130787988/textbook_figures_web_v1/bone_atlas/bone_atlas_p0075_fig01_fig_2_69.jpeg
BST_002,Osteosarcoma,textbooks,Osteosarcoma osteoid production,True,6,https://storage.googleapis.com/pathology-hub-0/_asset_library/textbooks/Bone_Atlas/page_images/Bone_Atlas_page_0075.png
BST_002,Osteosarcoma,textbooks,Osteosarcoma osteoid production,True,7,https://storage.googleapis.com/pathology-hub-public-figures-830130787988/textbook_figures_web_v1/bst_horvai/bst_horvai_p0135_fig01_fig_3.jpeg
BST_002,Osteosarcoma,textbooks,Osteosarcoma osteoid production,True,8,https://storage.googleapis.com/pathology-hub-0/_asset_library/textbooks/BST_Horvai/page_images/BST_Horvai_page_0135.png
BST_002,Osteosarcoma,textbooks,Osteosarcoma osteoid production,True,9,https://storage.googleapis.com/pathology-hub-public-figures-830130787988/textbook_figures_web_v1/bone_atlas/bone_atlas_p0090_fig02_fig_2_100.jpeg
BST_002,Osteosarcoma,textbooks,Osteosarcoma osteoid production,True,10,https://storage.googleapis.com/pathology-hub-0/_asset_library/textbooks/Bone_Atlas/page_images/Bone_Atlas_page_0090.png
BST_002,Osteosarcoma,textbooks,Osteosarcoma osteoid production,True,11,https://storage.googleapis.com/pathology-hub-public-figures-830130787988/textbook_figures_web_v1/bone_pattern/bone_pattern_p0141_fig02_figure_6_4.jpeg
BST_002,Osteosarcoma,textbooks,Osteosarcoma osteoid production,True,12,https://storage.googleapis.com/pathology-hub-0/_asset_library/textbooks/Bone_Pattern/page_images/Bone_Pattern_page_0141.png
BST_002,Osteosarcoma,textbooks,Osteosarcoma osteoid production,True,13,https://storage.googleapis.com/pathology-hub-public-figures-830130787988/textbook_figures_web_v1/bone_atlas/bone_atlas_p0063_fig02_fig_2_46.jpeg
BST_002,Osteosarcoma,textbooks,Osteosarcoma osteoid production,True,14,https://storage.googleapis.com/pathology-hub-public-figures-830130787988/textbook_figures_web_v1/bst_horvai/bst_horvai_p0134_fig01_fig_1.jpeg
BST_002,Osteosarcoma,textbooks,Osteosarcoma osteoid production,True,15,https://storage.googleapis.com/pathology-hub-public-figures-830130787988/textbook_figures_web_v1/bst_horvai/bst_horvai_p0134_fig03_unidentified.jpeg
BST_002,Osteosarcoma,textbooks,Osteosarcoma osteoid production,True,16,https://storage.googleapis.com/pathology-hub-public-figures-830130787988/textbook_figures_web_v1/bone_atlas/bone_atlas_p0075_fig02_fig_2_70.jpeg
BST_002,Osteosarcoma,textbooks,Osteosarcoma osteoid production,True,17,https://storage.googleapis.com/pathology-hub-0/_asset_library/textbooks/Bone_Dorfman/page_images/Bone_Dorfman_page_0325.png
BST_002,Osteosarcoma,textbooks,Osteosarcoma osteoid production,True,18,https://storage.googleapis.com/pathology-hub-0/_asset_library/textbooks/Bone_Dorfman/page_images/Bone_Dorfman_page_0338.png
BST_002,Osteosarcoma,textbooks,Osteosarcoma osteoid production,True,19,https://storage.googleapis.com/pathology-hub-0/_asset_library/textbooks/Bone_Dorfman/page_images/Bone_Dorfman_page_0231.png
BST_003,Chondrosarcoma,who,Chondrosarcoma,True,1,https://tumourclassification.iarc.who.int/static/dzi/52/176/25444.jpg
BST_003,Chondrosarcoma,who,Chondrosarcoma,True,2,https://tumourclassification.iarc.who.int/static/dzi/52/176/27458.jpg
BST_003,Chondrosarcoma,who,Chondrosarcoma,True,3,https://tumourclassification.iarc.who.int/static/dzi/52/176/27461.jpg
BST_003,Chondrosarcoma,who,Chondrosarcoma,True,4,https://tumourclassification.iarc.who.int/static/dzi/25442_files/10/0_0.jpeg
BST_003,Chondrosarcoma,who,Chondrosarcoma,True,5,https://storage.googleapis.com/pathology-hub-0/WHO/WHO_HTML/PEDS/Mesenchymal_Chondrosarcoma.html
BST_003,Chondrosarcoma,who,Chondrosarcoma,True,6,https://storage.googleapis.com/pathology-hub-0/WHO/WHO_HTML/NEURO/Mesenchymal_Chondrosarcoma.html
BST_003,Chondrosarcoma,who,Chondrosarcoma,True,7,https://storage.googleapis.com/pathology-hub-0/WHO/WHO_HTML/NEURO/Chondrosarcoma.html
BST_003,Chondrosarcoma,who,Chondrosarcoma,True,8,https://storage.googleapis.com/pathology-hub-0/WHO/WHO_HTML/BST/Periosteal_Chondrosarcoma.html
BST_003,Chondrosarcoma,who,Chondrosarcoma,True,9,https://storage.googleapis.com/pathology-hub-0/WHO/WHO_HTML/HN/The_Chondrosarcoma_Family_Of_Tumours.html
BST_003,Chondrosarcoma,pathout,Chondrosarcoma,True,1,https://www.pathologyoutlines.com/imgau/bonechondrosarcomaQasemrad1.jpg
BST_003,Chondrosarcoma,pathout,Chondrosarcoma,True,2,https://www.pathologyoutlines.com/imgau/bonechondrosarcomaQasemrad2.jpg
BST_003,Chondrosarcoma,pathout,Chondrosarcoma,True,3,https://www.pathologyoutlines.com/imgau/bonechondrosarcomaQasemrad3.jpg
BST_003,Chondrosarcoma,pathout,Chondrosarcoma,True,4,https://www.pathologyoutlines.com/imgau/bonechondrosarcomaQasemrad4.jpg
BST_003,Chondrosarcoma,textbooks,Chondrosarcoma,True,1,https://storage.googleapis.com/pathology-hub-public-figures-830130787988/textbook_figures_web_v1/bone_atlas/bone_atlas_p0150_fig01_fig_3_65.jpeg
BST_003,Chondrosarcoma,textbooks,Chondrosarcoma,True,2,https://storage.googleapis.com/pathology-hub-0/_asset_library/textbooks/Bone_Atlas/page_images/Bone_Atlas_page_0150.png
BST_003,Chondrosarcoma,textbooks,Chondrosarcoma,True,3,https://storage.googleapis.com/pathology-hub-public-figures-830130787988/textbook_figures_web_v1/bone_atlas/bone_atlas_p0148_fig01_fig_3_62.jpeg
BST_003,Chondrosarcoma,textbooks,Chondrosarcoma,True,4,https://storage.googleapis.com/pathology-hub-0/_asset_library/textbooks/Bone_Atlas/page_images/Bone_Atlas_page_0148.png
BST_003,Chondrosarcoma,textbooks,Chondrosarcoma,True,5,https://storage.googleapis.com/pathology-hub-public-figures-830130787988/textbook_figures_web_v1/bone_atlas/bone_atlas_p0149_fig02_fig_3_64.jpeg
BST_003,Chondrosarcoma,textbooks,Chondrosarcoma,True,6,https://storage.googleapis.com/pathology-hub-0/_asset_library/textbooks/Bone_Atlas/page_images/Bone_Atlas_page_0149.png
BST_003,Chondrosarcoma,textbooks,Chondrosarcoma,True,7,https://storage.googleapis.com/pathology-hub-public-figures-830130787988/textbook_figures_web_v1/bone_atlas/bone_atlas_p0150_fig02_unidentified.jpeg
BST_003,Chondrosarcoma,textbooks,Chondrosarcoma,True,8,https://storage.googleapis.com/pathology-hub-public-figures-830130787988/textbook_figures_web_v1/hn_gnepp/hn_gnepp_p0721_fig01_fig_8_16.jpeg
BST_003,Chondrosarcoma,textbooks,Chondrosarcoma,True,9,https://storage.googleapis.com/pathology-hub-0/_asset_library/textbooks/Hn_Gnepp/page_images/Hn_Gnepp_page_0721.png
BST_003,Chondrosarcoma,textbooks,Chondrosarcoma,True,10,https://pathology-hub-v04-v0-2-staging-vorn5q2kga-uc.a.run.app/figures/textbook?u=Z3M6Ly9wYXRob2xvZ3lfaHViLzAxX3N0YWdlZC90ZXh0Ym9va3MvYXNzZXRzL2ZpZ3VyZV9pbWFnZXMvaG5fZ25lcHAvaG5fZ25lcHBfcDA3MjFfZmlnMDJfdW5pZGVudGlmaWVkLnBuZw&exp=1783364639&sig=88a47a76b8dc73f1d65e8e76684654b9afdd4ba860137905420352f76a731290
BST_003,Chondrosarcoma,textbooks,Chondrosarcoma,True,11,https://storage.googleapis.com/pathology-hub-public-figures-830130787988/textbook_figures_web_v1/bone_atlas/bone_atlas_p0149_fig01_fig_3_63.jpeg
BST_003,Chondrosarcoma,textbooks,Chondrosarcoma,True,12,https://storage.googleapis.com/pathology-hub-public-figures-830130787988/textbook_figures_web_v1/cyto_cibas/cyto_cibas_p0615_fig01_fig_18_5.jpeg
BST_003,Chondrosarcoma,textbooks,Chondrosarcoma,True,13,https://storage.googleapis.com/pathology-hub-0/_asset_library/textbooks/Cyto_Cibas/page_images/Cyto_Cibas_page_0615.png
BST_003,Chondrosarcoma,textbooks,Chondrosarcoma,True,14,https://storage.googleapis.com/pathology-hub-public-figures-830130787988/textbook_figures_web_v1/cyto_cibas/cyto_cibas_p0615_fig02_fig_18_6.jpeg
BST_003,Chondrosarcoma,textbooks,Chondrosarcoma,True,15,https://storage.googleapis.com/pathology-hub-public-figures-830130787988/textbook_figures_web_v1/cyto_cibas/cyto_cibas_p0615_fig03_unidentified.jpeg
BST_003,Chondrosarcoma,textbooks,Chondrosarcoma,True,16,https://storage.googleapis.com/pathology-hub-0/_asset_library/textbooks/Bone_Dorfman/page_images/Bone_Dorfman_page_0486.png
BST_003,Chondrosarcoma,textbooks,Chondrosarcoma,True,17,https://storage.googleapis.com/pathology-hub-0/_asset_library/textbooks/Bone_Dorfman/page_images/Bone_Dorfman_page_0476.png
BST_003,Chondrosarcoma,textbooks,Chondrosarcoma,True,18,https://storage.googleapis.com/pathology-hub-0/_asset_library/textbooks/Bone_Dorfman/page_images/Bone_Dorfman_page_0477.png
BST_003,Chondrosarcoma,textbooks,Chondrosarcoma,True,19,https://storage.googleapis.com/pathology-hub-0/_asset_library/textbooks/Bone_Dorfman/page_images/Bone_Dorfman_page_0500.png
BST_003,Chondrosarcoma,textbooks,Chondrosarcoma,True,20,https://storage.googleapis.com/pathology-hub-0/_asset_library/textbooks/Bone_Dorfman/page_images/Bone_Dorfman_page_0485.png
BST_003,Chondrosarcoma,who,Chondrosarcoma bone,True,1,https://tumourclassification.iarc.who.int/static/dzi/52/176/25444.jpg
BST_003,Chondrosarcoma,who,Chondrosarcoma bone,True,2,https://tumourclassification.iarc.who.int/static/dzi/52/176/27458.jpg
BST_003,Chondrosarcoma,who,Chondrosarcoma bone,True,3,https://tumourclassification.iarc.who.int/static/dzi/52/176/27461.jpg
BST_003,Chondrosarcoma,who,Chondrosarcoma bone,True,4,https://tumourclassification.iarc.who.int/static/dzi/25442_files/10/0_0.jpeg
BST_003,Chondrosarcoma,who,Chondrosarcoma bone,True,5,https://storage.googleapis.com/pathology-hub-0/WHO/WHO_HTML/BST/Secondary_Peripheral_Chondrosarcoma_Grades_2_And_3.html
BST_003,Chondrosarcoma,who,Chondrosarcoma bone,True,6,https://storage.googleapis.com/pathology-hub-0/WHO/WHO_HTML/BST/Secondary_Peripheral_Atypical_Cartilaginous_Tumour_Chondrosarcoma_Grade_1.html
BST_003,Chondrosarcoma,who,Chondrosarcoma bone,True,7,https://storage.googleapis.com/pathology-hub-0/WHO/WHO_HTML/BST/Clear_Cell_Chondrosarcoma.html
BST_003,Chondrosarcoma,who,Chondrosarcoma bone,True,8,https://storage.googleapis.com/pathology-hub-0/WHO/WHO_HTML/BST/Periosteal_Chondrosarcoma.html
BST_003,Chondrosarcoma,who,Chondrosarcoma bone,True,9,https://storage.googleapis.com/pathology-hub-0/WHO/WHO_HTML/HN/The_Chondrosarcoma_Family_Of_Tumours.html
BST_003,Chondrosarcoma,pathout,Chondrosarcoma bone,True,1,https://www.pathologyoutlines.com/imgau/softtissueeskchondrosarcomamesenchymalAlexiev0.jpg
BST_003,Chondrosarcoma,pathout,Chondrosarcoma bone,True,2,https://www.pathologyoutlines.com/imgau/softtissueeskchondrosarcomamesenchymalBrcicLiegl-Atzwanger01.jpg
BST_003,Chondrosarcoma,pathout,Chondrosarcoma bone,True,3,https://www.pathologyoutlines.com/imgau/softtissueeskchondrosarcomamesenchymalBrcicLiegl-Atzwanger02.jpg
BST_003,Chondrosarcoma,pathout,Chondrosarcoma bone,True,4,https://www.pathologyoutlines.com/imgau/softtissueeskchondrosarcomamesenchymalBrcicLiegl-Atzwanger03.jpg
BST_003,Chondrosarcoma,textbooks,Chondrosarcoma bone,True,1,https://storage.googleapis.com/pathology-hub-public-figures-830130787988/textbook_figures_web_v1/bone_atlas/bone_atlas_p0150_fig01_fig_3_65.jpeg
BST_003,Chondrosarcoma,textbooks,Chondrosarcoma bone,True,2,https://storage.googleapis.com/pathology-hub-0/_asset_library/textbooks/Bone_Atlas/page_images/Bone_Atlas_page_0150.png
BST_003,Chondrosarcoma,textbooks,Chondrosarcoma bone,True,3,https://storage.googleapis.com/pathology-hub-public-figures-830130787988/textbook_figures_web_v1/bone_atlas/bone_atlas_p0148_fig01_fig_3_62.jpeg
BST_003,Chondrosarcoma,textbooks,Chondrosarcoma bone,True,4,https://storage.googleapis.com/pathology-hub-0/_asset_library/textbooks/Bone_Atlas/page_images/Bone_Atlas_page_0148.png
BST_003,Chondrosarcoma,textbooks,Chondrosarcoma bone,True,5,https://storage.googleapis.com/pathology-hub-public-figures-830130787988/textbook_figures_web_v1/bone_atlas/bone_atlas_p0153_fig02_fig_3_70.jpeg
BST_003,Chondrosarcoma,textbooks,Chondrosarcoma bone,True,6,https://storage.googleapis.com/pathology-hub-0/_asset_library/textbooks/Bone_Atlas/page_images/Bone_Atlas_page_0153.png
BST_003,Chondrosarcoma,textbooks,Chondrosarcoma bone,True,7,https://storage.googleapis.com/pathology-hub-public-figures-830130787988/textbook_figures_web_v1/bst_horvai/bst_horvai_p0119_fig03_fig_4.jpeg
BST_003,Chondrosarcoma,textbooks,Chondrosarcoma bone,True,8,https://storage.googleapis.com/pathology-hub-0/_asset_library/textbooks/BST_Horvai/page_images/BST_Horvai_page_0119.png
BST_003,Chondrosarcoma,textbooks,Chondrosarcoma bone,True,9,https://storage.googleapis.com/pathology-hub-public-figures-830130787988/textbook_figures_web_v1/bone_atlas/bone_atlas_p0149_fig02_fig_3_64.jpeg
BST_003,Chondrosarcoma,textbooks,Chondrosarcoma bone,True,10,https://storage.googleapis.com/pathology-hub-0/_asset_library/textbooks/Bone_Atlas/page_images/Bone_Atlas_page_0149.png
BST_003,Chondrosarcoma,textbooks,Chondrosarcoma bone,True,11,https://storage.googleapis.com/pathology-hub-public-figures-830130787988/textbook_figures_web_v1/bone_atlas/bone_atlas_p0150_fig02_unidentified.jpeg
BST_003,Chondrosarcoma,textbooks,Chondrosarcoma bone,True,12,https://storage.googleapis.com/pathology-hub-public-figures-830130787988/textbook_figures_web_v1/hn_gnepp/hn_gnepp_p0721_fig01_fig_8_16.jpeg
BST_003,Chondrosarcoma,textbooks,Chondrosarcoma bone,True,13,https://storage.googleapis.com/pathology-hub-0/_asset_library/textbooks/Hn_Gnepp/page_images/Hn_Gnepp_page_0721.png
BST_003,Chondrosarcoma,textbooks,Chondrosarcoma bone,True,14,https://pathology-hub-v04-v0-2-staging-vorn5q2kga-uc.a.run.app/figures/textbook?u=Z3M6Ly9wYXRob2xvZ3lfaHViLzAxX3N0YWdlZC90ZXh0Ym9va3MvYXNzZXRzL2ZpZ3VyZV9pbWFnZXMvaG5fZ25lcHAvaG5fZ25lcHBfcDA3MjFfZmlnMDJfdW5pZGVudGlmaWVkLnBuZw&exp=1783364642&sig=048aa063fbf97513e3c2b7c114e9940dc135653a8538465e08e584f713156547
BST_003,Chondrosarcoma,textbooks,Chondrosarcoma bone,True,15,https://storage.googleapis.com/pathology-hub-public-figures-830130787988/textbook_figures_web_v1/bone_atlas/bone_atlas_p0153_fig01_fig_3_69.jpeg
BST_003,Chondrosarcoma,textbooks,Chondrosarcoma bone,True,16,https://storage.googleapis.com/pathology-hub-public-figures-830130787988/textbook_figures_web_v1/bst_horvai/bst_horvai_p0119_fig01_fig_3.jpeg
BST_003,Chondrosarcoma,textbooks,Chondrosarcoma bone,True,17,https://storage.googleapis.com/pathology-hub-0/_asset_library/textbooks/Bone_Dorfman/page_images/Bone_Dorfman_page_0476.png
BST_003,Chondrosarcoma,textbooks,Chondrosarcoma bone,True,18,https://storage.googleapis.com/pathology-hub-0/_asset_library/textbooks/Bone_Pattern/page_images/Bone_Pattern_page_0019.png
BST_003,Chondrosarcoma,textbooks,Chondrosarcoma bone,True,19,https://storage.googleapis.com/pathology-hub-0/_asset_library/textbooks/Bone_Dorfman/page_images/Bone_Dorfman_page_0509.png
BST_003,Chondrosarcoma,textbooks,Chondrosarcoma bone,True,20,https://storage.googleapis.com/pathology-hub-0/_asset_library/textbooks/Bone_Dorfman/page_images/Bone_Dorfman_page_0477.png
BST_003,Chondrosarcoma,who,Chondrosarcoma grade,True,1,https://storage.googleapis.com/pathology-hub-0/WHO/WHO_PICS/NEURO/16325.jpg
BST_003,Chondrosarcoma,who,Chondrosarcoma grade,True,2,https://storage.googleapis.com/pathology-hub-0/WHO/WHO_PICS/NEURO/16328.jpg
BST_003,Chondrosarcoma,who,Chondrosarcoma grade,True,3,https://storage.googleapis.com/pathology-hub-0/WHO/WHO_PICS/NEURO/19950.jpg
BST_003,Chondrosarcoma,who,Chondrosarcoma grade,True,4,https://storage.googleapis.com/pathology-hub-0/WHO/WHO_PICS/NEURO/19951.jpg
BST_003,Chondrosarcoma,who,Chondrosarcoma grade,True,5,https://storage.googleapis.com/pathology-hub-0/WHO/WHO_HTML/BST/Secondary_Peripheral_Atypical_Cartilaginous_Tumour_Chondrosarcoma_Grade_1.html
BST_003,Chondrosarcoma,who,Chondrosarcoma grade,True,6,https://storage.googleapis.com/pathology-hub-0/WHO/WHO_HTML/BST/Secondary_Peripheral_Chondrosarcoma_Grades_2_And_3.html
BST_003,Chondrosarcoma,who,Chondrosarcoma grade,True,7,https://storage.googleapis.com/pathology-hub-0/WHO/WHO_HTML/NEURO/Chondrosarcoma.html
BST_003,Chondrosarcoma,who,Chondrosarcoma grade,True,8,https://storage.googleapis.com/pathology-hub-0/WHO/WHO_HTML/PEDS/Mesenchymal_Chondrosarcoma.html
BST_003,Chondrosarcoma,pathout,Chondrosarcoma grade,True,1,https://www.pathologyoutlines.com/imgau/bonedediffchondrosarcomaWick01.jpg
BST_003,Chondrosarcoma,pathout,Chondrosarcoma grade,True,2,https://www.pathologyoutlines.com/imgau/bonedediffchondrosarcomaAFIP01.jpg
BST_003,Chondrosarcoma,pathout,Chondrosarcoma grade,True,3,https://www.pathologyoutlines.com/imgau/bonedediffchondrosarcomaWick02.jpg
BST_003,Chondrosarcoma,pathout,Chondrosarcoma grade,True,4,https://www.pathologyoutlines.com/imgau/bonedediffchondrosarcomaKao01.jpg
BST_003,Chondrosarcoma,textbooks,Chondrosarcoma grade,True,1,https://storage.googleapis.com/pathology-hub-public-figures-830130787988/textbook_figures_web_v1/bst_horvai/bst_horvai_p0108_fig02_fig_3.jpeg
BST_003,Chondrosarcoma,textbooks,Chondrosarcoma grade,True,2,https://storage.googleapis.com/pathology-hub-0/_asset_library/textbooks/BST_Horvai/page_images/BST_Horvai_page_0108.png
BST_003,Chondrosarcoma,textbooks,Chondrosarcoma grade,True,3,https://storage.googleapis.com/pathology-hub-public-figures-830130787988/textbook_figures_web_v1/bone_atlas/bone_atlas_p0156_fig01_fig_3_75.jpeg
BST_003,Chondrosarcoma,textbooks,Chondrosarcoma grade,True,4,https://storage.googleapis.com/pathology-hub-0/_asset_library/textbooks/Bone_Atlas/page_images/Bone_Atlas_page_0156.png
BST_003,Chondrosarcoma,textbooks,Chondrosarcoma grade,True,5,https://storage.googleapis.com/pathology-hub-public-figures-830130787988/textbook_figures_web_v1/bone_atlas/bone_atlas_p0151_fig02_fig_3_67.jpeg
BST_003,Chondrosarcoma,textbooks,Chondrosarcoma grade,True,6,https://storage.googleapis.com/pathology-hub-0/_asset_library/textbooks/Bone_Atlas/page_images/Bone_Atlas_page_0151.png
BST_003,Chondrosarcoma,textbooks,Chondrosarcoma grade,True,7,https://storage.googleapis.com/pathology-hub-public-figures-830130787988/textbook_figures_web_v1/bone_atlas/bone_atlas_p0154_fig02_fig_3_72.jpeg
BST_003,Chondrosarcoma,textbooks,Chondrosarcoma grade,True,8,https://storage.googleapis.com/pathology-hub-0/_asset_library/textbooks/Bone_Atlas/page_images/Bone_Atlas_page_0154.png
BST_003,Chondrosarcoma,textbooks,Chondrosarcoma grade,True,9,https://storage.googleapis.com/pathology-hub-public-figures-830130787988/textbook_figures_web_v1/bst_horvai/bst_horvai_p0108_fig01_fig_2.jpeg
BST_003,Chondrosarcoma,textbooks,Chondrosarcoma grade,True,10,https://storage.googleapis.com/pathology-hub-public-figures-830130787988/textbook_figures_web_v1/bst_horvai/bst_horvai_p0108_fig03_unidentified.jpeg
BST_003,Chondrosarcoma,textbooks,Chondrosarcoma grade,True,11,https://storage.googleapis.com/pathology-hub-public-figures-830130787988/textbook_figures_web_v1/bst_horvai/bst_horvai_p0108_fig04_unidentified.jpeg
BST_003,Chondrosarcoma,textbooks,Chondrosarcoma grade,True,12,https://storage.googleapis.com/pathology-hub-public-figures-830130787988/textbook_figures_web_v1/bst_horvai/bst_horvai_p0108_fig05_unidentified.jpeg
BST_003,Chondrosarcoma,textbooks,Chondrosarcoma grade,True,13,https://storage.googleapis.com/pathology-hub-public-figures-830130787988/textbook_figures_web_v1/bst_horvai/bst_horvai_p0108_fig06_unidentified.jpeg
BST_003,Chondrosarcoma,textbooks,Chondrosarcoma grade,True,14,https://storage.googleapis.com/pathology-hub-public-figures-830130787988/textbook_figures_web_v1/bone_atlas/bone_atlas_p0156_fig02_fig_3_76.jpeg
BST_003,Chondrosarcoma,textbooks,Chondrosarcoma grade,True,15,https://storage.googleapis.com/pathology-hub-0/_asset_library/textbooks/Bone_Dorfman/page_images/Bone_Dorfman_page_0500.png
BST_003,Chondrosarcoma,textbooks,Chondrosarcoma grade,True,16,https://storage.googleapis.com/pathology-hub-0/_asset_library/textbooks/Bone_Dorfman/page_images/Bone_Dorfman_page_0496.png
BST_003,Chondrosarcoma,textbooks,Chondrosarcoma grade,True,17,https://storage.googleapis.com/pathology-hub-0/_asset_library/textbooks/Bone_Dorfman/page_images/Bone_Dorfman_page_0477.png
BST_003,Chondrosarcoma,textbooks,Chondrosarcoma grade,True,18,https://storage.googleapis.com/pathology-hub-0/_asset_library/textbooks/Bone_Dorfman/page_images/Bone_Dorfman_page_0488.png
BST_003,Chondrosarcoma,textbooks,Chondrosarcoma grade,True,19,https://storage.googleapis.com/pathology-hub-0/_asset_library/textbooks/Bone_Dorfman/page_images/Bone_Dorfman_page_0025.png
BST_004,Chondromyxoid fibroma,who,Chondromyxoid fibroma,True,1,https://tumourclassification.iarc.who.int/static/dzi/52/171/24628.jpg
BST_004,Chondromyxoid fibroma,who,Chondromyxoid fibroma,True,2,https://tumourclassification.iarc.who.int/static/dzi/52/171/27372.jpg
BST_004,Chondromyxoid fibroma,who,Chondromyxoid fibroma,True,3,https://tumourclassification.iarc.who.int/static/dzi/52/171/27373.jpg
BST_004,Chondromyxoid fibroma,who,Chondromyxoid fibroma,True,4,https://tumourclassification.iarc.who.int/static/dzi/52/171/27377.jpg
BST_004,Chondromyxoid fibroma,who,Chondromyxoid fibroma,True,5,https://storage.googleapis.com/pathology-hub-0/WHO/WHO_HTML/BST/Chondromyxoid_Fibroma.html
BST_004,Chondromyxoid fibroma,who,Chondromyxoid fibroma,True,6,https://storage.googleapis.com/pathology-hub-0/WHO/WHO_HTML/PEDS/Chondromyxoid_Fibroma.html
BST_004,Chondromyxoid fibroma,who,Chondromyxoid fibroma,True,7,https://storage.googleapis.com/pathology-hub-0/WHO/WHO_HTML/HN/Chondromyxoid_Fibroma.html
BST_004,Chondromyxoid fibroma,pathout,Chondromyxoid fibroma,True,1,https://www.pathologyoutlines.com/imgau/bonechondromyxoidfibromachundriger06.jpg
BST_004,Chondromyxoid fibroma,pathout,Chondromyxoid fibroma,True,2,https://www.pathologyoutlines.com/wick/chondromyxoid%20fibroma%20metatarsal%20xray.jpg
BST_004,Chondromyxoid fibroma,pathout,Chondromyxoid fibroma,True,3,https://www.pathologyoutlines.com/wick/chondromyxoid%20fibroma%20of%20femur%20xray.jpg
BST_004,Chondromyxoid fibroma,pathout,Chondromyxoid fibroma,True,4,https://www.pathologyoutlines.com/wick/chondromyxoid%20fibroma%20tibia%20xray.jpg
BST_004,Chondromyxoid fibroma,textbooks,Chondromyxoid fibroma,True,1,https://storage.googleapis.com/pathology-hub-public-figures-830130787988/textbook_figures_web_v1/bone_atlas/bone_atlas_p0142_fig01_fig_3_51.jpeg
BST_004,Chondromyxoid fibroma,textbooks,Chondromyxoid fibroma,True,2,https://storage.googleapis.com/pathology-hub-0/_asset_library/textbooks/Bone_Atlas/page_images/Bone_Atlas_page_0142.png
BST_004,Chondromyxoid fibroma,textbooks,Chondromyxoid fibroma,True,3,https://storage.googleapis.com/pathology-hub-public-figures-830130787988/textbook_figures_web_v1/bst_horvai/bst_horvai_p0103_fig03_fig_4.jpeg
BST_004,Chondromyxoid fibroma,textbooks,Chondromyxoid fibroma,True,4,https://storage.googleapis.com/pathology-hub-0/_asset_library/textbooks/BST_Horvai/page_images/BST_Horvai_page_0103.png
BST_004,Chondromyxoid fibroma,textbooks,Chondromyxoid fibroma,True,5,https://storage.googleapis.com/pathology-hub-public-figures-830130787988/textbook_figures_web_v1/bone_atlas/bone_atlas_p0144_fig02_fig_3_56.jpeg
BST_004,Chondromyxoid fibroma,textbooks,Chondromyxoid fibroma,True,6,https://storage.googleapis.com/pathology-hub-0/_asset_library/textbooks/Bone_Atlas/page_images/Bone_Atlas_page_0144.png
BST_004,Chondromyxoid fibroma,textbooks,Chondromyxoid fibroma,True,7,https://storage.googleapis.com/pathology-hub-public-figures-830130787988/textbook_figures_web_v1/bone_atlas/bone_atlas_p0141_fig01_fig_3_49.jpeg
BST_004,Chondromyxoid fibroma,textbooks,Chondromyxoid fibroma,True,8,https://storage.googleapis.com/pathology-hub-0/_asset_library/textbooks/Bone_Atlas/page_images/Bone_Atlas_page_0141.png
BST_004,Chondromyxoid fibroma,textbooks,Chondromyxoid fibroma,True,9,https://storage.googleapis.com/pathology-hub-public-figures-830130787988/textbook_figures_web_v1/bone_atlas/bone_atlas_p0143_fig02_fig_3_54.jpeg
BST_004,Chondromyxoid fibroma,textbooks,Chondromyxoid fibroma,True,10,https://storage.googleapis.com/pathology-hub-0/_asset_library/textbooks/Bone_Atlas/page_images/Bone_Atlas_page_0143.png
BST_004,Chondromyxoid fibroma,textbooks,Chondromyxoid fibroma,True,11,https://storage.googleapis.com/pathology-hub-public-figures-830130787988/textbook_figures_web_v1/bst_horvai/bst_horvai_p0102_fig02_fig_2.jpeg
BST_004,Chondromyxoid fibroma,textbooks,Chondromyxoid fibroma,True,12,https://storage.googleapis.com/pathology-hub-0/_asset_library/textbooks/BST_Horvai/page_images/BST_Horvai_page_0102.png
BST_004,Chondromyxoid fibroma,textbooks,Chondromyxoid fibroma,True,13,https://storage.googleapis.com/pathology-hub-public-figures-830130787988/textbook_figures_web_v1/bone_atlas/bone_atlas_p0143_fig01_fig_3_53.jpeg
BST_004,Chondromyxoid fibroma,textbooks,Chondromyxoid fibroma,True,14,https://storage.googleapis.com/pathology-hub-public-figures-830130787988/textbook_figures_web_v1/bone_atlas/bone_atlas_p0141_fig02_fig_3_50.jpeg
BST_004,Chondromyxoid fibroma,textbooks,Chondromyxoid fibroma,True,15,https://storage.googleapis.com/pathology-hub-public-figures-830130787988/textbook_figures_web_v1/bone_atlas/bone_atlas_p0142_fig02_fig_3_52.jpeg
BST_004,Chondromyxoid fibroma,textbooks,Chondromyxoid fibroma,True,16,https://storage.googleapis.com/pathology-hub-public-figures-830130787988/textbook_figures_web_v1/bst_horvai/bst_horvai_p0103_fig01_fig_3.jpeg
BST_004,Chondromyxoid fibroma,textbooks,Chondromyxoid fibroma,True,17,https://storage.googleapis.com/pathology-hub-0/_asset_library/textbooks/Bone_Dorfman/page_images/Bone_Dorfman_page_0436.png
BST_004,Chondromyxoid fibroma,who,CMF,True,1,https://tumourclassification.iarc.who.int/static/dzi/52/171/24628.jpg
BST_004,Chondromyxoid fibroma,who,CMF,True,2,https://tumourclassification.iarc.who.int/static/dzi/52/171/27372.jpg
BST_004,Chondromyxoid fibroma,who,CMF,True,3,https://tumourclassification.iarc.who.int/static/dzi/52/171/27373.jpg
BST_004,Chondromyxoid fibroma,who,CMF,True,4,https://tumourclassification.iarc.who.int/static/dzi/52/171/27377.jpg
BST_004,Chondromyxoid fibroma,who,CMF,True,5,https://storage.googleapis.com/pathology-hub-0/WHO/WHO_HTML/HN/Chondromyxoid_Fibroma.html
BST_004,Chondromyxoid fibroma,who,CMF,True,6,https://storage.googleapis.com/pathology-hub-0/WHO/WHO_HTML/BST/Chondromyxoid_Fibroma.html
BST_004,Chondromyxoid fibroma,who,CMF,True,7,https://storage.googleapis.com/pathology-hub-0/WHO/WHO_HTML/PEDS/Chondromyxoid_Fibroma.html
BST_004,Chondromyxoid fibroma,pathout,CMF,True,1,https://www.pathologyoutlines.com/imgau/bonechondromyxoidfibromachundriger06.jpg
BST_004,Chondromyxoid fibroma,pathout,CMF,True,2,https://www.pathologyoutlines.com/wick/chondromyxoid%20fibroma%20metatarsal%20xray.jpg
BST_004,Chondromyxoid fibroma,pathout,CMF,True,3,https://www.pathologyoutlines.com/wick/chondromyxoid%20fibroma%20of%20femur%20xray.jpg
BST_004,Chondromyxoid fibroma,pathout,CMF,True,4,https://www.pathologyoutlines.com/wick/chondromyxoid%20fibroma%20tibia%20xray.jpg
BST_004,Chondromyxoid fibroma,textbooks,CMF,True,1,https://storage.googleapis.com/pathology-hub-public-figures-830130787988/textbook_figures_web_v1/bone_atlas/bone_atlas_p0142_fig01_fig_3_51.jpeg
BST_004,Chondromyxoid fibroma,textbooks,CMF,True,2,https://storage.googleapis.com/pathology-hub-0/_asset_library/textbooks/Bone_Atlas/page_images/Bone_Atlas_page_0142.png
BST_004,Chondromyxoid fibroma,textbooks,CMF,True,3,https://storage.googleapis.com/pathology-hub-public-figures-830130787988/textbook_figures_web_v1/bst_horvai/bst_horvai_p0103_fig03_fig_4.jpeg
BST_004,Chondromyxoid fibroma,textbooks,CMF,True,4,https://storage.googleapis.com/pathology-hub-0/_asset_library/textbooks/BST_Horvai/page_images/BST_Horvai_page_0103.png
BST_004,Chondromyxoid fibroma,textbooks,CMF,True,5,https://storage.googleapis.com/pathology-hub-public-figures-830130787988/textbook_figures_web_v1/bone_atlas/bone_atlas_p0143_fig02_fig_3_54.jpeg
BST_004,Chondromyxoid fibroma,textbooks,CMF,True,6,https://storage.googleapis.com/pathology-hub-0/_asset_library/textbooks/Bone_Atlas/page_images/Bone_Atlas_page_0143.png
BST_004,Chondromyxoid fibroma,textbooks,CMF,True,7,https://storage.googleapis.com/pathology-hub-public-figures-830130787988/textbook_figures_web_v1/bone_atlas/bone_atlas_p0141_fig02_fig_3_50.jpeg
BST_004,Chondromyxoid fibroma,textbooks,CMF,True,8,https://storage.googleapis.com/pathology-hub-0/_asset_library/textbooks/Bone_Atlas/page_images/Bone_Atlas_page_0141.png
BST_004,Chondromyxoid fibroma,textbooks,CMF,True,9,https://storage.googleapis.com/pathology-hub-public-figures-830130787988/textbook_figures_web_v1/bone_atlas/bone_atlas_p0144_fig02_fig_3_56.jpeg
BST_004,Chondromyxoid fibroma,textbooks,CMF,True,10,https://storage.googleapis.com/pathology-hub-0/_asset_library/textbooks/Bone_Atlas/page_images/Bone_Atlas_page_0144.png
BST_004,Chondromyxoid fibroma,textbooks,CMF,True,11,https://storage.googleapis.com/pathology-hub-public-figures-830130787988/textbook_figures_web_v1/bone_atlas/bone_atlas_p0142_fig02_fig_3_52.jpeg
BST_004,Chondromyxoid fibroma,textbooks,CMF,True,12,https://storage.googleapis.com/pathology-hub-public-figures-830130787988/textbook_figures_web_v1/bst_horvai/bst_horvai_p0103_fig01_fig_3.jpeg
BST_004,Chondromyxoid fibroma,textbooks,CMF,True,13,https://storage.googleapis.com/pathology-hub-public-figures-830130787988/textbook_figures_web_v1/bst_horvai/bst_horvai_p0103_fig02_fig_5.jpeg
BST_004,Chondromyxoid fibroma,textbooks,CMF,True,14,https://storage.googleapis.com/pathology-hub-public-figures-830130787988/textbook_figures_web_v1/bst_horvai/bst_horvai_p0103_fig04_unidentified.jpeg
BST_004,Chondromyxoid fibroma,textbooks,CMF,True,15,https://storage.googleapis.com/pathology-hub-public-figures-830130787988/textbook_figures_web_v1/hn_cardesa/hn_cardesa_p0218_fig01_fig_4_59.jpeg
BST_004,Chondromyxoid fibroma,textbooks,CMF,True,16,https://storage.googleapis.com/pathology-hub-0/_asset_library/textbooks/Hn_Cardesa/page_images/Hn_Cardesa_page_0218.png
BST_004,Chondromyxoid fibroma,textbooks,CMF,True,17,https://storage.googleapis.com/pathology-hub-0/_asset_library/textbooks/Bone_Dorfman/page_images/Bone_Dorfman_page_0440.png
BST_004,Chondromyxoid fibroma,textbooks,CMF,True,18,https://storage.googleapis.com/pathology-hub-0/_asset_library/textbooks/Bone_Dorfman/page_images/Bone_Dorfman_page_0436.png
BST_004,Chondromyxoid fibroma,textbooks,CMF,True,19,https://storage.googleapis.com/pathology-hub-0/_asset_library/textbooks/Bone_Dorfman/page_images/Bone_Dorfman_page_0437.png
BST_004,Chondromyxoid fibroma,textbooks,CMF,True,20,https://storage.googleapis.com/pathology-hub-0/_asset_library/textbooks/Bone_Dorfman/page_images/Bone_Dorfman_page_0644.png
BST_004,Chondromyxoid fibroma,who,Chondromyxoid fibroma bone,True,1,https://tumourclassification.iarc.who.int/static/dzi/52/171/24628.jpg
BST_004,Chondromyxoid fibroma,who,Chondromyxoid fibroma bone,True,2,https://tumourclassification.iarc.who.int/static/dzi/52/171/27372.jpg
BST_004,Chondromyxoid fibroma,who,Chondromyxoid fibroma bone,True,3,https://tumourclassification.iarc.who.int/static/dzi/52/171/27373.jpg
BST_004,Chondromyxoid fibroma,who,Chondromyxoid fibroma bone,True,4,https://tumourclassification.iarc.who.int/static/dzi/52/171/27377.jpg
BST_004,Chondromyxoid fibroma,who,Chondromyxoid fibroma bone,True,5,https://storage.googleapis.com/pathology-hub-0/WHO/WHO_HTML/BST/Chondromyxoid_Fibroma.html
BST_004,Chondromyxoid fibroma,who,Chondromyxoid fibroma bone,True,6,https://storage.googleapis.com/pathology-hub-0/WHO/WHO_HTML/HN/Chondromyxoid_Fibroma.html
BST_004,Chondromyxoid fibroma,who,Chondromyxoid fibroma bone,True,7,https://storage.googleapis.com/pathology-hub-0/WHO/WHO_HTML/PEDS/Chondromyxoid_Fibroma.html
BST_004,Chondromyxoid fibroma,pathout,Chondromyxoid fibroma bone,True,1,https://www.pathologyoutlines.com/imgau/bonechondromyxoidfibromachundriger06.jpg
BST_004,Chondromyxoid fibroma,pathout,Chondromyxoid fibroma bone,True,2,https://www.pathologyoutlines.com/wick/chondromyxoid%20fibroma%20metatarsal%20xray.jpg
BST_004,Chondromyxoid fibroma,pathout,Chondromyxoid fibroma bone,True,3,https://www.pathologyoutlines.com/wick/chondromyxoid%20fibroma%20of%20femur%20xray.jpg
BST_004,Chondromyxoid fibroma,pathout,Chondromyxoid fibroma bone,True,4,https://www.pathologyoutlines.com/wick/chondromyxoid%20fibroma%20tibia%20xray.jpg
BST_004,Chondromyxoid fibroma,textbooks,Chondromyxoid fibroma bone,True,1,https://storage.googleapis.com/pathology-hub-public-figures-830130787988/textbook_figures_web_v1/bone_atlas/bone_atlas_p0141_fig01_fig_3_49.jpeg
BST_004,Chondromyxoid fibroma,textbooks,Chondromyxoid fibroma bone,True,2,https://storage.googleapis.com/pathology-hub-0/_asset_library/textbooks/Bone_Atlas/page_images/Bone_Atlas_page_0141.png
BST_004,Chondromyxoid fibroma,textbooks,Chondromyxoid fibroma bone,True,3,https://storage.googleapis.com/pathology-hub-public-figures-830130787988/textbook_figures_web_v1/bone_atlas/bone_atlas_p0142_fig01_fig_3_51.jpeg
BST_004,Chondromyxoid fibroma,textbooks,Chondromyxoid fibroma bone,True,4,https://storage.googleapis.com/pathology-hub-0/_asset_library/textbooks/Bone_Atlas/page_images/Bone_Atlas_page_0142.png
BST_004,Chondromyxoid fibroma,textbooks,Chondromyxoid fibroma bone,True,5,https://storage.googleapis.com/pathology-hub-public-figures-830130787988/textbook_figures_web_v1/bone_atlas/bone_atlas_p0144_fig02_fig_3_56.jpeg
BST_004,Chondromyxoid fibroma,textbooks,Chondromyxoid fibroma bone,True,6,https://storage.googleapis.com/pathology-hub-0/_asset_library/textbooks/Bone_Atlas/page_images/Bone_Atlas_page_0144.png
BST_004,Chondromyxoid fibroma,textbooks,Chondromyxoid fibroma bone,True,7,https://storage.googleapis.com/pathology-hub-public-figures-830130787988/textbook_figures_web_v1/bone_atlas/bone_atlas_p0143_fig01_fig_3_53.jpeg
BST_004,Chondromyxoid fibroma,textbooks,Chondromyxoid fibroma bone,True,8,https://storage.googleapis.com/pathology-hub-0/_asset_library/textbooks/Bone_Atlas/page_images/Bone_Atlas_page_0143.png
BST_004,Chondromyxoid fibroma,textbooks,Chondromyxoid fibroma bone,True,9,https://storage.googleapis.com/pathology-hub-public-figures-830130787988/textbook_figures_web_v1/bone_atlas/bone_atlas_p0144_fig01_fig_3_55.jpeg
BST_004,Chondromyxoid fibroma,textbooks,Chondromyxoid fibroma bone,True,10,https://storage.googleapis.com/pathology-hub-public-figures-830130787988/textbook_figures_web_v1/bone_atlas/bone_atlas_p0141_fig02_fig_3_50.jpeg
BST_004,Chondromyxoid fibroma,textbooks,Chondromyxoid fibroma bone,True,11,https://storage.googleapis.com/pathology-hub-public-figures-830130787988/textbook_figures_web_v1/bst_horvai/bst_horvai_p0102_fig02_fig_2.jpeg
BST_004,Chondromyxoid fibroma,textbooks,Chondromyxoid fibroma bone,True,12,https://storage.googleapis.com/pathology-hub-0/_asset_library/textbooks/BST_Horvai/page_images/BST_Horvai_page_0102.png
BST_004,Chondromyxoid fibroma,textbooks,Chondromyxoid fibroma bone,True,13,https://storage.googleapis.com/pathology-hub-public-figures-830130787988/textbook_figures_web_v1/bone_atlas/bone_atlas_p0142_fig02_fig_3_52.jpeg
BST_004,Chondromyxoid fibroma,textbooks,Chondromyxoid fibroma bone,True,14,https://storage.googleapis.com/pathology-hub-public-figures-830130787988/textbook_figures_web_v1/bone_atlas/bone_atlas_p0143_fig02_fig_3_54.jpeg
BST_004,Chondromyxoid fibroma,textbooks,Chondromyxoid fibroma bone,True,15,https://storage.googleapis.com/pathology-hub-public-figures-830130787988/textbook_figures_web_v1/bst_horvai/bst_horvai_p0102_fig01_fig_1.jpeg
BST_004,Chondromyxoid fibroma,textbooks,Chondromyxoid fibroma bone,True,16,https://storage.googleapis.com/pathology-hub-0/_asset_library/textbooks/Bone_Dorfman/page_images/Bone_Dorfman_page_0436.png
BST_004,Chondromyxoid fibroma,who,Chondromyxoid fibroma lobular chondroid,True,1,https://storage.googleapis.com/pathology-hub-0/WHO/WHO_PICS/PEDS/28466.jpg
BST_004,Chondromyxoid fibroma,who,Chondromyxoid fibroma lobular chondroid,True,2,https://storage.googleapis.com/pathology-hub-0/WHO/WHO_PICS/PEDS/28467.jpg
BST_004,Chondromyxoid fibroma,who,Chondromyxoid fibroma lobular chondroid,True,3,https://storage.googleapis.com/pathology-hub-0/WHO/WHO_PICS/PEDS/28468.jpg
BST_004,Chondromyxoid fibroma,who,Chondromyxoid fibroma lobular chondroid,True,4,https://storage.googleapis.com/pathology-hub-0/WHO/WHO_PICS/PEDS/13394.jpg
BST_004,Chondromyxoid fibroma,who,Chondromyxoid fibroma lobular chondroid,True,5,https://storage.googleapis.com/pathology-hub-0/WHO/WHO_HTML/HN/Chondromyxoid_Fibroma.html
BST_004,Chondromyxoid fibroma,who,Chondromyxoid fibroma lobular chondroid,True,6,https://storage.googleapis.com/pathology-hub-0/WHO/WHO_HTML/BST/Chondromyxoid_Fibroma.html
BST_004,Chondromyxoid fibroma,who,Chondromyxoid fibroma lobular chondroid,True,7,https://storage.googleapis.com/pathology-hub-0/WHO/WHO_HTML/PEDS/Chondromyxoid_Fibroma.html
BST_004,Chondromyxoid fibroma,pathout,Chondromyxoid fibroma lobular chondroid,True,1,https://www.pathologyoutlines.com/imgau/bonechondromyxoidfibromachundriger06.jpg
BST_004,Chondromyxoid fibroma,pathout,Chondromyxoid fibroma lobular chondroid,True,2,https://www.pathologyoutlines.com/wick/chondromyxoid%20fibroma%20metatarsal%20xray.jpg
BST_004,Chondromyxoid fibroma,pathout,Chondromyxoid fibroma lobular chondroid,True,3,https://www.pathologyoutlines.com/wick/chondromyxoid%20fibroma%20of%20femur%20xray.jpg
BST_004,Chondromyxoid fibroma,pathout,Chondromyxoid fibroma lobular chondroid,True,4,https://www.pathologyoutlines.com/wick/chondromyxoid%20fibroma%20tibia%20xray.jpg
BST_004,Chondromyxoid fibroma,textbooks,Chondromyxoid fibroma lobular chondroid,True,1,https://storage.googleapis.com/pathology-hub-public-figures-830130787988/textbook_figures_web_v1/hn_atlas/hn_atlas_p0347_fig03_fig_3_33.jpeg
BST_004,Chondromyxoid fibroma,textbooks,Chondromyxoid fibroma lobular chondroid,True,2,https://storage.googleapis.com/pathology-hub-0/_asset_library/textbooks/Hn_Atlas/page_images/Hn_Atlas_page_0347.png
BST_004,Chondromyxoid fibroma,textbooks,Chondromyxoid fibroma lobular chondroid,True,3,https://storage.googleapis.com/pathology-hub-public-figures-830130787988/textbook_figures_web_v1/hn_atlas/hn_atlas_p0347_fig01_fig_3_32.jpeg
BST_004,Chondromyxoid fibroma,textbooks,Chondromyxoid fibroma lobular chondroid,True,4,https://storage.googleapis.com/pathology-hub-public-figures-830130787988/textbook_figures_web_v1/hn_atlas/hn_atlas_p0347_fig02_fig_3_34.jpeg
BST_004,Chondromyxoid fibroma,textbooks,Chondromyxoid fibroma lobular chondroid,True,5,https://storage.googleapis.com/pathology-hub-0/_asset_library/textbooks/Bone_Dorfman/page_images/Bone_Dorfman_page_0643.png
BST_004,Chondromyxoid fibroma,textbooks,Chondromyxoid fibroma lobular chondroid,True,6,https://storage.googleapis.com/pathology-hub-0/_asset_library/textbooks/Bone_Dorfman/page_images/Bone_Dorfman_page_0440.png
BST_004,Chondromyxoid fibroma,textbooks,Chondromyxoid fibroma lobular chondroid,True,7,https://storage.googleapis.com/pathology-hub-0/_asset_library/textbooks/Bone_Pattern/page_images/Bone_Pattern_page_0182.png
BST_004,Chondromyxoid fibroma,textbooks,Chondromyxoid fibroma lobular chondroid,True,8,https://storage.googleapis.com/pathology-hub-0/_asset_library/textbooks/Bone_Dorfman/page_images/Bone_Dorfman_page_0433.png
BST_004,Chondromyxoid fibroma,textbooks,Chondromyxoid fibroma lobular chondroid,True,9,https://storage.googleapis.com/pathology-hub-0/_asset_library/textbooks/Bone_Dorfman/page_images/Bone_Dorfman_page_0432.png
BST_004,Chondromyxoid fibroma,textbooks,Chondromyxoid fibroma lobular chondroid,True,10,https://storage.googleapis.com/pathology-hub-0/_asset_library/textbooks/Bone_Dorfman/page_images/Bone_Dorfman_page_0434.png
BST_004,Chondromyxoid fibroma,textbooks,Chondromyxoid fibroma lobular chondroid,True,11,https://storage.googleapis.com/pathology-hub-0/_asset_library/textbooks/Bone_Dorfman/page_images/Bone_Dorfman_page_0436.png
BST_005,Desmoplastic small round cell tumor,who,Desmoplastic small round cell tumor,True,1,https://storage.googleapis.com/pathology-hub-0/WHO/WHO_PICS/GYN/10196.jpg
BST_005,Desmoplastic small round cell tumor,who,Desmoplastic small round cell tumor,True,2,https://storage.googleapis.com/pathology-hub-0/WHO/WHO_PICS/GYN/15333.jpg
BST_005,Desmoplastic small round cell tumor,who,Desmoplastic small round cell tumor,True,3,https://tumourclassification.iarc.who.int/static/dzi/36/313/20259.jpg
BST_005,Desmoplastic small round cell tumor,who,Desmoplastic small round cell tumor,True,4,https://tumourclassification.iarc.who.int/static/dzi/36/313/20260.jpg
BST_005,Desmoplastic small round cell tumor,who,Desmoplastic small round cell tumor,True,5,https://storage.googleapis.com/pathology-hub-0/WHO/WHO_HTML/GU/Desmoplastic_Small_Round_Cell_Tumour.html
BST_005,Desmoplastic small round cell tumor,who,Desmoplastic small round cell tumor,True,6,https://storage.googleapis.com/pathology-hub-0/WHO/WHO_HTML/GYN/Desmoplastic_Small_Round_Cell_Tumour.html
BST_005,Desmoplastic small round cell tumor,who,Desmoplastic small round cell tumor,True,7,https://storage.googleapis.com/pathology-hub-0/WHO/WHO_HTML/CYTO_SOFTTISSUE/Desmoplastic_Small_Round_Cell_Tumour.html
BST_005,Desmoplastic small round cell tumor,pathout,Desmoplastic small round cell tumor,True,1,https://www.pathologyoutlines.com/imgau/testisdesmoplasticsmallAlexiev01.jpg
BST_005,Desmoplastic small round cell tumor,pathout,Desmoplastic small round cell tumor,True,2,https://www.pathologyoutlines.com/imgau/testisdesmoplasticsmallAlexiev02.jpg
BST_005,Desmoplastic small round cell tumor,pathout,Desmoplastic small round cell tumor,True,3,https://www.pathologyoutlines.com/imgau/testisdesmoplasticsmallAlexiev03.jpg
BST_005,Desmoplastic small round cell tumor,pathout,Desmoplastic small round cell tumor,True,4,https://www.pathologyoutlines.com/imgau/testisdesmoplasticsmallAlexiev04.jpg
BST_005,Desmoplastic small round cell tumor,textbooks,Desmoplastic small round cell tumor,True,1,https://storage.googleapis.com/pathology-hub-public-figures-830130787988/textbook_figures_web_v1/molecular_vasef/molecular_vasef_p0816_fig01_unidentified.jpeg
BST_005,Desmoplastic small round cell tumor,textbooks,Desmoplastic small round cell tumor,True,2,https://storage.googleapis.com/pathology-hub-0/_asset_library/textbooks/Molecular_Vasef/page_images/Molecular_Vasef_page_0816.png
BST_005,Desmoplastic small round cell tumor,textbooks,Desmoplastic small round cell tumor,True,3,https://storage.googleapis.com/pathology-hub-public-figures-830130787988/textbook_figures_web_v1/cyto_cibas/cyto_cibas_p0587_fig01_fig_17_32.jpeg
BST_005,Desmoplastic small round cell tumor,textbooks,Desmoplastic small round cell tumor,True,4,https://storage.googleapis.com/pathology-hub-0/_asset_library/textbooks/Cyto_Cibas/page_images/Cyto_Cibas_page_0587.png
BST_005,Desmoplastic small round cell tumor,textbooks,Desmoplastic small round cell tumor,True,5,https://storage.googleapis.com/pathology-hub-public-figures-830130787988/textbook_figures_web_v1/molecular_vasef/molecular_vasef_p0819_fig01_unidentified.jpeg
BST_005,Desmoplastic small round cell tumor,textbooks,Desmoplastic small round cell tumor,True,6,https://storage.googleapis.com/pathology-hub-0/_asset_library/textbooks/Molecular_Vasef/page_images/Molecular_Vasef_page_0819.png
BST_005,Desmoplastic small round cell tumor,textbooks,Desmoplastic small round cell tumor,True,7,https://storage.googleapis.com/pathology-hub-public-figures-830130787988/textbook_figures_web_v1/cyto_comprehensive_part_one/cyto_comprehensive_part_one_p0441_fig01_figure_18_27.png
BST_005,Desmoplastic small round cell tumor,textbooks,Desmoplastic small round cell tumor,True,8,https://storage.googleapis.com/pathology-hub-0/_asset_library/textbooks/Cyto_Comprehensive_Part_One/page_images/Cyto_Comprehensive_Part_One_page_0441.png
BST_005,Desmoplastic small round cell tumor,textbooks,Desmoplastic small round cell tumor,True,9,https://storage.googleapis.com/pathology-hub-public-figures-830130787988/textbook_figures_web_v1/molecular_vasef/molecular_vasef_p0819_fig02_unidentified.jpeg
BST_005,Desmoplastic small round cell tumor,textbooks,Desmoplastic small round cell tumor,True,10,https://storage.googleapis.com/pathology-hub-public-figures-830130787988/textbook_figures_web_v1/molecular_vasef/molecular_vasef_p0819_fig03_unidentified.jpeg
BST_005,Desmoplastic small round cell tumor,textbooks,Desmoplastic small round cell tumor,True,11,https://storage.googleapis.com/pathology-hub-public-figures-830130787988/textbook_figures_web_v1/bst_horvai/bst_horvai_p0454_fig02_fig_4.jpeg
BST_005,Desmoplastic small round cell tumor,textbooks,Desmoplastic small round cell tumor,True,12,https://storage.googleapis.com/pathology-hub-0/_asset_library/textbooks/BST_Horvai/page_images/BST_Horvai_page_0454.png
BST_005,Desmoplastic small round cell tumor,textbooks,Desmoplastic small round cell tumor,True,13,https://storage.googleapis.com/pathology-hub-public-figures-830130787988/textbook_figures_web_v1/gyn_essentials/gyn_essentials_p0867_fig01_fig_18_37.jpeg
BST_005,Desmoplastic small round cell tumor,textbooks,Desmoplastic small round cell tumor,True,14,https://storage.googleapis.com/pathology-hub-0/_asset_library/textbooks/Gyn_Essentials/page_images/Gyn_Essentials_page_0867.png
BST_005,Desmoplastic small round cell tumor,textbooks,Desmoplastic small round cell tumor,True,15,https://storage.googleapis.com/pathology-hub-public-figures-830130787988/textbook_figures_web_v1/molecular_vasef/molecular_vasef_p0816_fig02_unidentified.jpeg
BST_005,Desmoplastic small round cell tumor,textbooks,Desmoplastic small round cell tumor,True,16,https://storage.googleapis.com/pathology-hub-public-figures-830130787988/textbook_figures_web_v1/molecular_vasef/molecular_vasef_p0816_fig03_unidentified.jpeg
BST_005,Desmoplastic small round cell tumor,textbooks,Desmoplastic small round cell tumor,True,17,https://storage.googleapis.com/pathology-hub-0/_asset_library/textbooks/Hn_Cardesa/page_images/Hn_Cardesa_page_0286.png
BST_005,Desmoplastic small round cell tumor,who,DSRCT,True,1,https://tumourclassification.iarc.who.int/static/dzi/36/313/20259.jpg
BST_005,Desmoplastic small round cell tumor,who,DSRCT,True,2,https://tumourclassification.iarc.who.int/static/dzi/36/313/20260.jpg
BST_005,Desmoplastic small round cell tumor,who,DSRCT,True,3,https://storage.googleapis.com/pathology-hub-0/WHO/WHO_PICS/GYN/10196.jpg
BST_005,Desmoplastic small round cell tumor,who,DSRCT,True,4,https://storage.googleapis.com/pathology-hub-0/WHO/WHO_PICS/GYN/15333.jpg
BST_005,Desmoplastic small round cell tumor,who,DSRCT,True,5,https://storage.googleapis.com/pathology-hub-0/WHO/WHO_HTML/GYN/Desmoplastic_Small_Round_Cell_Tumour.html
BST_005,Desmoplastic small round cell tumor,who,DSRCT,True,6,https://storage.googleapis.com/pathology-hub-0/WHO/WHO_HTML/GU/Desmoplastic_Small_Round_Cell_Tumour.html
BST_005,Desmoplastic small round cell tumor,who,DSRCT,True,7,https://storage.googleapis.com/pathology-hub-0/WHO/WHO_HTML/CYTO_SOFTTISSUE/Desmoplastic_Small_Round_Cell_Tumour.html
BST_005,Desmoplastic small round cell tumor,pathout,DSRCT,True,1,https://www.pathologyoutlines.com/thumb/boneewingdiagPP01.png
BST_005,Desmoplastic small round cell tumor,pathout,DSRCT,True,2,https://www.pathologyoutlines.com/imgau/boneewingradAFIP1.jpg
BST_005,Desmoplastic small round cell tumor,pathout,DSRCT,True,3,https://www.pathologyoutlines.com/thumb/boneewingrad01.jpg
BST_005,Desmoplastic small round cell tumor,pathout,DSRCT,True,4,https://www.pathologyoutlines.com/thumb/boneewingrad02.jpg
BST_005,Desmoplastic small round cell tumor,textbooks,DSRCT,True,1,https://storage.googleapis.com/pathology-hub-public-figures-830130787988/textbook_figures_web_v1/cyto_fluids_ali/cyto_fluids_ali_p0150_fig01_fig_6_9.jpeg
BST_005,Desmoplastic small round cell tumor,textbooks,DSRCT,True,2,https://storage.googleapis.com/pathology-hub-public-figures-830130787988/textbook_figures_web_v1/molecular_vasef/molecular_vasef_p0819_fig01_unidentified.jpeg
BST_005,Desmoplastic small round cell tumor,textbooks,DSRCT,True,3,https://storage.googleapis.com/pathology-hub-0/_asset_library/textbooks/Molecular_Vasef/page_images/Molecular_Vasef_page_0819.png
BST_005,Desmoplastic small round cell tumor,textbooks,DSRCT,True,4,https://storage.googleapis.com/pathology-hub-public-figures-830130787988/textbook_figures_web_v1/molecular_vasef/molecular_vasef_p0819_fig03_unidentified.jpeg
BST_005,Desmoplastic small round cell tumor,textbooks,DSRCT,True,5,https://storage.googleapis.com/pathology-hub-public-figures-830130787988/textbook_figures_web_v1/molecular_vasef/molecular_vasef_p0819_fig02_unidentified.jpeg
BST_005,Desmoplastic small round cell tumor,textbooks,DSRCT,True,6,https://storage.googleapis.com/pathology-hub-public-figures-830130787988/textbook_figures_web_v1/molecular_vasef/molecular_vasef_p0819_fig04_unidentified.jpeg
BST_005,Desmoplastic small round cell tumor,textbooks,DSRCT,True,7,https://storage.googleapis.com/pathology-hub-public-figures-830130787988/textbook_figures_web_v1/molecular_vasef/molecular_vasef_p0819_fig05_unidentified.jpeg
BST_005,Desmoplastic small round cell tumor,textbooks,DSRCT,True,8,https://storage.googleapis.com/pathology-hub-public-figures-830130787988/textbook_figures_web_v1/molecular_vasef/molecular_vasef_p0819_fig06_unidentified.jpeg
BST_005,Desmoplastic small round cell tumor,textbooks,DSRCT,True,9,https://storage.googleapis.com/pathology-hub-public-figures-830130787988/textbook_figures_web_v1/molecular_vasef/molecular_vasef_p0819_fig07_unidentified.jpeg
BST_005,Desmoplastic small round cell tumor,textbooks,DSRCT,True,10,https://storage.googleapis.com/pathology-hub-public-figures-830130787988/textbook_figures_web_v1/molecular_vasef/molecular_vasef_p0819_fig08_unidentified.jpeg
BST_005,Desmoplastic small round cell tumor,textbooks,DSRCT,True,11,https://storage.googleapis.com/pathology-hub-public-figures-830130787988/textbook_figures_web_v1/molecular_vasef/molecular_vasef_p0819_fig09_unidentified.jpeg
BST_005,Desmoplastic small round cell tumor,textbooks,DSRCT,True,12,https://storage.googleapis.com/pathology-hub-0/_asset_library/textbooks/SoftTissue_Enzinger/page_images/SoftTissue_Enzinger_page_1238.png
BST_005,Desmoplastic small round cell tumor,textbooks,DSRCT,True,13,https://storage.googleapis.com/pathology-hub-0/_asset_library/textbooks/Cyto_Cibas/page_images/Cyto_Cibas_page_0586.png
BST_005,Desmoplastic small round cell tumor,textbooks,DSRCT,True,14,https://storage.googleapis.com/pathology-hub-0/_asset_library/textbooks/SoftTissue_Pattern/page_images/SoftTissue_Pattern_page_0269.png
BST_005,Desmoplastic small round cell tumor,textbooks,DSRCT,True,15,https://storage.googleapis.com/pathology-hub-0/_asset_library/textbooks/SoftTissue_Enzinger/page_images/SoftTissue_Enzinger_page_1234.png
BST_005,Desmoplastic small round cell tumor,textbooks,DSRCT,True,16,https://storage.googleapis.com/pathology-hub-0/_asset_library/textbooks/SoftTissue_Enzinger/page_images/SoftTissue_Enzinger_page_1200.png
BST_005,Desmoplastic small round cell tumor,who,Desmoplastic small round cell tumor soft tissue,True,1,https://storage.googleapis.com/pathology-hub-0/WHO/WHO_PICS/GYN/10196.jpg
BST_005,Desmoplastic small round cell tumor,who,Desmoplastic small round cell tumor soft tissue,True,2,https://storage.googleapis.com/pathology-hub-0/WHO/WHO_PICS/GYN/15333.jpg
BST_005,Desmoplastic small round cell tumor,who,Desmoplastic small round cell tumor soft tissue,True,3,https://tumourclassification.iarc.who.int/static/dzi/36/313/20259.jpg
BST_005,Desmoplastic small round cell tumor,who,Desmoplastic small round cell tumor soft tissue,True,4,https://tumourclassification.iarc.who.int/static/dzi/36/313/20260.jpg
BST_005,Desmoplastic small round cell tumor,who,Desmoplastic small round cell tumor soft tissue,True,5,https://storage.googleapis.com/pathology-hub-0/WHO/WHO_HTML/BST/Desmoplastic_Fibroblastoma.html
BST_005,Desmoplastic small round cell tumor,who,Desmoplastic small round cell tumor soft tissue,True,6,https://storage.googleapis.com/pathology-hub-0/WHO/WHO_HTML/GU/Desmoplastic_Small_Round_Cell_Tumour.html
BST_005,Desmoplastic small round cell tumor,who,Desmoplastic small round cell tumor soft tissue,True,7,https://storage.googleapis.com/pathology-hub-0/WHO/WHO_HTML/GYN/Desmoplastic_Small_Round_Cell_Tumour.html
BST_005,Desmoplastic small round cell tumor,who,Desmoplastic small round cell tumor soft tissue,True,8,https://storage.googleapis.com/pathology-hub-0/WHO/WHO_HTML/CYTO_SOFTTISSUE/Desmoplastic_Small_Round_Cell_Tumour.html
BST_005,Desmoplastic small round cell tumor,pathout,Desmoplastic small round cell tumor soft tissue,True,1,https://www.pathologyoutlines.com/imgau/softtissuemolecularalexiev01.jpg
BST_005,Desmoplastic small round cell tumor,pathout,Desmoplastic small round cell tumor soft tissue,True,2,https://www.pathologyoutlines.com/imgau/softtissuemolecularalexiev02.jpg
BST_005,Desmoplastic small round cell tumor,pathout,Desmoplastic small round cell tumor soft tissue,True,3,https://www.pathologyoutlines.com/imgau/testisdesmoplasticsmallAlexiev01.jpg
BST_005,Desmoplastic small round cell tumor,pathout,Desmoplastic small round cell tumor soft tissue,True,4,https://www.pathologyoutlines.com/imgau/testisdesmoplasticsmallAlexiev02.jpg
BST_005,Desmoplastic small round cell tumor,textbooks,Desmoplastic small round cell tumor soft tissue,True,1,https://storage.googleapis.com/pathology-hub-public-figures-830130787988/textbook_figures_web_v1/cyto_comprehensive_part_one/cyto_comprehensive_part_one_p0441_fig01_figure_18_27.png
BST_005,Desmoplastic small round cell tumor,textbooks,Desmoplastic small round cell tumor soft tissue,True,2,https://storage.googleapis.com/pathology-hub-0/_asset_library/textbooks/Cyto_Comprehensive_Part_One/page_images/Cyto_Comprehensive_Part_One_page_0441.png
BST_005,Desmoplastic small round cell tumor,textbooks,Desmoplastic small round cell tumor soft tissue,True,3,https://storage.googleapis.com/pathology-hub-public-figures-830130787988/textbook_figures_web_v1/cyto_cibas/cyto_cibas_p0587_fig01_fig_17_32.jpeg
BST_005,Desmoplastic small round cell tumor,textbooks,Desmoplastic small round cell tumor soft tissue,True,4,https://storage.googleapis.com/pathology-hub-0/_asset_library/textbooks/Cyto_Cibas/page_images/Cyto_Cibas_page_0587.png
BST_005,Desmoplastic small round cell tumor,textbooks,Desmoplastic small round cell tumor soft tissue,True,5,https://storage.googleapis.com/pathology-hub-public-figures-830130787988/textbook_figures_web_v1/bst_horvai/bst_horvai_p0454_fig02_fig_4.jpeg
BST_005,Desmoplastic small round cell tumor,textbooks,Desmoplastic small round cell tumor soft tissue,True,6,https://storage.googleapis.com/pathology-hub-0/_asset_library/textbooks/BST_Horvai/page_images/BST_Horvai_page_0454.png
BST_005,Desmoplastic small round cell tumor,textbooks,Desmoplastic small round cell tumor soft tissue,True,7,https://storage.googleapis.com/pathology-hub-public-figures-830130787988/textbook_figures_web_v1/bst_horvai/bst_horvai_p0453_fig01_fig_1.jpeg
BST_005,Desmoplastic small round cell tumor,textbooks,Desmoplastic small round cell tumor soft tissue,True,8,https://storage.googleapis.com/pathology-hub-0/_asset_library/textbooks/BST_Horvai/page_images/BST_Horvai_page_0453.png
BST_005,Desmoplastic small round cell tumor,textbooks,Desmoplastic small round cell tumor soft tissue,True,9,https://storage.googleapis.com/pathology-hub-public-figures-830130787988/textbook_figures_web_v1/bst_horvai/bst_horvai_p0453_fig02_fig_2.jpeg
BST_005,Desmoplastic small round cell tumor,textbooks,Desmoplastic small round cell tumor soft tissue,True,10,https://storage.googleapis.com/pathology-hub-public-figures-830130787988/textbook_figures_web_v1/bst_horvai/bst_horvai_p0454_fig01_fig_3.jpeg
BST_005,Desmoplastic small round cell tumor,textbooks,Desmoplastic small round cell tumor soft tissue,True,11,https://storage.googleapis.com/pathology-hub-public-figures-830130787988/textbook_figures_web_v1/cyto_comprehensive_part_one/cyto_comprehensive_part_one_p0441_fig02_figure_18_25.jpg
BST_005,Desmoplastic small round cell tumor,textbooks,Desmoplastic small round cell tumor soft tissue,True,12,https://storage.googleapis.com/pathology-hub-public-figures-830130787988/textbook_figures_web_v1/cyto_comprehensive_part_one/cyto_comprehensive_part_one_p0441_fig03_figure_18_26.jpg
BST_005,Desmoplastic small round cell tumor,textbooks,Desmoplastic small round cell tumor soft tissue,True,13,https://storage.googleapis.com/pathology-hub-public-figures-830130787988/textbook_figures_web_v1/cyto_comprehensive_part_one/cyto_comprehensive_part_one_p0441_fig04_fig_18_27.jpg
BST_005,Desmoplastic small round cell tumor,textbooks,Desmoplastic small round cell tumor soft tissue,True,14,https://storage.googleapis.com/pathology-hub-public-figures-830130787988/textbook_figures_web_v1/cyto_cibas/cyto_cibas_p0587_fig02_unidentified.jpeg
BST_005,Desmoplastic small round cell tumor,textbooks,Desmoplastic small round cell tumor soft tissue,True,15,https://storage.googleapis.com/pathology-hub-0/_asset_library/textbooks/SoftTissue_Enzinger/page_images/SoftTissue_Enzinger_page_1234.png
BST_005,Desmoplastic small round cell tumor,textbooks,Desmoplastic small round cell tumor soft tissue,True,16,https://storage.googleapis.com/pathology-hub-0/_asset_library/textbooks/SoftTissue_Enzinger/page_images/SoftTissue_Enzinger_page_1235.png
BST_005,Desmoplastic small round cell tumor,who,Desmoplastic small round cell tumor EWSR1 WT1 fusion,True,1,https://storage.googleapis.com/pathology-hub-0/WHO/WHO_PICS/GYN/10196.jpg
BST_005,Desmoplastic small round cell tumor,who,Desmoplastic small round cell tumor EWSR1 WT1 fusion,True,2,https://storage.googleapis.com/pathology-hub-0/WHO/WHO_PICS/GYN/15333.jpg
BST_005,Desmoplastic small round cell tumor,who,Desmoplastic small round cell tumor EWSR1 WT1 fusion,True,3,https://tumourclassification.iarc.who.int/static/dzi/36/313/20259.jpg
BST_005,Desmoplastic small round cell tumor,who,Desmoplastic small round cell tumor EWSR1 WT1 fusion,True,4,https://tumourclassification.iarc.who.int/static/dzi/36/313/20260.jpg
BST_005,Desmoplastic small round cell tumor,who,Desmoplastic small round cell tumor EWSR1 WT1 fusion,True,5,https://storage.googleapis.com/pathology-hub-0/WHO/WHO_HTML/EYE/Ewing_Sarcoma.html
BST_005,Desmoplastic small round cell tumor,who,Desmoplastic small round cell tumor EWSR1 WT1 fusion,True,6,https://storage.googleapis.com/pathology-hub-0/WHO/WHO_HTML/GU/Desmoplastic_Small_Round_Cell_Tumour.html
BST_005,Desmoplastic small round cell tumor,who,Desmoplastic small round cell tumor EWSR1 WT1 fusion,True,7,https://storage.googleapis.com/pathology-hub-0/WHO/WHO_HTML/CYTO_SOFTTISSUE/Desmoplastic_Small_Round_Cell_Tumour.html
BST_005,Desmoplastic small round cell tumor,who,Desmoplastic small round cell tumor EWSR1 WT1 fusion,True,8,https://storage.googleapis.com/pathology-hub-0/WHO/WHO_HTML/GYN/Desmoplastic_Small_Round_Cell_Tumour.html
BST_005,Desmoplastic small round cell tumor,pathout,Desmoplastic small round cell tumor EWSR1 WT1 fusion,True,1,https://www.pathologyoutlines.com/imgau/testisdesmoplasticsmallAlexiev01.jpg
BST_005,Desmoplastic small round cell tumor,pathout,Desmoplastic small round cell tumor EWSR1 WT1 fusion,True,2,https://www.pathologyoutlines.com/imgau/testisdesmoplasticsmallAlexiev02.jpg
BST_005,Desmoplastic small round cell tumor,pathout,Desmoplastic small round cell tumor EWSR1 WT1 fusion,True,3,https://www.pathologyoutlines.com/imgau/testisdesmoplasticsmallAlexiev03.jpg
BST_005,Desmoplastic small round cell tumor,pathout,Desmoplastic small round cell tumor EWSR1 WT1 fusion,True,4,https://www.pathologyoutlines.com/imgau/testisdesmoplasticsmallAlexiev04.jpg
BST_005,Desmoplastic small round cell tumor,textbooks,Desmoplastic small round cell tumor EWSR1 WT1 fusion,True,1,https://storage.googleapis.com/pathology-hub-public-figures-830130787988/textbook_figures_web_v1/cyto_comprehensive_part_one/cyto_comprehensive_part_one_p0441_fig01_figure_18_27.png
BST_005,Desmoplastic small round cell tumor,textbooks,Desmoplastic small round cell tumor EWSR1 WT1 fusion,True,2,https://storage.googleapis.com/pathology-hub-0/_asset_library/textbooks/Cyto_Comprehensive_Part_One/page_images/Cyto_Comprehensive_Part_One_page_0441.png
BST_005,Desmoplastic small round cell tumor,textbooks,Desmoplastic small round cell tumor EWSR1 WT1 fusion,True,3,https://storage.googleapis.com/pathology-hub-public-figures-830130787988/textbook_figures_web_v1/cyto_comprehensive_part_one/cyto_comprehensive_part_one_p0441_fig02_figure_18_25.jpg
BST_005,Desmoplastic small round cell tumor,textbooks,Desmoplastic small round cell tumor EWSR1 WT1 fusion,True,4,https://storage.googleapis.com/pathology-hub-public-figures-830130787988/textbook_figures_web_v1/cyto_comprehensive_part_one/cyto_comprehensive_part_one_p0441_fig03_figure_18_26.jpg
BST_005,Desmoplastic small round cell tumor,textbooks,Desmoplastic small round cell tumor EWSR1 WT1 fusion,True,5,https://storage.googleapis.com/pathology-hub-public-figures-830130787988/textbook_figures_web_v1/cyto_comprehensive_part_one/cyto_comprehensive_part_one_p0441_fig04_fig_18_27.jpg
BST_005,Desmoplastic small round cell tumor,textbooks,Desmoplastic small round cell tumor EWSR1 WT1 fusion,True,6,https://storage.googleapis.com/pathology-hub-public-figures-830130787988/textbook_figures_web_v1/molecular_faq/molecular_faq_p0223_fig01_fig_10_3.jpeg
BST_005,Desmoplastic small round cell tumor,textbooks,Desmoplastic small round cell tumor EWSR1 WT1 fusion,True,7,https://storage.googleapis.com/pathology-hub-0/_asset_library/textbooks/Molecular_Faq/page_images/Molecular_Faq_page_0223.png
BST_005,Desmoplastic small round cell tumor,textbooks,Desmoplastic small round cell tumor EWSR1 WT1 fusion,True,8,https://storage.googleapis.com/pathology-hub-public-figures-830130787988/textbook_figures_web_v1/molecular_faq/molecular_faq_p0223_fig02_unidentified.jpeg
BST_005,Desmoplastic small round cell tumor,textbooks,Desmoplastic small round cell tumor EWSR1 WT1 fusion,True,9,https://storage.googleapis.com/pathology-hub-public-figures-830130787988/textbook_figures_web_v1/molecular_faq/molecular_faq_p0223_fig03_unidentified.jpeg
BST_005,Desmoplastic small round cell tumor,textbooks,Desmoplastic small round cell tumor EWSR1 WT1 fusion,True,10,https://storage.googleapis.com/pathology-hub-public-figures-830130787988/textbook_figures_web_v1/molecular_faq/molecular_faq_p0223_fig04_unidentified.jpeg
BST_005,Desmoplastic small round cell tumor,textbooks,Desmoplastic small round cell tumor EWSR1 WT1 fusion,True,11,https://pathology-hub-v04-v0-2-staging-vorn5q2kga-uc.a.run.app/figures/textbook?u=Z3M6Ly9wYXRob2xvZ3lfaHViLzAxX3N0YWdlZC90ZXh0Ym9va3MvYXNzZXRzL2ZpZ3VyZV9pbWFnZXMvbW9sZWN1bGFyX2ZhcS9tb2xlY3VsYXJfZmFxX3AwMjIzX2ZpZzA1X3VuaWRlbnRpZmllZC5qcGVn&exp=1783364675&sig=1339e1c9b58ace66261d2d738dd316d60abc0ecb408c447077ee2febbf88a3f3
BST_005,Desmoplastic small round cell tumor,textbooks,Desmoplastic small round cell tumor EWSR1 WT1 fusion,True,12,https://storage.googleapis.com/pathology-hub-public-figures-830130787988/textbook_figures_web_v1/softtissue_enzinger/softtissue_enzinger_p0172_fig01_fig_6_34.jpeg
BST_005,Desmoplastic small round cell tumor,textbooks,Desmoplastic small round cell tumor EWSR1 WT1 fusion,True,13,https://storage.googleapis.com/pathology-hub-0/_asset_library/textbooks/SoftTissue_Enzinger/page_images/SoftTissue_Enzinger_page_0172.png
BST_005,Desmoplastic small round cell tumor,textbooks,Desmoplastic small round cell tumor EWSR1 WT1 fusion,True,14,https://storage.googleapis.com/pathology-hub-0/_asset_library/textbooks/Molecular_Vasef/page_images/Molecular_Vasef_page_0817.png
BST_005,Desmoplastic small round cell tumor,textbooks,Desmoplastic small round cell tumor EWSR1 WT1 fusion,True,15,https://storage.googleapis.com/pathology-hub-0/_asset_library/textbooks/Molecular_Vasef/page_images/Molecular_Vasef_page_0882.png
BST_005,Desmoplastic small round cell tumor,textbooks,Desmoplastic small round cell tumor EWSR1 WT1 fusion,True,16,https://storage.googleapis.com/pathology-hub-0/_asset_library/textbooks/SoftTissue_Pattern/page_images/SoftTissue_Pattern_page_0260.png
BST_005,Desmoplastic small round cell tumor,textbooks,Desmoplastic small round cell tumor EWSR1 WT1 fusion,True,17,https://storage.googleapis.com/pathology-hub-0/_asset_library/textbooks/SoftTissue_Enzinger/page_images/SoftTissue_Enzinger_page_0126.png
BST_005,Desmoplastic small round cell tumor,textbooks,Desmoplastic small round cell tumor EWSR1 WT1 fusion,True,18,https://storage.googleapis.com/pathology-hub-0/_asset_library/textbooks/Molecular_Vasef/page_images/Molecular_Vasef_page_0816.png
BST_005,Desmoplastic small round cell tumor,textbooks,Desmoplastic small round cell tumor EWSR1 WT1 fusion,True,19,https://storage.googleapis.com/pathology-hub-0/_asset_library/textbooks/SoftTissue_Enzinger/page_images/SoftTissue_Enzinger_page_1237.png
HN_001,Pleomorphic adenoma,who,Pleomorphic adenoma,True,1,https://tumourclassification.iarc.who.int/static/dzi/65/295/34249.jpg
HN_001,Pleomorphic adenoma,who,Pleomorphic adenoma,True,2,https://tumourclassification.iarc.who.int/static/dzi/65/295/34254.jpg
HN_001,Pleomorphic adenoma,who,Pleomorphic adenoma,True,3,https://tumourclassification.iarc.who.int/static/dzi/65/295/34259.jpg
HN_001,Pleomorphic adenoma,who,Pleomorphic adenoma,True,4,https://tumourclassification.iarc.who.int/static/dzi/65/295/38427.jpg
HN_001,Pleomorphic adenoma,who,Pleomorphic adenoma,True,5,https://storage.googleapis.com/pathology-hub-0/WHO/WHO_HTML/BREAST/Pleomorphic_Adenoma.html
HN_001,Pleomorphic adenoma,who,Pleomorphic adenoma,True,6,https://storage.googleapis.com/pathology-hub-0/WHO/WHO_HTML/HN/Carcinoma_Ex_Pleomorphic_Adenoma.html
HN_001,Pleomorphic adenoma,who,Pleomorphic adenoma,True,7,https://storage.googleapis.com/pathology-hub-0/WHO/WHO_HTML/THORACIC/Pleomorphic_Adenoma_Of_The_Lung.html
HN_001,Pleomorphic adenoma,who,Pleomorphic adenoma,True,8,https://storage.googleapis.com/pathology-hub-0/WHO/WHO_HTML/EYE/Carcinoma_Ex_Pleomorphic_Adenoma.html
HN_001,Pleomorphic adenoma,pathout,Pleomorphic adenoma,True,1,https://www.pathologyoutlines.com/thumb/salivaryglandspleomorphicadenomaejhs01.jpg
HN_001,Pleomorphic adenoma,pathout,Pleomorphic adenoma,True,2,https://www.pathologyoutlines.com/thumb/salivaryglandspleomorphicadenomamedarch01.jpg
HN_001,Pleomorphic adenoma,pathout,Pleomorphic adenoma,True,3,https://www.pathologyoutlines.com/thumb/salivaryglandspleomorphicadenomahnp01.jpg
HN_001,Pleomorphic adenoma,pathout,Pleomorphic adenoma,True,4,https://www.pathologyoutlines.com/thumb/salivaryglandspleomorphicadenomahnp02.jpg
HN_001,Pleomorphic adenoma,textbooks,Pleomorphic adenoma,True,1,https://storage.googleapis.com/pathology-hub-public-figures-830130787988/textbook_figures_web_v1/hn_gnepp/hn_gnepp_p0395_fig01_fig_5_45.jpeg
HN_001,Pleomorphic adenoma,textbooks,Pleomorphic adenoma,True,2,https://storage.googleapis.com/pathology-hub-0/_asset_library/textbooks/Hn_Gnepp/page_images/Hn_Gnepp_page_0395.png
HN_001,Pleomorphic adenoma,textbooks,Pleomorphic adenoma,True,3,https://storage.googleapis.com/pathology-hub-public-figures-830130787988/textbook_figures_web_v1/hn_thompson/hn_thompson_p0297_fig01_figure_12_5.jpg
HN_001,Pleomorphic adenoma,textbooks,Pleomorphic adenoma,True,4,https://storage.googleapis.com/pathology-hub-0/_asset_library/textbooks/Hn_Thompson/page_images/Hn_Thompson_page_0297.png
HN_001,Pleomorphic adenoma,textbooks,Pleomorphic adenoma,True,5,https://storage.googleapis.com/pathology-hub-public-figures-830130787988/textbook_figures_web_v1/cyto_comprehensive_part_two/cyto_comprehensive_part_two_p0029_fig01_figure_22_11.png
HN_001,Pleomorphic adenoma,textbooks,Pleomorphic adenoma,True,6,https://storage.googleapis.com/pathology-hub-0/_asset_library/textbooks/Cyto_Comprehensive_Part_Two/page_images/Cyto_Comprehensive_Part_Two_page_0029.png
HN_001,Pleomorphic adenoma,textbooks,Pleomorphic adenoma,True,7,https://storage.googleapis.com/pathology-hub-public-figures-830130787988/textbook_figures_web_v1/cyto_cibas/cyto_cibas_p0352_fig01_fig_11_10.jpeg
HN_001,Pleomorphic adenoma,textbooks,Pleomorphic adenoma,True,8,https://storage.googleapis.com/pathology-hub-0/_asset_library/textbooks/Cyto_Cibas/page_images/Cyto_Cibas_page_0352.png
HN_001,Pleomorphic adenoma,textbooks,Pleomorphic adenoma,True,9,https://storage.googleapis.com/pathology-hub-public-figures-830130787988/textbook_figures_web_v1/hn_atlas/hn_atlas_p0988_fig01_fig_20_15.jpeg
HN_001,Pleomorphic adenoma,textbooks,Pleomorphic adenoma,True,10,https://storage.googleapis.com/pathology-hub-0/_asset_library/textbooks/Hn_Atlas/page_images/Hn_Atlas_page_0988.png
HN_001,Pleomorphic adenoma,textbooks,Pleomorphic adenoma,True,11,https://storage.googleapis.com/pathology-hub-public-figures-830130787988/textbook_figures_web_v1/hn_atlas/hn_atlas_p1188_fig01_fig_21_5.jpeg
HN_001,Pleomorphic adenoma,textbooks,Pleomorphic adenoma,True,12,https://storage.googleapis.com/pathology-hub-0/_asset_library/textbooks/Hn_Atlas/page_images/Hn_Atlas_page_1188.png
HN_001,Pleomorphic adenoma,textbooks,Pleomorphic adenoma,True,13,https://storage.googleapis.com/pathology-hub-public-figures-830130787988/textbook_figures_web_v1/hn_cardesa/hn_cardesa_p0776_fig02_fig_16_21.jpeg
HN_001,Pleomorphic adenoma,textbooks,Pleomorphic adenoma,True,14,https://storage.googleapis.com/pathology-hub-0/_asset_library/textbooks/Hn_Cardesa/page_images/Hn_Cardesa_page_0776.png
HN_001,Pleomorphic adenoma,textbooks,Pleomorphic adenoma,True,15,https://storage.googleapis.com/pathology-hub-public-figures-830130787988/textbook_figures_web_v1/molecular_vasef/molecular_vasef_p0507_fig02_unidentified.jpeg
HN_001,Pleomorphic adenoma,textbooks,Pleomorphic adenoma,True,16,https://storage.googleapis.com/pathology-hub-0/_asset_library/textbooks/Molecular_Vasef/page_images/Molecular_Vasef_page_0507.png
HN_001,Pleomorphic adenoma,textbooks,Pleomorphic adenoma,True,17,https://pathology-hub-v04-v0-2-staging-vorn5q2kga-uc.a.run.app/figures/textbook?u=Z3M6Ly9wYXRob2xvZ3lfaHViLzAxX3N0YWdlZC90ZXh0Ym9va3MvYXNzZXRzL2ZpZ3VyZV9pbWFnZXMvaG5fZ25lcHAvaG5fZ25lcHBfcDAzOTVfZmlnMDJfZmlnXzVfNDYucG5n&exp=1783364678&sig=87b392ba4e105c2f92b28f73f7a17baafd6e79c20b72901b229e981962964d13
HN_001,Pleomorphic adenoma,textbooks,Pleomorphic adenoma,True,18,https://storage.googleapis.com/pathology-hub-public-figures-830130787988/textbook_figures_web_v1/hn_atlas/hn_atlas_p1088_fig01_fig_20_94.jpeg
HN_001,Pleomorphic adenoma,textbooks,Pleomorphic adenoma,True,19,https://storage.googleapis.com/pathology-hub-0/_asset_library/textbooks/Hn_Atlas/page_images/Hn_Atlas_page_1088.png
HN_001,Pleomorphic adenoma,who,Pleomorphic adenoma salivary gland,True,1,https://storage.googleapis.com/pathology-hub-0/WHO/WHO_PICS/BREAST/1718.jpg
HN_001,Pleomorphic adenoma,who,Pleomorphic adenoma salivary gland,True,2,https://storage.googleapis.com/pathology-hub-0/WHO/WHO_PICS/BREAST/1721.jpg
HN_001,Pleomorphic adenoma,who,Pleomorphic adenoma salivary gland,True,3,https://storage.googleapis.com/pathology-hub-0/WHO/WHO_PICS/BREAST/5365.jpg
HN_001,Pleomorphic adenoma,who,Pleomorphic adenoma salivary gland,True,4,https://storage.googleapis.com/pathology-hub-0/WHO/WHO_PICS/BREAST/5368.jpg
HN_001,Pleomorphic adenoma,who,Pleomorphic adenoma salivary gland,True,5,https://storage.googleapis.com/pathology-hub-0/WHO/WHO_HTML/BREAST/Pleomorphic_Adenoma.html
HN_001,Pleomorphic adenoma,who,Pleomorphic adenoma salivary gland,True,6,https://storage.googleapis.com/pathology-hub-0/WHO/WHO_HTML/EYE/Other_Salivary_Gland_Type_Carcinomas_Of_The_Lacrimal_Drainage_System.html
HN_001,Pleomorphic adenoma,who,Pleomorphic adenoma salivary gland,True,7,https://storage.googleapis.com/pathology-hub-0/WHO/WHO_HTML/HN/Salivary_Gland_Anlage_Tumour.html
HN_001,Pleomorphic adenoma,who,Pleomorphic adenoma salivary gland,True,8,https://storage.googleapis.com/pathology-hub-0/WHO/WHO_HTML/HN/Carcinosarcoma_Of_The_Salivary_Glands.html
HN_001,Pleomorphic adenoma,who,Pleomorphic adenoma salivary gland,True,9,https://storage.googleapis.com/pathology-hub-0/WHO/WHO_HTML/CYTO_LUNG/Benign_Salivary_Gland_Neoplasms_Of_The_Respiratory_Tract_Include_Pleomorphic_Adenoma_Myoepithelioma_And_Oncocytoma_And_Closely_Resemble_Their_Salivary_Gland_Counterparts.html
HN_001,Pleomorphic adenoma,pathout,Pleomorphic adenoma salivary gland,True,1,https://www.pathologyoutlines.com/thumb/stainsplag1pmc01.jpg
HN_001,Pleomorphic adenoma,pathout,Pleomorphic adenoma salivary gland,True,2,https://www.pathologyoutlines.com/imgau/stainsplag1coleman01.jpg
HN_001,Pleomorphic adenoma,pathout,Pleomorphic adenoma salivary gland,True,3,https://www.pathologyoutlines.com/imgau/stainsplag1coleman02.jpg
HN_001,Pleomorphic adenoma,pathout,Pleomorphic adenoma salivary gland,True,4,https://www.pathologyoutlines.com/imgau/stainsplag1coleman03.jpg
HN_001,Pleomorphic adenoma,textbooks,Pleomorphic adenoma salivary gland,True,1,https://storage.googleapis.com/pathology-hub-public-figures-830130787988/textbook_figures_web_v1/hn_atlas/hn_atlas_p1189_fig02_fig_21_7.jpeg
HN_001,Pleomorphic adenoma,textbooks,Pleomorphic adenoma salivary gland,True,2,https://storage.googleapis.com/pathology-hub-0/_asset_library/textbooks/Hn_Atlas/page_images/Hn_Atlas_page_1189.png
HN_001,Pleomorphic adenoma,textbooks,Pleomorphic adenoma salivary gland,True,3,https://storage.googleapis.com/pathology-hub-public-figures-830130787988/textbook_figures_web_v1/hn_gnepp/hn_gnepp_p0472_fig01_fig_6_12.jpeg
HN_001,Pleomorphic adenoma,textbooks,Pleomorphic adenoma salivary gland,True,4,https://storage.googleapis.com/pathology-hub-0/_asset_library/textbooks/Hn_Gnepp/page_images/Hn_Gnepp_page_0472.png
HN_001,Pleomorphic adenoma,textbooks,Pleomorphic adenoma salivary gland,True,5,https://storage.googleapis.com/pathology-hub-public-figures-830130787988/textbook_figures_web_v1/hn_atlas/hn_atlas_p1187_fig01_fig_21_4.jpeg
HN_001,Pleomorphic adenoma,textbooks,Pleomorphic adenoma salivary gland,True,6,https://storage.googleapis.com/pathology-hub-0/_asset_library/textbooks/Hn_Atlas/page_images/Hn_Atlas_page_1187.png
HN_001,Pleomorphic adenoma,textbooks,Pleomorphic adenoma salivary gland,True,7,https://storage.googleapis.com/pathology-hub-public-figures-830130787988/textbook_figures_web_v1/hn_atlas/hn_atlas_p0979_fig01_fig_20_6.jpeg
HN_001,Pleomorphic adenoma,textbooks,Pleomorphic adenoma salivary gland,True,8,https://storage.googleapis.com/pathology-hub-0/_asset_library/textbooks/Hn_Atlas/page_images/Hn_Atlas_page_0979.png
HN_001,Pleomorphic adenoma,textbooks,Pleomorphic adenoma salivary gland,True,9,https://storage.googleapis.com/pathology-hub-public-figures-830130787988/textbook_figures_web_v1/hn_atlas/hn_atlas_p0975_fig01_fig_20_1.jpeg
HN_001,Pleomorphic adenoma,textbooks,Pleomorphic adenoma salivary gland,True,10,https://storage.googleapis.com/pathology-hub-0/_asset_library/textbooks/Hn_Atlas/page_images/Hn_Atlas_page_0975.png
HN_001,Pleomorphic adenoma,textbooks,Pleomorphic adenoma salivary gland,True,11,https://storage.googleapis.com/pathology-hub-public-figures-830130787988/textbook_figures_web_v1/hn_oral/hn_oral_p0303_fig01_figure_8_43.jpeg
HN_001,Pleomorphic adenoma,textbooks,Pleomorphic adenoma salivary gland,True,12,https://storage.googleapis.com/pathology-hub-0/_asset_library/textbooks/Hn_Oral/page_images/Hn_Oral_page_0303.png
HN_001,Pleomorphic adenoma,textbooks,Pleomorphic adenoma salivary gland,True,13,https://storage.googleapis.com/pathology-hub-public-figures-830130787988/textbook_figures_web_v1/hn_atlas/hn_atlas_p1189_fig01_fig_21_8.jpeg
HN_001,Pleomorphic adenoma,textbooks,Pleomorphic adenoma salivary gland,True,14,https://storage.googleapis.com/pathology-hub-public-figures-830130787988/textbook_figures_web_v1/hn_atlas/hn_atlas_p1189_fig03_unidentified.jpeg
HN_001,Pleomorphic adenoma,textbooks,Pleomorphic adenoma salivary gland,True,15,https://storage.googleapis.com/pathology-hub-public-figures-830130787988/textbook_figures_web_v1/hn_atlas/hn_atlas_p1189_fig04_unidentified.jpeg
HN_001,Pleomorphic adenoma,textbooks,Pleomorphic adenoma salivary gland,True,16,https://storage.googleapis.com/pathology-hub-public-figures-830130787988/textbook_figures_web_v1/hn_atlas/hn_atlas_p1189_fig05_unidentified.jpeg
HN_001,Pleomorphic adenoma,textbooks,Pleomorphic adenoma salivary gland,True,17,https://storage.googleapis.com/pathology-hub-0/_asset_library/textbooks/Cyto_Comprehensive_Part_Two/page_images/Cyto_Comprehensive_Part_Two_page_0027.png
HN_001,Pleomorphic adenoma,textbooks,Pleomorphic adenoma salivary gland,True,18,https://storage.googleapis.com/pathology-hub-0/_asset_library/textbooks/Hn_Gnepp/page_images/Hn_Gnepp_page_0468.png
HN_001,Pleomorphic adenoma,textbooks,Pleomorphic adenoma salivary gland,True,19,https://storage.googleapis.com/pathology-hub-0/_asset_library/textbooks/Hn_Thompson/page_images/Hn_Thompson_page_0294.png
HN_001,Pleomorphic adenoma,who,Pleomorphic adenoma chondromyxoid stroma,True,1,https://storage.googleapis.com/pathology-hub-0/WHO/WHO_PICS/BREAST/1718.jpg
HN_001,Pleomorphic adenoma,who,Pleomorphic adenoma chondromyxoid stroma,True,2,https://storage.googleapis.com/pathology-hub-0/WHO/WHO_PICS/BREAST/1721.jpg
HN_001,Pleomorphic adenoma,who,Pleomorphic adenoma chondromyxoid stroma,True,3,https://storage.googleapis.com/pathology-hub-0/WHO/WHO_PICS/BREAST/5365.jpg
HN_001,Pleomorphic adenoma,who,Pleomorphic adenoma chondromyxoid stroma,True,4,https://storage.googleapis.com/pathology-hub-0/WHO/WHO_PICS/BREAST/5368.jpg
HN_001,Pleomorphic adenoma,who,Pleomorphic adenoma chondromyxoid stroma,True,5,https://storage.googleapis.com/pathology-hub-0/WHO/WHO_HTML/BREAST/Pleomorphic_Adenoma.html
HN_001,Pleomorphic adenoma,who,Pleomorphic adenoma chondromyxoid stroma,True,6,https://storage.googleapis.com/pathology-hub-0/WHO/WHO_HTML/THORACIC/Pleomorphic_Adenoma_Of_The_Lung.html
HN_001,Pleomorphic adenoma,pathout,Pleomorphic adenoma chondromyxoid stroma,True,1,https://www.pathologyoutlines.com/imgau/breastmixedtumorjaffer01.jpg
HN_001,Pleomorphic adenoma,pathout,Pleomorphic adenoma chondromyxoid stroma,True,2,https://www.pathologyoutlines.com/wick/breast/mixedtumormam.jpg
HN_001,Pleomorphic adenoma,pathout,Pleomorphic adenoma chondromyxoid stroma,True,3,https://www.pathologyoutlines.com/wick/breast/mixedtumorskinmam.jpg
HN_001,Pleomorphic adenoma,pathout,Pleomorphic adenoma chondromyxoid stroma,True,4,https://www.pathologyoutlines.com/imgau/breastmixedtumorjaffer02.jpg
HN_001,Pleomorphic adenoma,textbooks,Pleomorphic adenoma chondromyxoid stroma,True,1,https://storage.googleapis.com/pathology-hub-public-figures-830130787988/textbook_figures_web_v1/hn_atlas/hn_atlas_p1189_fig02_fig_21_7.jpeg
HN_001,Pleomorphic adenoma,textbooks,Pleomorphic adenoma chondromyxoid stroma,True,2,https://storage.googleapis.com/pathology-hub-0/_asset_library/textbooks/Hn_Atlas/page_images/Hn_Atlas_page_1189.png
HN_001,Pleomorphic adenoma,textbooks,Pleomorphic adenoma chondromyxoid stroma,True,3,https://storage.googleapis.com/pathology-hub-public-figures-830130787988/textbook_figures_web_v1/hn_atlas/hn_atlas_p0981_fig02_fig_20_9.jpeg
HN_001,Pleomorphic adenoma,textbooks,Pleomorphic adenoma chondromyxoid stroma,True,4,https://storage.googleapis.com/pathology-hub-0/_asset_library/textbooks/Hn_Atlas/page_images/Hn_Atlas_page_0981.png
HN_001,Pleomorphic adenoma,textbooks,Pleomorphic adenoma chondromyxoid stroma,True,5,https://storage.googleapis.com/pathology-hub-public-figures-830130787988/textbook_figures_web_v1/hn_thompson/hn_thompson_p0153_fig02_figure_5_16.jpg
HN_001,Pleomorphic adenoma,textbooks,Pleomorphic adenoma chondromyxoid stroma,True,6,https://storage.googleapis.com/pathology-hub-0/_asset_library/textbooks/Hn_Thompson/page_images/Hn_Thompson_page_0153.png
HN_001,Pleomorphic adenoma,textbooks,Pleomorphic adenoma chondromyxoid stroma,True,7,https://storage.googleapis.com/pathology-hub-public-figures-830130787988/textbook_figures_web_v1/cyto_comprehensive_part_two/cyto_comprehensive_part_two_p0028_fig01_figure_22_8.png
HN_001,Pleomorphic adenoma,textbooks,Pleomorphic adenoma chondromyxoid stroma,True,8,https://storage.googleapis.com/pathology-hub-0/_asset_library/textbooks/Cyto_Comprehensive_Part_Two/page_images/Cyto_Comprehensive_Part_Two_page_0028.png
HN_001,Pleomorphic adenoma,textbooks,Pleomorphic adenoma chondromyxoid stroma,True,9,https://storage.googleapis.com/pathology-hub-public-figures-830130787988/textbook_figures_web_v1/hn_atlas/hn_atlas_p1187_fig01_fig_21_4.jpeg
HN_001,Pleomorphic adenoma,textbooks,Pleomorphic adenoma chondromyxoid stroma,True,10,https://storage.googleapis.com/pathology-hub-0/_asset_library/textbooks/Hn_Atlas/page_images/Hn_Atlas_page_1187.png
HN_001,Pleomorphic adenoma,textbooks,Pleomorphic adenoma chondromyxoid stroma,True,11,https://storage.googleapis.com/pathology-hub-public-figures-830130787988/textbook_figures_web_v1/hn_atlas/hn_atlas_p1188_fig01_fig_21_5.jpeg
HN_001,Pleomorphic adenoma,textbooks,Pleomorphic adenoma chondromyxoid stroma,True,12,https://storage.googleapis.com/pathology-hub-0/_asset_library/textbooks/Hn_Atlas/page_images/Hn_Atlas_page_1188.png
HN_001,Pleomorphic adenoma,textbooks,Pleomorphic adenoma chondromyxoid stroma,True,13,https://storage.googleapis.com/pathology-hub-public-figures-830130787988/textbook_figures_web_v1/breast_biopsy/breast_biopsy_p0271_fig01_fig_8_31.jpeg
HN_001,Pleomorphic adenoma,textbooks,Pleomorphic adenoma chondromyxoid stroma,True,14,https://storage.googleapis.com/pathology-hub-0/_asset_library/textbooks/Breast_Biopsy/page_images/Breast_Biopsy_page_0271.png
HN_001,Pleomorphic adenoma,textbooks,Pleomorphic adenoma chondromyxoid stroma,True,15,https://storage.googleapis.com/pathology-hub-public-figures-830130787988/textbook_figures_web_v1/hn_atlas/hn_atlas_p1202_fig01_fig_21_17.jpeg
HN_001,Pleomorphic adenoma,textbooks,Pleomorphic adenoma chondromyxoid stroma,True,16,https://storage.googleapis.com/pathology-hub-0/_asset_library/textbooks/Hn_Atlas/page_images/Hn_Atlas_page_1202.png
HN_001,Pleomorphic adenoma,textbooks,Pleomorphic adenoma chondromyxoid stroma,True,17,https://storage.googleapis.com/pathology-hub-public-figures-830130787988/textbook_figures_web_v1/hn_atlas/hn_atlas_p1202_fig02_unidentified.jpeg
HN_001,Pleomorphic adenoma,textbooks,Pleomorphic adenoma chondromyxoid stroma,True,18,https://storage.googleapis.com/pathology-hub-public-figures-830130787988/textbook_figures_web_v1/hn_atlas/hn_atlas_p1189_fig01_fig_21_8.jpeg
HN_001,Pleomorphic adenoma,textbooks,Pleomorphic adenoma chondromyxoid stroma,True,19,https://storage.googleapis.com/pathology-hub-0/_asset_library/textbooks/Hn_Atlas/page_images/Hn_Atlas_page_1096.png
HN_001,Pleomorphic adenoma,textbooks,Pleomorphic adenoma chondromyxoid stroma,True,20,https://storage.googleapis.com/pathology-hub-0/_asset_library/textbooks/Cyto_Comprehensive_Part_Two/page_images/Cyto_Comprehensive_Part_Two_page_0027.png
HN_002,Mucoepidermoid carcinoma,who,Mucoepidermoid carcinoma,True,1,https://tumourclassification.iarc.who.int/static/dzi/65/142/38076.jpg
HN_002,Mucoepidermoid carcinoma,who,Mucoepidermoid carcinoma,True,2,https://tumourclassification.iarc.who.int/static/dzi/65/142/38430.jpg
HN_002,Mucoepidermoid carcinoma,who,Mucoepidermoid carcinoma,True,3,https://storage.googleapis.com/pathology-hub-0/WHO/WHO_PICS/THORACIC/14252.jpg
HN_002,Mucoepidermoid carcinoma,who,Mucoepidermoid carcinoma,True,4,https://storage.googleapis.com/pathology-hub-0/WHO/WHO_PICS/THORACIC/14253.jpg
HN_002,Mucoepidermoid carcinoma,who,Mucoepidermoid carcinoma,True,5,https://storage.googleapis.com/pathology-hub-0/WHO/WHO_HTML/THORACIC/Mucoepidermoid_Carcinoma_Of_The_Thymus.html
HN_002,Mucoepidermoid carcinoma,who,Mucoepidermoid carcinoma,True,6,https://storage.googleapis.com/pathology-hub-0/WHO/WHO_HTML/EYE/Mucoepidermoid_Carcinoma.html
HN_002,Mucoepidermoid carcinoma,who,Mucoepidermoid carcinoma,True,7,https://storage.googleapis.com/pathology-hub-0/WHO/WHO_HTML/PEDS/Mucoepidermoid_Carcinoma.html
HN_002,Mucoepidermoid carcinoma,pathout,Mucoepidermoid carcinoma,True,1,https://www.pathologyoutlines.com/imgau/lungtumormucoepidermoidcarcinomaradiotalakic01a.jpg
HN_002,Mucoepidermoid carcinoma,pathout,Mucoepidermoid carcinoma,True,2,https://www.pathologyoutlines.com/imgau/lungtumormucoepidermoidcarcinomaradiotalakic01b.jpg
HN_002,Mucoepidermoid carcinoma,pathout,Mucoepidermoid carcinoma,True,3,https://www.pathologyoutlines.com/imgau/lungtumormucoepidermoidcarcinomaradiotalakic01c.jpg
HN_002,Mucoepidermoid carcinoma,pathout,Mucoepidermoid carcinoma,True,4,https://www.pathologyoutlines.com/imgau/lungtumormucoepidermoidcarcinomaradiotalakic01d.jpg
HN_002,Mucoepidermoid carcinoma,textbooks,Mucoepidermoid carcinoma,True,1,https://storage.googleapis.com/pathology-hub-public-figures-830130787988/textbook_figures_web_v1/hn_cardesa/hn_cardesa_p0264_fig02_fig_5_47.jpeg
HN_002,Mucoepidermoid carcinoma,textbooks,Mucoepidermoid carcinoma,True,2,https://storage.googleapis.com/pathology-hub-0/_asset_library/textbooks/Hn_Cardesa/page_images/Hn_Cardesa_page_0264.png
HN_002,Mucoepidermoid carcinoma,textbooks,Mucoepidermoid carcinoma,True,3,https://storage.googleapis.com/pathology-hub-public-figures-830130787988/textbook_figures_web_v1/hn_atlas/hn_atlas_p1560_fig01_fig_28_86.jpeg
HN_002,Mucoepidermoid carcinoma,textbooks,Mucoepidermoid carcinoma,True,4,https://storage.googleapis.com/pathology-hub-0/_asset_library/textbooks/Hn_Atlas/page_images/Hn_Atlas_page_1560.png
HN_002,Mucoepidermoid carcinoma,textbooks,Mucoepidermoid carcinoma,True,5,https://storage.googleapis.com/pathology-hub-public-figures-830130787988/textbook_figures_web_v1/molecular_vasef/molecular_vasef_p0507_fig03_unidentified.jpeg
HN_002,Mucoepidermoid carcinoma,textbooks,Mucoepidermoid carcinoma,True,6,https://storage.googleapis.com/pathology-hub-0/_asset_library/textbooks/Molecular_Vasef/page_images/Molecular_Vasef_page_0507.png
HN_002,Mucoepidermoid carcinoma,textbooks,Mucoepidermoid carcinoma,True,7,https://storage.googleapis.com/pathology-hub-public-figures-830130787988/textbook_figures_web_v1/hn_oral/hn_oral_p0301_fig01_figure_8_40.jpeg
HN_002,Mucoepidermoid carcinoma,textbooks,Mucoepidermoid carcinoma,True,8,https://storage.googleapis.com/pathology-hub-0/_asset_library/textbooks/Hn_Oral/page_images/Hn_Oral_page_0301.png
HN_002,Mucoepidermoid carcinoma,textbooks,Mucoepidermoid carcinoma,True,9,https://storage.googleapis.com/pathology-hub-public-figures-830130787988/textbook_figures_web_v1/hn_thompson/hn_thompson_p0320_fig01_figure_13_1.jpg
HN_002,Mucoepidermoid carcinoma,textbooks,Mucoepidermoid carcinoma,True,10,https://storage.googleapis.com/pathology-hub-0/_asset_library/textbooks/Hn_Thompson/page_images/Hn_Thompson_page_0320.png
HN_002,Mucoepidermoid carcinoma,textbooks,Mucoepidermoid carcinoma,True,11,https://storage.googleapis.com/pathology-hub-public-figures-830130787988/textbook_figures_web_v1/hn_atlas/hn_atlas_p1039_fig01_fig_20_55.jpeg
HN_002,Mucoepidermoid carcinoma,textbooks,Mucoepidermoid carcinoma,True,12,https://storage.googleapis.com/pathology-hub-0/_asset_library/textbooks/Hn_Atlas/page_images/Hn_Atlas_page_1039.png
HN_002,Mucoepidermoid carcinoma,textbooks,Mucoepidermoid carcinoma,True,13,https://storage.googleapis.com/pathology-hub-public-figures-830130787988/textbook_figures_web_v1/hn_thompson/hn_thompson_p0321_fig01_figure_13_3.jpg
HN_002,Mucoepidermoid carcinoma,textbooks,Mucoepidermoid carcinoma,True,14,https://storage.googleapis.com/pathology-hub-0/_asset_library/textbooks/Hn_Thompson/page_images/Hn_Thompson_page_0321.png
HN_002,Mucoepidermoid carcinoma,textbooks,Mucoepidermoid carcinoma,True,15,https://storage.googleapis.com/pathology-hub-public-figures-830130787988/textbook_figures_web_v1/hn_cardesa/hn_cardesa_p0264_fig01_fig_5_46.jpeg
HN_002,Mucoepidermoid carcinoma,textbooks,Mucoepidermoid carcinoma,True,16,https://storage.googleapis.com/pathology-hub-public-figures-830130787988/textbook_figures_web_v1/hn_oral/hn_oral_p0301_fig02_figure_8_39.jpeg
HN_002,Mucoepidermoid carcinoma,textbooks,Mucoepidermoid carcinoma,True,17,https://storage.googleapis.com/pathology-hub-public-figures-830130787988/textbook_figures_web_v1/hn_oral/hn_oral_p0301_fig03_figure_8_41.jpeg
HN_002,Mucoepidermoid carcinoma,textbooks,Mucoepidermoid carcinoma,True,18,https://storage.googleapis.com/pathology-hub-0/_asset_library/textbooks/Hn_Cardesa/page_images/Hn_Cardesa_page_0102.png
HN_002,Mucoepidermoid carcinoma,who,MEC,True,1,https://storage.googleapis.com/pathology-hub-0/WHO/WHO_PICS/BREAST/1740.jpg
HN_002,Mucoepidermoid carcinoma,who,MEC,True,2,https://storage.googleapis.com/pathology-hub-0/WHO/WHO_PICS/BREAST/1741.jpg
HN_002,Mucoepidermoid carcinoma,who,MEC,True,3,https://storage.googleapis.com/pathology-hub-0/WHO/WHO_PICS/BREAST/6258.jpg
HN_002,Mucoepidermoid carcinoma,who,MEC,True,4,https://storage.googleapis.com/pathology-hub-0/WHO/WHO_HTML/BREAST/Mucoepidermoid_Carcinoma.html
HN_002,Mucoepidermoid carcinoma,who,MEC,True,5,https://storage.googleapis.com/pathology-hub-0/WHO/WHO_HTML/THORACIC/Mucoepidermoid_Carcinoma_Of_The_Thymus.html
HN_002,Mucoepidermoid carcinoma,who,MEC,True,6,https://storage.googleapis.com/pathology-hub-0/WHO/WHO_HTML/EYE/Mucoepidermoid_Carcinoma.html
HN_002,Mucoepidermoid carcinoma,who,MEC,True,7,https://storage.googleapis.com/pathology-hub-0/WHO/WHO_HTML/HN/Adenosquamous_Carcinoma.html
HN_002,Mucoepidermoid carcinoma,pathout,MEC,True,1,https://assets.reputation.com/12460/1588778765.jpg
HN_002,Mucoepidermoid carcinoma,pathout,MEC,True,2,https://www.pathologyoutlines.com/thumb/skintumornonmelanocyticadenosquamousclinical1.png
HN_002,Mucoepidermoid carcinoma,pathout,MEC,True,3,https://www.pathologyoutlines.com/thumb/skintumornonmelanocyticadenosquamousclinical2.jpeg
HN_002,Mucoepidermoid carcinoma,pathout,MEC,True,4,https://www.pathologyoutlines.com/thumb/skintumornonmelanocyticmucgross1.png
HN_002,Mucoepidermoid carcinoma,textbooks,MEC,True,1,https://storage.googleapis.com/pathology-hub-public-figures-830130787988/textbook_figures_web_v1/cyto_cibas/cyto_cibas_p0364_fig01_fig_11_18.jpeg
HN_002,Mucoepidermoid carcinoma,textbooks,MEC,True,2,https://storage.googleapis.com/pathology-hub-0/_asset_library/textbooks/Cyto_Cibas/page_images/Cyto_Cibas_page_0364.png
HN_002,Mucoepidermoid carcinoma,textbooks,MEC,True,3,https://storage.googleapis.com/pathology-hub-public-figures-830130787988/textbook_figures_web_v1/cyto_milan/cyto_milan_p0151_fig01_fig_7_27.jpeg
HN_002,Mucoepidermoid carcinoma,textbooks,MEC,True,4,https://storage.googleapis.com/pathology-hub-0/_asset_library/textbooks/Cyto_Milan/page_images/Cyto_Milan_page_0151.png
HN_002,Mucoepidermoid carcinoma,textbooks,MEC,True,5,https://pathology-hub-v04-v0-2-staging-vorn5q2kga-uc.a.run.app/figures/textbook?u=Z3M6Ly9wYXRob2xvZ3lfaHViLzAxX3N0YWdlZC90ZXh0Ym9va3MvYXNzZXRzL2ZpZ3VyZV9pbWFnZXMvaG5fZ25lcHAvaG5fZ25lcHBfcDA1MTBfZmlnMDFfdW5pZGVudGlmaWVkLnBuZw&exp=1783364695&sig=51d8c594bf8e2f5f041c7656c2c3e4a4acb5eebd9915067acf818c3734f6d3e6
HN_002,Mucoepidermoid carcinoma,textbooks,MEC,True,6,https://storage.googleapis.com/pathology-hub-0/_asset_library/textbooks/Hn_Gnepp/page_images/Hn_Gnepp_page_0510.png
HN_002,Mucoepidermoid carcinoma,textbooks,MEC,True,7,https://storage.googleapis.com/pathology-hub-public-figures-830130787988/textbook_figures_web_v1/hn_cardesa/hn_cardesa_p0650_fig01_fig_14_67.jpeg
HN_002,Mucoepidermoid carcinoma,textbooks,MEC,True,8,https://storage.googleapis.com/pathology-hub-0/_asset_library/textbooks/Hn_Cardesa/page_images/Hn_Cardesa_page_0650.png
HN_002,Mucoepidermoid carcinoma,textbooks,MEC,True,9,https://storage.googleapis.com/pathology-hub-public-figures-830130787988/textbook_figures_web_v1/cyto_cibas/cyto_cibas_p0364_fig02_unidentified.jpeg
HN_002,Mucoepidermoid carcinoma,textbooks,MEC,True,10,https://storage.googleapis.com/pathology-hub-0/_asset_library/textbooks/Hn_Atlas/page_images/Hn_Atlas_page_1041.png
HN_002,Mucoepidermoid carcinoma,textbooks,MEC,True,11,https://storage.googleapis.com/pathology-hub-0/_asset_library/textbooks/Hn_Atlas/page_images/Hn_Atlas_page_1042.png
HN_002,Mucoepidermoid carcinoma,textbooks,MEC,True,12,https://storage.googleapis.com/pathology-hub-0/_asset_library/textbooks/Molecular_Vasef/page_images/Molecular_Vasef_page_0263.png
HN_002,Mucoepidermoid carcinoma,who,Mucoepidermoid carcinoma salivary gland,True,1,https://tumourclassification.iarc.who.int/static/dzi/53/52/24819.jpg
HN_002,Mucoepidermoid carcinoma,who,Mucoepidermoid carcinoma salivary gland,True,2,https://tumourclassification.iarc.who.int/static/dzi/53/52/24820.jpg
HN_002,Mucoepidermoid carcinoma,who,Mucoepidermoid carcinoma salivary gland,True,3,https://tumourclassification.iarc.who.int/static/dzi/53/52/24821.jpg
HN_002,Mucoepidermoid carcinoma,who,Mucoepidermoid carcinoma salivary gland,True,4,https://tumourclassification.iarc.who.int/static/dzi/53/52/24822.jpg
HN_002,Mucoepidermoid carcinoma,who,Mucoepidermoid carcinoma salivary gland,True,5,https://storage.googleapis.com/pathology-hub-0/WHO/WHO_HTML/PEDS/Mucoepidermoid_Carcinoma.html
HN_002,Mucoepidermoid carcinoma,who,Mucoepidermoid carcinoma salivary gland,True,6,https://storage.googleapis.com/pathology-hub-0/WHO/WHO_HTML/ENDO/Mucoepidermoid_Carcinoma.html
HN_002,Mucoepidermoid carcinoma,pathout,Mucoepidermoid carcinoma salivary gland,True,1,https://assets.reputation.com/12460/1588778765.jpg
HN_002,Mucoepidermoid carcinoma,pathout,Mucoepidermoid carcinoma salivary gland,True,2,https://www.pathologyoutlines.com/thumb/skintumornonmelanocyticadenosquamousclinical1.png
HN_002,Mucoepidermoid carcinoma,pathout,Mucoepidermoid carcinoma salivary gland,True,3,https://www.pathologyoutlines.com/thumb/skintumornonmelanocyticadenosquamousclinical2.jpeg
HN_002,Mucoepidermoid carcinoma,pathout,Mucoepidermoid carcinoma salivary gland,True,4,https://www.pathologyoutlines.com/thumb/skintumornonmelanocyticmucgross1.png
HN_002,Mucoepidermoid carcinoma,textbooks,Mucoepidermoid carcinoma salivary gland,True,1,https://storage.googleapis.com/pathology-hub-public-figures-830130787988/textbook_figures_web_v1/hn_oral/hn_oral_p0299_fig02_figure_8_37.jpeg
HN_002,Mucoepidermoid carcinoma,textbooks,Mucoepidermoid carcinoma salivary gland,True,2,https://storage.googleapis.com/pathology-hub-0/_asset_library/textbooks/Hn_Oral/page_images/Hn_Oral_page_0299.png
HN_002,Mucoepidermoid carcinoma,textbooks,Mucoepidermoid carcinoma salivary gland,True,3,https://storage.googleapis.com/pathology-hub-public-figures-830130787988/textbook_figures_web_v1/hn_oral/hn_oral_p0301_fig02_figure_8_39.jpeg
HN_002,Mucoepidermoid carcinoma,textbooks,Mucoepidermoid carcinoma salivary gland,True,4,https://storage.googleapis.com/pathology-hub-0/_asset_library/textbooks/Hn_Oral/page_images/Hn_Oral_page_0301.png
HN_002,Mucoepidermoid carcinoma,textbooks,Mucoepidermoid carcinoma salivary gland,True,5,https://storage.googleapis.com/pathology-hub-public-figures-830130787988/textbook_figures_web_v1/hn_thompson/hn_thompson_p0320_fig01_figure_13_1.jpg
HN_002,Mucoepidermoid carcinoma,textbooks,Mucoepidermoid carcinoma salivary gland,True,6,https://storage.googleapis.com/pathology-hub-0/_asset_library/textbooks/Hn_Thompson/page_images/Hn_Thompson_page_0320.png
HN_002,Mucoepidermoid carcinoma,textbooks,Mucoepidermoid carcinoma salivary gland,True,7,https://storage.googleapis.com/pathology-hub-public-figures-830130787988/textbook_figures_web_v1/hn_oral/hn_oral_p0299_fig01_figure_8_36.jpeg
HN_002,Mucoepidermoid carcinoma,textbooks,Mucoepidermoid carcinoma salivary gland,True,8,https://storage.googleapis.com/pathology-hub-public-figures-830130787988/textbook_figures_web_v1/hn_oral/hn_oral_p0299_fig03_unidentified.jpeg
HN_002,Mucoepidermoid carcinoma,textbooks,Mucoepidermoid carcinoma salivary gland,True,9,https://storage.googleapis.com/pathology-hub-public-figures-830130787988/textbook_figures_web_v1/hn_oral/hn_oral_p0301_fig01_figure_8_40.jpeg
HN_002,Mucoepidermoid carcinoma,textbooks,Mucoepidermoid carcinoma salivary gland,True,10,https://storage.googleapis.com/pathology-hub-public-figures-830130787988/textbook_figures_web_v1/hn_oral/hn_oral_p0301_fig03_figure_8_41.jpeg
HN_002,Mucoepidermoid carcinoma,textbooks,Mucoepidermoid carcinoma salivary gland,True,11,https://storage.googleapis.com/pathology-hub-public-figures-830130787988/textbook_figures_web_v1/hn_thompson/hn_thompson_p0320_fig02_figure_13_2.jpg
HN_002,Mucoepidermoid carcinoma,textbooks,Mucoepidermoid carcinoma salivary gland,True,12,https://storage.googleapis.com/pathology-hub-public-figures-830130787988/textbook_figures_web_v1/hn_thompson/hn_thompson_p0320_fig03_fig_13_4.jpg
HN_002,Mucoepidermoid carcinoma,textbooks,Mucoepidermoid carcinoma salivary gland,True,13,https://storage.googleapis.com/pathology-hub-public-figures-830130787988/textbook_figures_web_v1/hn_thompson/hn_thompson_p0320_fig04_fig_13_6.jpg
HN_002,Mucoepidermoid carcinoma,textbooks,Mucoepidermoid carcinoma salivary gland,True,14,https://storage.googleapis.com/pathology-hub-0/_asset_library/textbooks/Hn_Atlas/page_images/Hn_Atlas_page_1163.png
HN_002,Mucoepidermoid carcinoma,textbooks,Mucoepidermoid carcinoma salivary gland,True,15,https://storage.googleapis.com/pathology-hub-0/_asset_library/textbooks/Hn_Atlas/page_images/Hn_Atlas_page_1164.png
HN_002,Mucoepidermoid carcinoma,textbooks,Mucoepidermoid carcinoma salivary gland,True,16,https://storage.googleapis.com/pathology-hub-0/_asset_library/textbooks/Hn_Thompson/page_images/Hn_Thompson_page_0319.png
HN_002,Mucoepidermoid carcinoma,textbooks,Mucoepidermoid carcinoma salivary gland,True,17,https://storage.googleapis.com/pathology-hub-0/_asset_library/textbooks/Hn_Atlas/page_images/Hn_Atlas_page_1162.png
HN_002,Mucoepidermoid carcinoma,textbooks,Mucoepidermoid carcinoma salivary gland,True,18,https://storage.googleapis.com/pathology-hub-0/_asset_library/textbooks/Hn_Biopsy_Interpretation/page_images/Hn_Biopsy_Interpretation_page_0129.png
HN_002,Mucoepidermoid carcinoma,textbooks,Mucoepidermoid carcinoma salivary gland,True,19,https://storage.googleapis.com/pathology-hub-0/_asset_library/textbooks/Hn_Faq/page_images/Hn_Faq_page_0145.png
HN_002,Mucoepidermoid carcinoma,who,Mucoepidermoid carcinoma low intermediate high grade,True,1,https://tumourclassification.iarc.who.int/static/dzi/65/142/38076.jpg
HN_002,Mucoepidermoid carcinoma,who,Mucoepidermoid carcinoma low intermediate high grade,True,2,https://tumourclassification.iarc.who.int/static/dzi/65/142/38430.jpg
HN_002,Mucoepidermoid carcinoma,who,Mucoepidermoid carcinoma low intermediate high grade,True,3,https://storage.googleapis.com/pathology-hub-0/WHO/WHO_PICS/PEDS/17443.jpg
HN_002,Mucoepidermoid carcinoma,who,Mucoepidermoid carcinoma low intermediate high grade,True,4,https://storage.googleapis.com/pathology-hub-0/WHO/WHO_PICS/PEDS/17935.jpg
HN_002,Mucoepidermoid carcinoma,who,Mucoepidermoid carcinoma low intermediate high grade,True,5,https://storage.googleapis.com/pathology-hub-0/WHO/WHO_HTML/BREAST/Mucoepidermoid_Carcinoma.html
HN_002,Mucoepidermoid carcinoma,who,Mucoepidermoid carcinoma low intermediate high grade,True,6,https://storage.googleapis.com/pathology-hub-0/WHO/WHO_HTML/EYE/Mucoepidermoid_Carcinoma.html
HN_002,Mucoepidermoid carcinoma,who,Mucoepidermoid carcinoma low intermediate high grade,True,7,https://storage.googleapis.com/pathology-hub-0/WHO/WHO_HTML/PEDS/Mucoepidermoid_Carcinoma.html
HN_002,Mucoepidermoid carcinoma,pathout,Mucoepidermoid carcinoma low intermediate high grade,True,1,https://www.pathologyoutlines.com/thumb/salivaryglandsMECradio01.jpg
HN_002,Mucoepidermoid carcinoma,pathout,Mucoepidermoid carcinoma low intermediate high grade,True,2,https://www.pathologyoutlines.com/imgau/salivaryglandsMECgross01.jpg
HN_002,Mucoepidermoid carcinoma,pathout,Mucoepidermoid carcinoma low intermediate high grade,True,3,https://www.pathologyoutlines.com/imgau/salivaryglandsMECgross02.jpg
HN_002,Mucoepidermoid carcinoma,pathout,Mucoepidermoid carcinoma low intermediate high grade,True,4,https://www.pathologyoutlines.com/imgau/salivaryglandsMECasiry14.jpg
HN_002,Mucoepidermoid carcinoma,textbooks,Mucoepidermoid carcinoma low intermediate high grade,True,1,https://storage.googleapis.com/pathology-hub-public-figures-830130787988/textbook_figures_web_v1/hn_atlas/hn_atlas_p1036_fig01_fig_20_51.jpeg
HN_002,Mucoepidermoid carcinoma,textbooks,Mucoepidermoid carcinoma low intermediate high grade,True,2,https://storage.googleapis.com/pathology-hub-0/_asset_library/textbooks/Hn_Atlas/page_images/Hn_Atlas_page_1036.png
HN_002,Mucoepidermoid carcinoma,textbooks,Mucoepidermoid carcinoma low intermediate high grade,True,3,https://storage.googleapis.com/pathology-hub-public-figures-830130787988/textbook_figures_web_v1/cyto_cibas/cyto_cibas_p0362_fig01_fig_11_17.jpeg
HN_002,Mucoepidermoid carcinoma,textbooks,Mucoepidermoid carcinoma low intermediate high grade,True,4,https://storage.googleapis.com/pathology-hub-0/_asset_library/textbooks/Cyto_Cibas/page_images/Cyto_Cibas_page_0362.png
HN_002,Mucoepidermoid carcinoma,textbooks,Mucoepidermoid carcinoma low intermediate high grade,True,5,https://storage.googleapis.com/pathology-hub-public-figures-830130787988/textbook_figures_web_v1/hn_oral/hn_oral_p0302_fig01_figure_8_42.jpeg
HN_002,Mucoepidermoid carcinoma,textbooks,Mucoepidermoid carcinoma low intermediate high grade,True,6,https://storage.googleapis.com/pathology-hub-0/_asset_library/textbooks/Hn_Oral/page_images/Hn_Oral_page_0302.png
HN_002,Mucoepidermoid carcinoma,textbooks,Mucoepidermoid carcinoma low intermediate high grade,True,7,https://storage.googleapis.com/pathology-hub-public-figures-830130787988/textbook_figures_web_v1/hn_gnepp/hn_gnepp_p0508_fig01_fig_6_29.jpeg
HN_002,Mucoepidermoid carcinoma,textbooks,Mucoepidermoid carcinoma low intermediate high grade,True,8,https://storage.googleapis.com/pathology-hub-0/_asset_library/textbooks/Hn_Gnepp/page_images/Hn_Gnepp_page_0508.png
HN_002,Mucoepidermoid carcinoma,textbooks,Mucoepidermoid carcinoma low intermediate high grade,True,9,https://storage.googleapis.com/pathology-hub-public-figures-830130787988/textbook_figures_web_v1/hn_atlas/hn_atlas_p1036_fig02_unidentified.jpeg
HN_002,Mucoepidermoid carcinoma,textbooks,Mucoepidermoid carcinoma low intermediate high grade,True,10,https://storage.googleapis.com/pathology-hub-public-figures-830130787988/textbook_figures_web_v1/hn_atlas/hn_atlas_p1036_fig03_unidentified.jpeg
HN_002,Mucoepidermoid carcinoma,textbooks,Mucoepidermoid carcinoma low intermediate high grade,True,11,https://storage.googleapis.com/pathology-hub-public-figures-830130787988/textbook_figures_web_v1/hn_oral/hn_oral_p0301_fig01_figure_8_40.jpeg
HN_002,Mucoepidermoid carcinoma,textbooks,Mucoepidermoid carcinoma low intermediate high grade,True,12,https://storage.googleapis.com/pathology-hub-0/_asset_library/textbooks/Hn_Oral/page_images/Hn_Oral_page_0301.png
HN_002,Mucoepidermoid carcinoma,textbooks,Mucoepidermoid carcinoma low intermediate high grade,True,13,https://storage.googleapis.com/pathology-hub-public-figures-830130787988/textbook_figures_web_v1/hn_oral/hn_oral_p0301_fig02_figure_8_39.jpeg
HN_002,Mucoepidermoid carcinoma,textbooks,Mucoepidermoid carcinoma low intermediate high grade,True,14,https://storage.googleapis.com/pathology-hub-public-figures-830130787988/textbook_figures_web_v1/hn_oral/hn_oral_p0301_fig03_figure_8_41.jpeg
HN_002,Mucoepidermoid carcinoma,textbooks,Mucoepidermoid carcinoma low intermediate high grade,True,15,https://storage.googleapis.com/pathology-hub-public-figures-830130787988/textbook_figures_web_v1/cyto_cibas/cyto_cibas_p0362_fig02_fig_11_7.jpeg
HN_002,Mucoepidermoid carcinoma,textbooks,Mucoepidermoid carcinoma low intermediate high grade,True,16,https://storage.googleapis.com/pathology-hub-0/_asset_library/textbooks/Cyto_Milan/page_images/Cyto_Milan_page_0151.png
HN_002,Mucoepidermoid carcinoma,textbooks,Mucoepidermoid carcinoma low intermediate high grade,True,17,https://storage.googleapis.com/pathology-hub-0/_asset_library/textbooks/Hn_Faq/page_images/Hn_Faq_page_0126.png
HN_002,Mucoepidermoid carcinoma,textbooks,Mucoepidermoid carcinoma low intermediate high grade,True,18,https://storage.googleapis.com/pathology-hub-0/_asset_library/textbooks/Hn_Gnepp/page_images/Hn_Gnepp_page_0509.png
HN_002,Mucoepidermoid carcinoma,textbooks,Mucoepidermoid carcinoma low intermediate high grade,True,19,https://storage.googleapis.com/pathology-hub-0/_asset_library/textbooks/Hn_Oral/page_images/Hn_Oral_page_0300.png
HN_003,Papillary thyroid carcinoma,who,Papillary thyroid carcinoma,True,1,https://tumourclassification.iarc.who.int/static/dzi/53/194/25459.jpg
HN_003,Papillary thyroid carcinoma,who,Papillary thyroid carcinoma,True,2,https://tumourclassification.iarc.who.int/static/dzi/53/194/25460.jpg
HN_003,Papillary thyroid carcinoma,who,Papillary thyroid carcinoma,True,3,https://tumourclassification.iarc.who.int/static/dzi/53/194/25461.jpg
HN_003,Papillary thyroid carcinoma,who,Papillary thyroid carcinoma,True,4,https://tumourclassification.iarc.who.int/static/dzi/53/194/25462.jpg
HN_003,Papillary thyroid carcinoma,who,Papillary thyroid carcinoma,True,5,https://storage.googleapis.com/pathology-hub-0/WHO/WHO_HTML/BREAST/Tall_Cell_Carcinoma_With_Reversed_Polarity.html
HN_003,Papillary thyroid carcinoma,who,Papillary thyroid carcinoma,True,6,https://storage.googleapis.com/pathology-hub-0/WHO/WHO_HTML/ENDO/Non_Syndromic_Familial_Follicular_Cell_Derived_Thyroid_Tumours.html
HN_003,Papillary thyroid carcinoma,who,Papillary thyroid carcinoma,True,7,https://storage.googleapis.com/pathology-hub-0/WHO/WHO_HTML/ENDO/Secretory_Carcinoma.html
HN_003,Papillary thyroid carcinoma,who,Papillary thyroid carcinoma,True,8,https://storage.googleapis.com/pathology-hub-0/WHO/WHO_HTML/ENDO/Follicular_Thyroid_Adenoma_With_Papillary_Architecture.html
HN_003,Papillary thyroid carcinoma,pathout,Papillary thyroid carcinoma,True,1,https://www.pathologyoutlines.com/thumb/thyroidsolitaryradio1.jpg
HN_003,Papillary thyroid carcinoma,pathout,Papillary thyroid carcinoma,True,2,https://www.pathologyoutlines.com/imgau/thyroidsolitaryConway01.jpg
HN_003,Papillary thyroid carcinoma,pathout,Papillary thyroid carcinoma,True,3,https://www.pathologyoutlines.com/imgau/thyroidsolitaryIqbal01.jpg
HN_003,Papillary thyroid carcinoma,pathout,Papillary thyroid carcinoma,True,4,https://www.pathologyoutlines.com/imgau/thyroidsolitaryIqbal02.jpg
HN_003,Papillary thyroid carcinoma,textbooks,Papillary thyroid carcinoma,True,1,https://storage.googleapis.com/pathology-hub-public-figures-830130787988/textbook_figures_web_v1/cyto_thyroid_bethesda/cyto_thyroid_bethesda_p0147_fig01_fig_8_11.jpeg
HN_003,Papillary thyroid carcinoma,textbooks,Papillary thyroid carcinoma,True,2,https://storage.googleapis.com/pathology-hub-0/_asset_library/textbooks/Cyto_Thyroid_Bethesda/page_images/Cyto_Thyroid_Bethesda_page_0147.png
HN_003,Papillary thyroid carcinoma,textbooks,Papillary thyroid carcinoma,True,3,https://storage.googleapis.com/pathology-hub-public-figures-830130787988/textbook_figures_web_v1/cyto_thyroid_bethesda/cyto_thyroid_bethesda_p0145_fig01_fig_8_3.jpeg
HN_003,Papillary thyroid carcinoma,textbooks,Papillary thyroid carcinoma,True,4,https://storage.googleapis.com/pathology-hub-0/_asset_library/textbooks/Cyto_Thyroid_Bethesda/page_images/Cyto_Thyroid_Bethesda_page_0145.png
HN_003,Papillary thyroid carcinoma,textbooks,Papillary thyroid carcinoma,True,5,https://storage.googleapis.com/pathology-hub-public-figures-830130787988/textbook_figures_web_v1/hn_gnepp/hn_gnepp_p0652_fig02_fig_7_47.jpeg
HN_003,Papillary thyroid carcinoma,textbooks,Papillary thyroid carcinoma,True,6,https://storage.googleapis.com/pathology-hub-0/_asset_library/textbooks/Hn_Gnepp/page_images/Hn_Gnepp_page_0652.png
HN_003,Papillary thyroid carcinoma,textbooks,Papillary thyroid carcinoma,True,7,https://storage.googleapis.com/pathology-hub-public-figures-830130787988/textbook_figures_web_v1/endo_atlas/endo_atlas_p0045_fig03_fig_5_18.jpeg
HN_003,Papillary thyroid carcinoma,textbooks,Papillary thyroid carcinoma,True,8,https://storage.googleapis.com/pathology-hub-public-figures-830130787988/textbook_figures_web_v1/cyto_thyroid_bethesda/cyto_thyroid_bethesda_p0147_fig02_fig_8_12.jpeg
HN_003,Papillary thyroid carcinoma,textbooks,Papillary thyroid carcinoma,True,9,https://storage.googleapis.com/pathology-hub-public-figures-830130787988/textbook_figures_web_v1/cyto_pattern/cyto_pattern_p0147_fig01_figure_4_87.jpeg
HN_003,Papillary thyroid carcinoma,textbooks,Papillary thyroid carcinoma,True,10,https://storage.googleapis.com/pathology-hub-0/_asset_library/textbooks/Cyto_Pattern/page_images/Cyto_Pattern_page_0147.png
HN_003,Papillary thyroid carcinoma,textbooks,Papillary thyroid carcinoma,True,11,https://storage.googleapis.com/pathology-hub-public-figures-830130787988/textbook_figures_web_v1/cyto_pattern/cyto_pattern_p0147_fig02_figure_4_86.jpeg
HN_003,Papillary thyroid carcinoma,textbooks,Papillary thyroid carcinoma,True,12,https://storage.googleapis.com/pathology-hub-public-figures-830130787988/textbook_figures_web_v1/cyto_pattern/cyto_pattern_p0147_fig03_figure_4_88.jpeg
HN_003,Papillary thyroid carcinoma,textbooks,Papillary thyroid carcinoma,True,13,https://storage.googleapis.com/pathology-hub-public-figures-830130787988/textbook_figures_web_v1/cyto_thyroid_bethesda/cyto_thyroid_bethesda_p0145_fig02_fig_8_4.jpeg
HN_003,Papillary thyroid carcinoma,textbooks,Papillary thyroid carcinoma,True,14,https://storage.googleapis.com/pathology-hub-public-figures-830130787988/textbook_figures_web_v1/cyto_thyroid_bethesda/cyto_thyroid_bethesda_p0145_fig03_fig_8_5.jpeg
HN_003,Papillary thyroid carcinoma,textbooks,Papillary thyroid carcinoma,True,15,https://storage.googleapis.com/pathology-hub-0/_asset_library/textbooks/Hn_Atlas/page_images/Hn_Atlas_page_1622.png
HN_003,Papillary thyroid carcinoma,textbooks,Papillary thyroid carcinoma,True,16,https://storage.googleapis.com/pathology-hub-0/_asset_library/textbooks/Hn_Atlas/page_images/Hn_Atlas_page_1364.png
HN_003,Papillary thyroid carcinoma,textbooks,Papillary thyroid carcinoma,True,17,https://storage.googleapis.com/pathology-hub-0/_asset_library/textbooks/Hn_Atlas/page_images/Hn_Atlas_page_1621.png
HN_003,Papillary thyroid carcinoma,textbooks,Papillary thyroid carcinoma,True,18,https://storage.googleapis.com/pathology-hub-0/_asset_library/textbooks/Hn_Thompson/page_images/Hn_Thompson_page_0680.png
HN_003,Papillary thyroid carcinoma,textbooks,Papillary thyroid carcinoma,True,19,https://storage.googleapis.com/pathology-hub-0/_asset_library/textbooks/Hn_Thompson/page_images/Hn_Thompson_page_0679.png
HN_003,Papillary thyroid carcinoma,who,PTC,True,1,https://tumourclassification.iarc.who.int/static/dzi/53/194/25459.jpg
HN_003,Papillary thyroid carcinoma,who,PTC,True,2,https://tumourclassification.iarc.who.int/static/dzi/53/194/25460.jpg
HN_003,Papillary thyroid carcinoma,who,PTC,True,3,https://tumourclassification.iarc.who.int/static/dzi/53/194/25461.jpg
HN_003,Papillary thyroid carcinoma,who,PTC,True,4,https://tumourclassification.iarc.who.int/static/dzi/53/194/25462.jpg
HN_003,Papillary thyroid carcinoma,who,PTC,True,5,https://storage.googleapis.com/pathology-hub-0/WHO/WHO_HTML/ENDO/Follicular_Thyroid_Adenoma_With_Papillary_Architecture.html
HN_003,Papillary thyroid carcinoma,who,PTC,True,6,https://storage.googleapis.com/pathology-hub-0/WHO/WHO_HTML/GYN/Struma_Ovarii.html
HN_003,Papillary thyroid carcinoma,pathout,PTC,True,1,https://www.pathologyoutlines.com/thumb/thyroidfollicularvariantnih001.jpg
HN_003,Papillary thyroid carcinoma,pathout,PTC,True,2,https://www.pathologyoutlines.com/imgau/thyroidfollicularvariantXu1.jpg
HN_003,Papillary thyroid carcinoma,pathout,PTC,True,3,https://www.pathologyoutlines.com/imgau/thyroidfollicularvariantXu2.jpg
HN_003,Papillary thyroid carcinoma,pathout,PTC,True,4,https://www.pathologyoutlines.com/imgau/thyroidfollicularvariantBychkov1.jpg
HN_003,Papillary thyroid carcinoma,textbooks,PTC,True,1,https://storage.googleapis.com/pathology-hub-public-figures-830130787988/textbook_figures_web_v1/cyto_thyroid_bethesda/cyto_thyroid_bethesda_p0167_fig01_fig_8_31.jpeg
HN_003,Papillary thyroid carcinoma,textbooks,PTC,True,2,https://storage.googleapis.com/pathology-hub-0/_asset_library/textbooks/Cyto_Thyroid_Bethesda/page_images/Cyto_Thyroid_Bethesda_page_0167.png
HN_003,Papillary thyroid carcinoma,textbooks,PTC,True,3,https://storage.googleapis.com/pathology-hub-public-figures-830130787988/textbook_figures_web_v1/cyto_thyroid_bethesda/cyto_thyroid_bethesda_p0167_fig02_unidentified.jpeg
HN_003,Papillary thyroid carcinoma,textbooks,PTC,True,4,https://storage.googleapis.com/pathology-hub-public-figures-830130787988/textbook_figures_web_v1/cyto_thyroid_bethesda/cyto_thyroid_bethesda_p0167_fig03_unidentified.jpeg
HN_003,Papillary thyroid carcinoma,textbooks,PTC,True,5,https://storage.googleapis.com/pathology-hub-public-figures-830130787988/textbook_figures_web_v1/hn_cardesa/hn_cardesa_p0640_fig01_fig_14_50.jpeg
HN_003,Papillary thyroid carcinoma,textbooks,PTC,True,6,https://storage.googleapis.com/pathology-hub-0/_asset_library/textbooks/Hn_Cardesa/page_images/Hn_Cardesa_page_0640.png
HN_003,Papillary thyroid carcinoma,textbooks,PTC,True,7,https://storage.googleapis.com/pathology-hub-public-figures-830130787988/textbook_figures_web_v1/hn_cardesa/hn_cardesa_p0640_fig02_fig_14_51.jpeg
HN_003,Papillary thyroid carcinoma,textbooks,PTC,True,8,https://storage.googleapis.com/pathology-hub-public-figures-830130787988/textbook_figures_web_v1/cyto_thyroid_bethesda/cyto_thyroid_bethesda_p0162_fig01_fig_8_26.jpeg
HN_003,Papillary thyroid carcinoma,textbooks,PTC,True,9,https://storage.googleapis.com/pathology-hub-0/_asset_library/textbooks/Cyto_Thyroid_Bethesda/page_images/Cyto_Thyroid_Bethesda_page_0162.png
HN_003,Papillary thyroid carcinoma,textbooks,PTC,True,10,https://storage.googleapis.com/pathology-hub-public-figures-830130787988/textbook_figures_web_v1/cyto_thyroid_bethesda/cyto_thyroid_bethesda_p0162_fig02_unidentified.jpeg
HN_003,Papillary thyroid carcinoma,textbooks,PTC,True,11,https://storage.googleapis.com/pathology-hub-public-figures-830130787988/textbook_figures_web_v1/hn_faq/hn_faq_p0230_fig01_fig_8_21.jpeg
HN_003,Papillary thyroid carcinoma,textbooks,PTC,True,12,https://storage.googleapis.com/pathology-hub-0/_asset_library/textbooks/Hn_Faq/page_images/Hn_Faq_page_0230.png
HN_003,Papillary thyroid carcinoma,textbooks,PTC,True,13,https://storage.googleapis.com/pathology-hub-public-figures-830130787988/textbook_figures_web_v1/cyto_comprehensive_part_two/cyto_comprehensive_part_two_p0095_fig01_unidentified.png
HN_003,Papillary thyroid carcinoma,textbooks,PTC,True,14,https://storage.googleapis.com/pathology-hub-0/_asset_library/textbooks/Cyto_Comprehensive_Part_Two/page_images/Cyto_Comprehensive_Part_Two_page_0095.png
HN_003,Papillary thyroid carcinoma,textbooks,PTC,True,15,https://storage.googleapis.com/pathology-hub-0/_asset_library/textbooks/Molecular_Vasef/page_images/Molecular_Vasef_page_0532.png
HN_003,Papillary thyroid carcinoma,textbooks,PTC,True,16,https://storage.googleapis.com/pathology-hub-0/_asset_library/textbooks/Hn_Atlas/page_images/Hn_Atlas_page_1460.png
HN_003,Papillary thyroid carcinoma,textbooks,PTC,True,17,https://storage.googleapis.com/pathology-hub-0/_asset_library/textbooks/Hn_Faq/page_images/Hn_Faq_page_0248.png
HN_003,Papillary thyroid carcinoma,who,Papillary thyroid carcinoma thyroid,True,1,https://tumourclassification.iarc.who.int/static/dzi/53/194/25459.jpg
HN_003,Papillary thyroid carcinoma,who,Papillary thyroid carcinoma thyroid,True,2,https://tumourclassification.iarc.who.int/static/dzi/53/194/25460.jpg
HN_003,Papillary thyroid carcinoma,who,Papillary thyroid carcinoma thyroid,True,3,https://tumourclassification.iarc.who.int/static/dzi/53/194/25461.jpg
HN_003,Papillary thyroid carcinoma,who,Papillary thyroid carcinoma thyroid,True,4,https://tumourclassification.iarc.who.int/static/dzi/53/194/25462.jpg
HN_003,Papillary thyroid carcinoma,who,Papillary thyroid carcinoma thyroid,True,5,https://storage.googleapis.com/pathology-hub-0/WHO/WHO_HTML/ENDO/Secretory_Carcinoma.html
HN_003,Papillary thyroid carcinoma,who,Papillary thyroid carcinoma thyroid,True,6,https://storage.googleapis.com/pathology-hub-0/WHO/WHO_HTML/BREAST/Tall_Cell_Carcinoma_With_Reversed_Polarity.html
HN_003,Papillary thyroid carcinoma,who,Papillary thyroid carcinoma thyroid,True,7,https://storage.googleapis.com/pathology-hub-0/WHO/WHO_HTML/ENDO/Non_Syndromic_Familial_Follicular_Cell_Derived_Thyroid_Tumours.html
HN_003,Papillary thyroid carcinoma,who,Papillary thyroid carcinoma thyroid,True,8,https://storage.googleapis.com/pathology-hub-0/WHO/WHO_HTML/ENDO/Follicular_Thyroid_Adenoma_With_Papillary_Architecture.html
HN_003,Papillary thyroid carcinoma,pathout,Papillary thyroid carcinoma thyroid,True,1,https://www.pathologyoutlines.com/thumb/thyroidsolitaryradio1.jpg
HN_003,Papillary thyroid carcinoma,pathout,Papillary thyroid carcinoma thyroid,True,2,https://www.pathologyoutlines.com/imgau/thyroidsolitaryConway01.jpg
HN_003,Papillary thyroid carcinoma,pathout,Papillary thyroid carcinoma thyroid,True,3,https://www.pathologyoutlines.com/imgau/thyroidsolitaryIqbal01.jpg
HN_003,Papillary thyroid carcinoma,pathout,Papillary thyroid carcinoma thyroid,True,4,https://www.pathologyoutlines.com/imgau/thyroidsolitaryIqbal02.jpg
HN_003,Papillary thyroid carcinoma,textbooks,Papillary thyroid carcinoma thyroid,True,1,https://storage.googleapis.com/pathology-hub-public-figures-830130787988/textbook_figures_web_v1/cyto_thyroid_bethesda/cyto_thyroid_bethesda_p0147_fig01_fig_8_11.jpeg
HN_003,Papillary thyroid carcinoma,textbooks,Papillary thyroid carcinoma thyroid,True,2,https://storage.googleapis.com/pathology-hub-0/_asset_library/textbooks/Cyto_Thyroid_Bethesda/page_images/Cyto_Thyroid_Bethesda_page_0147.png
HN_003,Papillary thyroid carcinoma,textbooks,Papillary thyroid carcinoma thyroid,True,3,https://storage.googleapis.com/pathology-hub-public-figures-830130787988/textbook_figures_web_v1/cyto_thyroid_bethesda/cyto_thyroid_bethesda_p0145_fig01_fig_8_3.jpeg
HN_003,Papillary thyroid carcinoma,textbooks,Papillary thyroid carcinoma thyroid,True,4,https://storage.googleapis.com/pathology-hub-0/_asset_library/textbooks/Cyto_Thyroid_Bethesda/page_images/Cyto_Thyroid_Bethesda_page_0145.png
HN_003,Papillary thyroid carcinoma,textbooks,Papillary thyroid carcinoma thyroid,True,5,https://storage.googleapis.com/pathology-hub-public-figures-830130787988/textbook_figures_web_v1/endo_atlas/endo_atlas_p0045_fig03_fig_5_18.jpeg
HN_003,Papillary thyroid carcinoma,textbooks,Papillary thyroid carcinoma thyroid,True,6,https://storage.googleapis.com/pathology-hub-public-figures-830130787988/textbook_figures_web_v1/cyto_thyroid_bethesda/cyto_thyroid_bethesda_p0147_fig02_fig_8_12.jpeg
HN_003,Papillary thyroid carcinoma,textbooks,Papillary thyroid carcinoma thyroid,True,7,https://storage.googleapis.com/pathology-hub-public-figures-830130787988/textbook_figures_web_v1/cyto_pattern/cyto_pattern_p0147_fig01_figure_4_87.jpeg
HN_003,Papillary thyroid carcinoma,textbooks,Papillary thyroid carcinoma thyroid,True,8,https://storage.googleapis.com/pathology-hub-0/_asset_library/textbooks/Cyto_Pattern/page_images/Cyto_Pattern_page_0147.png
HN_003,Papillary thyroid carcinoma,textbooks,Papillary thyroid carcinoma thyroid,True,9,https://storage.googleapis.com/pathology-hub-public-figures-830130787988/textbook_figures_web_v1/cyto_pattern/cyto_pattern_p0147_fig02_figure_4_86.jpeg
HN_003,Papillary thyroid carcinoma,textbooks,Papillary thyroid carcinoma thyroid,True,10,https://storage.googleapis.com/pathology-hub-public-figures-830130787988/textbook_figures_web_v1/cyto_pattern/cyto_pattern_p0147_fig03_figure_4_88.jpeg
HN_003,Papillary thyroid carcinoma,textbooks,Papillary thyroid carcinoma thyroid,True,11,https://storage.googleapis.com/pathology-hub-public-figures-830130787988/textbook_figures_web_v1/cyto_thyroid_bethesda/cyto_thyroid_bethesda_p0145_fig02_fig_8_4.jpeg
HN_003,Papillary thyroid carcinoma,textbooks,Papillary thyroid carcinoma thyroid,True,12,https://storage.googleapis.com/pathology-hub-public-figures-830130787988/textbook_figures_web_v1/cyto_thyroid_bethesda/cyto_thyroid_bethesda_p0145_fig03_fig_8_5.jpeg
HN_003,Papillary thyroid carcinoma,textbooks,Papillary thyroid carcinoma thyroid,True,13,https://storage.googleapis.com/pathology-hub-public-figures-830130787988/textbook_figures_web_v1/hn_thompson/hn_thompson_p0680_fig01_figure_25_1.jpg
HN_003,Papillary thyroid carcinoma,textbooks,Papillary thyroid carcinoma thyroid,True,14,https://storage.googleapis.com/pathology-hub-0/_asset_library/textbooks/Hn_Thompson/page_images/Hn_Thompson_page_0680.png
HN_003,Papillary thyroid carcinoma,textbooks,Papillary thyroid carcinoma thyroid,True,15,https://storage.googleapis.com/pathology-hub-0/_asset_library/textbooks/Hn_Atlas/page_images/Hn_Atlas_page_1364.png
HN_003,Papillary thyroid carcinoma,textbooks,Papillary thyroid carcinoma thyroid,True,16,https://storage.googleapis.com/pathology-hub-0/_asset_library/textbooks/Hn_Thompson/page_images/Hn_Thompson_page_0679.png
HN_003,Papillary thyroid carcinoma,textbooks,Papillary thyroid carcinoma thyroid,True,17,https://storage.googleapis.com/pathology-hub-0/_asset_library/textbooks/Cyto_Thyroid_Bethesda/page_images/Cyto_Thyroid_Bethesda_page_0146.png
HN_003,Papillary thyroid carcinoma,textbooks,Papillary thyroid carcinoma thyroid,True,18,https://storage.googleapis.com/pathology-hub-0/_asset_library/textbooks/Hn_Atlas/page_images/Hn_Atlas_page_1622.png
HN_003,Papillary thyroid carcinoma,textbooks,Papillary thyroid carcinoma thyroid,True,19,https://storage.googleapis.com/pathology-hub-0/_asset_library/textbooks/Hn_Atlas/page_images/Hn_Atlas_page_1621.png
HN_003,Papillary thyroid carcinoma,who,Papillary thyroid carcinoma BRAF,True,1,https://tumourclassification.iarc.who.int/static/dzi/52/273/25130.jpg
HN_003,Papillary thyroid carcinoma,who,Papillary thyroid carcinoma BRAF,True,2,https://tumourclassification.iarc.who.int/static/dzi/52/273/25131.jpg
HN_003,Papillary thyroid carcinoma,who,Papillary thyroid carcinoma BRAF,True,3,https://tumourclassification.iarc.who.int/static/dzi/52/273/25906.jpg
HN_003,Papillary thyroid carcinoma,who,Papillary thyroid carcinoma BRAF,True,4,https://tumourclassification.iarc.who.int/static/dzi/52/273/25907.jpg
HN_003,Papillary thyroid carcinoma,who,Papillary thyroid carcinoma BRAF,True,5,https://storage.googleapis.com/pathology-hub-0/WHO/WHO_HTML/CYTO_LUNG/Sclerosing_Pneumocytoma.html
HN_003,Papillary thyroid carcinoma,who,Papillary thyroid carcinoma BRAF,True,6,https://storage.googleapis.com/pathology-hub-0/WHO/WHO_HTML/BREAST/Tall_Cell_Carcinoma_With_Reversed_Polarity.html
HN_003,Papillary thyroid carcinoma,who,Papillary thyroid carcinoma BRAF,True,7,https://storage.googleapis.com/pathology-hub-0/WHO/WHO_HTML/ENDO/Non_Syndromic_Familial_Follicular_Cell_Derived_Thyroid_Tumours.html
HN_003,Papillary thyroid carcinoma,who,Papillary thyroid carcinoma BRAF,True,8,https://storage.googleapis.com/pathology-hub-0/WHO/WHO_HTML/ENDO/Mixed_Medullary_And_Follicular_Cell_Derived_Thyroid_Carcinoma.html
HN_003,Papillary thyroid carcinoma,who,Papillary thyroid carcinoma BRAF,True,9,https://storage.googleapis.com/pathology-hub-0/WHO/WHO_HTML/HN/Heterotopia_Associated_Carcinoma.html
HN_003,Papillary thyroid carcinoma,pathout,Papillary thyroid carcinoma BRAF,True,1,https://www.pathologyoutlines.com/thumb/thyroidpapillaryclassic_nih01.jpg
HN_003,Papillary thyroid carcinoma,pathout,Papillary thyroid carcinoma BRAF,True,2,https://www.pathologyoutlines.com/imgau/thyroidpapillaryclassicxu01.jpg
HN_003,Papillary thyroid carcinoma,pathout,Papillary thyroid carcinoma BRAF,True,3,https://www.pathologyoutlines.com/imgau/thyroidpapillaryclassicxu02.jpg
HN_003,Papillary thyroid carcinoma,pathout,Papillary thyroid carcinoma BRAF,True,4,https://www.pathologyoutlines.com/imgau/thyroidpapillaryclassicxu03.jpg
HN_003,Papillary thyroid carcinoma,textbooks,Papillary thyroid carcinoma BRAF,True,1,https://storage.googleapis.com/pathology-hub-public-figures-830130787988/textbook_figures_web_v1/molecular_faq/molecular_faq_p0093_fig01_fig_4_1.jpeg
HN_003,Papillary thyroid carcinoma,textbooks,Papillary thyroid carcinoma BRAF,True,2,https://storage.googleapis.com/pathology-hub-0/_asset_library/textbooks/Molecular_Faq/page_images/Molecular_Faq_page_0093.png
HN_003,Papillary thyroid carcinoma,textbooks,Papillary thyroid carcinoma BRAF,True,3,https://storage.googleapis.com/pathology-hub-public-figures-830130787988/textbook_figures_web_v1/molecular_faq/molecular_faq_p0093_fig02_fig_4_2a.jpeg
HN_003,Papillary thyroid carcinoma,textbooks,Papillary thyroid carcinoma BRAF,True,4,https://storage.googleapis.com/pathology-hub-public-figures-830130787988/textbook_figures_web_v1/molecular_faq/molecular_faq_p0093_fig03_fig_4_2d.jpeg
HN_003,Papillary thyroid carcinoma,textbooks,Papillary thyroid carcinoma BRAF,True,5,https://storage.googleapis.com/pathology-hub-public-figures-830130787988/textbook_figures_web_v1/cyto_comprehensive_part_two/cyto_comprehensive_part_two_p0520_fig01_figure_37_14.png
HN_003,Papillary thyroid carcinoma,textbooks,Papillary thyroid carcinoma BRAF,True,6,https://storage.googleapis.com/pathology-hub-0/_asset_library/textbooks/Cyto_Comprehensive_Part_Two/page_images/Cyto_Comprehensive_Part_Two_page_0520.png
HN_003,Papillary thyroid carcinoma,textbooks,Papillary thyroid carcinoma BRAF,True,7,https://storage.googleapis.com/pathology-hub-public-figures-830130787988/textbook_figures_web_v1/cyto_comprehensive_part_two/cyto_comprehensive_part_two_p0520_fig02_unidentified.jpg
HN_003,Papillary thyroid carcinoma,textbooks,Papillary thyroid carcinoma BRAF,True,8,https://storage.googleapis.com/pathology-hub-public-figures-830130787988/textbook_figures_web_v1/cyto_comprehensive_part_two/cyto_comprehensive_part_two_p0520_fig03_unidentified.jpg
HN_003,Papillary thyroid carcinoma,textbooks,Papillary thyroid carcinoma BRAF,True,9,https://storage.googleapis.com/pathology-hub-public-figures-830130787988/textbook_figures_web_v1/cyto_comprehensive_part_two/cyto_comprehensive_part_two_p0520_fig04_unidentified.jpg
HN_003,Papillary thyroid carcinoma,textbooks,Papillary thyroid carcinoma BRAF,True,10,https://storage.googleapis.com/pathology-hub-public-figures-830130787988/textbook_figures_web_v1/cyto_comprehensive_part_two/cyto_comprehensive_part_two_p0520_fig05_unidentified.jpg
HN_003,Papillary thyroid carcinoma,textbooks,Papillary thyroid carcinoma BRAF,True,11,https://storage.googleapis.com/pathology-hub-public-figures-830130787988/textbook_figures_web_v1/hn_atlas/hn_atlas_p1364_fig01_fig_27_13.jpeg
HN_003,Papillary thyroid carcinoma,textbooks,Papillary thyroid carcinoma BRAF,True,12,https://storage.googleapis.com/pathology-hub-0/_asset_library/textbooks/Hn_Atlas/page_images/Hn_Atlas_page_1364.png
HN_003,Papillary thyroid carcinoma,textbooks,Papillary thyroid carcinoma BRAF,True,13,https://storage.googleapis.com/pathology-hub-public-figures-830130787988/textbook_figures_web_v1/hn_atlas/hn_atlas_p1364_fig02_unidentified.jpeg
HN_003,Papillary thyroid carcinoma,textbooks,Papillary thyroid carcinoma BRAF,True,14,https://storage.googleapis.com/pathology-hub-0/_asset_library/textbooks/Hn_Atlas/page_images/Hn_Atlas_page_1460.png
HN_003,Papillary thyroid carcinoma,textbooks,Papillary thyroid carcinoma BRAF,True,15,https://storage.googleapis.com/pathology-hub-0/_asset_library/textbooks/Molecular_Vasef/page_images/Molecular_Vasef_page_0531.png
HN_003,Papillary thyroid carcinoma,textbooks,Papillary thyroid carcinoma BRAF,True,16,https://storage.googleapis.com/pathology-hub-0/_asset_library/textbooks/Molecular_Vasef/page_images/Molecular_Vasef_page_0532.png
HN_003,Papillary thyroid carcinoma,textbooks,Papillary thyroid carcinoma BRAF,True,17,https://storage.googleapis.com/pathology-hub-0/_asset_library/textbooks/Molecular_Vasef/page_images/Molecular_Vasef_page_0129.png
HN_004,Medullary thyroid carcinoma,who,Medullary thyroid carcinoma,True,1,https://tumourclassification.iarc.who.int/static/dzi/53/51/27945.jpg
HN_004,Medullary thyroid carcinoma,who,Medullary thyroid carcinoma,True,2,https://tumourclassification.iarc.who.int/static/dzi/53/51/27946.jpg
HN_004,Medullary thyroid carcinoma,who,Medullary thyroid carcinoma,True,3,https://tumourclassification.iarc.who.int/static/dzi/53/51/27947.jpg
HN_004,Medullary thyroid carcinoma,who,Medullary thyroid carcinoma,True,4,https://tumourclassification.iarc.who.int/static/dzi/53/51/27948.jpg
HN_004,Medullary thyroid carcinoma,who,Medullary thyroid carcinoma,True,5,https://storage.googleapis.com/pathology-hub-0/WHO/WHO_HTML/HN/Multiple_Endocrine_Neoplasia_Type_2.html
HN_004,Medullary thyroid carcinoma,who,Medullary thyroid carcinoma,True,6,https://storage.googleapis.com/pathology-hub-0/WHO/WHO_HTML/ENDO/Non_Syndromic_Familial_Follicular_Cell_Derived_Thyroid_Tumours.html
HN_004,Medullary thyroid carcinoma,who,Medullary thyroid carcinoma,True,7,https://storage.googleapis.com/pathology-hub-0/WHO/WHO_HTML/ENDO/Mixed_Medullary_And_Follicular_Cell_Derived_Thyroid_Carcinoma.html
HN_004,Medullary thyroid carcinoma,pathout,Medullary thyroid carcinoma,True,1,https://www.pathologyoutlines.com/wick/thyroid%20medullary%20carcinoma%20gross%20photo.jpeg
HN_004,Medullary thyroid carcinoma,pathout,Medullary thyroid carcinoma,True,2,https://www.pathologyoutlines.com/wick/thyroid%20medullary%20carcinoma%20multifocal%20in%20MEN2%20gross%20photo.jpeg
HN_004,Medullary thyroid carcinoma,pathout,Medullary thyroid carcinoma,True,3,https://www.pathologyoutlines.com/images/thyroid/P24B_3_L.jpg
HN_004,Medullary thyroid carcinoma,pathout,Medullary thyroid carcinoma,True,4,https://www.pathologyoutlines.com/images/thyroid/P26A_3_L.jpg
HN_004,Medullary thyroid carcinoma,textbooks,Medullary thyroid carcinoma,True,1,https://storage.googleapis.com/pathology-hub-public-figures-830130787988/textbook_figures_web_v1/hn_atlas/hn_atlas_p1573_fig02_fig_28_97.jpeg
HN_004,Medullary thyroid carcinoma,textbooks,Medullary thyroid carcinoma,True,2,https://storage.googleapis.com/pathology-hub-0/_asset_library/textbooks/Hn_Atlas/page_images/Hn_Atlas_page_1573.png
HN_004,Medullary thyroid carcinoma,textbooks,Medullary thyroid carcinoma,True,3,https://storage.googleapis.com/pathology-hub-public-figures-830130787988/textbook_figures_web_v1/endo_atlas/endo_atlas_p0089_fig01_fig_11_19.jpeg
HN_004,Medullary thyroid carcinoma,textbooks,Medullary thyroid carcinoma,True,4,https://storage.googleapis.com/pathology-hub-public-figures-830130787988/textbook_figures_web_v1/endo_atlas/endo_atlas_p0087_fig01_fig_11_11.jpeg
HN_004,Medullary thyroid carcinoma,textbooks,Medullary thyroid carcinoma,True,5,https://storage.googleapis.com/pathology-hub-public-figures-830130787988/textbook_figures_web_v1/hn_atlas/hn_atlas_p1573_fig01_fig_28_96.jpeg
HN_004,Medullary thyroid carcinoma,textbooks,Medullary thyroid carcinoma,True,6,https://storage.googleapis.com/pathology-hub-public-figures-830130787988/textbook_figures_web_v1/hn_atlas/hn_atlas_p1573_fig03_unidentified.jpeg
HN_004,Medullary thyroid carcinoma,textbooks,Medullary thyroid carcinoma,True,7,https://storage.googleapis.com/pathology-hub-public-figures-830130787988/textbook_figures_web_v1/hn_atlas/hn_atlas_p1573_fig04_unidentified.jpeg
HN_004,Medullary thyroid carcinoma,textbooks,Medullary thyroid carcinoma,True,8,https://storage.googleapis.com/pathology-hub-public-figures-830130787988/textbook_figures_web_v1/hn_atlas/hn_atlas_p1573_fig05_unidentified.jpeg
HN_004,Medullary thyroid carcinoma,textbooks,Medullary thyroid carcinoma,True,9,https://storage.googleapis.com/pathology-hub-public-figures-830130787988/textbook_figures_web_v1/endo_atlas/endo_atlas_p0089_fig02_fig_11_21.jpeg
HN_004,Medullary thyroid carcinoma,textbooks,Medullary thyroid carcinoma,True,10,https://storage.googleapis.com/pathology-hub-public-figures-830130787988/textbook_figures_web_v1/endo_atlas/endo_atlas_p0089_fig03_fig_11_20.jpeg
HN_004,Medullary thyroid carcinoma,textbooks,Medullary thyroid carcinoma,True,11,https://storage.googleapis.com/pathology-hub-public-figures-830130787988/textbook_figures_web_v1/endo_atlas/endo_atlas_p0089_fig04_fig_11_22.jpeg
HN_004,Medullary thyroid carcinoma,textbooks,Medullary thyroid carcinoma,True,12,https://storage.googleapis.com/pathology-hub-0/_asset_library/textbooks/Hn_Atlas/page_images/Hn_Atlas_page_1628.png
HN_004,Medullary thyroid carcinoma,textbooks,Medullary thyroid carcinoma,True,13,https://storage.googleapis.com/pathology-hub-0/_asset_library/textbooks/Hn_Cardesa/page_images/Hn_Cardesa_page_0648.png
HN_004,Medullary thyroid carcinoma,textbooks,Medullary thyroid carcinoma,True,14,https://storage.googleapis.com/pathology-hub-0/_asset_library/textbooks/Molecular_Vasef/page_images/Molecular_Vasef_page_0547.png
HN_004,Medullary thyroid carcinoma,textbooks,Medullary thyroid carcinoma,True,15,https://storage.googleapis.com/pathology-hub-0/_asset_library/textbooks/Cyto_Pattern/page_images/Cyto_Pattern_page_0144.png
HN_004,Medullary thyroid carcinoma,textbooks,Medullary thyroid carcinoma,True,16,https://storage.googleapis.com/pathology-hub-0/_asset_library/textbooks/Molecular_Vasef/page_images/Molecular_Vasef_page_0548.png
HN_004,Medullary thyroid carcinoma,who,MTC,True,1,https://tumourclassification.iarc.who.int/static/dzi/52/318/24374.jpg
HN_004,Medullary thyroid carcinoma,who,MTC,True,2,https://tumourclassification.iarc.who.int/static/dzi/52/318/24729.jpg
HN_004,Medullary thyroid carcinoma,who,MTC,True,3,https://tumourclassification.iarc.who.int/static/dzi/52/318/25100.jpg
HN_004,Medullary thyroid carcinoma,who,MTC,True,4,https://tumourclassification.iarc.who.int/static/dzi/52/318/25102.jpg
HN_004,Medullary thyroid carcinoma,who,MTC,True,5,https://storage.googleapis.com/pathology-hub-0/WHO/WHO_HTML/HN/Multiple_Endocrine_Neoplasia_Type_2.html
HN_004,Medullary thyroid carcinoma,who,MTC,True,6,https://storage.googleapis.com/pathology-hub-0/WHO/WHO_HTML/ENDO/Mixed_Medullary_And_Follicular_Cell_Derived_Thyroid_Carcinoma.html
HN_004,Medullary thyroid carcinoma,pathout,MTC,True,1,https://www.pathologyoutlines.com/thumb/chemistrycalcitonindiagram01.jpg
HN_004,Medullary thyroid carcinoma,pathout,MTC,True,2,https://www.pathologyoutlines.com/thumb/chemistrycalcitonindiagram02.jpg
HN_004,Medullary thyroid carcinoma,pathout,MTC,True,3,https://www.pathologyoutlines.com/thumb/chemistrycalcitonindiagram13.jpg
HN_004,Medullary thyroid carcinoma,pathout,MTC,True,4,https://www.pathologyoutlines.com/thumb/chemistrycalcitonindiagram04.jpg
HN_004,Medullary thyroid carcinoma,textbooks,MTC,True,1,https://storage.googleapis.com/pathology-hub-public-figures-830130787988/textbook_figures_web_v1/cyto_thyroid_bethesda/cyto_thyroid_bethesda_p0196_fig02_fig_9_16.jpeg
HN_004,Medullary thyroid carcinoma,textbooks,MTC,True,2,https://storage.googleapis.com/pathology-hub-0/_asset_library/textbooks/Cyto_Thyroid_Bethesda/page_images/Cyto_Thyroid_Bethesda_page_0196.png
HN_004,Medullary thyroid carcinoma,textbooks,MTC,True,3,https://storage.googleapis.com/pathology-hub-public-figures-830130787988/textbook_figures_web_v1/hn_thompson/hn_thompson_p0726_fig02_figure_25_69.jpg
HN_004,Medullary thyroid carcinoma,textbooks,MTC,True,4,https://storage.googleapis.com/pathology-hub-0/_asset_library/textbooks/Hn_Thompson/page_images/Hn_Thompson_page_0726.png
HN_004,Medullary thyroid carcinoma,textbooks,MTC,True,5,https://storage.googleapis.com/pathology-hub-public-figures-830130787988/textbook_figures_web_v1/cyto_thyroid_bethesda/cyto_thyroid_bethesda_p0196_fig01_fig_9_15.jpeg
HN_004,Medullary thyroid carcinoma,textbooks,MTC,True,6,https://storage.googleapis.com/pathology-hub-public-figures-830130787988/textbook_figures_web_v1/cyto_thyroid_bethesda/cyto_thyroid_bethesda_p0198_fig01_unidentified.jpeg
HN_004,Medullary thyroid carcinoma,textbooks,MTC,True,7,https://storage.googleapis.com/pathology-hub-0/_asset_library/textbooks/Cyto_Thyroid_Bethesda/page_images/Cyto_Thyroid_Bethesda_page_0198.png
HN_004,Medullary thyroid carcinoma,textbooks,MTC,True,8,https://storage.googleapis.com/pathology-hub-public-figures-830130787988/textbook_figures_web_v1/cyto_thyroid_bethesda/cyto_thyroid_bethesda_p0198_fig02_unidentified.jpeg
HN_004,Medullary thyroid carcinoma,textbooks,MTC,True,9,https://storage.googleapis.com/pathology-hub-public-figures-830130787988/textbook_figures_web_v1/cyto_thyroid_bethesda/cyto_thyroid_bethesda_p0198_fig03_unidentified.jpeg
HN_004,Medullary thyroid carcinoma,textbooks,MTC,True,10,https://storage.googleapis.com/pathology-hub-public-figures-830130787988/textbook_figures_web_v1/cyto_thyroid_bethesda/cyto_thyroid_bethesda_p0198_fig04_unidentified.jpeg
HN_004,Medullary thyroid carcinoma,textbooks,MTC,True,11,https://storage.googleapis.com/pathology-hub-public-figures-830130787988/textbook_figures_web_v1/cyto_cibas/cyto_cibas_p0327_fig01_fig_10_27.jpeg
HN_004,Medullary thyroid carcinoma,textbooks,MTC,True,12,https://storage.googleapis.com/pathology-hub-0/_asset_library/textbooks/Cyto_Cibas/page_images/Cyto_Cibas_page_0327.png
HN_004,Medullary thyroid carcinoma,textbooks,MTC,True,13,https://storage.googleapis.com/pathology-hub-public-figures-830130787988/textbook_figures_web_v1/cyto_cibas/cyto_cibas_p0327_fig02_unidentified.jpeg
HN_004,Medullary thyroid carcinoma,textbooks,MTC,True,14,https://storage.googleapis.com/pathology-hub-public-figures-830130787988/textbook_figures_web_v1/cyto_cibas/cyto_cibas_p0327_fig03_unidentified.jpeg
HN_004,Medullary thyroid carcinoma,textbooks,MTC,True,15,https://storage.googleapis.com/pathology-hub-0/_asset_library/textbooks/Hn_Atlas/page_images/Hn_Atlas_page_1575.png
HN_004,Medullary thyroid carcinoma,textbooks,MTC,True,16,https://storage.googleapis.com/pathology-hub-0/_asset_library/textbooks/Cyto_Thyroid_Bethesda/page_images/Cyto_Thyroid_Bethesda_page_0197.png
HN_004,Medullary thyroid carcinoma,textbooks,MTC,True,17,https://storage.googleapis.com/pathology-hub-0/_asset_library/textbooks/Hn_Atlas/page_images/Hn_Atlas_page_1580.png
HN_004,Medullary thyroid carcinoma,who,Medullary thyroid carcinoma thyroid,True,1,https://tumourclassification.iarc.who.int/static/dzi/53/51/27945.jpg
HN_004,Medullary thyroid carcinoma,who,Medullary thyroid carcinoma thyroid,True,2,https://tumourclassification.iarc.who.int/static/dzi/53/51/27946.jpg
HN_004,Medullary thyroid carcinoma,who,Medullary thyroid carcinoma thyroid,True,3,https://tumourclassification.iarc.who.int/static/dzi/53/51/27947.jpg
HN_004,Medullary thyroid carcinoma,who,Medullary thyroid carcinoma thyroid,True,4,https://tumourclassification.iarc.who.int/static/dzi/53/51/27948.jpg
HN_004,Medullary thyroid carcinoma,who,Medullary thyroid carcinoma thyroid,True,5,https://storage.googleapis.com/pathology-hub-0/WHO/WHO_HTML/HN/Multiple_Endocrine_Neoplasia_Type_2.html
HN_004,Medullary thyroid carcinoma,who,Medullary thyroid carcinoma thyroid,True,6,https://storage.googleapis.com/pathology-hub-0/WHO/WHO_HTML/ENDO/Non_Syndromic_Familial_Follicular_Cell_Derived_Thyroid_Tumours.html
HN_004,Medullary thyroid carcinoma,who,Medullary thyroid carcinoma thyroid,True,7,https://storage.googleapis.com/pathology-hub-0/WHO/WHO_HTML/ENDO/Mixed_Medullary_And_Follicular_Cell_Derived_Thyroid_Carcinoma.html
HN_004,Medullary thyroid carcinoma,pathout,Medullary thyroid carcinoma thyroid,True,1,https://www.pathologyoutlines.com/wick/thyroid%20medullary%20carcinoma%20gross%20photo.jpeg
HN_004,Medullary thyroid carcinoma,pathout,Medullary thyroid carcinoma thyroid,True,2,https://www.pathologyoutlines.com/wick/thyroid%20medullary%20carcinoma%20multifocal%20in%20MEN2%20gross%20photo.jpeg
HN_004,Medullary thyroid carcinoma,pathout,Medullary thyroid carcinoma thyroid,True,3,https://www.pathologyoutlines.com/images/thyroid/P24B_3_L.jpg
HN_004,Medullary thyroid carcinoma,pathout,Medullary thyroid carcinoma thyroid,True,4,https://www.pathologyoutlines.com/images/thyroid/P26A_3_L.jpg
HN_004,Medullary thyroid carcinoma,textbooks,Medullary thyroid carcinoma thyroid,True,1,https://storage.googleapis.com/pathology-hub-public-figures-830130787988/textbook_figures_web_v1/hn_atlas/hn_atlas_p1573_fig02_fig_28_97.jpeg
HN_004,Medullary thyroid carcinoma,textbooks,Medullary thyroid carcinoma thyroid,True,2,https://storage.googleapis.com/pathology-hub-0/_asset_library/textbooks/Hn_Atlas/page_images/Hn_Atlas_page_1573.png
HN_004,Medullary thyroid carcinoma,textbooks,Medullary thyroid carcinoma thyroid,True,3,https://storage.googleapis.com/pathology-hub-public-figures-830130787988/textbook_figures_web_v1/cyto_cibas/cyto_cibas_p0324_fig02_fig_10_26.jpeg
HN_004,Medullary thyroid carcinoma,textbooks,Medullary thyroid carcinoma thyroid,True,4,https://storage.googleapis.com/pathology-hub-0/_asset_library/textbooks/Cyto_Cibas/page_images/Cyto_Cibas_page_0324.png
HN_004,Medullary thyroid carcinoma,textbooks,Medullary thyroid carcinoma thyroid,True,5,https://storage.googleapis.com/pathology-hub-public-figures-830130787988/textbook_figures_web_v1/endo_atlas/endo_atlas_p0089_fig01_fig_11_19.jpeg
HN_004,Medullary thyroid carcinoma,textbooks,Medullary thyroid carcinoma thyroid,True,6,https://storage.googleapis.com/pathology-hub-public-figures-830130787988/textbook_figures_web_v1/hn_thompson/hn_thompson_p0723_fig01_figure_25_62.jpg
HN_004,Medullary thyroid carcinoma,textbooks,Medullary thyroid carcinoma thyroid,True,7,https://storage.googleapis.com/pathology-hub-0/_asset_library/textbooks/Hn_Thompson/page_images/Hn_Thompson_page_0723.png
HN_004,Medullary thyroid carcinoma,textbooks,Medullary thyroid carcinoma thyroid,True,8,https://storage.googleapis.com/pathology-hub-public-figures-830130787988/textbook_figures_web_v1/hn_atlas/hn_atlas_p1573_fig01_fig_28_96.jpeg
HN_004,Medullary thyroid carcinoma,textbooks,Medullary thyroid carcinoma thyroid,True,9,https://storage.googleapis.com/pathology-hub-public-figures-830130787988/textbook_figures_web_v1/hn_atlas/hn_atlas_p1573_fig03_unidentified.jpeg
HN_004,Medullary thyroid carcinoma,textbooks,Medullary thyroid carcinoma thyroid,True,10,https://storage.googleapis.com/pathology-hub-public-figures-830130787988/textbook_figures_web_v1/hn_atlas/hn_atlas_p1573_fig04_unidentified.jpeg
HN_004,Medullary thyroid carcinoma,textbooks,Medullary thyroid carcinoma thyroid,True,11,https://storage.googleapis.com/pathology-hub-public-figures-830130787988/textbook_figures_web_v1/hn_atlas/hn_atlas_p1573_fig05_unidentified.jpeg
HN_004,Medullary thyroid carcinoma,textbooks,Medullary thyroid carcinoma thyroid,True,12,https://storage.googleapis.com/pathology-hub-public-figures-830130787988/textbook_figures_web_v1/cyto_cibas/cyto_cibas_p0324_fig01_fig_10_24.jpeg
HN_004,Medullary thyroid carcinoma,textbooks,Medullary thyroid carcinoma thyroid,True,13,https://storage.googleapis.com/pathology-hub-public-figures-830130787988/textbook_figures_web_v1/cyto_comprehensive_part_two/cyto_comprehensive_part_two_p0085_fig01_fig_24_11d.png
HN_004,Medullary thyroid carcinoma,textbooks,Medullary thyroid carcinoma thyroid,True,14,https://storage.googleapis.com/pathology-hub-0/_asset_library/textbooks/Cyto_Comprehensive_Part_Two/page_images/Cyto_Comprehensive_Part_Two_page_0085.png
HN_004,Medullary thyroid carcinoma,textbooks,Medullary thyroid carcinoma thyroid,True,15,https://storage.googleapis.com/pathology-hub-0/_asset_library/textbooks/Hn_Atlas/page_images/Hn_Atlas_page_1628.png
HN_004,Medullary thyroid carcinoma,textbooks,Medullary thyroid carcinoma thyroid,True,16,https://storage.googleapis.com/pathology-hub-0/_asset_library/textbooks/Hn_Cardesa/page_images/Hn_Cardesa_page_0648.png
HN_004,Medullary thyroid carcinoma,textbooks,Medullary thyroid carcinoma thyroid,True,17,https://storage.googleapis.com/pathology-hub-0/_asset_library/textbooks/Cyto_Pattern/page_images/Cyto_Pattern_page_0144.png
HN_004,Medullary thyroid carcinoma,who,Medullary thyroid carcinoma calcitonin RET,True,1,https://tumourclassification.iarc.who.int/static/dzi/53/51/27945.jpg
HN_004,Medullary thyroid carcinoma,who,Medullary thyroid carcinoma calcitonin RET,True,2,https://tumourclassification.iarc.who.int/static/dzi/53/51/27946.jpg
HN_004,Medullary thyroid carcinoma,who,Medullary thyroid carcinoma calcitonin RET,True,3,https://tumourclassification.iarc.who.int/static/dzi/53/51/27947.jpg
HN_004,Medullary thyroid carcinoma,who,Medullary thyroid carcinoma calcitonin RET,True,4,https://tumourclassification.iarc.who.int/static/dzi/53/51/27948.jpg
HN_004,Medullary thyroid carcinoma,who,Medullary thyroid carcinoma calcitonin RET,True,5,https://storage.googleapis.com/pathology-hub-0/WHO/WHO_HTML/ENDO/Non_Syndromic_Familial_Follicular_Cell_Derived_Thyroid_Tumours.html
HN_004,Medullary thyroid carcinoma,who,Medullary thyroid carcinoma calcitonin RET,True,6,https://storage.googleapis.com/pathology-hub-0/WHO/WHO_HTML/HN/Multiple_Endocrine_Neoplasia_Type_2.html
HN_004,Medullary thyroid carcinoma,who,Medullary thyroid carcinoma calcitonin RET,True,7,https://storage.googleapis.com/pathology-hub-0/WHO/WHO_HTML/ENDO/Mixed_Medullary_And_Follicular_Cell_Derived_Thyroid_Carcinoma.html
HN_004,Medullary thyroid carcinoma,pathout,Medullary thyroid carcinoma calcitonin RET,True,1,https://www.pathologyoutlines.com/wick/thyroid%20medullary%20carcinoma%20gross%20photo.jpeg
HN_004,Medullary thyroid carcinoma,pathout,Medullary thyroid carcinoma calcitonin RET,True,2,https://www.pathologyoutlines.com/wick/thyroid%20medullary%20carcinoma%20multifocal%20in%20MEN2%20gross%20photo.jpeg
HN_004,Medullary thyroid carcinoma,pathout,Medullary thyroid carcinoma calcitonin RET,True,3,https://www.pathologyoutlines.com/images/thyroid/P24B_3_L.jpg
HN_004,Medullary thyroid carcinoma,pathout,Medullary thyroid carcinoma calcitonin RET,True,4,https://www.pathologyoutlines.com/images/thyroid/P26A_3_L.jpg
HN_004,Medullary thyroid carcinoma,textbooks,Medullary thyroid carcinoma calcitonin RET,True,1,https://storage.googleapis.com/pathology-hub-public-figures-830130787988/textbook_figures_web_v1/hn_gnepp/hn_gnepp_p0669_fig01_fig_7_70.jpeg
HN_004,Medullary thyroid carcinoma,textbooks,Medullary thyroid carcinoma calcitonin RET,True,2,https://storage.googleapis.com/pathology-hub-0/_asset_library/textbooks/Hn_Gnepp/page_images/Hn_Gnepp_page_0669.png
HN_004,Medullary thyroid carcinoma,textbooks,Medullary thyroid carcinoma calcitonin RET,True,3,https://storage.googleapis.com/pathology-hub-public-figures-830130787988/textbook_figures_web_v1/hn_gnepp/hn_gnepp_p0669_fig02_unidentified.jpeg
HN_004,Medullary thyroid carcinoma,textbooks,Medullary thyroid carcinoma calcitonin RET,True,4,https://storage.googleapis.com/pathology-hub-public-figures-830130787988/textbook_figures_web_v1/hn_gnepp/hn_gnepp_p0669_fig03_unidentified.jpeg
HN_004,Medullary thyroid carcinoma,textbooks,Medullary thyroid carcinoma calcitonin RET,True,5,https://storage.googleapis.com/pathology-hub-public-figures-830130787988/textbook_figures_web_v1/hn_gnepp/hn_gnepp_p0669_fig04_unidentified.jpeg
HN_004,Medullary thyroid carcinoma,textbooks,Medullary thyroid carcinoma calcitonin RET,True,6,https://storage.googleapis.com/pathology-hub-public-figures-830130787988/textbook_figures_web_v1/hn_gnepp/hn_gnepp_p0669_fig05_unidentified.jpeg
HN_004,Medullary thyroid carcinoma,textbooks,Medullary thyroid carcinoma calcitonin RET,True,7,https://storage.googleapis.com/pathology-hub-public-figures-830130787988/textbook_figures_web_v1/hn_gnepp/hn_gnepp_p0669_fig06_unidentified.jpeg
HN_004,Medullary thyroid carcinoma,textbooks,Medullary thyroid carcinoma calcitonin RET,True,8,https://pathology-hub-v04-v0-2-staging-vorn5q2kga-uc.a.run.app/figures/textbook?u=Z3M6Ly9wYXRob2xvZ3lfaHViLzAxX3N0YWdlZC90ZXh0Ym9va3MvYXNzZXRzL2ZpZ3VyZV9pbWFnZXMvaG5fZ25lcHAvaG5fZ25lcHBfcDA2NjlfZmlnMDdfdW5pZGVudGlmaWVkLnBuZw&exp=1783364733&sig=50155adc33c671724fe66997d65b0103bbe660d20879d0155ad9d249483af828
HN_004,Medullary thyroid carcinoma,textbooks,Medullary thyroid carcinoma calcitonin RET,True,9,https://storage.googleapis.com/pathology-hub-public-figures-830130787988/textbook_figures_web_v1/hn_cardesa/hn_cardesa_p0648_fig01_fig_14_64.jpeg
HN_004,Medullary thyroid carcinoma,textbooks,Medullary thyroid carcinoma calcitonin RET,True,10,https://storage.googleapis.com/pathology-hub-0/_asset_library/textbooks/Hn_Cardesa/page_images/Hn_Cardesa_page_0648.png
HN_004,Medullary thyroid carcinoma,textbooks,Medullary thyroid carcinoma calcitonin RET,True,11,https://storage.googleapis.com/pathology-hub-public-figures-830130787988/textbook_figures_web_v1/hn_cardesa/hn_cardesa_p0648_fig02_fig_14_65.jpeg
HN_004,Medullary thyroid carcinoma,textbooks,Medullary thyroid carcinoma calcitonin RET,True,12,https://storage.googleapis.com/pathology-hub-0/_asset_library/textbooks/Molecular_Vasef/page_images/Molecular_Vasef_page_0549.png
HN_004,Medullary thyroid carcinoma,textbooks,Medullary thyroid carcinoma calcitonin RET,True,13,https://storage.googleapis.com/pathology-hub-0/_asset_library/textbooks/Hn_Atlas/page_images/Hn_Atlas_page_1572.png
HN_004,Medullary thyroid carcinoma,textbooks,Medullary thyroid carcinoma calcitonin RET,True,14,https://storage.googleapis.com/pathology-hub-0/_asset_library/textbooks/Hn_Atlas/page_images/Hn_Atlas_page_1460.png
HN_004,Medullary thyroid carcinoma,textbooks,Medullary thyroid carcinoma calcitonin RET,True,15,https://storage.googleapis.com/pathology-hub-0/_asset_library/textbooks/Hn_Atlas/page_images/Hn_Atlas_page_1628.png
HN_004,Medullary thyroid carcinoma,textbooks,Medullary thyroid carcinoma calcitonin RET,True,16,https://storage.googleapis.com/pathology-hub-0/_asset_library/textbooks/Molecular_Vasef/page_images/Molecular_Vasef_page_0548.png
HN_004,Medullary thyroid carcinoma,textbooks,Medullary thyroid carcinoma calcitonin RET,True,17,https://storage.googleapis.com/pathology-hub-0/_asset_library/textbooks/Hn_Thompson/page_images/Hn_Thompson_page_0716.png
HN_004,Medullary thyroid carcinoma,textbooks,Medullary thyroid carcinoma calcitonin RET,True,18,https://storage.googleapis.com/pathology-hub-0/_asset_library/textbooks/Hn_Atlas/page_images/Hn_Atlas_page_1716.png
HN_005,NUT carcinoma,who,NUT carcinoma,True,1,https://storage.googleapis.com/pathology-hub-0/WHO/WHO_PICS/PEDS/17837.jpg
HN_005,NUT carcinoma,who,NUT carcinoma,True,2,https://storage.googleapis.com/pathology-hub-0/WHO/WHO_PICS/PEDS/17840.jpg
HN_005,NUT carcinoma,who,NUT carcinoma,True,3,https://storage.googleapis.com/pathology-hub-0/WHO/WHO_PICS/PEDS/17842.jpg
HN_005,NUT carcinoma,who,NUT carcinoma,True,4,https://storage.googleapis.com/pathology-hub-0/WHO/WHO_PICS/PEDS/0_0.jpeg
HN_005,NUT carcinoma,who,NUT carcinoma,True,5,https://storage.googleapis.com/pathology-hub-0/WHO/WHO_HTML/SKIN/Nut_Carcinoma.html
HN_005,NUT carcinoma,who,NUT carcinoma,True,6,https://storage.googleapis.com/pathology-hub-0/WHO/WHO_HTML/PEDS/Nut_Carcinoma.html
HN_005,NUT carcinoma,who,NUT carcinoma,True,7,https://storage.googleapis.com/pathology-hub-0/WHO/WHO_HTML/CYTO_LUNG/Nut_Carcinoma.html
HN_005,NUT carcinoma,pathout,NUT carcinoma,True,1,https://www.pathologyoutlines.com/thumb/nasalnutcarcinomapmc01.jpg
HN_005,NUT carcinoma,pathout,NUT carcinoma,True,2,https://www.pathologyoutlines.com/thumb/nasalnutcarcinomapmc04.jpg
HN_005,NUT carcinoma,pathout,NUT carcinoma,True,3,https://www.pathologyoutlines.com/thumb/nasalnutcarcinomaradio1.jpg
HN_005,NUT carcinoma,pathout,NUT carcinoma,True,4,https://www.pathologyoutlines.com/thumb/nasalnutcarcinomapmc02.jpg
HN_005,NUT carcinoma,textbooks,NUT carcinoma,True,1,https://storage.googleapis.com/pathology-hub-public-figures-830130787988/textbook_figures_web_v1/hn_thompson/hn_thompson_p0079_fig01_figure_3_14.jpg
HN_005,NUT carcinoma,textbooks,NUT carcinoma,True,2,https://storage.googleapis.com/pathology-hub-0/_asset_library/textbooks/Hn_Thompson/page_images/Hn_Thompson_page_0079.png
HN_005,NUT carcinoma,textbooks,NUT carcinoma,True,3,https://storage.googleapis.com/pathology-hub-public-figures-830130787988/textbook_figures_web_v1/hn_thompson/hn_thompson_p0080_fig01_figure_3_15.jpg
HN_005,NUT carcinoma,textbooks,NUT carcinoma,True,4,https://storage.googleapis.com/pathology-hub-0/_asset_library/textbooks/Hn_Thompson/page_images/Hn_Thompson_page_0080.png
HN_005,NUT carcinoma,textbooks,NUT carcinoma,True,5,https://storage.googleapis.com/pathology-hub-public-figures-830130787988/textbook_figures_web_v1/cyto_cibas/cyto_cibas_p0096_fig01_fig_2_33.jpeg
HN_005,NUT carcinoma,textbooks,NUT carcinoma,True,6,https://storage.googleapis.com/pathology-hub-0/_asset_library/textbooks/Cyto_Cibas/page_images/Cyto_Cibas_page_0096.png
HN_005,NUT carcinoma,textbooks,NUT carcinoma,True,7,https://storage.googleapis.com/pathology-hub-public-figures-830130787988/textbook_figures_web_v1/cyto_cibas/cyto_cibas_p0096_fig02_unidentified.jpeg
HN_005,NUT carcinoma,textbooks,NUT carcinoma,True,8,https://storage.googleapis.com/pathology-hub-public-figures-830130787988/textbook_figures_web_v1/cyto_cibas/cyto_cibas_p0096_fig03_unidentified.jpeg
HN_005,NUT carcinoma,textbooks,NUT carcinoma,True,9,https://storage.googleapis.com/pathology-hub-public-figures-830130787988/textbook_figures_web_v1/cyto_cibas/cyto_cibas_p0096_fig04_unidentified.jpeg
HN_005,NUT carcinoma,textbooks,NUT carcinoma,True,10,https://storage.googleapis.com/pathology-hub-public-figures-830130787988/textbook_figures_web_v1/hn_thompson/hn_thompson_p0078_fig01_figure_3_13.jpg
HN_005,NUT carcinoma,textbooks,NUT carcinoma,True,11,https://storage.googleapis.com/pathology-hub-0/_asset_library/textbooks/Hn_Thompson/page_images/Hn_Thompson_page_0078.png
HN_005,NUT carcinoma,textbooks,NUT carcinoma,True,12,https://storage.googleapis.com/pathology-hub-public-figures-830130787988/textbook_figures_web_v1/hn_gnepp/hn_gnepp_p0168_fig01_fig_3_39.jpeg
HN_005,NUT carcinoma,textbooks,NUT carcinoma,True,13,https://storage.googleapis.com/pathology-hub-0/_asset_library/textbooks/Hn_Gnepp/page_images/Hn_Gnepp_page_0168.png
HN_005,NUT carcinoma,textbooks,NUT carcinoma,True,14,https://storage.googleapis.com/pathology-hub-public-figures-830130787988/textbook_figures_web_v1/hn_gnepp/hn_gnepp_p0168_fig02_fig_3_40a.jpeg
HN_005,NUT carcinoma,textbooks,NUT carcinoma,True,15,https://storage.googleapis.com/pathology-hub-public-figures-830130787988/textbook_figures_web_v1/hn_gnepp/hn_gnepp_p0168_fig03_fig_3_40b.jpeg
HN_005,NUT carcinoma,textbooks,NUT carcinoma,True,16,https://storage.googleapis.com/pathology-hub-0/_asset_library/textbooks/Hn_Cardesa/page_images/Hn_Cardesa_page_0096.png
HN_005,NUT carcinoma,who,NUT carcinoma,True,1,https://storage.googleapis.com/pathology-hub-0/WHO/WHO_PICS/PEDS/17837.jpg
HN_005,NUT carcinoma,who,NUT carcinoma,True,2,https://storage.googleapis.com/pathology-hub-0/WHO/WHO_PICS/PEDS/17840.jpg
HN_005,NUT carcinoma,who,NUT carcinoma,True,3,https://storage.googleapis.com/pathology-hub-0/WHO/WHO_PICS/PEDS/17842.jpg
HN_005,NUT carcinoma,who,NUT carcinoma,True,4,https://storage.googleapis.com/pathology-hub-0/WHO/WHO_PICS/PEDS/0_0.jpeg
HN_005,NUT carcinoma,who,NUT carcinoma,True,5,https://storage.googleapis.com/pathology-hub-0/WHO/WHO_HTML/SKIN/Nut_Carcinoma.html
HN_005,NUT carcinoma,who,NUT carcinoma,True,6,https://storage.googleapis.com/pathology-hub-0/WHO/WHO_HTML/PEDS/Nut_Carcinoma.html
HN_005,NUT carcinoma,who,NUT carcinoma,True,7,https://storage.googleapis.com/pathology-hub-0/WHO/WHO_HTML/CYTO_LUNG/Nut_Carcinoma.html
HN_005,NUT carcinoma,pathout,NUT carcinoma,True,1,https://www.pathologyoutlines.com/thumb/nasalnutcarcinomapmc01.jpg
HN_005,NUT carcinoma,pathout,NUT carcinoma,True,2,https://www.pathologyoutlines.com/thumb/nasalnutcarcinomapmc04.jpg
HN_005,NUT carcinoma,pathout,NUT carcinoma,True,3,https://www.pathologyoutlines.com/thumb/nasalnutcarcinomaradio1.jpg
HN_005,NUT carcinoma,pathout,NUT carcinoma,True,4,https://www.pathologyoutlines.com/thumb/nasalnutcarcinomapmc02.jpg
HN_005,NUT carcinoma,textbooks,NUT carcinoma,True,1,https://storage.googleapis.com/pathology-hub-public-figures-830130787988/textbook_figures_web_v1/hn_thompson/hn_thompson_p0079_fig01_figure_3_14.jpg
HN_005,NUT carcinoma,textbooks,NUT carcinoma,True,2,https://storage.googleapis.com/pathology-hub-0/_asset_library/textbooks/Hn_Thompson/page_images/Hn_Thompson_page_0079.png
HN_005,NUT carcinoma,textbooks,NUT carcinoma,True,3,https://storage.googleapis.com/pathology-hub-public-figures-830130787988/textbook_figures_web_v1/hn_thompson/hn_thompson_p0080_fig01_figure_3_15.jpg
HN_005,NUT carcinoma,textbooks,NUT carcinoma,True,4,https://storage.googleapis.com/pathology-hub-0/_asset_library/textbooks/Hn_Thompson/page_images/Hn_Thompson_page_0080.png
HN_005,NUT carcinoma,textbooks,NUT carcinoma,True,5,https://storage.googleapis.com/pathology-hub-public-figures-830130787988/textbook_figures_web_v1/cyto_cibas/cyto_cibas_p0096_fig01_fig_2_33.jpeg
HN_005,NUT carcinoma,textbooks,NUT carcinoma,True,6,https://storage.googleapis.com/pathology-hub-0/_asset_library/textbooks/Cyto_Cibas/page_images/Cyto_Cibas_page_0096.png
HN_005,NUT carcinoma,textbooks,NUT carcinoma,True,7,https://storage.googleapis.com/pathology-hub-public-figures-830130787988/textbook_figures_web_v1/cyto_cibas/cyto_cibas_p0096_fig02_unidentified.jpeg
HN_005,NUT carcinoma,textbooks,NUT carcinoma,True,8,https://storage.googleapis.com/pathology-hub-public-figures-830130787988/textbook_figures_web_v1/cyto_cibas/cyto_cibas_p0096_fig03_unidentified.jpeg
HN_005,NUT carcinoma,textbooks,NUT carcinoma,True,9,https://storage.googleapis.com/pathology-hub-public-figures-830130787988/textbook_figures_web_v1/cyto_cibas/cyto_cibas_p0096_fig04_unidentified.jpeg
HN_005,NUT carcinoma,textbooks,NUT carcinoma,True,10,https://storage.googleapis.com/pathology-hub-public-figures-830130787988/textbook_figures_web_v1/hn_thompson/hn_thompson_p0078_fig01_figure_3_13.jpg
HN_005,NUT carcinoma,textbooks,NUT carcinoma,True,11,https://storage.googleapis.com/pathology-hub-0/_asset_library/textbooks/Hn_Thompson/page_images/Hn_Thompson_page_0078.png
HN_005,NUT carcinoma,textbooks,NUT carcinoma,True,12,https://storage.googleapis.com/pathology-hub-public-figures-830130787988/textbook_figures_web_v1/hn_gnepp/hn_gnepp_p0168_fig01_fig_3_39.jpeg
HN_005,NUT carcinoma,textbooks,NUT carcinoma,True,13,https://storage.googleapis.com/pathology-hub-0/_asset_library/textbooks/Hn_Gnepp/page_images/Hn_Gnepp_page_0168.png
HN_005,NUT carcinoma,textbooks,NUT carcinoma,True,14,https://storage.googleapis.com/pathology-hub-public-figures-830130787988/textbook_figures_web_v1/hn_gnepp/hn_gnepp_p0168_fig02_fig_3_40a.jpeg
HN_005,NUT carcinoma,textbooks,NUT carcinoma,True,15,https://storage.googleapis.com/pathology-hub-public-figures-830130787988/textbook_figures_web_v1/hn_gnepp/hn_gnepp_p0168_fig03_fig_3_40b.jpeg
HN_005,NUT carcinoma,textbooks,NUT carcinoma,True,16,https://storage.googleapis.com/pathology-hub-0/_asset_library/textbooks/Hn_Cardesa/page_images/Hn_Cardesa_page_0096.png
HN_005,NUT carcinoma,who,NUT carcinoma thorax,True,1,https://storage.googleapis.com/pathology-hub-0/WHO/WHO_PICS/SKIN/32703.jpg
HN_005,NUT carcinoma,who,NUT carcinoma thorax,True,2,https://storage.googleapis.com/pathology-hub-0/WHO/WHO_PICS/SKIN/32712.jpg
HN_005,NUT carcinoma,who,NUT carcinoma thorax,True,3,https://storage.googleapis.com/pathology-hub-0/WHO/WHO_PICS/SKIN/32713.jpg
HN_005,NUT carcinoma,who,NUT carcinoma thorax,True,4,https://storage.googleapis.com/pathology-hub-0/WHO/WHO_PICS/SKIN/32714.jpg
HN_005,NUT carcinoma,who,NUT carcinoma thorax,True,5,https://storage.googleapis.com/pathology-hub-0/WHO/WHO_HTML/THORACIC/Rhabdomyosarcoma_Of_The_Thorax.html
HN_005,NUT carcinoma,who,NUT carcinoma thorax,True,6,https://storage.googleapis.com/pathology-hub-0/WHO/WHO_HTML/SKIN/Nut_Carcinoma.html
HN_005,NUT carcinoma,pathout,NUT carcinoma thorax,True,1,https://www.pathologyoutlines.com/imgau/lungtumornutcarcinomaChatzopoulos01.jpg
HN_005,NUT carcinoma,pathout,NUT carcinoma thorax,True,2,https://www.pathologyoutlines.com/imgau/lungtumornutcarcinomaChatzopoulos02.jpg
HN_005,NUT carcinoma,pathout,NUT carcinoma thorax,True,3,https://www.pathologyoutlines.com/imgau/lungtumornutcarcinomaChatzopoulosnew2B.jpg
HN_005,NUT carcinoma,pathout,NUT carcinoma thorax,True,4,https://www.pathologyoutlines.com/imgau/lungtumornutcarcinomaChatzopoulos03.jpg
HN_005,NUT carcinoma,textbooks,NUT carcinoma thorax,True,1,https://storage.googleapis.com/pathology-hub-public-figures-830130787988/textbook_figures_web_v1/hn_thompson/hn_thompson_p0079_fig01_figure_3_14.jpg
HN_005,NUT carcinoma,textbooks,NUT carcinoma thorax,True,2,https://storage.googleapis.com/pathology-hub-0/_asset_library/textbooks/Hn_Thompson/page_images/Hn_Thompson_page_0079.png
HN_005,NUT carcinoma,textbooks,NUT carcinoma thorax,True,3,https://storage.googleapis.com/pathology-hub-public-figures-830130787988/textbook_figures_web_v1/hn_thompson/hn_thompson_p0080_fig01_figure_3_15.jpg
HN_005,NUT carcinoma,textbooks,NUT carcinoma thorax,True,4,https://storage.googleapis.com/pathology-hub-0/_asset_library/textbooks/Hn_Thompson/page_images/Hn_Thompson_page_0080.png
HN_005,NUT carcinoma,textbooks,NUT carcinoma thorax,True,5,https://storage.googleapis.com/pathology-hub-public-figures-830130787988/textbook_figures_web_v1/cyto_cibas/cyto_cibas_p0096_fig01_fig_2_33.jpeg
HN_005,NUT carcinoma,textbooks,NUT carcinoma thorax,True,6,https://storage.googleapis.com/pathology-hub-0/_asset_library/textbooks/Cyto_Cibas/page_images/Cyto_Cibas_page_0096.png
HN_005,NUT carcinoma,textbooks,NUT carcinoma thorax,True,7,https://storage.googleapis.com/pathology-hub-public-figures-830130787988/textbook_figures_web_v1/cyto_cibas/cyto_cibas_p0096_fig02_unidentified.jpeg
HN_005,NUT carcinoma,textbooks,NUT carcinoma thorax,True,8,https://storage.googleapis.com/pathology-hub-public-figures-830130787988/textbook_figures_web_v1/cyto_cibas/cyto_cibas_p0096_fig03_unidentified.jpeg
HN_005,NUT carcinoma,textbooks,NUT carcinoma thorax,True,9,https://storage.googleapis.com/pathology-hub-public-figures-830130787988/textbook_figures_web_v1/cyto_cibas/cyto_cibas_p0096_fig04_unidentified.jpeg
HN_005,NUT carcinoma,textbooks,NUT carcinoma thorax,True,10,https://storage.googleapis.com/pathology-hub-public-figures-830130787988/textbook_figures_web_v1/hn_thompson/hn_thompson_p0078_fig01_figure_3_13.jpg
HN_005,NUT carcinoma,textbooks,NUT carcinoma thorax,True,11,https://storage.googleapis.com/pathology-hub-0/_asset_library/textbooks/Hn_Thompson/page_images/Hn_Thompson_page_0078.png
HN_005,NUT carcinoma,textbooks,NUT carcinoma thorax,True,12,https://storage.googleapis.com/pathology-hub-0/_asset_library/textbooks/Hn_Cardesa/page_images/Hn_Cardesa_page_0096.png
HN_005,NUT carcinoma,who,NUT carcinoma NUTM1 rearrangement,True,1,https://storage.googleapis.com/pathology-hub-0/WHO/WHO_PICS/PEDS/17837.jpg
HN_005,NUT carcinoma,who,NUT carcinoma NUTM1 rearrangement,True,2,https://storage.googleapis.com/pathology-hub-0/WHO/WHO_PICS/PEDS/17840.jpg
HN_005,NUT carcinoma,who,NUT carcinoma NUTM1 rearrangement,True,3,https://storage.googleapis.com/pathology-hub-0/WHO/WHO_PICS/PEDS/17842.jpg
HN_005,NUT carcinoma,who,NUT carcinoma NUTM1 rearrangement,True,4,https://storage.googleapis.com/pathology-hub-0/WHO/WHO_PICS/PEDS/0_0.jpeg
HN_005,NUT carcinoma,who,NUT carcinoma NUTM1 rearrangement,True,5,https://storage.googleapis.com/pathology-hub-0/WHO/WHO_HTML/PEDS/Nut_Carcinoma.html
HN_005,NUT carcinoma,who,NUT carcinoma NUTM1 rearrangement,True,6,https://storage.googleapis.com/pathology-hub-0/WHO/WHO_HTML/CYTO_LUNG/Nut_Carcinoma.html
HN_005,NUT carcinoma,pathout,NUT carcinoma NUTM1 rearrangement,True,1,https://www.pathologyoutlines.com/thumb/nasalnutcarcinomapmc01.jpg
HN_005,NUT carcinoma,pathout,NUT carcinoma NUTM1 rearrangement,True,2,https://www.pathologyoutlines.com/thumb/nasalnutcarcinomapmc04.jpg
HN_005,NUT carcinoma,pathout,NUT carcinoma NUTM1 rearrangement,True,3,https://www.pathologyoutlines.com/thumb/nasalnutcarcinomaradio1.jpg
HN_005,NUT carcinoma,pathout,NUT carcinoma NUTM1 rearrangement,True,4,https://www.pathologyoutlines.com/thumb/nasalnutcarcinomapmc02.jpg
HN_005,NUT carcinoma,textbooks,NUT carcinoma NUTM1 rearrangement,True,1,https://storage.googleapis.com/pathology-hub-public-figures-830130787988/textbook_figures_web_v1/hn_cardesa/hn_cardesa_p0092_fig02_fig_2_51.jpeg
HN_005,NUT carcinoma,textbooks,NUT carcinoma NUTM1 rearrangement,True,2,https://storage.googleapis.com/pathology-hub-0/_asset_library/textbooks/Hn_Cardesa/page_images/Hn_Cardesa_page_0092.png
HN_005,NUT carcinoma,textbooks,NUT carcinoma NUTM1 rearrangement,True,3,https://storage.googleapis.com/pathology-hub-public-figures-830130787988/textbook_figures_web_v1/cyto_cibas/cyto_cibas_p0096_fig01_fig_2_33.jpeg
HN_005,NUT carcinoma,textbooks,NUT carcinoma NUTM1 rearrangement,True,4,https://storage.googleapis.com/pathology-hub-0/_asset_library/textbooks/Cyto_Cibas/page_images/Cyto_Cibas_page_0096.png
HN_005,NUT carcinoma,textbooks,NUT carcinoma NUTM1 rearrangement,True,5,https://storage.googleapis.com/pathology-hub-public-figures-830130787988/textbook_figures_web_v1/hn_thompson/hn_thompson_p0080_fig01_figure_3_15.jpg
HN_005,NUT carcinoma,textbooks,NUT carcinoma NUTM1 rearrangement,True,6,https://storage.googleapis.com/pathology-hub-0/_asset_library/textbooks/Hn_Thompson/page_images/Hn_Thompson_page_0080.png
HN_005,NUT carcinoma,textbooks,NUT carcinoma NUTM1 rearrangement,True,7,https://storage.googleapis.com/pathology-hub-public-figures-830130787988/textbook_figures_web_v1/hn_cardesa/hn_cardesa_p0092_fig01_fig_2_50.jpeg
HN_005,NUT carcinoma,textbooks,NUT carcinoma NUTM1 rearrangement,True,8,https://storage.googleapis.com/pathology-hub-public-figures-830130787988/textbook_figures_web_v1/cyto_cibas/cyto_cibas_p0096_fig02_unidentified.jpeg
HN_005,NUT carcinoma,textbooks,NUT carcinoma NUTM1 rearrangement,True,9,https://storage.googleapis.com/pathology-hub-public-figures-830130787988/textbook_figures_web_v1/cyto_cibas/cyto_cibas_p0096_fig03_unidentified.jpeg
HN_005,NUT carcinoma,textbooks,NUT carcinoma NUTM1 rearrangement,True,10,https://storage.googleapis.com/pathology-hub-public-figures-830130787988/textbook_figures_web_v1/cyto_cibas/cyto_cibas_p0096_fig04_unidentified.jpeg
HN_005,NUT carcinoma,textbooks,NUT carcinoma NUTM1 rearrangement,True,11,https://storage.googleapis.com/pathology-hub-public-figures-830130787988/textbook_figures_web_v1/hn_thompson/hn_thompson_p0078_fig01_figure_3_13.jpg
HN_005,NUT carcinoma,textbooks,NUT carcinoma NUTM1 rearrangement,True,12,https://storage.googleapis.com/pathology-hub-0/_asset_library/textbooks/Hn_Thompson/page_images/Hn_Thompson_page_0078.png
HN_005,NUT carcinoma,textbooks,NUT carcinoma NUTM1 rearrangement,True,13,https://storage.googleapis.com/pathology-hub-0/_asset_library/textbooks/Hn_Cardesa/page_images/Hn_Cardesa_page_0096.png
HN_005,NUT carcinoma,textbooks,NUT carcinoma NUTM1 rearrangement,True,14,https://storage.googleapis.com/pathology-hub-0/_asset_library/textbooks/Hn_Faq/page_images/Hn_Faq_page_0098.png
HN_005,NUT carcinoma,textbooks,NUT carcinoma NUTM1 rearrangement,True,15,https://storage.googleapis.com/pathology-hub-0/_asset_library/textbooks/Hn_Atlas/page_images/Hn_Atlas_page_0450.png
