video_id,lecture_title,primary_tag,topic_label,entity_name,confidence,tag_score,tag_margin,tag_runner_up,start_sec,end_sec,start_label,end_label,duration_sec,video_time_url,tag_status,excerpt
yt_nicole_cipriani_bone_soft_tissue_board_review_2026_04_23_nomohth-vty,Bone & Soft Tissue Board Review 2026-04-23 (Nicole Cipriani),BST::Soft_Tissue::Uncertain_Diff::Malignant::Undifferentiated_Round_Cell_Sarcoma_Ewing,Undifferentiated Round Cell Sarcoma Ewing,Undifferentiated_Round_Cell_Sarcoma_Ewing,high,0.6602,0.0695,BST::Round_Cell_Sarcomas::Ewing_Sarcoma,2344.16,2484.0,39:04,41:24,139.84,https://www.youtube.com/watch?v=NOmOHTh-vtY&t=2344s,semantic_gated_v0_2,"So you may see WT1 expression. If you are in an adult and you see a small round blue cell tumor, you are certainly also going to think about things like carcinoma, melanoma, lymphoma. I'm not even putting on there your things like small cell osteosarc, round cell liposarc. These are all things that can come up in the differential. As well as Ewing's like sarcomas, which depending on whether you're in soft tissue or b"
BST_Lecture_3_SofTissue2,BST Lecture 3 SofTissue2,BST::Soft_Tissue::Vascular::Malignant::Angiosarcoma,Angiosarcoma,Angiosarcoma,high,0.7148,0.0602,BST::Bone::Vascular::Malignant::Angiosarcoma_Of_Bone,2312.24,2419.12,38:32,40:19,106.88,"https://storage.googleapis.com/pathology-hub-0/source_videos/BST_Lecture_3_SofTissue2.mp4#t=2312.24,2419.12",semantic_gated_v0_2,"Angiosarcoma in the skin tends to be one of those tumors, so if you're not used to looking for them, you might just look at the slide and think there's nothing going on. So that should scare you, right? Because you just got an excision of a lesion and you're not seeing anything. Well, the reason you're seeing it low power is because angiosarcoma is really highly infiltrative. It doesn't form a mass. All the blue here"
BST_Lecture_3_SofTissue2,BST Lecture 3 SofTissue2,BST::Soft_Tissue::Adipocytic::Intermediate::Atypical_Lipomatous_Tumor_Well_Differentiated_Liposarcoma,Atypical Lipomatous Tumor Well Differentiated Liposarcoma,Atypical_Lipomatous_Tumor_Well_Differentiated_Liposarcoma,high,0.7891,0.0909,BST::Soft_Tissue::Adipocytic::Intermediate::Atypical_Spindle_Cell_Pleomorphic_Lipomatous_Tumor,2998.64,3128.56,49:59,52:09,129.92,"https://storage.googleapis.com/pathology-hub-0/source_videos/BST_Lecture_3_SofTissue2.mp4#t=2998.64,3128.56",semantic_gated_v0_2,"The terms atypical lipomatous tumor and well-differentiated liposarcoma mean the same thing. These are the same tumor, but we use the terms depending on where the tumor is located. So if it is in a deep location, retroperitoneum, or scrotum, those tumors have a higher occurrence risk, are difficult to control, and have a higher risk of transformation to a higher grade, or so-called de-differentiated liposarcoma. So i"
BST_Lecture_3_SofTissue2,BST Lecture 3 SofTissue2,BST::Soft_Tissue::Vascular::Benign::Lobular_Capillary_Hemangioma,Lobular Capillary Hemangioma,Lobular_Capillary_Hemangioma,high,0.6796,0.1073,BST::Soft_Tissue::Vascular::Benign::Microvenular_Hemangioma,1382.64,1492.16,23:03,24:52,109.52,"https://storage.googleapis.com/pathology-hub-0/source_videos/BST_Lecture_3_SofTissue2.mp4#t=1382.64,1492.16",semantic_gated_v0_2,"It's called a strawberry nevus clinically because it's bright red like a strawberry. It's a birthmark that kids are usually born with. Many of these will regress, although not necessarily completely, and they can also produce quite a scar when they regress. So there will often still be surgery done, plastic surgery done for these to manage them and to try to minimize the aesthetic impact. Microscopically, they follow"
BST_Lecture_3_SofTissue2,BST Lecture 3 SofTissue2,BST::Soft_Tissue::Vascular::Benign::Lobular_Capillary_Hemangioma,Lobular Capillary Hemangioma,Lobular_Capillary_Hemangioma,high,0.6818,0.0858,BST::Soft_Tissue::Vascular::Benign::Hemangioma_Epithelioid,1718.56,1846.08,28:39,30:46,127.52,"https://storage.googleapis.com/pathology-hub-0/source_videos/BST_Lecture_3_SofTissue2.mp4#t=1718.56,1846.08",semantic_gated_v0_2,"Infantile, congenital, and lobular capillary hemangioma. You have a single layer of endothelial cells, usually with a layer of pericytes below them. You sometimes need to use muscle actin to see the pericytes because, much like in the prostate, it's hard to distinguish basal cells from epithelial cells. The two cell types are quite small and pressed against each other. However, there is no stratification or infiltrat"
BST_Lecture_4_SoftTissue3,BST Lecture 4 SoftTissue3,BST::Soft_Tissue::Uncertain_Diff::Malignant::Extraskeletal_Myxoid_Chondrosarcoma,Extraskeletal Myxoid Chondrosarcoma,Extraskeletal_Myxoid_Chondrosarcoma,high,0.6939,0.0731,BST::Soft_Tissue::Uncertain_Diff::Malignant::Undifferentiated_Round_Cell_Sarcoma_Ewing,3577.16,3682.52,59:37,1:01:23,105.36,"https://storage.googleapis.com/pathology-hub-0/source_videos/BST_Lecture_4_SoftTissue3.mp4#t=3577.16,3682.52",semantic_gated_v0_2,"They look a little myoepithelial, perhaps, which is actually one of the main things in the differential. If I told you this thing on the right was in the salivary gland, you might think, ""Yeah, you know, maybe PA, you know, something that might go in that category."" You'd be thinking that because this tumor looks a lot like that. It's a translocation tumor, so monotonous, same cell over and over again. This was from "
BST_Lecture_5_Bone1,BST Lecture 5 Bone1,BST::Bone::Reactive::Metabolic::Paget_Disease,Paget Disease,Paget_Disease,high,0.725,0.1213,BST::Bone::Depositional_Metabolic::Metabolic::Common_Metabolic_Bone_Disorders,3359.08,3489.2,55:59,58:09,130.12,"https://storage.googleapis.com/pathology-hub-0/source_videos/BST_Lecture_5_Bone1.mp4#t=3359.08,3489.2",semantic_gated_v0_2,"Paget's disease of bone is one of the most common bone lesions seen in adults. It is not a neoplasm, nor is it technically a metabolic disease because it is not ongoing. Patients with Paget's disease do not develop new lesions after the initial diagnosis; existing lesions remain the only ones they will ever have. It is likely related to both an autoimmune process and potentially an infection. The pathology of the dis"
BST_Lecture_5_Bone1,BST Lecture 5 Bone1,BST::Bone::Reactive::Metabolic::Paget_Disease,Paget Disease,Paget_Disease,high,0.6863,0.1176,BST::Bone::Chondrogenic::Bizarre_Parosteal_Osteochondromatous_Proliferation,3490.48,3619.52,58:10,1:00:20,129.04,"https://storage.googleapis.com/pathology-hub-0/source_videos/BST_Lecture_5_Bone1.mp4#t=3490.48,3619.52",semantic_gated_v0_2,"Paget's disease is predominantly a mixture of both woven and lamellar bone, but it's predominantly woven. You get increased amounts of the bone, with even the lamellar having a more woven, haphazard appearance. This is the mid-phase, which occasionally will catch. This is indistinguishable from hyperparathyroidism or renal failure in any state where the body is demanding more calcium, causing increased turnover, thus"
BST_Lecture_6_Bone2,BST Lecture 6 Bone2,BST::Syndromes::Predisposition::Skeletal::Enchondromatosis_Ollier_Maffucci,Enchondromatosis Ollier Maffucci,Enchondromatosis_Ollier_Maffucci,high,0.6912,0.0694,BST::Syndromes::Predisposition::Skeletal::Multiple_Osteochondromas,908.0,1016.08,15:08,16:56,108.08,"https://storage.googleapis.com/pathology-hub-0/source_videos/BST_Lecture_6_Bone2.mp4#t=908,1016.08",semantic_gated_v0_2,"Ollier or Maffucci syndrome presents with multiple lytic lesions, some expanding, involving multiple fingers and phalanges. These lesions, characteristic of cartilage tumors, appear radiographically as soap bubbles or cumulus clouds. The presence of an enchondroma indicates Maffucci syndrome, but further investigation is needed to determine if other tumors are present. This is a high-grade cartilage tumor in the phal"
BST_Lecture_6_Bone2,BST Lecture 6 Bone2,BST::Bone::Chondrogenic::Secondary_Peripheral_Atypical_Cartilaginous_Tumor_Chondrosarcoma_Grade_1,Secondary Peripheral Atypical Cartilaginous Tumor Chondrosarcoma Grade 1,Secondary_Peripheral_Atypical_Cartilaginous_Tumor_Chondrosarcoma_Grade_1,high,0.7151,0.061,BST::Bone::Chondrogenic::Malignant::Chondrosarcoma_Clear_Cell,672.96,793.12,11:13,13:13,120.16,"https://storage.googleapis.com/pathology-hub-0/source_videos/BST_Lecture_6_Bone2.mp4#t=672.96,793.12",semantic_gated_v0_2,"How are cartilage tumors treated? These are some of the tumors we're going to talk about today. The most common type is low-grade or grade one chondrosarcoma, which is also known as an atypical cartilaginous tumor, exactly analogous to well-differentiated liposarcoma and atypical lipominous tumor. If you remember those two tumors, biologically, the underlying pathology is the same, but pathogenesis is the same. The a"
Breast_Lecture_Epithelial Part 1_Chen,Breast Lecture Epithelial,Breast::Neoplastic::Epithelial::In_Situ::Ductal_Carcinoma_In_Situ_DCIS,Ductal Carcinoma In Situ DCIS,Ductal_Carcinoma_In_Situ_DCIS,high,0.6606,0.0618,Breast::Neoplastic::Epithelial::In_Situ::Papillary_Ductal_Carcinoma_In_Situ,1652.96,1782.44,27:33,29:42,129.48,"https://storage.googleapis.com/pathology-hub-0/source_videos/Breast_Lecture_Epithelial%20Part%201_Chen.mp4#t=1652.96,1782.44",semantic_gated_v0_2,"This image shows two ducts. The well-developed ducts are approximately two millimeters, showing at least a differential. However, the rest are mostly partial, and the entire lesion is only about two to three millimeters in total span. Even the well-developed duct does not actually constitute two millimeters. Therefore, this sample is both qualitatively and quantitatively insufficient for a diagnosis of ductal carcino"
Breast_Lecture_Epithelial Part 1_Chen,Breast Lecture Epithelial,Breast::Neoplastic::Epithelial::In_Situ::Ductal_Carcinoma_In_Situ_DCIS,Ductal Carcinoma In Situ DCIS,Ductal_Carcinoma_In_Situ_DCIS,high,0.6603,0.0997,Breast::Neoplastic::Epithelial::In_Situ::Papillary_Ductal_Carcinoma_In_Situ,1697.32,1831.16,28:17,30:31,133.84,"https://storage.googleapis.com/pathology-hub-0/source_videos/Breast_Lecture_Epithelial%20Part%201_Chen.mp4#t=1697.32,1831.16",semantic_gated_v0_2,"About 80–85% of ductal carcinoma in situ (DCIS) cases present as mammographic calcifications without clinical findings. High-grade DCIS typically shows pleomorphic or linear branching (casting) calcifications, while low- and intermediate-grade DCIS tends to present with granular or amorphous calcifications. Rarely, DCIS may present as a palpable mass, particularly in high-grade cases or those involving underlying les"
Breast_Lecture_Epithelial Part 1_Chen,Breast Lecture Epithelial,Breast::Neoplastic::Epithelial::In_Situ::Ductal_Carcinoma_In_Situ_DCIS,Ductal Carcinoma In Situ DCIS,Ductal_Carcinoma_In_Situ_DCIS,high,0.6537,0.067,Breast::Neoplastic::Epithelial::In_Situ::Papillary_Ductal_Carcinoma_In_Situ,1831.16,1955.72,30:31,32:36,124.56,"https://storage.googleapis.com/pathology-hub-0/source_videos/Breast_Lecture_Epithelial%20Part%201_Chen.mp4#t=1831.16,1955.72",semantic_gated_v0_2,"We're going to talk about histology. When we diagnose DCIS, we look at the nuclear grade, the architectural features (which have different patterns), and whether necrosis is present. The most important factors include the nuclear grade, architectural patterns—such as solid, cribriform, comedo, micropapillary, papillary, solid papillary, and clinging—and the presence of necrosis. It is important to consider nuclear gr"
Breast_Lecture_Epithelial Part 1_Chen,Breast Lecture Epithelial,Breast::Neoplastic::Epithelial::In_Situ::Ductal_Carcinoma_In_Situ_DCIS,Ductal Carcinoma In Situ DCIS,Ductal_Carcinoma_In_Situ_DCIS,high,0.6824,0.0719,Breast::Neoplastic::Epithelial::In_Situ::Papillary_Ductal_Carcinoma_In_Situ,2472.84,2595.08,41:13,43:15,122.24,"https://storage.googleapis.com/pathology-hub-0/source_videos/Breast_Lecture_Epithelial%20Part%201_Chen.mp4#t=2472.84,2595.08",semantic_gated_v0_2,"DCIS with neuroendocrine differentiation tends to occur in older women. These often have a solid papillary pattern; it may feel solid, but a papillary architecture is also present. The cytology is frequently plasmatocytoid and sometimes spindle cells. This is strongly and diffusely positive for chromogranin. You can also see rare DCIS with the swimmers differentiation, and these are the ones you only typically see in"
Breast_Lecture_Fibroepithelial,Breast Lecture Fibroepithelial,Breast::Neoplastic::Mesenchymal::Low_Grade::Angiomyxoma,Angiomyxoma,Angiomyxoma,high,0.6623,0.0841,Breast::Neoplastic::Mesenchymal::Benign::Angiomatosis,3090.2,3138.2,51:30,52:18,48.0,"https://storage.googleapis.com/pathology-hub-0/source_videos/Breast_Lecture_Fibroepithelial.mp4#t=3090.2,3138.2",semantic_gated_v0_2,"Angiomyxoma in the breast parenchyma is variably termed as lobular/nodular myxoid change, myxoma of the breast, nodular mucinosis, or myxoid fibroadenoma. Features of superficial angiomyxoma include being poorly circumscribed, lobulated or infiltrative, hypocellular, and myxoid with or without cystic changes. It is characterized by bland spindled or stellate fibroblasts, prominent thin-walled vessels, and admixed neu"
Breast_Lecture_Fibroepithelial,Breast Lecture Fibroepithelial,Breast::Neoplastic::Fibroepithelial::Benign::Juvenile_Fibroadenoma,Juvenile Fibroadenoma,Juvenile_Fibroadenoma,high,0.7097,0.091,Breast::Neoplastic::Fibroepithelial::Benign::Cellular_Fibroadenoma,867.48,1014.76,14:27,16:55,147.28,"https://storage.googleapis.com/pathology-hub-0/source_videos/Breast_Lecture_Fibroepithelial.mp4#t=867.48,1014.76",semantic_gated_v0_2,"Juvenile fibroadenoma is a special morphological type with a constellation of features. It is more common in women under 20 years old; however, the usual-type fibroadenoma is most common in all age groups. Juvenile fibroadenomas can mimic phyllodes tumors clinically and morphologically due to rapid growth and large size. Histological features that may cause concern for phyllodes tumors include cellular stroma, perica"
Breast_Lecture_Fibroepithelial,Breast Lecture Fibroepithelial,Breast::Congenital_Structural::Hamartoma::Mammary_Hamartoma,Mammary Hamartoma,Mammary_Hamartoma,high,0.7889,0.0889,Breast::FibroEpithelial::Hamartoma,3271.2,3363.76,54:31,56:04,92.56,"https://storage.googleapis.com/pathology-hub-0/source_videos/Breast_Lecture_Fibroepithelial.mp4#t=3271.2,3363.76",semantic_gated_v0_2,"Mammary hamartoma is a well-demarcated, generally encapsulated mass composed of normal breast tissue components (""breast in breast""). There is a wide age and size range. Most are sporadic; however, multiple hamartomas can occur in Cowden syndrome. Pathologic features include ducts, lobules, and fibroadipose stroma in varying proportions. Variants include adenolipoma, which presents with normal ducts/lobules and promi"
Breast_Lecture_Fibroepithelial,Breast Lecture Fibroepithelial,Breast::Neoplastic::Fibroepithelial::Variable_Behavior::Phyllodes_Tumor,Phyllodes Tumor,Phyllodes_Tumor,high,0.7492,0.1875,Breast::Neoplastic::Fibroepithelial::Benign::Cellular_Fibroadenoma,1436.72,1557.44,23:57,25:57,120.72,"https://storage.googleapis.com/pathology-hub-0/source_videos/Breast_Lecture_Fibroepithelial.mp4#t=1436.72,1557.44",semantic_gated_v0_2,"Phyllodes tumors are fibroepithelial neoplasms showing a prominent intracanalicular architectural pattern with leaf-like stromal fronds. These fronds are capped by luminal epithelial and myoepithelial cell layers, as expected for benign epithelial components, and are accompanied by stromal hypercellularity. Phyllodes tumors are rare, comprising less than 1% of primary breast tumors and less than 2.5% of fibroepitheli"
Breast_Lecture_Fibroepithelial,Breast Lecture Fibroepithelial,Breast::Neoplastic::Fibroepithelial::Variable_Behavior::Phyllodes_Tumor,Phyllodes Tumor,Phyllodes_Tumor,high,0.6901,0.1616,Breast::Neoplastic::Fibroepithelial::Benign::Cellular_Fibroadenoma,1557.44,1681.56,25:57,28:02,124.12,"https://storage.googleapis.com/pathology-hub-0/source_videos/Breast_Lecture_Fibroepithelial.mp4#t=1557.44,1681.56",semantic_gated_v0_2,"Phyllodes tumors usually present as a palpable mass lesion. Very often, the presentation is rapid growth or accelerated growth from a previously stable lesion. Large tumors can cause skin ulceration. The mean size is 4–5 cm, but there is a wide range (less than 3 cm to 20+ cm). Smaller lesions are increasingly detected by screening. Imaging is not accurate in differentiating between phyllodes tumors (PT) and fibroade"
Breast_Lecture_Fibroepithelial,Breast Lecture Fibroepithelial,Breast::Neoplastic::Fibroepithelial::Variable_Behavior::Phyllodes_Tumor,Phyllodes Tumor,Phyllodes_Tumor,high,0.6691,0.1719,Breast::Neoplastic::Epithelial::Benign::Syringomatous_Tumor,1937.88,2065.68,32:18,34:26,127.8,"https://storage.googleapis.com/pathology-hub-0/source_videos/Breast_Lecture_Fibroepithelial.mp4#t=1937.88,2065.68",semantic_gated_v0_2,"Okay, so once you decide this is a phyllodes tumor, the next step is grading, and grading is very important because it predicts and correlates with biological behavior and also how to, in terms of management, surgical procedures. So it's actually graded as benign, borderline, and malignant based on six features. For benign phyllodes tumors, all five features must be present: a well-defined border; mild stromal cellul"
Breast_Lecture_Fibroepithelial,Breast Lecture Fibroepithelial,Breast::Neoplastic::Fibroepithelial::Variable_Behavior::Phyllodes_Tumor,Phyllodes Tumor,Phyllodes_Tumor,high,0.6641,0.0967,Breast::Neoplastic::Mesenchymal::Benign::Lipoma,2065.68,2139.2,34:26,35:39,73.52,"https://storage.googleapis.com/pathology-hub-0/source_videos/Breast_Lecture_Fibroepithelial.mp4#t=2065.68,2139.2",semantic_gated_v0_2,"So, this is a benign phyllodes tumor, circumscribed. You see the leaf-like architecture and how these very well-circumscribed borders appear. Mild cellularity is present. There is no atypia or significant cellular pleomorphism (TPL), though myoepithelial cells may be present, and there's a low mitotic count. There is no stromal overgrowth; you can see that there is still an epithelial component present throughout the"
Breast_Lecture_Fibroepithelial,Breast Lecture Fibroepithelial,Breast::Neoplastic::Fibroepithelial::Variable_Behavior::Phyllodes_Tumor,Phyllodes Tumor,Phyllodes_Tumor,high,0.6718,0.1564,Breast::Neoplastic::Fibroepithelial::Benign::Cellular_Fibroadenoma,2704.2,2804.2,45:04,46:44,100.0,"https://storage.googleapis.com/pathology-hub-0/source_videos/Breast_Lecture_Fibroepithelial.mp4#t=2704.2,2804.2",semantic_gated_v0_2,"Okay, so how about genetics? Finally, the stroma is neoplastic. As we know, the most interesting aspect is that phyllodes tumors share pathogenesis with fibroadenomas. They have a similar mutational repertoire: MED12, RARA, FLNA, KMT2D, SETD2, and others. Some phyllodes tumors likely arise from fibroadenomas, possibly with additional mutations. The TERT promoter hotspot mutations correlate with phyllodes tumor grade "
Breast_Lecture_Grossing,Breast Lecture Grossing,Breast::Neoplastic::Fibroepithelial::Variable_Behavior::Phyllodes_Tumor,Phyllodes Tumor,Phyllodes_Tumor,high,0.6735,0.0737,Breast::Congenital_Structural::Cyst::Fibrocystic_Changes,1803.52,1922.72,30:04,32:03,119.2,"https://storage.googleapis.com/pathology-hub-0/source_videos/Breast_Lecture_Grossing.mp4#t=1803.52,1922.72",semantic_gated_v0_2,"There are some cysts here. To be completely honest, sometimes it is really hard to tell the difference between a fibrocystic change and a stellate fibrous tumor; it is hard to tell grossly sometimes what you are looking at. Anyone who says, 'Oh, that's definitely fibrocystic change,' or 'That's definitely a tumor,' is probably misleading you. This is an example of a fibroid. It's got this sort of fleshy surface. You "
Breast_Lecture_Invasive,Breast Lecture Invasive,Breast::Neoplastic::Epithelial::Malignant::Invasive_Lobular_Carcinoma,Invasive Lobular Carcinoma,Invasive_Lobular_Carcinoma,high,0.6971,0.0672,Breast::Neoplastic::Epithelial::In_Situ::Lobular_Carcinoma_In_Situ_LCIS,932.2,1066.84,15:32,17:47,134.64,"https://storage.googleapis.com/pathology-hub-0/source_videos/Breast_Lecture_Invasive.mp4#t=932.2,1066.84",semantic_gated_v0_2,"Depending on the grade, the morphology varies. In grade one, you can see nice tubule formation with lumens, whereas in grade two, you are seeing solid nests with hardly any lumen formation. For scoring of glands, you would give this a three. Nuclear atypia is not that much, so for two, and so you're already at five. Then, depending on how many mitoses you see, if the score is one or two, it still stays in grade two. "
Breast_Lecture_Invasive,Breast Lecture Invasive,Breast::Neoplastic::Epithelial::Malignant::Mucinous_Carcinoma,Mucinous Carcinoma,Mucinous_Carcinoma,high,0.6962,0.0555,Breast::Neoplastic::Epithelial::Malignant::Micropapillary_Carcinoma,2669.32,2808.8,44:29,46:49,139.48,"https://storage.googleapis.com/pathology-hub-0/source_videos/Breast_Lecture_Invasive.mp4#t=2669.32,2808.8",semantic_gated_v0_2,"Mucinous carcinomas are divided into Type A and Type B. Type A, the hypocellular variant, occurs mostly in younger patients and shows ribbons and rings of tumor cells. Type B is more cellular, with solid nests or anastomosing sheets, and may show neuroendocrine differentiation. Importantly, these classifications have no prognostic significance; they are of diagnostic and histogenetic interest only. The image shows Ty"
Breast_Lecture_Lobular,Breast Lecture Lobular,Breast::Neoplastic::Epithelial::Precursor::Atypical_Lobular_Hyperplasia_ALH,Atypical Lobular Hyperplasia ALH,Atypical_Lobular_Hyperplasia_ALH,high,0.7148,0.1257,Breast::Neoplastic::Epithelial::In_Situ::Lobular_Carcinoma_In_Situ_LCIS,766.08,883.44,12:46,14:43,117.36,"https://storage.googleapis.com/pathology-hub-0/source_videos/Breast_Lecture_Lobular.mp4#t=766.08,883.44",semantic_gated_v0_2,"Okay. So, David Page was the first to define atypical lobular hyperplasia (ALH). These cells are similar to those seen in lobular carcinoma in situ (LCIS), but involve less space. ALH is defined by less than 50% of the acini in the terminal duct lobular unit (TDLU) being expanded. When more than 50% of the acini within the TDLU are expanded, it is called LCIS. What does 'expanded' mean? There are two approaches. Some"
Breast_Lecture_Lobular,Breast Lecture Lobular,Breast::Neoplastic::Epithelial::Precursor::Atypical_Lobular_Hyperplasia_ALH,Atypical Lobular Hyperplasia ALH,Atypical_Lobular_Hyperplasia_ALH,high,0.7223,0.1426,Breast::Neoplastic::Epithelial::Malignant::Invasive_Lobular_Carcinoma,1533.52,1651.28,25:34,27:31,117.76,"https://storage.googleapis.com/pathology-hub-0/source_videos/Breast_Lecture_Lobular.mp4#t=1533.52,1651.28",semantic_gated_v0_2,"Atypical lobular hyperplasia (ALH) and two lesions can actually mimic lobular lesions. One is the so-called clear cell change. These are lobules with a clear cell change. At low power, you might consider this lobular. However, these cells are very small and abundant; clear cell positivity is not like what you see in vacuoles. These are clear cell changes. If you perform E-cadherin staining, they will be positive, whe"
Breast_Lecture_Lobular,Breast Lecture Lobular,Breast::Neoplastic::Epithelial::Precursor::Atypical_Lobular_Hyperplasia_ALH,Atypical Lobular Hyperplasia ALH,Atypical_Lobular_Hyperplasia_ALH,high,0.729,0.0566,Breast::Neoplastic::Epithelial::In_Situ::Lobular_Carcinoma_In_Situ_LCIS,1652.24,1752.88,27:32,29:13,100.64,"https://storage.googleapis.com/pathology-hub-0/source_videos/Breast_Lecture_Lobular.mp4#t=1652.24,1752.88",semantic_gated_v0_2,"This is particularly true in postmenopausal women who usually do not have many lobules and only have atrophic breast tissue. Sometimes, the tissue may only grow in one or two layers of cells at low power. You might think it is benign, but at medium to high power, you can appreciate these cells. The edges have a very prominent border. This might indicate that we are dealing with atypical lobular hyperplasia (ALH) invo"
Breast_Lecture_Lobular,Breast Lecture Lobular,Breast::Neoplastic::Epithelial::In_Situ::Lobular_Carcinoma_In_Situ_LCIS,Lobular Carcinoma In Situ LCIS,Lobular_Carcinoma_In_Situ_LCIS,high,0.7445,0.0775,Breast::Neoplastic::Epithelial::In_Situ::Pleomorphic_Lobular_Carcinoma_In_Situ,321.44,415.28,5:21,6:55,93.84,"https://storage.googleapis.com/pathology-hub-0/source_videos/Breast_Lecture_Lobular.mp4#t=321.44,415.28",semantic_gated_v0_2,"Lobular carcinoma in situ (LCIS) was first described by Dr. C.D. Haagensen in 1978. Many studies were conducted, observing that some patients did not undergo a procedure even when a mastectomy was recommended. These studies found that LCIS is more of a risk factor for invasive breast cancer than a true precursor, as many patients with LCIS do not develop invasive breast cancer. However, they have an 8 to 10 times inc"
Breast_Lecture_Lobular,Breast Lecture Lobular,Breast::Neoplastic::Epithelial::In_Situ::Lobular_Carcinoma_In_Situ_LCIS,Lobular Carcinoma In Situ LCIS,Lobular_Carcinoma_In_Situ_LCIS,high,0.761,0.0675,Breast::Neoplastic::Epithelial::In_Situ::Pleomorphic_Lobular_Carcinoma_In_Situ,417.28,587.44,6:57,9:47,170.16,"https://storage.googleapis.com/pathology-hub-0/source_videos/Breast_Lecture_Lobular.mp4#t=417.28,587.44",semantic_gated_v0_2,"That's a brief history. Now, let's discuss classic lobular carcinoma in situ (LCIS) and atypical lobular hyperplasia (ALH). LCIS and ALH show no clinical or growth abnormalities and are often incidental microscopic findings from breast biopsies or excisions performed for other reasons. However, they can be associated with cancer and are potential targets, though this represents a small portion of cases. The incidence"
Breast_Lecture_Lobular,Breast Lecture Lobular,Breast::Neoplastic::Epithelial::In_Situ::Lobular_Carcinoma_In_Situ_LCIS,Lobular Carcinoma In Situ LCIS,Lobular_Carcinoma_In_Situ_LCIS,high,0.6982,0.089,Breast::Neoplastic::Epithelial::Malignant::Invasive_Lobular_Carcinoma,884.64,991.44,14:45,16:31,106.8,"https://storage.googleapis.com/pathology-hub-0/source_videos/Breast_Lecture_Lobular.mp4#t=884.64,991.44",semantic_gated_v0_2,"Initially, when discussing LCIS, especially in proximity to invasive lobular carcinoma, it was considered a precursor lesion. However, other studies suggest LCIS is more accurately characterized by its risk factors. The long-term risk for invasive cancer is significant, as it takes time to develop. When cancer does develop in patients with LCIS, it can be bilateral and present as invasive ductal carcinoma (IDC) or in"
Breast_Lecture_Lobular,Breast Lecture Lobular,Breast::Neoplastic::Epithelial::In_Situ::Lobular_Carcinoma_In_Situ_LCIS,Lobular Carcinoma In Situ LCIS,Lobular_Carcinoma_In_Situ_LCIS,high,0.6679,0.0508,Breast::Neoplastic::Epithelial::In_Situ::Pleomorphic_Lobular_Carcinoma_In_Situ,1407.44,1533.52,23:27,25:34,126.08,"https://storage.googleapis.com/pathology-hub-0/source_videos/Breast_Lecture_Lobular.mp4#t=1407.44,1533.52",semantic_gated_v0_2,"This is quite an evolution. Recent NCCN guidelines recommend that if classic LCIS shows concordant findings, the patient does not need immediate excision and can be offered risk reduction measures. However, if imaging is non-concordant, a surgical procedure is recommended. We know how to handle Lobular Carcinoma In Situ (LCS) in core biopsies, but what about when we see it in excisions? LCS is a multifocal disease, s"
Breast_Lecture_Lobular,Breast Lecture Lobular,Breast::Neoplastic::Epithelial::In_Situ::Lobular_Carcinoma_In_Situ_LCIS,Lobular Carcinoma In Situ LCIS,Lobular_Carcinoma_In_Situ_LCIS,high,0.6654,0.0516,Breast::Neoplastic::Epithelial::In_Situ::Florid_Lobular_Carcinoma_In_Situ,2198.8,2318.72,36:39,38:39,119.92,"https://storage.googleapis.com/pathology-hub-0/source_videos/Breast_Lecture_Lobular.mp4#t=2198.8,2318.72",semantic_gated_v0_2,"E-cadherin is important in daily practice and is usually easy to interpret. However, there are pitfalls. Approximately 15% of lobular carcinomas show E-cadherin staining due to mutations leading to abnormal protein synthesis. Aberrant staining patterns include dot-like or Golgi, granular or cytoplasmic, fragmented/partial membranous, and circumferential but weak membranous staining. An impaired E-cadherin/catenin com"
Breast_Lecture_Papillary,Breast Lecture Papillary,Breast::Neoplastic::Epithelial::Malignant::Encapsulated_Papillary_Carcinoma,Encapsulated Papillary Carcinoma,Encapsulated_Papillary_Carcinoma,high,0.721,0.0868,Breast::Epithelial::Papillary_Neoplasms::Invasive_Papillary_Carcinoma,1524.96,1657.92,25:25,27:38,132.96,"https://storage.googleapis.com/pathology-hub-0/source_videos/Breast_Lecture_Papillary.mp4#t=1524.96,1657.92",semantic_gated_v0_2,"Papillary carcinomas usually have an encapsulated behavior; however, pathology has noticed some cases that show behavior suggesting they are not always contained. This is an example of a patient with a previous diagnosis of intracystic papillary carcinoma who had a mastectomy but then developed a chest wall nodule. As you can see, this is a circumscribed papillary carcinoma involving locally recurrent disease, involv"
Breast_Lecture_Papillary,Breast Lecture Papillary,Breast::Neoplastic::Epithelial::Malignant::Encapsulated_Papillary_Carcinoma,Encapsulated Papillary Carcinoma,Encapsulated_Papillary_Carcinoma,high,0.6881,0.0588,Breast::Epithelial::Papillary_Neoplasms::Invasive_Papillary_Carcinoma,1876.72,2015.36,31:17,33:35,138.64,"https://storage.googleapis.com/pathology-hub-0/source_videos/Breast_Lecture_Papillary.mp4#t=1876.72,2015.36",semantic_gated_v0_2,"Encapsulated papillary carcinoma (WHO 2012/2019, AJCC 8th Ed). Continue to manage as for DCIS. Avoid over-diagnosis as frankly invasive papillary carcinoma. Stage as pTis. If associated with conventional invasive CA, stage by size of definite invasive CA. The recommendation is to manage encapsulated papillary carcinoma (EPC) as DCIS due to its indolent behavior. Overdiagnosis of frankly invasive papillary carcinoma s"
Breast_Lecture_Papillary,Breast Lecture Papillary,Breast::Neoplastic::Epithelial::Malignant::Encapsulated_Papillary_Carcinoma,Encapsulated Papillary Carcinoma,Encapsulated_Papillary_Carcinoma,high,0.7031,0.0912,Breast::Epithelial::Papillary_Neoplasms::Invasive_Papillary_Carcinoma,2777.92,2899.04,46:18,48:19,121.12,"https://storage.googleapis.com/pathology-hub-0/source_videos/Breast_Lecture_Papillary.mp4#t=2777.92,2899.04",semantic_gated_v0_2,A 34-year-old female presented with a palpable mass. The mass was circumscribed with a capsule and papillary architecture. Histological features were high-grade. The biomarker analysis revealed ER/PR/HER2 negativity and a high Ki-67 (60-70%). The question is whether to follow recommendations and classify this as an EPC in situ (TIS). This case is presented to highlight that this presentation is not very common. High-
Breast_Lecture_Papillary,Breast Lecture Papillary,Breast::Epithelial::Papillary_Neoplasms::Invasive_Papillary_Carcinoma,Invasive Papillary Carcinoma,Invasive_Papillary_Carcinoma,high,0.7002,0.0819,Breast::Neoplastic::Epithelial::Malignant::Encapsulated_Papillary_Carcinoma,3166.24,3289.6,52:46,54:50,123.36,"https://storage.googleapis.com/pathology-hub-0/source_videos/Breast_Lecture_Papillary.mp4#t=3166.24,3289.6",semantic_gated_v0_2,"Because in normal breast tissue, if you read older literature, you will find that invasive papillary carcinoma comprises less than about 1% of invasive cancers. These have an excellent prognosis. However, in my career, I have rarely diagnosed invasive papillary carcinoma. The WHO suggests that most cases of invasive papillary carcinoma are probably EPC, STC, or actually metastatic carcinoma from other locations to th"
Breast_Lecture_Rad-Path,Breast Lecture Rad-Path,Breast::Inflammatory::Reactive::Mucocele_Like_Lesion,Mucocele Like Lesion,Mucocele_Like_Lesion,high,0.7055,0.1051,Breast::Neoplastic::Epithelial::Malignant::Mucoepidermoid_Carcinoma,3278.16,3409.56,54:38,56:50,131.4,"https://storage.googleapis.com/pathology-hub-0/source_videos/Breast_Lecture_Rad-Path.mp4#t=3278.16,3409.56",semantic_gated_v0_2,"Mucocele-like lesions were first described in 1986 by Rosen. He initially thought they were benign analogs to the mucus seals of minor salivary glands. A mucus-filled lesion is usually dark and resembles stromal mucus because the mucus-filled area ruptures. However, Rosen later published that not all mucoceles are benign because they represent a spectrum, with some epithelial lesions exhibiting features of atypical d"
Breast_Lecture_SpindleCell,Breast Lecture SpindleCell,Breast::Neoplastic::Fibroepithelial::Variable_Behavior::Phyllodes_Tumor,Phyllodes Tumor,Phyllodes_Tumor,high,0.6782,0.0534,Breast::Neoplastic::Fibroepithelial::Benign::Cellular_Fibroadenoma,137.24,273.24,2:17,4:33,136.0,"https://storage.googleapis.com/pathology-hub-0/source_videos/Breast_Lecture_SpindleCell.mp4#t=137.24,273.24",semantic_gated_v0_2,"However, when you look at the leaf, and also the overall image, it should show low cellularity. So, as opposed to cellular stroma in phyllodes tumors, this is different. Similarly, in juvenile fibroadenoma, a full-core leaf-like architecture can be observed. When examining this lobular architecture, often seen in juvenile fibroadenoma, the full-core leaf again demonstrates low cellularity. Fibroadenomas may have foca"
Breast_Lecture_SpindleCell,Breast Lecture SpindleCell,Breast::Neoplastic::Fibroepithelial::Variable_Behavior::Phyllodes_Tumor,Phyllodes Tumor,Phyllodes_Tumor,high,0.6696,0.0517,Breast::Neoplastic::Fibroepithelial::Benign::Cellular_Fibroadenoma,526.24,586.24,8:46,9:46,60.0,"https://storage.googleapis.com/pathology-hub-0/source_videos/Breast_Lecture_SpindleCell.mp4#t=526.24,586.24",semantic_gated_v0_2,No histologic features can reliably predict phyllodes tumor (PT) over cellular fibroadenoma (FA) on core biopsy. Cellularity and mitotic activity are the most useful indicators. Stromal heterogeneity is another factor. A constellation of features may favor PT in some cases. Descriptive diagnosis: Fibroepithelial neoplasm with cellular stroma; see comment. Recommend excision for final classification. In the malignant 
Breast_Lecture_SpindleCell,Breast Lecture SpindleCell,Breast::Neoplastic::Fibroepithelial::Variable_Behavior::Phyllodes_Tumor,Phyllodes Tumor,Phyllodes_Tumor,high,0.6761,0.0929,Breast::Neoplastic::Epithelial::Malignant::Metaplastic_Carcinoma,620.24,704.24,10:20,11:44,84.0,"https://storage.googleapis.com/pathology-hub-0/source_videos/Breast_Lecture_SpindleCell.mp4#t=620.24,704.24",semantic_gated_v0_2,"Okay. So when I recently diagnosed a phyllodes tumor, I was surprised by how much the leaf-like pattern, seen microscopically, resembled the gross findings—almost like a fractal. Grossly, it looked like it was growing in leaf shapes. So, is the leaf-like pattern generally attributed to its microscopic appearance, gross appearance, or both? Yes, actually, yes. When I showed the pictures, we could see leaf-like archite"
YT_Cyto_Cervix_Giovanni,YT Cyto Cervix Giovanni,Cyto_GYN::Squamous::Atypical_Squamous_Cells_Undetermined_Significance_ASCUS,Atypical Squamous Cells Undetermined Significance ASCUS,Atypical_Squamous_Cells_Undetermined_Significance_ASCUS,high,0.7154,0.092,Cyto_GYN::Squamous::Atypical_Squamous_Cells_Cannot_Exclude_HSIL_ASCH,605.76,741.84,10:06,12:22,136.08,"https://storage.googleapis.com/pathology-hub-0/source_videos/YT_Cyto_Cervix_Giovanni.mp4#t=605.76,741.84",semantic_gated_v0_2,"In this case, you may have very high atypicality: very large cells, very large cytoplasm, and then large nuclei. And in some cases, for example here, this is a case of bone marrow transplantation after conditioning therapy with busulfan. You see, you may have a really evident atypicality, but you also have a large number of bare nuclei on the background. If you look carefully, you see that actually these nuclei have "
YT_Cyto_Lung_Lozano,YT Cyto Lung Lozano,Cyto_Management::Technique::Rapid_On_Site_Evaluation_ROSE,Rapid On Site Evaluation ROSE,Rapid_On_Site_Evaluation_ROSE,high,0.6555,0.1608,Cyto_Management::Ancillary_Testing::Molecular_Sequencing_BRAF_KRAS_etc,707.68,835.76,11:48,13:56,128.08,"https://storage.googleapis.com/pathology-hub-0/source_videos/YT_Cyto_Lung_Lozano.mp4#t=707.68,835.76",semantic_gated_v0_2,"And here is the cytology and the biopsy. We obtained a very nice smear with this sedimentary gel inclusion. The immunohistochemistry was positive. And on the cell block, well, it's not a cell block, it's actually a biopsy. We found this lesion, which shows lipid growth. So the important question... There are two important questions. First, how to ensure accurate diagnosis using minimal initial methods. And second, an"
YT_Cyto_Lung_Schmitt,YT Cyto Lung Schmitt,Cyto_Management::Technique::Endoscopic_Ultrasound_Guided_Fine_Needle_Aspiration_EUS_FNA,Endoscopic Ultrasound Guided Fine Needle Aspiration EUS FNA,Endoscopic_Ultrasound_Guided_Fine_Needle_Aspiration_EUS_FNA,high,0.6593,0.0862,Cyto_Management::Technique::Rapid_On_Site_Evaluation_ROSE,144.88,283.92,2:25,4:44,139.04,"https://storage.googleapis.com/pathology-hub-0/source_videos/YT_Cyto_Lung_Schmitt.mp4#t=144.88,283.92",semantic_gated_v0_2,"One methodology used with increasing frequency in different hospitals is the Endobronchial Ultrasound (EBUS) guided FNA. It is an FNA performed through the bronchoscope, using real-time ultrasound guidance. This allows us to sample not only central lung lesions, but also mediastinal and peribronchial lymph nodes. When we use invasive methodology, such as trans-thoracic FNA, it's advisable to have a Rapid On-Site Eval"
YT_Cyto_Lymph_Kloboves,YT Cyto Lymph Kloboves,Cyto_Heme::Malignant::B_Cell_Small::Follicular_Lymphoma_Low_Grade,Follicular Lymphoma Low Grade,Follicular_Lymphoma_Low_Grade,high,0.6797,0.0854,Cyto_Heme::Malignant::B_Cell_Large::High_Grade_B_Cell_Lymphoma_NOS,2172.88,2301.04,36:13,38:21,128.16,"https://storage.googleapis.com/pathology-hub-0/source_videos/YT_Cyto_Lymph_Kloboves.mp4#t=2172.88,2301.04",semantic_gated_v0_2,"Many believe that grading follicular lymphoma using FNA cytopathology is not possible. In the literature, you will find publications describing attempts to grade follicular lymphoma microscopically by counting centroblasts, but this approach has not been very satisfactory. There are also descriptions of flow cytometric methods where large lymphoid cells, assumed to be centroblasts, are compared to normal T lymphocyte"
YT_Cyto_Lymph_Kloboves,YT Cyto Lymph Kloboves,Cyto_Heme::Malignant::Hodgkin::Nodular_Lymphocyte_Predominant_HL,Nodular Lymphocyte Predominant HL,Nodular_Lymphocyte_Predominant_HL,high,0.6512,0.0651,Cyto_Heme::Malignant::Hodgkin::T_Cell_Histiocyte_Rich_Large_B_Cell_Lymphoma,3044.32,3171.36,50:44,52:51,127.04,"https://storage.googleapis.com/pathology-hub-0/source_videos/YT_Cyto_Lymph_Kloboves.mp4#t=3044.32,3171.36",semantic_gated_v0_2,"Nodular lymphocytic predominant Hodgkin lymphoma is one of the most difficult diagnoses in pathological lymphoma diagnosis. The reason is that LP cells are neoplastic cells, which are called lymphocyte predominant or popcorn cells, some kind of variant of Reed-Sternberg cells. They are usually very few in the smears and very inconspicuous, and can be overlooked. They are mixed with reactive small lymphocytes, histioc"
YT_Cyto_Lymph_Kloboves,YT Cyto Lymph Kloboves,Cyto_Salivary::Pattern::Epithelial_Proliferation_With_Lymphoid_Background,Epithelial Proliferation With Lymphoid Background,Epithelial_Proliferation_With_Lymphoid_Background,high,0.6663,0.0679,Cyto_Heme::Benign_Reactive::General::Reactive_Lymphoid_Hyperplasia_Paracortical,1162.96,1272.0,19:23,21:12,109.04,"https://storage.googleapis.com/pathology-hub-0/source_videos/YT_Cyto_Lymph_Kloboves.mp4#t=1162.96,1272",semantic_gated_v0_2,"Proliferation is quite typical. The cytological feature is polymorphous, in contrast to the monomorphous picture in lymphomas. In Giemsa and Papanicolaou smears, lymphocytes predominate in different stages of differentiation. This means you observe centroblasts, small lymphocytes, some medium-sized cells which belong to centrocytes, monocytoid cells, and so on. Reticulum and dendritic cells can also be observed, as w"
YT_Cyto_Pancreas_Reid,YT Cyto Pancreas Reid,Cyto_Pancreatobiliary::Malignant::Ductal::Pancreatic_Ductal_Adenocarcinoma_Foamy_Gland,Pancreatic Ductal Adenocarcinoma Foamy Gland,Pancreatic_Ductal_Adenocarcinoma_Foamy_Gland,high,0.696,0.0582,Cyto_Pancreatobiliary::Malignant::Ductal::Pancreatic_Ductal_Adenocarcinoma_Colloid_Mucinous,451.18,581.5,7:31,9:42,130.32,"https://storage.googleapis.com/pathology-hub-0/source_videos/YT_Cyto_Pancreas_Reid.mp4#t=451.18,581.5",semantic_gated_v0_2,"In the same case, we observed three-dimensional cell clusters. This example presented with a relatively low nuclear-to-cytoplasmic (NC) ratio. While adenocarcinoma typically shows a high NC ratio, here the NC ratio is low, accompanied by abundant frothy cytoplasm and nuclear contour irregularity. The frothy cytoplasm is a key diagnostic clue. when you see it, you should not change your diagnosis of adenocarcinoma bec"
YT_Cyto_Pancreas_Reid,YT Cyto Pancreas Reid,Cyto_Pancreatobiliary::Malignant::Ductal::Pancreatic_Ductal_Adenocarcinoma_Osteoclast_Giant_Cells,Pancreatic Ductal Adenocarcinoma Osteoclast Giant Cells,Pancreatic_Ductal_Adenocarcinoma_Osteoclast_Giant_Cells,high,0.7492,0.1391,Cyto_Pancreatobiliary::Malignant::Ductal::Pancreatic_Ductal_Adenocarcinoma_Undifferentiated_Anaplastic,1004.94,1138.78,16:45,18:59,133.84,"https://storage.googleapis.com/pathology-hub-0/source_videos/YT_Cyto_Pancreas_Reid.mp4#t=1004.94,1138.78",semantic_gated_v0_2,"So the undifferentiated carcinoma with osteoclast-like giant cells, some people call it osteoclastic giant cell carcinoma, is a very rare form of pancreatic cancer. These often have an adenocarcinoma component, which can be variable in amount; it can be very small and focal, or it can be the predominant component, but usually there is an adenocarcinoma component in almost half of these cases. These tumors interesting"
YT_Cyto_Pancreas_Reid,YT Cyto Pancreas Reid,Cyto_Pancreatobiliary::Malignant::Solid_Pseudopapillary_Neoplasm,Solid Pseudopapillary Neoplasm,Solid_Pseudopapillary_Neoplasm,high,0.7086,0.0641,Cyto_Pancreatobiliary::Malignant::Solid_Pseudopapillary::Solid_Pseudopapillary_Neoplasm_SPN,2968.14,3095.82,49:28,51:36,127.68,"https://storage.googleapis.com/pathology-hub-0/source_videos/YT_Cyto_Pancreas_Reid.mp4#t=2968.14,3095.82",semantic_gated_v0_2,"These are stroma-poor neoplasms. Notice the back-to-back arrangement of the tumor cells and the lack of intervening stroma, unlike your PDAC. They're typically very large, circumscribed tumors, often metastatic when they're diagnosed. They have these red granules in the cytoplasm that are nicely highlighted on Pap in this particular image. The nuclei have smooth contours, unfortunately, but they can be regular. They "
YT_Cyto_Pancreas_Reid,YT Cyto Pancreas Reid,Cyto_Pancreatobiliary::Malignant::Solid_Pseudopapillary::Solid_Pseudopapillary_Neoplasm_SPN,Solid Pseudopapillary Neoplasm SPN,Solid_Pseudopapillary_Neoplasm_SPN,high,0.6579,0.0519,Cyto_Pancreatobiliary::Malignant::Solid_Pseudopapillary_Neoplasm,2363.58,2454.46,39:24,40:54,90.88,"https://storage.googleapis.com/pathology-hub-0/source_videos/YT_Cyto_Pancreas_Reid.mp4#t=2363.58,2454.46",semantic_gated_v0_2,"They have abundant eosinophilic, pink cytoplasmic granules which displace the nuclei. With nuclear displacement, it can be hard to appreciate the salt and pepper chromatin. Here, you can see some of these rhabdoid proteinaceous globules in the cytoplasm of this particular example. You don't want to misdiagnose these as a rhabdomyosarcoma. They can be very papillary or pseudo-papillary. In their outline, and when you "
YT_Cyto_Paris_Bubendorf,YT Cyto Paris Bubendorf,Cyto_Urinary::Category::Atypical_Urothelial_Cells_AUC,Atypical Urothelial Cells AUC,Atypical_Urothelial_Cells_AUC,high,0.8049,0.1473,Cyto_Urinary::Category::Negative_For_High_Grade_Urothelial_Carcinoma_NHGUC,1949.8,2059.8,32:30,34:20,110.0,"https://storage.googleapis.com/pathology-hub-0/source_videos/YT_Cyto_Paris_Bubendorf.mp4#t=1949.8,2059.8",semantic_gated_v0_2,"This is the atypical urothelial cells (AUC) category. Here, we need one major criterion that must be fulfilled: an increased N/C ratio. In this case, we don't need 0.7 but 0.5, so we are more liberal in calling it AUC. However, that's not enough; you need something else. You need only one of the other three criteria, such as mild nuclear hyperchromasia (not very strong, of course, then it would be suspicious of high "
YT_Cyto_Paris_Bubendorf,YT Cyto Paris Bubendorf,Cyto_Urinary::Pattern::Degenerated_Atypical_Cells,Degenerated Atypical Cells,Degenerated_Atypical_Cells,high,0.7081,0.073,Cyto_Urinary::Category::Negative_For_High_Grade_Urothelial_Carcinoma_NHGUC,1107.8,1203.8,18:28,20:04,96.0,"https://storage.googleapis.com/pathology-hub-0/source_videos/YT_Cyto_Paris_Bubendorf.mp4#t=1107.8,1203.8",semantic_gated_v0_2,"Degenerative atypia is a field that requires further attention because we might tend to overcall them as atypical, suspicious, or even high grade. The rule is: when you look at degenerate cells, be very cautious about making a positive diagnosis. For example, in these cases, the two on the left were diagnosed by us. We recognize they are atypical, but we are not confident about just calling them negative. We call the"
YT_Cyto_Paris_Bubendorf,YT Cyto Paris Bubendorf,Cyto_Urinary::Category::Low_Grade_Urothelial_Neoplasm_LGUN,Low Grade Urothelial Neoplasm LGUN,Low_Grade_Urothelial_Neoplasm_LGUN,high,0.8221,0.0517,Cyto_Urinary::Category::Negative_For_High_Grade_Urothelial_Carcinoma_NHGUC,1763.8,1899.8,29:24,31:40,136.0,"https://storage.googleapis.com/pathology-hub-0/source_videos/YT_Cyto_Paris_Bubendorf.mp4#t=1763.8,1899.8",semantic_gated_v0_2,"Low-grade urothelial neoplasia (LGUN) was a category in the TPS1 system, but it is no longer a distinct category in TPS2. It has been incorporated into the 'Negative for High-Grade Urothelial Carcinoma (NHGUC)' category. This is because LGUN is by definition negative for high-grade features, a point everyone agrees on. Nevertheless, we can still make a descriptive diagnosis of LGUN in the text if a case clearly demon"
YT_Cyto_Paris_Bubendorf,YT Cyto Paris Bubendorf,Cyto_Urinary::Infectious::Viral::Polyomavirus_Decoy_Cells,Polyomavirus Decoy Cells,Polyomavirus_Decoy_Cells,high,0.677,0.1003,Cyto_GYN::Benign_Reactive::Organisms::Polyomavirus_BK_Virus_Decoy_Cells,1304.8,1439.8,21:45,24:00,135.0,"https://storage.googleapis.com/pathology-hub-0/source_videos/YT_Cyto_Paris_Bubendorf.mp4#t=1304.8,1439.8",semantic_gated_v0_2,"Some words about the decoy cells. They have first been described over 50 years ago in the biotech mission in Dr. Leopold Cossus' lab by Andrew Richie. He recognized that these decoy cells can be mistaken for carcinoma. He mistook them himself, and I'm sure many of you have had similar thoughts when they looked at these cells for the first time. In fact, it's just a nucleus filled with viral DNA, and this causes these"
YT_Cyto_Paris_Bubendorf,YT Cyto Paris Bubendorf,Cyto_Urinary::Category::Suspicious_For_High_Grade_Urothelial_Carcinoma_SHGUC,Suspicious For High Grade Urothelial Carcinoma SHGUC,Suspicious_For_High_Grade_Urothelial_Carcinoma_SHGUC,high,0.7921,0.0893,Cyto_Urinary::Category::High_Grade_Urothelial_Carcinoma_HGUC,1635.8,1763.8,27:16,29:24,128.0,"https://storage.googleapis.com/pathology-hub-0/source_videos/YT_Cyto_Paris_Bubendorf.mp4#t=1635.8,1763.8",semantic_gated_v0_2,"If we believe a case is high-grade urothelial carcinoma but are not completely sure, we call it suspicious of high-grade urothelial carcinoma (SHGUC). For this diagnosis, an N/C ratio of at least 0.7 is required, but not all of the other criteria are fully met. For example, if there's hyperchromasia and irregular chromatin but normal nuclear membranes, then calling it suspicious is more comfortable. Additionally, SHG"
YT_Cyto_Peds_Barroca,YT Cyto Peds Barroca,Cyto_Kidney::Malignant::Pediatric::Wilms_Tumor_Nephroblastoma,Wilms Tumor Nephroblastoma,Wilms_Tumor_Nephroblastoma,high,0.6912,0.1285,Cyto_Kidney::Malignant::Pediatric::Clear_Cell_Sarcoma_Kidney,1499.5,1563.74,25:00,26:04,64.24,"https://storage.googleapis.com/pathology-hub-0/source_videos/YT_Cyto_Peds_Barroca.mp4#t=1499.5,1563.74",semantic_gated_v0_2,"Let's now move on to renal tumors. Wilms tumor is probably the most frequent renal tumor, as you can see in this image. Renal tumors constitute about 7% of all childhood tumors. This is a classical histological pattern of a Wilms tumor. It is composed of three components: the stroma that you can see here, sheets of immature epithelial cells that can be in sheets or small ductules, and a lot of small round cells here "
YT_Cyto_Peds_Barroca,YT Cyto Peds Barroca,Cyto_Kidney::Malignant::Pediatric::Wilms_Tumor_Nephroblastoma,Wilms Tumor Nephroblastoma,Wilms_Tumor_Nephroblastoma,high,0.6531,0.0508,Cyto_Kidney::Malignant::Pediatric::Clear_Cell_Sarcoma_Kidney,1852.26,1968.66,30:52,32:49,116.4,"https://storage.googleapis.com/pathology-hub-0/source_videos/YT_Cyto_Peds_Barroca.mp4#t=1852.26,1968.66",semantic_gated_v0_2,"However, in the under three months of age, 70% of the kidney tumors are mesoblastic nephroma, as well as clear cell sarcoma. The cytological pattern resembles the mesenchyme. But immunostains will help us in the differential diagnosis. In the first case, we have a specific translocation that is shared also with infantile fibrosarcoma, and will permit us to perform a special immunostain, Pan-NTRK, that is positive. CD"
YT_Cyto_Salivary_Chen,YT Cyto Salivary Chen,Cyto_Salivary::NonNeoplastic::Reactive::Intraparotid_Lymph_Node,Intraparotid Lymph Node,Intraparotid_Lymph_Node,high,0.687,0.1133,Cyto_Heme::Benign::Normal_Lymph_Node_Cytology,2245.24,2364.24,37:25,39:24,119.0,"https://storage.googleapis.com/pathology-hub-0/source_videos/YT_Cyto_Salivary_Chen.mp4#t=2245.24,2364.24",semantic_gated_v0_2,"So, intraparotid lymph node is very common. But you cannot be sure every lymph node is a benign lymph node, especially by cytology alone, you cannot precisely differentiate it from low-grade B-cell lymphoma. So, if you only get the biopsy, and this biopsy is very cellular with heterogeneous mixed mature lymphocytes, and the background has a lot of lympho-aggregations, tingible body macrophages, and a lot of fragments"
YT_Cyto_Thyroid_Bongiovanni,YT Cyto Thyroid Bongiovanni,Cyto_Thyroid::Intermediate::Noninvasive_Follicular_Thyroid_Neoplasm_NIFTP,Noninvasive Follicular Thyroid Neoplasm NIFTP,Noninvasive_Follicular_Thyroid_Neoplasm_NIFTP,high,0.7451,0.1074,Cyto_Thyroid::Category::Follicular_Neoplasm_Suspicious_FN_SFN,1074.0,1180.0,17:54,19:40,106.0,"https://storage.googleapis.com/pathology-hub-0/source_videos/YT_Cyto_Thyroid_Bongiovanni.mp4#t=1074,1180",semantic_gated_v0_2,"And you can also see here how different they can present: sometimes with colloid, sometimes with no colloid, sometimes they can also be isolated. And you have here, for example, something that is considered as a normal follicular structure. But what is the problem with this? In this category, you can now also have slight nuclear atypia. This is because features like increased nuclear size, nuclear contour irregularit"
YT_Cyto_Thyroid_Nishino,YT Cyto Thyroid Nishino,Cyto_Thyroid::Category::Atypia_Undetermined_Significance_AUS_FLUS,Atypia Undetermined Significance AUS FLUS,Atypia_Undetermined_Significance_AUS_FLUS,high,0.656,0.0654,Cyto_Thyroid::Category::Follicular_Neoplasm_Suspicious_FN_SFN,1274.24,1397.84,21:14,23:18,123.6,"https://storage.googleapis.com/pathology-hub-0/source_videos/YT_Cyto_Thyroid_Nishino.mp4#t=1274.24,1397.84",semantic_gated_v0_2,"As a side note, the first two editions of the Bethesda system suggested the term follicular lesion of undetermined significance or FLUS as an equivalent alternative name for this category. But in the third edition, the Bethesda system removed FLUS as an option, really just going all in. with the AUS terminology instead for simplicity. The main challenge with the AUS and follicular neoplasm categories has to do with w"
YT_Cyto_Thyroid_Rossi,YT Cyto Thyroid Rossi,Cyto_Thyroid::Intermediate::Noninvasive_Follicular_Thyroid_Neoplasm_NIFTP,Noninvasive Follicular Thyroid Neoplasm NIFTP,Noninvasive_Follicular_Thyroid_Neoplasm_NIFTP,high,0.7539,0.0882,Cyto_Thyroid::Category::Follicular_Neoplasm_Suspicious_FN_SFN,2322.16,2451.04,38:42,40:51,128.88,"https://storage.googleapis.com/pathology-hub-0/source_videos/YT_Cyto_Thyroid_Rossi.mp4#t=2322.16,2451.04",semantic_gated_v0_2,"Another important metastatic lesion is, of course, renal cell carcinoma, in which we might have these large cohesive groups, with abundant granular/vacuolated cytoplasm, large nuclei, a low nucleocytoplasmic ratio, and prominent nucleoli. And this is an example of metastatic renal cell carcinoma. Localization of a renal cell carcinoma inside a follicular adenoma, positivity for CD-10, and HRC-C negativity for Thyrogl"
YT_Cyto_Thyroid_Rossi,YT Cyto Thyroid Rossi,Cyto_Thyroid::Intermediate::Noninvasive_Follicular_Thyroid_Neoplasm_NIFTP,Noninvasive Follicular Thyroid Neoplasm NIFTP,Noninvasive_Follicular_Thyroid_Neoplasm_NIFTP,high,0.7358,0.1052,Cyto_Pancreatobiliary::Neoplasm_Risk::High_Grade::Intraductal_Tubulopapillary_Neoplasm_ITPN,2451.04,2567.68,40:51,42:48,116.64,"https://storage.googleapis.com/pathology-hub-0/source_videos/YT_Cyto_Thyroid_Rossi.mp4#t=2451.04,2567.68",semantic_gated_v0_2,"The molecular profiling, though explored, has been largely unsuccessful for definitive NIFTP diagnosis. RAS mutations are found in up to 60% of cases, but they are also positive in follicular adenoma and follicular carcinoma. NRAS K601E is present in 10% of the cases. PAX8::PPARG fusion is seen in 30%, but it is especially associated with oncocytic carcinoma. THADA fusion is also observed, along with others. BRAF V60"
GI_Lecture_10_Colon,GI Lecture 10 Colon,GI::Colon::Congenital_Structural::Structural::Colonic_Solitary_Rectal_Ulcer_SyndROME_Prolapse,Colonic Solitary Rectal Ulcer SyndROME Prolapse,Colonic_Solitary_Rectal_Ulcer_SyndROME_Prolapse,high,0.6815,0.1358,GI::Colon::Neoplastic::IBD_Associated::Colonic_Dysplasia_And_IBD_Related_Adenocarcinoma,872.64,987.04,14:33,16:27,114.4,"https://storage.googleapis.com/pathology-hub-0/source_videos/GI_Lecture_10_Colon.mp4#t=872.64,987.04",semantic_gated_v0_2,"This is not a neoplastic process, but it can present to the clinician like a neoplasm on endoscopy. Patients usually present with symptoms, so this is more often seen in a colonoscopy done for symptoms rather than on screening. Patients can present with pain, bleeding, non-specific findings like diarrhea, constipation, or irritable bowel syndrome-like symptoms. Because of symptoms like bloody diarrhea, this can certa"
GI_Lecture_10_Colon,GI Lecture 10 Colon,GI::Colon::Polyp::Serrated::Colorectal_Hyperplastic_Polyp_Overview,Colorectal Hyperplastic Polyp Overview,Colorectal_Hyperplastic_Polyp_Overview,high,0.6905,0.0637,GI::Stomach::Benign_Precursors::Gastric_Hyperplastic_Polyps,127.28,229.68,2:07,3:50,102.4,"https://storage.googleapis.com/pathology-hub-0/source_videos/GI_Lecture_10_Colon.mp4#t=127.28,229.68",semantic_gated_v0_2,"Hyperplastic polyps are usually asymptomatic due to their small size, typically discovered during screening colonoscopies rather than from symptoms or positive stool blood tests. Most are less than 0.5 cm; if a hyperplastic-appearing polyp is greater than 1 cm, other possibilities like mucosal prolapse or sessile serrated adenoma should be considered. Histologically, these polyps are usually raised but not pedunculat"
GI_Lecture_10_Colon,GI Lecture 10 Colon,GI::Syndrome::Polyposis::Adenomatous::Familial_Adenomatous_Polyposis_APC,Familial Adenomatous Polyposis APC,Familial_Adenomatous_Polyposis_APC,high,0.7036,0.1251,GI::Syndrome::Polyposis::Adenomatous::MUTYH_Associated_Polyposis_MUTYH,2029.12,2160.16,33:49,36:00,131.04,"https://storage.googleapis.com/pathology-hub-0/source_videos/GI_Lecture_10_Colon.mp4#t=2029.12,2160.16",semantic_gated_v0_2,"FAP is an inherited syndrome where individuals have a mutation in the APC gene, which is the basic driver of tubular adenomas. This is not a very common alteration, found in about 0.1% of the population worldwide, but it has a very impressive clinical presentation and incredible consequences. Individuals with classic FAP have more than 100 adenomatous polyps in the colon and essentially a 100% lifetime risk of cancer"
GI_Lecture_10_Colon,GI Lecture 10 Colon,GI::Colon::Polyp::Hamartoma::Juvenile_Polyp,Juvenile Polyp,Juvenile_Polyp,high,0.7552,0.0535,GI::Small_Intestine::Polyp::Hamartoma::Small_Intestinal_Juvenile_Type_Polyp,332.4,420.0,5:32,7:00,87.6,"https://storage.googleapis.com/pathology-hub-0/source_videos/GI_Lecture_10_Colon.mp4#t=332.4,420",semantic_gated_v0_2,"Juvenile polyps are neoplastic but are not considered to have malignant potential. The key is to differentiate them from polyps that do have malignant potential. Moving on to hamartomatous polyps, the juvenile polyp is one that you'll see. Most juvenile polyps encountered are sporadic, even though there is a syndrome of juvenile polyposis. Despite the name, juvenile polyps can be seen at any age. They most often appe"
GI_Lecture_10_Colon,GI Lecture 10 Colon,GI::Syndrome::Polyposis::Hamartomatous::Juvenile_Polyposis_Syndrome,Juvenile Polyposis Syndrome,Juvenile_Polyposis_Syndrome,high,0.7009,0.0602,GI::Colon::Polyp::Hamartoma::Juvenile_Polyp,420.0,484.08,7:00,8:04,64.08,"https://storage.googleapis.com/pathology-hub-0/source_videos/GI_Lecture_10_Colon.mp4#t=420,484.08",semantic_gated_v0_2,"Patients with juvenile polyposis can have anywhere from five to hundreds of polyps in the colon. It is associated with an increased risk of cancer, likely arising in a pre-existing polyp, as a significant number of polyps in patients with juvenile polyposis syndrome exhibit dysplasia. In contrast, dysplasia is rare in sporadic juvenile polyps. The underlying gene defects in juvenile polyposis are either SMAD4 (also k"
GI_Lecture_10_Colon,GI Lecture 10 Colon,GI::Small_Intestine::Polyp::Hamartoma::Small_Intestinal_Peutz_Jeghers_Type_Polyp,Small Intestinal Peutz Jeghers Type Polyp,Small_Intestinal_Peutz_Jeghers_Type_Polyp,high,0.7388,0.0525,GI::Stomach::Polyp::Hamartoma::Gastric_Peutz_Jeghers_Type_Polyp,682.08,818.88,11:22,13:39,136.8,"https://storage.googleapis.com/pathology-hub-0/source_videos/GI_Lecture_10_Colon.mp4#t=682.08,818.88",semantic_gated_v0_2,"Moving on to the Peutz-Jeghers polyp, which is more common in the small intestine. A key differentiating feature is its well-developed, thick, smooth muscle branches with arborizing architecture, unlike simple smooth muscle fibers. The baseline polyp has non-dysplastic nuclei, although secondary dysplasia can occur. Be aware of pseudoinvasion or misplaced epithelium, where epithelium appears invasive within the stalk"
GI_Lecture_11_Esophagus,GI Lecture 11 Esophagus,GI::Esophagus::Inflammatory::Esophagitis::Esophageal_Eosinophilic_Esophagitis,Esophageal Eosinophilic Esophagitis,Esophageal_Eosinophilic_Esophagitis,high,0.6614,0.0897,GI::Stomach::Inflammatory::Gastritis::Gastric_Eosinophilic_Gastritis,893.04,1017.04,14:53,16:57,124.0,"https://storage.googleapis.com/pathology-hub-0/source_videos/GI_Lecture_11_Esophagus.mp4#t=893.04,1017.04",semantic_gated_v0_2,"Eosinophilic esophagitis (EoE) is characterized by a markedly increased intraepithelial eosinophil count, usually more than 15 eosinophils per one high-power field. It is a very diffuse process involving both the proximal and distal esophagus, unlike reflux esophagitis, which is typically limited to the distal esophagus. However, it's important to note that there is no minimum number of eosinophils required for diagn"
GI_Lecture_13_Stomach2,GI Lecture 13 Stomach2,GI::Stomach::Inflammatory::Gastritis::Gastric_Chronic_Helicobacter_Pylori_Gastritis,Gastric Chronic Helicobacter Pylori Gastritis,Gastric_Chronic_Helicobacter_Pylori_Gastritis,high,0.6816,0.1194,GI::Stomach::Inflammatory::Gastritis::Gastric_Helicobacter_Heilmannii_Gastritis,381.04,502.88,6:21,8:23,121.84,"https://storage.googleapis.com/pathology-hub-0/source_videos/GI_Lecture_13_Stomach2.mp4#t=381.04,502.88",semantic_gated_v0_2,"H. pylori is the most common cause of chronic gastritis in many parts of the world, particularly in developing countries, infecting over 50% of the global population. Although the exact route of transmission is unknown, person-to-person transmission, likely oral-oral or fecal-oral, is suspected. H. pylori produces large amounts of urease, which breaks down urea into ammonia and carbon dioxide, causing a localized pH "
GI_Lecture_13_Stomach2,GI Lecture 13 Stomach2,GI::Stomach::Inflammatory::Gastritis::Gastric_Chronic_Helicobacter_Pylori_Gastritis,Gastric Chronic Helicobacter Pylori Gastritis,Gastric_Chronic_Helicobacter_Pylori_Gastritis,high,0.6967,0.101,GI::Stomach::Inflammatory::Gastritis::Gastric_Helicobacter_Heilmannii_Gastritis,502.88,595.28,8:23,9:55,92.4,"https://storage.googleapis.com/pathology-hub-0/source_videos/GI_Lecture_13_Stomach2.mp4#t=502.88,595.28",semantic_gated_v0_2,"Chronic and active gastritis are distinct. Chronic gastritis is characterized by a prominent lymphoplasmacytic infiltrate, often pushing aside the glands and presenting with lymphoid follicles with germinal centers. Active gastritis is defined by the presence of neutrophilic inflammation, involving the surface foveolar epithelium and/or glandular epithelium or crypts. After H. pylori eradication, while neutrophilic i"
GI_Lecture_13_Stomach2,GI Lecture 13 Stomach2,GI::Stomach::Inflammatory::Gastritis::Gastric_Eosinophilic_Gastritis,Gastric Eosinophilic Gastritis,Gastric_Eosinophilic_Gastritis,high,0.6809,0.0835,GI::Esophagus::Inflammatory::Esophagitis::Esophageal_Eosinophilic_Esophagitis,1250.72,1356.76,20:51,22:37,106.04,"https://storage.googleapis.com/pathology-hub-0/source_videos/GI_Lecture_13_Stomach2.mp4#t=1250.72,1356.76",semantic_gated_v0_2,"Eosinophilic gastritis, as the name suggests, is characterized by a prominent eosinophilic infiltrate limited to the stomach, and the process has to be very diffuse. By definition, the biopsy should demonstrate at least 30 eosinophils per high-power field, involving five separate fields, in the absence of known causes of eosinophilia. However, if additional histologic findings are present, such as intraepithelial agg"
GI_Lecture_13_Stomach2,GI Lecture 13 Stomach2,GI::Stomach::Neoplastic::Neuroendocrine::Gastric_Neuroendocrine_Tumor_Type_1_Autoimmune,Gastric Neuroendocrine Tumor Type 1 Autoimmune,Gastric_Neuroendocrine_Tumor_Type_1_Autoimmune,high,0.6518,0.0526,GI::Stomach::Inflammatory::Gastritis::Gastric_Autoimmune_Metaplastic_Atrophic_Gastritis_AMAG,597.04,680.28,9:57,11:20,83.24,"https://storage.googleapis.com/pathology-hub-0/source_videos/GI_Lecture_13_Stomach2.mp4#t=597.04,680.28",semantic_gated_v0_2,"Moving on to autoimmune gastritis. Autoimmune gastritis is another common entity that usually presents with a prominent lymphoplasmacytic infiltrate, but this is considered an autoimmune disorder characterized by circulating autoantibodies, targeting the intrinsic factor and the parietal cells. Because the majority of these patients have anti-parietal cell autoantibodies, there's a progressive destruction of the pari"
GI_Lecture_4_Peds1,GI Lecture 4 Peds1,GI::Colon::Congenital_Structural::Aganglionosis::Colonic_Hirschsprung_Disease,Colonic Hirschsprung Disease,Colonic_Hirschsprung_Disease,high,0.7134,0.2263,GI::HEME::Site_Specific_Hema::Indolent_T_Cell_Lymphoproliferative_Disorder_of_the_GI_Tract,133.48,255.48,2:13,4:15,122.0,"https://storage.googleapis.com/pathology-hub-0/source_videos/GI_Lecture_4_Peds1.mp4#t=133.48,255.48",semantic_gated_v0_2,"Hirschsprung disease is relatively common, and you will encounter cases during residency. Its incidence is approximately 1 in 5,000 newborns. Hirschsprung disease is defined by the congenital absence of ganglion cells in the myenteric and submucosal plexuses of the terminal rectum, extending for a variable length into contiguous proximal bowel. This means the absence of ganglion cells may be limited to just the dista"
GI_Lecture_4_Peds1,GI Lecture 4 Peds1,GI::Small_Intestine::Congenital_Structural::Mechanical::Microvillus_Inclusion_Disease,Microvillus Inclusion Disease,Microvillus_Inclusion_Disease,high,0.6788,0.1375,GI::Small_Intestine::Inflammatory::Malabsorption::Small_Intestinal_CVID_Enteropathy,2511.4,2603.64,41:51,43:24,92.24,"https://storage.googleapis.com/pathology-hub-0/source_videos/GI_Lecture_4_Peds1.mp4#t=2511.4,2603.64",semantic_gated_v0_2,"There appears to be some material present, and upon closer inspection, good microvilli are not clearly visible at the top. It is possible to encounter cases with similar appearances that are not microvillous inclusion disease; therefore, careful assessment is required for a definitive diagnosis. Those findings are real. There are a couple of helpful stains. The first and most commonly used is the PAS stain, which nic"
GI_Lecture_4_Peds1,GI Lecture 4 Peds1,GI::Small_Intestine::Congenital_Structural::Mechanical::Microvillus_Inclusion_Disease,Microvillus Inclusion Disease,Microvillus_Inclusion_Disease,high,0.7129,0.1372,GI::Small_Intestine::Inflammatory::Malabsorption::Small_Intestinal_CVID_Enteropathy,2603.64,2742.28,43:24,45:42,138.64,"https://storage.googleapis.com/pathology-hub-0/source_videos/GI_Lecture_4_Peds1.mp4#t=2603.64,2742.28",semantic_gated_v0_2,"Electron microscopy is a helpful and diagnostic mainstay for this condition, a role it maintains despite less frequent use in other areas. Key findings include absent, small, or stubby microvilli and vesicular structures, which contribute to the bubbly appearance of the cytoplasm and are often found at the apex of enterocytes, sometimes containing microvilli. While observable in colon, gallbladder, and renal tubular "
GI_Lecture_8_Pancreas,GI Lecture 8 Pancreas,GI::Pancreas::Neoplastic::Cystic::Pancreatic_Intraductal_Oncocytic_Papillary_Neoplasm_IOPN,Pancreatic Intraductal Oncocytic Papillary Neoplasm IOPN,Pancreatic_Intraductal_Oncocytic_Papillary_Neoplasm_IOPN,high,0.8091,0.0886,GI::Pancreas::Benign_Precursors::Pancreatic_Intraductal_Oncocytic_Papillary_Neoplasm,888.64,1015.76,14:49,16:56,127.12,"https://storage.googleapis.com/pathology-hub-0/source_videos/GI_Lecture_8_Pancreas.mp4#t=888.64,1015.76",semantic_gated_v0_2,"Intraductal Oncocytic Papillary Neoplasm (IOPN) is now recognized as a distinct entity, previously considered a subtype of IPMN. It is intraductal and associated with invasive adenocarcinoma in 30% to 50% of cases. IOPN tends to have a distinct appearance with very eosinophilic cytoplasm. The lesion often appears high grade, exhibiting significant nuclear atypia and cribriform spaces, with prominent nuclei. Despite i"
GI_Lecture_8_Pancreas,GI Lecture 8 Pancreas,GI::Pancreas::Neoplastic::Precursor::PanIN_Pancreatic_Intraepithelial_Neoplasia,PanIN Pancreatic Intraepithelial Neoplasia,PanIN_Pancreatic_Intraepithelial_Neoplasia,high,0.8002,0.111,GI::Pancreas::Neoplastic::Cystic::Pancreatic_Intraductal_Tubulopapillary_Neoplasm_ITPN,1269.28,1372.88,21:09,22:53,103.6,"https://storage.googleapis.com/pathology-hub-0/source_videos/GI_Lecture_8_Pancreas.mp4#t=1269.28,1372.88",semantic_gated_v0_2,"Pancreatic intraepithelial neoplasia is a dysplasia or a pre-invasive lesion of the pancreatic duct. There is a progression from normal to low grade, which includes PanIN-1 and PanIN-2, then to high grade, and eventually to invasive carcinoma. This progression has been molecularly defined. KRAS mutations are seen in almost all PanIN-1 lesions. As it progresses, it typically gains CDKN2A mutations or deletions and TP5"
YT_GI_Gastric_Polyps_Montgomery,YT GI Gastric Polyps Montgomery,GI::Stomach::Polyp::Hamartoma::Gastric_Juvenile_Type_Polyp,Gastric Juvenile Type Polyp,Gastric_Juvenile_Type_Polyp,high,0.7368,0.0719,GI::Colon::Polyp::Hamartoma::Juvenile_Polyp,2089.0,2223.0,34:49,37:03,134.0,"https://storage.googleapis.com/pathology-hub-0/source_videos/YT_GI_Gastric_Polyps_Montgomery.mp4#t=2089,2223",semantic_gated_v0_2,"A gastric juvenile polyp in a patient known to have juvenile polyposis. So as you can see, this is a hot mess. It was a giant polyp with lots and lots of folveal or hyperplasia and a very complex architecture. This can be very difficult to interpret. To me, this looks like it has folveal or type dysplasia, but it can be a bit subjective. The important thing is what you want to do is get your clinician to check the fl"
GU_Lecture_10_Prostate1,GU Lecture 10 Prostate1,GU::Prostate::Additional_Topics::Gleason_Grading,Gleason Grading,Gleason_Grading,high,0.7149,0.1582,GU::Prostate::Glandular_neoplasms::High_Grade_Prostatic_Intraepithelial_Neoplasia,382.0,540.0,6:22,9:00,158.0,"https://storage.googleapis.com/pathology-hub-0/source_videos/GU_Lecture_10_Prostate1.mp4#t=382,540",semantic_gated_v0_2,"Gleason grading is one of the most important issues with prostate adenocarcinoma after diagnosis. It is the most important tissue-based prognostic and predictive biomarker in prostate cancer, with grade often being a bigger driver than stage in this context. Although developed in the 1960s, the Gleason system was not accepted by the World Health Organization until 2003, taking 30 years to gain global consensus. It pr"
GU_Lecture_10_Prostate1,GU Lecture 10 Prostate1,GU::Prostate::Additional_Topics::Gleason_Grading,Gleason Grading,Gleason_Grading,high,0.7009,0.2318,GU::Prostate::Glandular_neoplasms::High_Grade_Prostatic_Intraepithelial_Neoplasia,1078.0,1288.0,17:58,21:28,210.0,"https://storage.googleapis.com/pathology-hub-0/source_videos/GU_Lecture_10_Prostate1.mp4#t=1078,1288",semantic_gated_v0_2,"Now, I'm going to talk about the Gleason system because it is unique compared to how virtually all other grading systems work. It was formulated in the 1960s, validated in the 1970s, and continues to be refined today because, despite its shortcomings, it remains the most powerful prognostic and predictive indicator. Here are two things that make Gleason grading different from all other grading types: First, it's base"
GU_Lecture_10_Prostate1,GU Lecture 10 Prostate1,GU::Prostate::Squamous_Neoplasms::Prostatic_Stromal_Tumor_of_Uncertain_Malignant_Potential,Prostatic Stromal Tumor of Uncertain Malignant Potential,Prostatic_Stromal_Tumor_of_Uncertain_Malignant_Potential,high,0.6829,0.0563,GU::Prostate::Glandular_neoplasms::Prostatic_Acinar_Adenocarcinoma,45.0,382.0,0:45,6:22,337.0,"https://storage.googleapis.com/pathology-hub-0/source_videos/GU_Lecture_10_Prostate1.mp4#t=45,382",semantic_gated_v0_2,"I always start off with the list of tumors for these lectures. It is important to have the list of all the different possibilities or the most common possibilities for all the tumors. I try to break these things down into clusters that hopefully make it easier to think about. For prostate tumors, we are primarily talking about prostatic (small acinar) adenocarcinoma, which accounts for virtually every tumor that occu"
GU_Lecture_11_Prostate2,GU Lecture 11 Prostate2,GU::Prostate::Benign::Basal_Cell_Hyperplasia,Basal Cell Hyperplasia,Basal_Cell_Hyperplasia,high,0.7233,0.1108,GU::Prostate::Basal_Cell_Neoplasms::Basal_Cell_Carcinoma,725.0,801.0,12:05,13:21,76.0,"https://storage.googleapis.com/pathology-hub-0/source_videos/GU_Lecture_11_Prostate2.mp4#t=725,801",semantic_gated_v0_2,"In some instances, one might observe basal cell hyperplasia, characterized by a significant proliferation of basal cells. This proliferation can occur in multiple glands or ducts, potentially forming a basal cell adenoma or, in exceedingly rare cases, a basal cell carcinoma. Basal cell proliferation is sometimes seen in the prostate gland. It is also challenging to discriminate these basal cells from urethelial cells"
GU_Lecture_11_Prostate2,GU Lecture 11 Prostate2,GU::Prostate::Glandular_neoplasms::High_Grade_Prostatic_Intraepithelial_Neoplasia,High Grade Prostatic Intraepithelial Neoplasia,High_Grade_Prostatic_Intraepithelial_Neoplasia,high,0.6505,0.0526,GU::Prostate::High_Grade_PIN,3068.0,3186.0,51:08,53:06,118.0,"https://storage.googleapis.com/pathology-hub-0/source_videos/GU_Lecture_11_Prostate2.mp4#t=3068,3186",semantic_gated_v0_2,"This is an example of something at high power with multiple cell layers, exhibiting prominent, clear nucleoli. With the presence of these nucleoli, we need to identify this finding. We also observe some brown pigment. The cytology here differs from the cytology elsewhere; these nuclei are enlarged, while others are tiny, within the same gland. This suggests mixed messages, with both benign and malignant features in t"
GU_Lecture_12_Prostate3,GU Lecture 12 Prostate3,GU::Prostate::Benign::Sclerosing_Adenosis,Sclerosing Adenosis,Sclerosing_Adenosis,high,0.7363,0.0687,GU::Prostate::Benign::Adenosis,2400.0,2504.0,40:00,41:44,104.0,"https://storage.googleapis.com/pathology-hub-0/source_videos/GU_Lecture_12_Prostate3.mp4#t=2400,2504",semantic_gated_v0_2,"This is another example of a sclerotic lesion. One might initially mistake it for cancer due to the sclerosis. However, observe the clear circumscription along the lesion's edge, which warrants caution in diagnosis. Sclerosing adenosis is shown up close, featuring blue mucin. This presents a diagnostic pitfall, as the presence of blue mucin is often considered indicative of malignancy. However, in this case, sclerosi"
GU_Lecture_13_Prostate4,GU Lecture 13 Prostate4,GU::Prostate::Additional_Topics::Gleason_Grading,Gleason Grading,Gleason_Grading,high,0.6907,0.1705,GU::Prostate::Glandular_neoplasms::High_Grade_Prostatic_Intraepithelial_Neoplasia,7.28,66.84,0:07,1:07,59.56,"https://storage.googleapis.com/pathology-hub-0/source_videos/GU_Lecture_13_Prostate4.mp4#t=7.28,66.84",semantic_gated_v0_2,"All right, there we are. Today's lecture will cover Gleason grading. There will be one more prostate lecture next Wednesday, focusing on the latest issues in prostate pathology, particularly introducing lesions. This will be a key area of focus due to ongoing controversy. The lecture will provide everything you need to know about grading. I don't need to go over the motivation; it is essential to learn grading. We ha"
GU_Lecture_13_Prostate4,GU Lecture 13 Prostate4,GU::Prostate::Additional_Topics::Gleason_Grading,Gleason Grading,Gleason_Grading,high,0.7132,0.1983,GU::Prostate::Glandular_neoplasms::High_Grade_Prostatic_Intraepithelial_Neoplasia,66.84,226.84,1:07,3:47,160.0,"https://storage.googleapis.com/pathology-hub-0/source_videos/GU_Lecture_13_Prostate4.mp4#t=66.84,226.84",semantic_gated_v0_2,"For grading prostate cancers, there are more than 40 grading systems in the literature; however, Gleason has proven itself to be the most effective and useful. One of our colleagues, Dr. Jesse McKenny at Cleveland Clinic Foundation, is actually working on a new grading system, though it might get superseded by robots before he finishes. Grading systems are designed in two ways: one is by drawing patterns observed and"
GU_Lecture_13_Prostate4,GU Lecture 13 Prostate4,GU::Prostate::Additional_Topics::Gleason_Grading,Gleason Grading,Gleason_Grading,high,0.7151,0.1692,GU::Prostate::Glandular_neoplasms::High_Grade_Prostatic_Intraepithelial_Neoplasia,226.84,334.84,3:47,5:35,108.0,"https://storage.googleapis.com/pathology-hub-0/source_videos/GU_Lecture_13_Prostate4.mp4#t=226.84,334.84",semantic_gated_v0_2,"Gleason grading in prostate cancer is the most important tissue-based prognostic and predictive factor we currently have for looking at outcomes in primary prostate cancer. This information was quoted directly from the last WHO Blue Book. Interestingly, despite approximately 40 different grading schemes, authors advocate for their own to be the primary standard. Due to political reasons, even though Gleason's scheme "
GU_Lecture_13_Prostate4,GU Lecture 13 Prostate4,GU::Prostate::Additional_Topics::Gleason_Grading,Gleason Grading,Gleason_Grading,high,0.6846,0.1232,GU::Prostate::Benign::Nonglandular_Patterns,448.84,549.84,7:29,9:10,101.0,"https://storage.googleapis.com/pathology-hub-0/source_videos/GU_Lecture_13_Prostate4.mp4#t=448.84,549.84",semantic_gated_v0_2,"This explains how Gleason developed his system: he initially created nine distinct schematic patterns that he observed for prostate carcinoma. Comparing outcomes for these nine patterns, they resolved into five different outcome groups. Group one and two each contained one pattern; group three encompassed three patterns; and groups four and five each included two patterns. He combined that into this diagram, which is"
GU_Lecture_13_Prostate4,GU Lecture 13 Prostate4,GU::Prostate::Additional_Topics::Gleason_Grading,Gleason Grading,Gleason_Grading,high,0.6535,0.095,GU::Prostate::Glandular_neoplasms::High_Grade_Prostatic_Intraepithelial_Neoplasia,2959.84,3095.84,49:20,51:36,136.0,"https://storage.googleapis.com/pathology-hub-0/source_videos/GU_Lecture_13_Prostate4.mp4#t=2959.84,3095.84",semantic_gated_v0_2,"I have just gone through all those different subtypes and stressed that it is the growth pattern that matters, not the subtype or variant. The Gleason system has been modified since its original description. The International Society of Urologic Pathologists (ISUP) held two consensus meetings in 2005 and 2014 to discuss these modifications, bringing together prostate pathologists to identify common areas, make consen"
GU_Lecture_13_Prostate4,GU Lecture 13 Prostate4,GU::Prostate::Additional_Topics::Gleason_Grading,Gleason Grading,Gleason_Grading,high,0.6673,0.159,GU::Prostate::Glandular_neoplasms::High_Grade_Prostatic_Intraepithelial_Neoplasia,3257.84,3363.84,54:18,56:04,106.0,"https://storage.googleapis.com/pathology-hub-0/source_videos/GU_Lecture_13_Prostate4.mp4#t=3257.84,3363.84",semantic_gated_v0_2,"Grade migration has occurred where the lowest possible Gleason score is now six, as grades one and two have been removed from the two to ten scale. Essentially, numbers two through five are no longer used. This is confusing for patients and difficult to explain, leading to significant anxiety; for example, telling a patient they have a 'six' and a 'great outcome' can be met with confusion and fear, as patients percei"
GU_Lecture_13_Prostate4,GU Lecture 13 Prostate4,GU::Prostate::Additional_Topics::Gleason_Grading,Gleason Grading,Gleason_Grading,high,0.7061,0.1874,GU::Prostate::Glandular_neoplasms::High_Grade_Prostatic_Intraepithelial_Neoplasia,3363.84,3498.84,56:04,58:19,135.0,"https://storage.googleapis.com/pathology-hub-0/source_videos/GU_Lecture_13_Prostate4.mp4#t=3363.84,3498.84",semantic_gated_v0_2,"Grade Group one is assigned to Gleason scores less than seven, where Pattern three is the lowest grade pattern (e.g., 3+3=6). A 3+4 Gleason score corresponds to Grade Group two. A 4+3 Gleason score is Grade Group three. Any Gleason score of eight is Grade Group four, and anything above eight is Grade Group five. UCSF does not include this translation in their reports because it is a simple conversion from a Gleason s"
GU_Lecture_2_Kidney2,GU Lecture 2 Kidney2,GU::Kidney::RCC_Molecular::Fumarate_Hydratase_Deficient_RCC,Fumarate Hydratase Deficient RCC,Fumarate_Hydratase_Deficient_RCC,high,0.671,0.0503,GU::Kidney::Renal_cell::Fumarate_Hydratase_Deficient_Renal_Cell_Carcinoma,3316.0,3442.6,55:16,57:23,126.6,"https://storage.googleapis.com/pathology-hub-0/source_videos/GU_Lecture_2_Kidney2.mp4#t=3316,3442.6",semantic_gated_v0_2,"If the diagnosis of FH deficient RCC is made, the patient requires a work-up for hereditary conditions because relatives are at risk for developing these aggressive RCCs, which often have a poor prognosis with limited treatment options beyond surgical resection. These patients frequently present with numerous cutaneous and uterine leiomyomas; close examination of these benign leiomyomas often reveals nucleoli with pe"
GU_Lecture_2_Kidney2,GU Lecture 2 Kidney2,GU::Kidney::Non_Neoplastic::Xanthogranulomatous_Pyelonephritis,Xanthogranulomatous Pyelonephritis,Xanthogranulomatous_Pyelonephritis,high,0.7275,0.1337,GU::Testis::Heme::Juvenile_Xanthogranuloma,127.0,261.0,2:07,4:21,134.0,"https://storage.googleapis.com/pathology-hub-0/source_videos/GU_Lecture_2_Kidney2.mp4#t=127,261",semantic_gated_v0_2,"Xanthogranulomatous Pyelonephritis (XGP) typically starts near the collecting system where urine contamination leads to retrograde infections. This condition can form a yellow-tan mass, which lacks the orange, hemorrhage, or heterogeneity expected of clear cell renal carcinoma. While it might superficially resemble a chromophobe renal cell carcinoma or an oncocytoma, XGP exhibits an irregular pattern and suspicious e"
GU_Lecture_3_Kidney3,GU Lecture 3 Kidney3,GU::Syndromes::Hereditary_Leiomyomatosis_and_Renal_Cell_Carcinoma_Syndrome,Hereditary Leiomyomatosis and Renal Cell Carcinoma Syndrome,Hereditary_Leiomyomatosis_and_Renal_Cell_Carcinoma_Syndrome,high,0.6721,0.0518,GU::Syndromes::Hereditary_Papillary_Renal_Carcinoma,107.28,191.52,1:47,3:12,84.24,"https://storage.googleapis.com/pathology-hub-0/source_videos/GU_Lecture_3_Kidney3.mp4#t=107.28,191.52",semantic_gated_v0_2,"Most FH deficient RCCs are hereditary, falling into the category of Hereditary Leiomyomatosis and Renal Cell Carcinoma (HLRCC) syndrome. This syndrome is characterized by numerous cutaneous and uterine leiomyomas, along with aggressive renal cell carcinomas. At low power, the tissue appears quite papillary with distinct pink cytoplasm. Even at very low power, one must carefully search for macronucleoli in this exampl"
GU_Lecture_3_Kidney3,GU Lecture 3 Kidney3,GU::Kidney::RCC_Other::Mucinous_Tubular_and_Spindle_Cell_Carcinoma,Mucinous Tubular and Spindle Cell Carcinoma,Mucinous_Tubular_and_Spindle_Cell_Carcinoma,high,0.7629,0.0551,GU::Kidney::Renal_cell::Mucinous_Tubular_and_Spindle_Cell_Carcinoma,1272.56,1404.64,21:13,23:25,132.08,"https://storage.googleapis.com/pathology-hub-0/source_videos/GU_Lecture_3_Kidney3.mp4#t=1272.56,1404.64",semantic_gated_v0_2,"While clear cell RCC might be considered, this lacks the fine vascular meshwork. Examining this area reveals tubules alongside solid, somewhat spindly material. This characteristic appearance is diagnostic of muousinous tubular and spindle cell carcinoma (MSTC). Cytogenetic analysis often identifies it as a variant of papillary RCC, exhibiting trisomy 7 and 17, consistent with papillary RCC. Many pathologists categor"
GU_Lecture_4_Kidney4,GU Lecture 4 Kidney4,GU::Kidney::Mesenchymal_Stromal::Epithelioid_Angiomyolipoma_PEComa,Epithelioid Angiomyolipoma PEComa,Epithelioid_Angiomyolipoma_PEComa,high,0.7602,0.1459,GU::Kidney::Mesenchymal::Epithelioid_Angiomyolipoma,221.36,370.96,3:41,6:11,149.6,"https://storage.googleapis.com/pathology-hub-0/source_videos/GU_Lecture_4_Kidney4.mp4#t=221.36,370.96",semantic_gated_v0_2,"Angiomyolipomas (AMLs) are often referred to as PEComas, as they can occur in various body sites, not just the kidney. These are typically triphasic tumors with angio, myo, and lipo components, though they can sometimes present with only one phase, such as an epithelioid or myoid appearance. The vessels in these tumors lack elastica, which can be a distinguishing feature when considering vascular tumors. While usuall"
GU_Lecture_4_Kidney4,GU Lecture 4 Kidney4,GU::Kidney::Mesenchymal_Stromal::Epithelioid_Angiomyolipoma_PEComa,Epithelioid Angiomyolipoma PEComa,Epithelioid_Angiomyolipoma_PEComa,high,0.6879,0.1118,GU::Kidney::Mesenchymal::Epithelioid_Angiomyolipoma,372.24,464.24,6:12,7:44,92.0,"https://storage.googleapis.com/pathology-hub-0/source_videos/GU_Lecture_4_Kidney4.mp4#t=372.24,464.24",semantic_gated_v0_2,"This is a very myoid-looking specimen with numerous blood vessels. When stained with a muscle marker, it will be strongly positive. It will also be positive for HMB45 or Melan-A, and negative for S100. Therefore, any myoid tumor staining with melanocytic markers should prompt consideration of an angiomyolipoma. These cells are not lipocytes. The cells in an angiomyolipoma are PEComa cells, specifically perivascular e"
GU_Lecture_4_Kidney4,GU Lecture 4 Kidney4,GU::Kidney::Mesenchymal_Stromal::Epithelioid_Angiomyolipoma_PEComa,Epithelioid Angiomyolipoma PEComa,Epithelioid_Angiomyolipoma_PEComa,high,0.6787,0.1495,GU::Kidney::RCC_Other::Mucinous_Tubular_and_Spindle_Cell_Carcinoma,464.24,644.4,7:44,10:44,180.16,"https://storage.googleapis.com/pathology-hub-0/source_videos/GU_Lecture_4_Kidney4.mp4#t=464.24,644.4",semantic_gated_v0_2,"Epithelioid variants exist, with some suggesting they are more aggressive, though this is debated. If a tumor appears low grade, it likely is, but pleomorphic features or significant atypia raise concern for malignancy. These tumors feature eosinophilic epithelioid or spindled cells. When truly epithelioid, they are in the differential for perivascular epithelioid cell tumors (PEComas) and can mimic clear cell RCC. W"
GU_Lecture_6_Bladder1,GU Lecture 6 Bladder1,GU::Bladder::Non_Neoplastic::Cystitis_Glandularis,Cystitis Glandularis,Cystitis_Glandularis,high,0.6571,0.0552,GU::Bladder::Non_Neoplastic::Cystitis_Cystica,2054.0,2128.0,34:14,35:28,74.0,"https://storage.googleapis.com/pathology-hub-0/source_videos/GU_Lecture_6_Bladder1.mp4#t=2054,2128",semantic_gated_v0_2,"This histology slide, though dark, displays colorectal-type mucosa and epithelium, consistent with cystitis glandularis where intestinal metaplasia fills the structures. It is crucial to consider whether extensive lesions with mucin extravasation represent an exceedingly well-differentiated intestinal adenocarcinoma versus cystitis glandularis, a distinction requiring significant experience. If uncertain, it is imper"
GU_Lecture_7_Bladder2,GU Lecture 7 Bladder2,GU::Bladder::Urothelial::Flat_Urothelial_Lesions,Flat Urothelial Lesions,Flat_Urothelial_Lesions,high,0.7382,0.0992,GU::Bladder::Urothelial::Urothelial_Proliferation_of_Uncertain_Malignant_Potential,200.72,247.04,3:21,4:07,46.32,"https://storage.googleapis.com/pathology-hub-0/source_videos/GU_Lecture_7_Bladder2.mp4#t=200.72,247.04",semantic_gated_v0_2,"So, here are the diagnostic categories for flat urothelial lesions in the urinary tract. The classification has been largely unchanged since 2003, with only a few modifications. These categories encompass everything from normal tissue to carcinoma in situ, and their assignment is determined by the level of diagnostic certainty. These various features are considered when evaluating for cancer, assessing if enough crit"
GU_Lecture_7_Bladder2,GU Lecture 7 Bladder2,GU::Bladder::Urothelial::Papillary_Urothelial_Hyperplasia,Papillary Urothelial Hyperplasia,Papillary_Urothelial_Hyperplasia,high,0.6774,0.0528,GU::Bladder::Urothelial::Urothelial_Proliferation_of_Uncertain_Malignant_Potential,2359.68,2403.6,39:20,40:04,43.92,"https://storage.googleapis.com/pathology-hub-0/source_videos/GU_Lecture_7_Bladder2.mp4#t=2359.68,2403.6",semantic_gated_v0_2,"Recurrence within five years progresses. This pre-neoplastic process is papillary hyperplasia or UPUMP. UPUMP has two forms: papillary hyperplasia and flat hyperplasia. Both forms have a high rate of recurrence. We use the term papillary hyperplasia for this. Remember, it doesn't mean that the urothelium is actually thickened; it can actually be normal thickness. However, as long as it has these fibrovascular cores, "
GU_Lecture_7_Bladder2,GU Lecture 7 Bladder2,GU::Bladder::Urothelial::Urothelial_Carcinoma_In_Situ,Urothelial Carcinoma In Situ,Urothelial_Carcinoma_In_Situ,high,0.6513,0.0751,GU::Bladder::Urothelial::Non_Invasive_Papillary_Urothelial_Carcinoma,1186.64,1300.32,19:47,21:40,113.68,"https://storage.googleapis.com/pathology-hub-0/source_videos/GU_Lecture_7_Bladder2.mp4#t=1186.64,1300.32",semantic_gated_v0_2,"Getting back to this point, Carcinoma in Situ (CIS) is discohesive. If you cannot definitively diagnose anything, make sure to state that in your reports. I usually comment on predominantly denuded urothelium, noting that nothing diagnostic of carcinoma is seen, but that there is very little to evaluate due to the denudation. It is crucial to correlate with cytology, because if the urothelium is denuding and falling "
GU_Lecture_8_Bladder3,GU Lecture 8 Bladder3,GU::Bladder::Urothelial::Inverted_Urothelial_Papilloma,Inverted Urothelial Papilloma,Inverted_Urothelial_Papilloma,high,0.6722,0.0626,GU::Urinary_Tract::Urothelial_Precursor::Squamous_Papilloma,564.96,686.72,9:25,11:27,121.76,"https://storage.googleapis.com/pathology-hub-0/source_videos/GU_Lecture_8_Bladder3.mp4#t=564.96,686.72",semantic_gated_v0_2,"This histopathology slide presents a classic example of an inverted papilloma, showing a urinary space with epithelium on the surface, which can be followed throughout the entire structure. A key feature, referred to as the 'eyeliner sign,' is a very dark, high nucleo-cytoplasmic ratio basal layer situated along the lamina propria. These inverted papillomas are universally benign tumors that never progress or metasta"
GU_Lecture_8_Bladder3,GU Lecture 8 Bladder3,GU::Bladder::Urothelial::Papillary_Urothelial_Neoplasm_of_Low_Malignant_Potential,Papillary Urothelial Neoplasm of Low Malignant Potential,Papillary_Urothelial_Neoplasm_of_Low_Malignant_Potential,high,0.677,0.051,GU::Bladder::Urothelial::Low_Grade_Papillary_Urothelial_Carcinoma,1936.56,2064.16,32:17,34:24,127.6,"https://storage.googleapis.com/pathology-hub-0/source_videos/GU_Lecture_8_Bladder3.mp4#t=1936.56,2064.16",semantic_gated_v0_2,"The discussion focuses on a papillary tumor featuring fibrovascular cores. The urothelium appears to be of normal thickness in some areas, though hyperplastic or thickened in others. There is maturation, and the nuclei are streaming towards the surface, appearing uniform and not enlarged when compared to surrounding lymphocytes or plasma cells. The speaker questions if it is too thick for a papilloma, and another par"
Gyn_Lecture_10_Ovary4,Gyn Lecture 10 Ovary4,GYN::Ovary::Neoplastic::Germ_Cell::Malignant::Immature_Teratoma,Immature Teratoma,Immature_Teratoma,high,0.7262,0.0534,GYN::Ovary::Neoplastic::Germ_Cell::Benign::Mature_Cystic_Teratoma,1776.84,1892.84,29:37,31:33,116.0,"https://storage.googleapis.com/pathology-hub-0/source_videos/Gyn_Lecture_10_Ovary4.mp4#t=1776.84,1892.84",semantic_gated_v0_2,"The two main issues to focus on with immature teratomas are grading them and reporting gliomatosis peritonei. An immature teratoma is defined as a teratoma containing both immature and mature tissues. Pathogenetically, they typically do not show chromosome 12p abnormalities unless mixed with other germ cell tumor components. They are usually unilateral, large, fleshy, and appear malignant. Microscopically, the most c"
Gyn_Lecture_13_Uterine_Mesenchymal2,Gyn Lecture 13 Uterine Mesenchymal2,GYN::Uterine_Corpus::Mesenchymal::Miscellaneous_Mesenchymal::Perivascular_Epithelioid_Cell_Tumor_PEComa_,Perivascular Epithelioid Cell Tumor PEComa,Perivascular_Epithelioid_Cell_Tumor_PEComa_,high,0.7675,0.0603,GYN::Uterus::Neoplastic::Mesenchymal::Benign::PEComa,789.12,1198.72,13:09,19:59,409.6,"https://storage.googleapis.com/pathology-hub-0/source_videos/Gyn_Lecture_13_Uterine_Mesenchymal2.mp4#t=789.12,1198.72",semantic_gated_v0_2,"Epithelioid leiomyoma is a diagnosis of exclusion, requiring consideration and ruling out of several other conditions. PEComa (perivascular epithelioid cell tumor) is a key differential, with a morphological spectrum that can mimic both leiomyoma and leiomyosarcoma. For the purposes of this discussion, we will focus on the bland end of the PEComa spectrum. Other entities to consider include epithelioid variants of en"
Gyn_Lecture_13_Uterine_Mesenchymal2,Gyn Lecture 13 Uterine Mesenchymal2,GYN::Uterine_Corpus::Mesenchymal::Miscellaneous_Mesenchymal::Perivascular_Epithelioid_Cell_Tumor_PEComa_,Perivascular Epithelioid Cell Tumor PEComa,Perivascular_Epithelioid_Cell_Tumor_PEComa_,high,0.6767,0.051,GYN::Uterus::Neoplastic::Mesenchymal::Benign::PEComa,1200.28,1313.12,20:00,21:53,112.84,"https://storage.googleapis.com/pathology-hub-0/source_videos/Gyn_Lecture_13_Uterine_Mesenchymal2.mp4#t=1200.28,1313.12",semantic_gated_v0_2,"These can be occult lesions, very small, or they can present as bulky tumors. They typically have two growth patterns present, although the amount varies from case to case. The epithelioid pattern on the left-hand side has a sheet-like growth pattern. Sometimes you can see more of an alveolar pattern, which is not shown here. The cytoplasm can be clear to granular or just eosinophilic. And then there's usually a comp"
Gyn_Lecture_3_Cervix_Glandular,Gyn Lecture 3 Cervix Glandular,GYN::Cervix::Congenital_Structural::Remnant::Mesonephric_Remnants,Mesonephric Remnants,Mesonephric_Remnants,high,0.7719,0.0587,GYN::Cervix::Glandular::Benign_Glandular::Mesonephric_Remnants_and_Hyperplasia,338.0,382.0,5:38,6:22,44.0,"https://storage.googleapis.com/pathology-hub-0/source_videos/Gyn_Lecture_3_Cervix_Glandular.mp4#t=338,382",semantic_gated_v0_2,"Another kind of normal remnant is what we call mesonephric remnants. They are remnants of the mesonephric duct during development. One way you notice these mesonephric ducts is they're kind of like these dilated cystic structures filled with this kind of eosinophilic material. They will be deep in the lateral walls of the cervix. Sometimes you will even get this mesonephric duct associated with it, and it kind of alm"
Gyn_Lecture_4_Cervix_Squamous,Gyn Lecture 4 Cervix Squamous,GYN::Cervix::Normal_Histology::Metaplasia::Immature_Squamous_Metaplasia,Immature Squamous Metaplasia,Immature_Squamous_Metaplasia,high,0.7403,0.0762,GYN::Cervix::Normal_Histology::Metaplasia::Transitional_Cell_Metaplasia,321.76,436.36,5:22,7:16,114.6,"https://storage.googleapis.com/pathology-hub-0/source_videos/Gyn_Lecture_4_Cervix_Squamous.mp4#t=321.76,436.36",semantic_gated_v0_2,"Squamous metaplasia is a normal physiologic process seen in cervical biopsies, characterized by the replacement of the columnar cell layer with stratified squamous epithelium. It is recognizable due to the underlying endocervical glands and is located at the transformation zone, typically occurring after puberty due to hormonal changes and vaginal pH fluctuations. This process can be mature or immature and, in some c"
Gyn_Lecture_9_Ovary3,Gyn Lecture 9 Ovary3,GYN::Ovary::Neoplastic::Mixed::Malignant::Mucinous_Cystic_Tumor_With_Mural_Nodules,Mucinous Cystic Tumor With Mural Nodules,Mucinous_Cystic_Tumor_With_Mural_Nodules,high,0.7115,0.0894,GYN::Ovary::Neoplastic::Epithelial::Malignant::Mucinous_Adenocarcinoma,1777.52,1915.44,29:38,31:55,137.92,"https://storage.googleapis.com/pathology-hub-0/source_videos/Gyn_Lecture_9_Ovary3.mp4#t=1777.52,1915.44",semantic_gated_v0_2,"We'll talk about is mural nodule. As I mentioned, these are rare entities. The name nodule comes from the fact that on gross examination, it literally looks like a nodule sitting in the wall of a mucinous tumor. So, where can you see this? You can see this in benign cystadenoma, borderline tumor, and also carcinomas. And then I mentioned the three different types that you can see. So here's an example. It's kind of s"
HN_Lecture_1_Salivary1,HN Lecture 1 Salivary1,HN::Salivary_Gland::Malignant_Tumor::Salivary_Duct_Carcinoma,Salivary Duct Carcinoma,Salivary_Duct_Carcinoma,high,0.6777,0.0686,HN::Salivary_Gland::Malignant_Tumor::Intraductal_Carcinoma,2377.6,2458.48,39:38,40:58,80.88,"https://storage.googleapis.com/pathology-hub-0/source_videos/HN_Lecture_1_Salivary1.mp4#t=2377.6,2458.48",semantic_gated_v0_2,"A big nerve, likely a branch of the facial nerve, shows the tumor infiltrating all around it. This is very common. You also see frequent lymphovascular invasion with salivary duct carcinoma and nodal metastasis. So, in salivary duct carcinoma, there is sometimes a. The component is surrounded by epithelial cells. Unlike breast cancer, there is no need to diligently distinguish between in situ and invasive components "
HN_Lecture_2_Salivary2,HN Lecture 2 Salivary2,HN::Salivary_Gland::Malignant_Tumor::Adenoid_Cystic_Carcinoma,Adenoid Cystic Carcinoma,Adenoid_Cystic_Carcinoma,high,0.7072,0.06,HN::Salivary_Gland::Malignant_Tumor::Sclerosing_Microcystic_Adenocarcinoma,1672.08,1753.84,27:52,29:14,81.76,"https://storage.googleapis.com/pathology-hub-0/source_videos/HN_Lecture_2_Salivary2.mp4#t=1672.08,1753.84",semantic_gated_v0_2,"Adenoid cystic carcinoma tends to be categorized among basaloid salivary gland tumors, often identified by its cytology. It features small cells, which should exhibit a distinct bilayer morphology unless there is high-grade transformation. Occasionally, myoepithelial cells may have clear cytoplasm, but this is not a universal feature. The tumor presents with cribriform, tubular, and solid growth patterns. A consisten"
HN_Lecture_2_Salivary2,HN Lecture 2 Salivary2,HN::Salivary_Gland::Malignant_Tumor::Adenoid_Cystic_Carcinoma,Adenoid Cystic Carcinoma,Adenoid_Cystic_Carcinoma,high,0.69,0.0632,HN::Salivary_Gland::Malignant_Tumor::Sclerosing_Microcystic_Adenocarcinoma,1756.16,1893.76,29:16,31:34,137.6,"https://storage.googleapis.com/pathology-hub-0/source_videos/HN_Lecture_2_Salivary2.mp4#t=1756.16,1893.76",semantic_gated_v0_2,"Adenoid cystic carcinoma is graded based on the percentage of its solid component, with 30% serving as a key cut-off. If there is no solid component, it is considered low grade (Grade 1, predominantly tubular). If the solid component is less than 30%, it is intermediate grade (Grade 2), and if greater than 30%, it is high grade (Grade 3). It is crucial to distinguish high-grade adenoid cystic carcinoma from adenoid c"
HN_Lecture_2_Salivary2,HN Lecture 2 Salivary2,HN::Salivary_Gland::Malignant_Tumor::Mucoepidermoid_Carcinoma,Mucoepidermoid Carcinoma,Mucoepidermoid_Carcinoma,high,0.653,0.0887,HN::Salivary_Gland::Malignant_Tumor::Epithelial_Myoepithelial_Carcinoma,462.24,582.24,7:42,9:42,120.0,"https://storage.googleapis.com/pathology-hub-0/source_videos/HN_Lecture_2_Salivary2.mp4#t=462.24,582.24",semantic_gated_v0_2,"Mucoepidermoid carcinoma is predominantly low-grade. MYB-NOTCH mutations are not enough to classify a tumor as high-grade transformation if it's cytomorphologically low-grade, but they indicate a worse prognosis than tumors with just an MYB translocation. Mucoepidermoid carcinoma tends to look infiltrative; however, it somewhat recapitulates the native ducts. For a very superficial tumor arising from minor glands, wh"
HN_Lecture_2_Salivary2,HN Lecture 2 Salivary2,HN::Salivary_Gland::Malignant_Tumor::Polymorphous_Adenocarcinoma,Polymorphous Adenocarcinoma,Polymorphous_Adenocarcinoma,high,0.6822,0.0889,HN::Salivary_Gland::Malignant_Tumor::Carcinoma_Ex_Pleomorphic_Adenoma,979.28,1048.96,16:19,17:29,69.68,"https://storage.googleapis.com/pathology-hub-0/source_videos/HN_Lecture_2_Salivary2.mp4#t=979.28,1048.96",semantic_gated_v0_2,"Polymorphous adenocarcinoma, formerly known as polymorphous low-grade adenocarcinoma (PLGA), is a monophasic tumor. It exhibits infiltrative and streaming tubules, often with characteristic targetoid perineural invasion. Immunohistochemically, it is diffusely positive for S-100 and P63, demonstrating a characteristic immunophenotype of P40 negative and P63 positive. The genetic underpinning involves alterations in PR"
HN_Lecture_6_Oral,HN Lecture 6 Oral,HN::Oral_Cavity::Inflammatory::Lichen_Planus,Lichen Planus,Lichen_Planus,high,0.6968,0.211,HN::Oral::Malignant_Potential::Proliferative_Verrucous_Leukoplakia,2420.16,2526.96,40:20,42:07,106.8,"https://storage.googleapis.com/pathology-hub-0/source_videos/HN_Lecture_6_Oral.mp4#t=2420.16,2526.96",semantic_gated_v0_2,"Lichen Planus is an oral disease named by Erasmus Wilson, an 18th or 19th-century polymath, who thought the condition resembled lichen growing on rocks and trees (Plenus meaning flat). This condition affects about 1 to 2% of the adult population and is quite common, though its cause is unknown. It typically occurs in the mouth and on the skin, often together. Clinically, the oral lesions are characterized by white, l"
HN_Lecture_6_Oral,HN Lecture 6 Oral,HN::Oral_Cavity::Inflammatory::Lichen_Planus,Lichen Planus,Lichen_Planus,high,0.653,0.1988,HN::Oral::Malignant_Potential::Proliferative_Verrucous_Leukoplakia,2526.96,2665.6,42:07,44:26,138.64,"https://storage.googleapis.com/pathology-hub-0/source_videos/HN_Lecture_6_Oral.mp4#t=2526.96,2665.6",semantic_gated_v0_2,"Under the microscope, three things are needed to make the diagnosis: hyperkeratosis, band-like infiltrative lymphocytes in the sub-epithelial lamina propria, and evidence of interface changes affecting the basal keratinocytes. These cases consistently show hyperkeratosis, band-like infiltrated lymphocytes, and interface changes affecting the basal keratinocytes. In every diagnosis of Lichen Planus, direct immunofluor"
yt_pathcast_pathboards_high_yield_molecular_pathology_for_bo_8vtubijae2i,#PATHBOARDS High-Yield Molecular Pathology for Boards: Part 2 (Hematolymphoid Tumors) (pathCast),Heme::Acute_Myeloid_Leukemia::Genetic_Defined::AML_With_MECOM_Rearrangement,AML With MECOM Rearrangement,AML_With_MECOM_Rearrangement,high,0.7028,0.0871,Heme::Acute_Myeloid_Leukemia::Genetic_Defined::AML_With_KMT2A_Rearrangement,2196.96,2333.68,36:37,38:54,136.72,https://www.youtube.com/watch?v=8VTUbIjAE2I&t=2196s,semantic_gated_v0_2,"near threshold for 20%. Um so, this turned out to be a MECOM rearranged case of AML. So, an AML with a MECOM rearrangement. Um and I brought this up for a couple of reasons. Um it has kind of an alternative mechanism with the um leading to the MECOM overexpression. So, this is one uh it's not something you can use for the uh MRD tracking because um it's very hard to design um reliable uh MRD kind of tracking primers "
yt_pathcast_pathboards_high_yield_molecular_pathology_for_bo_8vtubijae2i,#PATHBOARDS High-Yield Molecular Pathology for Boards: Part 2 (Hematolymphoid Tumors) (pathCast),Heme::Myelodysplastic_Neoplasm::Genetic_Defined::MDS_With_Low_Blasts_And_SF3B1_Mutation,MDS With Low Blasts And SF3B1 Mutation,MDS_With_Low_Blasts_And_SF3B1_Mutation,high,0.6573,0.0536,Heme::Myelodysplastic_Neoplasm::Morphologic_Defined::MDS_With_Increased_Blasts,2878.44,3018.16,47:58,50:18,139.72,https://www.youtube.com/watch?v=8VTUbIjAE2I&t=2878s,semantic_gated_v0_2,"define diseases. Uh, So, first image we've got a Prussian blue iron stain. We've got these erythroid cells and we've got these little dots around them. So, probably thinking, you know, this is a ring sideroblast. It's around more than a third of the nucleus. There's definitely more than five granules. Um so, ring sideroblast. Then once you see one, you start to see more than one. You start to see them all around. So,"
Heme_SH_Aggressive_B_Cell,Heme SH Aggressive B Cell,Heme::Mature_B_Cell::Large_B_Cell::DLBCL_High_Grade_With_MYC_And_BCL2_Rearrangements,DLBCL High Grade With MYC And BCL2 Rearrangements,DLBCL_High_Grade_With_MYC_And_BCL2_Rearrangements,high,0.6672,0.0558,Heme::Mature_B_Cell::Large_B_Cell::Primary_Large_B_Cell_Lymphoma_Of_Immune_Privileged_Sites,2488.23,2622.93,41:28,43:43,134.7,"https://storage.googleapis.com/pathology-hub-0/source_videos/Heme_SH_Aggressive_B_Cell.mp4#t=2488.23,2622.93",semantic_gated_v0_2,"immunophenotypic populations on clonal B cells. One thing to note is that CD5 staining is often somewhat weaker than seen on non-neoplastic T cells. In addition, these cases tend to also express BCL2 fairly strongly. It is important in these cases to perform cyclone D1 immunohistochemistry to exclude a diagnosis of pliomorphic mantle cell lymphoma, which is quite distinct from DLBCL and would elicit a very different "
Heme_SH_Aggressive_B_Cell,Heme SH Aggressive B Cell,Heme::Mature_B_Cell::Large_B_Cell::DLBCL_High_Grade_With_MYC_And_BCL2_Rearrangements,DLBCL High Grade With MYC And BCL2 Rearrangements,DLBCL_High_Grade_With_MYC_And_BCL2_Rearrangements,high,0.6901,0.0791,Heme::Mature_B_Cell::Large_B_Cell::High_Grade_B_Cell_Lymphoma_NOS,4503.68,4641.14,1:15:04,1:17:21,137.46,"https://storage.googleapis.com/pathology-hub-0/source_videos/Heme_SH_Aggressive_B_Cell.mp4#t=4503.68,4641.14",semantic_gated_v0_2,"And then finally, in the last scenario, if a double hit rearrangement is absent, meaning that you essentially have maybe a MIC rearrangement alone or a BCL2 or BCL6 rearrangement alone or the all three probes on fish are negative, then you basically have to be, you're back at, in some ways, square one, you're looking back at the morphology. So in a case of typical DLBCLL with typical DLBCL morphology, of course, if a"
Heme_SH_BM_Failure_Syndromes,Heme SH BM Failure Syndromes,Heme::Genetics::Fanconi_Anemia,Fanconi Anemia,Fanconi_Anemia,high,0.6588,0.0578,Heme::Non_Neoplastic::Erythrocyte::Diamond_Blackfan_Anemia,2731.44,2868.95,45:31,47:49,137.51,"https://storage.googleapis.com/pathology-hub-0/source_videos/Heme_SH_BM_Failure_Syndromes.mp4#t=2731.44,2868.95",semantic_gated_v0_2,"that are present. These can often be transient going away in a matter of weeks. Some patients may not actually come to medical attention until they develop MDS or AML, and the underlying fancones may not have been appreciated. Ancones is established by demonstrating sensitivity of the chromosomes to DNA damaging agents. And so we use this diagnostically. Basically, we take cells, culture them just like you would for "
Heme_SH_BM_Failure_Syndromes,Heme SH BM Failure Syndromes,Heme::Genetics::Fanconi_Anemia,Fanconi Anemia,Fanconi_Anemia,high,0.6853,0.1281,Heme::Non_Neoplastic::Erythrocyte::Diamond_Blackfan_Anemia,2868.95,3003.91,47:49,50:04,134.96,"https://storage.googleapis.com/pathology-hub-0/source_videos/Heme_SH_BM_Failure_Syndromes.mp4#t=2868.95,3003.91",semantic_gated_v0_2,"in families with Fancone's to date. Almost all of these are inherited in an autosomal dominant fashion, but there is a small subset that is inherited in an excellent recessive fashion. The table shows you the different genes that are mutated in families with Fancone's anemia. The most prevalent of these is what's called Fancone A, Fankana, which is mutated in about 60% of cases. And then most of these others. are mut"
Heme_SH_Histiocytic,Heme SH Histiocytic,Heme::Histiocytic_Dendritic_Cell::Macrophage::Erdheim_Chester_Disease,Erdheim Chester Disease,Erdheim_Chester_Disease,high,0.6604,0.1391,Heme::T_NK_Cell::Mature_T_NK_Cell::Cutaneous_T_Cell::Primary_Cutaneous_CD30_positive_T_cell_Lymphoproliferative_Disorder_Primary_Cutaneous_Anaplastic_Large_Cell_Lymphoma,2056.84,2188.89,34:17,36:29,132.05,"https://storage.googleapis.com/pathology-hub-0/source_videos/Heme_SH_Histiocytic.mp4#t=2056.84,2188.89",semantic_gated_v0_2,"CD14, CD-68, and CD-163. Factor 13A has been used to help recognize these lesions, and that's thought to be characteristic of dermal dendritic cells. These cells are negative for CD1A and S-100. The prognosis in these cases is somewhat variable. For patients with cutaneous disease, there's typically a good prognosis. This is often self-limited, with a course that can last months to years. For more widespread disease,"
Heme_SH_Histiocytic,Heme SH Histiocytic,Heme::Histiocytic_Dendritic_Cell::Macrophage::Hemophagocytic_Lymphohistiocytosis_HLH,Hemophagocytic Lymphohistiocytosis HLH,Hemophagocytic_Lymphohistiocytosis_HLH,high,0.7141,0.1016,Heme::Histiocytic_Dendritic_Cell::Macrophage::Histiocytic_Sarcoma,277.52,414.56,4:38,6:55,137.04,"https://storage.googleapis.com/pathology-hub-0/source_videos/Heme_SH_Histiocytic.mp4#t=277.52,414.56",semantic_gated_v0_2,"thought to represent differentiated macrophages. There are several different ways to classify histoacidic lesions. The current slide shows you a classification scheme published by a group called the Histiocytes Society in 2016. This classification incorporates both reactive and neoplastic proliferation of histocytes together into certain groups that have biologic similarities. The WHO, however, took a slightly differ"
Heme_SH_Histiocytic,Heme SH Histiocytic,Heme::Histiocytic_Dendritic_Cell::Macrophage::Hemophagocytic_Lymphohistiocytosis_HLH,Hemophagocytic Lymphohistiocytosis HLH,Hemophagocytic_Lymphohistiocytosis_HLH,high,0.7111,0.1809,Heme::Mature_T_NK_Cell::EBV_Positive::Hydroa_Vacciniforme_Lymphoproliferative_Disorder,414.58,553.98,6:55,9:14,139.4,"https://storage.googleapis.com/pathology-hub-0/source_videos/Heme_SH_Histiocytic.mp4#t=414.58,553.98",semantic_gated_v0_2,"proliferation and activation of macrophages. And that results in this very fulminant clinical course. These patients can be treated with immunosuppression, but often they have to be treated with chemotherapy and sometimes bone marrow transplant. Without therapy, HLH has a very high mortality rate approaching that of an untreated acute leukemia. in HLH is a dysfunction of cytotoxic lymphocytes, either nk cells or T ce"
Heme_SH_Histiocytic,Heme SH Histiocytic,Heme::Histiocytic_Dendritic_Cell::Macrophage::Hemophagocytic_Lymphohistiocytosis_HLH,Hemophagocytic Lymphohistiocytosis HLH,Hemophagocytic_Lymphohistiocytosis_HLH,high,0.7266,0.1676,Heme::Mature_T_NK_Cell::EBV_Positive::Hydroa_Vacciniforme_Lymphoproliferative_Disorder,555.18,688.44,9:15,11:28,133.26,"https://storage.googleapis.com/pathology-hub-0/source_videos/Heme_SH_Histiocytic.mp4#t=555.18,688.44",semantic_gated_v0_2,"Commonly, these are infection associated, especially viral, specifically EBV. But you can see HLH associated with basically any type of infection. Some cases arise as a perineoplastic phenomenon. And commonly, these are associated with lymphomas. Hodgkins would be one of the more common examples I've seen. Other times, they arise in association with autoimmune disorders. In particular, there's a well-known associatio"
Heme_SH_Histiocytic,Heme SH Histiocytic,Heme::Histiocytic_Dendritic_Cell::Other_Dendritic::Interdigitating_Dendritic_Cell_Sarcoma,Interdigitating Dendritic Cell Sarcoma,Interdigitating_Dendritic_Cell_Sarcoma,high,0.7034,0.059,Heme::Histiocytic_Dendritic_Cell::Other_Dendritic::Indeterminate_Dendritic_Cell_Tumor,2736.38,2875.99,45:36,47:56,139.61,"https://storage.googleapis.com/pathology-hub-0/source_videos/Heme_SH_Histiocytic.mp4#t=2736.38,2875.99",semantic_gated_v0_2,"Down to higher power, within that area, you're going to find small lymphocytes, and then these scattered histocytes. And if you look at the nuclei of these cells, they're quite drawn out, almost rectangular, but then they're really quite folded. And if you could focus up and down on this, you'd see these folds or cleaves that are present in these cells. So cytologically, these actually look a lot like Langerhand cell"
Heme_SH_Histiocytic,Heme SH Histiocytic,Heme::Histiocytic_Dendritic_Cell::Macrophage::Juvenile_Xanthogranuloma,Juvenile Xanthogranuloma,Juvenile_Xanthogranuloma,high,0.7219,0.2408,Heme::Histiocytic_Dendritic_Cell::Plasmacytoid::Mature_Plasmacytoid_Dendritic_Cell_Proliferation,1926.19,2056.82,32:06,34:17,130.63,"https://storage.googleapis.com/pathology-hub-0/source_videos/Heme_SH_Histiocytic.mp4#t=1926.19,2056.82",semantic_gated_v0_2,"Next we'll talk about juvenile Xanthagraneloma and its related neoplasms. There is a spectrum of what are thought to be related tumors known as the juvenile XG These are proliferations of dermal dendritic cells. These typically present younger children with a median age of two. There's a male predominance. Solitary lesions are most common, but you can see patients present with multiple lesions, especially on the head"
Heme_SH_Histiocytic,Heme SH Histiocytic,Heme::Histiocytic_Dendritic_Cell::Macrophage::Rosai_Dorfman_Disease,Rosai Dorfman Disease,Rosai_Dorfman_Disease,high,0.7239,0.2378,Heme::Histiocytic_Dendritic_Cell::Macrophage::Erdheim_Chester_Disease,826.96,966.21,13:47,16:06,139.25,"https://storage.googleapis.com/pathology-hub-0/source_videos/Heme_SH_Histiocytic.mp4#t=826.96,966.21",semantic_gated_v0_2,a reactive increase in the numbers of histocytes or monocytes in the bone marrow. This slide shows you some of the more common causes that can be associated with increased histocytes and monocytes. So you should have a fairly broad differential diagnosis and correlating with the clinical impression is quite important here. Now we're going to switch gears and talk about Rosidorfman disease. So Rosidorfman disease is a
Heme_SH_Histiocytic,Heme SH Histiocytic,Heme::Histiocytic_Dendritic_Cell::Macrophage::Rosai_Dorfman_Disease,Rosai Dorfman Disease,Rosai_Dorfman_Disease,high,0.6723,0.1602,Heme::Histiocytic_Dendritic_Cell::Macrophage::Erdheim_Chester_Disease,966.21,1102.24,16:06,18:22,136.03,"https://storage.googleapis.com/pathology-hub-0/source_videos/Heme_SH_Histiocytic.mp4#t=966.21,1102.24",semantic_gated_v0_2,"and then there's very abundant eosinophilic cytoplasm, and within the cytoplasm, you can see we have small lymphocytes and plasma cells mixed in. In terms of phenotype, the histocytes here are positive for CD14 and CD68, they're positive for S-100, and negative for CD1A. At low power, Rosidorfman disease typically is this very heterogeneous-looking pale appearance. Sometimes it has this vaguely sort of world appearan"
Heme_SH_Hodgkin_NLP,Heme SH Hodgkin NLP,Heme::Hodgkin_Lymphoma::Nodular_Lymphocyte_Predominant_Hodgkin_Lymphoma,Nodular Lymphocyte Predominant Hodgkin Lymphoma,Nodular_Lymphocyte_Predominant_Hodgkin_Lymphoma,high,0.7159,0.0978,Heme::Mature_B_Cell::Large_B_Cell::Primary_Large_B_Cell_Lymphoma_Of_Immune_Privileged_Sites,7.51,143.87,0:08,2:24,136.36,"https://storage.googleapis.com/pathology-hub-0/source_videos/Heme_SH_Hodgkin_NLP.mp4#t=7.51,143.87",semantic_gated_v0_2,"variant patterns, borderlines, and mimics. I have nothing to disclose. I will cover the definition and clinical features of nodular lymphocyte predominant. Hodgkin lymphoma discuss variant patterns, progression, and borderlines with large B and classic Hodgkin lymphomas, and then talk about some case examples. as differential diagnostic considerations in making this diagnosis. The WHO 2016 classification defines nodu"
Heme_SH_Hodgkin_NLP,Heme SH Hodgkin NLP,Heme::Hodgkin_Lymphoma::Nodular_Lymphocyte_Predominant_Hodgkin_Lymphoma,Nodular Lymphocyte Predominant Hodgkin Lymphoma,Nodular_Lymphocyte_Predominant_Hodgkin_Lymphoma,high,0.6676,0.0975,Heme::Hodgkin_Lymphoma::Classic_Hodgkin_Lymphoma,144.41,282.93,2:24,4:43,138.52,"https://storage.googleapis.com/pathology-hub-0/source_videos/Heme_SH_Hodgkin_NLP.mp4#t=144.41,282.93",semantic_gated_v0_2,"At least some nodularity is required for the diagnosis, and you can have varying numbers of LP cells within and outside the B cell nodules. The background is rich in limfocleousine. and hystocytes. At higher magnification, you can appreciate numerous large at atypical cells that resemble popcorn and also the background of small lymphocytes. The immunopinotype of nodular lymphocyte predominant hotchkin lymphoma is typ"
Heme_SH_Hodgkin_NLP,Heme SH Hodgkin NLP,Heme::Hodgkin_Lymphoma::Nodular_Lymphocyte_Predominant_Hodgkin_Lymphoma,Nodular Lymphocyte Predominant Hodgkin Lymphoma,Nodular_Lymphocyte_Predominant_Hodgkin_Lymphoma,high,0.6557,0.0795,Heme::Hodgkin_Lymphoma::Classic_Hodgkin_Lymphoma,283.33,416.48,4:43,6:56,133.15,"https://storage.googleapis.com/pathology-hub-0/source_videos/Heme_SH_Hodgkin_NLP.mp4#t=283.33,416.48",semantic_gated_v0_2,"Sometimes this may mask the findings of nodular lymphocyte predominant Hodgkin and lead to an erroneous diagnosis of T-cell lymphoma. So this is something to be aware of. A number of years ago, we were interested in characterizing variant patterns in nodular lymphocyte predominant Hodgkin lymphoma and undertook a study of 118 patients with 137 biopsies since several of these patients had multiple biopsies over time. "
Heme_SH_Hodgkin_NLP,Heme SH Hodgkin NLP,Heme::Hodgkin_Lymphoma::Nodular_Lymphocyte_Predominant_Hodgkin_Lymphoma,Nodular Lymphocyte Predominant Hodgkin Lymphoma,Nodular_Lymphocyte_Predominant_Hodgkin_Lymphoma,high,0.6778,0.0952,Heme::Mature_B_Cell::Large_B_Cell::EBV_Positive_Diffuse_Large_B_Cell_Lymphoma,553.94,691.65,9:14,11:32,137.71,"https://storage.googleapis.com/pathology-hub-0/source_videos/Heme_SH_Hodgkin_NLP.mp4#t=553.94,691.65",semantic_gated_v0_2,"with other parameters and ancillary studies. to exclude other entities in the differential diagnosis. In an interesting study of IGD expression, Dr. Prokash and colleagues described a unique subset of of nodular lymphocide predominant Hodgkin lymphomers where IGD was positive in LP cells. These patients tended to have a younger median age and were predominantly male and presented with cervical positive LP cells had a"
Heme_SH_Hodgkin_NLP,Heme SH Hodgkin NLP,Heme::Hodgkin_Lymphoma::Nodular_Lymphocyte_Predominant_Hodgkin_Lymphoma,Nodular Lymphocyte Predominant Hodgkin Lymphoma,Nodular_Lymphocyte_Predominant_Hodgkin_Lymphoma,high,0.6831,0.0684,Heme::Mature_B_Cell::Large_B_Cell::T_Cell_Histiocyte_Rich_Large_B_Cell_Lymphoma,691.65,825.95,11:32,13:46,134.3,"https://storage.googleapis.com/pathology-hub-0/source_videos/Heme_SH_Hodgkin_NLP.mp4#t=691.65,825.95",semantic_gated_v0_2,"WHO 2016 classification. It is characterized by a limited number of scattered large atypical cells in the background of abundant T-cells and histocytes. It may arise de novo but can also progress from nodular lymphocyte predominant Hodgkin lymphoma, and this connection is becoming increasingly understood. It typically presents in middle age with systemic involvement and B symptoms. Greater than 50% of patients at pre"
Heme_SH_Hodgkin_NLP,Heme SH Hodgkin NLP,Heme::Hodgkin_Lymphoma::Nodular_Lymphocyte_Predominant_Hodgkin_Lymphoma,Nodular Lymphocyte Predominant Hodgkin Lymphoma,Nodular_Lymphocyte_Predominant_Hodgkin_Lymphoma,high,0.6749,0.1171,Heme::Hodgkin_Lymphoma::Classic_Hodgkin_Lymphoma,962.2,1097.46,16:02,18:17,135.26,"https://storage.googleapis.com/pathology-hub-0/source_videos/Heme_SH_Hodgkin_NLP.mp4#t=962.2,1097.46",semantic_gated_v0_2,"and the extent of the nodularity as well as showing whether there is focal progression. Additional transcription factors, CD45, etc. can also be helpful. Use caution in the interpretation. of PD1 because this can be found not only in nodular lymphocyte predominant Hodgkin lymphoma with classic architecture, but also in reactive conditions and progressive transformation of germinal centers which are in the differentia"
Heme_SH_Hodgkin_NLP,Heme SH Hodgkin NLP,Heme::Hodgkin_Lymphoma::Nodular_Lymphocyte_Predominant_Hodgkin_Lymphoma,Nodular Lymphocyte Predominant Hodgkin Lymphoma,Nodular_Lymphocyte_Predominant_Hodgkin_Lymphoma,high,0.6986,0.0741,Heme::Hodgkin_Lymphoma::Classic_Hodgkin_Lymphoma,1787.04,1925.84,29:47,32:06,138.8,"https://storage.googleapis.com/pathology-hub-0/source_videos/Heme_SH_Hodgkin_NLP.mp4#t=1787.04,1925.84",semantic_gated_v0_2,"raises classic Hodgkin lymphoma in the differential diagnosis. But putting all of these together, the diagnosis of nodular lymphocyte predominant Hodgkin lymphoma was made. The challenges encountered in this case are very nicely described in a paper by Dr. Sohani and colleagues of nodular lymphocyte predominant Hodgkin lymphoma with atypical T cells. In this case, they studied 11 patients who had an intensely positiv"
Heme_SH_Hodgkin_NLP,Heme SH Hodgkin NLP,Heme::Hodgkin_Lymphoma::Nodular_Lymphocyte_Predominant_Hodgkin_Lymphoma,Nodular Lymphocyte Predominant Hodgkin Lymphoma,Nodular_Lymphocyte_Predominant_Hodgkin_Lymphoma,high,0.673,0.0987,Heme::Hodgkin_Lymphoma::Classic_Hodgkin_Lymphoma,2204.23,2337.91,36:44,38:58,133.68,"https://storage.googleapis.com/pathology-hub-0/source_videos/Heme_SH_Hodgkin_NLP.mp4#t=2204.23,2337.91",semantic_gated_v0_2,"at 87% and overall survival at 98% across the entire cohort. There were several different kinds of treatment that were employed in the treatment of these patients and included radiation therapy, retoxymab and radiation or retoxymab alone. Large cell transformation occurred in 3.8% of patients and was higher in patients who had variant patterns at diagnosis or had more than two sites of involvement. And this study ver"
Heme_SH_Hodgkin_Overview,Heme SH Hodgkin Overview,Heme::Mature_B_Cell::Large_B_Cell::Mediastinal_Grey_Zone_Lymphoma,Mediastinal Grey Zone Lymphoma,Mediastinal_Grey_Zone_Lymphoma,high,0.6906,0.0688,Heme::Mature_B_Cell::Marginal_Zone::Primary_Cutaneous_Marginal_Zone_Lymphoma,1242.59,1380.72,20:43,23:01,138.13,"https://storage.googleapis.com/pathology-hub-0/source_videos/Heme_SH_Hodgkin_Overview.mp4#t=1242.59,1380.72",semantic_gated_v0_2,"These so-called gray zone lymphomas exhibit a morphologic and immunophonitic continuum and are difficult to readily classify as either PMBL or Hodgkins, with frequent Clinically, they're similar to the parent entities, except for a male predominance. And composite lymphomas and sequential lymphomas like the case I presented earlier are a related phenomenon Here is an example of one. example of one such gray zone lymp"
Heme_SH_Hodgkin_Overview,Heme SH Hodgkin Overview,Heme::Mature_B_Cell::Large_B_Cell::Mediastinal_Grey_Zone_Lymphoma,Mediastinal Grey Zone Lymphoma,Mediastinal_Grey_Zone_Lymphoma,high,0.6534,0.0883,Heme::Mature_B_Cell::Marginal_Zone::Primary_Cutaneous_Marginal_Zone_Lymphoma,1380.72,1514.58,23:01,25:15,133.86,"https://storage.googleapis.com/pathology-hub-0/source_videos/Heme_SH_Hodgkin_Overview.mp4#t=1380.72,1514.58",semantic_gated_v0_2,"is strongly positive, although CD-15 was negative. This particular histologic pattern with Reed-Stermberg-like morphology, but retention of the B-cell program is probably the most common pattern we see in gray zone lymphomas. Now, it's important to make the diagnosis of grazone lymphoma only when there is a high density of malignant cells because there are cases of classic Hodgkins lymphoma in which the CD20 expressi"
Heme_SH_Hodgkin_Overview,Heme SH Hodgkin Overview,Heme::Mature_B_Cell::Large_B_Cell::Mediastinal_Grey_Zone_Lymphoma,Mediastinal Grey Zone Lymphoma,Mediastinal_Grey_Zone_Lymphoma,high,0.6678,0.0968,Heme::Mature_B_Cell::Marginal_Zone::Pediatric_Nodal_Marginal_Zone_Lymphoma,1514.58,1650.63,25:15,27:31,136.05,"https://storage.googleapis.com/pathology-hub-0/source_videos/Heme_SH_Hodgkin_Overview.mp4#t=1514.58,1650.63",semantic_gated_v0_2,"age at presentation of 55 years. They tend not to show the male predominance that's seen in mediastinal gray zone lymphoma. And interestingly by fish, they showed fairly similar fish aberrations with one significant difference. In this particular study, aberrations at 9p24 affecting Jack 2 and PDL2 were more frequented patients with mediastinal disease than patients with non-medistinal disease. So what about other bi"
Heme_SH_Hodgkin_Overview,Heme SH Hodgkin Overview,Heme::Hodgkin_Lymphoma::Nodular_Lymphocyte_Predominant_Hodgkin_Lymphoma,Nodular Lymphocyte Predominant Hodgkin Lymphoma,Nodular_Lymphocyte_Predominant_Hodgkin_Lymphoma,high,0.6882,0.1097,Heme::Mature_B_Cell::Large_B_Cell::Primary_Large_B_Cell_Lymphoma_Of_Immune_Privileged_Sites,2588.05,2719.51,43:08,45:20,131.46,"https://storage.googleapis.com/pathology-hub-0/source_videos/Heme_SH_Hodgkin_Overview.mp4#t=2588.05,2719.51",semantic_gated_v0_2,"a peak incidence in the fourth and fifth decade. Most patients present with localized disease. The disease tends to spare the medestinum and present in peripheral lymph nodes such as cervical axillary or anguinal. A nodular lymphocyte predominant has a very good prognosis and often has an indolent clinical course with a long natural history. It's interesting that some of these patients relapse very late, and these ve"
Heme_SH_Hodgkin_T_NK_Cell_1,Heme SH Hodgkin T NK Cell 1,Heme::Mature_T_NK_Cell::Anaplastic_Large_Cell::ALK_Positive_Anaplastic_Large_Cell_Lymphoma,ALK Positive Anaplastic Large Cell Lymphoma,ALK_Positive_Anaplastic_Large_Cell_Lymphoma,high,0.7146,0.0518,Heme::Mature_T_NK_Cell::Anaplastic_Large_Cell::ALK_Negative_Anaplastic_Large_Cell_Lymphoma,2467.72,2603.78,41:08,43:24,136.06,"https://storage.googleapis.com/pathology-hub-0/source_videos/Heme_SH_Hodgkin_T_NK_Cell_1.mp4#t=2467.72,2603.78",semantic_gated_v0_2,"overlying hypercarotosis, and a fairly non-specific lymphocytic infiltrate, that's perivascular in distribution with some infiltration of the epidermis, but the cells do not show cytologic atypia. However, here by immunohistochychemistry, you can see that the cells are positive for CD3. They were also strongly positive for CD25, and HD1 virus was confirmed to be present by PCR. This slide is from a large series of ca"
Heme_SH_Hodgkin_T_NK_Cell_1,Heme SH Hodgkin T NK Cell 1,Heme::Mature_T_NK_Cell::Other::Peripheral_T_Cell_Lymphoma_NOS,Peripheral T Cell Lymphoma NOS,Peripheral_T_Cell_Lymphoma_NOS,high,0.7487,0.0627,Heme::Mature_T_NK_Cell::Cutaneous::Primary_Cutaneous_Peripheral_T_Cell_Lymphoma_NOS,291.92,424.43,4:52,7:04,132.51,"https://storage.googleapis.com/pathology-hub-0/source_videos/Heme_SH_Hodgkin_T_NK_Cell_1.mp4#t=291.92,424.43",semantic_gated_v0_2,"A peripheral T-cell lymphoma not otherwise specified is by definition a diagnosis of exclusion and therefore a heterogeneous category. These tumors are characterized by a broad morphologic spectrum, but some of the newer approaches try and relate these tumors to normal. functional subsets. Peripheral T-cell lymphoma NOS is analogous to diffuse large B-cell lymphoma in that it appears to represent an end point of tran"
Heme_SH_Hodgkin_T_NK_Cell_2,Heme SH Hodgkin T NK Cell 2,Heme::Mature_T_NK_Cell::Anaplastic_Large_Cell::Breast_Implant_Associated_Anaplastic_Large_Cell_Lymphoma,Breast Implant Associated Anaplastic Large Cell Lymphoma,Breast_Implant_Associated_Anaplastic_Large_Cell_Lymphoma,high,0.6666,0.0925,Heme::Mature_T_NK_Cell::Anaplastic_Large_Cell::ALK_Positive_Anaplastic_Large_Cell_Lymphoma,569.21,702.94,9:29,11:43,133.73,"https://storage.googleapis.com/pathology-hub-0/source_videos/Heme_SH_Hodgkin_T_NK_Cell_2.mp4#t=569.21,702.94",semantic_gated_v0_2,"And for this reason, it's important to carefully examine the capsule. the capsule upon removal for evidence of tumor invasion. Here's another case of breast implant associated ALCL, and you can see the capsule with atypical a typical cells fairly numerous just beneath the cavity lining. At higher power, you could see the cytologic atypia, but obvious invasion is a lot of the cyllogic atypia. But obvious invasion is a"
Heme_SH_Hodgkin_T_NK_Cell_2,Heme SH Hodgkin T NK Cell 2,Heme::Mature_T_NK_Cell::EBV_Positive::Systemic_EBV_Positive_T_Cell_Lymphoma_Of_Childhood,Systemic EBV Positive T Cell Lymphoma Of Childhood,Systemic_EBV_Positive_T_Cell_Lymphoma_Of_Childhood,high,0.6727,0.0569,Heme::Mature_T_NK_Cell::EBV_Positive::EBV_Positive_Nodal_T_NK_Cell_Lymphoma,2604.68,2740.96,43:25,45:41,136.28,"https://storage.googleapis.com/pathology-hub-0/source_videos/Heme_SH_Hodgkin_T_NK_Cell_2.mp4#t=2604.68,2740.96",semantic_gated_v0_2,"This case showed clonal T-cell gene rearrangement. Here's another case presenting an 11-month-old Intuit Alaskan male, and the lymph node shows diffuse infiltration with marked cytologic atypia. Note the numerous mitotic figures. In addition, there are scattered hystocytes, and you can appreciate here evidence of erythrophagic Acetosis associated with a hemophagocytic syndrome in this patient. Here are the immunohest"
Heme_SH_IA_LPD,Heme SH IA LPD,Heme::Immune_Deficiency_Associated::EBV_Positive_Mucocutaneous_Ulcer,EBV Positive Mucocutaneous Ulcer,EBV_Positive_Mucocutaneous_Ulcer,high,0.6885,0.1195,Heme::Mature_B_Cell::Large_B_Cell::EBV_Positive_Diffuse_Large_B_Cell_Lymphoma,833.93,967.31,13:54,16:07,133.38,"https://storage.googleapis.com/pathology-hub-0/source_videos/Heme_SH_IA_LPD.mp4#t=833.93,967.31",semantic_gated_v0_2,"mucosa skin or the GI tract. It usually has a polymorphous infiltrate with Reed-Sternberg like cells and can mimic both classic Hodgkin as well as EBB positive diffuse large B-cell lymphoma. They are self-limiting and indolent but can have both B-cell as well as T-cell receptor clonality, so it is very important to know about them so that they are not misdiagnosed as Hodgkin or large B cell lymphomas. It is thought t"
Heme_SH_IA_LPD,Heme SH IA LPD,Heme::Immune_Deficiency_Associated::Polymorphic_Lymphoproliferative_Disorder,Polymorphic Lymphoproliferative Disorder,Polymorphic_Lymphoproliferative_Disorder,high,0.6778,0.0762,Heme::Mature_B_Cell::Large_B_Cell::EBV_Positive_Diffuse_Large_B_Cell_Lymphoma,556.68,694.66,9:17,11:35,137.98,"https://storage.googleapis.com/pathology-hub-0/source_videos/Heme_SH_IA_LPD.mp4#t=556.68,694.66",semantic_gated_v0_2,"Bone marrow was normal with no hemophagicic lymphohistocytosis and cytosis and cytogenetics and molecular findings were also normal. This was diagnosed as EBV positive T cell hyperplasia because it was confined. It did not have dissemination and the clinical course was mild. This is an example of a hyperplasia that has been recognized more recently in the background of dysatineb treatment, which is a drug that is usu"
Heme_SH_IHC_for_LPD,Heme SH IHC for LPD,Heme::Mature_B_Cell::Marginal_Zone::Extranodal_Marginal_Zone_Lymphoma_Of_MALT,Extranodal Marginal Zone Lymphoma Of MALT,Extranodal_Marginal_Zone_Lymphoma_Of_MALT,high,0.6564,0.0692,Heme::Mature_B_Cell::Marginal_Zone::Primary_Cutaneous_Marginal_Zone_Lymphoma,1237.67,1372.08,20:38,22:52,134.41,"https://storage.googleapis.com/pathology-hub-0/source_videos/Heme_SH_IHC_for_LPD.mp4#t=1237.67,1372.08",semantic_gated_v0_2,"The infiltrate is polymorphous with a mixture of centricite-like cells, monocytoid B cells, The problem in the differential diagnosis of marginalis on lymphoma of malt type is atypical reactive lesion in an extranodal site. The most helpful finding is the demonstration of monotypic light chain expression, which is often seen in subepithelial plasma cells. CD43 expression favors lymphoma, but is not specific, and one "
Heme_SH_MDS_MPN_2,Heme SH MDS MPN 2,Heme::Myelodysplastic_Neoplasm::Genetic_Defined::MDS_With_Low_Blasts_And_5q_Deletion,MDS With Low Blasts And 5q Deletion,MDS_With_Low_Blasts_And_5q_Deletion,high,0.7344,0.0759,Heme::Myelodysplastic_Neoplasm::Genetic_Defined::MDS_With_Biallelic_TP53_Inactivation,2742.36,2878.51,45:42,47:59,136.15,"https://storage.googleapis.com/pathology-hub-0/source_videos/Heme_SH_MDS_MPN_2.mp4#t=2742.36,2878.51",semantic_gated_v0_2,"proliferative feature, and would exclude a diagnosis of MDS and put the patient in an MDS-MPN-in overlap, or CMMML. Now, the one cytogenetically defined subtype of MDS is MDS with Icelidolideleteleteletion 5Q, and that's actually its name, includes a carotype in its name. This is actually a favorable prognosis type of MDS. The median survival is greater than five years, approximately that of MDS SLD. And importantly,"
Heme_SH_Plasma_Cell,Heme SH Plasma Cell,Heme::Plasma_Cell_Neoplasm::Deposition_Disease::Immunoglobulin_Related_Amyloidosis_AL,Immunoglobulin Related Amyloidosis AL,Immunoglobulin_Related_Amyloidosis_AL,high,0.6594,0.1104,Heme::Plasma_Cell_Neoplasm::Deposition_Disease::Monoclonal_Immunoglobulin_Deposition_Disease,2441.14,2579.46,40:41,42:59,138.32,"https://storage.googleapis.com/pathology-hub-0/source_videos/Heme_SH_Plasma_Cell.mp4#t=2441.14,2579.46",semantic_gated_v0_2,"So up top we have immunoglobulin light chains and heavy chains, but as you look down this list, you'll see things like lysosyme, you'll see prolactin, insulin, many different proteins that are capable of forming amyloid deposits. The most common form of amyloidosis is so-called primary amyloidosis or AL amyloidosis. The L here stands for light chains. So these are due to depositions of abnormal immunoglobulin light c"
Heme_SH_PT_LPD,Heme SH PT LPD,Heme::Immune_Deficiency_Associated::Polymorphic_Lymphoproliferative_Disorder,Polymorphic Lymphoproliferative Disorder,Polymorphic_Lymphoproliferative_Disorder,high,0.6696,0.0565,Heme::Immune_Deficiency_Associated::Post_Transplant_Lymphoproliferative_Disorder_PTLD,1779.26,1914.17,29:39,31:54,134.91,"https://storage.googleapis.com/pathology-hub-0/source_videos/Heme_SH_PT_LPD.mp4#t=1779.26,1914.17",semantic_gated_v0_2,"not help you here. Basically, this is largely a morphologic diagnosis. When you immunophenotype these, you're going to see a mixture of T cells and B cells in varying proportions. You may see polyclonal B cells and plasma cells, but you may also see Kappa or Lambda light chain restriction or even light chain negative populations within your polymorphic population. And this can be seen either if you do flow or if you "
Heme_SH_PT_LPD,Heme SH PT LPD,Heme::Immune_Deficiency_Associated::Post_Transplant_Lymphoproliferative_Disorder_PTLD,Post Transplant Lymphoproliferative Disorder PTLD,Post_Transplant_Lymphoproliferative_Disorder_PTLD,high,0.6735,0.0805,Heme::Immune_Deficiency_Associated::Polymorphic_Lymphoproliferative_Disorder,7.92,138.36,0:08,2:18,130.44,"https://storage.googleapis.com/pathology-hub-0/source_videos/Heme_SH_PT_LPD.mp4#t=7.92,138.36",semantic_gated_v0_2,"I'm going to talk today about post-transplant lymphoproliferative disorders. the approach to diagnosis and WHO classification. This will really be the meat of the lecture as I think that, especially for residents and fellows, PTLDs are one of the most, challenging groups of diseases to really understand and be able to classify. So my goal with this lecture is really to break it down in fairly digestible pieces and gi"
Heme_SH_PT_LPD,Heme SH PT LPD,Heme::Immune_Deficiency_Associated::Post_Transplant_Lymphoproliferative_Disorder_PTLD,Post Transplant Lymphoproliferative Disorder PTLD,Post_Transplant_Lymphoproliferative_Disorder_PTLD,high,0.6703,0.1567,Heme::Immune_Deficiency_Associated::Iatrogenic_Lymphoproliferative_Disorder,408.48,545.98,6:48,9:06,137.5,"https://storage.googleapis.com/pathology-hub-0/source_videos/Heme_SH_PT_LPD.mp4#t=408.48,545.98",semantic_gated_v0_2,"As you can see, the highest risk for those age one to 10 year olds is actually within that first year post-transplant. At ages at two or three or four or five years post-transplant, the risk does not increase as much for them compared with their peers in the other age groups. So there's something very specific about these patients in that first year post-transplants that makes them at especially high risk of developi"
Heme_SH_PT_LPD,Heme SH PT LPD,Heme::Immune_Deficiency_Associated::Post_Transplant_Lymphoproliferative_Disorder_PTLD,Post Transplant Lymphoproliferative Disorder PTLD,Post_Transplant_Lymphoproliferative_Disorder_PTLD,high,0.679,0.0541,Heme::Immune_Deficiency_Associated::Polymorphic_Lymphoproliferative_Disorder,545.98,680.44,9:06,11:20,134.46,"https://storage.googleapis.com/pathology-hub-0/source_videos/Heme_SH_PT_LPD.mp4#t=545.98,680.44",semantic_gated_v0_2,"fall in between those buckets. Sure, there are cases where we can't really tell if something's neoplastic or reactive. But EBV is a different. story because what EBV does normally is it leads to B cell proliferation. It's just that we don't all develop lymphomas when we get EBV because we have a cytotoxic T cell response that keeps that proliferation in check. And so in the transplant setting or in other immunodefici"
Heme_SH_PT_LPD,Heme SH PT LPD,Heme::Immune_Deficiency_Associated::Post_Transplant_Lymphoproliferative_Disorder_PTLD,Post Transplant Lymphoproliferative Disorder PTLD,Post_Transplant_Lymphoproliferative_Disorder_PTLD,high,0.6759,0.1265,Heme::Mature_T_NK_Cell::EBV_Positive::Systemic_EBV_Positive_T_Cell_Lymphoma_Of_Childhood,680.46,816.8,11:20,13:37,136.34,"https://storage.googleapis.com/pathology-hub-0/source_videos/Heme_SH_PT_LPD.mp4#t=680.46,816.8",semantic_gated_v0_2,"here. And in exchange, you can actually have things that we consider PtLD, so lympho-proliferation, that are not clonal. So that goes against typically outside of the EBB setting and outside of the immunodeficiency setting, if something is not clonal or is reactive, we don't call it a lympho proliferation. We don't label that patient as having a disorder. But in the PtlD setting, again, we kind of have to throw throw"
Heme_SH_PT_LPD,Heme SH PT LPD,Heme::Immune_Deficiency_Associated::Post_Transplant_Lymphoproliferative_Disorder_PTLD,Post Transplant Lymphoproliferative Disorder PTLD,Post_Transplant_Lymphoproliferative_Disorder_PTLD,high,0.7143,0.0721,Heme::Immune_Deficiency_Associated::Polymorphic_Lymphoproliferative_Disorder,1232.82,1372.16,20:33,22:52,139.34,"https://storage.googleapis.com/pathology-hub-0/source_videos/Heme_SH_PT_LPD.mp4#t=1232.82,1372.16",semantic_gated_v0_2,"the rule is that any lymphoma in a patient who's had an allogenic transplant is considered PtlD. Except, the exception to this rule is that low-grade B cell lymphomas are not considered Ptled, even when they occur post-transplants. It's thought that these are still sporadically occurring and are not related to the underlying immune suppression, although there certainly is controversy about that statement. However, as"
Heme_SH_PT_LPD,Heme SH PT LPD,Heme::Immune_Deficiency_Associated::Post_Transplant_Lymphoproliferative_Disorder_PTLD,Post Transplant Lymphoproliferative Disorder PTLD,Post_Transplant_Lymphoproliferative_Disorder_PTLD,high,0.658,0.0635,Heme::Immune_Deficiency_Associated::Polymorphic_Lymphoproliferative_Disorder,1508.99,1643.06,25:09,27:23,134.07,"https://storage.googleapis.com/pathology-hub-0/source_videos/Heme_SH_PT_LPD.mp4#t=1508.99,1643.06",semantic_gated_v0_2,"Another example of a monomorphic PTLD like picture. So next we'll talk about the classic Hodgkin lymphoma type PTLD. This one is fairly easy, I think, to understand, although it is the least common major form of PtlD. These cases are quite uncommon, and yet they are challenging and you may consider them frequently because Hodgkin-like cells or Reed-Sterneberg-Sterneberg-like cells, or Reed-Sterneberg-Sternold, cells "
Heme_SH_PT_LPD,Heme SH PT LPD,Heme::Immune_Deficiency_Associated::Post_Transplant_Lymphoproliferative_Disorder_PTLD,Post Transplant Lymphoproliferative Disorder PTLD,Post_Transplant_Lymphoproliferative_Disorder_PTLD,high,0.6621,0.0604,Heme::Immune_Deficiency_Associated::EBV_Positive_Mucocutaneous_Ulcer,2330.63,2464.61,38:51,41:05,133.98,"https://storage.googleapis.com/pathology-hub-0/source_videos/Heme_SH_PT_LPD.mp4#t=2330.63,2464.61",semantic_gated_v0_2,"However, it's important to be cautious in rendering this diagnosis. As mentioned, fluorifillicular hyperplasia is a common reactive pattern seen in lymphoid tissue throughout the body. Additionally, you can have some incidental EBV positivity within lymphoid tissue in patients who have had organ transplants that does not equate to PTLD and does not have an impact on their survival or indicate an increased incidence o"
Heme_SH_PT_LPD,Heme SH PT LPD,Heme::Immune_Deficiency_Associated::Post_Transplant_Lymphoproliferative_Disorder_PTLD,Post Transplant Lymphoproliferative Disorder PTLD,Post_Transplant_Lymphoproliferative_Disorder_PTLD,high,0.6715,0.0518,Heme::Immune_Deficiency_Associated::Polymorphic_Lymphoproliferative_Disorder,2598.72,2738.01,43:19,45:38,139.29,"https://storage.googleapis.com/pathology-hub-0/source_videos/Heme_SH_PT_LPD.mp4#t=2598.72,2738.01",semantic_gated_v0_2,"low-stage disease and is well, they might try retuximab immunotherapy or just reduction of immunosuppression in a patient with a polymorphicesterase. or even a monomorphic ptl d. For Hodgkin lymphoma-legs, typically the treatment looks a little bit more like it does for treatment of standard Hodgkin lymphoma. They may, you know, add retoxymab depending on the situation. These patients may or may not get radiation or "
Heme_SH_Small_B_Cell_1_of_2,Heme SH Small B Cell 1 of 2,Heme::Mature_B_Cell::Follicular::Duodenal_Type_Follicular_Lymphoma,Duodenal Type Follicular Lymphoma,Duodenal_Type_Follicular_Lymphoma,high,0.689,0.1385,Heme::Mature_B_Cell::Follicular::Pediatric_Type_Follicular_Lymphoma,6146.37,6284.71,1:42:26,1:44:45,138.34,"https://storage.googleapis.com/pathology-hub-0/source_videos/Heme_SH_Small_B_Cell_1_of_2.mp4#t=6146.37,6284.71",semantic_gated_v0_2,"still not going to be any kind of overt malignant lymphoma. It still could be in situ follicular neoplasia. Mutational studies of in situ follicular neoplasia have also been reported and have made the point that in situ follicular neoplasia share similar mutations as manifest or overt follicular lymphomas, but they did appear to be less frequent in cases that had not shown progression. A new follicular lymphoma varia"
Heme_SH_Small_B_Cell_1_of_2,Heme SH Small B Cell 1 of 2,Heme::Mature_B_Cell::Large_B_Cell::Large_B_Cell_Lymphoma_With_IRF4_Rearrangement,Large B Cell Lymphoma With IRF4 Rearrangement,Large_B_Cell_Lymphoma_With_IRF4_Rearrangement,high,0.715,0.1218,Heme::Mature_B_Cell::Large_B_Cell::DLBCL_High_Grade_With_MYC_And_BCL2_Rearrangements,5469.42,5609.26,1:31:09,1:33:29,139.84,"https://storage.googleapis.com/pathology-hub-0/source_videos/Heme_SH_Small_B_Cell_1_of_2.mp4#t=5469.42,5609.26",semantic_gated_v0_2,"This diagnosis does require fish studies rather than just classical cytogenetics because the IRF4 rearrangement is typically cryptic. As already mentioned, this is a lymphoma that is most commonly found in children and, yes, young adults. It may have a very follicular but also follicular and diffuse or entirely diffuse growth pattern. BCL6 rearrangements are allowed but not VCL2 rearrangements. There are some otherwi"
Heme_SH_Small_B_Cell_2_of_2,Heme SH Small B Cell 2 of 2,Heme::Mature_B_Cell::Splenic::Hairy_Cell_Leukemia,Hairy Cell Leukemia,Hairy_Cell_Leukemia,high,0.6596,0.1007,Heme::Mature_B_Cell::Splenic::Splenic_B_Cell_Lymphoma_Leukemia_With_Prominent_Nucleoli,6018.73,6088.45,1:40:19,1:41:28,69.72,"https://storage.googleapis.com/pathology-hub-0/source_videos/Heme_SH_Small_B_Cell_2_of_2.mp4#t=6018.73,6088.45",semantic_gated_v0_2,"of cases of hairy cell leukemia, it is negative in hairy cell leukemia variant. Here in the illustration of a peripheral blood, you can see involvement by these nucleulated cells that do have hairy progressions, and this is an example of hairy cell leukemia variant. There is a high prevalence of Map 2K1 mutations in the hairy cell leukemia variant cases and in in hairy cell leukemias that use the IGHV-4-334 region. A"
Heme_SH_Small_B_Cell_2_of_2,Heme SH Small B Cell 2 of 2,Heme::Mature_B_Cell::Splenic::Splenic_Marginal_Zone_Lymphoma,Splenic Marginal Zone Lymphoma,Splenic_Marginal_Zone_Lymphoma,high,0.6536,0.0539,Heme::Mature_B_Cell::Splenic::Splenic_B_Cell_Lymphoma_Leukemia_With_Prominent_Nucleoli,5323.65,5463.29,1:28:44,1:31:03,139.64,"https://storage.googleapis.com/pathology-hub-0/source_videos/Heme_SH_Small_B_Cell_2_of_2.mp4#t=5323.65,5463.29",semantic_gated_v0_2,"It's a difficult organ to deal with, and we don't see splenectomy specimens like we used to so much in the past. This is an example of a splenic marginal zone lymphoma. That's what we want to talk about largely. You can see the multiple little white-pulpulchinoma. little white pulp nodules. So this appearance, for example, would suggest that you're not dealing with hairy cell leukemia, where you would exceed a diffus"
Heme_SH_Spleen,Heme SH Spleen,Heme::Mature_B_Cell::Splenic::Splenic_Diffuse_Red_Pulp_Small_B_Cell_Lymphoma,Splenic Diffuse Red Pulp Small B Cell Lymphoma,Splenic_Diffuse_Red_Pulp_Small_B_Cell_Lymphoma,high,0.6558,0.0584,Heme::B_Cell_Lymphomas::Mature_B_Cell::Splenic_B_Cell::Splenic_Diffuse_Red_Pulp_Small_B_cell_Lymphoma,2866.63,2998.52,47:47,49:59,131.89,"https://storage.googleapis.com/pathology-hub-0/source_videos/Heme_SH_Spleen.mp4#t=2866.63,2998.52",semantic_gated_v0_2,"and the white pulp, which is visible as those small paler pink nodules. Indeed, on higher power, we can see scattered white pulp nodules, and these actually replace the normal peri arterial lymphoid sheaths, which should be populated by T cells. And there's also an increased cellularity within the red pulp, and on higher power, we can see that this is composed of small round lymphocytes consistent with CLL. Our short"
Heme_SH_Spleen,Heme SH Spleen,Heme::Mature_B_Cell::Splenic::Splenic_Diffuse_Red_Pulp_Small_B_Cell_Lymphoma,Splenic Diffuse Red Pulp Small B Cell Lymphoma,Splenic_Diffuse_Red_Pulp_Small_B_Cell_Lymphoma,high,0.7099,0.0551,Heme::B_Cell_Lymphomas::Mature_B_Cell::Splenic_B_Cell::Splenic_Diffuse_Red_Pulp_Small_B_cell_Lymphoma,2998.52,3135.81,49:59,52:16,137.29,"https://storage.googleapis.com/pathology-hub-0/source_videos/Heme_SH_Spleen.mp4#t=2998.52,3135.81",semantic_gated_v0_2,"probably due to the presence of cytoplasm. The lymphoma population in the red pulp looks very similar to that in the white pulp. They tend to be quite round and have this clearing around them. Recall that at the very beginning of this lecture, I stress the importance of sampling, unusual necrotic or solid areas, particularly the edge of necrotic areas where you'll see what's viable and the intersection of that area w"
Heme_SH_Spleen,Heme SH Spleen,Heme::Mature_B_Cell::Splenic::Splenic_Diffuse_Red_Pulp_Small_B_Cell_Lymphoma,Splenic Diffuse Red Pulp Small B Cell Lymphoma,Splenic_Diffuse_Red_Pulp_Small_B_Cell_Lymphoma,high,0.7292,0.0563,Heme::Mature_B_Cell::Splenic::Splenic_B_Cell_Lymphoma_Leukemia_With_Prominent_Nucleoli,3274.9,3410.44,54:35,56:50,135.54,"https://storage.googleapis.com/pathology-hub-0/source_videos/Heme_SH_Spleen.mp4#t=3274.9,3410.44",semantic_gated_v0_2,"some degree of cytoplasm and clearing around the nuclei, but notice the more prominent nuclei, which may be even better appreciated in a peripheral blood smear. These are going to be BRAF v600E negative by immunohistochemistry and molecular testing, as well as an axon negative, unlike airy cell leukemia in most cases. Another rare, um, another rare entity that predominantly involves the red pulp of the spleen is sple"
YT_Skin_Blistering_Fung,YT Skin Blistering Fung,Skin::Inflammatory::Blistering::Epidermolysis_Bullosa_Acquisita,Epidermolysis Bullosa Acquisita,Epidermolysis_Bullosa_Acquisita,high,0.678,0.0762,Skin::Inflammatory::Blistering::Linear_IgA_Bullous_Dermatosis,3343.44,3478.64,55:43,57:59,135.2,"https://storage.googleapis.com/pathology-hub-0/source_videos/YT_Skin_Blistering_Fung.mp4#t=3343.44,3478.64",semantic_gated_v0_2,"Epidermolysis Bullosa Acquisita (EBA) is a subepidermal immunobullous disorder that frequently enters the differential diagnosis with bullous pemphigoid. It is mediated by autoantibodies against type VII collagen and anchoring fibrils in the sub-lamina densa zone, and is thus associated with scarring and milia formation. Epidermal blister with sparse inflammation; cell-poor, although at higher magnification in this c"
YT_Skin_Blistering_Fung,YT Skin Blistering Fung,Skin::Inflammatory::Blistering::Friction_Blister,Friction Blister,Friction_Blister,high,0.6531,0.0793,Skin::Inflammatory::Blistering::Intraepidermal_Vesicular_Dermatitis_Overview,0.0,110.4,0:00,1:50,110.4,"https://storage.googleapis.com/pathology-hub-0/source_videos/YT_Skin_Blistering_Fung.mp4#t=0,110.4",semantic_gated_v0_2,"This is Dr. Max Fung from the University of California Davis in Sacramento, California. In this session, we will be focusing on blistering diseases with an emphasis on inflammatory blistering diseases. We will start by examining the key parameters for classifying blistering disorders, including the cleavage plane or anatomic site of the blister, as well as the histopathologic features that give us clues to the mechan"
YT_Skin_Blistering_Fung,YT Skin Blistering Fung,Skin::Inflammatory::Blistering::Grover_Disease_Transient_Acantholytic,Grover Disease Transient Acantholytic,Grover_Disease_Transient_Acantholytic,high,0.7354,0.1402,Skin::Congenital_Structural::Maturation_Keratinization::Circumscribed_Acral_Hypokeratosis,2067.68,2200.08,34:28,36:40,132.4,"https://storage.googleapis.com/pathology-hub-0/source_videos/YT_Skin_Blistering_Fung.mp4#t=2067.68,2200.08",semantic_gated_v0_2,"Although I mentioned that in acantholytic dyskeratosis the acantholysis tends to be supra-basilar, in this example it appears to be mostly intra-spinous but still intraepidermal. Does anyone have a clinical diagnosis for this case? Here is one additional clinical image, as well as some histopathology. If you said either transient acantholytic dermatosis or Grover's disease, you would be right. There are a growing num"
YT_Skin_Blistering_Fung,YT Skin Blistering Fung,Skin::Inflammatory::Blistering::Linear_IgA_Bullous_Dermatosis,Linear IgA Bullous Dermatosis,Linear_IgA_Bullous_Dermatosis,high,0.7505,0.0812,Skin::Inflammatory::Blistering::Linear_IgA_Disease,3077.12,3209.44,51:17,53:29,132.32,"https://storage.googleapis.com/pathology-hub-0/source_videos/YT_Skin_Blistering_Fung.mp4#t=3077.12,3209.44",semantic_gated_v0_2,"Linear IgA Bullous Dermatosis is a disorder associated with prominent neutrophils. Clinically, it can be quite distinctive with an annular arrangement of vesicular bullous lesions, so-called 'crown of jewels'. It is mediated in the classic lamina lucida variant by autoantibodies that target fragments or extracellular polypeptides of the minor bullous pemphigoid antigen (BP180/BPAG2). Vancomycin is a classic drug trig"
YT_Skin_Blistering_Fung,YT Skin Blistering Fung,Skin::Inflammatory::Blistering::Paraneoplastic_Pemphigus,Paraneoplastic Pemphigus,Paraneoplastic_Pemphigus,high,0.6587,0.0914,Skin::Inflammatory::Blistering::Pemphigus_Vegetans,2201.84,2298.32,36:42,38:18,96.48,"https://storage.googleapis.com/pathology-hub-0/source_videos/YT_Skin_Blistering_Fung.mp4#t=2201.84,2298.32",semantic_gated_v0_2,"This is an additional example of relatively subtle and focal changes of superbasilar acantholysis. Consistent with the pemphigus-like variant of Grover's disease. Paraneoplastic pemphigus is characterized by very prominent and often severe oral mucositis. Stomatitis is associated with multiple possible antigen targets. In general, proteins from the Plakin family are most characteristic of paraneoplastic pemphigus, bu"
YT_Skin_Blistering_Fung,YT Skin Blistering Fung,Skin::Inflammatory::Blistering::Pemphigoid_Gestationis,Pemphigoid Gestationis,Pemphigoid_Gestationis,high,0.6845,0.0558,Skin::Inflammatory::Blistering::IgA_Pemphigus,2812.0,2947.28,46:52,49:07,135.28,"https://storage.googleapis.com/pathology-hub-0/source_videos/YT_Skin_Blistering_Fung.mp4#t=2812,2947.28",semantic_gated_v0_2,"For the H&E specimen, it is ideal to examine the very edge of the blister to best determine the cleavage plane, the location of the split, and possibly the mechanism of blister formation. In contrast, for direct immunofluorescence (DIF), a completely intact epidermis is desired, as a pre-existing split allows time for autoantibodies to degrade, potentially leading to a false negative DIF result. Therefore, obtaining "
YT_Skin_Blistering_Fung,YT Skin Blistering Fung,Skin::Inflammatory::Blistering::Pemphigus_Foliaceus,Pemphigus Foliaceus,Pemphigus_Foliaceus,high,0.7189,0.0676,Skin::Inflammatory::Blistering::Pemphigus_Vulgaris,966.4,1096.64,16:06,18:17,130.24,"https://storage.googleapis.com/pathology-hub-0/source_videos/YT_Skin_Blistering_Fung.mp4#t=966.4,1096.64",semantic_gated_v0_2,"Pemphigus foliaceus is characterized by autoantibodies directed against Desmoglein 1, which is one of the cadherin family of transmembrane proteins and distributed in the greatest quantity in the superficial epithelium. Pemphigus foliaceus includes a number of clinical subtypes, including endemic pemphigus in certain pockets of Brazil and Colombia, as well as drug-induced and other clinical variants exhibiting overla"
YT_Skin_Common_Disorders_Fung,YT Skin Common Disorders Fung,Skin::Neoplastic::Epidermal::Malignant::Keratoacanthoma,Keratoacanthoma,Keratoacanthoma,high,0.7655,0.0946,Skin::Neoplastic::Adnexal::Nail::Subungual_Keratoacanthoma,1951.56,2075.32,32:32,34:35,123.76,"https://storage.googleapis.com/pathology-hub-0/source_videos/YT_Skin_Common_Disorders_Fung.mp4#t=1951.56,2075.32",semantic_gated_v0_2,"Keratoacanthoma is a controversial entity in dermatology and pathology. Some authorities classify it as a distinctive variant of squamous cell carcinoma, while others consider it separate. Despite profound histologic and clinical overlap, most textbooks separate keratoacanthoma from squamous cell carcinoma. In our institution, like many others, we generally report these as squamous cell carcinoma, keratoacanthoma typ"
YT_Skin_Granulomatous_Dermatitis_Fung,YT Skin Granulomatous Dermatitis Fung,Skin::Inflammatory::Granulomatous::Actinic_Granuloma_Annular_Elastolytic,Actinic Granuloma Annular Elastolytic,Actinic_Granuloma_Annular_Elastolytic,high,0.7447,0.0821,Skin::Inflammatory::Granulomatous::Granuloma_Annulare,1865.18,2001.18,31:05,33:21,136.0,"https://storage.googleapis.com/pathology-hub-0/source_videos/YT_Skin_Granulomatous_Dermatitis_Fung.mp4#t=1865.18,2001.18",semantic_gated_v0_2,"This image shows the photodistribution best of this generalized eruption of actinic granuloma, which exhibits quite a bit of clinical as well as histologic overlap with granuloma annulare, hence the controversy as to whether it should be separated or distinct. Most histopathologists have identified somewhat distinctive features with actinic granuloma, summarized on this slide. Actinic granuloma occurs on skin with si"
YT_Skin_Granulomatous_Dermatitis_Fung,YT Skin Granulomatous Dermatitis Fung,Skin::Inflammatory::Granulomatous::Actinic_Granuloma_Annular_Elastolytic,Actinic Granuloma Annular Elastolytic,Actinic_Granuloma_Annular_Elastolytic,high,0.7487,0.0772,Skin::Inflammatory::Granulomatous::Granuloma_Annulare,2001.38,2124.48,33:21,35:24,123.1,"https://storage.googleapis.com/pathology-hub-0/source_videos/YT_Skin_Granulomatous_Dermatitis_Fung.mp4#t=2001.38,2124.48",semantic_gated_v0_2,"The palisaded pattern was not present in any of the cases of actinic granuloma but, as would be expected, was present in most cases of granuloma annulare. The findings by Crawford and colleagues align with anecdotal experience, but resolving the larger question of actinic granuloma's status remains difficult. Clinicians cannot reliably distinguish actinic granuloma from granuloma annulare on sun-damaged skin. While s"
YT_Skin_Granulomatous_Dermatitis_Fung,YT Skin Granulomatous Dermatitis Fung,Skin::Inflammatory::Granulomatous::Actinic_Granuloma_Annular_Elastolytic,Actinic Granuloma Annular Elastolytic,Actinic_Granuloma_Annular_Elastolytic,high,0.7069,0.0873,Skin::Inflammatory::Degenerative::Solar_Elastosis,2124.48,2237.76,35:24,37:18,113.28,"https://storage.googleapis.com/pathology-hub-0/source_videos/YT_Skin_Granulomatous_Dermatitis_Fung.mp4#t=2124.48,2237.76",semantic_gated_v0_2,"The more you look, the more you find. No one believes that elastophagocytosis in and of itself is a specific histopathologic feature. We see it all the time on sun-damaged skin that's inflamed, during routine basal cell carcinoma excisions. So no one thinks that that's specific. But the specific concept of pathogenesis with actinic granuloma is that solar elastodosis is, in fact, the trigger for that particular entit"
YT_Skin_Granulomatous_Dermatitis_Fung,YT Skin Granulomatous Dermatitis Fung,Skin::Inflammatory::Granulomatous::Granuloma_Annulare,Granuloma Annulare,Granuloma_Annulare,high,0.6957,0.0837,Skin::Inflammatory::Granulomatous::Palisaded_Neutrophilic_Granulomatous_Dermatitis,1682.06,1792.82,28:02,29:53,110.76,"https://storage.googleapis.com/pathology-hub-0/source_videos/YT_Skin_Granulomatous_Dermatitis_Fung.mp4#t=1682.06,1792.82",semantic_gated_v0_2,"The mucin appears as a pale, delicate blue, basophilic material between the necrobiotic collagen fibers. Beware this notorious distractor for the uninitiated. The presence of perivascular lymphocytes surrounding the palisaded granulomas is expected, and often is the one thing trainees clue in on if they don't notice the palisaded granuloma. The classic variant of granuloma annulare is palisaded, but another histologi"
YT_Skin_Granulomatous_Dermatitis_Fung,YT Skin Granulomatous Dermatitis Fung,Skin::Inflammatory::Granulomatous::Necrobiosis_Lipoidica,Necrobiosis Lipoidica,Necrobiosis_Lipoidica,high,0.7659,0.0555,Skin::Inflammatory::Granulomatous::Necrobiotic_Xanthogranuloma,2494.64,2624.28,41:35,43:44,129.64,"https://storage.googleapis.com/pathology-hub-0/source_videos/YT_Skin_Granulomatous_Dermatitis_Fung.mp4#t=2494.64,2624.28",semantic_gated_v0_2,"Necrobiosis lipoidica was formerly known as Necrobiosis lipoidica diabeticorum, or NLD. Necrobiosis lipoidica is often compared to granuloma annulare, with which it often shares a differential diagnosis. In contrast to the more patchy, focal involvement in GA, Necrobiosis lipoidica tends to have more diffuse and deep, full-thickness or pandermal involvement, creating a layer cake appearance of necrobiotic collagen an"
YT_Skin_Granulomatous_Dermatitis_Fung,YT Skin Granulomatous Dermatitis Fung,Skin::Inflammatory::Granulomatous::Necrobiotic_Xanthogranuloma,Necrobiotic Xanthogranuloma,Necrobiotic_Xanthogranuloma,high,0.7633,0.1127,Skin::Depositional_Metabolic::Xanthoma::Xanthogranuloma_Juvenile,2624.28,2734.68,43:44,45:35,110.4,"https://storage.googleapis.com/pathology-hub-0/source_videos/YT_Skin_Granulomatous_Dermatitis_Fung.mp4#t=2624.28,2734.68",semantic_gated_v0_2,"In Necrobiotic Xanthogranuloma (NXG), we often see the same panoramic profile as in Necrobiosis Lipoidica, characterized by a layer-cake pattern of pandermal sclerosis and granulomatous inflammation. A key distinguishing feature would be these sheath-shaped clefts, which represent the artifact from cholesterol clefts. Cholesterol clefts have been documented in Necrobiosis lipoidica, but as a hallmark of disease, they"
YT_Skin_Granulomatous_Dermatitis_Fung,YT Skin Granulomatous Dermatitis Fung,Skin::Inflammatory::Adnexal::Rosacea_Granulomatous,Rosacea Granulomatous,Rosacea_Granulomatous,high,0.6791,0.0639,Skin::Inflammatory::Granulomatous::Granuloma_Faciale,699.86,799.42,11:40,13:19,99.56,"https://storage.googleapis.com/pathology-hub-0/source_videos/YT_Skin_Granulomatous_Dermatitis_Fung.mp4#t=699.86,799.42",semantic_gated_v0_2,"Finally, some rare but very severe acneiform options are regarded to be severe expressions of rosacea, including rosacea fulminans, pyoderma faciale, and lupus miliaris disseminatus faciei, which has been associated with very distinctive, if not pathognomonic, histopathologic features in the correct clinical context, of course. These include very prominent central caseation necrosis and also what can be reasonably de"
YT_Skin_Granulomatous_Dermatitis_Fung,YT Skin Granulomatous Dermatitis Fung,Skin::Inflammatory::Adnexal::Rosacea_Granulomatous,Rosacea Granulomatous,Rosacea_Granulomatous,high,0.7054,0.0968,Skin::Inflammatory::Granulomatous::Ruptured_Cyst_Granuloma,799.42,915.78,13:19,15:16,116.36,"https://storage.googleapis.com/pathology-hub-0/source_videos/YT_Skin_Granulomatous_Dermatitis_Fung.mp4#t=799.42,915.78",semantic_gated_v0_2,"Acneiform disorders such as rosacea represent a form of folliculitis. In some sections, we can see hair shafts and collections of neutrophils within the follicular epithelium, diagnostic of folliculitis. We can also presume that there is sufficient inflammation to rupture the follicular epithelium and induce a granulomatous response. Referring to the hair follicle, we can see a granulomatous reaction, a perifollicula"
YT_Skin_Granulomatous_Dermatitis_Fung,YT Skin Granulomatous Dermatitis Fung,Skin::Inflammatory::Granulomatous::Sarcoidosis_Cutaneous,Sarcoidosis Cutaneous,Sarcoidosis_Cutaneous,high,0.66,0.0873,Skin::Inflammatory::Granulomatous::Granulomatous_Dermatitis_Overview,1293.06,1408.9,21:33,23:29,115.84,"https://storage.googleapis.com/pathology-hub-0/source_videos/YT_Skin_Granulomatous_Dermatitis_Fung.mp4#t=1293.06,1408.9",semantic_gated_v0_2,"And now we return to the clinical images that I showed earlier of a granulomatous dermatitis. I will show you a couple more examples of this entity. Mostly smooth, indurated papules and plaques are observed. Also, notice the hypopigmented macules in the upper right image. Accurate diagnosis of such conditions requires experienced dermatologists. One might not always be right, but you can almost never go wrong suggest"
YT_Skin_Granulomatous_Dermatitis_Fung,YT Skin Granulomatous Dermatitis Fung,Skin::Inflammatory::Granulomatous::Sarcoidosis_Cutaneous,Sarcoidosis Cutaneous,Sarcoidosis_Cutaneous,high,0.6705,0.1197,Skin::Inflammatory::Granulomatous::Foreign_Body_Granuloma,1408.9,1544.66,23:29,25:45,135.76,"https://storage.googleapis.com/pathology-hub-0/source_videos/YT_Skin_Granulomatous_Dermatitis_Fung.mp4#t=1408.9,1544.66",semantic_gated_v0_2,"The second of the so-called sarcoid bodies is the Schaumann body, named after Dr. Schaumann, a Swedish dermatologist. Although the sources indicate that the Schaumann body was first described by Dr. Fonschupel, a German pathologist. This is a calcified, multi-nucleated histiocyte, with multiple images shown here courtesy of Dr. Yale Rosen of Long Island, New York, who also kindly uploaded the images of the asteroid b"
YT_Skin_Granulomatous_Dermatitis_Fung,YT Skin Granulomatous Dermatitis Fung,Skin::Inflammatory::Granulomatous::Sarcoidosis_Cutaneous,Sarcoidosis Cutaneous,Sarcoidosis_Cutaneous,high,0.6602,0.0714,Skin::Neoplastic::Hematolymphoid::Lymphomatoid_Granulomatosis,2361.72,2491.68,39:22,41:32,129.96,"https://storage.googleapis.com/pathology-hub-0/source_videos/YT_Skin_Granulomatous_Dermatitis_Fung.mp4#t=2361.72,2491.68",semantic_gated_v0_2,"The clinically proven diagnosis is sarcoid. We observe a collection of discrete aggregates of histiocytes without central caseation, characteristic of non-caseating epithelioid granulomas, which supports sarcoid or granuloma. The specimen also contains varying degrees of lymphocytes. While a tuberculoid granuloma could be considered due to lymphocytes, caseation necrosis is not strictly required for its diagnosis. Sa"
YT_Skin_Interface_Dermatitis_Fung,YT Skin Interface Dermatitis Fung,Skin::Inflammatory::Interface::Interface_Dermatitis_Overview,Interface Dermatitis Overview,Interface_Dermatitis_Overview,high,0.7256,0.0749,Skin::Inflammatory::Interface::Interface_Dermatitis_HIV,0.0,136.92,0:00,2:17,136.92,"https://storage.googleapis.com/pathology-hub-0/source_videos/YT_Skin_Interface_Dermatitis_Fung.mp4#t=0,136.92",semantic_gated_v0_2,"This is Dr. Max Fung, University of California Davis in Sacramento, California. Over the many years that I've given lectures on interface dermatitis, I've followed the 'Interface' page on Wikipedia and marveled at its many definitions. I was recently learning about the last item on this page, the audio interface, after setting. Up a recording studio in my daughter's bedroom. In science, healthcare, medicine, and spec"
YT_Skin_Interface_Dermatitis_Fung,YT Skin Interface Dermatitis Fung,Skin::Inflammatory::Interface::Interface_Dermatitis_Overview,Interface Dermatitis Overview,Interface_Dermatitis_Overview,high,0.7035,0.0548,Skin::Inflammatory::Interface::Interface_Dermatitis_HIV,136.92,224.28,2:17,3:44,87.36,"https://storage.googleapis.com/pathology-hub-0/source_videos/YT_Skin_Interface_Dermatitis_Fung.mp4#t=136.92,224.28",semantic_gated_v0_2,"The 'dermatitis' component, like any condition ending in '-itis' in medicine, indicates inflammation. In interface dermatitis, this specifically involves lymphocytes and epidermal changes mediated by these lymphocytes, sometimes also associated with other cell types. Minimal or essential histologic criteria for interface dermatitis are twofold. The first expected feature is the presence of junctional vacuoles, also r"
YT_Skin_Interface_Dermatitis_Fung,YT Skin Interface Dermatitis Fung,Skin::Inflammatory::Interface::Lichen_Nitidus,Lichen Nitidus,Lichen_Nitidus,high,0.746,0.129,Skin::Inflammatory::Spongiotic::Lichen_Simplex_Chronicus,836.56,968.64,13:57,16:09,132.08,"https://storage.googleapis.com/pathology-hub-0/source_videos/YT_Skin_Interface_Dermatitis_Fung.mp4#t=836.56,968.64",semantic_gated_v0_2,"Lichen nitidus is characterized by innumerable pinpoint papules, usually in children, and this is reflected histologically in a very focal lichenoid infiltrate, so-called ball-in-claw profile. It's a lymphohistiocytic infiltrate, and it tends to have a fairly significant histiocytic component, almost granulomatous, although discrete granulomas should not be seen. Moreover, these histiocytes can have foamy cytoplasm; "
YT_Skin_Interface_Dermatitis_Fung,YT Skin Interface Dermatitis Fung,Skin::Inflammatory::Interface::Lupus_Erythematosus_Subacute_Cutaneous_SCLE,Lupus Erythematosus Subacute Cutaneous SCLE,Lupus_Erythematosus_Subacute_Cutaneous_SCLE,high,0.6644,0.0557,Skin::Inflammatory::Interface::Lupus_Erythematosus_Systemic_SLE,2065.86,2202.42,34:26,36:42,136.56,"https://storage.googleapis.com/pathology-hub-0/source_videos/YT_Skin_Interface_Dermatitis_Fung.mp4#t=2065.86,2202.42",semantic_gated_v0_2,"Although mucin histochemical stains are quite pretty and can increase the ability to detect low amounts of mucin, in clinical practice, these stains are generally not necessary. If there is a pathologically increased amount of mucin, it should be apparent on H&E. Mucin is only one of a constellation of histologic features used to make the diagnosis of Lupus or other connective tissue disorders. A similar sentiment wa"
YT_Skin_Interface_Dermatitis_Fung,YT Skin Interface Dermatitis Fung,Skin::Inflammatory::Interface::Pityriasis_Lichenoides_PLEVA_PLC,Pityriasis Lichenoides PLEVA PLC,Pityriasis_Lichenoides_PLEVA_PLC,high,0.6795,0.087,Skin::Inflammatory::Spongiotic::Lichen_Simplex_Chronicus,1234.96,1339.96,20:35,22:20,105.0,"https://storage.googleapis.com/pathology-hub-0/source_videos/YT_Skin_Interface_Dermatitis_Fung.mp4#t=1234.96,1339.96",semantic_gated_v0_2,"Siderophages or hemosiderin are generally evident on H&E as a yellow, gold, or pale brown, highly refractile pigment, in contrast to melanin. If there is any doubt, a Perls stain can be performed. Next case, your diagnosis. Scanning magnification alone, it's doable with four examples. To make the diagnosis of Pityriasis Lichenoides, which encompasses a spectrum from acute to chronic lesions, Pityriasis Lichenoides et"
YT_Skin_Interface_Dermatitis_Fung,YT Skin Interface Dermatitis Fung,Skin::Inflammatory::Blistering::Stevens_Johnson_Syndrome_Toxic_Epidermal_Necrolysis,Stevens Johnson Syndrome Toxic Epidermal Necrolysis,Stevens_Johnson_Syndrome_Toxic_Epidermal_Necrolysis,high,0.6856,0.0859,Skin::Inflammatory::Reactive::Erythema_Toxicum_Neonatorum,2547.58,2660.46,42:28,44:20,112.88,"https://storage.googleapis.com/pathology-hub-0/source_videos/YT_Skin_Interface_Dermatitis_Fung.mp4#t=2547.58,2660.46",semantic_gated_v0_2,"And now a statement for your judgment: Does a biopsy distinguish erythema multiforme, Stevens-Johnson syndrome, and toxic epidermal necrolysis, true or false? Sometimes I've read in textbooks or heard that typically with TEN, the inflammation is going to be minimal to absent, whereas in Stevens-Johnson syndrome and EM, there may be more prominent inflammation, and that may generally be true. However, this question is"
YT_Skin_Melanocytic_Fung,YT Skin Melanocytic Fung,Skin::Neoplastic::Melanocytic::Benign::Dysplastic_Nevus,Dysplastic Nevus,Dysplastic_Nevus,high,0.6944,0.0604,Skin::Neoplastic::Melanocytic::Benign::Proliferative_Nodule_in_Congenital_Nevus,2274.14,2381.74,37:54,39:42,107.6,"https://storage.googleapis.com/pathology-hub-0/source_videos/YT_Skin_Melanocytic_Fung.mp4#t=2274.14,2381.74",semantic_gated_v0_2,"Major criteria for dysplastic nevus include a lentiginous or epithelioid proliferation of atypical melanocytes, with a key requirement for cytologic atypia. These are either junctional or superficial compound melanocytic nevi. When a junctional component is present, there is a shoulder, meaning that at the periphery of the lesion, the junctional component extends peripherally beyond the central dermal component, with"
YT_Skin_Melanocytic_Fung,YT Skin Melanocytic Fung,Skin::Neoplastic::Melanocytic::Malignant::Melanoma_Acral_Lentiginous,Melanoma Acral Lentiginous,Melanoma_Acral_Lentiginous,high,0.713,0.0733,Skin::Neoplastic::Melanocytic::In_Situ::Melanoma_In_Situ_Lentigo_Maligna_Type,3634.38,3759.58,1:00:34,1:02:40,125.2,"https://storage.googleapis.com/pathology-hub-0/source_videos/YT_Skin_Melanocytic_Fung.mp4#t=3634.38,3759.58",semantic_gated_v0_2,"Although nodular melanoma is one of the classic forms, it is now recognized that it can occur as an advanced stage of many different types of melanoma. So, lentigo maligna (high CSD), superficial spreading (low CSD, perhaps most common), but also acral or mucosal melanomas can show the histologic profile of a nodular melanoma, which historically has been defined as a tumor nodule that does not exhibit a significant i"
YT_Skin_Melanocytic_Fung,YT Skin Melanocytic Fung,Skin::Neoplastic::Melanocytic::Malignant::Melanoma_Desmoplastic,Melanoma Desmoplastic,Melanoma_Desmoplastic,high,0.6784,0.0637,Skin::Neoplastic::Melanocytic::Malignant::Melanoma_Metaplastic,3874.22,3982.3,1:04:34,1:06:22,108.08,"https://storage.googleapis.com/pathology-hub-0/source_videos/YT_Skin_Melanocytic_Fung.mp4#t=3874.22,3982.3",semantic_gated_v0_2,"Desmoplastic melanoma is one of the prototypical 'melanoma wolves in sheep's clothing' at both clinical and histologic levels. Clinically, these are often amelanotic tumors, not even suspected of being melanocytic. Microscopically, a variety of tricky features are observed. While changes of melanoma in situ overlying an invasive melanoma are expected, Desmoplastic melanoma may present with a non-specific lentiginous "
YT_Skin_Melanocytic_Fung,YT Skin Melanocytic Fung,Skin::Neoplastic::Melanocytic::Malignant::Melanoma_Desmoplastic,Melanoma Desmoplastic,Melanoma_Desmoplastic,high,0.6516,0.0657,Skin::Neoplastic::Melanocytic::Malignant::Melanoma_Metaplastic,3982.3,4120.86,1:06:22,1:08:41,138.56,"https://storage.googleapis.com/pathology-hub-0/source_videos/YT_Skin_Melanocytic_Fung.mp4#t=3982.3,4120.86",semantic_gated_v0_2,"Desmoplastic melanoma can be tricky at the immunohistochemical level, being characteristically negative for some of our most specific melanocytic markers, including HMB45, MelanA, MITF, and PRAME. PRAME is more often than not negative in desmoplastic melanoma. Fortunately, most tumors are positive for S100, p75, or SOX10. Occasionally, a clue to the diagnosis of desmoplastic melanoma will be the presence of an unusua"
YT_Skin_Melanocytic_Fung,YT Skin Melanocytic Fung,Skin::Melanocytic::Spitz::Pigmented_Spindle_Cell_Nevus,Pigmented Spindle Cell Nevus,Pigmented_Spindle_Cell_Nevus,high,0.7318,0.058,Skin::Neoplastic::Melanocytic::Benign::Spitz_Nevus_Pigmented_Reed,2916.54,3052.86,48:37,50:53,136.32,"https://storage.googleapis.com/pathology-hub-0/source_videos/YT_Skin_Melanocytic_Fung.mp4#t=2916.54,3052.86",semantic_gated_v0_2,"Whereas normal lesional nuclear immunopositivity is preserved in the conventional nevus component. There is a loss of nuclear immunopositivity in the epithelioid component, which is diagnostic of a BAP1 loss. This slide depicts an inactivated tumor. Experienced trainees are encouraged to pause and interpret the findings presented. A pigmented spindle cell nevus, or Reed nevus, is classically a small, round, evenly pi"
YT_Skin_Melanocytic_Fung,YT Skin Melanocytic Fung,Skin::Melanocytic::Simple_Lentigo_And_Lentiginous_Melanocytic_Nevus,Simple Lentigo And Lentiginous Melanocytic Nevus,Simple_Lentigo_And_Lentiginous_Melanocytic_Nevus,high,0.7452,0.0734,Skin::Neoplastic::Melanocytic::Benign::Lentigo_Simplex,686.9,824.94,11:27,13:45,138.04,"https://storage.googleapis.com/pathology-hub-0/source_videos/YT_Skin_Melanocytic_Fung.mp4#t=686.9,824.94",semantic_gated_v0_2,"For both nevus and melanoma, we sometimes refer to this lentiginous pattern of growth. The simple lentigo is the prototype for this lentiginous pattern of growth, defined by an increased number of single melanocytes. In benign variants, they are usually pretty evenly distributed along the junction and mostly within the rete ridges. The next step in the progression of benign melanocytic proliferations is the lentigino"
YT_Skin_Perforating_Fung,YT Skin Perforating Fung,Skin::Inflammatory::Degenerative::Chondrodermatitis_Nodularis_Helicis,Chondrodermatitis Nodularis Helicis,Chondrodermatitis_Nodularis_Helicis,high,0.698,0.1602,Skin::Inflammatory::Adnexal::Acne_Keloidalis_Nuchae,137.6,264.04,2:18,4:24,126.44,"https://storage.googleapis.com/pathology-hub-0/source_videos/YT_Skin_Perforating_Fung.mp4#t=137.6,264.04",semantic_gated_v0_2,"Chondrodermatitis Nodularis Helicis (CNH) is attributable to a disorder of one or more connective tissues, primarily the cartilage of the ear, sometimes associated with abnormalities of elastin in the form of solar elastosis. CNH may be multifactorial, with a role for chronic pressure or irritation in addition to abnormalities reflected by the adjacent or overlying elastic tissue. From a dermatopathologist's perspect"
YT_Skin_Perivascular_Dermatitis_Fung,YT Skin Perivascular Dermatitis Fung,Skin::Inflammatory::Dermal_Sclerosing::Lichen_Sclerosus_et_Atrophicus,Lichen Sclerosus et Atrophicus,Lichen_Sclerosus_et_Atrophicus,high,0.7077,0.0526,Skin::Inflammatory::Blistering::Bullous_Lichen_Sclerosus,1366.12,1460.52,22:46,24:21,94.4,"https://storage.googleapis.com/pathology-hub-0/source_videos/YT_Skin_Perivascular_Dermatitis_Fung.mp4#t=1366.12,1460.52",semantic_gated_v0_2,"Pathognomonic histopathologic features. Although lichen sclerosus is also a good example of the evolution of a pathologic process, so-called lives of lesions, in the early stage of lichen sclerosus, it may not show any of the characteristic textbook features that we usually think about. In the early stage of lichen sclerosus, there may actually be psoriasiform hyperplasia rather than atrophy, and vascular interface c"
YT_Skin_Perivascular_Dermatitis_Fung,YT Skin Perivascular Dermatitis Fung,Skin::Inflammatory::Dermal_Sclerosing::Morphea_Localized_Scleroderma,Morphea Localized Scleroderma,Morphea_Localized_Scleroderma,high,0.6542,0.0961,Skin::Inflammatory::Panniculitis::Lipodermatosclerosis,1590.76,1664.76,26:31,27:45,74.0,"https://storage.googleapis.com/pathology-hub-0/source_videos/YT_Skin_Perivascular_Dermatitis_Fung.mp4#t=1590.76,1664.76",semantic_gated_v0_2,"A superficial and deep perivascular and periadnexal lymphocytic infiltrate is typically present, and it is very characteristic for the inflammatory aggregates to be centered at the junction of the dermis and subcutaneous lobules. It has been written and said that the presence of eosinophils of The dermal-subcutaneous junction is classic for Morphea. That's probably true, but I would say that. Plasma cells are even mo"
YT_Skin_Psoriasiform_Dermatitis_Fung,YT Skin Psoriasiform Dermatitis Fung,Skin::Congenital_Structural::Maturation_Keratinization::Granular_Parakeratosis,Granular Parakeratosis,Granular_Parakeratosis,high,0.6786,0.0651,Skin::Inflammatory::Granulomatous::Palisaded_Neutrophilic_Granulomatous_Dermatitis,2137.52,2268.48,35:38,37:48,130.96,"https://storage.googleapis.com/pathology-hub-0/source_videos/YT_Skin_Psoriasiform_Dermatitis_Fung.mp4#t=2137.52,2268.48",semantic_gated_v0_2,"The granular layer shows hypergranulosis. In addition, the most characteristic feature in PRP is the alternating or checkerboard pattern of parakeratosis and orthokeratosis. Another example demonstrates psoria-siform epidermal hyperplasia. This time, the histology appears a little more irregular compared to the previous case. Again, there is a sparse superficial lymphocytic infiltrate. Let's take a closer look at the"
YT_Skin_Psoriasiform_Dermatitis_Fung,YT Skin Psoriasiform Dermatitis Fung,Skin::Inflammatory::Psoriasiform::Psoriasiform_Dermatitis_Overview,Psoriasiform Dermatitis Overview,Psoriasiform_Dermatitis_Overview,high,0.6537,0.0579,Skin::Inflammatory::Spongiotic::Subacute_Spongiotic_Dermatitis,0.0,123.6,0:00,2:04,123.6,"https://storage.googleapis.com/pathology-hub-0/source_videos/YT_Skin_Psoriasiform_Dermatitis_Fung.mp4#t=0,123.6",semantic_gated_v0_2,"Dr. Max Fung is from the University of California Davis in Sacramento, California. In this session, we'll be covering Psoriasiform Dermatitis, which in many ways is a direct follow-up to the previous topic of Spongiotic Dermatitis. Please check out our website for the year-long teaching curriculum. As one might expect from the title, most of the topics end in '-itis'. Psoriasiform Dermatitis is one of the patterns on"
YT_Skin_Soft_Tissue_Fung,YT Skin Soft Tissue Fung,Skin::Neoplastic::Soft_Tissue::Muscular::Cutaneous_Leiomyoma_Pilar,Cutaneous Leiomyoma Pilar,Cutaneous_Leiomyoma_Pilar,high,0.7249,0.0791,Skin::Soft_Tissue::Muscular::Leiomyoma::Cutaneous_Leiomyoma,2802.0,2941.0,46:42,49:01,139.0,"https://storage.googleapis.com/pathology-hub-0/source_videos/YT_Skin_Soft_Tissue_Fung.mp4#t=2802,2941",semantic_gated_v0_2,"Benign neoplasms of smooth muscle are designated leiomyoma, and in the skin, there are essentially two major variants. The pilar type, or piloleiomyoma, is centered in the mid-dermis, with small bundles that essentially recapitulate erector pili muscle. External genitalia leiomyomas are distinctive, but we are skipping over those for now. The other distinctive type is the vascular, or angioleiomyoma. This is present "
YT_Skin_Soft_Tissue_Fung,YT Skin Soft Tissue Fung,Skin::Neoplastic::Soft_Tissue::Neural::Palisaded_Encapsulated_Neuroma,Palisaded Encapsulated Neuroma,Palisaded_Encapsulated_Neuroma,high,0.7242,0.0836,Skin::Neoplastic::Soft_Tissue::Neural::Malignant_Peripheral_Nerve_Sheath_Tumor,638.0,777.0,10:38,12:57,139.0,"https://storage.googleapis.com/pathology-hub-0/source_videos/YT_Skin_Soft_Tissue_Fung.mp4#t=638,777",semantic_gated_v0_2,"At least half of Malignant Peripheral Nerve Sheath Tumors (MPNSTs) arise in patients with a history of NF1. S100 is usually diffusely and strongly positive in desmoplastic spindle cell melanomas but is often absent, weak, or focal in MPNST. H3K27me3, or loss of trimethylation on lysine 27 of histone 3, is another immunostain that can be used. Returning now to the world of common neural tumors, palisaded encapsulated "
YT_Skin_Spongiotic_Dermatitis_Fung,YT Skin Spongiotic Dermatitis Fung,Skin::Inflammatory::Spongiotic::Chronic_Spongiotic_Dermatitis_Lichen_Simplex,Chronic Spongiotic Dermatitis Lichen Simplex,Chronic_Spongiotic_Dermatitis_Lichen_Simplex,high,0.8147,0.0685,Skin::Inflammatory::Spongiotic::Lichen_Simplex_Chronicus,891.92,1030.72,14:52,17:11,138.8,"https://storage.googleapis.com/pathology-hub-0/source_videos/YT_Skin_Spongiotic_Dermatitis_Fung.mp4#t=891.92,1030.72",semantic_gated_v0_2,"Clinically, chronic spongiotic dermatitis is characterized by lichenification, or a lichen-like appearance to the skin. The histopathologic correlates of lichenification include compact orthokeratosis, resembling the stratum corneum on acral skin, and fibrosis of the papillary dermis. These features essentially overlap with those of Lichen Simplex Chronicus, often seen in patients with chronic atopic dermatitis. When"
YT_Skin_Spongiotic_Dermatitis_Fung,YT Skin Spongiotic Dermatitis Fung,Skin::Inflammatory::Drug_Eruption::Drug_Reaction_With_Eosinophilia_And_Systemic_Symptoms_DRESS,Drug Reaction With Eosinophilia And Systemic Symptoms DRESS,Drug_Reaction_With_Eosinophilia_And_Systemic_Symptoms_DRESS,high,0.6741,0.0801,Skin::Inflammatory::Spongiotic::Id_Reaction_Autoeczematization,3024.32,3160.08,50:24,52:40,135.76,"https://storage.googleapis.com/pathology-hub-0/source_videos/YT_Skin_Spongiotic_Dermatitis_Fung.mp4#t=3024.32,3160.08",semantic_gated_v0_2,"Regarding drug reactions, it is important to note that while eosinophils are often sought to support a diagnosis, they are not a requirement for a drug reaction to be present; clinical confirmation is essential. Similarly, deep dermal involvement of the inflammatory infiltrate is not required, though it can be a supportive finding. There is also some evidence to suggest that the inflammation in drug reactions might h"
YT_Skin_Spongiotic_Dermatitis_Fung,YT Skin Spongiotic Dermatitis Fung,Skin::Inflammatory::Spongiotic::Dyshidrotic_Eczema_Pompholyx,Dyshidrotic Eczema Pompholyx,Dyshidrotic_Eczema_Pompholyx,high,0.6849,0.062,Skin::Inflammatory::Spongiotic::Spongiotic_Dermatitis_Eczema_Overview,2479.36,2612.16,41:19,43:32,132.8,"https://storage.googleapis.com/pathology-hub-0/source_videos/YT_Skin_Spongiotic_Dermatitis_Fung.mp4#t=2479.36,2612.16",semantic_gated_v0_2,"Dyshidrotic dermatitis, also known as dyshidrotic eczema, has a couple of older historical names: pompholyx, specifically cheiropompholyx when involving the hands, and podopompholyx when involving the feet. This reflects that the disorder is essentially limited to the acral or palmoplantar locations. Anecdotally, rare cases have extended proximally up the distal extremities, but only when acral involvement was quite "
YT_Skin_Spongiotic_Dermatitis_Fung,YT Skin Spongiotic Dermatitis Fung,Skin::Inflammatory::Spongiotic::Eosinophilic_Spongiosis,Eosinophilic Spongiosis,Eosinophilic_Spongiosis,high,0.7059,0.0521,Skin::Inflammatory::Spongiotic::Spongiotic_Dermatitis_Eczema_Overview,1303.52,1438.56,21:44,23:59,135.04,"https://storage.googleapis.com/pathology-hub-0/source_videos/YT_Skin_Spongiotic_Dermatitis_Fung.mp4#t=1303.52,1438.56",semantic_gated_v0_2,"Even with a classic Pautrier collection or Pautrier microabscess with atypical lymphocytes forming a collection within the epidermis, you can still see some surrounding spongiosis. Compare that with the classic spongiotic vesicle on the left, where we have admixed lymphocytes and Langerhans cells and relatively greater spongiosis. But in practice, the assessment is quite subjective in many cases, trying to determine "
YT_Skin_Spongiotic_Dermatitis_Fung,YT Skin Spongiotic Dermatitis Fung,Skin::Inflammatory::Spongiotic::Eosinophilic_Spongiosis,Eosinophilic Spongiosis,Eosinophilic_Spongiosis,high,0.6986,0.0523,Skin::Inflammatory::Drug_Eruption::Drug_Reaction_With_Eosinophilia_And_Systemic_Symptoms_DRESS,1442.08,1573.6,24:02,26:14,131.52,"https://storage.googleapis.com/pathology-hub-0/source_videos/YT_Skin_Spongiotic_Dermatitis_Fung.mp4#t=1442.08,1573.6",semantic_gated_v0_2,"Eosinophils are so characteristic within the host response of arthropod bite reactions and similarly scabies that one would question the diagnosis if eosinophils are not present, and eosinophilic spongiosis is also frequently encountered. The vesicular stage of incontinentia pigmenti is characterized by a near pathognomonic combination of intraepidermal eosinophils and dyskeratosis. The discussion covers eosinophilic"
YT_Skin_Spongiotic_Dermatitis_Fung,YT Skin Spongiotic Dermatitis Fung,Skin::Inflammatory::Spongiotic::Nummular_Dermatitis,Nummular Dermatitis,Nummular_Dermatitis,high,0.7532,0.1647,Skin::Inflammatory::Panniculitis::Erythema_Nodosum,2361.6,2476.64,39:22,41:17,115.04,"https://storage.googleapis.com/pathology-hub-0/source_videos/YT_Skin_Spongiotic_Dermatitis_Fung.mp4#t=2361.6,2476.64",semantic_gated_v0_2,"The histopathology of Nummular dermatitis is that of spongiotic dermatitis NOS. Nummular dermatitis may show some eosinophils, occasional neutrophils, and uncommonly a lichenoid pattern. These adjectives are highlighted because multiple authors from different textbooks have used these exact words to describe the status of these cells and patterns in Nummular dermatitis, which is an annoying, disfiguring, and disablin"
YT_Skin_Spongiotic_Dermatitis_Fung,YT Skin Spongiotic Dermatitis Fung,Skin::Inflammatory::Spongiotic::Stasis_Dermatitis,Stasis Dermatitis,Stasis_Dermatitis,high,0.6762,0.0905,Skin::Inflammatory::Spongiotic::Spongiotic_Dermatitis_Eczema_Overview,2891.44,3021.2,48:11,50:21,129.76,"https://storage.googleapis.com/pathology-hub-0/source_videos/YT_Skin_Spongiotic_Dermatitis_Fung.mp4#t=2891.44,3021.2",semantic_gated_v0_2,"The key to including stasis dermatitis in a differential diagnosis is the recognition of venous stasis changes. Histologic features of venous stasis, in addition to the somewhat restrictive clinical setting, include a distinctive combination of findings: extravasated red blood cells, subsequent deposition of hemosiderin and siderophages, and most characteristically, vascular changes with a pattern of clusters of smal"
YT_Skin_T_Cell_Lymphoma_Cassarino,YT Skin T Cell Lymphoma Cassarino,Skin::Neoplastic::Hematolymphoid::Granulomatous_Slack_Skin,Granulomatous Slack Skin,Granulomatous_Slack_Skin,high,0.68,0.0731,Skin::Neoplastic::Lymphoid::T_Cell::MF_Variant_Poikiloderma,1324.04,1418.48,22:04,23:38,94.44,"https://storage.googleapis.com/pathology-hub-0/source_videos/YT_Skin_T_Cell_Lymphoma_Cassarino.mp4#t=1324.04,1418.48",semantic_gated_v0_2,"granulomalis slacks skin, so another even more rare variant, so follicular tropics more common, pagiotoid reticulosis, granulomalis slacks skin, are less common, and these are a variant of granulomalis MF, so there is just granulomalis MF with histologic granulomas, but clinically they're not slack skin looking, so you don't wanna call those cases for granulomalis slacks skin, so it's really a clinical and histologic"
YT_Skin_Vascular_Fung,YT Skin Vascular Fung,Skin::Depositional_Metabolic::Embolic::Cholesterol_Emboli,Cholesterol Emboli,Cholesterol_Emboli,high,0.7239,0.2186,Skin::Inflammatory::Vasculitis::Livedoid_Vasculopathy_Atrophie_Blanche,2976.08,3106.64,49:36,51:47,130.56,"https://storage.googleapis.com/pathology-hub-0/source_videos/YT_Skin_Vascular_Fung.mp4#t=2976.08,3106.64",semantic_gated_v0_2,"Cholesterol embolus is characterized by intraluminal cholesterol clefts. These are empty, sheath-like or slit-like spaces where the triglycerides used to be. These are the same cholesterol clefts that were described but failed to be demonstrated in extracellular cholesterosis, now known as erythema elevatum diutinum, and this occurs in a non-inflammatory setting. Such findings tend to look somewhat normal or unremark"
YT_Skin_Vascular_Fung,YT Skin Vascular Fung,Skin::Inflammatory::Vasculitis::Churg_Strauss_Syndrome_EGPA,Churg Strauss Syndrome EGPA,Churg_Strauss_Syndrome_EGPA,high,0.7002,0.089,Skin::Inflammatory::Vasculitis::Wegener_Granulomatosis_GPA,2024.96,2149.76,33:45,35:50,124.8,"https://storage.googleapis.com/pathology-hub-0/source_videos/YT_Skin_Vascular_Fung.mp4#t=2024.96,2149.76",semantic_gated_v0_2,"Eosinophilic granulomatosis with polyangiitis, or EGPA, formerly Churg-Strauss, is primarily diagnosed by clinical criteria with asthma, peripheral eosinophilia, and positive ANCA serologies. The skin is frequently involved, although the clinical presentation and corresponding histologic features can be quite variable. So, in the end, a skin biopsy is desirable, but not ultimately required for diagnosis. As would be "
YT_Skin_Vascular_Fung,YT Skin Vascular Fung,Skin::Inflammatory::Panniculitis::Erythema_Induratum_Nodular_Vasculitis,Erythema Induratum Nodular Vasculitis,Erythema_Induratum_Nodular_Vasculitis,high,0.7267,0.1283,Skin::Inflammatory::Vasculitis::Erythema_Annulare_Centrifugum,1902.24,2023.2,31:42,33:43,120.96,"https://storage.googleapis.com/pathology-hub-0/source_videos/YT_Skin_Vascular_Fung.mp4#t=1902.24,2023.2",semantic_gated_v0_2,"I tend not to resort to elastic tissue stains, but rather try to make the call on H&E. I don't rely on a distinction between circular and oval profiles, but rather on the distinction between a smooth versus undulating vessel profile. My analogy for this is the old Slinky toy, which is a rigid, circular but flexible tube, much like a vessel. If you imagine taking tangential sections through the edge of a Slinky toy, e"
YT_Skin_Vascular_Fung,YT Skin Vascular Fung,Skin::Inflammatory::Vasculitis::Giant_Cell_Arteritis_Temporal,Giant Cell Arteritis Temporal,Giant_Cell_Arteritis_Temporal,high,0.7162,0.0866,Skin::Inflammatory::Vasculitis::Takayasu_Arteritis,2282.24,2418.32,38:02,40:18,136.08,"https://storage.googleapis.com/pathology-hub-0/source_videos/YT_Skin_Vascular_Fung.mp4#t=2282.24,2418.32",semantic_gated_v0_2,"Subcutaneous. As is generally more typical of the various forms of systemic vasculitis, such as the... This is an example of rheumatoid vasculitis that we previously reviewed, showing very prominent fibrin consistent with. Necrotizing vasculitis. Giant cell arteritis is officially a large vessel vasculitis. The inflammation is directed against the superficial temporal artery, which is derived from the external caroti"
YT_Skin_Vascular_Fung,YT Skin Vascular Fung,Skin::Inflammatory::Granulomatous::Granuloma_Faciale,Granuloma Faciale,Granuloma_Faciale,high,0.7683,0.1492,Skin::Inflammatory::Adnexal::Rosacea_Granulomatous,1418.88,1537.52,23:39,25:38,118.64,"https://storage.googleapis.com/pathology-hub-0/source_videos/YT_Skin_Vascular_Fung.mp4#t=1418.88,1537.52",semantic_gated_v0_2,"And as a somewhat less esoteric hint, there is a misnomer involved. Granuloma faciale is characterized by usually a solitary erythematous papule or plaque on the face. Granuloma Faciale is seen in adults and is histologically quite distinctive with a relatively dense mixed infiltrate that, despite its density, characteristically spares the immediate subepidermal zone, forming a Grenz zone. It is classified pathogenet"
YT_Skin_Vascular_Fung,YT Skin Vascular Fung,Skin::Inflammatory::Vasculitis::Leukocytoclastic_Vasculitis_LCV,Leukocytoclastic Vasculitis LCV,Leukocytoclastic_Vasculitis_LCV,high,0.7374,0.0685,Skin::Inflammatory::Vasculitis::Lymphocytic_Vasculitis,546.8,680.24,9:07,11:20,133.44,"https://storage.googleapis.com/pathology-hub-0/source_videos/YT_Skin_Vascular_Fung.mp4#t=546.8,680.24",semantic_gated_v0_2,"Not surprisingly, this is not really relevant to dermatopathology, with the rare exception that giant cell arteritis or temporal arteritis may rarely exhibit cutaneous involvement as part of that systemic vasculitis. While the new nomenclature has been readily adopted by experts discussing and... While publishing on vasculitis, some terms have, in my experience, not really gained traction on the front lines. For exam"
YT_Skin_Vascular_Fung,YT Skin Vascular Fung,Skin::Inflammatory::Vasculitis::Leukocytoclastic_Vasculitis_LCV,Leukocytoclastic Vasculitis LCV,Leukocytoclastic_Vasculitis_LCV,high,0.6809,0.0931,Skin::Inflammatory::Vasculitis::Lymphocytic_Vasculitis,680.24,785.84,11:20,13:06,105.6,"https://storage.googleapis.com/pathology-hub-0/source_videos/YT_Skin_Vascular_Fung.mp4#t=680.24,785.84",semantic_gated_v0_2,"This difficult feature to identify may at first glance appear indistinguishable from surrounding dermal collagen. However, it typically has a slightly more intensely eosinophilic appearance, a slightly more smudgy or homogenous rather than fibrillary quality, and is invariably present within and around vessel walls. In this example, it is seen circumferentially around a portion of a small vessel, the lumen of which i"
YT_Skin_Vascular_Fung,YT Skin Vascular Fung,Skin::Inflammatory::Vasculitis::Leukocytoclastic_Vasculitis_LCV,Leukocytoclastic Vasculitis LCV,Leukocytoclastic_Vasculitis_LCV,high,0.704,0.1146,Skin::Inflammatory::Vasculitis::Lymphocytic_Vasculitis,912.48,1020.24,15:12,17:00,107.76,"https://storage.googleapis.com/pathology-hub-0/source_videos/YT_Skin_Vascular_Fung.mp4#t=912.48,1020.24",semantic_gated_v0_2,"Leukocytoclastic vasculitis can cause a fairly wide variety of secondary overlying changes that mimic immunobullous disorders with neutrophils. Secondly, it is important to ensure you look at the tissue comprehensively. Hopefully, in most cases, one can observe the diagnostic changes of LCV, which are not a feature of any immunobullous disorder. These changes are sometimes subtle, yet present, often associated with u"
YT_Skin_Vascular_Fung,YT Skin Vascular Fung,Skin::Inflammatory::Vasculitis::Leukocytoclastic_Vasculitis_LCV,Leukocytoclastic Vasculitis LCV,Leukocytoclastic_Vasculitis_LCV,high,0.7136,0.0823,Skin::Inflammatory::Vasculitis::Urticarial_Vasculitis,1279.76,1416.08,21:20,23:36,136.32,"https://storage.googleapis.com/pathology-hub-0/source_videos/YT_Skin_Vascular_Fung.mp4#t=1279.76,1416.08",semantic_gated_v0_2,"On the sparse end of the histopathologic LCV spectrum is urticarial vasculitis, which in contrast to the classic palpable purpura on the lower extremities that characterizes most forms of LCV, urticarial vasculitis can occur on any site and often has a predilection for sites that one would not normally think about for vasculitis, such as the trunk or even the face. Urticarial lesions tend to persist and leave hyperpi"
YT_Skin_Vascular_Fung,YT Skin Vascular Fung,Skin::Inflammatory::Vasculitis::Polyarteritis_Nodosa,Polyarteritis Nodosa,Polyarteritis_Nodosa,high,0.6763,0.0551,Skin::Inflammatory::Vasculitis::Microscopic_Polyangiitis,1671.52,1796.8,27:52,29:57,125.28,"https://storage.googleapis.com/pathology-hub-0/source_videos/YT_Skin_Vascular_Fung.mp4#t=1671.52,1796.8",semantic_gated_v0_2,"Let's look at a larger vessel vasculitis, or more specifically a median vessel vasculitis, polyarteritis nodosa (PAN). In the revised nomenclature, PAN is reserved for idiopathic systemic vasculitis. In dermatopathology, the vast majority of cases encountered are indeed skin-limited. Formerly, cutaneous polyarteritis nodosa is now designated cutaneous arteritis in the Chapel Hill nomenclature. At scanning magnificati"
YT_Skin_Vascular_Fung,YT Skin Vascular Fung,Skin::Inflammatory::Neutrophilic::Pyoderma_Gangrenosum,Pyoderma Gangrenosum,Pyoderma_Gangrenosum,high,0.689,0.0918,Skin::Inflammatory::Granulomatous::Palisaded_Neutrophilic_Granulomatous_Dermatitis,3432.72,3569.04,57:13,59:29,136.32,"https://storage.googleapis.com/pathology-hub-0/source_videos/YT_Skin_Vascular_Fung.mp4#t=3432.72,3569.04",semantic_gated_v0_2,"Worthy of mention is histiocytoid Sweet syndrome, which is a histologic variant characterized by larger histiocytic mononuclear cells, whose nuclei are sometimes described as twisted, and staining immunopositively for myeloid and histiocytic markers. There does indeed seem to be an association between histiocytoid Sweet syndrome and having an underlying myeloid dysplasia. Some authorities have recently suggested that"
YT_Skin_Vascular_Fung,YT Skin Vascular Fung,Skin::Inflammatory::Neutrophilic::Sweet_Syndrome,Sweet Syndrome,Sweet_Syndrome,high,0.708,0.0816,Skin::Inflammatory::Vasculitis::Wells_Syndrome_Eosinophilic_Cellulitis,3290.4,3430.4,54:50,57:10,140.0,"https://storage.googleapis.com/pathology-hub-0/source_videos/YT_Skin_Vascular_Fung.mp4#t=3290.4,3430.4",semantic_gated_v0_2,"Inflammatory vascular disorders could include virtually any inflammatory dermatopathology condition. This discussion will conclude with neutrophilic dermatoses and Wells syndrome. Many other diseases often classified under inflammatory vascular disorders have been covered in a separate lecture on perivascular dermatitis, and interested learners can refer to that lecture via the provided link. Sweet syndrome is convey"
YT_Skin_Vasculitis_Johnson,YT Skin Vasculitis Johnson,Skin::Inflammatory::Vasculitis::Leukocytoclastic_Vasculitis_LCV,Leukocytoclastic Vasculitis LCV,Leukocytoclastic_Vasculitis_LCV,high,0.7018,0.0775,Skin::Inflammatory::Vasculitis::Lymphocytic_Vasculitis,237.6,373.28,3:58,6:13,135.68,"https://storage.googleapis.com/pathology-hub-0/source_videos/YT_Skin_Vasculitis_Johnson.mp4#t=237.6,373.28",semantic_gated_v0_2,"Leukocytoclastic vasculitis is a histopathologic descriptive term defined by three key findings: perivascular neutrophils, some leukocytoclasia (which is neutrophilic debris around the vessels), and some vessel wall damage. This vessel wall damage can be subtle, like fluffy endothelial cell swelling, or more severe, such as fibrinoid necrosis. Although it's a histopathologic term, 'leukocytoclastic vasculitis' has be"
Thoracic_Lecture_1_Lung_Non_Neoplastic1,Thoracic Lecture 1 Lung Non Neoplastic1,Thorax_Mediastinum::Lung::Inflammatory::Airspace::Diffuse_Alveolar_Damage,Diffuse Alveolar Damage,Diffuse_Alveolar_Damage,high,0.7032,0.1358,Thorax_Mediastinum::Lung::Inflammatory::Lymphocytic::Lymphoid_Interstitial_Pneumonia_LIP,390.0,530.0,6:30,8:50,140.0,"https://storage.googleapis.com/pathology-hub-0/source_videos/Thoracic_Lecture_1_Lung_Non_Neoplastic1.mp4#t=390,530",semantic_gated_v0_2,"Acute lung injury is a broad category that clinicians often use synonymously or interchangeably with acute respiratory distress syndrome. In pathology, various types of acute lung injury are discussed, with the usual histology involving diffuse alveolar damage and its associated changes. This can also include airspace organization, organizing pneumonia, and the category of fibrinous organizing pneumonia. Pathology sh"
Thoracic_Lecture_1_Lung_Non_Neoplastic1,Thoracic Lecture 1 Lung Non Neoplastic1,Thorax_Mediastinum::Lung::Inflammatory::Airspace::Diffuse_Alveolar_Damage,Diffuse Alveolar Damage,Diffuse_Alveolar_Damage,high,0.7098,0.1999,Thorax_Mediastinum::Lung::Inflammatory::Airways::Small_Airway_Disease_Bronchiolocentric_Interstitial_Lung_Disease,940.0,1125.0,15:40,18:45,185.0,"https://storage.googleapis.com/pathology-hub-0/source_videos/Thoracic_Lecture_1_Lung_Non_Neoplastic1.mp4#t=940,1125",semantic_gated_v0_2,"Clues for diffuse alveolar damage when making this pathological diagnosis include a compatible clinical history, relatively acute onset of shortness of breath, diffuse alveolar septal thickening or effacement by collapse, edema, and alveolar filling predominantly with fibrin and proteinaceous fluid, along with hyaline membrane formation. Hyaline membrane is the diagnostic feature for diffuse alveolar damage; without "
Thoracic_Lecture_1_Lung_Non_Neoplastic1,Thoracic Lecture 1 Lung Non Neoplastic1,Thorax_Mediastinum::Lung::Inflammatory::Vasculitis::Granulomatosis_with_Polyangiitis_GPA,Granulomatosis with Polyangiitis GPA,Granulomatosis_with_Polyangiitis_GPA,high,0.7733,0.2778,Thorax_Mediastinum::Lung::Neoplastic::Hematolymphoid::Lymphomatoid_Granulomatosis,2531.0,2658.0,42:11,44:18,127.0,"https://storage.googleapis.com/pathology-hub-0/source_videos/Thoracic_Lecture_1_Lung_Non_Neoplastic1.mp4#t=2531,2658",semantic_gated_v0_2,"Cases of Granulomatosis with Polyangiitis (GPA) are identifiable using helpful tests like the ELISA for Proteinase 3 (PR3)-ANCA antibody (C-ANCA) in patients with suspicious findings. Patients usually present with kidney, sinonasal, or pulmonary abnormalities, which may include coughing blood, recurrent nosebleeds, or kidney failure. Typically, CAT scans reveal multiple cavitary lesions; a solitary lesion is unusual "
Thoracic_Lecture_1_Lung_Non_Neoplastic1,Thoracic Lecture 1 Lung Non Neoplastic1,Thorax_Mediastinum::Lung::Inflammatory::Granulomatous::Sarcoidosis,Sarcoidosis,Sarcoidosis,high,0.694,0.0726,Thorax_Mediastinum::Lung::Neoplastic::Hematolymphoid::Lymphomatoid_Granulomatosis,1976.0,2107.0,32:56,35:07,131.0,"https://storage.googleapis.com/pathology-hub-0/source_videos/Thoracic_Lecture_1_Lung_Non_Neoplastic1.mp4#t=1976,2107",semantic_gated_v0_2,"Here is the classical lymphatic distribution of sarcoidosis. We observe rounded granulomas closely following the lymphatic routes, specifically within the bronchovascular bundle, nestled between the bronchus and the artery. This illustrates the proper lymphatic distribution of granulomas, which can be seen pushing lymphocytes to the side. This presentation is also evident in the subpleural region and extending along "
