video_id,lecture_title,primary_tag,topic_label,entity_name,start_sec,end_sec,start_label,end_label,duration_sec,video_time_url,tag_status,tag_score,excerpt
yt_nicole_cipriani_bone_soft_tissue_board_review_2026_04_23_nomohth-vty,Bone & Soft Tissue Board Review 2026-04-23 (Nicole Cipriani),BST::Soft_Tissue::Uncertain_Diff::Myoepithelioma_Myoepithelial_Carcinoma_and_Mixed_Tumor,Myoepithelioma Myoepithelial Carcinoma and Mixed Tumor,Myoepithelioma_Myoepithelial_Carcinoma_and_Mixed_Tumor,3844.08,3977.68,1:04:04,1:06:18,133.6,https://www.youtube.com/watch?v=NOmOHTh-vtY&t=3844s,semantic_gated_v0_2,0.6663,"of salivary gland, and what else? Wonder about its intraosseous counterpart. Adonogenic clear cell carcinoma, which is identical, identical, identical, identical. Okay, great. Sorry, I like to make these connections, like right when you see one fusion, like think about the other tumors that have the same fusion. I don't know if that's just me, but I do it in my head anyway, so we're going to do it together. Okay, PCO"
yt_nicole_cipriani_bone_soft_tissue_board_review_2026_04_23_nomohth-vty,Bone & Soft Tissue Board Review 2026-04-23 (Nicole Cipriani),BST::Bone::Giant_Cell_Rich::Non_Ossifying_Fibroma,Non Ossifying Fibroma,Non_Ossifying_Fibroma,410.7,550.3,6:51,9:10,139.6,https://www.youtube.com/watch?v=NOmOHTh-vtY&t=410s,semantic_gated_v0_2,0.6154,"wrinkled, coffee bean, or kidney-shaped nuclei in these very small cells in the background. We see these stippled kind of so-called chicken wire calcifications, right, that really nicely outline each of the individual cells, but each of the individual cells, if you're thinking, oh, this reminds me of, could this be osteosar, because of that bone, well, the cells inside If you're ever not sure, you can do the histone "
yt_nicole_cipriani_bone_soft_tissue_board_review_2026_04_23_nomohth-vty,Bone & Soft Tissue Board Review 2026-04-23 (Nicole Cipriani),BST::Soft_Tissue::Skeletal_Muscle::Benign::Rhabdomyoma_Adult,Rhabdomyoma Adult,Rhabdomyoma_Adult,2072.18,2211.18,34:32,36:51,139.0,https://www.youtube.com/watch?v=NOmOHTh-vtY&t=2072s,semantic_gated_v0_2,0.6159,"so it does not tell you whether it's a GYN-associated thing. And then when you have an immunocompromised patient, think about doing an Epstein-Barr virus, EBR, because these have better prognosis. We have cardiac rhabdomyoma with glycogenated spider cells. We have adult head and neck rhabdomyoma, often in sites like tongue, with these large eosinophilic striated cells. We have fetal and general rhabdomyoma with strap"
yt_nicole_cipriani_bone_soft_tissue_board_review_2026_04_23_nomohth-vty,Bone & Soft Tissue Board Review 2026-04-23 (Nicole Cipriani),BST::Soft_Tissue::Nerve_Sheath::Benign::Schwannoma_Plexiform,Schwannoma Plexiform,Schwannoma_Plexiform,2750.64,2889.2,45:51,48:09,138.56,https://www.youtube.com/watch?v=NOmOHTh-vtY&t=2750s,semantic_gated_v0_2,0.6386,"sarcoma, okay, for Dr. Kraus. Four variants. The classic sort of indolent elderly Mediterranean man version, the endemic African virgin in patients who are not immunosuppressed. The iatrogenic, where we have immunosuppressed the patient because we've given them an organ transplant. And then the AIDS-HIV associated, which is the most aggressive form. So all morphologically similar spindle cells, extravasated breast ce"
yt_nicole_cipriani_bone_soft_tissue_board_review_2026_04_23_nomohth-vty,Bone & Soft Tissue Board Review 2026-04-23 (Nicole Cipriani),BST::Soft_Tissue::Uncertain_Diff::Malignant::Synovial_Sarcoma_Monophasic,Synovial Sarcoma Monophasic,Synovial_Sarcoma_Monophasic,3296.48,3434.4,54:56,57:14,137.92,https://www.youtube.com/watch?v=NOmOHTh-vtY&t=3296s,semantic_gated_v0_2,0.6521,can be present with an associated LGFMS in which case it retains the same fusion or can be present pure or de novo in which case it has slightly different fusion with EWSR instead of FUS as partner. These can metastasize at higher rates than the low grade counterpart. All right synovial cellular spindled monophasic or spindled and epithelioid biphasic. Usually young adults often in a periarticular or juxtaarticular a
yt_nicole_cipriani_bone_soft_tissue_board_review_2026_04_23_nomohth-vty,Bone & Soft Tissue Board Review 2026-04-23 (Nicole Cipriani),BST::Soft_Tissue::Uncertain_Diff::Malignant::Undifferentiated_Round_Cell_Sarcoma_Ewing,Undifferentiated Round Cell Sarcoma Ewing,Undifferentiated_Round_Cell_Sarcoma_Ewing,2344.16,2484.0,39:04,41:24,139.84,https://www.youtube.com/watch?v=NOmOHTh-vtY&t=2344s,semantic_gated_v0_2,0.6602,"So you may see WT1 expression. If you are in an adult and you see a small round blue cell tumor, you are certainly also going to think about things like carcinoma, melanoma, lymphoma. I'm not even putting on there your things like small cell osteosarc, round cell liposarc. These are all things that can come up in the differential. As well as Ewing's like sarcomas, which depending on whether you're in soft tissue or b"
BST_Lecture_1_Grossing,BST Lecture 1 Grossing,BST::Bone::Normal_Histology::Radiologic_Approach_To_Bone_Tumors,Radiologic Approach To Bone Tumors,Radiologic_Approach_To_Bone_Tumors,2398.84,2448.96,39:59,40:49,50.12,"https://storage.googleapis.com/pathology-hub-0/source_videos/BST_Lecture_1_Grossing.mp4#t=2398.84,2448.96",semantic_gated_v0_2,0.5887,"The approach to bone specimens depends on why bone is present in the specimen. One scenario is when the primary diagnosis is not bone; bone is simply present, such as in a mandible with squamous cell carcinoma where the carcinoma is invading the bone. In this case, the definitive diagnosis does not typically rely on bone sections, although stage or margins might, which can often be addressed with a single slide. The "
BST_Lecture_1_Grossing,BST Lecture 1 Grossing,BST::Bone::Normal_Histology::Radiologic_Approach_To_Bone_Tumors,Radiologic Approach To Bone Tumors,Radiologic_Approach_To_Bone_Tumors,2569.68,2690.8,42:50,44:51,121.12,"https://storage.googleapis.com/pathology-hub-0/source_videos/BST_Lecture_1_Grossing.mp4#t=2569.68,2690.8",semantic_gated_v0_2,0.5845,"Bone diagnoses utilize a variety of specimen types, ranging from Fine Needle Aspiration (FNA) and core biopsy, primarily for diagnosis, to larger procedures for both diagnosis and therapy. Procedures like curettage are analogous to marginal excisions, used to debulk tumors and often serve for both diagnosis and therapy, sometimes involving a frozen section. Wider excisions, where a segment of bone is removed, limb-sp"
BST_Lecture_2_SoftTissue1,BST Lecture 2 SoftTissue1,BST::Soft_Tissue::Fibroblastic::Proliferative_Fasciitis_and_Proliferative_Myositis,Proliferative Fasciitis and Proliferative Myositis,Proliferative_Fasciitis_and_Proliferative_Myositis,2741.2,2828.08,45:41,47:08,86.88,"https://storage.googleapis.com/pathology-hub-0/source_videos/BST_Lecture_2_SoftTissue1.mp4#t=2741.2,2828.08",semantic_gated_v0_2,0.6615,"So that's nodular fasciitis, the typical one. Then we have a bunch of variants. This is proliferative myositis. This could also be in the fascia, in which case it would be proliferative fasciitis. It has all the same features as nodular fasciitis: the zonation, the relatively rapid course, maybe in older patients, tends to be deeper. Most cases are in the muscle, not superficial. Its distinguishing feature, in additi"
BST_Lecture_3_SofTissue2,BST Lecture 3 SofTissue2,BST::Soft_Tissue::Vascular::Malignant::Angiosarcoma,Angiosarcoma,Angiosarcoma,2312.24,2419.12,38:32,40:19,106.88,"https://storage.googleapis.com/pathology-hub-0/source_videos/BST_Lecture_3_SofTissue2.mp4#t=2312.24,2419.12",semantic_gated_v0_2,0.7148,"Angiosarcoma in the skin tends to be one of those tumors, so if you're not used to looking for them, you might just look at the slide and think there's nothing going on. So that should scare you, right? Because you just got an excision of a lesion and you're not seeing anything. Well, the reason you're seeing it low power is because angiosarcoma is really highly infiltrative. It doesn't form a mass. All the blue here"
BST_Lecture_3_SofTissue2,BST Lecture 3 SofTissue2,BST::Soft_Tissue::Adipocytic::Intermediate::Atypical_Lipomatous_Tumor_Well_Differentiated_Liposarcoma,Atypical Lipomatous Tumor Well Differentiated Liposarcoma,Atypical_Lipomatous_Tumor_Well_Differentiated_Liposarcoma,2998.64,3128.56,49:59,52:09,129.92,"https://storage.googleapis.com/pathology-hub-0/source_videos/BST_Lecture_3_SofTissue2.mp4#t=2998.64,3128.56",semantic_gated_v0_2,0.7891,"The terms atypical lipomatous tumor and well-differentiated liposarcoma mean the same thing. These are the same tumor, but we use the terms depending on where the tumor is located. So if it is in a deep location, retroperitoneum, or scrotum, those tumors have a higher occurrence risk, are difficult to control, and have a higher risk of transformation to a higher grade, or so-called de-differentiated liposarcoma. So i"
BST_Lecture_3_SofTissue2,BST Lecture 3 SofTissue2,BST::Soft_Tissue::Vascular::Malignant::Epithelioid_Hemangioendothelioma,Epithelioid Hemangioendothelioma,Epithelioid_Hemangioendothelioma,2202.4,2311.44,36:42,38:31,109.04,"https://storage.googleapis.com/pathology-hub-0/source_videos/BST_Lecture_3_SofTissue2.mp4#t=2202.4,2311.44",semantic_gated_v0_2,0.7055,"It might be an extravascular one. It has a very characteristic kind of mixoid-hyaline stroma. It's not quite cartilage, it's not purely mixoid, it's a mixture of mixoid stuff and collagen, and then usually little cords of endothelial cells. They rarely make fully formed vessels like the epithelial hemangioma does, but like epithelial hemangioma, they often have. Single cells that form vascular channels with either a "
BST_Lecture_3_SofTissue2,BST Lecture 3 SofTissue2,BST::Soft_Tissue::Vascular::Benign::Hemangioma_Epithelioid,Hemangioma Epithelioid,Hemangioma_Epithelioid,1846.08,1959.84,30:46,32:40,113.76,"https://storage.googleapis.com/pathology-hub-0/source_videos/BST_Lecture_3_SofTissue2.mp4#t=1846.08,1959.84",semantic_gated_v0_2,0.7147,"Let's discuss benign conventional capillary hemangiomas, focusing on one subtype: epithelioid hemangioma. This is a distinct category with genetics different from other capillary hemangiomas, often driven by FOS or FOSB gene rearrangements through promoter swapping, leading to gene overexpression. It presents with disorganized vascular channels lined by plump, epithelial-looking endothelial cells, which can appear al"
BST_Lecture_3_SofTissue2,BST Lecture 3 SofTissue2,BST::Soft_Tissue::Vascular::Benign::Lobular_Capillary_Hemangioma,Lobular Capillary Hemangioma,Lobular_Capillary_Hemangioma,1382.64,1492.16,23:03,24:52,109.52,"https://storage.googleapis.com/pathology-hub-0/source_videos/BST_Lecture_3_SofTissue2.mp4#t=1382.64,1492.16",semantic_gated_v0_2,0.6796,"It's called a strawberry nevus clinically because it's bright red like a strawberry. It's a birthmark that kids are usually born with. Many of these will regress, although not necessarily completely, and they can also produce quite a scar when they regress. So there will often still be surgery done, plastic surgery done for these to manage them and to try to minimize the aesthetic impact. Microscopically, they follow"
BST_Lecture_3_SofTissue2,BST Lecture 3 SofTissue2,BST::Soft_Tissue::Vascular::Benign::Lobular_Capillary_Hemangioma,Lobular Capillary Hemangioma,Lobular_Capillary_Hemangioma,1624.48,1717.84,27:04,28:38,93.36,"https://storage.googleapis.com/pathology-hub-0/source_videos/BST_Lecture_3_SofTissue2.mp4#t=1624.48,1717.84",semantic_gated_v0_2,0.607,"The most common clinical presentation you'll see in a textbook is a mucosal lesion in a pregnant woman. So it seems like there may be some progesterone-related effect that drives these. They can spontaneously regress. They also occur in the skin, and then less frequently occur in deeper soft tissues, but the most common sites are going to be mucosal and cutaneous. They have the same kind of appearance as the juvenile"
BST_Lecture_3_SofTissue2,BST Lecture 3 SofTissue2,BST::Soft_Tissue::Vascular::Benign::Lobular_Capillary_Hemangioma,Lobular Capillary Hemangioma,Lobular_Capillary_Hemangioma,1718.56,1846.08,28:39,30:46,127.52,"https://storage.googleapis.com/pathology-hub-0/source_videos/BST_Lecture_3_SofTissue2.mp4#t=1718.56,1846.08",semantic_gated_v0_2,0.6818,"Infantile, congenital, and lobular capillary hemangioma. You have a single layer of endothelial cells, usually with a layer of pericytes below them. You sometimes need to use muscle actin to see the pericytes because, much like in the prostate, it's hard to distinguish basal cells from epithelial cells. The two cell types are quite small and pressed against each other. However, there is no stratification or infiltrat"
BST_Lecture_4_SoftTissue3,BST Lecture 4 SoftTissue3,BST::Soft_Tissue::Skeletal_Muscle::Malignant::Alveolar_Rhabdomyosarcoma,Alveolar Rhabdomyosarcoma,Alveolar_Rhabdomyosarcoma,2931.6,3059.52,48:52,51:00,127.92,"https://storage.googleapis.com/pathology-hub-0/source_videos/BST_Lecture_4_SoftTissue3.mp4#t=2931.6,3059.52",semantic_gated_v0_2,0.6493,"In a little kid, this tumor actually has recognizable rhabdomyoblastic cells. It typically has a range of differentiation. So, the alveolar rhabdo is a translocation tumor where every cell looks exactly the same. In botryoid, it's usually a point mutation driven tumor or complex genetic tumor where you have undifferentiated cells that are spindle-shaped, but you also see cells that occasionally look a little more myo"
BST_Lecture_4_SoftTissue3,BST Lecture 4 SoftTissue3,BST::Soft_Tissue::Smooth_Muscle::Benign::Cutaneous_Leiomyoma,Cutaneous Leiomyoma,Cutaneous_Leiomyoma,2096.0,2152.0,34:56,35:52,56.0,"https://storage.googleapis.com/pathology-hub-0/source_videos/BST_Lecture_4_SoftTissue3.mp4#t=2096,2152",semantic_gated_v0_2,0.5892,"Another pilar leiomyoma is a completely benign but painful cutaneous smooth muscle tumor, ostensibly derived from smooth muscle cells of the piloerector muscle. No tumor or neoplasm is derived from the mature, terminally differentiated cell that it recapitulates, but there are probably some sort of reserve cells or stem cells there that have the ability to become smooth muscle, and that's what this tumor is composed "
BST_Lecture_4_SoftTissue3,BST Lecture 4 SoftTissue3,BST::Soft_Tissue::Smooth_Muscle::Benign::Cutaneous_Leiomyoma,Cutaneous Leiomyoma,Cutaneous_Leiomyoma,2152.0,2330.0,35:52,38:50,178.0,"https://storage.googleapis.com/pathology-hub-0/source_videos/BST_Lecture_4_SoftTissue3.mp4#t=2152,2330",semantic_gated_v0_2,0.6216,"So those things tend to clue you in that you're probably dealing with a benign tumor. You see any atypia in this, it's not a piloleiomyoma. It's either a metastasis or potentially a leiomyosarcoma of the skin. The other major benign smooth muscle tumor we see with some frequency is the angioleiomyoma. These are thought to be derived from smooth muscle cells that are pericytic, that are surrounding terminal arterioles"
BST_Lecture_4_SoftTissue3,BST Lecture 4 SoftTissue3,BST::Soft_Tissue::Fibroblastic::Malignant::Dermatofibrosarcoma_Protuberans_Fibrosarcomatous,Dermatofibrosarcoma Protuberans Fibrosarcomatous,Dermatofibrosarcoma_Protuberans_Fibrosarcomatous,209.0,335.0,3:29,5:35,126.0,"https://storage.googleapis.com/pathology-hub-0/source_videos/BST_Lecture_4_SoftTissue3.mp4#t=209,335",semantic_gated_v0_2,0.7094,"Some textbooks include other entities such as juvenile xanthogranuloma, which is often included in variants of fibrosarcoma, citoma, and the annual small epithelial tumors. The geometry of fibrosarcomas is also included in some textbooks. This is a translocation tumor with very diverse morphology and a broad spectrum of clinical behavior, ranging from local excision which is curative to disseminated metastatic diseas"
BST_Lecture_4_SoftTissue3,BST Lecture 4 SoftTissue3,BST::Soft_Tissue::Fibroblastic::Malignant::Dermatofibrosarcoma_Protuberans_Fibrosarcomatous,Dermatofibrosarcoma Protuberans Fibrosarcomatous,Dermatofibrosarcoma_Protuberans_Fibrosarcomatous,448.0,585.0,7:28,9:45,137.0,"https://storage.googleapis.com/pathology-hub-0/source_videos/BST_Lecture_4_SoftTissue3.mp4#t=448,585",semantic_gated_v0_2,0.6597,"A cellular dermatofibroma or cellular fibrosarcoid type tends to be a little more monotonous and tightly packed, but still tends to be storiform. And then there are tons of other ones. There are pigmented ones that can get lipidized and epithelioid so that you actually lose the storiform architecture, and you just have a bunch of plump foamy cells, most of which look macrophage-like. So really diverse. I think the ke"
BST_Lecture_4_SoftTissue3,BST Lecture 4 SoftTissue3,BST::Soft_Tissue::Fibroblastic::Malignant::Dermatofibrosarcoma_Protuberans_Fibrosarcomatous,Dermatofibrosarcoma Protuberans Fibrosarcomatous,Dermatofibrosarcoma_Protuberans_Fibrosarcomatous,685.0,824.0,11:25,13:44,139.0,"https://storage.googleapis.com/pathology-hub-0/source_videos/BST_Lecture_4_SoftTissue3.mp4#t=685,824",semantic_gated_v0_2,0.5777,"This is the simple sort of textbook, first page of the textbook teaching. So DFSP factor 13a and DFSP 34. You'll see cases come to the consult service on, you know, both septic consult service with those two stains for a superficial, cutaneous lesion because they're thinking, could this be DF or DFSP? And yes, CD34 is diffusely positive in DFSP. Back to 13a, generally negative, but you can still find occasional cells"
BST_Lecture_4_SoftTissue3,BST Lecture 4 SoftTissue3,BST::Soft_Tissue::Fibroblastic::Intermediate::Desmoid_Type_Fibromatosis,Desmoid Type Fibromatosis,Desmoid_Type_Fibromatosis,933.0,1014.0,15:33,16:54,81.0,"https://storage.googleapis.com/pathology-hub-0/source_videos/BST_Lecture_4_SoftTissue3.mp4#t=933,1014",semantic_gated_v0_2,0.6011,"So highly infiltrative, pink. This is a very pink-looking tumor. It's pretty hypocellular. And its claim to fame is actually it has two big claims to fame. One is there are no variants of desmoid. Like there's a pigmented variant of DFSP, right? There's monophasic and biphasic variants of synovial sarcoma. Every tumor has a variant. There are no variants of desmoid. It looks the same wherever it is. There is not a ps"
BST_Lecture_4_SoftTissue3,BST Lecture 4 SoftTissue3,BST::Soft_Tissue::Uncertain_Diff::Malignant::Extraskeletal_Myxoid_Chondrosarcoma,Extraskeletal Myxoid Chondrosarcoma,Extraskeletal_Myxoid_Chondrosarcoma,3577.16,3682.52,59:37,1:01:23,105.36,"https://storage.googleapis.com/pathology-hub-0/source_videos/BST_Lecture_4_SoftTissue3.mp4#t=3577.16,3682.52",semantic_gated_v0_2,0.6939,"They look a little myoepithelial, perhaps, which is actually one of the main things in the differential. If I told you this thing on the right was in the salivary gland, you might think, ""Yeah, you know, maybe PA, you know, something that might go in that category."" You'd be thinking that because this tumor looks a lot like that. It's a translocation tumor, so monotonous, same cell over and over again. This was from "
BST_Lecture_4_SoftTissue3,BST Lecture 4 SoftTissue3,BST::Soft_Tissue::Fibroblastic::Malignant::Myxofibrosarcoma,Myxofibrosarcoma,Myxofibrosarcoma,1306.0,1435.0,21:46,23:55,129.0,"https://storage.googleapis.com/pathology-hub-0/source_videos/BST_Lecture_4_SoftTissue3.mp4#t=1306,1435",semantic_gated_v0_2,0.638,"It's almost always a subcutaneous tumor. It's grossly gelatinous and microscopically myxoid. It looks innocuous in that it looks circumscribed and it will feel circumscribed to the surgeon. This is probably one of the most common consults we get where the clinical was, you know, like a comma, and then a dermatologist took it out or a plastic surgeon took it out, sort of piece by piece. And of course it was a myxofibr"
BST_Lecture_4_SoftTissue3,BST Lecture 4 SoftTissue3,BST::Soft_Tissue::Fibroblastic::Malignant::Myxofibrosarcoma,Myxofibrosarcoma,Myxofibrosarcoma,1476.0,1588.0,24:36,26:28,112.0,"https://storage.googleapis.com/pathology-hub-0/source_videos/BST_Lecture_4_SoftTissue3.mp4#t=1476,1588",semantic_gated_v0_2,0.7308,"The tumor's name, myxofibrosarcoma, derives from 'myxo' coming first because it is predominantly myxoid. However, fibromyxoid sarcoma starts with 'fibro' instead of 'myxo,' indicating it is predominantly collagenous and pink, with some alternating myxoid zones. This distinction is important as the former is typically blue and myxoid, while fibromyxoid sarcoma is pink. Fibromyxoid sarcoma is common in younger patients"
BST_Lecture_5_Bone1,BST Lecture 5 Bone1,BST::Bone::Reactive::Infectious::Osteomyelitis_Acute,Osteomyelitis Acute,Osteomyelitis_Acute,2513.56,2668.44,41:54,44:28,154.88,"https://storage.googleapis.com/pathology-hub-0/source_videos/BST_Lecture_5_Bone1.mp4#t=2513.56,2668.44",semantic_gated_v0_2,0.5846,"Acute osteomyelitis can present with diabetic toes or osteomyelitis in children, and it's a diagnosis that should be made with imaging and clinical correlation. Clinically, it's a diverse disease: children typically don't have classic infection symptoms like fever or elevated white counts, while diabetic toe infections are more obvious with gangrene and pus. Radiographically, acute osteomyelitis is typically lytic an"
BST_Lecture_5_Bone1,BST Lecture 5 Bone1,BST::Bone::Reactive::Infectious::Osteomyelitis_Chronic,Osteomyelitis Chronic,Osteomyelitis_Chronic,2802.28,2936.44,46:42,48:56,134.16,"https://storage.googleapis.com/pathology-hub-0/source_videos/BST_Lecture_5_Bone1.mp4#t=2802.28,2936.44",semantic_gated_v0_2,0.5215,"It can get really exuberant to the point where it gets scary. So if you don't know that there's an infection going on because you don't have a slide that shows it, or you have bad clinical history, and the imaging, you don't have any imaging to determine whether you're looking at a tumor or a mirrored infiltrated process like an infection, and there are no cultures. The involucrum can actually have endochondral ossif"
BST_Lecture_5_Bone1,BST Lecture 5 Bone1,BST::Bone::Reactive::Infectious::Osteomyelitis_Chronic,Osteomyelitis Chronic,Osteomyelitis_Chronic,2936.44,3041.52,48:56,50:42,105.08,"https://storage.googleapis.com/pathology-hub-0/source_videos/BST_Lecture_5_Bone1.mp4#t=2936.44,3041.52",semantic_gated_v0_2,0.6112,"This is amazing, right? Here's a chronic osteomyelitis that looks like osteosarcoma. I showed you that periosteal sunburst-like reaction, and this one actually, then there's chronic osteo. There's another one, moth-eaten appearance with a periosteal reaction and metaphyseal lesion. This very well could have been an osteosarcoma, also ended up being chronic osteomyelitis. So it should look like dead bone, dense fibros"
BST_Lecture_5_Bone1,BST Lecture 5 Bone1,BST::Bone::Osteogenic::Malignant::Osteosarcoma_Periosteal,Osteosarcoma Periosteal,Osteosarcoma_Periosteal,1605.52,1711.48,26:46,28:31,105.96,"https://storage.googleapis.com/pathology-hub-0/source_videos/BST_Lecture_5_Bone1.mp4#t=1605.52,1711.48",semantic_gated_v0_2,0.5648,"You look for whether it's litigious, sclerotic, marginated, circumscribed, or permeative. Finally, you look for the presence or absence of a periosteal reaction. Generally speaking, aggressive lesions are fast-growing and produce a periosteal reaction. This is an osteosarcoma where the periosteum is lifted and there's tumor underneath it. Remember, there are those Sharpey's fibers in there, so they're tightly holding"
BST_Lecture_5_Bone1,BST Lecture 5 Bone1,BST::Bone::Reactive::Metabolic::Paget_Disease,Paget Disease,Paget_Disease,3359.08,3489.2,55:59,58:09,130.12,"https://storage.googleapis.com/pathology-hub-0/source_videos/BST_Lecture_5_Bone1.mp4#t=3359.08,3489.2",semantic_gated_v0_2,0.725,"Paget's disease of bone is one of the most common bone lesions seen in adults. It is not a neoplasm, nor is it technically a metabolic disease because it is not ongoing. Patients with Paget's disease do not develop new lesions after the initial diagnosis; existing lesions remain the only ones they will ever have. It is likely related to both an autoimmune process and potentially an infection. The pathology of the dis"
BST_Lecture_5_Bone1,BST Lecture 5 Bone1,BST::Bone::Reactive::Metabolic::Paget_Disease,Paget Disease,Paget_Disease,3490.48,3619.52,58:10,1:00:20,129.04,"https://storage.googleapis.com/pathology-hub-0/source_videos/BST_Lecture_5_Bone1.mp4#t=3490.48,3619.52",semantic_gated_v0_2,0.6863,"Paget's disease is predominantly a mixture of both woven and lamellar bone, but it's predominantly woven. You get increased amounts of the bone, with even the lamellar having a more woven, haphazard appearance. This is the mid-phase, which occasionally will catch. This is indistinguishable from hyperparathyroidism or renal failure in any state where the body is demanding more calcium, causing increased turnover, thus"
BST_Lecture_5_Bone1,BST Lecture 5 Bone1,BST::Bone::Normal_Histology::Radiologic_Approach_To_Bone_Tumors,Radiologic Approach To Bone Tumors,Radiologic_Approach_To_Bone_Tumors,960.36,1024.32,16:00,17:04,63.96,"https://storage.googleapis.com/pathology-hub-0/source_videos/BST_Lecture_5_Bone1.mp4#t=960.36,1024.32",semantic_gated_v0_2,0.5374,"So that's somewhat challenging. And we'll get to some radiology in just a minute. But what are the questions clinically, before we get to radiology, what are the questions clinically that you want answers to as you look at a bone case? So I think much the same as when you look at any tumor in a patient, age is critical. Certain kinds of bone tumors occur in kids. So unicameral bone cysts and Langerhans cell histiocyt"
BST_Lecture_5_Bone1,BST Lecture 5 Bone1,BST::Bone::Normal_Histology::Radiologic_Approach_To_Bone_Tumors,Radiologic Approach To Bone Tumors,Radiologic_Approach_To_Bone_Tumors,1274.16,1434.2,21:14,23:54,160.04,"https://storage.googleapis.com/pathology-hub-0/source_videos/BST_Lecture_5_Bone1.mp4#t=1274.16,1434.2",semantic_gated_v0_2,0.5021,"As a pathologist, you are not trained to read films. However, as a physician, you should be able to at least look at a plain film, identify a lesion, and describe it. At a minimum, you should be able to read a radiology report, understand the descriptions, and know what the words mean. This does not mean you need to be able to read an MRI with all its different modalities, but plain X-rays and CT scans are likely imp"
BST_Lecture_6_Bone2,BST Lecture 6 Bone2,BST::Bone::Chondrogenic::Benign::Enchondroma,Enchondroma,Enchondroma,1017.04,1149.04,16:57,19:09,132.0,"https://storage.googleapis.com/pathology-hub-0/source_videos/BST_Lecture_6_Bone2.mp4#t=1017.04,1149.04",semantic_gated_v0_2,0.6625,"The risk of malignant transformation in a benign, sporadic cartilage tumor is very low to none. In enchondromas, true endochondromas, there are case reports of them undergoing malignant transformation, but given how rare this is, it's often questioned whether the original diagnosis was correct or if it was always a chondrosarcoma, as low-grade cartilage tumors can be difficult to distinguish. Sporadic osteochondromas"
BST_Lecture_6_Bone2,BST Lecture 6 Bone2,BST::Bone::Chondrogenic::Benign::Enchondroma,Enchondroma,Enchondroma,1149.04,1274.56,19:09,21:15,125.52,"https://storage.googleapis.com/pathology-hub-0/source_videos/BST_Lecture_6_Bone2.mp4#t=1149.04,1274.56",semantic_gated_v0_2,0.6265,"Beautiful correlates between radiology and pathology is that benign cartilage tumors grow as multiple discrete nodules of cartilage, many of which, not all, but many of which will have peripheral endochondral ossification. And that's the component that calcifies. So they have these rings of calcification or sometimes not complete rings, just arcs of calcification. And if you overlay those three in three dimensions, y"
BST_Lecture_6_Bone2,BST Lecture 6 Bone2,BST::Syndromes::Predisposition::Skeletal::Enchondromatosis_Ollier_Maffucci,Enchondromatosis Ollier Maffucci,Enchondromatosis_Ollier_Maffucci,908.0,1016.08,15:08,16:56,108.08,"https://storage.googleapis.com/pathology-hub-0/source_videos/BST_Lecture_6_Bone2.mp4#t=908,1016.08",semantic_gated_v0_2,0.6912,"Ollier or Maffucci syndrome presents with multiple lytic lesions, some expanding, involving multiple fingers and phalanges. These lesions, characteristic of cartilage tumors, appear radiographically as soap bubbles or cumulus clouds. The presence of an enchondroma indicates Maffucci syndrome, but further investigation is needed to determine if other tumors are present. This is a high-grade cartilage tumor in the phal"
BST_Lecture_6_Bone2,BST Lecture 6 Bone2,BST::Bone::Reactive::Structural::Fracture_Callus,Fracture Callus,Fracture_Callus,0.0,88.4,0:00,1:28,88.4,"https://storage.googleapis.com/pathology-hub-0/source_videos/BST_Lecture_6_Bone2.mp4#t=0,88.4",semantic_gated_v0_2,0.5253,"Please. Okay. All right. I'm going to go ahead and start. So we left off yesterday with fracture Healing only because this produces bone and cartilage that can sometimes be mistaken for a neoplasm. Now, it won't be mistaken for any neoplasm by anybody here because you're going to review the imaging and the clinical history. So, an acute fracture is not a diagnostic dilemma. Usually, there's trauma associated with it,"
BST_Lecture_6_Bone2,BST Lecture 6 Bone2,BST::Bone::Reactive::Structural::Fracture_Callus,Fracture Callus,Fracture_Callus,88.4,214.24,1:28,3:34,125.84,"https://storage.googleapis.com/pathology-hub-0/source_videos/BST_Lecture_6_Bone2.mp4#t=88.4,214.24",semantic_gated_v0_2,0.5728,"Much like any other traumatic injury in the body, within the first day to about two weeks, there's a soft, fibrous meshwork of fibrin and early collagen production, osteoclastic and osteoblastic activity, and chondrocyte activity, creating what's called a soft callus. This is non-mineralized, and if not immobilized, it will continue to fracture. If it is immobilized and heals, the soft callus will ultimately reorgani"
BST_Lecture_6_Bone2,BST Lecture 6 Bone2,BST::Bone::Chondrogenic::Secondary_Peripheral_Atypical_Cartilaginous_Tumor_Chondrosarcoma_Grade_1,Secondary Peripheral Atypical Cartilaginous Tumor Chondrosarcoma Grade 1,Secondary_Peripheral_Atypical_Cartilaginous_Tumor_Chondrosarcoma_Grade_1,384.72,672.4,6:25,11:12,287.68,"https://storage.googleapis.com/pathology-hub-0/source_videos/BST_Lecture_6_Bone2.mp4#t=384.72,672.4",semantic_gated_v0_2,0.616,"Hyaline cartilage is a common primary bone tumor, comprising 65% water, 15% proteoglycan (aggrecan, chondroitin sulfate side chain), 15% collagen (mostly type 2), and less than 5% cells. Fibrocartilage has more collagen and is never neoplastic, while elastic cartilage has more elastin and is also never neoplastic. Permeation, described as the ""oozing"" of cartilage matrix and cells around viable lamellar bone, is a ke"
BST_Lecture_6_Bone2,BST Lecture 6 Bone2,BST::Bone::Chondrogenic::Secondary_Peripheral_Atypical_Cartilaginous_Tumor_Chondrosarcoma_Grade_1,Secondary Peripheral Atypical Cartilaginous Tumor Chondrosarcoma Grade 1,Secondary_Peripheral_Atypical_Cartilaginous_Tumor_Chondrosarcoma_Grade_1,672.96,793.12,11:13,13:13,120.16,"https://storage.googleapis.com/pathology-hub-0/source_videos/BST_Lecture_6_Bone2.mp4#t=672.96,793.12",semantic_gated_v0_2,0.7151,"How are cartilage tumors treated? These are some of the tumors we're going to talk about today. The most common type is low-grade or grade one chondrosarcoma, which is also known as an atypical cartilaginous tumor, exactly analogous to well-differentiated liposarcoma and atypical lipominous tumor. If you remember those two tumors, biologically, the underlying pathology is the same, but pathogenesis is the same. The a"
BST_Lecture_6_Bone2,BST Lecture 6 Bone2,BST::Bone::Chondrogenic::Secondary_Peripheral_Atypical_Cartilaginous_Tumor_Chondrosarcoma_Grade_1,Secondary Peripheral Atypical Cartilaginous Tumor Chondrosarcoma Grade 1,Secondary_Peripheral_Atypical_Cartilaginous_Tumor_Chondrosarcoma_Grade_1,2250.08,2371.28,37:30,39:31,121.2,"https://storage.googleapis.com/pathology-hub-0/source_videos/BST_Lecture_6_Bone2.mp4#t=2250.08,2371.28",semantic_gated_v0_2,0.624,"One of the most important messages in distinguishing benign from malignant low-grade cartilage tumors is this: unlike the enchondroma, which seems to just kind of abut the trabeculae and destroy them in the center of the tumor, this tumor doesn't destroy trabeculae. It just like liquid pours around the preexisting trabeculae. That's permeation, and that's chondrosarcoma when you see it. Here's another example. The ma"
BST_Lecture_6_Bone2,BST Lecture 6 Bone2,BST::Soft_Tissue::Uncertain_Diff::Malignant::Undifferentiated_Round_Cell_Sarcoma_Ewing,Undifferentiated Round Cell Sarcoma Ewing,Undifferentiated_Round_Cell_Sarcoma_Ewing,3310.8,3396.88,55:11,56:37,86.08,"https://storage.googleapis.com/pathology-hub-0/source_videos/BST_Lecture_6_Bone2.mp4#t=3310.8,3396.88",semantic_gated_v0_2,0.7344,"Ewing sarcoma is an undifferentiated small round blue cell tumor. Unlike other sarcomas that produce matrix, such as chondrosarcoma producing cartilage or osteosarcoma producing bone, Ewing sarcoma is devoid of matrix, appearing as sheets of undifferentiated cells. Classically, it was described as forming Homer Wright rosettes, where cells radiate from a central core of neuropil. While true Homer Wright rosettes are "
Breast_Lecture_Epithelial Part 1_Chen,Breast Lecture Epithelial,Breast::Neoplastic::Epithelial::Precursor::Atypical_Ductal_Hyperplasia_ADH,Atypical Ductal Hyperplasia ADH,Atypical_Ductal_Hyperplasia_ADH,475.84,599.08,7:56,9:59,123.24,"https://storage.googleapis.com/pathology-hub-0/source_videos/Breast_Lecture_Epithelial%20Part%201_Chen.mp4#t=475.84,599.08",semantic_gated_v0_2,0.6175,"So now we're going to talk about how to approach diagnosing ductal proliferative lesions. The most important factors are architecture and cytology. For low-power architecture, you can appreciate the difference between DCIS and atypical ductal hyperplasia (ADH). DCIS shows a more rigid architecture at low power, best appreciated when forming secondary spaces; these will be more cribriform and irregular. ADH will show "
Breast_Lecture_Epithelial Part 1_Chen,Breast Lecture Epithelial,Breast::Neoplastic::Epithelial::Precursor::Atypical_Ductal_Hyperplasia_ADH,Atypical Ductal Hyperplasia ADH,Atypical_Ductal_Hyperplasia_ADH,1160.76,1284.28,19:21,21:24,123.52,"https://storage.googleapis.com/pathology-hub-0/source_videos/Breast_Lecture_Epithelial%20Part%201_Chen.mp4#t=1160.76,1284.28",semantic_gated_v0_2,0.6192,"So, what I show you is that flat epithelial atypia (FEA) and low-grade ductal carcinoma in situ (DCIS)/invasive cancer show physical proximity in the breast. They share similar biomarker profiles and have similar genetic alterations, and so therefore they are related. However, clinical follow-up studies show that they take a long time to develop into cancer, and only a very small percentage develop into invasive canc"
Breast_Lecture_Epithelial Part 1_Chen,Breast Lecture Epithelial,Breast::Neoplastic::Epithelial::Precursor::Atypical_Ductal_Hyperplasia_ADH,Atypical Ductal Hyperplasia ADH,Atypical_Ductal_Hyperplasia_ADH,1338.64,1408.76,22:19,23:29,70.12,"https://storage.googleapis.com/pathology-hub-0/source_videos/Breast_Lecture_Epithelial%20Part%201_Chen.mp4#t=1338.64,1408.76",semantic_gated_v0_2,0.5861,"So now we know how the diagonals look with DCIS, we know how the diagonals UDH, so what is ADH? ADH, defined by Page in 1992, is described as a lesion with some, but not all, of the features of low-grade DCIS. Right away, you can see the problem; it's a somewhat descriptive diagnosis. It's difficult to follow the criteria of 'some, but not all.' The diagnostic criteria are imperfect and based on exclusion rather than"
Breast_Lecture_Epithelial Part 1_Chen,Breast Lecture Epithelial,Breast::Neoplastic::Epithelial::Precursor::Atypical_Ductal_Hyperplasia_ADH,Atypical Ductal Hyperplasia ADH,Atypical_Ductal_Hyperplasia_ADH,1410.04,1534.64,23:30,25:35,124.6,"https://storage.googleapis.com/pathology-hub-0/source_videos/Breast_Lecture_Epithelial%20Part%201_Chen.mp4#t=1410.04,1534.64",semantic_gated_v0_2,0.6409,"So, even given this type of problem, how do we approach it? We can categorize ADH into two types. One is qualitatively insufficient, or ""mimic DCIS."" These cases show partial involvement of the duct by atypical cells, as defined for low-grade DCIS (LG DCIS). The other is quantitatively insufficient, or ""mini DCIS."" This occurs when all the cytologic and architectural features of LG DCIS are present, but the involveme"
Breast_Lecture_Epithelial Part 1_Chen,Breast Lecture Epithelial,Breast::Neoplastic::Epithelial::Precursor::Atypical_Ductal_Hyperplasia_ADH,Atypical Ductal Hyperplasia ADH,Atypical_Ductal_Hyperplasia_ADH,1534.64,1652.92,25:35,27:33,118.28,"https://storage.googleapis.com/pathology-hub-0/source_videos/Breast_Lecture_Epithelial%20Part%201_Chen.mp4#t=1534.64,1652.92",semantic_gated_v0_2,0.6222,"Let me show you. This is quantitative insufficiency. You can see these are atypical cells. Only part of the tissue shows this abnormal form, while other cells are uninvolved. This is qualitatively insufficient; it's just not there. That's what we call ADHD (Atypical Ductal Hyperplasia). One patient had a well-developed lesion, only one millimeter. It was only in the core biopsy. We definitely don't want to call it DC"
Breast_Lecture_Epithelial Part 1_Chen,Breast Lecture Epithelial,Breast::Neoplastic::Epithelial::In_Situ::Ductal_Carcinoma_In_Situ_DCIS,Ductal Carcinoma In Situ DCIS,Ductal_Carcinoma_In_Situ_DCIS,827.36,959.88,13:47,16:00,132.52,"https://storage.googleapis.com/pathology-hub-0/source_videos/Breast_Lecture_Epithelial%20Part%201_Chen.mp4#t=827.36,959.88",semantic_gated_v0_2,0.6327,"It is important to understand how to differentiate low-grade ductal carcinoma in situ (DCIS) from usual ductal hyperplasia (UDH). High-grade DCIS has obvious cytologic features, making differentiation less problematic. The challenge lies in separating low-grade DCIS from UDH. Their architectures differ significantly. Cribriform spaces in DCIS are round and punched out, whereas in UDH they are often irregular. Rigid b"
Breast_Lecture_Epithelial Part 1_Chen,Breast Lecture Epithelial,Breast::Neoplastic::Epithelial::In_Situ::Ductal_Carcinoma_In_Situ_DCIS,Ductal Carcinoma In Situ DCIS,Ductal_Carcinoma_In_Situ_DCIS,1064.56,1197.46,17:45,19:57,132.9,"https://storage.googleapis.com/pathology-hub-0/source_videos/Breast_Lecture_Epithelial%20Part%201_Chen.mp4#t=1064.56,1197.46",semantic_gated_v0_2,0.6369,"Okay. And solid architecture pattern. So, while you work, appreciate that they have very evenly spaced cells; you can distinguish the cell borders; they are not overlapping each other. Okay. And when it's a pure solid DCIS, we have to consider the possibility of LCIS, which will be discussed in future lectures. And very rarely is DCIS only a solid pattern. Usually, you will see a slightly cribriform form and a microp"
Breast_Lecture_Epithelial Part 1_Chen,Breast Lecture Epithelial,Breast::Neoplastic::Epithelial::In_Situ::Ductal_Carcinoma_In_Situ_DCIS,Ductal Carcinoma In Situ DCIS,Ductal_Carcinoma_In_Situ_DCIS,1560.76,1697.32,26:01,28:17,136.56,"https://storage.googleapis.com/pathology-hub-0/source_videos/Breast_Lecture_Epithelial%20Part%201_Chen.mp4#t=1560.76,1697.32",semantic_gated_v0_2,0.6374,"Diagnosis is based on cytology, architecture, and extent. UDH presents with heterogeneous cells and irregular architecture. LG DCIS shows uniform cells and regular architecture. ADH demonstrates partial involvement by cells defined for LG DCIS. High-molecular-weight cytokeratin (HMW-CK) may be a useful diagnostic adjunct; UDH is positive, LG DCIS is absent, and ADH shows reduced to absent HMW-CK. Diagnosis is based o"
Breast_Lecture_Epithelial Part 1_Chen,Breast Lecture Epithelial,Breast::Neoplastic::Epithelial::In_Situ::Ductal_Carcinoma_In_Situ_DCIS,Ductal Carcinoma In Situ DCIS,Ductal_Carcinoma_In_Situ_DCIS,1652.96,1782.44,27:33,29:42,129.48,"https://storage.googleapis.com/pathology-hub-0/source_videos/Breast_Lecture_Epithelial%20Part%201_Chen.mp4#t=1652.96,1782.44",semantic_gated_v0_2,0.6606,"This image shows two ducts. The well-developed ducts are approximately two millimeters, showing at least a differential. However, the rest are mostly partial, and the entire lesion is only about two to three millimeters in total span. Even the well-developed duct does not actually constitute two millimeters. Therefore, this sample is both qualitatively and quantitatively insufficient for a diagnosis of ductal carcino"
Breast_Lecture_Epithelial Part 1_Chen,Breast Lecture Epithelial,Breast::Neoplastic::Epithelial::In_Situ::Ductal_Carcinoma_In_Situ_DCIS,Ductal Carcinoma In Situ DCIS,Ductal_Carcinoma_In_Situ_DCIS,1697.32,1831.16,28:17,30:31,133.84,"https://storage.googleapis.com/pathology-hub-0/source_videos/Breast_Lecture_Epithelial%20Part%201_Chen.mp4#t=1697.32,1831.16",semantic_gated_v0_2,0.6603,"About 80–85% of ductal carcinoma in situ (DCIS) cases present as mammographic calcifications without clinical findings. High-grade DCIS typically shows pleomorphic or linear branching (casting) calcifications, while low- and intermediate-grade DCIS tends to present with granular or amorphous calcifications. Rarely, DCIS may present as a palpable mass, particularly in high-grade cases or those involving underlying les"
Breast_Lecture_Epithelial Part 1_Chen,Breast Lecture Epithelial,Breast::Neoplastic::Epithelial::In_Situ::Ductal_Carcinoma_In_Situ_DCIS,Ductal Carcinoma In Situ DCIS,Ductal_Carcinoma_In_Situ_DCIS,1783.04,1881.32,29:43,31:21,98.28,"https://storage.googleapis.com/pathology-hub-0/source_videos/Breast_Lecture_Epithelial%20Part%201_Chen.mp4#t=1783.04,1881.32",semantic_gated_v0_2,0.5631,"But I also wanted to emphasize that when we call this two-millimeter criteria, these are only for atypical ductal hyperplasia (ADH) versus low-grade ductal carcinoma in situ (LG DCIS). Basically, for low-grade DCIS, it's not for intermediate or high-grade DCIS, as the WHO stated. However, I want to mention that particularly for high-grade, intermediate, or even just lower-end intermediate-grade DCIS, you might still "
Breast_Lecture_Epithelial Part 1_Chen,Breast Lecture Epithelial,Breast::Neoplastic::Epithelial::In_Situ::Ductal_Carcinoma_In_Situ_DCIS,Ductal Carcinoma In Situ DCIS,Ductal_Carcinoma_In_Situ_DCIS,1831.16,1955.72,30:31,32:36,124.56,"https://storage.googleapis.com/pathology-hub-0/source_videos/Breast_Lecture_Epithelial%20Part%201_Chen.mp4#t=1831.16,1955.72",semantic_gated_v0_2,0.6537,"We're going to talk about histology. When we diagnose DCIS, we look at the nuclear grade, the architectural features (which have different patterns), and whether necrosis is present. The most important factors include the nuclear grade, architectural patterns—such as solid, cribriform, comedo, micropapillary, papillary, solid papillary, and clinging—and the presence of necrosis. It is important to consider nuclear gr"
Breast_Lecture_Epithelial Part 1_Chen,Breast Lecture Epithelial,Breast::Neoplastic::Epithelial::In_Situ::Ductal_Carcinoma_In_Situ_DCIS,Ductal Carcinoma In Situ DCIS,Ductal_Carcinoma_In_Situ_DCIS,1956.2,2056.2,32:36,34:16,100.0,"https://storage.googleapis.com/pathology-hub-0/source_videos/Breast_Lecture_Epithelial%20Part%201_Chen.mp4#t=1956.2,2056.2",semantic_gated_v0_2,0.5332,"Flat or clean patterns are those with only one or two—a few—layers. They don't form complex architectures. We call this a clean or flat pattern. Okay, so now necrosis. DCIS often has necrosis. One type, usually called central comedo necrosis or expansive necrosis, is easily seen on low power. It is important not to confuse this with secretion; the presence of ghost cells with nuclear debris and apoptosis confirms com"
Breast_Lecture_Epithelial Part 1_Chen,Breast Lecture Epithelial,Breast::Neoplastic::Epithelial::In_Situ::Ductal_Carcinoma_In_Situ_DCIS,Ductal Carcinoma In Situ DCIS,Ductal_Carcinoma_In_Situ_DCIS,2010.28,2136.76,33:30,35:37,126.48,"https://storage.googleapis.com/pathology-hub-0/source_videos/Breast_Lecture_Epithelial%20Part%201_Chen.mp4#t=2010.28,2136.76",semantic_gated_v0_2,0.5779,"How about this one here? I mean, you really cannot see too well, but the psychology; however, you can see the very rigid architecture. But, you know, again, it's not complete, not well-developed; that's ADHD. Because David Page used two doubts criteria. So this one was called DCIS by all the pathologists, but I think in the present day, if you have just two doubts, this one is like only one millimeter or less and two"
Breast_Lecture_Epithelial Part 1_Chen,Breast Lecture Epithelial,Breast::Neoplastic::Epithelial::In_Situ::Ductal_Carcinoma_In_Situ_DCIS,Ductal Carcinoma In Situ DCIS,Ductal_Carcinoma_In_Situ_DCIS,2236.72,2368.8,37:17,39:29,132.08,"https://storage.googleapis.com/pathology-hub-0/source_videos/Breast_Lecture_Epithelial%20Part%201_Chen.mp4#t=2236.72,2368.8",semantic_gated_v0_2,0.5123,"So, diagnosis by the DCIS pathologist—those are the bi-experts. You can see how challenging it is that human experts cannot always agree on these cases. However, remember that these are challenging cases. We can look at one clinical trial, specifically a clinical trial involving patients with DCIS. Due to the nature of the trial, there was central pathology review. All cases were reviewed by central pathologists, Dr."
Breast_Lecture_Epithelial Part 1_Chen,Breast Lecture Epithelial,Breast::Neoplastic::Epithelial::In_Situ::Ductal_Carcinoma_In_Situ_DCIS,Ductal Carcinoma In Situ DCIS,Ductal_Carcinoma_In_Situ_DCIS,2472.84,2595.08,41:13,43:15,122.24,"https://storage.googleapis.com/pathology-hub-0/source_videos/Breast_Lecture_Epithelial%20Part%201_Chen.mp4#t=2472.84,2595.08",semantic_gated_v0_2,0.6824,"DCIS with neuroendocrine differentiation tends to occur in older women. These often have a solid papillary pattern; it may feel solid, but a papillary architecture is also present. The cytology is frequently plasmatocytoid and sometimes spindle cells. This is strongly and diffusely positive for chromogranin. You can also see rare DCIS with the swimmers differentiation, and these are the ones you only typically see in"
Breast_Lecture_Epithelial Part 1_Chen,Breast Lecture Epithelial,Breast::Neoplastic::Epithelial::In_Situ::Ductal_Carcinoma_In_Situ_DCIS,Ductal Carcinoma In Situ DCIS,Ductal_Carcinoma_In_Situ_DCIS,2755.28,2858.48,45:55,47:38,103.2,"https://storage.googleapis.com/pathology-hub-0/source_videos/Breast_Lecture_Epithelial%20Part%201_Chen.mp4#t=2755.28,2858.48",semantic_gated_v0_2,0.5969,"And then you do the CK5/6, look at the mosaic pattern, and you do the ER, see how this heterogeneous expression. So, in challenging cases, when you are not sure or even if you are 90% sure, it's nice to do a CK5/6 and ER to help confirm the diagnosis. Knowing the consequences of the diagnosis, you know, ductal carcinoma in situ (DCIS) with the chameleonicosis is very different, and the treatment and management will b"
Breast_Lecture_Epithelial Part 1_Chen,Breast Lecture Epithelial,Breast::Neoplastic::Epithelial::In_Situ::Ductal_Carcinoma_In_Situ_DCIS,Ductal Carcinoma In Situ DCIS,Ductal_Carcinoma_In_Situ_DCIS,2932.04,3114.76,48:52,51:55,182.72,"https://storage.googleapis.com/pathology-hub-0/source_videos/Breast_Lecture_Epithelial%20Part%201_Chen.mp4#t=2932.04,3114.76",semantic_gated_v0_2,0.6009,"It's a distribution of DCIS. Multi centricity, or involvement of different regions (usually different quadrants) of the breast, is very relevant to management. LCIS very often is multicentric; it can involve all parts of the breast and uncommonly, both breasts. However, multicentric involvement in DCIS is very rare. A 1994 study by Holland and Hendriks analyzed 119 mastectomy specimens and found only one case not con"
Breast_Lecture_Epithelial Part 1_Chen,Breast Lecture Epithelial,Breast::Neoplastic::Epithelial::In_Situ::Ductal_Carcinoma_In_Situ_DCIS,Ductal Carcinoma In Situ DCIS,Ductal_Carcinoma_In_Situ_DCIS,3246.6,3360.6,54:07,56:01,114.0,"https://storage.googleapis.com/pathology-hub-0/source_videos/Breast_Lecture_Epithelial%20Part%201_Chen.mp4#t=3246.6,3360.6",semantic_gated_v0_2,0.5992,"How to stratify patients with regard to treatment? Patients with the lowest risk of recurrence may undergo local excision. Those with a high risk of recurrence may require a mastectomy. Intermediate-risk patients may receive local excision, with or without XRT and/or tamoxifen. Clinical features associated with local recurrence in ductal carcinoma in situ (DCIS) include young age (under 40 years), high mammographic d"
Breast_Lecture_Epithelial Part 1_Chen,Breast Lecture Epithelial,Breast::Neoplastic::Epithelial::In_Situ::Ductal_Carcinoma_In_Situ_DCIS,Ductal Carcinoma In Situ DCIS,Ductal_Carcinoma_In_Situ_DCIS,3360.76,3419.16,56:01,56:59,58.4,"https://storage.googleapis.com/pathology-hub-0/source_videos/Breast_Lecture_Epithelial%20Part%201_Chen.mp4#t=3360.76,3419.16",semantic_gated_v0_2,0.5196,"The Van Nuys prognostic index scoring system (M. Silverstein et al., Cancer 1996;77:2267-74) uses a scoring system based on tumor size, margin width, and pathologic classification. Scores range from 1 to 3, with higher scores indicating a worse prognosis. The criteria for size are ≤15 mm, 16-40 mm, and >41 mm; margin width criteria are >10 mm, 1-9 mm, and <1 mm; and pathologic classifications are nonhigh grade with o"
Breast_Lecture_Epithelial Part 1_Chen,Breast Lecture Epithelial,Breast::Congenital_Structural::Cyst::Fibrocystic_Changes,Fibrocystic Changes,Fibrocystic_Changes,368.48,487.6,6:08,8:08,119.12,"https://storage.googleapis.com/pathology-hub-0/source_videos/Breast_Lecture_Epithelial%20Part%201_Chen.mp4#t=368.48,487.6",semantic_gated_v0_2,0.6001,"Another differential diagnosis is microcysts. Microcysts involve dots, not an aggregate as seen in enlarged TDLUs. The cysts usually have a very attenuated single layer of epithelium. This is in contrast to FEA, which have a multi-layered epithelium with lost polarity. Nuclei are larger than the adjacent epithelium and larger than the attenuated epithelium in the cyst. Okay. So, another entity that could mimic fibroc"
Breast_Lecture_Epithelial Part 1_Chen,Breast Lecture Epithelial,Breast::Neoplastic::Epithelial::Precursor::Flat_Epithelial_Atypia,Flat Epithelial Atypia,Flat_Epithelial_Atypia,487.6,626.44,8:08,10:26,138.84,"https://storage.googleapis.com/pathology-hub-0/source_videos/Breast_Lecture_Epithelial%20Part%201_Chen.mp4#t=487.6,626.44",semantic_gated_v0_2,0.5552,"So, just to show you the contrast, secretory change has bubbly cytoplasm, which is not seen in flat epithelial atypia (FEA). The nuclei in secretory change can be hobnail or smudged, unlike the fine chromatin typically seen in FEA. Secretory changes also show chromatin that is more smudged, unlike the fine chromatin in FEA. I think secretory change is something that almost gives you a slightly degenerating-looking nu"
Breast_Lecture_Epithelial Part 1_Chen,Breast Lecture Epithelial,Breast::Neoplastic::Epithelial::In_Situ::Lobular_Carcinoma_In_Situ_LCIS,Lobular Carcinoma In Situ LCIS,Lobular_Carcinoma_In_Situ_LCIS,2855.32,2932.04,47:35,48:52,76.72,"https://storage.googleapis.com/pathology-hub-0/source_videos/Breast_Lecture_Epithelial%20Part%201_Chen.mp4#t=2855.32,2932.04",semantic_gated_v0_2,0.6682,"This is a case of LCIS, which is discohesive and generally low-grade. This is DCIS involving lobules, also called cancerization of the lobules by DCIS. You can see the cells are more cohesive and associated with more of an inflammatory stroma. In general, LCIS involving lobules doesn't give you the inflammatory stroma here. You can see the nuclei are intermediate to high-grade. DCIS involving the lobules, and you can"
Breast_Lecture_Epithelial Part 1_Chen,Breast Lecture Epithelial,Breast::Neoplastic::Epithelial::Benign::Usual_Ductal_Hyperplasia_UDH,Usual Ductal Hyperplasia UDH,Usual_Ductal_Hyperplasia_UDH,599.08,704.24,9:59,11:44,105.16,"https://storage.googleapis.com/pathology-hub-0/source_videos/Breast_Lecture_Epithelial%20Part%201_Chen.mp4#t=599.08,704.24",semantic_gated_v0_2,0.6043,"This slide presents the histologic criteria for Undifferentiated/Unclassified High-Grade Neoplasm (UDH) according to the WHO 2019 classification. Architectural features include irregular, slit-like, peripheral fenestrations; stretched or twisted epithelial bridges; streaming or whirling patterns; and uneven distribution of nuclei with overlapping nuclei. Cytologic features include multiple cell types, variation in th"
Breast_Lecture_Epithelial Part 1_Chen,Breast Lecture Epithelial,Breast::Neoplastic::Epithelial::Benign::Usual_Ductal_Hyperplasia_UDH,Usual Ductal Hyperplasia UDH,Usual_Ductal_Hyperplasia_UDH,2639.48,2755.28,43:59,45:55,115.8,"https://storage.googleapis.com/pathology-hub-0/source_videos/Breast_Lecture_Epithelial%20Part%201_Chen.mp4#t=2639.48,2755.28",semantic_gated_v0_2,0.6165,"So this is UDH. You can see the sweet spaces overlap in the nuclei. As we already saw earlier, it has a ketogenic expression for ER. When you do the CK5/6, you're going to see this kind of mosaic staining pattern. This is atypical ductal hyperplasia. You can see only a rare residual, non-neoplastic area. This area here is a little more crowded and probably not completely replaced. There is only a marked decrease of s"
Breast_Lecture_Fibroepithelial,Breast Lecture Fibroepithelial,Breast::Neoplastic::Mesenchymal::Low_Grade::Angiomyxoma,Angiomyxoma,Angiomyxoma,3090.2,3138.2,51:30,52:18,48.0,"https://storage.googleapis.com/pathology-hub-0/source_videos/Breast_Lecture_Fibroepithelial.mp4#t=3090.2,3138.2",semantic_gated_v0_2,0.6623,"Angiomyxoma in the breast parenchyma is variably termed as lobular/nodular myxoid change, myxoma of the breast, nodular mucinosis, or myxoid fibroadenoma. Features of superficial angiomyxoma include being poorly circumscribed, lobulated or infiltrative, hypocellular, and myxoid with or without cystic changes. It is characterized by bland spindled or stellate fibroblasts, prominent thin-walled vessels, and admixed neu"
Breast_Lecture_Fibroepithelial,Breast Lecture Fibroepithelial,Breast::Neoplastic::Mesenchymal::Low_Grade::Angiomyxoma,Angiomyxoma,Angiomyxoma,3138.2,3271.2,52:18,54:31,133.0,"https://storage.googleapis.com/pathology-hub-0/source_videos/Breast_Lecture_Fibroepithelial.mp4#t=3138.2,3271.2",semantic_gated_v0_2,0.647,"Angiomyxomas of the breast are not like myxofibromas. They are usually more fully defined and, when growing in the breast, can trap the breast tissue. Typically, the breast tissue is in a lobular architecture, though rarely, a branching pattern can be seen. Prominent blood vessels are often present. In myxofibromas, the stroma tends to grow around the tumor, but this is not seen in angiomyxomas. Angiomyxomas of the b"
Breast_Lecture_Fibroepithelial,Breast Lecture Fibroepithelial,Breast::Neoplastic::Fibroepithelial::Benign::Cellular_Fibroadenoma,Cellular Fibroadenoma,Cellular_Fibroadenoma,764.8,867.48,12:45,14:27,102.68,"https://storage.googleapis.com/pathology-hub-0/source_videos/Breast_Lecture_Fibroepithelial.mp4#t=764.8,867.48",semantic_gated_v0_2,0.6367,"Okay. So I do want to mention two variants, which are a little more important in terms of differential diagnosis. One is cellular fibroadenoma. These are the fibroadenomas referred to. Both show diffuse, mildly increased stromal cellularity without stromal atypia. However, how do you draw the line of increased cellularity? It's a little subjective because there's no threshold criteria for defining hypercellularity. N"
Breast_Lecture_Fibroepithelial,Breast Lecture Fibroepithelial,Breast::Neoplastic::Fibroepithelial::Benign::Cellular_Fibroadenoma,Cellular Fibroadenoma,Cellular_Fibroadenoma,3494.76,3651.76,58:15,1:00:52,157.0,"https://storage.googleapis.com/pathology-hub-0/source_videos/Breast_Lecture_Fibroepithelial.mp4#t=3494.76,3651.76",semantic_gated_v0_2,0.5121,"You know, you can try to be brave, or think you can make a distinction, but even oxygenation can sometimes be hard. The features can save one over the other. So, that's exactly what I'm going to talk about: how features of cellular fibroma and benign fibrous tumors differ. We have a mental mutation; it's not important to try to separate them. I mean, we still try, but when it's impossible by someone like the agent, I"
Breast_Lecture_Fibroepithelial,Breast Lecture Fibroepithelial,Breast::Neoplastic::Fibroepithelial::Benign::Juvenile_Fibroadenoma,Juvenile Fibroadenoma,Juvenile_Fibroadenoma,867.48,1014.76,14:27,16:55,147.28,"https://storage.googleapis.com/pathology-hub-0/source_videos/Breast_Lecture_Fibroepithelial.mp4#t=867.48,1014.76",semantic_gated_v0_2,0.7097,"Juvenile fibroadenoma is a special morphological type with a constellation of features. It is more common in women under 20 years old; however, the usual-type fibroadenoma is most common in all age groups. Juvenile fibroadenomas can mimic phyllodes tumors clinically and morphologically due to rapid growth and large size. Histological features that may cause concern for phyllodes tumors include cellular stroma, perica"
Breast_Lecture_Fibroepithelial,Breast Lecture Fibroepithelial,Breast::Neoplastic::Mesenchymal::Malignant::Liposarcoma,Liposarcoma,Liposarcoma,2139.2,2280.2,35:39,38:00,141.0,"https://storage.googleapis.com/pathology-hub-0/source_videos/Breast_Lecture_Fibroepithelial.mp4#t=2139.2,2280.2",semantic_gated_v0_2,0.6049,"The finding of a malignant heterologous element, other than lipoma-like differentiation (chondro-, osteo-, or rhabdomyosarcoma), places the PT into the malignant category. Liposarcoma-like areas lack MDM2/CDK4 amplifications of soft tissue liposarcoma. PT with liposarcoma-like differentiation has a low metastatic risk. Benign (smooth muscle*, lipomatous, chondroid, or osseous) metaplasia can rarely occur in FA stroma"
Breast_Lecture_Fibroepithelial,Breast Lecture Fibroepithelial,Breast::Congenital_Structural::Hamartoma::Mammary_Hamartoma,Mammary Hamartoma,Mammary_Hamartoma,3271.2,3363.76,54:31,56:04,92.56,"https://storage.googleapis.com/pathology-hub-0/source_videos/Breast_Lecture_Fibroepithelial.mp4#t=3271.2,3363.76",semantic_gated_v0_2,0.7889,"Mammary hamartoma is a well-demarcated, generally encapsulated mass composed of normal breast tissue components (""breast in breast""). There is a wide age and size range. Most are sporadic; however, multiple hamartomas can occur in Cowden syndrome. Pathologic features include ducts, lobules, and fibroadipose stroma in varying proportions. Variants include adenolipoma, which presents with normal ducts/lobules and promi"
Breast_Lecture_Fibroepithelial,Breast Lecture Fibroepithelial,Breast::Neoplastic::Metastatic::Malignant::Metastasis_To_Breast,Metastasis To Breast,Metastasis_To_Breast,2584.2,2703.2,43:04,45:03,119.0,"https://storage.googleapis.com/pathology-hub-0/source_videos/Breast_Lecture_Fibroepithelial.mp4#t=2584.2,2703.2",semantic_gated_v0_2,0.5455,"Okay, so what is the percentage usually seen? Typically, you see more by looking at the binary category, but it is about 10-20%. Grading is important for predicting the risk of local recurrence, but I think much more important is that it correlates with metastasis. In fact, if you give a diagnosis of benign, you might not expect recurrence. However, those with malignant potential are more likely to show recurrence an"
Breast_Lecture_Fibroepithelial,Breast Lecture Fibroepithelial,Breast::Neoplastic::Fibroepithelial::Variable_Behavior::Phyllodes_Tumor,Phyllodes Tumor,Phyllodes_Tumor,263.12,401.72,4:23,6:42,138.6,"https://storage.googleapis.com/pathology-hub-0/source_videos/Breast_Lecture_Fibroepithelial.mp4#t=263.12,401.72",semantic_gated_v0_2,0.6129,"Epithelium. Intracanalicular refers to when stroma compresses the epithelium. So you see these curvy, linear, or branched ductal structures with slit-like spaces. Pericanalicular patterns refer to stroma growing around open, round tubules. These have no clinical significance; they are descriptive. Most of the time, you see mixed patterns. Phyllodes tumors usually have a more exaggerated intracanalicular pattern. So, "
Breast_Lecture_Fibroepithelial,Breast Lecture Fibroepithelial,Breast::Neoplastic::Fibroepithelial::Variable_Behavior::Phyllodes_Tumor,Phyllodes Tumor,Phyllodes_Tumor,1436.72,1557.44,23:57,25:57,120.72,"https://storage.googleapis.com/pathology-hub-0/source_videos/Breast_Lecture_Fibroepithelial.mp4#t=1436.72,1557.44",semantic_gated_v0_2,0.7492,"Phyllodes tumors are fibroepithelial neoplasms showing a prominent intracanalicular architectural pattern with leaf-like stromal fronds. These fronds are capped by luminal epithelial and myoepithelial cell layers, as expected for benign epithelial components, and are accompanied by stromal hypercellularity. Phyllodes tumors are rare, comprising less than 1% of primary breast tumors and less than 2.5% of fibroepitheli"
Breast_Lecture_Fibroepithelial,Breast Lecture Fibroepithelial,Breast::Neoplastic::Fibroepithelial::Variable_Behavior::Phyllodes_Tumor,Phyllodes Tumor,Phyllodes_Tumor,1557.44,1681.56,25:57,28:02,124.12,"https://storage.googleapis.com/pathology-hub-0/source_videos/Breast_Lecture_Fibroepithelial.mp4#t=1557.44,1681.56",semantic_gated_v0_2,0.6901,"Phyllodes tumors usually present as a palpable mass lesion. Very often, the presentation is rapid growth or accelerated growth from a previously stable lesion. Large tumors can cause skin ulceration. The mean size is 4–5 cm, but there is a wide range (less than 3 cm to 20+ cm). Smaller lesions are increasingly detected by screening. Imaging is not accurate in differentiating between phyllodes tumors (PT) and fibroade"
Breast_Lecture_Fibroepithelial,Breast Lecture Fibroepithelial,Breast::Neoplastic::Fibroepithelial::Variable_Behavior::Phyllodes_Tumor,Phyllodes Tumor,Phyllodes_Tumor,1681.56,1811.4,28:02,30:11,129.84,"https://storage.googleapis.com/pathology-hub-0/source_videos/Breast_Lecture_Fibroepithelial.mp4#t=1681.56,1811.4",semantic_gated_v0_2,0.5727,"So what are the features? They are characterized by increased stromal cellularity. They usually have a leaf-like growth pattern, but this isn't seen in 100% of cases. They very often show peri(sub)epithelial stromal accentuation and stromal heterogeneity. They may or may not show increased mitotic activity, an infiltrative border, or stromal overgrowth. They also demonstrate varying degrees of stromal cytologic atypi"
Breast_Lecture_Fibroepithelial,Breast Lecture Fibroepithelial,Breast::Neoplastic::Fibroepithelial::Variable_Behavior::Phyllodes_Tumor,Phyllodes Tumor,Phyllodes_Tumor,1811.4,1937.88,30:11,32:18,126.48,"https://storage.googleapis.com/pathology-hub-0/source_videos/Breast_Lecture_Fibroepithelial.mp4#t=1811.4,1937.88",semantic_gated_v0_2,0.5846,"But I would caution you that even in regular fibroadenomas, you tend to see a little bit more loose, slightly more edematous, and slightly more cellular stroma right around the ducts. Because we know that in the breast, when you look at the breast, the intralobular stroma has less stroma than the interlobular stroma. So you can see slightly more cellularity in the fibroadenoma. It doesn't mean that it's stroma conden"
Breast_Lecture_Fibroepithelial,Breast Lecture Fibroepithelial,Breast::Neoplastic::Fibroepithelial::Variable_Behavior::Phyllodes_Tumor,Phyllodes Tumor,Phyllodes_Tumor,1937.88,2065.68,32:18,34:26,127.8,"https://storage.googleapis.com/pathology-hub-0/source_videos/Breast_Lecture_Fibroepithelial.mp4#t=1937.88,2065.68",semantic_gated_v0_2,0.6691,"Okay, so once you decide this is a phyllodes tumor, the next step is grading, and grading is very important because it predicts and correlates with biological behavior and also how to, in terms of management, surgical procedures. So it's actually graded as benign, borderline, and malignant based on six features. For benign phyllodes tumors, all five features must be present: a well-defined border; mild stromal cellul"
Breast_Lecture_Fibroepithelial,Breast Lecture Fibroepithelial,Breast::Neoplastic::Fibroepithelial::Variable_Behavior::Phyllodes_Tumor,Phyllodes Tumor,Phyllodes_Tumor,2065.68,2139.2,34:26,35:39,73.52,"https://storage.googleapis.com/pathology-hub-0/source_videos/Breast_Lecture_Fibroepithelial.mp4#t=2065.68,2139.2",semantic_gated_v0_2,0.6641,"So, this is a benign phyllodes tumor, circumscribed. You see the leaf-like architecture and how these very well-circumscribed borders appear. Mild cellularity is present. There is no atypia or significant cellular pleomorphism (TPL), though myoepithelial cells may be present, and there's a low mitotic count. There is no stromal overgrowth; you can see that there is still an epithelial component present throughout the"
Breast_Lecture_Fibroepithelial,Breast Lecture Fibroepithelial,Breast::Neoplastic::Fibroepithelial::Variable_Behavior::Phyllodes_Tumor,Phyllodes Tumor,Phyllodes_Tumor,2280.2,2414.2,38:00,40:14,134.0,"https://storage.googleapis.com/pathology-hub-0/source_videos/Breast_Lecture_Fibroepithelial.mp4#t=2280.2,2414.2",semantic_gated_v0_2,0.605,"So this is actually a phyllodes tumor; you can see these cellular stroma. It also has liposarcoma, and you can see this beautiful liposarcomatous component. In fact, when I showed the case to Andrew, Andrew said the liposarcomatous component in the phyllodes tumor looks better than liposarcoma in the soft tissue. So in the past, we would call this malignant, but if you don't have other criteria, it shouldn't be class"
Breast_Lecture_Fibroepithelial,Breast Lecture Fibroepithelial,Breast::Neoplastic::Fibroepithelial::Variable_Behavior::Phyllodes_Tumor,Phyllodes Tumor,Phyllodes_Tumor,2704.2,2804.2,45:04,46:44,100.0,"https://storage.googleapis.com/pathology-hub-0/source_videos/Breast_Lecture_Fibroepithelial.mp4#t=2704.2,2804.2",semantic_gated_v0_2,0.6718,"Okay, so how about genetics? Finally, the stroma is neoplastic. As we know, the most interesting aspect is that phyllodes tumors share pathogenesis with fibroadenomas. They have a similar mutational repertoire: MED12, RARA, FLNA, KMT2D, SETD2, and others. Some phyllodes tumors likely arise from fibroadenomas, possibly with additional mutations. The TERT promoter hotspot mutations correlate with phyllodes tumor grade "
Breast_Lecture_Fibroepithelial,Breast Lecture Fibroepithelial,Breast::Neoplastic::Fibroepithelial::Variable_Behavior::Phyllodes_Tumor,Phyllodes Tumor,Phyllodes_Tumor,2804.2,2964.2,46:44,49:24,160.0,"https://storage.googleapis.com/pathology-hub-0/source_videos/Breast_Lecture_Fibroepithelial.mp4#t=2804.2,2964.2",semantic_gated_v0_2,0.575,"So, because we know that phyllodes tumors can have a local recurrence, and malignant ones have metastatic potential, surgical excision is the goal. Breast conservation is preferred if feasible. Historically, a 1 cm margin of normal tissue was suggested, but this was arbitrary. More recent meta-analyses failed to identify a correlation between margin width and local recurrence, particularly in benign and lower-end bor"
Breast_Lecture_Grossing,Breast Lecture Grossing,Breast::Congenital_Structural::Cyst::Fibrocystic_Changes,Fibrocystic Changes,Fibrocystic_Changes,1686.4,1803.52,28:06,30:04,117.12,"https://storage.googleapis.com/pathology-hub-0/source_videos/Breast_Lecture_Grossing.mp4#t=1686.4,1803.52",semantic_gated_v0_2,0.6049,"Breast tissue composition changes are influenced by multiple factors. These factors include age, menopausal status, body mass index (BMI), prior tamoxifen therapy, chemotherapy, or radiotherapy. Radiotherapy, in particular, can make breast tissue quite dense. Fibrocystic changes represent normal breast changes, often including cysts. When describing a lesion, use three dimensions to one decimal point (e.g., 3.2 x 1.0"
Breast_Lecture_Grossing,Breast Lecture Grossing,Breast::Neoplastic::Fibroepithelial::Variable_Behavior::Phyllodes_Tumor,Phyllodes Tumor,Phyllodes_Tumor,1803.52,1922.72,30:04,32:03,119.2,"https://storage.googleapis.com/pathology-hub-0/source_videos/Breast_Lecture_Grossing.mp4#t=1803.52,1922.72",semantic_gated_v0_2,0.6735,"There are some cysts here. To be completely honest, sometimes it is really hard to tell the difference between a fibrocystic change and a stellate fibrous tumor; it is hard to tell grossly sometimes what you are looking at. Anyone who says, 'Oh, that's definitely fibrocystic change,' or 'That's definitely a tumor,' is probably misleading you. This is an example of a fibroid. It's got this sort of fleshy surface. You "
Breast_Lecture_IHC,Breast Lecture IHC,Breast::Neoplastic::Epithelial::In_Situ::Ductal_Carcinoma_In_Situ_DCIS,Ductal Carcinoma In Situ DCIS,Ductal_Carcinoma_In_Situ_DCIS,764.08,873.92,12:44,14:34,109.84,"https://storage.googleapis.com/pathology-hub-0/source_videos/Breast_Lecture_IHC.mp4#t=764.08,873.92",semantic_gated_v0_2,0.5747,"Lobules and this is p63, and you can see instead of p63 present throughout the circumference of this tumor nest, they're hardly like one or two in each gland. So this is an example of how it can be decreased in DCIS. In this study, they basically indicated that DCIS is associated with decreased myoepithelial cells. Myoepithelial cells show differences from myoepithelial cells in normal breast tissue. Researchers used"
Breast_Lecture_IHC,Breast Lecture IHC,Breast::Neoplastic::Epithelial::In_Situ::Lobular_Carcinoma_In_Situ_LCIS,Lobular Carcinoma In Situ LCIS,Lobular_Carcinoma_In_Situ_LCIS,1633.12,1754.64,27:13,29:15,121.52,"https://storage.googleapis.com/pathology-hub-0/source_videos/Breast_Lecture_IHC.mp4#t=1633.12,1754.64",semantic_gated_v0_2,0.6126,"But again, there are pitfalls in interpreting E-cadherin. Approximately 15% of lobular carcinomas have E-cadherin staining, and there are various aberrant E-cadherin staining patterns. This becomes problematic in practice. Aberrant E-cadherin staining can be not very good membranous, but it can have granular and cytoplasmic staining instead of completely being negative, which we ideally want. Or, it can be dot-like s"
Breast_Lecture_IHC,Breast Lecture IHC,Breast::Neoplastic::Epithelial::In_Situ::Lobular_Carcinoma_In_Situ_LCIS,Lobular Carcinoma In Situ LCIS,Lobular_Carcinoma_In_Situ_LCIS,1759.04,1893.52,29:19,31:34,134.48,"https://storage.googleapis.com/pathology-hub-0/source_videos/Breast_Lecture_IHC.mp4#t=1759.04,1893.52",semantic_gated_v0_2,0.6391,"This is more examples. Sometimes, E-cadherin can show weak, partial membrane staining, like in tumor cells. It could indicate DCIS, but it's weak and partial, so it's another example of aberrant E-cadherin expression in LCIS. p120 can also sometimes show partial or loss of staining. This again shows... This slide shows aberrant E-cadherin expression in lobular carcinoma in situ (LCIS). The image displays weak, partia"
Breast_Lecture_IHC,Breast Lecture IHC,Breast::Neoplastic::Epithelial::Malignant::Micropapillary_Carcinoma,Micropapillary Carcinoma,Micropapillary_Carcinoma,2868.56,2971.2,47:49,49:31,102.64,"https://storage.googleapis.com/pathology-hub-0/source_videos/Breast_Lecture_IHC.mp4#t=2868.56,2971.2",semantic_gated_v0_2,0.584,"Patients with BRCA1/2 mutations and other hereditary breast/ovarian carcinomas have an increased lifetime risk for both breast and gynecological tumors. These tumors often share ER+ and PR+ immunophenotypes, which is not helpful in distinguishing them. However, breast markers such as mammoglobin, GZFP, GATA3, SOX10, PAX8, and WT1 can aid in differentiating primary tumor sites. WT1 (nuclear) is positive in ovarian ser"
Breast_Lecture_IHC,Breast Lecture IHC,Breast::Neoplastic::Epithelial::Malignant::Myoepithelial_Carcinoma,Myoepithelial Carcinoma,Myoepithelial_Carcinoma,128.32,261.76,2:08,4:22,133.44,"https://storage.googleapis.com/pathology-hub-0/source_videos/Breast_Lecture_IHC.mp4#t=128.32,261.76",semantic_gated_v0_2,0.555,"If myoepithelial cells are present, then it's non-invasive; if they are absent, it's invasive. It's not simple all the time, but that is the basics. This shows the capture of normal benign epithelial and myoepithelial cells. Cell layers include luminal epithelial cells and a myoepithelial cell layer, which is the target for intraductal antibody conjugate (IAC). Below this is the basement membrane, also a target for I"
Breast_Lecture_IHC,Breast Lecture IHC,Breast::Neoplastic::Epithelial::Malignant::Myoepithelial_Carcinoma,Myoepithelial Carcinoma,Myoepithelial_Carcinoma,1120.88,1236.72,18:41,20:37,115.84,"https://storage.googleapis.com/pathology-hub-0/source_videos/Breast_Lecture_IHC.mp4#t=1120.88,1236.72",semantic_gated_v0_2,0.58,"Nests will be negative for SMM. Myoepithelial markers (p63) will not help because they stain squamous metaplasia, and CK5/6 will not help because it stains squamous metaplasia. The main thing to remember is to have a very high threshold if you are calling this invasive cancer next to a prior biopsy site because they tend to lose myoepithelial cells, even with benign squamous metaplasia. These cases require consensus "
Breast_Lecture_Invasive,Breast Lecture Invasive,Breast::Neoplastic::Epithelial::Malignant::Invasive_Lobular_Carcinoma,Invasive Lobular Carcinoma,Invasive_Lobular_Carcinoma,932.2,1066.84,15:32,17:47,134.64,"https://storage.googleapis.com/pathology-hub-0/source_videos/Breast_Lecture_Invasive.mp4#t=932.2,1066.84",semantic_gated_v0_2,0.6971,"Depending on the grade, the morphology varies. In grade one, you can see nice tubule formation with lumens, whereas in grade two, you are seeing solid nests with hardly any lumen formation. For scoring of glands, you would give this a three. Nuclear atypia is not that much, so for two, and so you're already at five. Then, depending on how many mitoses you see, if the score is one or two, it still stays in grade two. "
Breast_Lecture_Invasive,Breast Lecture Invasive,Breast::Neoplastic::Epithelial::Malignant::Invasive_Lobular_Carcinoma,Invasive Lobular Carcinoma,Invasive_Lobular_Carcinoma,1067.84,1194.92,17:48,19:55,127.08,"https://storage.googleapis.com/pathology-hub-0/source_videos/Breast_Lecture_Invasive.mp4#t=1067.84,1194.92",semantic_gated_v0_2,0.6391,"As I said, some lesions may not show a mass grossly. Generally, we have seen that lobular carcinoma is often significantly larger on microscopy than its gross size. That's why it's always recommended to sample more flanking slices for accurate T-stage assessment if a core biopsy shows lobular carcinoma. More sections—flanking sections—are needed than would be in a ductal carcinoma. This slide shows an example of lobu"
Breast_Lecture_Invasive,Breast Lecture Invasive,Breast::Neoplastic::Epithelial::Malignant::Invasive_Lobular_Carcinoma,Invasive Lobular Carcinoma,Invasive_Lobular_Carcinoma,1712.6,1808.6,28:33,30:09,96.0,"https://storage.googleapis.com/pathology-hub-0/source_videos/Breast_Lecture_Invasive.mp4#t=1712.6,1808.6",semantic_gated_v0_2,0.6471,"There are many variants of invasive lobular carcinoma, as shown previously. Grades can differ; the majority of lobular carcinomas, even those classified as sick types, are generally graded as grade 2 because they lack glands, showing mostly a single-file or linear pattern. Those with glands are graded as grade 3 for glands and grade 2 for nuclei because they are classic types. Myxoid ILC usually scores 1, but despite"
Breast_Lecture_Invasive,Breast Lecture Invasive,Breast::Neoplastic::Epithelial::Malignant::Mucinous_Carcinoma,Mucinous Carcinoma,Mucinous_Carcinoma,2541.96,2664.8,42:22,44:25,122.84,"https://storage.googleapis.com/pathology-hub-0/source_videos/Breast_Lecture_Invasive.mp4#t=2541.96,2664.8",semantic_gated_v0_2,0.6669,"They can be lobulocentric like this. And again, here it's very hard to determine whether this is DCIS or not. But in comparison with DCIS, this is what DCIS looks like. Very smooth borders. When you do myoepithelial markers, they will be staining at the periphery of ductal carcinoma in situ. Mucinous (colloid) carcinoma is a low-grade breast cancer. In this type of cancer, tumor cells float within abundant extracellu"
Breast_Lecture_Invasive,Breast Lecture Invasive,Breast::Neoplastic::Epithelial::Malignant::Mucinous_Carcinoma,Mucinous Carcinoma,Mucinous_Carcinoma,2669.32,2808.8,44:29,46:49,139.48,"https://storage.googleapis.com/pathology-hub-0/source_videos/Breast_Lecture_Invasive.mp4#t=2669.32,2808.8",semantic_gated_v0_2,0.6962,"Mucinous carcinomas are divided into Type A and Type B. Type A, the hypocellular variant, occurs mostly in younger patients and shows ribbons and rings of tumor cells. Type B is more cellular, with solid nests or anastomosing sheets, and may show neuroendocrine differentiation. Importantly, these classifications have no prognostic significance; they are of diagnostic and histogenetic interest only. The image shows Ty"
Breast_Lecture_Lobular,Breast Lecture Lobular,Breast::Neoplastic::Epithelial::Precursor::Atypical_Lobular_Hyperplasia_ALH,Atypical Lobular Hyperplasia ALH,Atypical_Lobular_Hyperplasia_ALH,766.08,883.44,12:46,14:43,117.36,"https://storage.googleapis.com/pathology-hub-0/source_videos/Breast_Lecture_Lobular.mp4#t=766.08,883.44",semantic_gated_v0_2,0.7148,"Okay. So, David Page was the first to define atypical lobular hyperplasia (ALH). These cells are similar to those seen in lobular carcinoma in situ (LCIS), but involve less space. ALH is defined by less than 50% of the acini in the terminal duct lobular unit (TDLU) being expanded. When more than 50% of the acini within the TDLU are expanded, it is called LCIS. What does 'expanded' mean? There are two approaches. Some"
Breast_Lecture_Lobular,Breast Lecture Lobular,Breast::Neoplastic::Epithelial::Precursor::Atypical_Lobular_Hyperplasia_ALH,Atypical Lobular Hyperplasia ALH,Atypical_Lobular_Hyperplasia_ALH,1533.52,1651.28,25:34,27:31,117.76,"https://storage.googleapis.com/pathology-hub-0/source_videos/Breast_Lecture_Lobular.mp4#t=1533.52,1651.28",semantic_gated_v0_2,0.7223,"Atypical lobular hyperplasia (ALH) and two lesions can actually mimic lobular lesions. One is the so-called clear cell change. These are lobules with a clear cell change. At low power, you might consider this lobular. However, these cells are very small and abundant; clear cell positivity is not like what you see in vacuoles. These are clear cell changes. If you perform E-cadherin staining, they will be positive, whe"
Breast_Lecture_Lobular,Breast Lecture Lobular,Breast::Neoplastic::Epithelial::Precursor::Atypical_Lobular_Hyperplasia_ALH,Atypical Lobular Hyperplasia ALH,Atypical_Lobular_Hyperplasia_ALH,1652.24,1752.88,27:32,29:13,100.64,"https://storage.googleapis.com/pathology-hub-0/source_videos/Breast_Lecture_Lobular.mp4#t=1652.24,1752.88",semantic_gated_v0_2,0.729,"This is particularly true in postmenopausal women who usually do not have many lobules and only have atrophic breast tissue. Sometimes, the tissue may only grow in one or two layers of cells at low power. You might think it is benign, but at medium to high power, you can appreciate these cells. The edges have a very prominent border. This might indicate that we are dealing with atypical lobular hyperplasia (ALH) invo"
Breast_Lecture_Lobular,Breast Lecture Lobular,Breast::Neoplastic::Epithelial::In_Situ::Florid_Lobular_Carcinoma_In_Situ,Florid Lobular Carcinoma In Situ,Florid_Lobular_Carcinoma_In_Situ,2597.68,2704.08,43:18,45:04,106.4,"https://storage.googleapis.com/pathology-hub-0/source_videos/Breast_Lecture_Lobular.mp4#t=2597.68,2704.08",semantic_gated_v0_2,0.6288,"Florid LCIS (FLCIS) shows type A or type B cells; it does not exhibit hybrid cytology. However, it is characterized by marked distension of the terminal duct lobular units (TDLUs) or ducts, resulting in a mass-forming appearance. When involving TDLUs, there is minimal stroma between the acini. This mass-forming LCIS is sometimes called florid LCIS. Alternatively, the spaces may be markedly expanded, occupying at leas"
Breast_Lecture_Lobular,Breast Lecture Lobular,Breast::Neoplastic::Epithelial::In_Situ::Florid_Lobular_Carcinoma_In_Situ,Florid Lobular Carcinoma In Situ,Florid_Lobular_Carcinoma_In_Situ,2704.08,2839.92,45:04,47:20,135.84,"https://storage.googleapis.com/pathology-hub-0/source_videos/Breast_Lecture_Lobular.mp4#t=2704.08,2839.92",semantic_gated_v0_2,0.6014,"What are the differences of pyromorphic and florid LCIS? This is because they show different biomarker profiles. Classic LCIS is always ER positive and HER2 negative, and they have low Ki67. Florid LCIS does not have high-grade cytology; they are typically ER positive, HER2 negative, although some cases may be positive (a very small percentage), but they actually have a higher Ki67. It is probably understandable why "
Breast_Lecture_Lobular,Breast Lecture Lobular,Breast::Neoplastic::Epithelial::In_Situ::Lobular_Carcinoma_In_Situ_LCIS,Lobular Carcinoma In Situ LCIS,Lobular_Carcinoma_In_Situ_LCIS,61.44,174.88,1:01,2:55,113.44,"https://storage.googleapis.com/pathology-hub-0/source_videos/Breast_Lecture_Lobular.mp4#t=61.44,174.88",semantic_gated_v0_2,0.5755,"So actually, one of the prominent pathologists, Dr. James Ewing, appeared on the cover of Time magazine back in 1931. He was called ""Cancer Man."" Ewing sarcoma was first characterized and described by Dr. Ewing. Dr. James Ewing authored a textbook titled *Neoplastic Diseases: A Textbook on Tumors*, published in 1919. In this book, he detailed a specific region. Now, we actually think it's probably lobular, causing no"
Breast_Lecture_Lobular,Breast Lecture Lobular,Breast::Neoplastic::Epithelial::In_Situ::Lobular_Carcinoma_In_Situ_LCIS,Lobular Carcinoma In Situ LCIS,Lobular_Carcinoma_In_Situ_LCIS,174.88,270.0,2:55,4:30,95.12,"https://storage.googleapis.com/pathology-hub-0/source_videos/Breast_Lecture_Lobular.mp4#t=174.88,270",semantic_gated_v0_2,0.7534,"In 1941, Foote and Stewart made a significant observation regarding Lobular Carcinoma In Situ (LCIS). Eighty years ago, before immunostaining, they described many clinical and pathological features of LCIS that we now know. They noted that LCIS is clinically inconspicuous and not detectable by clinical examination or imaging. Even growth evaluation fails to reveal it. They also described classic morphological feature"
Breast_Lecture_Lobular,Breast Lecture Lobular,Breast::Neoplastic::Epithelial::In_Situ::Lobular_Carcinoma_In_Situ_LCIS,Lobular Carcinoma In Situ LCIS,Lobular_Carcinoma_In_Situ_LCIS,321.44,415.28,5:21,6:55,93.84,"https://storage.googleapis.com/pathology-hub-0/source_videos/Breast_Lecture_Lobular.mp4#t=321.44,415.28",semantic_gated_v0_2,0.7445,"Lobular carcinoma in situ (LCIS) was first described by Dr. C.D. Haagensen in 1978. Many studies were conducted, observing that some patients did not undergo a procedure even when a mastectomy was recommended. These studies found that LCIS is more of a risk factor for invasive breast cancer than a true precursor, as many patients with LCIS do not develop invasive breast cancer. However, they have an 8 to 10 times inc"
Breast_Lecture_Lobular,Breast Lecture Lobular,Breast::Neoplastic::Epithelial::In_Situ::Lobular_Carcinoma_In_Situ_LCIS,Lobular Carcinoma In Situ LCIS,Lobular_Carcinoma_In_Situ_LCIS,417.28,587.44,6:57,9:47,170.16,"https://storage.googleapis.com/pathology-hub-0/source_videos/Breast_Lecture_Lobular.mp4#t=417.28,587.44",semantic_gated_v0_2,0.761,"That's a brief history. Now, let's discuss classic lobular carcinoma in situ (LCIS) and atypical lobular hyperplasia (ALH). LCIS and ALH show no clinical or growth abnormalities and are often incidental microscopic findings from breast biopsies or excisions performed for other reasons. However, they can be associated with cancer and are potential targets, though this represents a small portion of cases. The incidence"
Breast_Lecture_Lobular,Breast Lecture Lobular,Breast::Neoplastic::Epithelial::In_Situ::Lobular_Carcinoma_In_Situ_LCIS,Lobular Carcinoma In Situ LCIS,Lobular_Carcinoma_In_Situ_LCIS,884.64,991.44,14:45,16:31,106.8,"https://storage.googleapis.com/pathology-hub-0/source_videos/Breast_Lecture_Lobular.mp4#t=884.64,991.44",semantic_gated_v0_2,0.6982,"Initially, when discussing LCIS, especially in proximity to invasive lobular carcinoma, it was considered a precursor lesion. However, other studies suggest LCIS is more accurately characterized by its risk factors. The long-term risk for invasive cancer is significant, as it takes time to develop. When cancer does develop in patients with LCIS, it can be bilateral and present as invasive ductal carcinoma (IDC) or in"
Breast_Lecture_Lobular,Breast Lecture Lobular,Breast::Neoplastic::Epithelial::In_Situ::Lobular_Carcinoma_In_Situ_LCIS,Lobular Carcinoma In Situ LCIS,Lobular_Carcinoma_In_Situ_LCIS,992.24,1118.48,16:32,18:38,126.24,"https://storage.googleapis.com/pathology-hub-0/source_videos/Breast_Lecture_Lobular.mp4#t=992.24,1118.48",semantic_gated_v0_2,0.6492,"Some studies show that patients diagnosed with LCIS and ALH on core needle biopsy and who do not undergo further procedures have a low risk of developing invasive cancer. Several small studies, however, show limitations due to the slow progression of the disease and the need for large, long-term patient series for accurate risk assessment. Even with these limitations, the risk of developing invasive cancer is estimat"
Breast_Lecture_Lobular,Breast Lecture Lobular,Breast::Neoplastic::Epithelial::In_Situ::Lobular_Carcinoma_In_Situ_LCIS,Lobular Carcinoma In Situ LCIS,Lobular_Carcinoma_In_Situ_LCIS,1252.64,1300.4,20:53,21:40,47.76,"https://storage.googleapis.com/pathology-hub-0/source_videos/Breast_Lecture_Lobular.mp4#t=1252.64,1300.4",semantic_gated_v0_2,0.5769,"This study shows similar results. The reference is available for review. ALH or classic LCIS are identified as the highest-risk lesions. Concordant radiologic-pathologic findings and a central pathology review were conducted. The upgrade rate was 3% by local pathology and 1% by central pathology review. Of 79 core needle biopsies (CNB), 77 excisions were performed. Seventy-five lesions showed concordant findings; 74 "
Breast_Lecture_Lobular,Breast Lecture Lobular,Breast::Neoplastic::Epithelial::In_Situ::Lobular_Carcinoma_In_Situ_LCIS,Lobular Carcinoma In Situ LCIS,Lobular_Carcinoma_In_Situ_LCIS,1300.4,1406.48,21:40,23:26,106.08,"https://storage.googleapis.com/pathology-hub-0/source_videos/Breast_Lecture_Lobular.mp4#t=1300.4,1406.48",semantic_gated_v0_2,0.6436,"The management of classic lobular neoplasia on core needle biopsy (CNB), when identified and without biopsy, requires careful radiologic-pathologic correlation. These cases usually go to a radiologic-pathologic correlation conference or tumor board. After correlation, if LCIS and AOG are considered incidental findings and show a low upgrade rate, excision can be spared. These patients require active surveillance, but"
Breast_Lecture_Lobular,Breast Lecture Lobular,Breast::Neoplastic::Epithelial::In_Situ::Lobular_Carcinoma_In_Situ_LCIS,Lobular Carcinoma In Situ LCIS,Lobular_Carcinoma_In_Situ_LCIS,1407.44,1533.52,23:27,25:34,126.08,"https://storage.googleapis.com/pathology-hub-0/source_videos/Breast_Lecture_Lobular.mp4#t=1407.44,1533.52",semantic_gated_v0_2,0.6679,"This is quite an evolution. Recent NCCN guidelines recommend that if classic LCIS shows concordant findings, the patient does not need immediate excision and can be offered risk reduction measures. However, if imaging is non-concordant, a surgical procedure is recommended. We know how to handle Lobular Carcinoma In Situ (LCS) in core biopsies, but what about when we see it in excisions? LCS is a multifocal disease, s"
Breast_Lecture_Lobular,Breast Lecture Lobular,Breast::Neoplastic::Epithelial::In_Situ::Lobular_Carcinoma_In_Situ_LCIS,Lobular Carcinoma In Situ LCIS,Lobular_Carcinoma_In_Situ_LCIS,1752.88,1847.92,29:13,30:48,95.04,"https://storage.googleapis.com/pathology-hub-0/source_videos/Breast_Lecture_Lobular.mp4#t=1752.88,1847.92",semantic_gated_v0_2,0.6053,"It is important to separate classic LCIS from DCIS because their biology is different. DCIS is considered a more direct precursor of invasive cancer, while classic LCIS is a risk factor for future invasive cancers, although it is a non-obligate precursor. DCIS has a continuous, segmental distribution, whereas LCIS is discontinuous and multifocal. The treatment for DCIS is surgical excision, often followed by radiatio"
Breast_Lecture_Lobular,Breast Lecture Lobular,Breast::Neoplastic::Epithelial::In_Situ::Lobular_Carcinoma_In_Situ_LCIS,Lobular Carcinoma In Situ LCIS,Lobular_Carcinoma_In_Situ_LCIS,2198.8,2318.72,36:39,38:39,119.92,"https://storage.googleapis.com/pathology-hub-0/source_videos/Breast_Lecture_Lobular.mp4#t=2198.8,2318.72",semantic_gated_v0_2,0.6654,"E-cadherin is important in daily practice and is usually easy to interpret. However, there are pitfalls. Approximately 15% of lobular carcinomas show E-cadherin staining due to mutations leading to abnormal protein synthesis. Aberrant staining patterns include dot-like or Golgi, granular or cytoplasmic, fragmented/partial membranous, and circumferential but weak membranous staining. An impaired E-cadherin/catenin com"
Breast_Lecture_Lobular,Breast Lecture Lobular,Breast::Neoplastic::Epithelial::In_Situ::Lobular_Carcinoma_In_Situ_LCIS,Lobular Carcinoma In Situ LCIS,Lobular_Carcinoma_In_Situ_LCIS,2885.8,3089.2,48:06,51:29,203.4,"https://storage.googleapis.com/pathology-hub-0/source_videos/Breast_Lecture_Lobular.mp4#t=2885.8,3089.2",semantic_gated_v0_2,0.7107,"Based on this study, we know there are differences between classic LCIS and pleomorphic/florid LCIS (PLCIS/FLCIS), despite similar e-cadherin expression. First, PLCIS/FLCIS patients are approximately 10 years older. PLCIS/FLCIS are often detected mammographically (often as calcifications) due to necrosis, calcification, or architectural distortion; they are not clinically silent, as evidenced by non-mass enhancement "
Breast_Lecture_Lobular,Breast Lecture Lobular,Breast::Neoplastic::Epithelial::In_Situ::Lobular_Carcinoma_In_Situ_LCIS,Lobular Carcinoma In Situ LCIS,Lobular_Carcinoma_In_Situ_LCIS,3089.24,3223.12,51:29,53:43,133.88,"https://storage.googleapis.com/pathology-hub-0/source_videos/Breast_Lecture_Lobular.mp4#t=3089.24,3223.12",semantic_gated_v0_2,0.6558,"So, basically, these lesions are likely more aggressive. How should we manage pneumophilic and florid LCIS? These lesions are relatively recently recognized, so we have no long-term clinical follow-up data; their natural history is largely unknown. However, they have more aggressive biomarker profiles than classic LCIS and more genetic changes. Many are identical to associated invasive lobular carcinoma. They also ha"
Breast_Lecture_Lobular,Breast Lecture Lobular,Breast::Neoplastic::Epithelial::In_Situ::Lobular_Carcinoma_In_Situ_LCIS,Lobular Carcinoma In Situ LCIS,Lobular_Carcinoma_In_Situ_LCIS,3427.88,3533.84,57:08,58:54,105.96,"https://storage.googleapis.com/pathology-hub-0/source_videos/Breast_Lecture_Lobular.mp4#t=3427.88,3533.84",semantic_gated_v0_2,0.7359,"This slide shows the evolution of lobular carcinoma in situ (LCIS) from 1941 to 2019. In 1941, classic LCIS was first recognized. Later, atypical lobular hyperplasia (ALH) and florid LCIS were identified. Studies showed that CLCIS has an 8 to 10 times higher risk of invasive cancer. Further research indicated that pleomorphic LCIS is an in situ lesion with pleomorphic ILC and pleomorphic nuclei. Immunohistochemistry "
Breast_Lecture_Lobular,Breast Lecture Lobular,Breast::Neoplastic::Epithelial::In_Situ::Lobular_Carcinoma_In_Situ_LCIS,Lobular Carcinoma In Situ LCIS,Lobular_Carcinoma_In_Situ_LCIS,3533.84,3595.48,58:54,59:55,61.64,"https://storage.googleapis.com/pathology-hub-0/source_videos/Breast_Lecture_Lobular.mp4#t=3533.84,3595.48",semantic_gated_v0_2,0.5545,"LCIS is a heterogeneous lesion, encompassing classic, pleomorphic, and florid LCIS. Understanding its role as a risk factor versus a precursor is evolving since its initial description in 1941 and depends on the LCIS type. Classic LCIS is considered a risk factor; it is likely a non-obligate precursor. PLCIS/FLCIS is likely a direct precursor. PLCIS and FLCIS should be reported using WHO criteria. Further clinical fo"
Breast_Lecture_Papillary,Breast Lecture Papillary,Breast::Neoplastic::Epithelial::In_Situ::Ductal_Carcinoma_In_Situ_DCIS,Ductal Carcinoma In Situ DCIS,Ductal_Carcinoma_In_Situ_DCIS,659.04,710.16,10:59,11:50,51.12,"https://storage.googleapis.com/pathology-hub-0/source_videos/Breast_Lecture_Papillary.mp4#t=659.04,710.16",semantic_gated_v0_2,0.5352,"I also want to mention that we already talked about myoepithelial cells being positive around the non-invasive lesion, but they can become attenuated in sclerosing lesions and in DCIS. Particularly in DCIS, the papillary pattern is notoriously patchy. For instance, this is a papillary DCIS with adjacent, more cribriform DCIS. You can see there is only focal, patchy staining; in this particular case, there are actuall"
Breast_Lecture_Papillary,Breast Lecture Papillary,Breast::Neoplastic::Epithelial::Malignant::Encapsulated_Papillary_Carcinoma,Encapsulated Papillary Carcinoma,Encapsulated_Papillary_Carcinoma,1524.96,1657.92,25:25,27:38,132.96,"https://storage.googleapis.com/pathology-hub-0/source_videos/Breast_Lecture_Papillary.mp4#t=1524.96,1657.92",semantic_gated_v0_2,0.721,"Papillary carcinomas usually have an encapsulated behavior; however, pathology has noticed some cases that show behavior suggesting they are not always contained. This is an example of a patient with a previous diagnosis of intracystic papillary carcinoma who had a mastectomy but then developed a chest wall nodule. As you can see, this is a circumscribed papillary carcinoma involving locally recurrent disease, involv"
Breast_Lecture_Papillary,Breast Lecture Papillary,Breast::Neoplastic::Epithelial::Malignant::Encapsulated_Papillary_Carcinoma,Encapsulated Papillary Carcinoma,Encapsulated_Papillary_Carcinoma,1766.4,1876.72,29:26,31:17,110.32,"https://storage.googleapis.com/pathology-hub-0/source_videos/Breast_Lecture_Papillary.mp4#t=1766.4,1876.72",semantic_gated_v0_2,0.6557,"Because in the tumor registry, they look at how pathology actually stages this patient. So it is right in the middle how the pathology actually called the co-existing papilloma. But they decide to stage them and then end up about half staging them as an invasive carcinoma. But if you lump them together, they are all compared to the tumor symptom of the registry of invasive breast cancer, and you can see they are much"
Breast_Lecture_Papillary,Breast Lecture Papillary,Breast::Neoplastic::Epithelial::Malignant::Encapsulated_Papillary_Carcinoma,Encapsulated Papillary Carcinoma,Encapsulated_Papillary_Carcinoma,1876.72,2015.36,31:17,33:35,138.64,"https://storage.googleapis.com/pathology-hub-0/source_videos/Breast_Lecture_Papillary.mp4#t=1876.72,2015.36",semantic_gated_v0_2,0.6881,"Encapsulated papillary carcinoma (WHO 2012/2019, AJCC 8th Ed). Continue to manage as for DCIS. Avoid over-diagnosis as frankly invasive papillary carcinoma. Stage as pTis. If associated with conventional invasive CA, stage by size of definite invasive CA. The recommendation is to manage encapsulated papillary carcinoma (EPC) as DCIS due to its indolent behavior. Overdiagnosis of frankly invasive papillary carcinoma s"
Breast_Lecture_Papillary,Breast Lecture Papillary,Breast::Neoplastic::Epithelial::Malignant::Encapsulated_Papillary_Carcinoma,Encapsulated Papillary Carcinoma,Encapsulated_Papillary_Carcinoma,2016.08,2149.36,33:36,35:49,133.28,"https://storage.googleapis.com/pathology-hub-0/source_videos/Breast_Lecture_Papillary.mp4#t=2016.08,2149.36",semantic_gated_v0_2,0.7273,"Diagnosed as carcinoma, and then on the slide, you see some nests here; this is actually an example of invasion. Beyond the capsule, here, right outside the capsule, you can see the nests. Then you look... Further, there's hemociderin, some granulation tissue, and mild epithelium. It would be negative, and sometimes you can even see these in the lymphatics as well. However, don't call these invasive cancers; these ar"
Breast_Lecture_Papillary,Breast Lecture Papillary,Breast::Neoplastic::Epithelial::Malignant::Encapsulated_Papillary_Carcinoma,Encapsulated Papillary Carcinoma,Encapsulated_Papillary_Carcinoma,2647.36,2777.92,44:07,46:18,130.56,"https://storage.googleapis.com/pathology-hub-0/source_videos/Breast_Lecture_Papillary.mp4#t=2647.36,2777.92",semantic_gated_v0_2,0.6435,"Which they include about 200 EPC, and in that study, they also included 30 pure solid papillary carcinomas. Again, no distant metastasis or death; there were two patients with lymph node micrometastases (both had suspicious foci for mucinous carcinoma) and one with local recurrence as DCIS. So, overall, the behavior is similar to pure encapsulated papillary carcinoma or similar to DCIS. They are characterized by indo"
Breast_Lecture_Papillary,Breast Lecture Papillary,Breast::Neoplastic::Epithelial::Malignant::Encapsulated_Papillary_Carcinoma,Encapsulated Papillary Carcinoma,Encapsulated_Papillary_Carcinoma,2777.92,2899.04,46:18,48:19,121.12,"https://storage.googleapis.com/pathology-hub-0/source_videos/Breast_Lecture_Papillary.mp4#t=2777.92,2899.04",semantic_gated_v0_2,0.7031,A 34-year-old female presented with a palpable mass. The mass was circumscribed with a capsule and papillary architecture. Histological features were high-grade. The biomarker analysis revealed ER/PR/HER2 negativity and a high Ki-67 (60-70%). The question is whether to follow recommendations and classify this as an EPC in situ (TIS). This case is presented to highlight that this presentation is not very common. High-
Breast_Lecture_Papillary,Breast Lecture Papillary,Breast::Epithelial::Papillary_Neoplasms::Invasive_Papillary_Carcinoma,Invasive Papillary Carcinoma,Invasive_Papillary_Carcinoma,3166.24,3289.6,52:46,54:50,123.36,"https://storage.googleapis.com/pathology-hub-0/source_videos/Breast_Lecture_Papillary.mp4#t=3166.24,3289.6",semantic_gated_v0_2,0.7002,"Because in normal breast tissue, if you read older literature, you will find that invasive papillary carcinoma comprises less than about 1% of invasive cancers. These have an excellent prognosis. However, in my career, I have rarely diagnosed invasive papillary carcinoma. The WHO suggests that most cases of invasive papillary carcinoma are probably EPC, STC, or actually metastatic carcinoma from other locations to th"
Breast_Lecture_Papillary,Breast Lecture Papillary,Breast::Epithelial::Papillary_Neoplasms::Invasive_Papillary_Carcinoma,Invasive Papillary Carcinoma,Invasive_Papillary_Carcinoma,3289.6,3341.92,54:50,55:42,52.32,"https://storage.googleapis.com/pathology-hub-0/source_videos/Breast_Lecture_Papillary.mp4#t=3289.6,3341.92",semantic_gated_v0_2,0.6281,"In normal lesions, this is the legion relative. It will circumscribe and lack mild fetal cells. You can see these nests truly have some good fibrovascular cores. Invasive papillary carcinoma is very rare, and it is important to make sure it is not metastatic carcinoma. Also, you want to reserve this for low-intermediate grade lesions, even if it has high-grade psychology and is triple-negative. I think it's best to c"
Breast_Lecture_Papillary,Breast Lecture Papillary,Breast::Neoplastic::Epithelial::Malignant::Micropapillary_Carcinoma,Micropapillary Carcinoma,Micropapillary_Carcinoma,12.72,135.2,0:13,2:15,122.48,"https://storage.googleapis.com/pathology-hub-0/source_videos/Breast_Lecture_Papillary.mp4#t=12.72,135.2",semantic_gated_v0_2,0.6592,"I want to define what is papillary growth. Papillary growth is characterized by branching fibrovascular cores lined by ductal epithelium. The epithelium can be benign, called a papilloma, or malignant, called papillary carcinoma. As a reminder, the difference between micropapillary and papillary patterns is that they both have frond-like structures; however, the micropapillary pattern lacks a fibrovascular core, whic"
Breast_Lecture_Papillary,Breast Lecture Papillary,Breast::Neoplastic::Epithelial::Malignant::Micropapillary_Carcinoma,Micropapillary Carcinoma,Micropapillary_Carcinoma,135.68,262.4,2:16,4:22,126.72,"https://storage.googleapis.com/pathology-hub-0/source_videos/Breast_Lecture_Papillary.mp4#t=135.68,262.4",semantic_gated_v0_2,0.6125,"This is a case of papillary pattern DCIS, and you can see there is a background of micropapillary and cribriform DCIS. The appearance on low power for papillary carcinoma is that they look very eosinophilic. This is because they have a very delicate fibrovascular core. Usually, eosinophils give the tissue a pink appearance. The second reason is that the lining epithelium is usually hyperchromatic, which creates a bas"
Breast_Lecture_Papillary,Breast Lecture Papillary,Breast::Neoplastic::Epithelial::Malignant::Solid_Papillary_Carcinoma,Solid Papillary Carcinoma,Solid_Papillary_Carcinoma,2149.92,2283.04,35:50,38:03,133.12,"https://storage.googleapis.com/pathology-hub-0/source_videos/Breast_Lecture_Papillary.mp4#t=2149.92,2283.04",semantic_gated_v0_2,0.6415,"So, this is actually two examples of solid papillary carcinoma. You can see circumscribed nodules with smooth borders. At low power, you might think it's a solid mass, but usually, you need to go to at least medium power to appreciate the fine fibrovascular cores. In this case, the nodules can be single. And then, so circumscribed, you can see that. Again, you know, kind of a smooth border with multiple nodules. But "
Breast_Lecture_Prognostics,Breast Lecture Prognostics,Breast::Neoplastic::Epithelial::In_Situ::Ductal_Carcinoma_In_Situ_DCIS,Ductal Carcinoma In Situ DCIS,Ductal_Carcinoma_In_Situ_DCIS,875.28,960.4,14:35,16:00,85.12,"https://storage.googleapis.com/pathology-hub-0/source_videos/Breast_Lecture_Prognostics.mp4#t=875.28,960.4",semantic_gated_v0_2,0.5245,"Now, as we look at seared data, who cares? Does it really matter? Well, in blue, you can see—this is the full spectrum here in terms of unadjusted survival. In A, at cancer-specific survival rather in A, and then overall survival in B. What I'm showing you is that, in the dark blue line, are the recurrence risks or survival for DCIS alone. In yellow, which is just a little bit lower than the DCIS curve, is microinvas"
Breast_Lecture_Prognostics,Breast Lecture Prognostics,Breast::Neoplastic::Epithelial::Malignant::Microinvasive_Carcinoma,Microinvasive Carcinoma,Microinvasive_Carcinoma,748.32,875.28,12:28,14:35,126.96,"https://storage.googleapis.com/pathology-hub-0/source_videos/Breast_Lecture_Prognostics.mp4#t=748.32,875.28",semantic_gated_v0_2,0.5395,"Now that's changed, and what I'd like to do is walk through some key updates in the eighth edition of the AJCC. We'll discuss how these updates integrate staging and atomic staging, as well as biologically relevant information and the new prognostic staging system. Regarding microinvasion, it's important to understand the general rules for rounding. My attempt at a diagram of a terminal ductulobular unit (TDLU) is co"
Breast_Lecture_Prognostics,Breast Lecture Prognostics,Breast::Neoplastic::Epithelial::Malignant::Mucinous_Carcinoma,Mucinous Carcinoma,Mucinous_Carcinoma,2768.48,2835.0,46:08,47:15,66.52,"https://storage.googleapis.com/pathology-hub-0/source_videos/Breast_Lecture_Prognostics.mp4#t=2768.48,2835",semantic_gated_v0_2,0.6567,"I know that you are getting great morphology lectures already, so I won't go through all the diagnostic characteristics required for tubular carcinoma. But, really, you want to be careful when making this diagnosis. You want to make sure that this is a tumor that virtually has all the characteristics of either tubular or mucinous. Overall, it has a stellate configuration with ill-defined margins. It is comprised of s"
Breast_Lecture_Rad-Path,Breast Lecture Rad-Path,Breast::Neoplastic::Epithelial::Precursor::Atypical_Ductal_Hyperplasia_ADH,Atypical Ductal Hyperplasia ADH,Atypical_Ductal_Hyperplasia_ADH,2530.08,2594.44,42:10,43:14,64.36,"https://storage.googleapis.com/pathology-hub-0/source_videos/Breast_Lecture_Rad-Path.mp4#t=2530.08,2594.44",semantic_gated_v0_2,0.5361,"If this is actually FDA of dimension, it's important to get the levels. Initially, we saw FEA, but after getting the levels, I think on the third level, you can see it turned into an intermediate-grade DCIS. Several studies show that the progression of FEA to ADH depends on the initial level. One study indicated that 17.3% of FEA cases evolved into ADH at level 3 or 4. In rare cases, progression to ADHD or even DCIS "
Breast_Lecture_Rad-Path,Breast Lecture Rad-Path,Breast::Neoplastic::Epithelial::Precursor::Atypical_Ductal_Hyperplasia_ADH,Atypical Ductal Hyperplasia ADH,Atypical_Ductal_Hyperplasia_ADH,2730.16,2838.64,45:30,47:19,108.48,"https://storage.googleapis.com/pathology-hub-0/source_videos/Breast_Lecture_Rad-Path.mp4#t=2730.16,2838.64",semantic_gated_v0_2,0.6095,"The distinction between atypical ductal hyperplasia (ADH) and low-grade ductal carcinoma in situ (LG DCIS) can be problematic. ADH often coexists with LG DCIS, especially at the periphery of the DCIS. In 20–30% of patients with ADH on core needle biopsy (CNB), the diagnosis is upgraded to carcinoma (DCIS or invasive carcinoma) in excision. Therefore, careful distinction is crucial for appropriate patient management. "
Breast_Lecture_Rad-Path,Breast Lecture Rad-Path,Breast::Neoplastic::Epithelial::Precursor::Atypical_Ductal_Hyperplasia_ADH,Atypical Ductal Hyperplasia ADH,Atypical_Ductal_Hyperplasia_ADH,3062.64,3152.84,51:03,52:33,90.2,"https://storage.googleapis.com/pathology-hub-0/source_videos/Breast_Lecture_Rad-Path.mp4#t=3062.64,3152.84",semantic_gated_v0_2,0.6088,"Papillary lesions on core needle biopsy (CNB) represent a morphologic spectrum and pose diagnostic challenges. This spectrum includes benign papilloma, atypical papilloma (ADH arising from papilloma), ductal carcinoma in situ (DCIS) involving papilloma, papillary DCIS, encapsulated papillary carcinoma, and solid papillary carcinoma. Papillomas with atypical ductal hyperplasia (ADH) usually involve less than 50% of th"
Breast_Lecture_Rad-Path,Breast Lecture Rad-Path,Breast::Neoplastic::Epithelial::In_Situ::Ductal_Carcinoma_In_Situ_DCIS,Ductal Carcinoma In Situ DCIS,Ductal_Carcinoma_In_Situ_DCIS,2595.44,2729.32,43:15,45:29,133.88,"https://storage.googleapis.com/pathology-hub-0/source_videos/Breast_Lecture_Rad-Path.mp4#t=2595.44,2729.32",semantic_gated_v0_2,0.5733,"It is important to avoid overdiagnosis of low-grade DCIS on core biopsy. Many breast pathologists do not call a 2–3 millimeter area of pure low-grade DCIS as such, because some patients may opt for a mastectomy due to family history or prior diagnoses of low-grade or intermediate-grade DCIS that were completely excised. Overdiagnosis of small low-grade DCIS leads to unnecessary labeling of the patient. Instead of lab"
Breast_Lecture_Rad-Path,Breast Lecture Rad-Path,Breast::Congenital_Structural::Mechanical::Epithelial_Displacement_Biopsy_Site,Epithelial Displacement Biopsy Site,Epithelial_Displacement_Biopsy_Site,1020.12,1143.68,17:00,19:04,123.56,"https://storage.googleapis.com/pathology-hub-0/source_videos/Breast_Lecture_Rad-Path.mp4#t=1020.12,1143.68",semantic_gated_v0_2,0.6281,"After a core biopsy, if only invasive cancer or tumor is seen in the area of the biopsy site changes (fatty necrosis or biopsy tract), one should be cautious not to overdiagnose this as invasive cancer. This is called epithelial displacement following a prior needle biopsy. While myopithelial arcus may be negative because it only displays the center of DCIS cells, it's crucial to consider the broader context. If the "
Breast_Lecture_Rad-Path,Breast Lecture Rad-Path,Breast::Neoplastic::Epithelial::Precursor::Flat_Epithelial_Atypia,Flat Epithelial Atypia,Flat_Epithelial_Atypia,2404.88,2530.08,40:05,42:10,125.2,"https://storage.googleapis.com/pathology-hub-0/source_videos/Breast_Lecture_Rad-Path.mp4#t=2404.88,2530.08",semantic_gated_v0_2,0.5666,"Columnar cell lesions, or FEA, are considered borderline lesions. A review of imaging shows a higher association with ADHD, low-grade ductal carcinoma in situ (LG DCIS), tubular carcinoma, and lobular carcinoma in situ (LCIS). The upgrade rate to DCIS and/or invasive carcinoma following excision is 0–10%, but likely closer to less than 5% according to recent papers. For columnar cell lesions without atypia, excision "
Breast_Lecture_Rad-Path,Breast Lecture Rad-Path,Breast::Neoplastic::Epithelial::In_Situ::Lobular_Carcinoma_In_Situ_LCIS,Lobular Carcinoma In Situ LCIS,Lobular_Carcinoma_In_Situ_LCIS,2838.64,2937.48,47:19,48:57,98.84,"https://storage.googleapis.com/pathology-hub-0/source_videos/Breast_Lecture_Rad-Path.mp4#t=2838.64,2937.48",semantic_gated_v0_2,0.674,"Lobular neoplasia on core biopsy is controversial in recent years. It is a confirmed multi-sensory bilateral cancer, which can be invasive ductal or invasive lobular. Lobular neoplasia is considered a class of LCIS and ALH, acting as a marker for increased breast cancer risk in both breasts, although it can be a precursor and take a long time to progress. The upgrade rate is highly variable, with most recent studies "
Breast_Lecture_Rad-Path,Breast Lecture Rad-Path,Breast::Neoplastic::Epithelial::Malignant::Micropapillary_Carcinoma,Micropapillary Carcinoma,Micropapillary_Carcinoma,3154.76,3276.28,52:35,54:36,121.52,"https://storage.googleapis.com/pathology-hub-0/source_videos/Breast_Lecture_Rad-Path.mp4#t=3154.76,3276.28",semantic_gated_v0_2,0.5605,"Management of papillomas without atypia on core biopsy remains controversial without consensus. Generally, excision is recommended, but the decision is individualized based on risk factors such as size, palpability, nipple discharge, and breast cancer risk. Larger papillomas or those in patients with a history of nipple discharge or a family history of breast cancer are more likely to warrant excision. If excision is"
Breast_Lecture_Rad-Path,Breast Lecture Rad-Path,Breast::Neoplastic::Epithelial::Malignant::Mucinous_Carcinoma,Mucinous Carcinoma,Mucinous_Carcinoma,3409.56,3541.48,56:50,59:01,131.92,"https://storage.googleapis.com/pathology-hub-0/source_videos/Breast_Lecture_Rad-Path.mp4#t=3409.56,3541.48",semantic_gated_v0_2,0.6347,"So, this is actually the old three legion associated with the mucus in the stoma. This one is purely benign. These are all on the exceeding, and they all have a previous diagnosis as a mucus in the stoma, cold biopsy. And you can see they all had a cannoli; you can see the granular castigated. This one, all their epithelium was just benign. But this one actually has a focal ADH, but you can see it's very focal here. "
Breast_Lecture_Rad-Path,Breast Lecture Rad-Path,Breast::Inflammatory::Reactive::Mucocele_Like_Lesion,Mucocele Like Lesion,Mucocele_Like_Lesion,3278.16,3409.56,54:38,56:50,131.4,"https://storage.googleapis.com/pathology-hub-0/source_videos/Breast_Lecture_Rad-Path.mp4#t=3278.16,3409.56",semantic_gated_v0_2,0.7055,"Mucocele-like lesions were first described in 1986 by Rosen. He initially thought they were benign analogs to the mucus seals of minor salivary glands. A mucus-filled lesion is usually dark and resembles stromal mucus because the mucus-filled area ruptures. However, Rosen later published that not all mucoceles are benign because they represent a spectrum, with some epithelial lesions exhibiting features of atypical d"
Breast_Lecture_SpindleCell,Breast Lecture SpindleCell,Breast::Neoplastic::Epithelial::Malignant::Metaplastic_Carcinoma,Metaplastic Carcinoma,Metaplastic_Carcinoma,929.24,974.24,15:29,16:14,45.0,"https://storage.googleapis.com/pathology-hub-0/source_videos/Breast_Lecture_SpindleCell.mp4#t=929.24,974.24",semantic_gated_v0_2,0.6419,"So, in the WHO classification, metaplastic carcinomas are categorized into several types: high-grade spindle cell carcinoma, carcinoma with mesenchymal differentiation (most commonly osseous or chondroid, but others exist, such as rhabdomyosarcoma and squamous cell carcinoma). Very often, these types are mixed together, frequently with invasive ductal carcinoma and osteosarcoma. Rare variants include fibromatosis-lik"
Breast_Lecture_SpindleCell,Breast Lecture SpindleCell,Breast::Neoplastic::Epithelial::Malignant::Metaplastic_Carcinoma,Metaplastic Carcinoma,Metaplastic_Carcinoma,974.24,1082.24,16:14,18:02,108.0,"https://storage.googleapis.com/pathology-hub-0/source_videos/Breast_Lecture_SpindleCell.mp4#t=974.24,1082.24",semantic_gated_v0_2,0.5701,"So what is the distribution? The majority are actually mixed. You can see the pure ones, squamous spindle cells, are less common; most metaplastic carcinomas show a mixed pattern. It's important to classify them because, as I mentioned, low-grade and atypical squamous and fibromatosis-like, even in high-grade ones, matrix-producing tumors have the best prognosis. Spindle cell-mixed tumors usually have a much worse pr"
Breast_Lecture_SpindleCell,Breast Lecture SpindleCell,Breast::Neoplastic::Epithelial::Malignant::Metaplastic_Carcinoma,Metaplastic Carcinoma,Metaplastic_Carcinoma,1219.24,1344.24,20:19,22:24,125.0,"https://storage.googleapis.com/pathology-hub-0/source_videos/Breast_Lecture_SpindleCell.mp4#t=1219.24,1344.24",semantic_gated_v0_2,0.6,"With DCIS and with adjacent high-grade spindle cell tumor, even when lesions like this, even if the spindle cell is negative for it, you can call this metaplastic carcinoma. We have shown that DCIS and spindle cell metaplastic carcinomas actually relate to genetics, with more changes in the metaplastic one, but they share common genetics. So, DCIS is actually a precursor of spindle cell metaplastic carcinoma. So, as "
Breast_Lecture_SpindleCell,Breast Lecture SpindleCell,Breast::Neoplastic::Epithelial::Malignant::Metaplastic_Carcinoma,Metaplastic Carcinoma,Metaplastic_Carcinoma,1344.24,1484.24,22:24,24:44,140.0,"https://storage.googleapis.com/pathology-hub-0/source_videos/Breast_Lecture_SpindleCell.mp4#t=1344.24,1484.24",semantic_gated_v0_2,0.5922,"p63 is a very sensitive marker; it is positive in more than 80% of cases. Other breast markers include TRPS1, GATA3, and SOX10. TRPS1 is positive in 95% of metaplastic carcinomas. GATA3 and SOX10 correlate with subtypes; for instance, the matri-producing mesenchymal subtype is usually positive, while SOX10 is likely negative in the spindle cell component. These may be positive for S-100, SMA, and vimentin, as spindle"
Breast_Lecture_SpindleCell,Breast Lecture SpindleCell,Breast::Neoplastic::Epithelial::Malignant::Metaplastic_Carcinoma,Metaplastic Carcinoma,Metaplastic_Carcinoma,1484.24,1545.24,24:44,25:45,61.0,"https://storage.googleapis.com/pathology-hub-0/source_videos/Breast_Lecture_SpindleCell.mp4#t=1484.24,1545.24",semantic_gated_v0_2,0.5738,"And typically, you see the cellularities at the periphery and in the middle very often. You see conduit-like changes or microcysts. And if you go to high power, you can see these nests of cells—carcinoma—directly transitioning into this conduit matrix, with cells spreading in this conduit matrix. So you don't really see the spindle cell component in between. This is another case; notice again... The tissue is kind of"
Breast_Lecture_SpindleCell,Breast Lecture SpindleCell,Breast::Neoplastic::Epithelial::Malignant::Metaplastic_Carcinoma,Metaplastic Carcinoma,Metaplastic_Carcinoma,1546.24,1661.24,25:46,27:41,115.0,"https://storage.googleapis.com/pathology-hub-0/source_videos/Breast_Lecture_SpindleCell.mp4#t=1546.24,1661.24",semantic_gated_v0_2,0.6087,"The interesting thing is that the outcome depends on the number of components. More components correlate with a worse prognosis; five or six components fare worse than one to three. In metaplastic carcinoma, it is important to note whether it's pure or mixed, and if mixed, the percentage of each, because this correlates with prognosis. We studied the genetics of metaplastic carcinoma. Even though they are triple-nega"
Breast_Lecture_SpindleCell,Breast Lecture SpindleCell,Breast::Neoplastic::Epithelial::Malignant::Metaplastic_Carcinoma,Metaplastic Carcinoma,Metaplastic_Carcinoma,1661.24,1796.24,27:41,29:56,135.0,"https://storage.googleapis.com/pathology-hub-0/source_videos/Breast_Lecture_SpindleCell.mp4#t=1661.24,1796.24",semantic_gated_v0_2,0.6446,"Genomic heterogeneity of metaplastic carcinoma broadly correlates with histologic subtype. We see different genetic characteristics across subtypes. For example, some subtypes are enriched in PI-3K, RAS, and TERT promoter mutations, while others lack these mutations. TP53 mutations are frequent in some subtypes and uncommon in others. Genomic instability is also a variable feature. These differences are reflected in "
Breast_Lecture_SpindleCell,Breast Lecture SpindleCell,Breast::Neoplastic::Epithelial::Malignant::Metaplastic_Carcinoma,Metaplastic Carcinoma,Metaplastic_Carcinoma,2515.24,2647.24,41:55,44:07,132.0,"https://storage.googleapis.com/pathology-hub-0/source_videos/Breast_Lecture_SpindleCell.mp4#t=2515.24,2647.24",semantic_gated_v0_2,0.6027,"I want to discuss fibromatosis-like metaplastic carcinoma. When considering a bland spindle cell neoplasm, it's important to consider whether it is CD34-positive or CD34-negative. We'll focus on CD34-negative cases. With CD34-negative spindle cell neoplasms, it's crucial to exclude fibromatosis-like metaplastic carcinoma. These two diagnoses must be differentiated, particularly fibromatosis-like metaplastic carcinoma"
Breast_Lecture_SpindleCell,Breast Lecture SpindleCell,Breast::Neoplastic::Epithelial::Malignant::Metaplastic_Carcinoma,Metaplastic Carcinoma,Metaplastic_Carcinoma,2771.24,2846.24,46:11,47:26,75.0,"https://storage.googleapis.com/pathology-hub-0/source_videos/Breast_Lecture_SpindleCell.mp4#t=2771.24,2846.24",semantic_gated_v0_2,0.5774,"It is important to make the distinction between fibromatosis-like metaplastic carcinoma and spindle cell metaplastic carcinoma. These are very important. Therefore, we will focus on severe nuclear atypia to easily identify malignant activity. The reason for distinguishing between fibromatosis-like and spindle cell metaplastic carcinomas is their differing outcomes. Fibromatosis-like carcinoma has a favorable outcome "
Breast_Lecture_SpindleCell,Breast Lecture SpindleCell,Breast::Neoplastic::Fibroepithelial::Variable_Behavior::Phyllodes_Tumor,Phyllodes Tumor,Phyllodes_Tumor,0.0,137.24,0:00,2:17,137.24,"https://storage.googleapis.com/pathology-hub-0/source_videos/Breast_Lecture_SpindleCell.mp4#t=0,137.24",semantic_gated_v0_2,0.6839,"First, I will finish the discussion about differential Diagnosis of between a phyllodes tumor and fibroadenoma, particularly cellular fibroadenoma or juvenile fibroadenoma, is important. When we look at the clinical features, the age is a factor. The tumor's characteristics may differ slightly in size and growth pattern. However, despite some benign phyllodes tumors being larger than fibroadenomas, there's significan"
Breast_Lecture_SpindleCell,Breast Lecture SpindleCell,Breast::Neoplastic::Fibroepithelial::Variable_Behavior::Phyllodes_Tumor,Phyllodes Tumor,Phyllodes_Tumor,137.24,273.24,2:17,4:33,136.0,"https://storage.googleapis.com/pathology-hub-0/source_videos/Breast_Lecture_SpindleCell.mp4#t=137.24,273.24",semantic_gated_v0_2,0.6782,"However, when you look at the leaf, and also the overall image, it should show low cellularity. So, as opposed to cellular stroma in phyllodes tumors, this is different. Similarly, in juvenile fibroadenoma, a full-core leaf-like architecture can be observed. When examining this lobular architecture, often seen in juvenile fibroadenoma, the full-core leaf again demonstrates low cellularity. Fibroadenomas may have foca"
Breast_Lecture_SpindleCell,Breast Lecture SpindleCell,Breast::Neoplastic::Fibroepithelial::Variable_Behavior::Phyllodes_Tumor,Phyllodes Tumor,Phyllodes_Tumor,526.24,586.24,8:46,9:46,60.0,"https://storage.googleapis.com/pathology-hub-0/source_videos/Breast_Lecture_SpindleCell.mp4#t=526.24,586.24",semantic_gated_v0_2,0.6696,No histologic features can reliably predict phyllodes tumor (PT) over cellular fibroadenoma (FA) on core biopsy. Cellularity and mitotic activity are the most useful indicators. Stromal heterogeneity is another factor. A constellation of features may favor PT in some cases. Descriptive diagnosis: Fibroepithelial neoplasm with cellular stroma; see comment. Recommend excision for final classification. In the malignant 
Breast_Lecture_SpindleCell,Breast Lecture SpindleCell,Breast::Neoplastic::Fibroepithelial::Variable_Behavior::Phyllodes_Tumor,Phyllodes Tumor,Phyllodes_Tumor,620.24,704.24,10:20,11:44,84.0,"https://storage.googleapis.com/pathology-hub-0/source_videos/Breast_Lecture_SpindleCell.mp4#t=620.24,704.24",semantic_gated_v0_2,0.6761,"Okay. So when I recently diagnosed a phyllodes tumor, I was surprised by how much the leaf-like pattern, seen microscopically, resembled the gross findings—almost like a fractal. Grossly, it looked like it was growing in leaf shapes. So, is the leaf-like pattern generally attributed to its microscopic appearance, gross appearance, or both? Yes, actually, yes. When I showed the pictures, we could see leaf-like archite"
Breast_Lecture_SpindleCell,Breast Lecture SpindleCell,Breast::Neoplastic::Fibroepithelial::Variable_Behavior::Phyllodes_Tumor,Phyllodes Tumor,Phyllodes_Tumor,2141.24,2272.24,35:41,37:52,131.0,"https://storage.googleapis.com/pathology-hub-0/source_videos/Breast_Lecture_SpindleCell.mp4#t=2141.24,2272.24",semantic_gated_v0_2,0.6452,"Even though it is important to demonstrate that keratin expression is present in metaplastic carcinoma, malignant phyllodes tumors can express keratin and/or p63, typically in a focal or patchy pattern (<5%). Therefore, keratin or p63 expression, especially in core biopsies, cannot be used to exclude a phyllodes tumor. Strong, diffuse keratin and p63 expression favors a diagnosis of metaplastic carcinoma. Malignant p"
Breast_Lecture_SpindleCell,Breast Lecture SpindleCell,Breast::Mesenchymal::Vascular_Tumors::Primary_Angiosarcoma_of_the_Breast,Primary Angiosarcoma of the Breast,Primary_Angiosarcoma_of_the_Breast,2272.24,2409.24,37:52,40:09,137.0,"https://storage.googleapis.com/pathology-hub-0/source_videos/Breast_Lecture_SpindleCell.mp4#t=2272.24,2409.24",semantic_gated_v0_2,0.6461,"Primary breast sarcomas are extremely rare. Their histopathology is similar to that of sarcomas in other sites. The most common types are angiosarcoma and undifferentiated pleomorphic sarcoma. Patients may have a history of radiation due to prior breast cancer, especially in cases of angiosarcoma. Diagnosis is one of exclusion; it requires keratins to be negative (using multiple antibodies and blocks), the absence of"
Breast_Lecture_Treated,Breast Lecture Treated,Breast::Neoplastic::Epithelial::In_Situ::Ductal_Carcinoma_In_Situ_DCIS,Ductal Carcinoma In Situ DCIS,Ductal_Carcinoma_In_Situ_DCIS,1456.16,1583.76,24:16,26:24,127.6,"https://storage.googleapis.com/pathology-hub-0/source_videos/Breast_Lecture_Treated.mp4#t=1456.16,1583.76",semantic_gated_v0_2,0.628,"Let's discuss the diagnostic challenges of residual ductal carcinoma in situ (DCIS) following neoadjuvant therapy. If the residual DCIS is focal, diagnosis can be very challenging because the cytology may be altered. Furthermore, the architecture is often altered; you might observe a solid pattern on biopsy with minimal remaining tissue on the excision specimen due to scant cellular involvement of the ducts. Addition"
Breast_Lecture_Treated,Breast Lecture Treated,Breast::Neoplastic::Epithelial::In_Situ::Ductal_Carcinoma_In_Situ_DCIS,Ductal Carcinoma In Situ DCIS,Ductal_Carcinoma_In_Situ_DCIS,1589.84,1714.24,26:30,28:34,124.4,"https://storage.googleapis.com/pathology-hub-0/source_videos/Breast_Lecture_Treated.mp4#t=1589.84,1714.24",semantic_gated_v0_2,0.6109,"And again, sometimes DCIS can mimic duct ectasia, where the duct is dilated, and again, hardly any marked atypia or something. So in this case, let me show you the high power; yeah, like the cell. That is, with some inflammatory changes are present. So this just looks like, on low power, it's... Ductile arrays, yes, but HER2 staining again was very helpful, showing positive staining. So, residual ductal carcinoma in "
YT_Cyto_Cervical_Goulart,YT Cyto Cervical Goulart,Cyto_GYN::Glandular::Carcinoma::Adenocarcinoma_Endocervical_Mesonephric,Adenocarcinoma Endocervical Mesonephric,Adenocarcinoma_Endocervical_Mesonephric,2015.24,2138.2,33:35,35:38,122.96,"https://storage.googleapis.com/pathology-hub-0/source_videos/YT_Cyto_Cervical_Goulart.mp4#t=2015.24,2138.2",semantic_gated_v0_2,0.6844,"Pan-keratin was diffusely positive. P16 showed a mosaic pattern, and P53 was wild-type. ER and PR were completely negative, which would be unusual if considering an endometrioid adenocarcinoma. CEA, calretinin, synaptophysin, chromogranin, and Napsin-A were all negative. These additional stains were performed to investigate neuroendocrine differentiation and other specific markers. I always tell the residents and fel"
YT_Cyto_Cervical_Goulart,YT Cyto Cervical Goulart,Cyto_GYN::Glandular::Atypical_Endocervical_Cells_Favor_Neoplastic,Atypical Endocervical Cells Favor Neoplastic,Atypical_Endocervical_Cells_Favor_Neoplastic,1288.52,1423.0,21:29,23:43,134.48,"https://storage.googleapis.com/pathology-hub-0/source_videos/YT_Cyto_Cervical_Goulart.mp4#t=1288.52,1423",semantic_gated_v0_2,0.6284,"Cellular crowding is observed, along with some nuclear membrane irregularity. We are not seeing single cell dyskeratosis, mitotic figures, or apoptosis. There is really a honeycomb pattern that might suggest these are reactive cervical cells, indicating features of safety. Additionally, very well-defined cytoplasmic borders and cytoplasmic ridges are present. Observing a few more images, the same characteristics are "
YT_Cyto_Cervical_Goulart,YT Cyto Cervical Goulart,Cyto_GYN::Glandular::Atypical_Endocervical_Cells_Favor_Neoplastic,Atypical Endocervical Cells Favor Neoplastic,Atypical_Endocervical_Cells_Favor_Neoplastic,1423.0,1554.04,23:43,25:54,131.04,"https://storage.googleapis.com/pathology-hub-0/source_videos/YT_Cyto_Cervical_Goulart.mp4#t=1423,1554.04",semantic_gated_v0_2,0.6484,"We would have additional follow-up with atypical endocervical cells. You could argue that we should have said favor neoplasia or raise the differential diagnosis. So we knew the cervical mass was biopsied. Here's the ECC of that cervical mass, the same cytology. P16 was entirely negative. Interestingly, P53 was clearly over-expressed, greater than 70 or 80% of cells, displaying a P53 nuclear overexpression pattern. S"
YT_Cyto_Cervix_Giovanni,YT Cyto Cervix Giovanni,Cyto_GYN::Squamous::Atypical_Squamous_Cells_Undetermined_Significance_ASCUS,Atypical Squamous Cells Undetermined Significance ASCUS,Atypical_Squamous_Cells_Undetermined_Significance_ASCUS,605.76,741.84,10:06,12:22,136.08,"https://storage.googleapis.com/pathology-hub-0/source_videos/YT_Cyto_Cervix_Giovanni.mp4#t=605.76,741.84",semantic_gated_v0_2,0.7154,"In this case, you may have very high atypicality: very large cells, very large cytoplasm, and then large nuclei. And in some cases, for example here, this is a case of bone marrow transplantation after conditioning therapy with busulfan. You see, you may have a really evident atypicality, but you also have a large number of bare nuclei on the background. If you look carefully, you see that actually these nuclei have "
YT_Cyto_Cervix_Giovanni,YT Cyto Cervix Giovanni,Cyto_Management::Ancillary_Testing::HPV_Testing,HPV Testing,HPV_Testing,742.72,874.8,12:23,14:35,132.08,"https://storage.googleapis.com/pathology-hub-0/source_videos/YT_Cyto_Cervix_Giovanni.mp4#t=742.72,874.8",semantic_gated_v0_2,0.5946,"On your setting, whether you're working with HPV in the context of a primary screening or not, for example, if you use conventional smears, this case probably is going to be called ASC-US. The same applies if you have liquid-based cytology but no HPV triage. If you can do HPV triage and your triage HPV is negative, probably you're going to call it negative and tell the woman, 'See you typically in three years.' If yo"
YT_Cyto_Lung_Lozano,YT Cyto Lung Lozano,Cyto_Management::Technique::Endoscopic_Ultrasound_Guided_Fine_Needle_Aspiration_EUS_FNA,Endoscopic Ultrasound Guided Fine Needle Aspiration EUS FNA,Endoscopic_Ultrasound_Guided_Fine_Needle_Aspiration_EUS_FNA,261.96,346.72,4:22,5:47,84.76,"https://storage.googleapis.com/pathology-hub-0/source_videos/YT_Cyto_Lung_Lozano.mp4#t=261.96,346.72",semantic_gated_v0_2,0.5398,"We know there are many challenges in the diagnosis of lung cancer. As a pathology site, we are asked for comprehensive and complex diagnostics using minimally invasive procedures. Of course, we must integrate these diagnostics within the world of personalized therapy. So, the integration of biomarkers in the clinical management of the cancer patient is a necessity. Importantly, many patients, more than 50-60% of thos"
YT_Cyto_Lung_Lozano,YT Cyto Lung Lozano,Cyto_Management::Technique::Endoscopic_Ultrasound_Guided_Fine_Needle_Aspiration_EUS_FNA,Endoscopic Ultrasound Guided Fine Needle Aspiration EUS FNA,Endoscopic_Ultrasound_Guided_Fine_Needle_Aspiration_EUS_FNA,576.24,696.96,9:36,11:37,120.72,"https://storage.googleapis.com/pathology-hub-0/source_videos/YT_Cyto_Lung_Lozano.mp4#t=576.24,696.96",semantic_gated_v0_2,0.5082,"This is a schematic representation of the different ways to get samples from the lung and the mediastinum. It depends on the location of the lesion. If you use this approach, it's electromagnetic navigation. This technique isn't widely adopted in many centers yet. It's similar to GPS, like the GPS in our cars. This system guides a biopsy tool or a needle, most frequently a needle, to peripheral nodules. These nodules"
YT_Cyto_Lung_Lozano,YT Cyto Lung Lozano,Cyto_Management::Technique::Endoscopic_Ultrasound_Guided_Fine_Needle_Aspiration_EUS_FNA,Endoscopic Ultrasound Guided Fine Needle Aspiration EUS FNA,Endoscopic_Ultrasound_Guided_Fine_Needle_Aspiration_EUS_FNA,976.48,1075.32,16:16,17:55,98.84,"https://storage.googleapis.com/pathology-hub-0/source_videos/YT_Cyto_Lung_Lozano.mp4#t=976.48,1075.32",semantic_gated_v0_2,0.6236,"In NGP, Next Generation Procedures, this is a technique called wet suction (WEST). It was published in 2000, but it's not very widely used in many hospitals. It was designed for use in needle aspiration, but can also be performed during EUS-FNA procedures for solid lesions. The rationale for this technique is to fill the needle with a small amount of saline, which increases the aspiration pressure. This helps to obta"
YT_Cyto_Lung_Lozano,YT Cyto Lung Lozano,Cyto_Management::Ancillary_Testing::Fluorescence_In_Situ_Hybridization_FISH,Fluorescence In Situ Hybridization FISH,Fluorescence_In_Situ_Hybridization_FISH,3021.44,3152.0,50:21,52:32,130.56,"https://storage.googleapis.com/pathology-hub-0/source_videos/YT_Cyto_Lung_Lozano.mp4#t=3021.44,3152",semantic_gated_v0_2,0.5852,"Let's talk about FISH. What about FISH in cytological samples? The main advantage is that nuclei on cytological smears are entire. We can analyze the real signals in these nuclei. Any type of cytological sample can be used. FISH works equally well on unstained, Papanicolaou, H&E, and Giemsa smears, or any type of smear, whatever. And it's a reality that the quality of DNA in air-dried or alcohol-fixed cytological spe"
YT_Cyto_Lung_Lozano,YT Cyto Lung Lozano,Cyto_Management::Ancillary_Testing::Immunocytochemistry_IHC,Immunocytochemistry IHC,Immunocytochemistry_IHC,2583.12,2685.04,43:03,44:45,101.92,"https://storage.googleapis.com/pathology-hub-0/source_videos/YT_Cyto_Lung_Lozano.mp4#t=2583.12,2685.04",semantic_gated_v0_2,0.6021,"This is an evolving story. This, to me, is a very nice visual, published by Paul Barterslan and others in Cancer Cell (referencing Papalo Dila Tien and Locatia), illustrating numerous biomarkers and molecular alterations related to therapeutic strategies. As I said, this is an ongoing story. We must be ready for this, because this story is real, it's happening now. Let us start with the challenges. There are very man"
YT_Cyto_Lung_Lozano,YT Cyto Lung Lozano,Cyto_Management::Ancillary_Testing::Immunocytochemistry_IHC,Immunocytochemistry IHC,Immunocytochemistry_IHC,2810.72,2916.72,46:51,48:37,106.0,"https://storage.googleapis.com/pathology-hub-0/source_videos/YT_Cyto_Lung_Lozano.mp4#t=2810.72,2916.72",semantic_gated_v0_2,0.5691,"This is a table that summarizes the type of cytological sample, fixative, and results. Cellblocks, fixed in formalin, have no problem with the results. Papanicolaou-stained smears, fixed in 96% alcohol, yield results comparable to surgical samples. Air-dried smears, without fixative, lead to a high rate of false negative results and low intensity of immunostaining. The same applies to liquid-based cytology, which use"
YT_Cyto_Lung_Lozano,YT Cyto Lung Lozano,Cyto_Management::Ancillary_Testing::Immunocytochemistry_IHC,Immunocytochemistry IHC,Immunocytochemistry_IHC,2917.44,3020.48,48:37,50:20,103.04,"https://storage.googleapis.com/pathology-hub-0/source_videos/YT_Cyto_Lung_Lozano.mp4#t=2917.44,3020.48",semantic_gated_v0_2,0.5898,"So, in this paper published by the International Association for the Study of Lung Cancer (IASLC) group of pathologists, they made some interesting conclusions. They stated that cytology specimens are undoubtedly underutilized for predictive immunocytochemistry (ICC) testing. They recognized that practical difficulties in standardization are a very important aspect we have to work on. And they concluded that with pro"
YT_Cyto_Lung_Lozano,YT Cyto Lung Lozano,Cyto_Management::Technique::Rapid_On_Site_Evaluation_ROSE,Rapid On Site Evaluation ROSE,Rapid_On_Site_Evaluation_ROSE,707.68,835.76,11:48,13:56,128.08,"https://storage.googleapis.com/pathology-hub-0/source_videos/YT_Cyto_Lung_Lozano.mp4#t=707.68,835.76",semantic_gated_v0_2,0.6555,"And here is the cytology and the biopsy. We obtained a very nice smear with this sedimentary gel inclusion. The immunohistochemistry was positive. And on the cell block, well, it's not a cell block, it's actually a biopsy. We found this lesion, which shows lipid growth. So the important question... There are two important questions. First, how to ensure accurate diagnosis using minimal initial methods. And second, an"
YT_Cyto_Lung_Lozano,YT Cyto Lung Lozano,Cyto_Management::Technique::Rapid_On_Site_Evaluation_ROSE,Rapid On Site Evaluation ROSE,Rapid_On_Site_Evaluation_ROSE,835.76,975.48,13:56,16:15,139.72,"https://storage.googleapis.com/pathology-hub-0/source_videos/YT_Cyto_Lung_Lozano.mp4#t=835.76,975.48",semantic_gated_v0_2,0.6241,"So we try to get cell blocks, of course, whatever is possible is very important. And we like to do a needle wash in liquid-based cytology at the end of the procedure because this effectively preserves DNA and RNA very well. Of course, fresh material for flow cytometry is required if we anticipate a proliferative issue and anticipate doing flow cytometry. There is a development of new techniques nowadays that allow, i"
YT_Cyto_Lung_Schmitt,YT Cyto Lung Schmitt,Cyto_Management::Technique::Endoscopic_Ultrasound_Guided_Fine_Needle_Aspiration_EUS_FNA,Endoscopic Ultrasound Guided Fine Needle Aspiration EUS FNA,Endoscopic_Ultrasound_Guided_Fine_Needle_Aspiration_EUS_FNA,144.88,283.92,2:25,4:44,139.04,"https://storage.googleapis.com/pathology-hub-0/source_videos/YT_Cyto_Lung_Schmitt.mp4#t=144.88,283.92",semantic_gated_v0_2,0.6593,"One methodology used with increasing frequency in different hospitals is the Endobronchial Ultrasound (EBUS) guided FNA. It is an FNA performed through the bronchoscope, using real-time ultrasound guidance. This allows us to sample not only central lung lesions, but also mediastinal and peribronchial lymph nodes. When we use invasive methodology, such as trans-thoracic FNA, it's advisable to have a Rapid On-Site Eval"
YT_Cyto_Lung_Schmitt,YT Cyto Lung Schmitt,Cyto_Management::Ancillary_Testing::Molecular_Sequencing_BRAF_KRAS_etc,Molecular Sequencing BRAF KRAS etc,Molecular_Sequencing_BRAF_KRAS_etc,2633.44,2766.88,43:53,46:07,133.44,"https://storage.googleapis.com/pathology-hub-0/source_videos/YT_Cyto_Lung_Schmitt.mp4#t=2633.44,2766.88",semantic_gated_v0_2,0.6094,"It's very clear there are many papers showing, as you can see here in our left in blue, patients that receive targeted therapy compared to patients that receive non-targeted therapy or no treatment have a much better survival. Patients that have a driver gene that can be targetable have better survival than patients that don't. Therefore, we cannot deny patients the study of putative molecular targets. This represent"
YT_Cyto_Lung_Schmitt,YT Cyto Lung Schmitt,Cyto_Management::Technique::Rapid_On_Site_Evaluation_ROSE,Rapid On Site Evaluation ROSE,Rapid_On_Site_Evaluation_ROSE,3699.04,3824.88,1:01:39,1:03:45,125.84,"https://storage.googleapis.com/pathology-hub-0/source_videos/YT_Cyto_Lung_Schmitt.mp4#t=3699.04,3824.88",semantic_gated_v0_2,0.5409,"And you receive finite illustration biopsy. I can trust because it's biopsy. So, I don't have a special, I'm using more biopsy because after many discussions in the book, We need to use in the book finite illustration biopsy. We decided by majority, so I'm following. The majority. This is the reason that I'm using in the lecture in the slide. Rapid on-site evaluation in Langlision? I think that if it is possible, you"
YT_Cyto_Lung_Schmitt,YT Cyto Lung Schmitt,Cyto_Thoracic::Malignant::Neuroendocrine::Carcinoid_Tumor_Atypical,Carcinoid Tumor Atypical,Carcinoid_Tumor_Atypical,3825.52,3894.16,1:03:46,1:04:54,68.64,"https://storage.googleapis.com/pathology-hub-0/source_videos/YT_Cyto_Lung_Schmitt.mp4#t=3825.52,3894.16",semantic_gated_v0_2,0.6727,"on finite respiration of rows and sections, can you use the term atypical as a diagnosis? If it is carcinoid versus small cell neuroendocrine cell carcinoma. Yeah, but atypical, I think that he's mentioned atypical carcinoid. The recommendation for the diagnosis of atypical carcinoy inside all, at least they say. you don't do this diagnosis. So, if it is a classical carcinoy, you call carcinoy. It's a classical small"
YT_Cyto_Lymph_Kloboves,YT Cyto Lymph Kloboves,Cyto_Heme::Malignant::B_Cell_Small::Follicular_Lymphoma_Low_Grade,Follicular Lymphoma Low Grade,Follicular_Lymphoma_Low_Grade,2172.88,2301.04,36:13,38:21,128.16,"https://storage.googleapis.com/pathology-hub-0/source_videos/YT_Cyto_Lymph_Kloboves.mp4#t=2172.88,2301.04",semantic_gated_v0_2,0.6797,"Many believe that grading follicular lymphoma using FNA cytopathology is not possible. In the literature, you will find publications describing attempts to grade follicular lymphoma microscopically by counting centroblasts, but this approach has not been very satisfactory. There are also descriptions of flow cytometric methods where large lymphoid cells, assumed to be centroblasts, are compared to normal T lymphocyte"
YT_Cyto_Lymph_Kloboves,YT Cyto Lymph Kloboves,Cyto_Heme::Malignant::B_Cell_Small::Mantle_Cell_Lymphoma_Classic,Mantle Cell Lymphoma Classic,Mantle_Cell_Lymphoma_Classic,2058.0,2172.88,34:18,36:13,114.88,"https://storage.googleapis.com/pathology-hub-0/source_videos/YT_Cyto_Lymph_Kloboves.mp4#t=2058,2172.88",semantic_gated_v0_2,0.689,"In Western countries, mature B-cell neoplasms, specifically small cell B-cell lymphomas, will be discussed. This group includes follicular lymphoma, mantle cell lymphoma, marginal zone lymphoma, chronic lymphocytic leukemia/small lymphocytic lymphoma, and lymphoplasmacytic lymphoma. These lymphomas are morphologically very similar in cytology. As previously shown, it's difficult to distinguish between them morphologi"
YT_Cyto_Lymph_Kloboves,YT Cyto Lymph Kloboves,Cyto_Heme::Malignant::Hodgkin::Nodular_Lymphocyte_Predominant_HL,Nodular Lymphocyte Predominant HL,Nodular_Lymphocyte_Predominant_HL,3044.32,3171.36,50:44,52:51,127.04,"https://storage.googleapis.com/pathology-hub-0/source_videos/YT_Cyto_Lymph_Kloboves.mp4#t=3044.32,3171.36",semantic_gated_v0_2,0.6512,"Nodular lymphocytic predominant Hodgkin lymphoma is one of the most difficult diagnoses in pathological lymphoma diagnosis. The reason is that LP cells are neoplastic cells, which are called lymphocyte predominant or popcorn cells, some kind of variant of Reed-Sternberg cells. They are usually very few in the smears and very inconspicuous, and can be overlooked. They are mixed with reactive small lymphocytes, histioc"
YT_Cyto_Lymph_Kloboves,YT Cyto Lymph Kloboves,Cyto_Heme::Malignant::B_Cell_Large::Plasmablastic_Lymphoma,Plasmablastic Lymphoma,Plasmablastic_Lymphoma,2400.72,2477.04,40:01,41:17,76.32,"https://storage.googleapis.com/pathology-hub-0/source_videos/YT_Cyto_Lymph_Kloboves.mp4#t=2400.72,2477.04",semantic_gated_v0_2,0.6181,"Therefore, this is very important. In the differential diagnosis, we should consider B-cell lymphomas with plasmacytic differentiation, such as lymphoplasmacytic lymphoma, chronic lymphocytic leukemia, and marginal zone lymphoma. Then, plasmablastic lymphoma, anaplastic lymphoma, and carcinoma. For B-cell lymphomas with plasmacytic differentiation, the key distinction is that these lymphomas express lineage B-cell ma"
YT_Cyto_Lymph_Kloboves,YT Cyto Lymph Kloboves,Cyto_Heme::Benign_Reactive::General::Reactive_Lymphoid_Hyperplasia_Follicular,Reactive Lymphoid Hyperplasia Follicular,Reactive_Lymphoid_Hyperplasia_Follicular,1352.16,1426.64,22:32,23:47,74.48,"https://storage.googleapis.com/pathology-hub-0/source_videos/YT_Cyto_Lymph_Kloboves.mp4#t=1352.16,1426.64",semantic_gated_v0_2,0.58,"We must use ancillary techniques. For differentiation between reactive B-lymphocytes and B-cell lymphomas, flow cytometry or PCR-based clonality analysis can be used. Our flow cytometric method for determination of clonality is based on the determination of the ratio between surface Ig light chains, kappa and lambda. When the ratio is low, this is in favor of reactive B-lymphocytes; where the ratio is high, this is i"
YT_Cyto_Lymph_Kloboves,YT Cyto Lymph Kloboves,Cyto_Management::Ancillary_Testing::Flow_Cytometry,Flow Cytometry,Flow_Cytometry,595.52,731.6,9:56,12:12,136.08,"https://storage.googleapis.com/pathology-hub-0/source_videos/YT_Cyto_Lymph_Kloboves.mp4#t=595.52,731.6",semantic_gated_v0_2,0.5444,"In the study, we included 32 cases of lymphomas and three cases of lymphadenitis. Here, we evaluated the correlation between the results obtained by immunocytochemistry and flow cytometry. We tested various markers, and while some showed good correlation, for others, such as surface lambda, the correlation between the two methods was not optimal. When we looked for light-chain restriction, we found that with two-colo"
YT_Cyto_Lymph_Kloboves,YT Cyto Lymph Kloboves,Cyto_Management::Ancillary_Testing::Flow_Cytometry,Flow Cytometry,Flow_Cytometry,732.16,854.72,12:12,14:15,122.56,"https://storage.googleapis.com/pathology-hub-0/source_videos/YT_Cyto_Lymph_Kloboves.mp4#t=732.16,854.72",semantic_gated_v0_2,0.5403,"Experts in flow cytometry in the United Kingdom helped us to set up the flow cytometer, teach us about compensation, quality assurance, and also helped us to build the first antibody panels. In addition, we also performed a lot of studies, and these resulted in an in-house protocol for fine needle aspiration (FNA) sample preparation for flow cytometry. This protocol prevents a lot of issues during sample preparation "
YT_Cyto_Lymph_Kloboves,YT Cyto Lymph Kloboves,Cyto_Salivary::Pattern::Epithelial_Proliferation_With_Lymphoid_Background,Epithelial Proliferation With Lymphoid Background,Epithelial_Proliferation_With_Lymphoid_Background,1162.96,1272.0,19:23,21:12,109.04,"https://storage.googleapis.com/pathology-hub-0/source_videos/YT_Cyto_Lymph_Kloboves.mp4#t=1162.96,1272",semantic_gated_v0_2,0.6663,"Proliferation is quite typical. The cytological feature is polymorphous, in contrast to the monomorphous picture in lymphomas. In Giemsa and Papanicolaou smears, lymphocytes predominate in different stages of differentiation. This means you observe centroblasts, small lymphocytes, some medium-sized cells which belong to centrocytes, monocytoid cells, and so on. Reticulum and dendritic cells can also be observed, as w"
YT_Cyto_Lymph_WHO_Field,YT Cyto Lymph WHO Field,Cyto_Management::Technique::Cell_Block_Preparation,Cell Block Preparation,Cell_Block_Preparation,1360.0,1466.0,22:40,24:26,106.0,"https://storage.googleapis.com/pathology-hub-0/source_videos/YT_Cyto_Lymph_WHO_Field.mp4#t=1360,1466",semantic_gated_v0_2,0.5961,"We want this because usually the best area to assess will be in the middle portion of such a smear. However, in some cases, this thick end will allow us to diagnose lesions, such as high-grade lymphomas, where the cells are fragile and get damaged and crushed. In other cases, where we've got a castanoma in a more sclerotic background, which requires perhaps firmer smearing, the tail end of the smear allows us to asse"
YT_Cyto_Lymph_WHO_Field,YT Cyto Lymph WHO Field,Cyto_Management::Technique::Cell_Block_Preparation,Cell Block Preparation,Cell_Block_Preparation,3311.64,3446.36,55:12,57:26,134.72,"https://storage.googleapis.com/pathology-hub-0/source_videos/YT_Cyto_Lymph_WHO_Field.mp4#t=3311.64,3446.36",semantic_gated_v0_2,0.5635,The point that I want to make from my talk here and is very much embodied in all the reporting systems is that wherever possible we should do the ancillary test and they should be put into one integrated report. So if we have a concept where you report your cytology you report your cytopathology including your cell block that's one report The concept that then someone else does the ancillary testing is not it may hap
YT_Cyto_Lymph_WHO_Field,YT Cyto Lymph WHO Field,Cyto_Management::Technique::Rapid_On_Site_Evaluation_ROSE,Rapid On Site Evaluation ROSE,Rapid_On_Site_Evaluation_ROSE,1245.0,1360.0,20:45,22:40,115.0,"https://storage.googleapis.com/pathology-hub-0/source_videos/YT_Cyto_Lymph_WHO_Field.mp4#t=1245,1360",semantic_gated_v0_2,0.5569,"Of course, an FNAB technique. I'm not going to go into great detail, but we do recommend that you use both air-dried Giemsa and alcohol-fixed Papanicolaou stain slides. Of course, you might be using a hematoxylin and eosin stain on your alcohol-fixed slides. And each has its own benefits, but we recommend that you should use both in almost every case. The Giemsa stain is obviously used at ROSE and is good for fungal "
YT_Cyto_Lymph_WHO_Field,YT Cyto Lymph WHO Field,Cyto_Thyroid::Pattern::Dispersed_Hypercellular_Lymph_Node_Like,Dispersed Hypercellular Lymph Node Like,Dispersed_Hypercellular_Lymph_Node_Like,2796.0,2908.0,46:36,48:28,112.0,"https://storage.googleapis.com/pathology-hub-0/source_videos/YT_Cyto_Lymph_WHO_Field.mp4#t=2796,2908",semantic_gated_v0_2,0.6708,"Finally, I'm just going to finish on what are the usual features of lymph node fine needle aspiration biopsy (FNAB) cytopathology. Well, they usually show high cellularity if the smear is well-done and well-made, and usually a highly dispersed cell pattern, which helps us confirm we're dealing with a lymphoid population and not something else like metastatic cancer. And of course, we see fragments of lymphoid cell cy"
YT_Cyto_Pancreas_Cyst_Pitman,YT Cyto Pancreas Cyst Pitman,Cyto_Pancreatobiliary::Malignant::Neuroendocrine::Neuroendocrine_Tumor_Lipid_Rich,Neuroendocrine Tumor Lipid Rich,Neuroendocrine_Tumor_Lipid_Rich,3137.08,3272.4,52:17,54:32,135.32,"https://storage.googleapis.com/pathology-hub-0/source_videos/YT_Cyto_Pancreas_Cyst_Pitman.mp4#t=3137.08,3272.4",semantic_gated_v0_2,0.6537,"Round nucleus, monotonous size and shape, plasmacytoid architecture, non-mucinous cytoplasm, somewhat coarse stippled chromatin and nucleoli. Don't let the presence of nucleoli preclude you from making a diagnosis of a neuroendocrine. Tumor, which this actually is. Monomorphic, endocrine type morphology, coupling that with... our morphology on imaging, which is very characteristic of a cystic neuroendocrine tumor, an"
YT_Cyto_Pancreas_Reid,YT Cyto Pancreas Reid,Cyto_Pancreatobiliary::Malignant::Neuroendocrine::Neuroendocrine_Tumor_Lipid_Rich,Neuroendocrine Tumor Lipid Rich,Neuroendocrine_Tumor_Lipid_Rich,2242.58,2363.58,37:23,39:24,121.0,"https://storage.googleapis.com/pathology-hub-0/source_videos/YT_Cyto_Pancreas_Reid.mp4#t=2242.58,2363.58",semantic_gated_v0_2,0.5922,"Another variant to be mindful of is the lipid-rich variant of well-differentiated NETs. These have abundant lipid in the cytoplasm, sometimes so abundant that the lipid displaces the nuclei peripherally. This makes it harder to appreciate the salt-and-pepper type chromatin, which is helpful in making the diagnosis. Depending on the location or clinical history, they can be misdiagnosed as adrenocortical neoplasms or "
YT_Cyto_Pancreas_Reid,YT Cyto Pancreas Reid,Cyto_Pancreatobiliary::Benign_Reactive::Normal::Normal_Ductal_Cells,Normal Ductal Cells,Normal_Ductal_Cells,1469.5,1523.38,24:30,25:23,53.88,"https://storage.googleapis.com/pathology-hub-0/source_videos/YT_Cyto_Pancreas_Reid.mp4#t=1469.5,1523.38",semantic_gated_v0_2,0.6301,"This is an example on the upper left of benign ductal cells and nice flat honeycomb sheets, evenly spaced. When they're reactive, they can have more prominent nuclei, but it's still a relatively flat sheet of cells with smooth nuclear borders. As opposed to adenocarcinoma on the right, where you can see abnormal mitosis. In this example, in the upper half of the image, you can see there is anisokaryosis with hypochro"
YT_Cyto_Pancreas_Reid,YT Cyto Pancreas Reid,Cyto_Pancreatobiliary::Malignant::Ductal::Pancreatic_Ductal_Adenocarcinoma_Foamy_Gland,Pancreatic Ductal Adenocarcinoma Foamy Gland,Pancreatic_Ductal_Adenocarcinoma_Foamy_Gland,451.18,581.5,7:31,9:42,130.32,"https://storage.googleapis.com/pathology-hub-0/source_videos/YT_Cyto_Pancreas_Reid.mp4#t=451.18,581.5",semantic_gated_v0_2,0.696,"In the same case, we observed three-dimensional cell clusters. This example presented with a relatively low nuclear-to-cytoplasmic (NC) ratio. While adenocarcinoma typically shows a high NC ratio, here the NC ratio is low, accompanied by abundant frothy cytoplasm and nuclear contour irregularity. The frothy cytoplasm is a key diagnostic clue. when you see it, you should not change your diagnosis of adenocarcinoma bec"
YT_Cyto_Pancreas_Reid,YT Cyto Pancreas Reid,Cyto_Pancreatobiliary::Malignant::Ductal::Pancreatic_Ductal_Adenocarcinoma_Foamy_Gland,Pancreatic Ductal Adenocarcinoma Foamy Gland,Pancreatic_Ductal_Adenocarcinoma_Foamy_Gland,1621.02,1750.02,27:01,29:10,129.0,"https://storage.googleapis.com/pathology-hub-0/source_videos/YT_Cyto_Pancreas_Reid.mp4#t=1621.02,1750.02",semantic_gated_v0_2,0.6462,"A PDAC metastatic to the lung formed 3D cell clusters with curbiform architecture and foamy gland features. The tumor cells showed loss of SMAD4 (DPC4), evidenced by negative nuclei while the internal positive control showed nuclear labeling. Another PDAC case involved the common bile duct, presenting as a large duct type with large ducts infiltrating the wall. To differentiate malignant from benign glands, the S100P"
YT_Cyto_Pancreas_Reid,YT Cyto Pancreas Reid,Cyto_Pancreatobiliary::Malignant::Ductal::Pancreatic_Ductal_Adenocarcinoma_Osteoclast_Giant_Cells,Pancreatic Ductal Adenocarcinoma Osteoclast Giant Cells,Pancreatic_Ductal_Adenocarcinoma_Osteoclast_Giant_Cells,695.14,804.38,11:35,13:24,109.24,"https://storage.googleapis.com/pathology-hub-0/source_videos/YT_Cyto_Pancreas_Reid.mp4#t=695.14,804.38",semantic_gated_v0_2,0.6366,"This image shows an abnormally large sheet of cells. In cytology, flat sheets usually indicate benign conditions. However, the excessive size of this sheet is a key indicator of malignancy, suggesting a super large duct. You can observe crowding of the cells in certain areas, and closer inspection reveals slightly larger cells, indicating some degree of pleomorphism. These features confirm this as a large duct varian"
YT_Cyto_Pancreas_Reid,YT Cyto Pancreas Reid,Cyto_Pancreatobiliary::Malignant::Ductal::Pancreatic_Ductal_Adenocarcinoma_Osteoclast_Giant_Cells,Pancreatic Ductal Adenocarcinoma Osteoclast Giant Cells,Pancreatic_Ductal_Adenocarcinoma_Osteoclast_Giant_Cells,1004.94,1138.78,16:45,18:59,133.84,"https://storage.googleapis.com/pathology-hub-0/source_videos/YT_Cyto_Pancreas_Reid.mp4#t=1004.94,1138.78",semantic_gated_v0_2,0.7492,"So the undifferentiated carcinoma with osteoclast-like giant cells, some people call it osteoclastic giant cell carcinoma, is a very rare form of pancreatic cancer. These often have an adenocarcinoma component, which can be variable in amount; it can be very small and focal, or it can be the predominant component, but usually there is an adenocarcinoma component in almost half of these cases. These tumors interesting"
YT_Cyto_Pancreas_Reid,YT Cyto Pancreas Reid,Cyto_Pancreatobiliary::Malignant::Ductal::Pancreatic_Ductal_Adenocarcinoma_Undifferentiated_Anaplastic,Pancreatic Ductal Adenocarcinoma Undifferentiated Anaplastic,Pancreatic_Ductal_Adenocarcinoma_Undifferentiated_Anaplastic,0.0,138.1,0:00,2:18,138.1,"https://storage.googleapis.com/pathology-hub-0/source_videos/YT_Cyto_Pancreas_Reid.mp4#t=0,138.1",semantic_gated_v0_2,0.7069,"well differentiated neuroendocrine tumors, as well as the positive for malignant cells category, which includes your adenocarcinomas, acinar cell carcinoma, neuroendocrine carcinoma. Pancreatic Ductal Adenocarcinoma, or PDAC, accounts for more than 80% of solid pancreatic masses. The majority of these tumors, 60-70%, occur in the pancreatic head, though they can be seen anywhere in the pancreas. The mean size is abou"
YT_Cyto_Pancreas_Reid,YT Cyto Pancreas Reid,Cyto_Pancreatobiliary::Malignant::Ductal::Pancreatic_Ductal_Adenocarcinoma_Undifferentiated_Anaplastic,Pancreatic Ductal Adenocarcinoma Undifferentiated Anaplastic,Pancreatic_Ductal_Adenocarcinoma_Undifferentiated_Anaplastic,1376.78,1467.7,22:57,24:28,90.92,"https://storage.googleapis.com/pathology-hub-0/source_videos/YT_Cyto_Pancreas_Reid.mp4#t=1376.78,1467.7",semantic_gated_v0_2,0.6232,"Chronic pancreatitis can often present as a mass in the pancreatic head, and distinguishing it on imaging from carcinoma can be very hard. If you see the smears and you observe the characteristic fat necrosis, debris, and inflammatory cells, this can help to favor the diagnosis. However, sometimes the most troubling area is distinguishing reactive ductal cells from a well-differentiated adenocarcinoma. This image on "
YT_Cyto_Pancreas_Reid,YT Cyto Pancreas Reid,Cyto_Pancreatobiliary::Malignant::Solid_Pseudopapillary_Neoplasm,Solid Pseudopapillary Neoplasm,Solid_Pseudopapillary_Neoplasm,2968.14,3095.82,49:28,51:36,127.68,"https://storage.googleapis.com/pathology-hub-0/source_videos/YT_Cyto_Pancreas_Reid.mp4#t=2968.14,3095.82",semantic_gated_v0_2,0.7086,"These are stroma-poor neoplasms. Notice the back-to-back arrangement of the tumor cells and the lack of intervening stroma, unlike your PDAC. They're typically very large, circumscribed tumors, often metastatic when they're diagnosed. They have these red granules in the cytoplasm that are nicely highlighted on Pap in this particular image. The nuclei have smooth contours, unfortunately, but they can be regular. They "
YT_Cyto_Pancreas_Reid,YT Cyto Pancreas Reid,Cyto_Pancreatobiliary::Malignant::Solid_Pseudopapillary::Solid_Pseudopapillary_Neoplasm_SPN,Solid Pseudopapillary Neoplasm SPN,Solid_Pseudopapillary_Neoplasm_SPN,2363.58,2454.46,39:24,40:54,90.88,"https://storage.googleapis.com/pathology-hub-0/source_videos/YT_Cyto_Pancreas_Reid.mp4#t=2363.58,2454.46",semantic_gated_v0_2,0.6579,"They have abundant eosinophilic, pink cytoplasmic granules which displace the nuclei. With nuclear displacement, it can be hard to appreciate the salt and pepper chromatin. Here, you can see some of these rhabdoid proteinaceous globules in the cytoplasm of this particular example. You don't want to misdiagnose these as a rhabdomyosarcoma. They can be very papillary or pseudo-papillary. In their outline, and when you "
YT_Cyto_Paris_Bubendorf,YT Cyto Paris Bubendorf,Cyto_Management::Ancillary_Testing::Fluorescence_In_Situ_Hybridization_FISH,Fluorescence In Situ Hybridization FISH,Fluorescence_In_Situ_Hybridization_FISH,2562.8,2682.8,42:43,44:43,120.0,"https://storage.googleapis.com/pathology-hub-0/source_videos/YT_Cyto_Paris_Bubendorf.mp4#t=2562.8,2682.8",semantic_gated_v0_2,0.6059,"Now, for the time being, it's this Fluorescent In Situ Hybridization, your UroVysion FISH, the one that can be used and where a lot of literature is around. I don't want to make experts out of you in FISH, because some of you might already have some experience, at least theoretical. It's not so difficult. We are looking at three different chromosomes: chromosome 3, 7, and 17, labeled in different colors, and one locu"
YT_Cyto_Paris_Bubendorf,YT Cyto Paris Bubendorf,Cyto_Management::Ancillary_Testing::Fluorescence_In_Situ_Hybridization_FISH,Fluorescence In Situ Hybridization FISH,Fluorescence_In_Situ_Hybridization_FISH,2682.8,2813.8,44:43,46:54,131.0,"https://storage.googleapis.com/pathology-hub-0/source_videos/YT_Cyto_Paris_Bubendorf.mp4#t=2682.8,2813.8",semantic_gated_v0_2,0.6284,"Another important aspect of FISH testing in urinary cytology is that you want to look at specific cells or cell groups of interest, and not just take a specimen and go randomly over it. It's much more rewarding with automatic relocation using an automated stage. First, you relocate your cells, identify and save the coordinates of the cells, process the sample for FISH, and then go back to those very same cells. This "
YT_Cyto_Paris_Bubendorf,YT Cyto Paris Bubendorf,Cyto_Urinary::Category::Atypical_Urothelial_Cells_AUC,Atypical Urothelial Cells AUC,Atypical_Urothelial_Cells_AUC,1949.8,2059.8,32:30,34:20,110.0,"https://storage.googleapis.com/pathology-hub-0/source_videos/YT_Cyto_Paris_Bubendorf.mp4#t=1949.8,2059.8",semantic_gated_v0_2,0.8049,"This is the atypical urothelial cells (AUC) category. Here, we need one major criterion that must be fulfilled: an increased N/C ratio. In this case, we don't need 0.7 but 0.5, so we are more liberal in calling it AUC. However, that's not enough; you need something else. You need only one of the other three criteria, such as mild nuclear hyperchromasia (not very strong, of course, then it would be suspicious of high "
YT_Cyto_Paris_Bubendorf,YT Cyto Paris Bubendorf,Cyto_Urinary::Category::Atypical_Urothelial_Cells_AUC,Atypical Urothelial Cells AUC,Atypical_Urothelial_Cells_AUC,2059.8,2177.8,34:20,36:18,118.0,"https://storage.googleapis.com/pathology-hub-0/source_videos/YT_Cyto_Paris_Bubendorf.mp4#t=2059.8,2177.8",semantic_gated_v0_2,0.6183,"Umbrella cells are adjacent to those atypical cells. In both groups, you see an increased nuclear-to-cytoplasmic ratio and at least irregularities of the nuclear membrane. And that justifies already. You see, the one on the left proved to be negative in follow-up and histology, and the one on the right proved to be from high-grade urothelial carcinoma. Now, there have been several studies since the TPS handbook, and "
YT_Cyto_Paris_Bubendorf,YT Cyto Paris Bubendorf,Cyto_Urinary::Specimen_Type::Catheterized_Urine,Catheterized Urine,Catheterized_Urine,117.8,251.8,1:58,4:12,134.0,"https://storage.googleapis.com/pathology-hub-0/source_videos/YT_Cyto_Paris_Bubendorf.mp4#t=117.8,251.8",semantic_gated_v0_2,0.7105,"Urinary cytology is not new, having been described 77 years ago as a useful tool to potentially detect neoplastic cells in urine. This discovery was made by George Papanicolaou, who published his findings in a very prestigious journal. Much has happened since then. The indications for urinary cytology as we do it is usually hematuria (voided urine). If a person has hematuria, cytology of the urine is the first thing "
YT_Cyto_Paris_Bubendorf,YT Cyto Paris Bubendorf,Cyto_Urinary::Pattern::Degenerated_Atypical_Cells,Degenerated Atypical Cells,Degenerated_Atypical_Cells,1107.8,1203.8,18:28,20:04,96.0,"https://storage.googleapis.com/pathology-hub-0/source_videos/YT_Cyto_Paris_Bubendorf.mp4#t=1107.8,1203.8",semantic_gated_v0_2,0.7081,"Degenerative atypia is a field that requires further attention because we might tend to overcall them as atypical, suspicious, or even high grade. The rule is: when you look at degenerate cells, be very cautious about making a positive diagnosis. For example, in these cases, the two on the left were diagnosed by us. We recognize they are atypical, but we are not confident about just calling them negative. We call the"
YT_Cyto_Paris_Bubendorf,YT Cyto Paris Bubendorf,Cyto_Urinary::Category::High_Grade_Urothelial_Carcinoma_HGUC,High Grade Urothelial Carcinoma HGUC,High_Grade_Urothelial_Carcinoma_HGUC,826.8,930.8,13:47,15:31,104.0,"https://storage.googleapis.com/pathology-hub-0/source_videos/YT_Cyto_Paris_Bubendorf.mp4#t=826.8,930.8",semantic_gated_v0_2,0.7707,"The second edition, 'TPS in a nutshell,' provides a nice summary of all the diagnostic criteria for urothelial carcinoma categories. It also shows the frequency, according to literature, and the Risk of High Grade Malignancy (ROHM) for each category. For example, atypical cells occur in 5-50% of specimens, with a ROHM between 25-50%. These ranges are quite large, but are expected to become more stringent and narrow i"
YT_Cyto_Paris_Bubendorf,YT Cyto Paris Bubendorf,Cyto_Urinary::Category::Low_Grade_Urothelial_Neoplasm_LGUN,Low Grade Urothelial Neoplasm LGUN,Low_Grade_Urothelial_Neoplasm_LGUN,1763.8,1899.8,29:24,31:40,136.0,"https://storage.googleapis.com/pathology-hub-0/source_videos/YT_Cyto_Paris_Bubendorf.mp4#t=1763.8,1899.8",semantic_gated_v0_2,0.8221,"Low-grade urothelial neoplasia (LGUN) was a category in the TPS1 system, but it is no longer a distinct category in TPS2. It has been incorporated into the 'Negative for High-Grade Urothelial Carcinoma (NHGUC)' category. This is because LGUN is by definition negative for high-grade features, a point everyone agrees on. Nevertheless, we can still make a descriptive diagnosis of LGUN in the text if a case clearly demon"
YT_Cyto_Paris_Bubendorf,YT Cyto Paris Bubendorf,Cyto_Urinary::Infectious::Viral::Polyomavirus_Decoy_Cells,Polyomavirus Decoy Cells,Polyomavirus_Decoy_Cells,1304.8,1439.8,21:45,24:00,135.0,"https://storage.googleapis.com/pathology-hub-0/source_videos/YT_Cyto_Paris_Bubendorf.mp4#t=1304.8,1439.8",semantic_gated_v0_2,0.677,"Some words about the decoy cells. They have first been described over 50 years ago in the biotech mission in Dr. Leopold Cossus' lab by Andrew Richie. He recognized that these decoy cells can be mistaken for carcinoma. He mistook them himself, and I'm sure many of you have had similar thoughts when they looked at these cells for the first time. In fact, it's just a nucleus filled with viral DNA, and this causes these"
YT_Cyto_Paris_Bubendorf,YT Cyto Paris Bubendorf,Cyto_Urinary::Category::Suspicious_For_High_Grade_Urothelial_Carcinoma_SHGUC,Suspicious For High Grade Urothelial Carcinoma SHGUC,Suspicious_For_High_Grade_Urothelial_Carcinoma_SHGUC,1635.8,1763.8,27:16,29:24,128.0,"https://storage.googleapis.com/pathology-hub-0/source_videos/YT_Cyto_Paris_Bubendorf.mp4#t=1635.8,1763.8",semantic_gated_v0_2,0.7921,"If we believe a case is high-grade urothelial carcinoma but are not completely sure, we call it suspicious of high-grade urothelial carcinoma (SHGUC). For this diagnosis, an N/C ratio of at least 0.7 is required, but not all of the other criteria are fully met. For example, if there's hyperchromasia and irregular chromatin but normal nuclear membranes, then calling it suspicious is more comfortable. Additionally, SHG"
YT_Cyto_Paris_Bubendorf,YT Cyto Paris Bubendorf,Cyto_Urinary::Category::Suspicious_For_High_Grade_Urothelial_Carcinoma_SHGUC,Suspicious For High Grade Urothelial Carcinoma SHGUC,Suspicious_For_High_Grade_Urothelial_Carcinoma_SHGUC,3051.36,3144.36,50:51,52:24,93.0,"https://storage.googleapis.com/pathology-hub-0/source_videos/YT_Cyto_Paris_Bubendorf.mp4#t=3051.36,3144.36",semantic_gated_v0_2,0.6712,"The patient had BCG, and now there was some new evidence. I don't know where they saw something or if it was just a regular control. Anyway, you look at those cells and the N:C ratio is increased. You have irregular chromatin, the membrane is a little bit thickened, but the N:C ratio is admittedly clearly below 0.7. We call this suspicious for high-grade urothelial carcinoma. You might also call it an atypical urothe"
YT_Cyto_Peds_Barroca,YT Cyto Peds Barroca,Cyto_Heme::Malignant::Metastatic::Small_Round_Blue_Cell_Tumor_Neuroblastoma,Small Round Blue Cell Tumor Neuroblastoma,Small_Round_Blue_Cell_Tumor_Neuroblastoma,1129.18,1268.5,18:49,21:08,139.32,"https://storage.googleapis.com/pathology-hub-0/source_videos/YT_Cyto_Peds_Barroca.mp4#t=1129.18,1268.5",semantic_gated_v0_2,0.7028,"Mesoplastic, Round Cell, Tumor, Abdominal, Sarcoma, Lymphoma and other blastomas. There are some kind of tumors that even though they are not considered small round cell tumors, they have a fragile cytoplasm. And so in our smears, we only see in most situations naked nuclei and they can be confounded with small round cell tumors like Rhabdoid tumors and clear cell sarcomas. Wilms' tumor also is considered small round"
YT_Cyto_Peds_Barroca,YT Cyto Peds Barroca,Cyto_Kidney::Malignant::Pediatric::Wilms_Tumor_Nephroblastoma,Wilms Tumor Nephroblastoma,Wilms_Tumor_Nephroblastoma,1499.5,1563.74,25:00,26:04,64.24,"https://storage.googleapis.com/pathology-hub-0/source_videos/YT_Cyto_Peds_Barroca.mp4#t=1499.5,1563.74",semantic_gated_v0_2,0.6912,"Let's now move on to renal tumors. Wilms tumor is probably the most frequent renal tumor, as you can see in this image. Renal tumors constitute about 7% of all childhood tumors. This is a classical histological pattern of a Wilms tumor. It is composed of three components: the stroma that you can see here, sheets of immature epithelial cells that can be in sheets or small ductules, and a lot of small round cells here "
YT_Cyto_Peds_Barroca,YT Cyto Peds Barroca,Cyto_Kidney::Malignant::Pediatric::Wilms_Tumor_Nephroblastoma,Wilms Tumor Nephroblastoma,Wilms_Tumor_Nephroblastoma,1852.26,1968.66,30:52,32:49,116.4,"https://storage.googleapis.com/pathology-hub-0/source_videos/YT_Cyto_Peds_Barroca.mp4#t=1852.26,1968.66",semantic_gated_v0_2,0.6531,"However, in the under three months of age, 70% of the kidney tumors are mesoblastic nephroma, as well as clear cell sarcoma. The cytological pattern resembles the mesenchyme. But immunostains will help us in the differential diagnosis. In the first case, we have a specific translocation that is shared also with infantile fibrosarcoma, and will permit us to perform a special immunostain, Pan-NTRK, that is positive. CD"
YT_Cyto_Peds_Barroca,YT Cyto Peds Barroca,Cyto_Soft_Tissue::Malignant::Round_Cell::Ewing_Sarcoma,Ewing Sarcoma,Ewing_Sarcoma,1396.54,1499.5,23:17,25:00,102.96,"https://storage.googleapis.com/pathology-hub-0/source_videos/YT_Cyto_Peds_Barroca.mp4#t=1396.54,1499.5",semantic_gated_v0_2,0.6811,"Molecular alterations are also characterizing specific types of malignant small round cell tumors like Ewing, Desmoplastic, Alveolar rhabdomyosarcoma, and others. I'd like once again to remind you of the importance of sample optimization to perform all these techniques. Let's look at the case study. This is a six-year-old boy. This is a quite recent case in our department. He presented with a huge mass on his left ba"
YT_Cyto_Peds_Barroca,YT Cyto Peds Barroca,Cyto_Thoracic::Malignant::Other::Primary_Germ_Cell_Tumours_Mediastinum,Primary Germ Cell Tumours Mediastinum,Primary_Germ_Cell_Tumours_Mediastinum,2082.74,2184.98,34:43,36:25,102.24,"https://storage.googleapis.com/pathology-hub-0/source_videos/YT_Cyto_Peds_Barroca.mp4#t=2082.74,2184.98",semantic_gated_v0_2,0.6156,"Germ cell tumours account for about 3% of childhood and adolescent cancer and represent 13.9% of all childhood cancers. However, in adolescents between 15 and 19 years old, this type of cancer can be much more frequent. There is a bimodal distribution peak, one between birth and four years old and one between 15 and 20 years of age. These tumours originate from germ cells and they represent a variant of the germ cell"
YT_Cyto_Salivary_Chen,YT Cyto Salivary Chen,Cyto_Salivary::NonNeoplastic::Reactive::Intraparotid_Lymph_Node,Intraparotid Lymph Node,Intraparotid_Lymph_Node,2245.24,2364.24,37:25,39:24,119.0,"https://storage.googleapis.com/pathology-hub-0/source_videos/YT_Cyto_Salivary_Chen.mp4#t=2245.24,2364.24",semantic_gated_v0_2,0.687,"So, intraparotid lymph node is very common. But you cannot be sure every lymph node is a benign lymph node, especially by cytology alone, you cannot precisely differentiate it from low-grade B-cell lymphoma. So, if you only get the biopsy, and this biopsy is very cellular with heterogeneous mixed mature lymphocytes, and the background has a lot of lympho-aggregations, tingible body macrophages, and a lot of fragments"
YT_Cyto_Salivary_Faquin,YT Cyto Salivary Faquin,Cyto_Management::Technique::Endoscopic_Ultrasound_Guided_Fine_Needle_Aspiration_EUS_FNA,Endoscopic Ultrasound Guided Fine Needle Aspiration EUS FNA,Endoscopic_Ultrasound_Guided_Fine_Needle_Aspiration_EUS_FNA,399.0,502.0,6:39,8:22,103.0,"https://storage.googleapis.com/pathology-hub-0/source_videos/YT_Cyto_Salivary_Faquin.mp4#t=399,502",semantic_gated_v0_2,0.5329,"I've mentioned core biopsy because I don't really want to disparage it. I do think FNA is a very important tool, and we should be using it. We use FNAs at my hospital, and I think at most institutions around the United States and many in other parts of the world, for the major salivary gland lesions. We use core biopsies more often for the minor salivary gland lesions that maybe are a little more difficult to access "
YT_Cyto_Salivary_Faquin,YT Cyto Salivary Faquin,Cyto_Salivary::Category::Salivary_Gland_Neoplasm_Uncertain_Malignant_Potential_SUMP,Salivary Gland Neoplasm Uncertain Malignant Potential SUMP,Salivary_Gland_Neoplasm_Uncertain_Malignant_Potential_SUMP,1823.0,1939.0,30:23,32:19,116.0,"https://storage.googleapis.com/pathology-hub-0/source_videos/YT_Cyto_Salivary_Faquin.mp4#t=1823,1939",semantic_gated_v0_2,0.6752,"So, the neoplasm benign category is reserved for those lesions that we recognize as a neoplasm and we also recognize them as a classic benign entity, including classic pleomorphic adenoma. And here's a classic Warthin's tumor. Here's a Warthin's tumor down here with these sheets of oncocytes in a background of dirty material and lymphocytes. Other things like lipomas and schwannomas would also fall into this classic "
YT_Cyto_Serous_Chandra,YT Cyto Serous Chandra,Cyto_Fluids::Benign_Reactive::Mesothelial::Reactive_Mesothelial_Proliferation,Reactive Mesothelial Proliferation,Reactive_Mesothelial_Proliferation,2223.12,2317.12,37:03,38:37,94.0,"https://storage.googleapis.com/pathology-hub-0/source_videos/YT_Cyto_Serous_Chandra.mp4#t=2223.12,2317.12",semantic_gated_v0_2,0.617,"So, what might some sample reports for mesothelial proliferations look like? Obviously, reports will start off with comments on the quality and adequacy of the specimen and evaluation, confirming it's satisfactory for evaluation. Then, you will describe the findings. These might include features suspicious for mesothelioma, such as spherical cell groups or nuclear pleomorphism. Immunostains are crucial for confirmati"
YT_Cyto_Serous_Chandra,YT Cyto Serous Chandra,Cyto_Management::Ancillary_Testing::Immunocytochemistry_IHC,Immunocytochemistry IHC,Immunocytochemistry_IHC,1511.12,1628.12,25:11,27:08,117.0,"https://storage.googleapis.com/pathology-hub-0/source_videos/YT_Cyto_Serous_Chandra.mp4#t=1511.12,1628.12",semantic_gated_v0_2,0.5417,"In this case, when you are getting the immunohistochemistry report to 48 times, that then will upgrade the official category, the malignancy secondary category, and then also specifying that it is from 50-50 minutes that it's non-darkly or low. So, although it's not essential that you have to see what your primary site is, your immunostain should at least confirm the epithelial nature of the cell, or if you make a st"
YT_Cyto_Thyroid_Bongiovanni,YT Cyto Thyroid Bongiovanni,Cyto_Management::Ancillary_Testing::Molecular_Sequencing_BRAF_KRAS_etc,Molecular Sequencing BRAF KRAS etc,Molecular_Sequencing_BRAF_KRAS_etc,1677.0,1812.0,27:57,30:12,135.0,"https://storage.googleapis.com/pathology-hub-0/source_videos/YT_Cyto_Thyroid_Bongiovanni.mp4#t=1677,1812",semantic_gated_v0_2,0.5218,"Do we need RET/PTC? It seems to be specific for PTC, but we have seen rare cases of Hashimoto thyroiditis, Hürthle cell adenomas, or Hürthle cell carcinomas that are positive. I've had to manage these results in my population. And if you move to follicular thyroid carcinoma, unfortunately, the RET/PTC mutation is not so prevalent, only up to 40-50% of cases, and a little bit less for the PAX8/PPARγ rearrangement. So,"
YT_Cyto_Thyroid_Bongiovanni,YT Cyto Thyroid Bongiovanni,Cyto_Management::Ancillary_Testing::Molecular_Sequencing_BRAF_KRAS_etc,Molecular Sequencing BRAF KRAS etc,Molecular_Sequencing_BRAF_KRAS_etc,1813.0,1930.0,30:13,32:10,117.0,"https://storage.googleapis.com/pathology-hub-0/source_videos/YT_Cyto_Thyroid_Bongiovanni.mp4#t=1813,1930",semantic_gated_v0_2,0.5924,"And then, if we have this kind of material, how can we perform molecular analysis? We need DNA for BRAF and RAS point mutations, and we need RNA for translocations, so we can perform FISH or RT-PCR. This approach, using a single or a limited panel of genes, is preferred in Europe and Eastern countries. While specific tests might be possible, their cost likely limits broader adoption. Consequently, this approach is co"
YT_Cyto_Thyroid_Bongiovanni,YT Cyto Thyroid Bongiovanni,Cyto_Management::Ancillary_Testing::Molecular_Sequencing_BRAF_KRAS_etc,Molecular Sequencing BRAF KRAS etc,Molecular_Sequencing_BRAF_KRAS_etc,1931.0,2033.0,32:11,33:53,102.0,"https://storage.googleapis.com/pathology-hub-0/source_videos/YT_Cyto_Thyroid_Bongiovanni.mp4#t=1931,2033",semantic_gated_v0_2,0.5755,"You can also see that the genetic data that I used involved laser capture microdissection. It's time-consuming and costs a lot. You can check the target population on the microscope and be sure that you are analyzing and have a good enrichment of tumor cells, but again, it's not cost-effective. Do you perform molecular tests routinely on fine needle aspirations, or do you have to choose particular cases? For example,"
YT_Cyto_Thyroid_Bongiovanni,YT Cyto Thyroid Bongiovanni,Cyto_Management::Ancillary_Testing::Molecular_Sequencing_BRAF_KRAS_etc,Molecular Sequencing BRAF KRAS etc,Molecular_Sequencing_BRAF_KRAS_etc,2161.0,2287.0,36:01,38:07,126.0,"https://storage.googleapis.com/pathology-hub-0/source_videos/YT_Cyto_Thyroid_Bongiovanni.mp4#t=2161,2287",semantic_gated_v0_2,0.5913,"Do we need a molecular test in the suspicious malignancy (SM) category? If you have a very high malignancy risk in your institution, then you don't need a molecular test. However, if your malignancy risk is around 50-70%, you can decide to perform a molecular test to avoid a frozen section, especially if the hospital is far from your lab or if you serve multiple hospitals. You can also perform molecular testing to av"
YT_Cyto_Thyroid_Bongiovanni,YT Cyto Thyroid Bongiovanni,Cyto_Management::Ancillary_Testing::Molecular_Sequencing_BRAF_KRAS_etc,Molecular Sequencing BRAF KRAS etc,Molecular_Sequencing_BRAF_KRAS_etc,2287.0,2412.0,38:07,40:12,125.0,"https://storage.googleapis.com/pathology-hub-0/source_videos/YT_Cyto_Thyroid_Bongiovanni.mp4#t=2287,2412",semantic_gated_v0_2,0.6047,"When we have another approach to molecular testing that is used in the USA, it's the large panel, NGS-based molecular analysis. These are proprietary systems. In this case, what you have to do is perform fine needle aspiration, put the material in a tube, send your tube by mail, and then you will get your report by mail. 7 to 10 days. Well, there are different companies that are selling different tests with different"
YT_Cyto_Thyroid_Bongiovanni,YT Cyto Thyroid Bongiovanni,Cyto_Management::Ancillary_Testing::Molecular_Sequencing_BRAF_KRAS_etc,Molecular Sequencing BRAF KRAS etc,Molecular_Sequencing_BRAF_KRAS_etc,2850.0,2977.0,47:30,49:37,127.0,"https://storage.googleapis.com/pathology-hub-0/source_videos/YT_Cyto_Thyroid_Bongiovanni.mp4#t=2850,2977",semantic_gated_v0_2,0.5213,"Before selecting a test, you should consider the prevalence of mutations in the tumor population. You can use a small gene panel test that covers 65-70% of alterations, which offers decent specificity and sensitivity. Alternatively, a large multi-panel (NGS) test can be used, providing 90% coverage with good specificity and sensitivity. Patients can also be stratified according to their molecular alterations, identif"
YT_Cyto_Thyroid_Bongiovanni,YT Cyto Thyroid Bongiovanni,Cyto_Thyroid::Category::Benign_Follicular_Nodule,Benign Follicular Nodule,Benign_Follicular_Nodule,682.0,752.0,11:22,12:32,70.0,"https://storage.googleapis.com/pathology-hub-0/source_videos/YT_Cyto_Thyroid_Bongiovanni.mp4#t=682,752",semantic_gated_v0_2,0.7315,"For the Benign (B9) category, nothing has changed. The basis for this category is the presence of macrofollicles. Here is a histological specimen clearly showing the nodule, composed mostly of macrofollicles and normal follicles, with compressed normal thyroid tissue. Cytologically, you can also diagnose a B9 nodule, observing nice macrofollicular structures and normal follicular structures. If you adjust the microsc"
YT_Cyto_Thyroid_Bongiovanni,YT Cyto Thyroid Bongiovanni,Cyto_Thyroid::Category::Follicular_Neoplasm_Suspicious_FN_SFN,Follicular Neoplasm Suspicious FN SFN,Follicular_Neoplasm_Suspicious_FN_SFN,2033.0,2161.0,33:53,36:01,128.0,"https://storage.googleapis.com/pathology-hub-0/source_videos/YT_Cyto_Thyroid_Bongiovanni.mp4#t=2033,2161",semantic_gated_v0_2,0.6075,"For the follicular neoplasm, especially for a follicular neoplasm category, should I do a reflex test in all cases or in selected cases? Here, you have more material because specimens are usually cellular, if or not you put it in the 'house flat diagnosis'. And then also, if your diagnosis is pure, that you are limited to put the cases in this category, cases that are predominant of microfollicular micro follicles. T"
YT_Cyto_Thyroid_Bongiovanni,YT Cyto Thyroid Bongiovanni,Cyto_Thyroid::Intermediate::Noninvasive_Follicular_Thyroid_Neoplasm_NIFTP,Noninvasive Follicular Thyroid Neoplasm NIFTP,Noninvasive_Follicular_Thyroid_Neoplasm_NIFTP,573.0,682.0,9:33,11:22,109.0,"https://storage.googleapis.com/pathology-hub-0/source_videos/YT_Cyto_Thyroid_Bongiovanni.mp4#t=573,682",semantic_gated_v0_2,0.6858,"For example, for Benign, if you have a significant lymphocytic infiltration that can suggest a Hashimoto's type of thyroiditis, this is important because it allows for clinicopathological correlation. And also, in the Malignant category, you can specify what kind of malignancy you have. So, you can add notes and recommendations in your diagnosis, especially concerning the possibility of NIFTP. While NIFTP is not a cy"
YT_Cyto_Thyroid_Bongiovanni,YT Cyto Thyroid Bongiovanni,Cyto_Thyroid::Intermediate::Noninvasive_Follicular_Thyroid_Neoplasm_NIFTP,Noninvasive Follicular Thyroid Neoplasm NIFTP,Noninvasive_Follicular_Thyroid_Neoplasm_NIFTP,1074.0,1180.0,17:54,19:40,106.0,"https://storage.googleapis.com/pathology-hub-0/source_videos/YT_Cyto_Thyroid_Bongiovanni.mp4#t=1074,1180",semantic_gated_v0_2,0.7451,"And you can also see here how different they can present: sometimes with colloid, sometimes with no colloid, sometimes they can also be isolated. And you have here, for example, something that is considered as a normal follicular structure. But what is the problem with this? In this category, you can now also have slight nuclear atypia. This is because features like increased nuclear size, nuclear contour irregularit"
YT_Cyto_Thyroid_Nishino,YT Cyto Thyroid Nishino,Cyto_Management::Ancillary_Testing::Molecular_Sequencing_BRAF_KRAS_etc,Molecular Sequencing BRAF KRAS etc,Molecular_Sequencing_BRAF_KRAS_etc,1883.76,1984.56,31:24,33:05,100.8,"https://storage.googleapis.com/pathology-hub-0/source_videos/YT_Cyto_Thyroid_Nishino.mp4#t=1883.76,1984.56",semantic_gated_v0_2,0.5821,"Single gene testing for the BRAF V600E mutation. Single gene testing for BRAF V600E has a high specificity and high positive predictive value for papillary carcinoma, but it's limited by a low negative predictive value because the absence of this mutation does not rule out malignancy. Now over the years, the breadth of molecular testing panels has increased from a 7-gene panel that covers the most commonly mutated an"
YT_Cyto_Thyroid_Nishino,YT Cyto Thyroid Nishino,Cyto_Management::Ancillary_Testing::Molecular_Sequencing_BRAF_KRAS_etc,Molecular Sequencing BRAF KRAS etc,Molecular_Sequencing_BRAF_KRAS_etc,1984.56,2115.04,33:05,35:15,130.48,"https://storage.googleapis.com/pathology-hub-0/source_videos/YT_Cyto_Thyroid_Nishino.mp4#t=1984.56,2115.04",semantic_gated_v0_2,0.5055,"In the United States, there's a relatively low tolerance for uncertainty. Historically, both patients and treating clinicians have tended to favor diagnostic surgery to help deal with cytologically or clinically indeterminate nodules. So in this sort of paradigm, if we're trying to move towards a more conservative management approach, molecular testing with a high negative predictive value, such as these large comple"
YT_Cyto_Thyroid_Nishino,YT Cyto Thyroid Nishino,Cyto_Management::Ancillary_Testing::Molecular_Sequencing_BRAF_KRAS_etc,Molecular Sequencing BRAF KRAS etc,Molecular_Sequencing_BRAF_KRAS_etc,2115.04,2241.04,35:15,37:21,126.0,"https://storage.googleapis.com/pathology-hub-0/source_videos/YT_Cyto_Thyroid_Nishino.mp4#t=2115.04,2241.04",semantic_gated_v0_2,0.611,"This involves associations between a tumor's molecular profile and its phenotype, which includes tumor prognosis, referring to the risk of structural disease recurrence. Distant metastasis and cancer-related death, which molecular tests can inform to some degree. In general, tumors with an isolated RAS or RAS-like alteration have a better prognosis compared to those with isolated BRAF V600E mutations, or these other "
YT_Cyto_Thyroid_Nishino,YT Cyto Thyroid Nishino,Cyto_Management::Ancillary_Testing::Molecular_Sequencing_BRAF_KRAS_etc,Molecular Sequencing BRAF KRAS etc,Molecular_Sequencing_BRAF_KRAS_etc,2472.08,2597.04,41:12,43:17,124.96,"https://storage.googleapis.com/pathology-hub-0/source_videos/YT_Cyto_Thyroid_Nishino.mp4#t=2472.08,2597.04",semantic_gated_v0_2,0.5434,"Molecular testing is primarily intended for the detection of somatic alterations in tumor cells. However, these tests may incidentally identify germline mutations suggestive of hereditary cancer syndromes, including those listed here. Although not the main purpose of thyroid FNA molecular testing, awareness of the genotypes and clinical phenotypes of these syndromes can prompt genetic counseling, further evaluation f"
YT_Cyto_Thyroid_Nishino,YT Cyto Thyroid Nishino,Cyto_Thyroid::Category::Atypia_Undetermined_Significance_AUS_FLUS,Atypia Undetermined Significance AUS FLUS,Atypia_Undetermined_Significance_AUS_FLUS,1274.24,1397.84,21:14,23:18,123.6,"https://storage.googleapis.com/pathology-hub-0/source_videos/YT_Cyto_Thyroid_Nishino.mp4#t=1274.24,1397.84",semantic_gated_v0_2,0.656,"As a side note, the first two editions of the Bethesda system suggested the term follicular lesion of undetermined significance or FLUS as an equivalent alternative name for this category. But in the third edition, the Bethesda system removed FLUS as an option, really just going all in. with the AUS terminology instead for simplicity. The main challenge with the AUS and follicular neoplasm categories has to do with w"
YT_Cyto_Thyroid_Nishino,YT Cyto Thyroid Nishino,Cyto_Thyroid::Category::Follicular_Neoplasm_Suspicious_FN_SFN,Follicular Neoplasm Suspicious FN SFN,Follicular_Neoplasm_Suspicious_FN_SFN,798.32,928.88,13:18,15:29,130.56,"https://storage.googleapis.com/pathology-hub-0/source_videos/YT_Cyto_Thyroid_Nishino.mp4#t=798.32,928.88",semantic_gated_v0_2,0.6208,"Aspirates classified as 'suspicious for malignancy' occupy a region where the degree of nuclear atypia falls short of overt papillary carcinomas. Obscuring factors like blood or preparation artifact can also limit definitive malignancy calls, which might be another reason for using this category. Aspirates in this category have an up to 75% probability of malignancy, compared to nearly 100% for those classified as ma"
YT_Cyto_Thyroid_Nishino,YT Cyto Thyroid Nishino,Cyto_Thyroid::Category::Follicular_Neoplasm_Suspicious_FN_SFN,Follicular Neoplasm Suspicious FN SFN,Follicular_Neoplasm_Suspicious_FN_SFN,2367.92,2472.08,39:28,41:12,104.16,"https://storage.googleapis.com/pathology-hub-0/source_videos/YT_Cyto_Thyroid_Nishino.mp4#t=2367.92,2472.08",semantic_gated_v0_2,0.565,"This is about recurrence for this patient. He received radioactive iodine after the total thyroidectomy, was noted to have lung nodules that were increasing in size by serial imaging, together with an increase in the serum thyroglobulin level, and biopsy of one of these lung nodules confirmed metastatic poorly differentiated thyroid cancer. Now cases like this bring up an interesting question. about whether molecular"
YT_Cyto_Thyroid_Nishino,YT Cyto Thyroid Nishino,Cyto_Thyroid::Malignant::Papillary::Papillary_Thyroid_Carcinoma_Follicular_Variant,Papillary Thyroid Carcinoma Follicular Variant,Papillary_Thyroid_Carcinoma_Follicular_Variant,1414.48,1544.16,23:34,25:44,129.68,"https://storage.googleapis.com/pathology-hub-0/source_videos/YT_Cyto_Thyroid_Nishino.mp4#t=1414.48,1544.16",semantic_gated_v0_2,0.5856,"and benign thyroid neoplasms, respectively. For instance, the BRAF V600E mutations, and these other gene fusions that are listed here, these are closely aligned with classic papillary carcinoma, as well as the tall cell subtype, infiltrative follicular variant of papillary carcinomas, and some others as well. In contrast, RAS mutations and these other RAS-like alterations here can be found in both benign and low-risk"
YT_Cyto_Thyroid_Rossi,YT Cyto Thyroid Rossi,Cyto_Thyroid::Malignant::Other::Carcinoma_Showing_Thymus_Like_Differentiation_CASTLE,Carcinoma Showing Thymus Like Differentiation CASTLE,Carcinoma_Showing_Thymus_Like_Differentiation_CASTLE,1970.0,2109.44,32:50,35:09,139.44,"https://storage.googleapis.com/pathology-hub-0/source_videos/YT_Cyto_Thyroid_Rossi.mp4#t=1970,2109.44",semantic_gated_v0_2,0.679,"Usually this is a very tricky biphasic collision, squamous and glandular, perivascular appearance, large cluster of cells, again very tricky, but also likely very rare. Keratin-positive, vimentin-positive, negativity for TTF1 type of globular calcitonin, because it can be mistaken for medullary thyroid carcinoma. With the thymic carcinoma, the whole CASTLE definition, in which we have this dirty background and some l"
YT_Cyto_Thyroid_Rossi,YT Cyto Thyroid Rossi,Cyto_Thyroid::Other::Langerhans_Cell_Histiocytosis_Thyroid,Langerhans Cell Histiocytosis Thyroid,Langerhans_Cell_Histiocytosis_Thyroid,1363.2,1468.24,22:43,24:28,105.04,"https://storage.googleapis.com/pathology-hub-0/source_videos/YT_Cyto_Thyroid_Rossi.mp4#t=1363.2,1468.24",semantic_gated_v0_2,0.6511,"We observe uniform, internally-sized lymphocytes with a small nuclear size and granular chromatin. However, the support of immunostains and flow cytometry is crucial, as it's a really tough diagnosis on cytology. Also, this is for introducing another very brave, Langerhans cell histiocytosis, in which usually we have some isolated findings. This is a representative case, which you can see the difficulty in recognizin"
YT_Cyto_Thyroid_Rossi,YT Cyto Thyroid Rossi,Cyto_Thyroid::Malignant::Other::Mucoepidermoid_Carcinoma_Sclerosing,Mucoepidermoid Carcinoma Sclerosing,Mucoepidermoid_Carcinoma_Sclerosing,1850.56,1970.0,30:51,32:50,119.44,"https://storage.googleapis.com/pathology-hub-0/source_videos/YT_Cyto_Thyroid_Rossi.mp4#t=1850.56,1970",semantic_gated_v0_2,0.6481,"Sclerosing mucoepidermoid carcinoma with eosinophilia, which is of uncertain histogenesis according to the last WHO edition. Mostly, it is associated with Hashimoto's Thyroiditis. We observe a diffuse and uniform population of these cells with a squamous appearance. Looking at the cells, you can see very regular, round, medium-sized nuclei with some prominent, centrally located nucleoli. There is positivity for TTF1 "
YT_Cyto_Thyroid_Rossi,YT Cyto Thyroid Rossi,Cyto_Thyroid::Intermediate::Noninvasive_Follicular_Thyroid_Neoplasm_NIFTP,Noninvasive Follicular Thyroid Neoplasm NIFTP,Noninvasive_Follicular_Thyroid_Neoplasm_NIFTP,2322.16,2451.04,38:42,40:51,128.88,"https://storage.googleapis.com/pathology-hub-0/source_videos/YT_Cyto_Thyroid_Rossi.mp4#t=2322.16,2451.04",semantic_gated_v0_2,0.7539,"Another important metastatic lesion is, of course, renal cell carcinoma, in which we might have these large cohesive groups, with abundant granular/vacuolated cytoplasm, large nuclei, a low nucleocytoplasmic ratio, and prominent nucleoli. And this is an example of metastatic renal cell carcinoma. Localization of a renal cell carcinoma inside a follicular adenoma, positivity for CD-10, and HRC-C negativity for Thyrogl"
YT_Cyto_Thyroid_Rossi,YT Cyto Thyroid Rossi,Cyto_Thyroid::Intermediate::Noninvasive_Follicular_Thyroid_Neoplasm_NIFTP,Noninvasive Follicular Thyroid Neoplasm NIFTP,Noninvasive_Follicular_Thyroid_Neoplasm_NIFTP,2451.04,2567.68,40:51,42:48,116.64,"https://storage.googleapis.com/pathology-hub-0/source_videos/YT_Cyto_Thyroid_Rossi.mp4#t=2451.04,2567.68",semantic_gated_v0_2,0.7358,"The molecular profiling, though explored, has been largely unsuccessful for definitive NIFTP diagnosis. RAS mutations are found in up to 60% of cases, but they are also positive in follicular adenoma and follicular carcinoma. NRAS K601E is present in 10% of the cases. PAX8::PPARG fusion is seen in 30%, but it is especially associated with oncocytic carcinoma. THADA fusion is also observed, along with others. BRAF V60"
GI_Lecture_0_Gross_Liver,GI Lecture 0 Gross Liver,GI::Liver::Inflammatory::Viral::Hepatic_EBV_CMV_HSV_Hepatitis,Hepatic EBV CMV HSV Hepatitis,Hepatic_EBV_CMV_HSV_Hepatitis,1502.72,1635.44,25:03,27:15,132.72,"https://storage.googleapis.com/pathology-hub-0/source_videos/GI_Lecture_0_Gross_Liver.mp4#t=1502.72,1635.44",semantic_gated_v0_2,0.5237,"You can see this in preservation injury if it's not in that setting, you can also think about sepsis. So one of the things that is really helpful when you are looking at a liver transplant biopsy, you'll see we always talk with the liver transplant team, and that's not just so that we can share our diagnosis; it's really so you can get a sense of the clinical concerns. There's a lot of clinical context which goes int"
GI_Lecture_0_Gross_Liver,GI Lecture 0 Gross Liver,GI::Liver::Inflammatory::Viral::Hepatic_EBV_CMV_HSV_Hepatitis,Hepatic EBV CMV HSV Hepatitis,Hepatic_EBV_CMV_HSV_Hepatitis,1635.44,1769.2,27:15,29:29,133.76,"https://storage.googleapis.com/pathology-hub-0/source_videos/GI_Lecture_0_Gross_Liver.mp4#t=1635.44,1769.2",semantic_gated_v0_2,0.5512,"formation again. Worth giving a CMD. Okay, so we've gone through the acute rejection, which includes Acute cellular rejection and acute parenchymal rejection. We've talked about some of the pitfalls there like isolated central microabscesses, plasma cell hepatitis. We've talked about chronic rejection in both ductal and vascular forms, and we've talked about CMV hepatitis as a viral infection that can be working in t"
GI_Lecture_0_Gross_Liver,GI Lecture 0 Gross Liver,GI::Liver::Inflammatory::Viral::Hepatic_EBV_CMV_HSV_Hepatitis,Hepatic EBV CMV HSV Hepatitis,Hepatic_EBV_CMV_HSV_Hepatitis,1910.8,1968.16,31:51,32:48,57.36,"https://storage.googleapis.com/pathology-hub-0/source_videos/GI_Lecture_0_Gross_Liver.mp4#t=1910.8,1968.16",semantic_gated_v0_2,0.523,"It's really not as mixed, I would say, but you do see a little bit of ductulitis, maybe some duct. Another example here. This one actually has a nodular lymphoid infiltrate, and that is unusual in acute rejection, so it argues more strongly for a viral hepatitis. Here is. Some spotting occurrences. This inner brain of the center of the field is a eosinophilic macrocytic hepatitis. Again, that is unusual in typical ac"
GI_Lecture_1_Liver1,GI Lecture 1 Liver1,GI::Stomach::Inflammatory::Gastritis::Gastric_Granulomatous_Gastritis,Gastric Granulomatous Gastritis,Gastric_Granulomatous_Gastritis,1251.42,1450.46,20:51,24:10,199.04,"https://storage.googleapis.com/pathology-hub-0/source_videos/GI_Lecture_1_Liver1.mp4#t=1251.42,1450.46",semantic_gated_v0_2,0.5244,"Here's an example of a classic necrotizing granuloma, with central liquefactive necrosis and some palisading histiocytes. This appearance is characteristic of infectious etiologies like mycobacterial or fungal infections. When seen, cat scratch disease should be considered. The areas of necrosis are very irregular in shape, referred to as geographic because they resemble a map. While typical of cat scratch disease, i"
GI_Lecture_1_Liver1,GI Lecture 1 Liver1,GI::Liver::Inflammatory::Autoimmune::Hepatic_Autoimmune_Hepatitis_Overlap_Syndromes,Hepatic Autoimmune Hepatitis Overlap Syndromes,Hepatic_Autoimmune_Hepatitis_Overlap_Syndromes,2854.7,2990.3,47:35,49:50,135.6,"https://storage.googleapis.com/pathology-hub-0/source_videos/GI_Lecture_1_Liver1.mp4#t=2854.7,2990.3",semantic_gated_v0_2,0.5122,"Whenever there is necrosis, you may observe varying degrees of regeneration as the liver attempts to heal. When the liver tries to regenerate, it forms circular arrangements of hepatocytes around dilated, liquefied canaliculi. These are referred to as rosettes and may sometimes contain bile plugs. Rosettes are generally seen in acute liver injury when the liver is trying to regenerate. While descriptions of rosettes "
GI_Lecture_1_Liver1,GI Lecture 1 Liver1,GI::Liver::Inflammatory::Viral::Hepatic_EBV_CMV_HSV_Hepatitis,Hepatic EBV CMV HSV Hepatitis,Hepatic_EBV_CMV_HSV_Hepatitis,2372.14,2467.66,39:32,41:08,95.52,"https://storage.googleapis.com/pathology-hub-0/source_videos/GI_Lecture_1_Liver1.mp4#t=2372.14,2467.66",semantic_gated_v0_2,0.5522,"Let me direct your attention here. These are liver sinusoids, and you see lymphocytes present almost in a straight file here. That's why the term sometimes used is 'string of pearls'. They are present in single files in the sinusoids. This is sinusoidal lymphocytosis, and it is most characteristically seen in EBV hepatitis, in contrast to this EBV hepatitis pattern, which is... While you might see a linear file of ly"
GI_Lecture_10_Colon,GI Lecture 10 Colon,GI::Appendix::Neoplastic::Mucinous::Appendiceal_Mucinous_Adenocarcinoma_Invasive,Appendiceal Mucinous Adenocarcinoma Invasive,Appendiceal_Mucinous_Adenocarcinoma_Invasive,2416.72,2550.4,40:17,42:30,133.68,"https://storage.googleapis.com/pathology-hub-0/source_videos/GI_Lecture_10_Colon.mp4#t=2416.72,2550.4",semantic_gated_v0_2,0.5798,"Misplaced epithelium, often resulting from mechanical forces within a polyp or biopsy artifact, can be pinched off and displaced into the stalk or deeper into the biopsy, thereby mimicking invasion. To differentiate this from true invasive carcinoma, one should assess for the presence of surrounding lamina propria, as invading cancer typically does not carry the lamina propria with it. This concept is analogous to ad"
GI_Lecture_10_Colon,GI Lecture 10 Colon,GI::Colon::Neoplastic::Adenocarcinoma::Colonic_Adenocarcinoma_Arising_In_Adenoma,Colonic Adenocarcinoma Arising In Adenoma,Colonic_Adenocarcinoma_Arising_In_Adenoma,3355.2,3489.12,55:55,58:09,133.92,"https://storage.googleapis.com/pathology-hub-0/source_videos/GI_Lecture_10_Colon.mp4#t=3355.2,3489.12",semantic_gated_v0_2,0.6604,"If it's excised. Here's a nice example where we see a background serrated lesion without any kind of dysplasia, and in continuity, mixed in with that, we have these areas of cytologic dysplasia. This particular example looks like a traditional serrated adenoma with very eosinophilic cytoplasm and very crowded nuclei without a lot of elongation or hyperchromasia, but you can also have areas of dysplasia that look just"
GI_Lecture_10_Colon,GI Lecture 10 Colon,GI::Colon::Congenital_Structural::Structural::Colonic_Solitary_Rectal_Ulcer_SyndROME_Prolapse,Colonic Solitary Rectal Ulcer SyndROME Prolapse,Colonic_Solitary_Rectal_Ulcer_SyndROME_Prolapse,872.64,987.04,14:33,16:27,114.4,"https://storage.googleapis.com/pathology-hub-0/source_videos/GI_Lecture_10_Colon.mp4#t=872.64,987.04",semantic_gated_v0_2,0.6815,"This is not a neoplastic process, but it can present to the clinician like a neoplasm on endoscopy. Patients usually present with symptoms, so this is more often seen in a colonoscopy done for symptoms rather than on screening. Patients can present with pain, bleeding, non-specific findings like diarrhea, constipation, or irritable bowel syndrome-like symptoms. Because of symptoms like bloody diarrhea, this can certa"
GI_Lecture_10_Colon,GI Lecture 10 Colon,GI::Colon::Polyp::Serrated::Colorectal_Hyperplastic_Polyp_Overview,Colorectal Hyperplastic Polyp Overview,Colorectal_Hyperplastic_Polyp_Overview,127.28,229.68,2:07,3:50,102.4,"https://storage.googleapis.com/pathology-hub-0/source_videos/GI_Lecture_10_Colon.mp4#t=127.28,229.68",semantic_gated_v0_2,0.6905,"Hyperplastic polyps are usually asymptomatic due to their small size, typically discovered during screening colonoscopies rather than from symptoms or positive stool blood tests. Most are less than 0.5 cm; if a hyperplastic-appearing polyp is greater than 1 cm, other possibilities like mucosal prolapse or sessile serrated adenoma should be considered. Histologically, these polyps are usually raised but not pedunculat"
GI_Lecture_10_Colon,GI Lecture 10 Colon,GI::Colon::Polyp::Serrated::Colorectal_Hyperplastic_Polyp_Overview,Colorectal Hyperplastic Polyp Overview,Colorectal_Hyperplastic_Polyp_Overview,229.68,332.4,3:50,5:32,102.72,"https://storage.googleapis.com/pathology-hub-0/source_videos/GI_Lecture_10_Colon.mp4#t=229.68,332.4",semantic_gated_v0_2,0.6158,"The features observed resemble a sawtooth edge. From this magnification, the nuclei are basically located, not hyperchromatic, and appear indistinct in a hyperplastic polyp. The serrations, indicative of complexity, are limited to the upper half of the mucosa, with no serrations or gland complexity, such as branching, observed at the base of the crypts. This top-heavy complexity of the glands is characteristic of a h"
GI_Lecture_10_Colon,GI Lecture 10 Colon,GI::Syndrome::Polyposis::Adenomatous::Familial_Adenomatous_Polyposis_APC,Familial Adenomatous Polyposis APC,Familial_Adenomatous_Polyposis_APC,2029.12,2160.16,33:49,36:00,131.04,"https://storage.googleapis.com/pathology-hub-0/source_videos/GI_Lecture_10_Colon.mp4#t=2029.12,2160.16",semantic_gated_v0_2,0.7036,"FAP is an inherited syndrome where individuals have a mutation in the APC gene, which is the basic driver of tubular adenomas. This is not a very common alteration, found in about 0.1% of the population worldwide, but it has a very impressive clinical presentation and incredible consequences. Individuals with classic FAP have more than 100 adenomatous polyps in the colon and essentially a 100% lifetime risk of cancer"
GI_Lecture_10_Colon,GI Lecture 10 Colon,GI::Colon::Polyp::Hamartoma::Juvenile_Polyp,Juvenile Polyp,Juvenile_Polyp,332.4,420.0,5:32,7:00,87.6,"https://storage.googleapis.com/pathology-hub-0/source_videos/GI_Lecture_10_Colon.mp4#t=332.4,420",semantic_gated_v0_2,0.7552,"Juvenile polyps are neoplastic but are not considered to have malignant potential. The key is to differentiate them from polyps that do have malignant potential. Moving on to hamartomatous polyps, the juvenile polyp is one that you'll see. Most juvenile polyps encountered are sporadic, even though there is a syndrome of juvenile polyposis. Despite the name, juvenile polyps can be seen at any age. They most often appe"
GI_Lecture_10_Colon,GI Lecture 10 Colon,GI::Colon::Polyp::Hamartoma::Juvenile_Polyp,Juvenile Polyp,Juvenile_Polyp,484.08,617.68,8:04,10:18,133.6,"https://storage.googleapis.com/pathology-hub-0/source_videos/GI_Lecture_10_Colon.mp4#t=484.08,617.68",semantic_gated_v0_2,0.724,"Juvenile polyps often present with a 'Swiss cheese' appearance due to large cysts, which can be grossly visible. In some hereditary cases, a branched architecture may be present, mimicking a Peutz-Jeghers polyp. Hamartomatous polyps, including juvenile polyps, Peutz-Jeghers polyps, and those associated with PTEN deficiency (e.g., Cowden syndrome), frequently resemble inflammatory polyps histologically. This overlap m"
GI_Lecture_10_Colon,GI Lecture 10 Colon,GI::Syndrome::Polyposis::Hamartomatous::Juvenile_Polyposis_Syndrome,Juvenile Polyposis Syndrome,Juvenile_Polyposis_Syndrome,420.0,484.08,7:00,8:04,64.08,"https://storage.googleapis.com/pathology-hub-0/source_videos/GI_Lecture_10_Colon.mp4#t=420,484.08",semantic_gated_v0_2,0.7009,"Patients with juvenile polyposis can have anywhere from five to hundreds of polyps in the colon. It is associated with an increased risk of cancer, likely arising in a pre-existing polyp, as a significant number of polyps in patients with juvenile polyposis syndrome exhibit dysplasia. In contrast, dysplasia is rare in sporadic juvenile polyps. The underlying gene defects in juvenile polyposis are either SMAD4 (also k"
GI_Lecture_10_Colon,GI Lecture 10 Colon,GI::Small_Intestine::Polyp::Hamartoma::Small_Intestinal_Peutz_Jeghers_Type_Polyp,Small Intestinal Peutz Jeghers Type Polyp,Small_Intestinal_Peutz_Jeghers_Type_Polyp,682.08,818.88,11:22,13:39,136.8,"https://storage.googleapis.com/pathology-hub-0/source_videos/GI_Lecture_10_Colon.mp4#t=682.08,818.88",semantic_gated_v0_2,0.7388,"Moving on to the Peutz-Jeghers polyp, which is more common in the small intestine. A key differentiating feature is its well-developed, thick, smooth muscle branches with arborizing architecture, unlike simple smooth muscle fibers. The baseline polyp has non-dysplastic nuclei, although secondary dysplasia can occur. Be aware of pseudoinvasion or misplaced epithelium, where epithelium appears invasive within the stalk"
GI_Lecture_11_Esophagus,GI Lecture 11 Esophagus,GI::Esophagus::Inflammatory::Esophagitis::Esophageal_Eosinophilic_Esophagitis,Esophageal Eosinophilic Esophagitis,Esophageal_Eosinophilic_Esophagitis,818.96,893.04,13:39,14:53,74.08,"https://storage.googleapis.com/pathology-hub-0/source_videos/GI_Lecture_11_Esophagus.mp4#t=818.96,893.04",semantic_gated_v0_2,0.6364,"Moving on to eosinophilic esophagitis (EoE). This is considered an allergic disorder, more common in children but also seen in adults, with symptoms varying by patient age. For example, infants may have feeding difficulties, older children nausea and vomiting, and other patients dysphagia. An important diagnostic clue is that many patients have other allergic disorders, such as food allergy, asthma, eczema, chronic r"
GI_Lecture_11_Esophagus,GI Lecture 11 Esophagus,GI::Esophagus::Inflammatory::Esophagitis::Esophageal_Eosinophilic_Esophagitis,Esophageal Eosinophilic Esophagitis,Esophageal_Eosinophilic_Esophagitis,893.04,1017.04,14:53,16:57,124.0,"https://storage.googleapis.com/pathology-hub-0/source_videos/GI_Lecture_11_Esophagus.mp4#t=893.04,1017.04",semantic_gated_v0_2,0.6614,"Eosinophilic esophagitis (EoE) is characterized by a markedly increased intraepithelial eosinophil count, usually more than 15 eosinophils per one high-power field. It is a very diffuse process involving both the proximal and distal esophagus, unlike reflux esophagitis, which is typically limited to the distal esophagus. However, it's important to note that there is no minimum number of eosinophils required for diagn"
GI_Lecture_11_Esophagus,GI Lecture 11 Esophagus,GI::Esophagus::Inflammatory::Esophagitis::Esophageal_Eosinophilic_Esophagitis,Esophageal Eosinophilic Esophagitis,Esophageal_Eosinophilic_Esophagitis,1017.04,1122.04,16:57,18:42,105.0,"https://storage.googleapis.com/pathology-hub-0/source_videos/GI_Lecture_11_Esophagus.mp4#t=1017.04,1122.04",semantic_gated_v0_2,0.6238,"The distal esophagus should show a marked increase in intraepithelial eosinophils, probably more than 15 eosinophils per high-power field. There is a superficial layering of eosinophils involving the upper one-third to one-half of the squamous epithelium. Also, there is some evidence of epithelial damage, with expansion of the basal zone exceeding 15% of the epithelial thickness. Furthermore, there is elongation of p"
GI_Lecture_11_Esophagus,GI Lecture 11 Esophagus,GI::Esophagus::Inflammatory::Esophagitis::Esophageal_Eosinophilic_Esophagitis,Esophageal Eosinophilic Esophagitis,Esophageal_Eosinophilic_Esophagitis,2619.04,2763.04,43:39,46:03,144.0,"https://storage.googleapis.com/pathology-hub-0/source_videos/GI_Lecture_11_Esophagus.mp4#t=2619.04,2763.04",semantic_gated_v0_2,0.6251,"If an esophageal biopsy shows increased eosinophils, but less than 15 eosinophils per high-power field, involving only the distal portion of the esophagus with evidence of epithelial damage, basal cell hyperplasia, and elongation of papillae, the diagnosis is reflux esophagitis. If there are markedly increased intraepithelial eosinophils, more than 15 per high-power field, with a more diffuse process involving both p"
GI_Lecture_11_Esophagus,GI Lecture 11 Esophagus,GI::Esophagus::Inflammatory::Infectious::Esophageal_Herpes_Simplex_Virus_Esophagitis,Esophageal Herpes Simplex Virus Esophagitis,Esophageal_Herpes_Simplex_Virus_Esophagitis,1254.04,1321.04,20:54,22:01,67.0,"https://storage.googleapis.com/pathology-hub-0/source_videos/GI_Lecture_11_Esophagus.mp4#t=1254.04,1321.04",semantic_gated_v0_2,0.6428,"Microscopically, HSV esophagitis presents with nuclear molding, chromatin margination, and ground-glass intranuclear inclusions. The background often shows neutrophilic inflammation mixed with other inflammatory cells like eosinophils and lymphocytes. Necrotic debris may also be present. While typically a self-limited condition in healthy populations, HSV esophagitis can potentially lead to complications such as esop"
GI_Lecture_11_Esophagus,GI Lecture 11 Esophagus,GI::Esophagus::Inflammatory::Esophagitis::Esophageal_Reflux_Esophagitis_GERD,Esophageal Reflux Esophagitis GERD,Esophageal_Reflux_Esophagitis_GERD,543.2,616.24,9:03,10:16,73.04,"https://storage.googleapis.com/pathology-hub-0/source_videos/GI_Lecture_11_Esophagus.mp4#t=543.2,616.24",semantic_gated_v0_2,0.6414,"Starting with gastroesophageal reflux disease, also known as reflux esophagitis, this is a relatively common entity; approximately 20% of the population in the United States experiences some degree of reflux esophagitis. This condition is caused by the reflux of gastric content into the esophagus. Patients may present with varying symptoms, including heartburn, dysphagia, chest pain, and regurgitation. Most patients "
GI_Lecture_12_SmallIntestine,GI Lecture 12 SmallIntestine,GI::Small_Intestine::Neoplastic::Adenocarcinoma::Ampullary_Adenocarcinoma_Pancreatobiliary_Type,Ampullary Adenocarcinoma Pancreatobiliary Type,Ampullary_Adenocarcinoma_Pancreatobiliary_Type,3229.02,3363.02,53:49,56:03,134.0,"https://storage.googleapis.com/pathology-hub-0/source_videos/GI_Lecture_12_SmallIntestine.mp4#t=3229.02,3363.02",semantic_gated_v0_2,0.709,"Arising in the ampulla, this looks exactly like a true colonic adenocarcinoma on the lower right. Essentially, it is indistinguishable. On the pancreatobiliary side, you can see a pancreatobiliary adenoma. These differ from the intestinal type adenomas by having Often, there are papillary or micropapillary architectural projections. Additionally, paler staining, round nuclei are present, which differ from the very hy"
GI_Lecture_12_SmallIntestine,GI Lecture 12 SmallIntestine,GI::GENETICS::Syndromes::Peutz_Jeghers_Syndrome,Peutz Jeghers Syndrome,Peutz_Jeghers_Syndrome,3090.14,3229.02,51:30,53:49,138.88,"https://storage.googleapis.com/pathology-hub-0/source_videos/GI_Lecture_12_SmallIntestine.mp4#t=3090.14,3229.02",semantic_gated_v0_2,0.7254,"Peutz-Jeghers syndrome is an inherited cancer syndrome. There is prominent mucocutaneous pigmentation in many individuals, which is how they are often diagnosed early on in life. There is a greatly increased risk of not only GI but also non-GI cancers, including breast cancers and testicular tumors. In the GYN tract, there are some very distinct tumors, such as sex cord tumor with annular tubules and a really well-di"
GI_Lecture_12_SmallIntestine,GI Lecture 12 SmallIntestine,GI::Small_Intestine::Polyp::Hamartoma::Small_Intestinal_Brunner_Gland_Hamartoma,Small Intestinal Brunner Gland Hamartoma,Small_Intestinal_Brunner_Gland_Hamartoma,306.38,428.7,5:06,7:09,122.32,"https://storage.googleapis.com/pathology-hub-0/source_videos/GI_Lecture_12_SmallIntestine.mp4#t=306.38,428.7",semantic_gated_v0_2,0.6056,"It would be undulating here, but along here is about where the crypts end and the villi begin. This looks like about a 3 to 1 ratio of villus length to crypt depth. These are the Brunner's glands below, which are very mucinous secreting glands. In this particular part of the duodenum, they are located below the muscularis mucosa, but in other parts of the duodenum, they can actually be above the muscularis mucosa. Th"
GI_Lecture_12_SmallIntestine,GI Lecture 12 SmallIntestine,GI::Small_Intestine::Inflammatory::Malabsorption::Small_Intestinal_Celiac_Disease,Small Intestinal Celiac Disease,Small_Intestinal_Celiac_Disease,601.7,708.18,10:02,11:48,106.48,"https://storage.googleapis.com/pathology-hub-0/source_videos/GI_Lecture_12_SmallIntestine.mp4#t=601.7,708.18",semantic_gated_v0_2,0.5587,"Duodenal biopsies are frequently performed for iron deficiency anemia (IDA) and suspected malabsorption, primarily because celiac disease is the etiology in 5-6% of IDA cases. They are also indicated in cases of peptic ulcer disease, inflammatory disorders such as Crohn's disease, and when there is concern for infection or tumor. Celiac disease is an immune-mediated disease related to a hypersensitivity to gluten. Ce"
GI_Lecture_12_SmallIntestine,GI Lecture 12 SmallIntestine,GI::Small_Intestine::Inflammatory::Malabsorption::Small_Intestinal_Celiac_Disease,Small Intestinal Celiac Disease,Small_Intestinal_Celiac_Disease,708.18,830.94,11:48,13:51,122.76,"https://storage.googleapis.com/pathology-hub-0/source_videos/GI_Lecture_12_SmallIntestine.mp4#t=708.18,830.94",semantic_gated_v0_2,0.6084,"Celiac disease can manifest well into middle age and in elderly patients. Diagnosing it is clinically challenging because symptoms are highly variable and not specific, including malabsorption, diarrhea, steatorrhea, iron or folate deficiency, and irritable bowel syndrome-like symptoms. Since many of these complaints are common in primary care, biopsy is a crucial part of the diagnosis. Treating celiac disease is imp"
GI_Lecture_12_SmallIntestine,GI Lecture 12 SmallIntestine,GI::Small_Intestine::Neoplastic::Neuroendocrine::Small_Intestinal_Neuroendocrine_Tumor_Well_Differentiated,Small Intestinal Neuroendocrine Tumor Well Differentiated,Small_Intestinal_Neuroendocrine_Tumor_Well_Differentiated,3363.02,3500.7,56:03,58:21,137.68,"https://storage.googleapis.com/pathology-hub-0/source_videos/GI_Lecture_12_SmallIntestine.mp4#t=3363.02,3500.7",semantic_gated_v0_2,0.6797,"This appears to be a well-differentiated neuroendocrine tumor. On higher power, it shows nests of very uniform, very round cells with some pseudoglands. The neuroendocrine marker chromogranin is positive, which seals the deal that this is a well-differentiated neuroendocrine tumor. A pseudoacinar pattern can mimic adenocarcinoma, but neuroendocrine markers help differentiate it. More proximal tumors are less likely t"
GI_Lecture_12_SmallIntestine,GI Lecture 12 SmallIntestine,GI::Small_Intestine::Inflammatory::Injury::Small_Intestinal_Peptic_Duodenitis,Small Intestinal Peptic Duodenitis,Small_Intestinal_Peptic_Duodenitis,1746.7,1840.06,29:07,30:40,93.36,"https://storage.googleapis.com/pathology-hub-0/source_videos/GI_Lecture_12_SmallIntestine.mp4#t=1746.7,1840.06",semantic_gated_v0_2,0.6038,"The key features of active peptic duodenitis include neutrophils found not only in the lamina propria but also within the epithelium, which is a key differentiator from the neutrophils seen in celiac disease. Other inflammatory cells, such as eosinophils and mononuclear cells, may also be present. Epithelial injury will be evident in both the crypts and on the surface. In more severe disease, erosions and ulcers can "
GI_Lecture_12_SmallIntestine,GI Lecture 12 SmallIntestine,GI::Small_Intestine::Polyp::Hamartoma::Small_Intestinal_Peutz_Jeghers_Type_Polyp,Small Intestinal Peutz Jeghers Type Polyp,Small_Intestinal_Peutz_Jeghers_Type_Polyp,2983.02,3090.14,49:43,51:30,107.12,"https://storage.googleapis.com/pathology-hub-0/source_videos/GI_Lecture_12_SmallIntestine.mp4#t=2983.02,3090.14",semantic_gated_v0_2,0.7361,"Peutz-Jeghers polyps, associated with Peutz-Jeghers syndrome, are most common in the small bowel but can occur elsewhere. Their diagnosis is characterized by the presence of very complex arborizing smooth muscle and normal small intestinal epithelial cells. Due to their complex architecture and misplacement of epithelium, these polyps can mimic carcinoma, so it is important to look for features like desmoplasia befor"
GI_Lecture_12_SmallIntestine,GI Lecture 12 SmallIntestine,GI::Small_Intestine::Infectious::Bacterial::Small_Intestinal_Whipple_Disease,Small Intestinal Whipple Disease,Small_Intestinal_Whipple_Disease,2302.62,2439.82,38:23,40:40,137.2,"https://storage.googleapis.com/pathology-hub-0/source_videos/GI_Lecture_12_SmallIntestine.mp4#t=2302.62,2439.82",semantic_gated_v0_2,0.6371,"Where have all the villi gone? The crypts are hyperplastic here. From this very low power, one might even wonder if this is a colonic biopsy. However, even from this power, it is appreciable that the lamina propria is totally filled up, appearing pale and foamy. On higher power, a ton of foamy macrophages can actually be seen. The micrograph reveals abundant, foamy, bubbly cytoplasm and a mixed inflammatory infiltrat"
GI_Lecture_12_SmallIntestine,GI Lecture 12 SmallIntestine,GI::Small_Intestine::Infectious::Bacterial::Small_Intestinal_Whipple_Disease,Small Intestinal Whipple Disease,Small_Intestinal_Whipple_Disease,2677.98,2805.5,44:38,46:46,127.52,"https://storage.googleapis.com/pathology-hub-0/source_videos/GI_Lecture_12_SmallIntestine.mp4#t=2677.98,2805.5",semantic_gated_v0_2,0.6087,"Whipple's disease exhibits very coarse granular staining on PASD, while MAC shows thin and delicate staining of a linear organism. MAC is also AFB positive, whereas Whipple's disease will not be AFB positive. Other organisms, such as cryptosporidiosis, were also mentioned, with an outbreak occurring among pathology faculty. Cryptosporidiosis can cause foodborne illness. These are typically small, round, basophilic or"
GI_Lecture_13_Stomach2,GI Lecture 13 Stomach2,GI::Stomach::Inflammatory::Gastritis::Gastric_Chronic_Helicobacter_Pylori_Gastritis,Gastric Chronic Helicobacter Pylori Gastritis,Gastric_Chronic_Helicobacter_Pylori_Gastritis,381.04,502.88,6:21,8:23,121.84,"https://storage.googleapis.com/pathology-hub-0/source_videos/GI_Lecture_13_Stomach2.mp4#t=381.04,502.88",semantic_gated_v0_2,0.6816,"H. pylori is the most common cause of chronic gastritis in many parts of the world, particularly in developing countries, infecting over 50% of the global population. Although the exact route of transmission is unknown, person-to-person transmission, likely oral-oral or fecal-oral, is suspected. H. pylori produces large amounts of urease, which breaks down urea into ammonia and carbon dioxide, causing a localized pH "
GI_Lecture_13_Stomach2,GI Lecture 13 Stomach2,GI::Stomach::Inflammatory::Gastritis::Gastric_Chronic_Helicobacter_Pylori_Gastritis,Gastric Chronic Helicobacter Pylori Gastritis,Gastric_Chronic_Helicobacter_Pylori_Gastritis,502.88,595.28,8:23,9:55,92.4,"https://storage.googleapis.com/pathology-hub-0/source_videos/GI_Lecture_13_Stomach2.mp4#t=502.88,595.28",semantic_gated_v0_2,0.6967,"Chronic and active gastritis are distinct. Chronic gastritis is characterized by a prominent lymphoplasmacytic infiltrate, often pushing aside the glands and presenting with lymphoid follicles with germinal centers. Active gastritis is defined by the presence of neutrophilic inflammation, involving the surface foveolar epithelium and/or glandular epithelium or crypts. After H. pylori eradication, while neutrophilic i"
GI_Lecture_13_Stomach2,GI Lecture 13 Stomach2,GI::Stomach::Inflammatory::Gastritis::Gastric_Chronic_Helicobacter_Pylori_Gastritis,Gastric Chronic Helicobacter Pylori Gastritis,Gastric_Chronic_Helicobacter_Pylori_Gastritis,854.4,975.76,14:14,16:16,121.36,"https://storage.googleapis.com/pathology-hub-0/source_videos/GI_Lecture_13_Stomach2.mp4#t=854.4,975.76",semantic_gated_v0_2,0.6128,"This table compares and contrasts H. pylori gastritis and autoimmune gastritis. H. pylori gastritis is caused by H. pylori infection and affects all patients regardless of age or gender. Early in the infection, it is predominantly found in the antrum, but over time, H. pylori tends to migrate from the antrum to the body of the stomach, hiding deep within the oxyntic glands. Histologically, H. pylori gastritis demonst"
GI_Lecture_13_Stomach2,GI Lecture 13 Stomach2,GI::Stomach::Inflammatory::Gastritis::Gastric_Collagenous_Gastritis,Gastric Collagenous Gastritis,Gastric_Collagenous_Gastritis,977.76,1044.48,16:18,17:24,66.72,"https://storage.googleapis.com/pathology-hub-0/source_videos/GI_Lecture_13_Stomach2.mp4#t=977.76,1044.48",semantic_gated_v0_2,0.648,"Moving on to collagenous gastritis, just like other forms of gastritis such as autoimmune gastritis, it typically demonstrates a prominent lymphoplasmacytic infiltrate involving the superficial portion of the gastric mucosa, as you can see here. This is characterized by a thickened subepithelial collagen band, often entrapping capillaries and inflammatory cells. There is also some evidence of epithelial damage, with "
GI_Lecture_13_Stomach2,GI Lecture 13 Stomach2,GI::Stomach::Inflammatory::Gastritis::Gastric_Collagenous_Gastritis,Gastric Collagenous Gastritis,Gastric_Collagenous_Gastritis,1046.88,1128.52,17:27,18:49,81.64,"https://storage.googleapis.com/pathology-hub-0/source_videos/GI_Lecture_13_Stomach2.mp4#t=1046.88,1128.52",semantic_gated_v0_2,0.6045,"There are two different types of collagenous gastritis: the adult form and the pediatric form. The adult form is more common in women, often associated with diffuse involvement of the GI tract, chronic watery diarrhea, and various autoimmune disorders. Even though its etiology is unclear, infection, autoimmune disease, and medication are regarded as possible triggers. Most adult patients have a chronic intermittent c"
GI_Lecture_13_Stomach2,GI Lecture 13 Stomach2,GI::Stomach::Inflammatory::Gastritis::Gastric_Eosinophilic_Gastritis,Gastric Eosinophilic Gastritis,Gastric_Eosinophilic_Gastritis,1250.72,1356.76,20:51,22:37,106.04,"https://storage.googleapis.com/pathology-hub-0/source_videos/GI_Lecture_13_Stomach2.mp4#t=1250.72,1356.76",semantic_gated_v0_2,0.6809,"Eosinophilic gastritis, as the name suggests, is characterized by a prominent eosinophilic infiltrate limited to the stomach, and the process has to be very diffuse. By definition, the biopsy should demonstrate at least 30 eosinophils per high-power field, involving five separate fields, in the absence of known causes of eosinophilia. However, if additional histologic findings are present, such as intraepithelial agg"
GI_Lecture_13_Stomach2,GI Lecture 13 Stomach2,GI::Stomach::Inflammatory::Gastritis::Gastric_Granulomatous_Gastritis,Gastric Granulomatous Gastritis,Gastric_Granulomatous_Gastritis,13.24,166.96,0:13,2:47,153.72,"https://storage.googleapis.com/pathology-hub-0/source_videos/GI_Lecture_13_Stomach2.mp4#t=13.24,166.96",semantic_gated_v0_2,0.6347,"I'm going to talk about different types of gastritis, which can be categorized into four broad categories based on the extent and type of inflammation within the lamina propria, as well as other unique features. The first group of gastritis is characterized by primary inflammation within the lamina propria, and depending on the type of inflammation, you have a very different differential diagnosis. For instance, if t"
GI_Lecture_13_Stomach2,GI Lecture 13 Stomach2,GI::Stomach::Inflammatory::Gastritis::Gastric_Granulomatous_Gastritis,Gastric Granulomatous Gastritis,Gastric_Granulomatous_Gastritis,1459.12,1596.52,24:19,26:37,137.4,"https://storage.googleapis.com/pathology-hub-0/source_videos/GI_Lecture_13_Stomach2.mp4#t=1459.12,1596.52",semantic_gated_v0_2,0.5498,"Doxycycline-induced gastritis is another entity that usually presents with primary neutrophilic inflammation. As you know, doxycycline is an oral antibiotic commonly used to treat many different bacterial infections, including acne, UTIs, and pelvic inflammatory disease. As a result, doxycycline-induced mucosal injury is more common in young adults but has been reported in older patients, especially those with gastri"
GI_Lecture_13_Stomach2,GI Lecture 13 Stomach2,GI::Stomach::Inflammatory::Gastritis::Gastric_Granulomatous_Gastritis,Gastric Granulomatous Gastritis,Gastric_Granulomatous_Gastritis,1716.8,1757.6,28:37,29:18,40.8,"https://storage.googleapis.com/pathology-hub-0/source_videos/GI_Lecture_13_Stomach2.mp4#t=1716.8,1757.6",semantic_gated_v0_2,0.5888,"Sarcoidosis is another common cause of granulomatous inflammation in the stomach, affecting about 22% of cases. Although gastric sarcoidosis may be an isolated finding, it more often presents as part of a multisystem disease. The diagnosis of sarcoidosis is one of exclusion, requiring clinical and radiological correlation. However, the presence of compact non-caseating granulomas in otherwise normal gastric mucosa, p"
GI_Lecture_13_Stomach2,GI Lecture 13 Stomach2,GI::Stomach::Depositional_Metabolic::Gastric_Iron_Pill_Induced_Gastropathy,Gastric Iron Pill Induced Gastropathy,Gastric_Iron_Pill_Induced_Gastropathy,2124.2,2237.32,35:24,37:17,113.12,"https://storage.googleapis.com/pathology-hub-0/source_videos/GI_Lecture_13_Stomach2.mp4#t=2124.2,2237.32",semantic_gated_v0_2,0.6381,"HSV gastritis is more common in immunocompromised patients and exhibits very characteristic cytopathic changes. These include multinucleated infected cells with ground-glass intranuclear inclusions, nuclear molding, and chromatin margination. In the early stages of infection, the degree of inflammation is minimal. However, severe cases may present with ulceration, necrosis, exudate, and secondary chronic inflammation"
GI_Lecture_13_Stomach2,GI Lecture 13 Stomach2,GI::Stomach::Inflammatory::Gastritis::Gastric_Lymphocytic_Gastritis_Celiac_Associated,Gastric Lymphocytic Gastritis Celiac Associated,Gastric_Lymphocytic_Gastritis_Celiac_Associated,1128.52,1250.72,18:49,20:51,122.2,"https://storage.googleapis.com/pathology-hub-0/source_videos/GI_Lecture_13_Stomach2.mp4#t=1128.52,1250.72",semantic_gated_v0_2,0.6432,"Lymphocytic gastritis typically presents with a primary lymphoplasmacytic infiltrate involving the superficial epithelium and superficial portion of the gastric mucosa. It is characterized by an increase in intraepithelial lymphocytes involving the gastric foveolar epithelium and glandular epithelium. This condition highlights an increase in small T lymphocytes, again involving the surface epithelium as well as foveo"
GI_Lecture_13_Stomach2,GI Lecture 13 Stomach2,GI::Stomach::Depositional_Metabolic::Gastric_Mucosal_Calcinosis,Gastric Mucosal Calcinosis,Gastric_Mucosal_Calcinosis,2238.96,2366.04,37:19,39:26,127.08,"https://storage.googleapis.com/pathology-hub-0/source_videos/GI_Lecture_13_Stomach2.mp4#t=2238.96,2366.04",semantic_gated_v0_2,0.6231,"Gastric mucosa calcinosis is caused by the accumulation of aluminum phosphate, secondary to antacid therapy in organ transplant or chronic renal failure. This crystal appears as a dark pink to purple, partially calcified, and refractile crystal just underneath the foveolar epithelium. This is more common in end-stage renal disease. This crystal is completely negative for iron stain, distinguishing it from iron deposi"
GI_Lecture_13_Stomach2,GI Lecture 13 Stomach2,GI::Stomach::Neoplastic::Neuroendocrine::Gastric_Neuroendocrine_Tumor_Type_1_Autoimmune,Gastric Neuroendocrine Tumor Type 1 Autoimmune,Gastric_Neuroendocrine_Tumor_Type_1_Autoimmune,597.04,680.28,9:57,11:20,83.24,"https://storage.googleapis.com/pathology-hub-0/source_videos/GI_Lecture_13_Stomach2.mp4#t=597.04,680.28",semantic_gated_v0_2,0.6518,"Moving on to autoimmune gastritis. Autoimmune gastritis is another common entity that usually presents with a prominent lymphoplasmacytic infiltrate, but this is considered an autoimmune disorder characterized by circulating autoantibodies, targeting the intrinsic factor and the parietal cells. Because the majority of these patients have anti-parietal cell autoantibodies, there's a progressive destruction of the pari"
GI_Lecture_2_Liver2,GI Lecture 2 Liver2,GI::Biliary::Inflammatory::Cholecystitis::Gallbladder_Cholelithiasis,Gallbladder Cholelithiasis,Gallbladder_Cholelithiasis,569.0,669.0,9:29,11:09,100.0,"https://storage.googleapis.com/pathology-hub-0/source_videos/GI_Lecture_2_Liver2.mp4#t=569,669",semantic_gated_v0_2,0.5055,"And there you see obvious mild plugs here. In the liver, bile can be confused with a variety of other pigments, including lipofuscin, which is probably the most common one it will be confused with. You can also confuse it sometimes with iron or copper. The most definitive sign that this is bile and not any other pigments is that it is in the canaliculi. If you see canalicular bile plugs or canalicular plugs of this p"
GI_Lecture_3_Liver3,GI Lecture 3 Liver3,GI::Hepatobiliary::Benign_Hepatocellular::Focal_Nodular_Hyperplasia_of_the_Liver,Focal Nodular Hyperplasia of the Liver,Focal_Nodular_Hyperplasia_of_the_Liver,531.52,665.68,8:52,11:06,134.16,"https://storage.googleapis.com/pathology-hub-0/source_videos/GI_Lecture_3_Liver3.mp4#t=531.52,665.68",semantic_gated_v0_2,0.5272,"For pathologists, it's helpful to consider the causes of secondary hepatic fat, categorizing them as either macrovesicular or microvesicular fat. Macrovesicular fat, the typical type, consists of large or small fat droplets that may displace the nucleus. Secondary causes of macrovesicular fat include excess alcohol (alcohol-associated liver disease), hepatitis C, Wilson disease, malnutrition, starvation, TPN, and cer"
GI_Lecture_4_Peds1,GI Lecture 4 Peds1,GI::Colon::Congenital_Structural::Aganglionosis::Colonic_Hirschsprung_Disease,Colonic Hirschsprung Disease,Colonic_Hirschsprung_Disease,133.48,255.48,2:13,4:15,122.0,"https://storage.googleapis.com/pathology-hub-0/source_videos/GI_Lecture_4_Peds1.mp4#t=133.48,255.48",semantic_gated_v0_2,0.7134,"Hirschsprung disease is relatively common, and you will encounter cases during residency. Its incidence is approximately 1 in 5,000 newborns. Hirschsprung disease is defined by the congenital absence of ganglion cells in the myenteric and submucosal plexuses of the terminal rectum, extending for a variable length into contiguous proximal bowel. This means the absence of ganglion cells may be limited to just the dista"
GI_Lecture_4_Peds1,GI Lecture 4 Peds1,GI::Colon::Congenital_Structural::Aganglionosis::Colonic_Hirschsprung_Disease,Colonic Hirschsprung Disease,Colonic_Hirschsprung_Disease,258.28,384.44,4:18,6:24,126.16,"https://storage.googleapis.com/pathology-hub-0/source_videos/GI_Lecture_4_Peds1.mp4#t=258.28,384.44",semantic_gated_v0_2,0.6242,"The neurons and glia of the enteric nervous system are derived from neural crest cells. These cells populate the gut during embryogenesis by proceeding rostrocaudally, meaning they start proximally and extend towards the distal portions of the GI tract as the fetus develops. Hirschsprung disease, often seen in the distal-most portion, is a failure of these neural crest cells to fully colonize the gut during embryogen"
GI_Lecture_4_Peds1,GI Lecture 4 Peds1,GI::Colon::Congenital_Structural::Aganglionosis::Colonic_Hirschsprung_Disease,Colonic Hirschsprung Disease,Colonic_Hirschsprung_Disease,386.6,496.6,6:27,8:17,110.0,"https://storage.googleapis.com/pathology-hub-0/source_videos/GI_Lecture_4_Peds1.mp4#t=386.6,496.6",semantic_gated_v0_2,0.5743,"The diagnosis of Hirschsprung disease typically involves evaluating either submucosal or myenteric ganglia. Submucosal ganglia are sampled via a suction rectal biopsy, which is commonly performed endoscopically. Seromuscular biopsy, used to look at myenteric ganglia, requires entering the abdomen and is less common for initial diagnosis. There are three minimal criteria for diagnosis: first, the absence of ganglion c"
GI_Lecture_4_Peds1,GI Lecture 4 Peds1,GI::Colon::Congenital_Structural::Aganglionosis::Colonic_Hirschsprung_Disease,Colonic Hirschsprung Disease,Colonic_Hirschsprung_Disease,2027.24,2149.88,33:47,35:50,122.64,"https://storage.googleapis.com/pathology-hub-0/source_videos/GI_Lecture_4_Peds1.mp4#t=2027.24,2149.88",semantic_gated_v0_2,0.6046,"This specimen, likely a short segment Hirschsprung case, often presents with sutures at the distal portion. The distal-most portion is typically very thin, referred to as the mucosal sleeve, which consists solely of mucosa without underlying muscularis propria, making it delicate. Proximal to this, muscularis propria is present. This is the proximal end, and the other is the distal end. The specimen is taken for eval"
GI_Lecture_4_Peds1,GI Lecture 4 Peds1,GI::Colon::Congenital_Structural::Aganglionosis::Colonic_Hirschsprung_Disease,Colonic Hirschsprung Disease,Colonic_Hirschsprung_Disease,2149.88,2284.04,35:50,38:04,134.16,"https://storage.googleapis.com/pathology-hub-0/source_videos/GI_Lecture_4_Peds1.mp4#t=2149.88,2284.04",semantic_gated_v0_2,0.5927,"Hirschsprung-associated enterocolitis (HAEC) is a major complication and the most important cause of mortality in Hirschsprung disease. There is an increased risk for HAEC with a delay in diagnosis, an increased length of the aganglionic segment, and in patients with Trisomy 21. The incidence is variable, but mortality can be up to 30%. It is important to clearly document its presence or absence. HAEC can occur befor"
GI_Lecture_4_Peds1,GI Lecture 4 Peds1,GI::Small_Intestine::Congenital_Structural::Mechanical::Microvillus_Inclusion_Disease,Microvillus Inclusion Disease,Microvillus_Inclusion_Disease,2511.4,2603.64,41:51,43:24,92.24,"https://storage.googleapis.com/pathology-hub-0/source_videos/GI_Lecture_4_Peds1.mp4#t=2511.4,2603.64",semantic_gated_v0_2,0.6788,"There appears to be some material present, and upon closer inspection, good microvilli are not clearly visible at the top. It is possible to encounter cases with similar appearances that are not microvillous inclusion disease; therefore, careful assessment is required for a definitive diagnosis. Those findings are real. There are a couple of helpful stains. The first and most commonly used is the PAS stain, which nic"
GI_Lecture_4_Peds1,GI Lecture 4 Peds1,GI::Small_Intestine::Congenital_Structural::Mechanical::Microvillus_Inclusion_Disease,Microvillus Inclusion Disease,Microvillus_Inclusion_Disease,2603.64,2742.28,43:24,45:42,138.64,"https://storage.googleapis.com/pathology-hub-0/source_videos/GI_Lecture_4_Peds1.mp4#t=2603.64,2742.28",semantic_gated_v0_2,0.7129,"Electron microscopy is a helpful and diagnostic mainstay for this condition, a role it maintains despite less frequent use in other areas. Key findings include absent, small, or stubby microvilli and vesicular structures, which contribute to the bubbly appearance of the cytoplasm and are often found at the apex of enterocytes, sometimes containing microvilli. While observable in colon, gallbladder, and renal tubular "
GI_Lecture_5_Peds2,GI Lecture 5 Peds2,GI::General::Neoplastic::Metastatic::Carcinoma_Of_Unknown_Primary_CUP,Carcinoma Of Unknown Primary CUP,Carcinoma_Of_Unknown_Primary_CUP,1477.06,1613.98,24:37,26:54,136.92,"https://storage.googleapis.com/pathology-hub-0/source_videos/GI_Lecture_5_Peds2.mp4#t=1477.06,1613.98",semantic_gated_v0_2,0.5373,"Small cell undifferentiated hepatoblastoma, though a term now less frequently used, was historically important. In prior COG trials, a significant portion (more than 1%) of the SCU pattern was considered a risk factor for more aggressive disease, leading to patients being placed in higher-risk groups and receiving more intensive therapies. However, recent publications indicate that the SCU component, particularly whe"
GI_Lecture_5_Peds2,GI Lecture 5 Peds2,GI::Mesenchymal::Uncertain_Diff::Embryonal_Sarcoma_of_the_Liver,Embryonal Sarcoma of the Liver,Embryonal_Sarcoma_of_the_Liver,164.4,256.76,2:44,4:17,92.36,"https://storage.googleapis.com/pathology-hub-0/source_videos/GI_Lecture_5_Peds2.mp4#t=164.4,256.76",semantic_gated_v0_2,0.545,"Age is important when considering the differential for malignant liver tumors in children. The tumors most common in infancy (up to one year of age) include Hepatoblastoma and malignant rhabdoid tumor. In early childhood (up to about three years of age), Hepatoblastoma remains the most common, with rhabdomyosarcoma occurring rarely as a primary liver tumor in this age range. In late childhood (up to about ten years o"
GI_Lecture_5_Peds2,GI Lecture 5 Peds2,GI::Mesenchymal::Vascular_Perivascular::Epithelioid_Hemangioendothelioma_prev_Vascular_Tumors_in_Liver,Epithelioid Hemangioendothelioma prev Vascular Tumors in Liver,Epithelioid_Hemangioendothelioma_prev_Vascular_Tumors_in_Liver,3161.0,3277.08,52:41,54:37,116.08,"https://storage.googleapis.com/pathology-hub-0/source_videos/GI_Lecture_5_Peds2.mp4#t=3161,3277.08",semantic_gated_v0_2,0.6209,"As you can see, the tumor cells are much more pleomorphic. If you see this kind and tumor cells are kind of haphazardly arranged, not arranged in a trabecular pattern, that will help distinguish it from some sort of hepatocellular tumor. Often, you can find some cells that have eosinophilic globules in the cytoplasm, which is characteristic. These tumor cells can show some positivity for alpha-1 antitrypsin by IHC. O"
GI_Lecture_5_Peds2,GI Lecture 5 Peds2,GI::Mesenchymal::Vascular_Perivascular::Epithelioid_Hemangioendothelioma_prev_Vascular_Tumors_in_Liver,Epithelioid Hemangioendothelioma prev Vascular Tumors in Liver,Epithelioid_Hemangioendothelioma_prev_Vascular_Tumors_in_Liver,3278.76,3399.4,54:39,56:39,120.64,"https://storage.googleapis.com/pathology-hub-0/source_videos/GI_Lecture_5_Peds2.mp4#t=3278.76,3399.4",semantic_gated_v0_2,0.5876,"This is an example of an infantile hemangioma. A congenital hemangioma will actually look very similar to this and may be indistinguishable. However, as soon as you apply a GLUT-1 immunostain to the tumor, you will see that the endothelial cells are positive for GLUT-1, which makes it an infantile hemangioma. If this was negative, it would be classified as a congenital hemangioma. Not shown here, but oftentimes your "
GI_Lecture_7_IBD,GI Lecture 7 IBD,GI::Colon::Neoplastic::IBD_Associated::Colonic_Dysplasia_And_IBD_Related_Adenocarcinoma,Colonic Dysplasia And IBD Related Adenocarcinoma,Colonic_Dysplasia_And_IBD_Related_Adenocarcinoma,844.08,1040.08,14:04,17:20,196.0,"https://storage.googleapis.com/pathology-hub-0/source_videos/GI_Lecture_7_IBD.mp4#t=844.08,1040.08",semantic_gated_v0_2,0.5448,"Lymphocytic colitis shares many overlapping features with collagenous colitis and presents with a triad of features: an increase in intraepithelial lymphocytes, usually greater than 20 lymphocytes per 100 epithelial cells, surface epithelial injury, and increased lamina propria cellularity. While there is significant overlap with collagenous colitis, the presence of significant thickening of sub-epithelial collagen t"
GI_Lecture_7_IBD,GI Lecture 7 IBD,GI::Colon::Inflammatory::Injury::Colonic_Medication_Induced_Enterocolitis,Colonic Medication Induced Enterocolitis,Colonic_Medication_Induced_Enterocolitis,1381.6,1436.0,23:02,23:56,54.4,"https://storage.googleapis.com/pathology-hub-0/source_videos/GI_Lecture_7_IBD.mp4#t=1381.6,1436",semantic_gated_v0_2,0.55,"We discussed this when covering ischemic colitis, but the classic form of microscopic colitis typically does not show endoscopic mucosal changes, which is why it is called microscopic colitis. However, there are a few rare instances where endoscopic pseudomembrane formation can be observed. On histology, an exudate of neutrophils can be seen, along with the classical features of thickened subepithelial collagen. The "
GI_Lecture_7_IBD,GI Lecture 7 IBD,GI::Stomach::Inflammatory::Gastritis::Gastric_Collagenous_Gastritis,Gastric Collagenous Gastritis,Gastric_Collagenous_Gastritis,383.44,504.48,6:23,8:24,121.04,"https://storage.googleapis.com/pathology-hub-0/source_videos/GI_Lecture_7_IBD.mp4#t=383.44,504.48",semantic_gated_v0_2,0.6122,"Collagenous colitis presents with a spectrum of histological findings, though no single feature is pathognomonic. Characteristically, there is a thickened, irregular sub-epithelial collagen layer, usually greater than 10 microns and potentially up to 60 microns, showing entrapment of capillaries and inflammatory cells. Other features include intraepithelial lymphocytosis and surface epithelial damage, often manifesti"
GI_Lecture_7_IBD,GI Lecture 7 IBD,GI::Stomach::Inflammatory::Gastritis::Gastric_Collagenous_Gastritis,Gastric Collagenous Gastritis,Gastric_Collagenous_Gastritis,506.48,601.76,8:26,10:02,95.28,"https://storage.googleapis.com/pathology-hub-0/source_videos/GI_Lecture_7_IBD.mp4#t=506.48,601.76",semantic_gated_v0_2,0.5324,"While a trichrome stain is not strictly necessary for diagnosing collagenous colitis, it can be helpful in uncertain cases to highlight the thickening of the subepithelial collagen band and visualize the entrapment of capillaries and inflammatory cells, as shown in this microscopy image. The trickiest thing in these cases is not to over-call the basement membrane as thickened sub-epithelial collagen. This is an examp"
GI_Lecture_7_IBD,GI Lecture 7 IBD,GI::Stomach::Inflammatory::Gastritis::Gastric_Collagenous_Gastritis,Gastric Collagenous Gastritis,Gastric_Collagenous_Gastritis,733.04,840.72,12:13,14:01,107.68,"https://storage.googleapis.com/pathology-hub-0/source_videos/GI_Lecture_7_IBD.mp4#t=733.04,840.72",semantic_gated_v0_2,0.5753,"In collagenous colitis, intraepithelial lymphocytosis is usually not to the same extent as in lymphocytic colitis, and it is not essential for the diagnosis. However, if increased intraepithelial lymphocytes are observed, it does not preclude a diagnosis of collagenous colitis. Here is another example of collagenous colitis. There is thickened sub-epithelial collagen and increased lamina propria inflammation with som"
GI_Lecture_8_Pancreas,GI Lecture 8 Pancreas,GI::Pancreas::Neoplastic::Cystic::Pancreatic_Intraductal_Oncocytic_Papillary_Neoplasm_IOPN,Pancreatic Intraductal Oncocytic Papillary Neoplasm IOPN,Pancreatic_Intraductal_Oncocytic_Papillary_Neoplasm_IOPN,888.64,1015.76,14:49,16:56,127.12,"https://storage.googleapis.com/pathology-hub-0/source_videos/GI_Lecture_8_Pancreas.mp4#t=888.64,1015.76",semantic_gated_v0_2,0.8091,"Intraductal Oncocytic Papillary Neoplasm (IOPN) is now recognized as a distinct entity, previously considered a subtype of IPMN. It is intraductal and associated with invasive adenocarcinoma in 30% to 50% of cases. IOPN tends to have a distinct appearance with very eosinophilic cytoplasm. The lesion often appears high grade, exhibiting significant nuclear atypia and cribriform spaces, with prominent nuclei. Despite i"
GI_Lecture_8_Pancreas,GI Lecture 8 Pancreas,GI::Pancreas::Neoplastic::Cystic::Pancreatic_Intraductal_Tubulopapillary_Neoplasm_ITPN,Pancreatic Intraductal Tubulopapillary Neoplasm ITPN,Pancreatic_Intraductal_Tubulopapillary_Neoplasm_ITPN,604.0,657.92,10:04,10:58,53.92,"https://storage.googleapis.com/pathology-hub-0/source_videos/GI_Lecture_8_Pancreas.mp4#t=604,657.92",semantic_gated_v0_2,0.6282,"There are three histologic subtypes of IPMN, with the gastric subtype being the most common. In the gastric subtype, cells become very columnar with a pale pink cytoplasmic mucin that resembles the lining of the stomach. The intestinal subtype resembles a colonic adenoma, featuring columnar cells, a slightly bluer mucin, and pseudostratification of the nuclei, similar to what is seen in a tubular adenoma (TA). The le"
GI_Lecture_8_Pancreas,GI Lecture 8 Pancreas,GI::Pancreas::Neoplastic::Cystic::Pancreatic_Mucinous_Cystic_Neoplasm,Pancreatic Mucinous Cystic Neoplasm,Pancreatic_Mucinous_Cystic_Neoplasm,91.28,222.16,1:31,3:42,130.88,"https://storage.googleapis.com/pathology-hub-0/source_videos/GI_Lecture_8_Pancreas.mp4#t=91.28,222.16",semantic_gated_v0_2,0.6677,"There are two different categories of primary pancreatic neoplasms: solid and cystic. In the solid category, the vast majority of tumors seen are ductal adenocarcinoma, characterized by individual glands within a desmoplastic stroma, though these will not be discussed today. Other solid tumor types, mainly composed of cellular sheets with minimal stroma, include neuroendocrine tumors (which are frequently encountered"
GI_Lecture_8_Pancreas,GI Lecture 8 Pancreas,GI::Pancreas::Neoplastic::Cystic::Pancreatic_Mucinous_Cystic_Neoplasm,Pancreatic Mucinous Cystic Neoplasm,Pancreatic_Mucinous_Cystic_Neoplasm,1563.2,1699.6,26:03,28:20,136.4,"https://storage.googleapis.com/pathology-hub-0/source_videos/GI_Lecture_8_Pancreas.mp4#t=1563.2,1699.6",semantic_gated_v0_2,0.6969,"Mucinous cystic neoplasms are considered non-invasive neoplasms, lined by mucin-producing epithelial cells. They are distinct due to an ovarian-type subepithelial stroma, which is unique to this tumor type and required for diagnosis. This tumor is almost exclusively seen in females (greater than 98%), typically perimenopausal females aged 40 to 50 years. The majority are found in the body or tail of the pancreas. The"
GI_Lecture_8_Pancreas,GI Lecture 8 Pancreas,GI::Pancreas::Neoplastic::Cystic::Pancreatic_Mucinous_Cystic_Neoplasm,Pancreatic Mucinous Cystic Neoplasm,Pancreatic_Mucinous_Cystic_Neoplasm,1761.76,1927.6,29:22,32:08,165.84,"https://storage.googleapis.com/pathology-hub-0/source_videos/GI_Lecture_8_Pancreas.mp4#t=1761.76,1927.6",semantic_gated_v0_2,0.5762,"Carcinomas can arise in otherwise benign-looking large MCNs, necessitating the submission of these lesions for histologic examination. The approach is similar to IPMN: a non-invasive MCN is typically cured with surgery, but the presence of an invasive component leads to a poor prognosis. It is crucial to identify and properly treat this invasive component, as the outcome also depends on its size; lesions less than tw"
GI_Lecture_8_Pancreas,GI Lecture 8 Pancreas,GI::Pancreas::Neoplastic::Cystic::Pancreatic_Mucinous_Cystic_Neoplasm,Pancreatic Mucinous Cystic Neoplasm,Pancreatic_Mucinous_Cystic_Neoplasm,1927.6,2013.2,32:08,33:33,85.6,"https://storage.googleapis.com/pathology-hub-0/source_videos/GI_Lecture_8_Pancreas.mp4#t=1927.6,2013.2",semantic_gated_v0_2,0.6182,"These two entities are usually quite apparent on both gross and histologic sections. The main importance is because MCNs are cured, and there is no recurrence once they have surgery. However, with an IPMN, they can be multifocal. So, in the residual pancreas, they may have a recurrence. Therefore, these patients, even if there is no invasive component, are monitored by serial imaging after surgery, as sometimes even "
GI_Lecture_8_Pancreas,GI Lecture 8 Pancreas,GI::Pancreas::Neoplastic::Cystic::Pancreatic_Mucinous_Cystic_Neoplasm,Pancreatic Mucinous Cystic Neoplasm,Pancreatic_Mucinous_Cystic_Neoplasm,2271.92,2406.0,37:52,40:06,134.08,"https://storage.googleapis.com/pathology-hub-0/source_videos/GI_Lecture_8_Pancreas.mp4#t=2271.92,2406",semantic_gated_v0_2,0.6086,"It is often seen by radiologists as cystic and is called a solid pseudopapillary neoplasm. So, solid is even in the name, but it tends to undergo a lot of degenerative changes, so sometimes it can be put in this cystic category. As you saw in the last picture, you can see this area. The specimen looks cystic and tends to exhibit significant hemorrhage, or bleeding, into the tumor, which becomes more prominent as the "
GI_Lecture_8_Pancreas,GI Lecture 8 Pancreas,GI::Pancreas::Neoplastic::Cystic::Pancreatic_Simple_Mucinous_Cyst,Pancreatic Simple Mucinous Cyst,Pancreatic_Simple_Mucinous_Cyst,2013.76,2149.84,33:34,35:50,136.08,"https://storage.googleapis.com/pathology-hub-0/source_videos/GI_Lecture_8_Pancreas.mp4#t=2013.76,2149.84",semantic_gated_v0_2,0.5632,"Serous cystadenomas are almost entirely benign. While some reports suggest malignant or metastatic serous cystadenomas, these are not entirely confirmed. They have a wide age range, appearing in children but more commonly in older adults. These lesions tend to be more common in the body and tail of the pancreas, though they can be found in the head; they are usually small and often incidental findings. They may be di"
GI_Lecture_8_Pancreas,GI Lecture 8 Pancreas,GI::Pancreas::Neoplastic::Precursor::PanIN_Pancreatic_Intraepithelial_Neoplasia,PanIN Pancreatic Intraepithelial Neoplasia,PanIN_Pancreatic_Intraepithelial_Neoplasia,1269.28,1372.88,21:09,22:53,103.6,"https://storage.googleapis.com/pathology-hub-0/source_videos/GI_Lecture_8_Pancreas.mp4#t=1269.28,1372.88",semantic_gated_v0_2,0.8002,"Pancreatic intraepithelial neoplasia is a dysplasia or a pre-invasive lesion of the pancreatic duct. There is a progression from normal to low grade, which includes PanIN-1 and PanIN-2, then to high grade, and eventually to invasive carcinoma. This progression has been molecularly defined. KRAS mutations are seen in almost all PanIN-1 lesions. As it progresses, it typically gains CDKN2A mutations or deletions and TP5"
GI_Lecture_8_Pancreas,GI Lecture 8 Pancreas,GI::Pancreas::Neoplastic::Precursor::PanIN_Pancreatic_Intraepithelial_Neoplasia,PanIN Pancreatic Intraepithelial Neoplasia,PanIN_Pancreatic_Intraepithelial_Neoplasia,1372.88,1476.48,22:53,24:36,103.6,"https://storage.googleapis.com/pathology-hub-0/source_videos/GI_Lecture_8_Pancreas.mp4#t=1372.88,1476.48",semantic_gated_v0_2,0.6622,"IPMN is grossly visible, whereas PanIN is microscopic. IPMNs are usually defined as greater than 1 centimeter, and PanINs typically involve ducts less than 5 millimeters. However, differentiation can be challenging for lesions between 5 millimeters and 1 centimeter, making it not always clear-cut whether a lesion is a PanIN or an IPMN. If a lesion is very large with visible cysts, it is most likely an IPMN; if it is "
GI_Lecture_9_Stomach1,GI Lecture 9 Stomach1,GI::Stomach::Benign_Precursors::Fundic_Gland_Polyps,Fundic Gland Polyps,Fundic_Gland_Polyps,867.92,951.12,14:28,15:51,83.2,"https://storage.googleapis.com/pathology-hub-0/source_videos/GI_Lecture_9_Stomach1.mp4#t=867.92,951.12",semantic_gated_v0_2,0.7536,"Fundic gland polyps are characterized by the presence of single or multiple dilated fundic glands, as seen here, lined by an attenuated layer of chief cells, parietal cells, or foveolar epithelium. Sporadic fundic gland polyps and drug-associated fundic gland polyps are considered non-neoplastic because they rarely demonstrate APC mutations, and only about 5% of these lesions have associated dysplasia. By contrast, F"
GI_Lecture_9_Stomach1,GI Lecture 9 Stomach1,GI::Stomach::Polyp::Adenoma::Gastric_Adenoma_With_Dysplasia_NOS,Gastric Adenoma With Dysplasia NOS,Gastric_Adenoma_With_Dysplasia_NOS,1132.56,1258.64,18:53,20:59,126.08,"https://storage.googleapis.com/pathology-hub-0/source_videos/GI_Lecture_9_Stomach1.mp4#t=1132.56,1258.64",semantic_gated_v0_2,0.7022,"Gastric epithelial dysplasia, or adenoma, is a very rare condition, accounting for less than one percent of all gastric polyps. The term 'adenoma' technically describes a polypoid lesion, whereas 'dysplasia' means a flat lesion, but these terms are commonly used interchangeably in the literature. Most gastric adenomas present as single, sessile lesions less than two centimeters in diameter. It is important to recogni"
GI_Lecture_9_Stomach1,GI Lecture 9 Stomach1,GI::Stomach::Polyp::Epithelial::Gastric_Fundic_Gland_Polyp,Gastric Fundic Gland Polyp,Gastric_Fundic_Gland_Polyp,2385.76,2500.72,39:46,41:41,114.96,"https://storage.googleapis.com/pathology-hub-0/source_videos/GI_Lecture_9_Stomach1.mp4#t=2385.76,2500.72",semantic_gated_v0_2,0.7055,"This polyp shows no evidence of dysplasia, but there is a dilated gland lined by attenuated parietal cells and chief cells or mucous neck cells in the background of fundic-type gastric mucosa. This is a fundic gland polyp. Next, consider a gastric polyp that resembles a tubular adenoma from the colon, featuring intestinal metaplasia with scattered goblet cells and paneth cell differentiation. This would be an intesti"
GI_Lecture_9_Stomach1,GI Lecture 9 Stomach1,GI::Stomach::Polyp::Hamartoma::Gastric_Peutz_Jeghers_Type_Polyp,Gastric Peutz Jeghers Type Polyp,Gastric_Peutz_Jeghers_Type_Polyp,125.32,234.68,2:05,3:55,109.36,"https://storage.googleapis.com/pathology-hub-0/source_videos/GI_Lecture_9_Stomach1.mp4#t=125.32,234.68",semantic_gated_v0_2,0.7707,"Peutz-Jeghers polyp has a very distinct morphological feature, characterized by irregular and branching bundles of smooth muscle emerging from the muscularis mucosae, covered by abundant but disorganized foveolar-like epithelium with abundant cytoplasm and cystic changes. An important thing about gastric Peutz-Jeghers polyp is that, unlike its small bowel counterpart, gastric Peutz-Jeghers polyp tends to show much th"
GI_Lecture_9_Stomach1,GI Lecture 9 Stomach1,GI::Stomach::Benign_Precursors::Oxyntic_Gland_Adenoma,Oxyntic Gland Adenoma,Oxyntic_Gland_Adenoma,2133.68,2250.0,35:34,37:30,116.32,"https://storage.googleapis.com/pathology-hub-0/source_videos/GI_Lecture_9_Stomach1.mp4#t=2133.68,2250",semantic_gated_v0_2,0.6336,"Regarding the issue of chief cell differentiation: some cases may show a mixture of chief cells and parietal cells. As an example here, you see some chief cells with blue cytoplasm and some parietal cells with pink cytoplasm. This tumor is mimicking an adenoma from the gland because there is no obvious cytologic atypia. However, in rare cases, oxyntic gland adenoma may demonstrate areas with foveolar and mucous neck "
YT_GI_Barretts_Esophagus_Goldblum,YT GI Barretts Esophagus Goldblum,GI::Appendix::Inflammatory::Chronic_Granulomatous::Appendiceal_Crohn_Disease,Appendiceal Crohn Disease,Appendiceal_Crohn_Disease,199.04,272.72,3:19,4:33,73.68,"https://storage.googleapis.com/pathology-hub-0/source_videos/YT_GI_Barretts_Esophagus_Goldblum.mp4#t=199.04,272.72",semantic_gated_v0_2,0.5269,"Crypts do not fully extend to the mucosa. This can sometimes be an artifact of tangential sectioning. However, in this case, it appears to be crypt shortening, consistent with architectural distortion. we've established that there are architectural changes consistent with what we would call chronicity, chronic colitis. The other question is whether there's activity. And I have not had I don't remember how much activi"
YT_GI_Barretts_Esophagus_Goldblum,YT GI Barretts Esophagus Goldblum,GI::Small_Intestine::Inflammatory::Malabsorption::Small_Intestinal_CVID_Enteropathy,Small Intestinal CVID Enteropathy,Small_Intestinal_CVID_Enteropathy,2737.04,2856.96,45:37,47:37,119.92,"https://storage.googleapis.com/pathology-hub-0/source_videos/YT_GI_Barretts_Esophagus_Goldblum.mp4#t=2737.04,2856.96",semantic_gated_v0_2,0.5549,"looks like IBD. However, the clinicians said in a note to us, they do sometimes write us helpful I'm really worried about CMB in this patient. Please check to see if they have CMB. On H&E, not seeing great CMB. Once you're thinking about CMB, your threshold gets... Any cell is not perfectly normal by standard, so it's making you wonder. Not seeing the good classic red Alzheimer's inclusions on H&E, but let's get that"
YT_GI_Colon_Cancer_Dhall,YT GI Colon Cancer Dhall,GI::Colon::Neoplastic::IBD_Associated::Colonic_Dysplasia_And_IBD_Related_Adenocarcinoma,Colonic Dysplasia And IBD Related Adenocarcinoma,Colonic_Dysplasia_And_IBD_Related_Adenocarcinoma,2599.84,2726.0,43:20,45:26,126.16,"https://storage.googleapis.com/pathology-hub-0/source_videos/YT_GI_Colon_Cancer_Dhall.mp4#t=2599.84,2726",semantic_gated_v0_2,0.5909,"This person has a history of ulcerative colitis. Do I usually see such prominent lymphoid aggregates in IBD? No, usually I don't, but lymphoid follicles can sometimes be this prominent. We've all seen patients where a biopsy shows many lymphoid follicles, but the clinician didn't call them polyps; it's just normal for that patient's colon, with a lot of associated lymphoid tissue. Therefore, history is certainly need"
YT_GI_Colon_Cancer_Dhall,YT GI Colon Cancer Dhall,GI::Small_Intestine::Inflammatory::Malabsorption::Small_Intestinal_CVID_Enteropathy,Small Intestinal CVID Enteropathy,Small_Intestinal_CVID_Enteropathy,2737.04,2856.96,45:37,47:37,119.92,"https://storage.googleapis.com/pathology-hub-0/source_videos/YT_GI_Colon_Cancer_Dhall.mp4#t=2737.04,2856.96",semantic_gated_v0_2,0.5587,"looks like IBD. However, the clinicians said in a note to us, they do sometimes write us helpful I'm really worried about CMB in this patient. Please check to see if they have CMB. Now, on H&E, not seeing great CMB. Maybe once you're thinking about CMB, your threshold kind of gets It's unusual, and no cell appears perfectly normal by standard, which makes one wonder. Not seeing classic red Alzheimer's inclusions on H"
YT_GI_Colorectal_Polyp_Pai,YT GI Colorectal Polyp Pai,GI::Appendix::Inflammatory::Chronic_Granulomatous::Appendiceal_Crohn_Disease,Appendiceal Crohn Disease,Appendiceal_Crohn_Disease,199.04,272.72,3:19,4:33,73.68,"https://storage.googleapis.com/pathology-hub-0/source_videos/YT_GI_Colorectal_Polyp_Pai.mp4#t=199.04,272.72",semantic_gated_v0_2,0.5118,"Crypts do not quite go all the way down to rest on the mucosa. Sometimes, this can be an artifact of tangential sectioning of the mucosa. But in this case, it's just shortening of the crypt that goes along with architectural distortion. we've established that there are architectural changes consistent with what we would call Chronicity, chronic colitis. The other question is whether there's activity. my coffee this m"
YT_GI_Colorectal_Polyp_Pai,YT GI Colorectal Polyp Pai,GI::Colon::Neoplastic::IBD_Associated::Colonic_Dysplasia_And_IBD_Related_Adenocarcinoma,Colonic Dysplasia And IBD Related Adenocarcinoma,Colonic_Dysplasia_And_IBD_Related_Adenocarcinoma,846.96,979.2,14:07,16:19,132.24,"https://storage.googleapis.com/pathology-hub-0/source_videos/YT_GI_Colorectal_Polyp_Pai.mp4#t=846.96,979.2",semantic_gated_v0_2,0.5652,"Case number four involves a patient with abdominal pain, change in bowel habits, and erythema on colonoscopy. This is a biopsy from the left side of the colon. As always, the same question applies, and already in low power, this looks a little different. The stain is a little better for one. This is a more recent case of the H&E, hasn't had time to say. You can definitely tell that there is some inflammation in the l"
YT_GI_Colorectal_Polyp_Pai,YT GI Colorectal Polyp Pai,GI::Small_Intestine::Inflammatory::Malabsorption::Small_Intestinal_CVID_Enteropathy,Small Intestinal CVID Enteropathy,Small_Intestinal_CVID_Enteropathy,2737.04,2856.96,45:37,47:37,119.92,"https://storage.googleapis.com/pathology-hub-0/source_videos/YT_GI_Colorectal_Polyp_Pai.mp4#t=2737.04,2856.96",semantic_gated_v0_2,0.5567,"looks like IBD. However, the clinicians said in a note to us, they do sometimes write us helpful I'm really worried about CMB in this patient. Please check to see if they have CMB. Now, on H&E, not seeing great CMB. Maybe once you're thinking about CMB, your threshold kind of gets... Any cell is not perfectly normal in this, so it's making you wonder. Honestly, not seeing the classic red Alzheimer's inclusions on H&E"
YT_GI_Colorectal_Polyps_Pai,YT GI Colorectal Polyps Pai,GI::Appendix::Neoplastic::Mucinous::Appendiceal_Mucinous_Adenocarcinoma_Invasive,Appendiceal Mucinous Adenocarcinoma Invasive,Appendiceal_Mucinous_Adenocarcinoma_Invasive,764.76,875.08,12:45,14:35,110.32,"https://storage.googleapis.com/pathology-hub-0/source_videos/YT_GI_Colorectal_Polyps_Pai.mp4#t=764.76,875.08",semantic_gated_v0_2,0.5653,"epithelium. You can see the adenoma here and here's a much glarest mucosa and you can see epithelium is now present within the submicosa. And we know that there are at least some confident that this is not invasive cancer because these adenominous glands maintain a fairly lobular arrangement and you can even see some lamin appropriate this power. And the epithelium, if there is a mucin pool, the epithelium is located"
YT_GI_Colorectal_Polyps_Pai,YT GI Colorectal Polyps Pai,GI::Colon::Polyp::Serrated::Colorectal_Hyperplastic_Polyp_Overview,Colorectal Hyperplastic Polyp Overview,Colorectal_Hyperplastic_Polyp_Overview,409.24,515.56,6:49,8:36,106.32,"https://storage.googleapis.com/pathology-hub-0/source_videos/YT_GI_Colorectal_Polyps_Pai.mp4#t=409.24,515.56",semantic_gated_v0_2,0.5875,"to remove that polyp. So again, the whole purpose of colorectal screening program is to identify these polyps and then remove them to prevent colon cancer. And depending on the size and the configuration of the polyp, the gastroenterologist is going to use different techniques. And this isn't set in stone here. Different gastroenterologists have different preferences, but I'm just giving you a sense of what type of m"
YT_GI_Colorectal_Polyps_Pai,YT GI Colorectal Polyps Pai,GI::Colon::Polyp::Serrated::Colorectal_Hyperplastic_Polyp_Overview,Colorectal Hyperplastic Polyp Overview,Colorectal_Hyperplastic_Polyp_Overview,515.56,647.16,8:36,10:47,131.6,"https://storage.googleapis.com/pathology-hub-0/source_videos/YT_GI_Colorectal_Polyps_Pai.mp4#t=515.56,647.16",semantic_gated_v0_2,0.5994,"polyps. So what do you hope to see when you get these polyps during your sign out? Well, hopefully you get there should be some measurement of polypsized by endoscopy. You should have an idea of how many polyps that they put in that jar. You should have the polyp location. More and more gastroenterologists are going to provide some description of the polyp morphology either using the Paris classification scheme. Mayb"
YT_GI_Colorectal_Polyps_Pai,YT GI Colorectal Polyps Pai,GI::Syndrome::Polyposis::Serrated::Serrated_Polyposis,Serrated Polyposis,Serrated_Polyposis,3925.96,4023.8,1:05:26,1:07:04,97.84,"https://storage.googleapis.com/pathology-hub-0/source_videos/YT_GI_Colorectal_Polyps_Pai.mp4#t=3925.96,4023.8",semantic_gated_v0_2,0.5774,"have a higher risk and or just large serrated polyps at baseline have a higher risk of developing subsequent serrated polyps during their lifetime than those who do not have serrated polyps at baseline. So what this says is that a patient's colon, once they develop a serrated polyp, it really kind of stamps that colon as being at risk for developing multiple other serrated polyps. There's almost like a field effect w"
YT_GI_Gastric_Polyps_Montgomery,YT GI Gastric Polyps Montgomery,GI::Stomach::Inflammatory::Gastritis::Gastric_Autoimmune_Metaplastic_Atrophic_Gastritis_AMAG,Gastric Autoimmune Metaplastic Atrophic Gastritis AMAG,Gastric_Autoimmune_Metaplastic_Atrophic_Gastritis_AMAG,634.0,774.0,10:34,12:54,140.0,"https://storage.googleapis.com/pathology-hub-0/source_videos/YT_GI_Gastric_Polyps_Montgomery.mp4#t=634,774",semantic_gated_v0_2,0.6029,"Quences or polyps. If you will that you might see an association with helicobacter pylori gastritis over time. So the main ones you're going to see, of course, are hyperplastic polyps from cycles of damage and repair. And then gastric adenomas with intestinal differentiation from intestinal medaplasia. Now we're going to look at the other type of gastritis that we see in our population. And if you're not recognizing "
YT_GI_Gastric_Polyps_Montgomery,YT GI Gastric Polyps Montgomery,GI::Stomach::Inflammatory::Gastritis::Gastric_Autoimmune_Metaplastic_Atrophic_Gastritis_AMAG,Gastric Autoimmune Metaplastic Atrophic Gastritis AMAG,Gastric_Autoimmune_Metaplastic_Atrophic_Gastritis_AMAG,774.0,911.0,12:54,15:11,137.0,"https://storage.googleapis.com/pathology-hub-0/source_videos/YT_GI_Gastric_Polyps_Montgomery.mp4#t=774,911",semantic_gated_v0_2,0.5753,"And there are glands that look like antroglanz, but they're fake. So that's called pseudo pyloric or pyloric metaplasia. I'll show you in a moment why it's called pseudo pyloric. I'm lazy and I call it pyloric metaplasia. But another cool thing that this biopsy demonstrates nicely are these little pockets of cells with cute little round nuclei. And they sort of look like carcinoy tumor, but they're just little but yo"
YT_GI_Gastric_Polyps_Montgomery,YT GI Gastric Polyps Montgomery,GI::Stomach::Polyp::Hamartoma::Gastric_Juvenile_Type_Polyp,Gastric Juvenile Type Polyp,Gastric_Juvenile_Type_Polyp,2089.0,2223.0,34:49,37:03,134.0,"https://storage.googleapis.com/pathology-hub-0/source_videos/YT_GI_Gastric_Polyps_Montgomery.mp4#t=2089,2223",semantic_gated_v0_2,0.7368,"A gastric juvenile polyp in a patient known to have juvenile polyposis. So as you can see, this is a hot mess. It was a giant polyp with lots and lots of folveal or hyperplasia and a very complex architecture. This can be very difficult to interpret. To me, this looks like it has folveal or type dysplasia, but it can be a bit subjective. The important thing is what you want to do is get your clinician to check the fl"
YT_GI_Iatrogenic_Montgomery,YT GI Iatrogenic Montgomery,GI::Esophagus::Inflammatory::Injury::Esophageal_Pill_Induced_Esophagitis,Esophageal Pill Induced Esophagitis,Esophageal_Pill_Induced_Esophagitis,207.96,346.16,3:28,5:46,138.2,"https://storage.googleapis.com/pathology-hub-0/source_videos/YT_GI_Iatrogenic_Montgomery.mp4#t=207.96,346.16",semantic_gated_v0_2,0.5556,"And of course, this is probably the material that's used to create a tablet or pill right We have a nice mass of bacteria, not a surprise in the esophagus. And here's something else that's kind of fun. Here's some mineralized appearing material. And this can commonly be seen in the situation of so-called pill esophageitis or when there's pill fragments. And the name of this stuff is cross-pogodone, C-R-O-S-P-O-V-I-D-"
YT_GI_Iatrogenic_Montgomery,YT GI Iatrogenic Montgomery,GI::Stomach::Depositional_Metabolic::Gastric_Iron_Pill_Induced_Gastropathy,Gastric Iron Pill Induced Gastropathy,Gastric_Iron_Pill_Induced_Gastropathy,346.16,486.16,5:46,8:06,140.0,"https://storage.googleapis.com/pathology-hub-0/source_videos/YT_GI_Iatrogenic_Montgomery.mp4#t=346.16,486.16",semantic_gated_v0_2,0.5672,"This is occintic mucosa, in other words, with parietal and chief cells from the body of the stomach. And you can see there's this brown nonsense at the top. And let me get an arrow. Let's see. Oh good. It shows. So you can see it at the arrow. So let's go and look at it some more here. And here's this pigment. And it's a golden brown color. And that's of course from iron, iron sulfate. And this is of course the const"
YT_GI_Iatrogenic_Montgomery,YT GI Iatrogenic Montgomery,GI::Stomach::Depositional_Metabolic::Gastric_Iron_Pill_Induced_Gastropathy,Gastric Iron Pill Induced Gastropathy,Gastric_Iron_Pill_Induced_Gastropathy,488.08,620.68,8:08,10:21,132.6,"https://storage.googleapis.com/pathology-hub-0/source_videos/YT_GI_Iatrogenic_Montgomery.mp4#t=488.08,620.68",semantic_gated_v0_2,0.6345,"I'm not sure why in this case, most of the iron is at the bottom. Perhaps there was an erosion in the iron undermined the tissue. But here it is, very, very dramatic in this example. And let's enjoy an iron stain from that case. I hope everyone is really enjoying this insane case. So we just saw iron pill, a suffigyde and gastritis from patients taking iron medication. As an aside, we see it this in our population in"
YT_GI_IBD_Gonzalez,YT GI IBD Gonzalez,GI::Appendix::Inflammatory::Chronic_Granulomatous::Appendiceal_Crohn_Disease,Appendiceal Crohn Disease,Appendiceal_Crohn_Disease,199.04,272.72,3:19,4:33,73.68,"https://storage.googleapis.com/pathology-hub-0/source_videos/YT_GI_IBD_Gonzalez.mp4#t=199.04,272.72",semantic_gated_v0_2,0.5022,"crypts do not quite go all the way down to rest on the mucosa. Sometimes this can be an artifact of tangential sectioning of the mucosa. But in this case, I think it's just shortening of the crypt that kind of goes along with architectural distortion. If we look around for a bit, we've established that there are architectural changes consistent with what we would call kronicity, chronic colitis. The other question is"
YT_GI_IBD_Gonzalez,YT GI IBD Gonzalez,GI::Small_Intestine::Inflammatory::Malabsorption::Small_Intestinal_CVID_Enteropathy,Small Intestinal CVID Enteropathy,Small_Intestinal_CVID_Enteropathy,2737.04,2856.96,45:37,47:37,119.92,"https://storage.googleapis.com/pathology-hub-0/source_videos/YT_GI_IBD_Gonzalez.mp4#t=2737.04,2856.96",semantic_gated_v0_2,0.5412,"looks like IBD. However, the clinicians said in a note to us, they do sometimes write us helpful notes, of course. I'm really worried about CMB in this patient. Please check to see if they have CMB. Now, on H&E, not seeing great CMB. Maybe once you're thinking about CMB, your threshold kind of gets weird and any cell is not perfectly normal in this and by standard. So, it's making you wonder. So, honestly, not seeing"
YT_GI_IBD_Related_Dysplasia,YT GI IBD Related Dysplasia,GI::Colon::Neoplastic::IBD_Associated::Colonic_Dysplasia_And_IBD_Related_Adenocarcinoma,Colonic Dysplasia And IBD Related Adenocarcinoma,Colonic_Dysplasia_And_IBD_Related_Adenocarcinoma,207.0,278.0,3:27,4:38,71.0,"https://storage.googleapis.com/pathology-hub-0/source_videos/YT_GI_IBD_Related_Dysplasia.mp4#t=207,278",semantic_gated_v0_2,0.5557,"So we all know that the risk of colorectal curtsinomas is increased in IBD patients. And at the present time dysplasia is the best marker for synchronous or metaprinas, colorectal curtsinomas and IBD patient. And the peak is similar in UC, also collided and prone disease of similar duration. And the surveillance biopsies usually start after eight years of disease. The peak age of cancer is young, as you can see, one "
YT_GI_IBD_Related_Dysplasia,YT GI IBD Related Dysplasia,GI::Colon::Neoplastic::IBD_Associated::Colonic_Dysplasia_And_IBD_Related_Adenocarcinoma,Colonic Dysplasia And IBD Related Adenocarcinoma,Colonic_Dysplasia_And_IBD_Related_Adenocarcinoma,731.0,852.0,12:11,14:12,121.0,"https://storage.googleapis.com/pathology-hub-0/source_videos/YT_GI_IBD_Related_Dysplasia.mp4#t=731,852",semantic_gated_v0_2,0.5607,"Now about histologic features, how it is defined, it is defined as unnickical intro absolutely oblige. So we have to be we have to know for sure what we are looking is neoplastic in nature. And most of them are cytologic criteria. So as usual hyperchromatial high anti ratio, crowding of nuclei overlapping and lysosite doses, just any in cytologic features we look for any dysplastic process in di tri. And happened in "
YT_GI_IBD_Related_Dysplasia,YT GI IBD Related Dysplasia,GI::Colon::Neoplastic::IBD_Associated::Colonic_Dysplasia_And_IBD_Related_Adenocarcinoma,Colonic Dysplasia And IBD Related Adenocarcinoma,Colonic_Dysplasia_And_IBD_Related_Adenocarcinoma,1057.0,1179.0,17:37,19:39,122.0,"https://storage.googleapis.com/pathology-hub-0/source_videos/YT_GI_IBD_Related_Dysplasia.mp4#t=1057,1179",semantic_gated_v0_2,0.5376,"If you see from 1988 the capa was 0.41 in 2002 doctor ordered at 0.43 and doctor Albert in 2021 she still came up with this similar capa value 0.42 and it's interesting even the agreement among subspecialist GI pathologist is just fair to moderate. So people should feel better about it. And inter observation agreement was not high between experience GI pathologist, but let me remind you this paper was specifically fo"
YT_GI_IBD_Related_Dysplasia,YT GI IBD Related Dysplasia,GI::Colon::Neoplastic::IBD_Associated::Colonic_Dysplasia_And_IBD_Related_Adenocarcinoma,Colonic Dysplasia And IBD Related Adenocarcinoma,Colonic_Dysplasia_And_IBD_Related_Adenocarcinoma,2653.92,2791.2,44:14,46:31,137.28,"https://storage.googleapis.com/pathology-hub-0/source_videos/YT_GI_IBD_Related_Dysplasia.mp4#t=2653.92,2791.2",semantic_gated_v0_2,0.5421,to diagnose this myself and the reason is why because we often see hyperplastic life change especially in lack of colon biocries and long-standing IVB patients are these or sedated epithelial changes maybe we'll make an over diagnosis and then in all these studies they could not match this lesion directly to the dysplastic lesion at the same site so that was a issue Dr. Bads raised with this kind of changes in the IV
YT_GI_Luminal_Biopsy_Furth,YT GI Luminal Biopsy Furth,GI::Appendix::Inflammatory::Chronic_Granulomatous::Appendiceal_Crohn_Disease,Appendiceal Crohn Disease,Appendiceal_Crohn_Disease,199.04,272.72,3:19,4:33,73.68,"https://storage.googleapis.com/pathology-hub-0/source_videos/YT_GI_Luminal_Biopsy_Furth.mp4#t=199.04,272.72",semantic_gated_v0_2,0.5022,"crypts do not quite go all the way down to rest on the mucosa. Sometimes this can be an artifact of tangential sectioning of the mucosa. But in this case, I think it's just shortening of the crypt that kind of goes along with architectural distortion. If we look around for a bit, we've established that there are architectural changes consistent with what we would call kronicity, chronic colitis. The other question is"
YT_GI_Luminal_Biopsy_Furth,YT GI Luminal Biopsy Furth,GI::Small_Intestine::Inflammatory::Malabsorption::Small_Intestinal_CVID_Enteropathy,Small Intestinal CVID Enteropathy,Small_Intestinal_CVID_Enteropathy,2737.04,2856.96,45:37,47:37,119.92,"https://storage.googleapis.com/pathology-hub-0/source_videos/YT_GI_Luminal_Biopsy_Furth.mp4#t=2737.04,2856.96",semantic_gated_v0_2,0.5412,"looks like IBD. However, the clinicians said in a note to us, they do sometimes write us helpful notes, of course. I'm really worried about CMB in this patient. Please check to see if they have CMB. Now, on H&E, not seeing great CMB. Maybe once you're thinking about CMB, your threshold kind of gets weird and any cell is not perfectly normal in this and by standard. So, it's making you wonder. So, honestly, not seeing"
YT_GI_Lymphomas_Cruise,YT GI Lymphomas Cruise,GI::Appendix::Inflammatory::Chronic_Granulomatous::Appendiceal_Crohn_Disease,Appendiceal Crohn Disease,Appendiceal_Crohn_Disease,199.04,272.72,3:19,4:33,73.68,"https://storage.googleapis.com/pathology-hub-0/source_videos/YT_GI_Lymphomas_Cruise.mp4#t=199.04,272.72",semantic_gated_v0_2,0.5023,"crypts do not quite go all the way down to rest on the mucosa. Sometimes this can be an artifact of tangential sectioning of the mucosa. But in this case, I think it's just shortening of the crypt that kind of goes along with architectural distortion. If we look around for a bit, we've established that there are architectural changes consistent with what we would call kronicity, chronic colitis. The other question is"
YT_GI_Lymphomas_Cruise,YT GI Lymphomas Cruise,GI::Small_Intestine::Inflammatory::Malabsorption::Small_Intestinal_CVID_Enteropathy,Small Intestinal CVID Enteropathy,Small_Intestinal_CVID_Enteropathy,2737.04,2856.96,45:37,47:37,119.92,"https://storage.googleapis.com/pathology-hub-0/source_videos/YT_GI_Lymphomas_Cruise.mp4#t=2737.04,2856.96",semantic_gated_v0_2,0.5412,"looks like IBD. However, the clinicians said in a note to us, they do sometimes write us helpful notes, of course. I'm really worried about CMB in this patient. Please check to see if they have CMB. Now, on H&E, not seeing great CMB. Maybe once you're thinking about CMB, your threshold kind of gets weird and any cell is not perfectly normal in this and by standard. So, it's making you wonder. So, honestly, not seeing"
YT_GI_Mesenchymal_Montgomery,YT GI Mesenchymal Montgomery,GI::Appendix::Inflammatory::Chronic_Granulomatous::Appendiceal_Crohn_Disease,Appendiceal Crohn Disease,Appendiceal_Crohn_Disease,199.04,272.72,3:19,4:33,73.68,"https://storage.googleapis.com/pathology-hub-0/source_videos/YT_GI_Mesenchymal_Montgomery.mp4#t=199.04,272.72",semantic_gated_v0_2,0.5022,"crypts do not quite go all the way down to rest on the mucosa. Sometimes this can be an artifact of tangential sectioning of the mucosa. But in this case, I think it's just shortening of the crypt that kind of goes along with architectural distortion. If we look around for a bit, we've established that there are architectural changes consistent with what we would call kronicity, chronic colitis. The other question is"
YT_GI_Mesenchymal_Montgomery,YT GI Mesenchymal Montgomery,GI::Small_Intestine::Inflammatory::Malabsorption::Small_Intestinal_CVID_Enteropathy,Small Intestinal CVID Enteropathy,Small_Intestinal_CVID_Enteropathy,2737.04,2856.96,45:37,47:37,119.92,"https://storage.googleapis.com/pathology-hub-0/source_videos/YT_GI_Mesenchymal_Montgomery.mp4#t=2737.04,2856.96",semantic_gated_v0_2,0.5412,"looks like IBD. However, the clinicians said in a note to us, they do sometimes write us helpful notes, of course. I'm really worried about CMB in this patient. Please check to see if they have CMB. Now, on H&E, not seeing great CMB. Maybe once you're thinking about CMB, your threshold kind of gets weird and any cell is not perfectly normal in this and by standard. So, it's making you wonder. So, honestly, not seeing"
YT_GI_Non_IBD_Colitis_Allende_SLIDE_SESSION,YT GI Non IBD Colitis Allende SLIDE SESSION,GI::Appendix::Inflammatory::Chronic_Granulomatous::Appendiceal_Crohn_Disease,Appendiceal Crohn Disease,Appendiceal_Crohn_Disease,199.04,272.72,3:19,4:33,73.68,"https://storage.googleapis.com/pathology-hub-0/source_videos/YT_GI_Non_IBD_Colitis_Allende_SLIDE_SESSION.mp4#t=199.04,272.72",semantic_gated_v0_2,0.5022,"crypts do not quite go all the way down to rest on the mucosa. Sometimes this can be an artifact of tangential sectioning of the mucosa. But in this case, I think it's just shortening of the crypt that kind of goes along with architectural distortion. If we look around for a bit, we've established that there are architectural changes consistent with what we would call kronicity, chronic colitis. The other question is"
YT_GI_Non_IBD_Colitis_Allende_SLIDE_SESSION,YT GI Non IBD Colitis Allende SLIDE SESSION,GI::Small_Intestine::Inflammatory::Malabsorption::Small_Intestinal_CVID_Enteropathy,Small Intestinal CVID Enteropathy,Small_Intestinal_CVID_Enteropathy,2737.04,2856.96,45:37,47:37,119.92,"https://storage.googleapis.com/pathology-hub-0/source_videos/YT_GI_Non_IBD_Colitis_Allende_SLIDE_SESSION.mp4#t=2737.04,2856.96",semantic_gated_v0_2,0.5412,"looks like IBD. However, the clinicians said in a note to us, they do sometimes write us helpful notes, of course. I'm really worried about CMB in this patient. Please check to see if they have CMB. Now, on H&E, not seeing great CMB. Maybe once you're thinking about CMB, your threshold kind of gets weird and any cell is not perfectly normal in this and by standard. So, it's making you wonder. So, honestly, not seeing"
YT_GI_Pancreas_Neoplastic_Hruben,YT GI Pancreas Neoplastic Hruben,GI::Pancreas::Neoplastic::Precursor::PanIN_Pancreatic_Intraepithelial_Neoplasia,PanIN Pancreatic Intraepithelial Neoplasia,PanIN_Pancreatic_Intraepithelial_Neoplasia,783.64,921.52,13:04,15:22,137.88,"https://storage.googleapis.com/pathology-hub-0/source_videos/YT_GI_Pancreas_Neoplastic_Hruben.mp4#t=783.64,921.52",semantic_gated_v0_2,0.5667,"cancer. But here's a nice example of pariniral invasion. Pariniral invasion in the pancreas has been associated with extension of the carcinoma out of the pancreas into the retroperitinium and associated in some clinical studies with pain. Pain is a common feature of pancreatic cancer. And in fact Giovanni Battista Morgani, the famous Italian and anatomist in Patoa, described one of the earliest cases of pancreatic c"
YT_GI_Pancreas_Solid_Basturk,YT GI Pancreas Solid Basturk,GI::Appendix::Inflammatory::Chronic_Granulomatous::Appendiceal_Crohn_Disease,Appendiceal Crohn Disease,Appendiceal_Crohn_Disease,199.04,272.72,3:19,4:33,73.68,"https://storage.googleapis.com/pathology-hub-0/source_videos/YT_GI_Pancreas_Solid_Basturk.mp4#t=199.04,272.72",semantic_gated_v0_2,0.5022,"crypts do not quite go all the way down to rest on the mucosa. Sometimes this can be an artifact of tangential sectioning of the mucosa. But in this case, I think it's just shortening of the crypt that kind of goes along with architectural distortion. If we look around for a bit, we've established that there are architectural changes consistent with what we would call kronicity, chronic colitis. The other question is"
YT_GI_Pancreas_Solid_Basturk,YT GI Pancreas Solid Basturk,GI::Small_Intestine::Inflammatory::Malabsorption::Small_Intestinal_CVID_Enteropathy,Small Intestinal CVID Enteropathy,Small_Intestinal_CVID_Enteropathy,2737.04,2856.96,45:37,47:37,119.92,"https://storage.googleapis.com/pathology-hub-0/source_videos/YT_GI_Pancreas_Solid_Basturk.mp4#t=2737.04,2856.96",semantic_gated_v0_2,0.5412,"looks like IBD. However, the clinicians said in a note to us, they do sometimes write us helpful notes, of course. I'm really worried about CMB in this patient. Please check to see if they have CMB. Now, on H&E, not seeing great CMB. Maybe once you're thinking about CMB, your threshold kind of gets weird and any cell is not perfectly normal in this and by standard. So, it's making you wonder. So, honestly, not seeing"
YT_GI_Vascular_Allende,YT GI Vascular Allende,GI::Appendix::Inflammatory::Chronic_Granulomatous::Appendiceal_Crohn_Disease,Appendiceal Crohn Disease,Appendiceal_Crohn_Disease,199.04,272.72,3:19,4:33,73.68,"https://storage.googleapis.com/pathology-hub-0/source_videos/YT_GI_Vascular_Allende.mp4#t=199.04,272.72",semantic_gated_v0_2,0.5022,"crypts do not quite go all the way down to rest on the mucosa. Sometimes this can be an artifact of tangential sectioning of the mucosa. But in this case, I think it's just shortening of the crypt that kind of goes along with architectural distortion. If we look around for a bit, we've established that there are architectural changes consistent with what we would call kronicity, chronic colitis. The other question is"
YT_GI_Vascular_Allende,YT GI Vascular Allende,GI::Small_Intestine::Inflammatory::Malabsorption::Small_Intestinal_CVID_Enteropathy,Small Intestinal CVID Enteropathy,Small_Intestinal_CVID_Enteropathy,2737.04,2856.96,45:37,47:37,119.92,"https://storage.googleapis.com/pathology-hub-0/source_videos/YT_GI_Vascular_Allende.mp4#t=2737.04,2856.96",semantic_gated_v0_2,0.5412,"looks like IBD. However, the clinicians said in a note to us, they do sometimes write us helpful notes, of course. I'm really worried about CMB in this patient. Please check to see if they have CMB. Now, on H&E, not seeing great CMB. Maybe once you're thinking about CMB, your threshold kind of gets weird and any cell is not perfectly normal in this and by standard. So, it's making you wonder. So, honestly, not seeing"
yt_pathcast_pathboards_high_yield_gu_pathology_for_boards_eubhjs0r8gs,#PATHBOARDS HIGH - YIELD GU PATHOLOGY FOR BOARDS (pathCast),GU::Kidney::Renal_cell::Clear_Cell_RCC,Clear Cell RCC,Clear_Cell_RCC,413.36,553.24,6:53,9:13,139.88,https://www.youtube.com/watch?v=eubHjS0r8gs&t=413s,semantic_gated_v0_2,0.634,"tend to have this sort of like yellow or color when you cut through them. And their cut surface can be variegated cuz they tend to have necrosis and hemorrhage. So those findings are quite common. Here you can see that this tumor in particular is extending probably into the renal vein here in the hilum. I don't know if you can see my my pointer Sorry, let me pull up the pointer so that you can see that. So microscopi"
yt_pathcast_pathboards_high_yield_gu_pathology_for_boards_eubhjs0r8gs,#PATHBOARDS HIGH - YIELD GU PATHOLOGY FOR BOARDS (pathCast),GU::Kidney::Renal_cell::Clear_Cell_RCC,Clear Cell RCC,Clear_Cell_RCC,555.56,692.48,9:16,11:32,136.92,https://www.youtube.com/watch?v=eubHjS0r8gs&t=555s,semantic_gated_v0_2,0.698,"cytomorphology. And this in clear cell RCC tends to be associated with In this two micrographs, again, you can see clear cell RCCs that have a very characteristic appearance here on the lower left and then transitioning to higher grade areas on the upper right that at higher magnification you can see have higher nuclear features. And again, here the cells lose their clear this can happen in other renal tumors as well"
yt_pathcast_pathboards_high_yield_gu_pathology_for_boards_eubhjs0r8gs,#PATHBOARDS HIGH - YIELD GU PATHOLOGY FOR BOARDS (pathCast),GU::Kidney::RCC_Molecular::ELOC_Mutated_RCC,ELOC Mutated RCC,ELOC_Mutated_RCC,1108.52,1247.04,18:29,20:47,138.52,https://www.youtube.com/watch?v=eubHjS0r8gs&t=1108s,semantic_gated_v0_2,0.6384,"will have two big groups. One of tumors that are driven by alterations of the ELOC gene and the other one is composed of tumors that have alterations of the TSC1 TSC2 genes. So, here I'm showing you an example and it's very hard to tell them apart by morphology. You have to use either molecular or now immunohistochemistry to to distinguish one from the other within So, what I'm showing you here is a case confirmed to"
yt_pathcast_pathboards_high_yield_gu_pathology_for_boards_eubhjs0r8gs,#PATHBOARDS HIGH - YIELD GU PATHOLOGY FOR BOARDS (pathCast),GU::Kidney::Renal_cell::ELOC_TCEB1_Mutated_Renal_Cell_Carcinoma,ELOC TCEB1 Mutated Renal Cell Carcinoma,ELOC_TCEB1_Mutated_Renal_Cell_Carcinoma,969.4,1108.52,16:09,18:29,139.12,https://www.youtube.com/watch?v=eubHjS0r8gs&t=969s,semantic_gated_v0_2,0.6503,"expected when we first described this entity, but the classic examples are tumors with papillary architectural and clear cell cytomorphology. But, keep in mind that the fusion partner in this determines in part the appearance of the tumor. So, now we know that we have tumors that have as a fusion partners the genes MITF 15 or NONO which can resemble low grade neoplasms such as multilocular cystic neoplasm of low mali"
yt_pathcast_pathboards_high_yield_gu_pathology_for_boards_eubhjs0r8gs,#PATHBOARDS HIGH - YIELD GU PATHOLOGY FOR BOARDS (pathCast),GU::Testis::Germ_Cell_Tumors::Embryonal_Carcinoma,Embryonal Carcinoma,Embryonal_Carcinoma,5841.04,5979.52,1:37:21,1:39:40,138.48,https://www.youtube.com/watch?v=eubHjS0r8gs&t=5841s,semantic_gated_v0_2,0.6064,"So, this is just a morphologic variant of embryonal carcinoma. And keep in mind that both seminoma and embryonal carcinoma, as well as other tumor types, but those are the two where more where we see this more commonly, can have as you can see in this picture. That doesn't make this uh, mixed tumor with a component of choriocarcinoma. To have choriocarcinoma, you need not only the cytotrophoblast. So, the presence of"
yt_pathcast_pathboards_high_yield_gu_pathology_for_boards_eubhjs0r8gs,#PATHBOARDS HIGH - YIELD GU PATHOLOGY FOR BOARDS (pathCast),GU::Kidney::Renal_cell::SDH_Deficient_Renal_Cell_Carcinoma,SDH Deficient Renal Cell Carcinoma,SDH_Deficient_Renal_Cell_Carcinoma,3842.64,3979.68,1:04:03,1:06:20,137.04,https://www.youtube.com/watch?v=eubHjS0r8gs&t=3842s,semantic_gated_v0_2,0.6022,"this tumor type is going to be positive, although it's not typically diffusely but more commonly either focally or This is another tumor type that is part of the differential of uh oncocytoma that you don't want to miss because in this case, most of these tumors are associated with a germline alteration. And these are SDH-deficient renal cell tumors are eosinophilic, solid, and unencapsulated, and they show a very lo"
yt_pathcast_pathboards_high_yield_gu_pathology_for_boards_eubhjs0r8gs,#PATHBOARDS HIGH - YIELD GU PATHOLOGY FOR BOARDS (pathCast),GU::Testis::Germ_Cell_Tumors::Seminoma,Seminoma,Seminoma,5294.92,5431.92,1:28:15,1:30:32,137.0,https://www.youtube.com/watch?v=eubHjS0r8gs&t=5294s,semantic_gated_v0_2,0.6519,"So, let's go over first seminoma. Again, remember, within this group of GCNIS-derived germ cell tumors, seminoma 50%, non-seminoma uh 50%. Seminomas, grossly, are uh solid. They tend to be uh well-circumscribed, although they can have sort of like these diffuse edges, as you can see here. They may have areas of petechiae, but large areas of necrosis are are not common, and their cut surface has been described as um s"
yt_pathcast_pathboards_high_yield_gu_pathology_for_boards_eubhjs0r8gs,#PATHBOARDS HIGH - YIELD GU PATHOLOGY FOR BOARDS (pathCast),GU::Testis::Germ_Cell_Tumors::Seminoma,Seminoma,Seminoma,5429.4,5568.76,1:30:29,1:32:49,139.36,https://www.youtube.com/watch?v=eubHjS0r8gs&t=5429s,semantic_gated_v0_2,0.5682,"mostly in between seminiferous tubules. The seminiferous tubules show uh, some degree of reactive changes, but of course, in these cases you will not see germ cell neoplasia in situ. So, the markers I I will point this out. If you're comfortable with germ cell you typically won't use immunohistochemical markers in 90% of your cases to distinguish between seminoma and different types of non-seminoma. But if you need t"
yt_pathcast_pathboards_high_yield_gu_pathology_for_boards_eubhjs0r8gs,#PATHBOARDS HIGH - YIELD GU PATHOLOGY FOR BOARDS (pathCast),GU::Testis::Germ_Cell_Tumors::Seminoma,Seminoma,Seminoma,5565.96,5702.88,1:32:46,1:35:03,136.92,https://www.youtube.com/watch?v=eubHjS0r8gs&t=5565s,semantic_gated_v0_2,0.5882,"multifocally rather than diffusely. But I've seen seminomas with diffuse keratin expression. So, keratin expression is not incompatible with a diagnosis of seminoma. Another thing I want to point whenever you're thinking about um, the possibility of a metastatic tumor to the testis or involvement of the testis by a tumor from other site, some tumors can have SALL4 expression. SALL4, which is a general marker of a ger"
yt_pathcast_pathboards_high_yield_gu_pathology_for_boards_eubhjs0r8gs,#PATHBOARDS HIGH - YIELD GU PATHOLOGY FOR BOARDS (pathCast),GU::Kidney::RCC_Molecular::TFEB_altered_RCC,TFEB altered RCC,TFEB_altered_RCC,2069.76,2206.72,34:30,36:47,136.96,https://www.youtube.com/watch?v=eubHjS0r8gs&t=2069s,semantic_gated_v0_2,0.6106,"tumor, and they were initially um somatous renal cell carcinoma. So, these are in general high-grade tumors that uh have a biphasic appearance, which is different from the biphasic appearance of the uh biphasic papillary that I've shown before in that in in there are nests of cells where the cells located in the center of the nests are going to be smaller than the ones located at the periphery. And that's the opposit"
GU_Lecture_1_Kidney1,GU Lecture 1 Kidney1,GU::Kidney::RCC_Other::Chromophobe_Renal_Cell_Carcinoma,Chromophobe Renal Cell Carcinoma,Chromophobe_Renal_Cell_Carcinoma,1397.04,1475.76,23:17,24:36,78.72,"https://storage.googleapis.com/pathology-hub-0/source_videos/GU_Lecture_1_Kidney1.mp4#t=1397.04,1475.76",semantic_gated_v0_2,0.5641,"This study highlights the importance of tumor type for disease-specific survival. While an older study, it's a significant work by a renowned pathologist. For instance, unclassified high-grade tumors are very dangerous, with only 20% of patients alive at five years. In contrast, patients with chromophobe RCC have excellent prognoses, with virtually all (9 out of 10) surviving at eight years. Despite being classified "
GU_Lecture_1_Kidney1,GU Lecture 1 Kidney1,GU::Kidney::RCC_Other::Clear_Cell_Papillary_Renal_Cell_Tumor,Clear Cell Papillary Renal Cell Tumor,Clear_Cell_Papillary_Renal_Cell_Tumor,2001.84,2743.84,33:22,45:44,742.0,"https://storage.googleapis.com/pathology-hub-0/source_videos/GU_Lecture_1_Kidney1.mp4#t=2001.84,2743.84",semantic_gated_v0_2,0.7385,"Classifying adult renal tumor types is complex, often beginning with grouping by morphological features such as clear cells or papillary morphology. Clear cell RCC is associated with 3p minus or VHL mutations. Many tumors contain clear cells, so this category can be further refined by considering factors like grade, where clear cell tumors can present as low or high grade. Papillary RCC is typically defined by c-MET "
GU_Lecture_1_Kidney1,GU Lecture 1 Kidney1,GU::Prostate::Additional_Topics::Gleason_Grading,Gleason Grading,Gleason_Grading,1476.64,1574.48,24:37,26:14,97.84,"https://storage.googleapis.com/pathology-hub-0/source_videos/GU_Lecture_1_Kidney1.mp4#t=1476.64,1574.48",semantic_gated_v0_2,0.5768,"Grading is important. Again, from the same person and same study, this was Fuhrman grading. We now use the WHO ISUP nucleolar grade, which are actually virtually identical systems with very little difference between them. However, this is the old Fuhrman system used by these investigators. Again, if you had a Grade 4 tumor, only 30% were alive in two to three years, whereas Grade 1, Grade 2, and Grade 3 had pretty go"
GU_Lecture_1_Kidney1,GU Lecture 1 Kidney1,GU::Kidney::Renal_cell::Multilocular_Cystic_Renal_Neoplasm_of_Low_Malignant_Potential,Multilocular Cystic Renal Neoplasm of Low Malignant Potential,Multilocular_Cystic_Renal_Neoplasm_of_Low_Malignant_Potential,1899.36,2001.2,31:39,33:21,101.84,"https://storage.googleapis.com/pathology-hub-0/source_videos/GU_Lecture_1_Kidney1.mp4#t=1899.36,2001.2",semantic_gated_v0_2,0.5739,"Regarding renal tumor types less than one centimeter, we are looking at this in general because most... Based on old data, renal tumors used to be identified only when a patient was complaining of weight loss and a large tumor was present. However, now with modern advancements... Due to incidental identifications from imaging studies, we are finding many small renal tumors. When discussing tumors less than one centim"
GU_Lecture_10_Prostate1,GU Lecture 10 Prostate1,GU::Prostate::Additional_Topics::Gleason_Grading,Gleason Grading,Gleason_Grading,382.0,540.0,6:22,9:00,158.0,"https://storage.googleapis.com/pathology-hub-0/source_videos/GU_Lecture_10_Prostate1.mp4#t=382,540",semantic_gated_v0_2,0.7149,"Gleason grading is one of the most important issues with prostate adenocarcinoma after diagnosis. It is the most important tissue-based prognostic and predictive biomarker in prostate cancer, with grade often being a bigger driver than stage in this context. Although developed in the 1960s, the Gleason system was not accepted by the World Health Organization until 2003, taking 30 years to gain global consensus. It pr"
GU_Lecture_10_Prostate1,GU Lecture 10 Prostate1,GU::Prostate::Additional_Topics::Gleason_Grading,Gleason Grading,Gleason_Grading,540.0,1078.0,9:00,17:58,538.0,"https://storage.googleapis.com/pathology-hub-0/source_videos/GU_Lecture_10_Prostate1.mp4#t=540,1078",semantic_gated_v0_2,0.6383,"I want to share my philosophy about grading malignancies in general before continuing the lecture, as it's really important. Grading of malignancies originated with squamous cell carcinomas in the head and neck region in the 1920s. It was proposed that the degree of differentiation observed under the microscope correlates with patient outcomes, making grading a strong prognostic and predictive biomarker. Most grading"
GU_Lecture_10_Prostate1,GU Lecture 10 Prostate1,GU::Prostate::Additional_Topics::Gleason_Grading,Gleason Grading,Gleason_Grading,1078.0,1288.0,17:58,21:28,210.0,"https://storage.googleapis.com/pathology-hub-0/source_videos/GU_Lecture_10_Prostate1.mp4#t=1078,1288",semantic_gated_v0_2,0.7009,"Now, I'm going to talk about the Gleason system because it is unique compared to how virtually all other grading systems work. It was formulated in the 1960s, validated in the 1970s, and continues to be refined today because, despite its shortcomings, it remains the most powerful prognostic and predictive indicator. Here are two things that make Gleason grading different from all other grading types: First, it's base"
GU_Lecture_10_Prostate1,GU Lecture 10 Prostate1,GU::Prostate::Additional_Topics::Margins,Margins,Margins,2939.0,3026.0,48:59,50:26,87.0,"https://storage.googleapis.com/pathology-hub-0/source_videos/GU_Lecture_10_Prostate1.mp4#t=2939,3026",semantic_gated_v0_2,0.5382,"Surgical margins certainly matter for outcomes, especially regarding PSA progression. This refers to serum PSA recurrence, not necessarily tumor recurrence, as PSA can recur for various reasons without indicating metastatic disease or poor patient condition. The prostate bed might be treated if serum PSA recurs. Patients with negative margins show an 80% PSA non-progression rate, which drops to 60% for those with pos"
GU_Lecture_10_Prostate1,GU Lecture 10 Prostate1,GU::Prostate::Inflammatory::Post_Biopsy_Changes,Post Biopsy Changes,Post_Biopsy_Changes,1500.0,1931.0,25:00,32:11,431.0,"https://storage.googleapis.com/pathology-hub-0/source_videos/GU_Lecture_10_Prostate1.mp4#t=1500,1931",semantic_gated_v0_2,0.5655,"This discussion covers the history of different prostate specimens and factors that have changed urologic and pathologic practice. Four groundbreaking changes in the late 1980s and early 1990s revolutionized prostate care. First, the development of serum PSA by Dr. Stamey at Stanford allowed for earlier detection of prostate cancer, contrasting with previous methods that relied on symptoms like urinary obstruction re"
GU_Lecture_10_Prostate1,GU Lecture 10 Prostate1,GU::Prostate::Glandular_neoplasms::Prostatic_Acinar_Adenocarcinoma,Prostatic Acinar Adenocarcinoma,Prostatic_Acinar_Adenocarcinoma,1288.0,1414.0,21:28,23:34,126.0,"https://storage.googleapis.com/pathology-hub-0/source_videos/GU_Lecture_10_Prostate1.mp4#t=1288,1414",semantic_gated_v0_2,0.6981,"The small acinar adenocarcinoma makes up virtually 99% of prostate tumors, presenting with various architectures and patterns. While these subtypes do not necessarily drive tumor behavior, they are important to recognize due to potential confusion with benign entities or other tumor types, a topic frequently discussed at conferences. For instance, atrophic adenocarcinomas can resemble benign atrophy, pseudohyperplast"
GU_Lecture_10_Prostate1,GU Lecture 10 Prostate1,GU::Prostate::Squamous_Neoplasms::Prostatic_Stromal_Tumor_of_Uncertain_Malignant_Potential,Prostatic Stromal Tumor of Uncertain Malignant Potential,Prostatic_Stromal_Tumor_of_Uncertain_Malignant_Potential,45.0,382.0,0:45,6:22,337.0,"https://storage.googleapis.com/pathology-hub-0/source_videos/GU_Lecture_10_Prostate1.mp4#t=45,382",semantic_gated_v0_2,0.6829,"I always start off with the list of tumors for these lectures. It is important to have the list of all the different possibilities or the most common possibilities for all the tumors. I try to break these things down into clusters that hopefully make it easier to think about. For prostate tumors, we are primarily talking about prostatic (small acinar) adenocarcinoma, which accounts for virtually every tumor that occu"
GU_Lecture_10_Prostate1,GU Lecture 10 Prostate1,GU::Prostate::Therapy_Effects::Radiation,Radiation,Radiation,3169.0,3265.0,52:49,54:25,96.0,"https://storage.googleapis.com/pathology-hub-0/source_videos/GU_Lecture_10_Prostate1.mp4#t=3169,3265",semantic_gated_v0_2,0.505,"The choice between radiation therapy and prostatectomy is a critical decision. Generally, younger patients are treated with prostatectomy, while older patients receive radiation. This approach is favored because irradiating a younger patient can lead to long-term side effects. Furthermore, if a prostatectomy fails, radiation remains a viable backup treatment. Conversely, if radiation is used as the primary treatment "
GU_Lecture_11_Prostate2,GU Lecture 11 Prostate2,GU::Prostate::Benign::Basal_Cell_Hyperplasia,Basal Cell Hyperplasia,Basal_Cell_Hyperplasia,725.0,801.0,12:05,13:21,76.0,"https://storage.googleapis.com/pathology-hub-0/source_videos/GU_Lecture_11_Prostate2.mp4#t=725,801",semantic_gated_v0_2,0.7233,"In some instances, one might observe basal cell hyperplasia, characterized by a significant proliferation of basal cells. This proliferation can occur in multiple glands or ducts, potentially forming a basal cell adenoma or, in exceedingly rare cases, a basal cell carcinoma. Basal cell proliferation is sometimes seen in the prostate gland. It is also challenging to discriminate these basal cells from urethelial cells"
GU_Lecture_11_Prostate2,GU Lecture 11 Prostate2,GU::Prostate::Benign::Basal_Cell_Hyperplasia,Basal Cell Hyperplasia,Basal_Cell_Hyperplasia,1979.0,2101.0,32:59,35:01,122.0,"https://storage.googleapis.com/pathology-hub-0/source_videos/GU_Lecture_11_Prostate2.mp4#t=1979,2101",semantic_gated_v0_2,0.6733,"This is another similar lesion presenting with straight, luminal borders and glandular crowding, which might initially suggest prostate cancer. However, examining adjacent glands with similar morphology, including papillary infoldings and an intact basal cell layer, indicates a potential diagnostic pitfall. A basal cell marker should be applied to such lesions. The subsequent section of this lesion clearly demonstrat"
GU_Lecture_11_Prostate2,GU Lecture 11 Prostate2,GU::Prostate::Glandular_neoplasms::High_Grade_Prostatic_Intraepithelial_Neoplasia,High Grade Prostatic Intraepithelial Neoplasia,High_Grade_Prostatic_Intraepithelial_Neoplasia,3068.0,3186.0,51:08,53:06,118.0,"https://storage.googleapis.com/pathology-hub-0/source_videos/GU_Lecture_11_Prostate2.mp4#t=3068,3186",semantic_gated_v0_2,0.6505,"This is an example of something at high power with multiple cell layers, exhibiting prominent, clear nucleoli. With the presence of these nucleoli, we need to identify this finding. We also observe some brown pigment. The cytology here differs from the cytology elsewhere; these nuclei are enlarged, while others are tiny, within the same gland. This suggests mixed messages, with both benign and malignant features in t"
GU_Lecture_11_Prostate2,GU Lecture 11 Prostate2,GU::Prostate::Histology_&_Anatomy::Histology_&_Anatomy_of_Prostate_Gland,Histology & Anatomy of Prostate Gland,Histology_&_Anatomy_of_Prostate_Gland,319.0,389.0,5:19,6:29,70.0,"https://storage.googleapis.com/pathology-hub-0/source_videos/GU_Lecture_11_Prostate2.mp4#t=319,389",semantic_gated_v0_2,0.5812,"Here is McNeal's cartoon, lifted from Epstein's biopsy book, illustrating the different parts that together form the prostate gland. The peripheral zone is represented by the yellow tissue, the central zone by the orange tissue, and the transition zone by the blue. Anatomically, the urinary bladder is superior, the urogenital diaphragm inferior, the pubic bone anterior, and the rectum posterior. The anterior part of "
GU_Lecture_11_Prostate2,GU Lecture 11 Prostate2,GU::Prostate::Histology_&_Anatomy::Histology_&_Anatomy_of_Prostate_Gland,Histology & Anatomy of Prostate Gland,Histology_&_Anatomy_of_Prostate_Gland,497.0,632.0,8:17,10:32,135.0,"https://storage.googleapis.com/pathology-hub-0/source_videos/GU_Lecture_11_Prostate2.mp4#t=497,632",semantic_gated_v0_2,0.6131,"If we examine a low-power photomicrograph, the urethra would be visible, and the distribution of the prostate ducts can be observed. As one moves into the peripheral zone, the peripheral area of the prostate gland would be located externally to the urethra. Notably, in benign prostate tissue, there are beautiful fibrovascular cores that protrude into the lumens where the secretory elements of the prostate gland are d"
GU_Lecture_12_Prostate3,GU Lecture 12 Prostate3,GU::Prostate::Benign::Atrophy,Atrophy,Atrophy,1880.0,2019.0,31:20,33:39,139.0,"https://storage.googleapis.com/pathology-hub-0/source_videos/GU_Lecture_12_Prostate3.mp4#t=1880,2019",semantic_gated_v0_2,0.588,"This is a close-up of this again. You have obviously benign papillary infoldings here. This gland on this side also presents with some papillary infoldings, and its cytoplasm is the same as that of benign tissue. It is partially atrophic in the gland over on this side. So, partial atrophy refers to incomplete, not complete, atrophic changes, unlike what we saw before. Again, the nuclei are really far apart. I have ne"
GU_Lecture_12_Prostate3,GU Lecture 12 Prostate3,GU::Prostate::Benign::Atrophy,Atrophy,Atrophy,2804.0,2937.0,46:44,48:57,133.0,"https://storage.googleapis.com/pathology-hub-0/source_videos/GU_Lecture_12_Prostate3.mp4#t=2804,2937",semantic_gated_v0_2,0.6413,"This example presents shriveled tissue that resembles partial atrophy. However, the proximity of a nerve suggests these structures are unusually close to the peripheral prostate gland and are out of place, indicative of anti-androgen effects. These cells appear to be infiltrating a benign gland. While not always present, anti-androgen treatment of the prostate gland frequently induces chronic inflammation and trigger"
GU_Lecture_12_Prostate3,GU Lecture 12 Prostate3,GU::Prostate::Benign::Basal_Cell_Hyperplasia,Basal Cell Hyperplasia,Basal_Cell_Hyperplasia,308.0,431.0,5:08,7:11,123.0,"https://storage.googleapis.com/pathology-hub-0/source_videos/GU_Lecture_12_Prostate3.mp4#t=308,431",semantic_gated_v0_2,0.6262,"This example highlights issues related to mimics of benign conditions that can be problematic in diagnosis. On the left, these glands exhibit very nice papillary infoldings, though some areas also present with very straight luminal borders. Contrastingly, a benign gland appears with smaller nuclei and lighter cytoplasm, distinct from the very discrete cytoplasm of the lesion. It is difficult to determine if the areas"
GU_Lecture_12_Prostate3,GU Lecture 12 Prostate3,GU::Prostate::Benign::Clear_Cell_Cribriform_Hyperplasia,Clear Cell Cribriform Hyperplasia,Clear_Cell_Cribriform_Hyperplasia,639.0,716.0,10:39,11:56,77.0,"https://storage.googleapis.com/pathology-hub-0/source_videos/GU_Lecture_12_Prostate3.mp4#t=639,716",semantic_gated_v0_2,0.5967,"This is a close-up of cribriform growth, which should suggest that this might be a cancer. The speaker intentionally presents challenging examples to emphasize the importance of paying close attention to these issues, as missing them can have significant consequences. In practical settings, these features are often more obvious when examining a needle core with multiple level sections in one's own case, making recogn"
GU_Lecture_12_Prostate3,GU Lecture 12 Prostate3,GU::Prostate::Glandular_neoplasms::Pseudohyperplastic_Prostatic_Adenocarcinoma,Pseudohyperplastic Prostatic Adenocarcinoma,Pseudohyperplastic_Prostatic_Adenocarcinoma,1009.0,1140.0,16:49,19:00,131.0,"https://storage.googleapis.com/pathology-hub-0/source_videos/GU_Lecture_12_Prostate3.mp4#t=1009,1140",semantic_gated_v0_2,0.6101,"This is a list of different conditions that can mimic prostate cancer and complicate diagnosis. This topic was briefly covered previously but warrants review. Atrophy can resemble cancer. Pseudohyperplastic carcinoma can mimic hyperplasia. Foamy gland carcinoma, while often an easy diagnosis, can be mimicked by Cowper's glands, especially in an apex biopsy. Ductal or intraductal carcinomas can overlap with high-grade"
GU_Lecture_12_Prostate3,GU Lecture 12 Prostate3,GU::Prostate::Benign::Sclerosing_Adenosis,Sclerosing Adenosis,Sclerosing_Adenosis,2400.0,2504.0,40:00,41:44,104.0,"https://storage.googleapis.com/pathology-hub-0/source_videos/GU_Lecture_12_Prostate3.mp4#t=2400,2504",semantic_gated_v0_2,0.7363,"This is another example of a sclerotic lesion. One might initially mistake it for cancer due to the sclerosis. However, observe the clear circumscription along the lesion's edge, which warrants caution in diagnosis. Sclerosing adenosis is shown up close, featuring blue mucin. This presents a diagnostic pitfall, as the presence of blue mucin is often considered indicative of malignancy. However, in this case, sclerosi"
GU_Lecture_12_Prostate3,GU Lecture 12 Prostate3,GU::Prostate::Glandular_neoplasms::Treatment_Related_Neuroendocrine_Prostate_Cancer,Treatment Related Neuroendocrine Prostate Cancer,Treatment_Related_Neuroendocrine_Prostate_Cancer,2542.0,2721.0,42:22,45:21,179.0,"https://storage.googleapis.com/pathology-hub-0/source_videos/GU_Lecture_12_Prostate3.mp4#t=2542,2721",semantic_gated_v0_2,0.6239,"I will now discuss treated cancers, emphasizing the importance of patient history. Often, benign tissue in treated prostate biopsies presents visual cues, allowing pathologists to identify treated cases even without prior knowledge. Treated prostate cancer, whether by radiation or anti-androgen therapy, can cause atrophic or metaplastic changes in both benign and tumor tissue. These changes include reactionary basal "
GU_Lecture_13_Prostate4,GU Lecture 13 Prostate4,GU::Prostate::Additional_Topics::Gleason_Grading,Gleason Grading,Gleason_Grading,7.28,66.84,0:07,1:07,59.56,"https://storage.googleapis.com/pathology-hub-0/source_videos/GU_Lecture_13_Prostate4.mp4#t=7.28,66.84",semantic_gated_v0_2,0.6907,"All right, there we are. Today's lecture will cover Gleason grading. There will be one more prostate lecture next Wednesday, focusing on the latest issues in prostate pathology, particularly introducing lesions. This will be a key area of focus due to ongoing controversy. The lecture will provide everything you need to know about grading. I don't need to go over the motivation; it is essential to learn grading. We ha"
GU_Lecture_13_Prostate4,GU Lecture 13 Prostate4,GU::Prostate::Additional_Topics::Gleason_Grading,Gleason Grading,Gleason_Grading,66.84,226.84,1:07,3:47,160.0,"https://storage.googleapis.com/pathology-hub-0/source_videos/GU_Lecture_13_Prostate4.mp4#t=66.84,226.84",semantic_gated_v0_2,0.7132,"For grading prostate cancers, there are more than 40 grading systems in the literature; however, Gleason has proven itself to be the most effective and useful. One of our colleagues, Dr. Jesse McKenny at Cleveland Clinic Foundation, is actually working on a new grading system, though it might get superseded by robots before he finishes. Grading systems are designed in two ways: one is by drawing patterns observed and"
GU_Lecture_13_Prostate4,GU Lecture 13 Prostate4,GU::Prostate::Additional_Topics::Gleason_Grading,Gleason Grading,Gleason_Grading,226.84,334.84,3:47,5:35,108.0,"https://storage.googleapis.com/pathology-hub-0/source_videos/GU_Lecture_13_Prostate4.mp4#t=226.84,334.84",semantic_gated_v0_2,0.7151,"Gleason grading in prostate cancer is the most important tissue-based prognostic and predictive factor we currently have for looking at outcomes in primary prostate cancer. This information was quoted directly from the last WHO Blue Book. Interestingly, despite approximately 40 different grading schemes, authors advocate for their own to be the primary standard. Due to political reasons, even though Gleason's scheme "
GU_Lecture_13_Prostate4,GU Lecture 13 Prostate4,GU::Prostate::Additional_Topics::Gleason_Grading,Gleason Grading,Gleason_Grading,334.84,448.84,5:35,7:29,114.0,"https://storage.googleapis.com/pathology-hub-0/source_videos/GU_Lecture_13_Prostate4.mp4#t=334.84,448.84",semantic_gated_v0_2,0.6429,"The original Gleason system, developed in the 1960s and validated in the 1970s, continues to be modified and refined today. It focuses solely on architectural growth patterns, not cytologic features, to account for tumor heterogeneity. The original system utilized five grades or patterns. A score is derived by summing the most common pattern or grade (the primary grade, X) and the second most common pattern or grade "
GU_Lecture_13_Prostate4,GU Lecture 13 Prostate4,GU::Prostate::Additional_Topics::Gleason_Grading,Gleason Grading,Gleason_Grading,448.84,549.84,7:29,9:10,101.0,"https://storage.googleapis.com/pathology-hub-0/source_videos/GU_Lecture_13_Prostate4.mp4#t=448.84,549.84",semantic_gated_v0_2,0.6846,"This explains how Gleason developed his system: he initially created nine distinct schematic patterns that he observed for prostate carcinoma. Comparing outcomes for these nine patterns, they resolved into five different outcome groups. Group one and two each contained one pattern; group three encompassed three patterns; and groups four and five each included two patterns. He combined that into this diagram, which is"
GU_Lecture_13_Prostate4,GU Lecture 13 Prostate4,GU::Prostate::Additional_Topics::Gleason_Grading,Gleason Grading,Gleason_Grading,2959.84,3095.84,49:20,51:36,136.0,"https://storage.googleapis.com/pathology-hub-0/source_videos/GU_Lecture_13_Prostate4.mp4#t=2959.84,3095.84",semantic_gated_v0_2,0.6535,"I have just gone through all those different subtypes and stressed that it is the growth pattern that matters, not the subtype or variant. The Gleason system has been modified since its original description. The International Society of Urologic Pathologists (ISUP) held two consensus meetings in 2005 and 2014 to discuss these modifications, bringing together prostate pathologists to identify common areas, make consen"
GU_Lecture_13_Prostate4,GU Lecture 13 Prostate4,GU::Prostate::Additional_Topics::Gleason_Grading,Gleason Grading,Gleason_Grading,3153.84,3257.84,52:34,54:18,104.0,"https://storage.googleapis.com/pathology-hub-0/source_videos/GU_Lecture_13_Prostate4.mp4#t=3153.84,3257.84",semantic_gated_v0_2,0.622,"According to the ISUP modifications to Gleason scoring, if a tumor consists of 95% patterns 4 and 5 with less than 5% pattern 3, the pattern 3 component is ignored, resulting in a 4+4 score. In the prostate, discrete tumors should be scored separately, especially when grades are disparate, as the highest-grade component drives the outcome. For instance, a 4+5 separate tumor alongside a large 3+3 lesion should be grad"
GU_Lecture_13_Prostate4,GU Lecture 13 Prostate4,GU::Prostate::Additional_Topics::Gleason_Grading,Gleason Grading,Gleason_Grading,3257.84,3363.84,54:18,56:04,106.0,"https://storage.googleapis.com/pathology-hub-0/source_videos/GU_Lecture_13_Prostate4.mp4#t=3257.84,3363.84",semantic_gated_v0_2,0.6673,"Grade migration has occurred where the lowest possible Gleason score is now six, as grades one and two have been removed from the two to ten scale. Essentially, numbers two through five are no longer used. This is confusing for patients and difficult to explain, leading to significant anxiety; for example, telling a patient they have a 'six' and a 'great outcome' can be met with confusion and fear, as patients percei"
GU_Lecture_13_Prostate4,GU Lecture 13 Prostate4,GU::Prostate::Additional_Topics::Gleason_Grading,Gleason Grading,Gleason_Grading,3363.84,3498.84,56:04,58:19,135.0,"https://storage.googleapis.com/pathology-hub-0/source_videos/GU_Lecture_13_Prostate4.mp4#t=3363.84,3498.84",semantic_gated_v0_2,0.7061,"Grade Group one is assigned to Gleason scores less than seven, where Pattern three is the lowest grade pattern (e.g., 3+3=6). A 3+4 Gleason score corresponds to Grade Group two. A 4+3 Gleason score is Grade Group three. Any Gleason score of eight is Grade Group four, and anything above eight is Grade Group five. UCSF does not include this translation in their reports because it is a simple conversion from a Gleason s"
GU_Lecture_13_Prostate4,GU Lecture 13 Prostate4,GU::Prostate::Additional_Topics::Gleason_Grading,Gleason Grading,Gleason_Grading,3498.84,3591.84,58:19,59:52,93.0,"https://storage.googleapis.com/pathology-hub-0/source_videos/GU_Lecture_13_Prostate4.mp4#t=3498.84,3591.84",semantic_gated_v0_2,0.6328,"The outcomes for different pathological Gleason Sums are presented, starting with grade group one (three plus three), followed by three plus four, four plus three, and four plus four. Even in Epstein's data, the four plus three and four plus four groups are observed to run together as outcomes are followed. The analysis also includes any Gleason sums higher than eight. This slide presents biopsy data, correcting an e"
GU_Lecture_13_Prostate4,GU Lecture 13 Prostate4,GU::Prostate::Additional_Topics::Gleason_Grading,Gleason Grading,Gleason_Grading,3591.84,3709.84,59:52,1:01:50,118.0,"https://storage.googleapis.com/pathology-hub-0/source_videos/GU_Lecture_13_Prostate4.mp4#t=3591.84,3709.84",semantic_gated_v0_2,0.6212,"This represents the cutting edge of current research. First, regarding quantitation, specifically the percentage of Gleason pattern 4 and 5, not everyone believes this is important, but I will present compelling data. Next, qualitatively, we examine subtypes of how Gleason patterns 4 or 5 grow, as well as stromal patterns, and how these might affect outcomes. There is strong evidence that we need to incorporate these"
GU_Lecture_13_Prostate4,GU Lecture 13 Prostate4,GU::Prostate::Additional_Topics::Gleason_Grading,Gleason Grading,Gleason_Grading,3934.84,4067.84,1:05:35,1:07:48,133.0,"https://storage.googleapis.com/pathology-hub-0/source_videos/GU_Lecture_13_Prostate4.mp4#t=3934.84,4067.84",semantic_gated_v0_2,0.6158,"We now include this in our report, and Nancy Greenland actually studied it. The degree of stromal reaction was analyzed, and although we lacked direct outcome data, a surrogate molecular score clearly increased with more severe stromal reactions. Therefore, we should consider incorporating this into a grading system. She also did the same thing for what Emily did for the expansive cribriform types of growth shown her"
GU_Lecture_13_Prostate4,GU Lecture 13 Prostate4,GU::Prostate::Additional_Topics::Gleason_Grading,Gleason Grading,Gleason_Grading,4217.84,4342.84,1:10:18,1:12:23,125.0,"https://storage.googleapis.com/pathology-hub-0/source_videos/GU_Lecture_13_Prostate4.mp4#t=4217.84,4342.84",semantic_gated_v0_2,0.5727,"3D pathology involves non-destructive imaging through a tissue block without cutting it. For example, a prostate needle core, which is about one millimeter thick, can be entirely imaged. Advantages include digitization for AI/IA. A significant finding is that when imaging a prostate needle core with 3D pathology, one out of 20 cases reveals unsampled prostate cancer that was not present on a traditional slide but was"
GU_Lecture_13_Prostate4,GU Lecture 13 Prostate4,GU::Prostate::Benign::Large_&_Cribriform_Gland_Patterns,Large & Cribriform Gland Patterns,Large_&_Cribriform_Gland_Patterns,1446.84,1537.84,24:07,25:38,91.0,"https://storage.googleapis.com/pathology-hub-0/source_videos/GU_Lecture_13_Prostate4.mp4#t=1446.84,1537.84",semantic_gated_v0_2,0.6007,"Gleason pattern 4 can be achieved through different growth patterns, but it essentially involves what appears to be gland fusion. While the term 'fusion' is often used, a renowned pathologist clarified that it is not actual fusion but rather a growth pattern where there is no intervening stroma between what look like individual gland structures, forming complex growth patterns instead of distinct glands. Cribriform p"
GU_Lecture_13_Prostate4,GU Lecture 13 Prostate4,GU::Prostate::Benign::Large_&_Cribriform_Gland_Patterns,Large & Cribriform Gland Patterns,Large_&_Cribriform_Gland_Patterns,1697.84,1832.84,28:18,30:33,135.0,"https://storage.googleapis.com/pathology-hub-0/source_videos/GU_Lecture_13_Prostate4.mp4#t=1697.84,1832.84",semantic_gated_v0_2,0.6171,"Here, you can see very complex cribiform growth. I would call this the expansion-style cribiform or large cribiform because it is actually expanding and much larger than you would expect for a benign gland. I call it expansion style; the rest of the world calls it large cribiform. I am in a fight with everyone about the difference between expansion style and large. This image shows expansion-style growth. There is a "
GU_Lecture_13_Prostate4,GU Lecture 13 Prostate4,GU::Prostate::Benign::Large_&_Cribriform_Gland_Patterns,Large & Cribriform Gland Patterns,Large_&_Cribriform_Gland_Patterns,3813.84,3934.84,1:03:34,1:05:35,121.0,"https://storage.googleapis.com/pathology-hub-0/source_videos/GU_Lecture_13_Prostate4.mp4#t=3813.84,3934.84",semantic_gated_v0_2,0.5835,"Here is the outcome for the same study, same paper. The black line represents the outcome for pattern five. This chart shows distant metastasis-free survival, specifically the development of metastasis. The upper line represents all cases without cribriform growth greater than 0.25. These are all cases where there was cribriform growth greater than 0.25 and without pattern five. Pattern five cases are indicated here,"
GU_Lecture_13_Prostate4,GU Lecture 13 Prostate4,GU::Prostate::Benign::Nonglandular_Patterns,Nonglandular Patterns,Nonglandular_Patterns,549.84,679.84,9:10,11:20,130.0,"https://storage.googleapis.com/pathology-hub-0/source_videos/GU_Lecture_13_Prostate4.mp4#t=549.84,679.84",semantic_gated_v0_2,0.6496,"Let's start with Gleason pattern 1. It is defined as a circumscribed nodule of uniform glands, meaning the glands are similar in size, shape, and distribution. This is a grade one. I found a great example of grade one in Dr. Epstein's files, which he uses in his textbooks, suggesting it's one of the few actual grade ones that exist. These uniform glands are not fused together; stroma surrounds each individual gland. "
GU_Lecture_13_Prostate4,GU Lecture 13 Prostate4,GU::Prostate::Benign::Nonglandular_Patterns,Nonglandular Patterns,Nonglandular_Patterns,819.84,924.84,13:40,15:25,105.0,"https://storage.googleapis.com/pathology-hub-0/source_videos/GU_Lecture_13_Prostate4.mp4#t=819.84,924.84",semantic_gated_v0_2,0.5826,"Here is another example of a 'two.' Perhaps you would call it a 'two plus three' because these glands are going off to the side or getting away from the main nodule. This is not a dual or uniform nodule. This would probably be called a two plus three. There is some benign tissue adjacent, although the primary areas under discussion show no benign cells within the tumor. Both of these are relatively circumscribed area"
GU_Lecture_13_Prostate4,GU Lecture 13 Prostate4,GU::Prostate::Benign::Nonglandular_Patterns,Nonglandular Patterns,Nonglandular_Patterns,924.84,1029.84,15:25,17:10,105.0,"https://storage.googleapis.com/pathology-hub-0/source_videos/GU_Lecture_13_Prostate4.mp4#t=924.84,1029.84",semantic_gated_v0_2,0.6155,"Gleason pattern three, or grade three, describes individual glands infiltrating in and around benign tissue. It can also be classified as pattern three if glands are not infiltrating around benign tissue but are present in an irregular, non-uniform distribution. While a regular distribution typically indicates pattern one or two, if benign tissue is incorporated within a regularly distributed tumor, it becomes patter"
GU_Lecture_13_Prostate4,GU Lecture 13 Prostate4,GU::Prostate::Benign::Nonglandular_Patterns,Nonglandular Patterns,Nonglandular_Patterns,1954.84,2093.84,32:35,34:54,139.0,"https://storage.googleapis.com/pathology-hub-0/source_videos/GU_Lecture_13_Prostate4.mp4#t=1954.84,2093.84",semantic_gated_v0_2,0.5858,"Gleason Pattern 5 can manifest as single cells, resembling lobular cancer of the breast, or as solid sheets of tumor. Necrosis within a Pattern 4 tumor also signifies Pattern 5; however, necrosis in Pattern 3, often referred to as comedo necrosis, does not elevate it to Pattern 5. It's crucial to assess the growth pattern, not the presence of vacuoles, as vacuoles can be seen in Patterns 3 or 4 and do not automatical"
GU_Lecture_13_Prostate4,GU Lecture 13 Prostate4,GU::Prostate::Benign::Nonglandular_Patterns,Nonglandular Patterns,Nonglandular_Patterns,2094.84,2206.84,34:55,36:47,112.0,"https://storage.googleapis.com/pathology-hub-0/source_videos/GU_Lecture_13_Prostate4.mp4#t=2094.84,2206.84",semantic_gated_v0_2,0.5681,"Here are these single cells running through. So that's a pattern five. Again, you don't have anything else in here. Urothelial cancer can look like this; lymphomas can look like this. So if this is what the entire tumor looks like, again, I would probably do something to verify it's prostate before I went and called this five plus five. An example of comedo necrosis in pattern four, that's pattern five. Solid tumor w"
GU_Lecture_2_Kidney2,GU Lecture 2 Kidney2,GU::Kidney::Renal_cell::Clear_Cell_RCC,Clear Cell RCC,Clear_Cell_RCC,844.0,945.0,14:04,15:45,101.0,"https://storage.googleapis.com/pathology-hub-0/source_videos/GU_Lecture_2_Kidney2.mp4#t=844,945",semantic_gated_v0_2,0.7419,"Next example is a very rare entity that might be considered a clear cell RCC. There is a collection of cells with clear cytoplasm, and they appear relatively low grade. There are a few key observations regarding this lesion. Firstly, it is low grade. Secondly, it is important to note how it interacts with the adjacent benign kidney tissue. As observed, there is no reactive response whatsoever; if this is a clear cell"
GU_Lecture_2_Kidney2,GU Lecture 2 Kidney2,GU::Kidney::RCC_Molecular::Fumarate_Hydratase_Deficient_RCC,Fumarate Hydratase Deficient RCC,Fumarate_Hydratase_Deficient_RCC,3316.0,3442.6,55:16,57:23,126.6,"https://storage.googleapis.com/pathology-hub-0/source_videos/GU_Lecture_2_Kidney2.mp4#t=3316,3442.6",semantic_gated_v0_2,0.671,"If the diagnosis of FH deficient RCC is made, the patient requires a work-up for hereditary conditions because relatives are at risk for developing these aggressive RCCs, which often have a poor prognosis with limited treatment options beyond surgical resection. These patients frequently present with numerous cutaneous and uterine leiomyomas; close examination of these benign leiomyomas often reveals nucleoli with pe"
GU_Lecture_2_Kidney2,GU Lecture 2 Kidney2,GU::Kidney::Non_Neoplastic::Renal_Malakoplakia,Renal Malakoplakia,Renal_Malakoplakia,616.0,721.0,10:16,12:01,105.0,"https://storage.googleapis.com/pathology-hub-0/source_videos/GU_Lecture_2_Kidney2.mp4#t=616,721",semantic_gated_v0_2,0.647,"This is melacoplacia, which can occur anywhere in the body. It is thought to be a process where macrophages imbibe gram-negative rods, particularly E. coli. Certain individuals have a sensitivity or an inability to clear E. coli or other gram-negative rods, leading to these deposits in the macrophages. Consequently, this condition can be mistaken for a tumor or tumor-like lesion and confused with other renal cell car"
GU_Lecture_2_Kidney2,GU Lecture 2 Kidney2,GU::Kidney::RCC_Molecular::TFE3_rearranged_RCC,TFE3 rearranged RCC,TFE3_rearranged_RCC,2630.0,2723.0,43:50,45:23,93.0,"https://storage.googleapis.com/pathology-hub-0/source_videos/GU_Lecture_2_Kidney2.mp4#t=2630,2723",semantic_gated_v0_2,0.6152,"This presents another example, specifically demonstrating the TFE stain with adjacent benign kidney tissue. The reason for that is that TFE3 is expressed in all tissues; it is just that it is more highly expressed when the translocation is present. Therefore, you really want to see the difference between the tumor and the background benign tissue. If they are close together, it does not mean it is not a translocation"
GU_Lecture_2_Kidney2,GU Lecture 2 Kidney2,GU::Kidney::Medical_Kidney_Disease::Glomerular::Acellular_Closure::Thrombotic_Microangiopathy,Thrombotic Microangiopathy,Thrombotic_Microangiopathy,496.0,616.0,8:16,10:16,120.0,"https://storage.googleapis.com/pathology-hub-0/source_videos/GU_Lecture_2_Kidney2.mp4#t=496,616",semantic_gated_v0_2,0.5101,"Macrophages, platelets, and fibrin composed this thrombus. It was not a tumor thrombus, even though it was a significant tumor; therefore, it was not staged as T3B. It is crucial to carefully examine these specimens and consider all aspects to prevent misdiagnosis, especially in cases that might appear straightforward. The lines of Zahn are a characteristic histological feature of thrombi, often discussed in medical "
GU_Lecture_2_Kidney2,GU Lecture 2 Kidney2,GU::Kidney::Non_Neoplastic::Xanthogranulomatous_Pyelonephritis,Xanthogranulomatous Pyelonephritis,Xanthogranulomatous_Pyelonephritis,127.0,261.0,2:07,4:21,134.0,"https://storage.googleapis.com/pathology-hub-0/source_videos/GU_Lecture_2_Kidney2.mp4#t=127,261",semantic_gated_v0_2,0.7275,"Xanthogranulomatous Pyelonephritis (XGP) typically starts near the collecting system where urine contamination leads to retrograde infections. This condition can form a yellow-tan mass, which lacks the orange, hemorrhage, or heterogeneity expected of clear cell renal carcinoma. While it might superficially resemble a chromophobe renal cell carcinoma or an oncocytoma, XGP exhibits an irregular pattern and suspicious e"
GU_Lecture_2_Kidney2,GU Lecture 2 Kidney2,GU::Kidney::Non_Neoplastic::Xanthogranulomatous_Pyelonephritis,Xanthogranulomatous Pyelonephritis,Xanthogranulomatous_Pyelonephritis,261.0,389.0,4:21,6:29,128.0,"https://storage.googleapis.com/pathology-hub-0/source_videos/GU_Lecture_2_Kidney2.mp4#t=261,389",semantic_gated_v0_2,0.6288,"If you relied solely on certain features, you could make the wrong diagnosis. The key is understanding that clear cells, often seen in Xanthogranuloma (XGP), exhibit a flocculent or foamy cytoplasm. There is typically no atypia, and while there may be mild pleomorphism, the nuclei are small, often kidney-bean shaped, and certainly not overtly large. It is this distinctive flocculent cytoplasm that serves as a crucial"
GU_Lecture_3_Kidney3,GU Lecture 3 Kidney3,GU::Syndromes::Hereditary_Leiomyomatosis_and_Renal_Cell_Carcinoma_Syndrome,Hereditary Leiomyomatosis and Renal Cell Carcinoma Syndrome,Hereditary_Leiomyomatosis_and_Renal_Cell_Carcinoma_Syndrome,107.28,191.52,1:47,3:12,84.24,"https://storage.googleapis.com/pathology-hub-0/source_videos/GU_Lecture_3_Kidney3.mp4#t=107.28,191.52",semantic_gated_v0_2,0.6721,"Most FH deficient RCCs are hereditary, falling into the category of Hereditary Leiomyomatosis and Renal Cell Carcinoma (HLRCC) syndrome. This syndrome is characterized by numerous cutaneous and uterine leiomyomas, along with aggressive renal cell carcinomas. At low power, the tissue appears quite papillary with distinct pink cytoplasm. Even at very low power, one must carefully search for macronucleoli in this exampl"
GU_Lecture_3_Kidney3,GU Lecture 3 Kidney3,GU::Kidney::RCC_Other::Mucinous_Tubular_and_Spindle_Cell_Carcinoma,Mucinous Tubular and Spindle Cell Carcinoma,Mucinous_Tubular_and_Spindle_Cell_Carcinoma,1272.56,1404.64,21:13,23:25,132.08,"https://storage.googleapis.com/pathology-hub-0/source_videos/GU_Lecture_3_Kidney3.mp4#t=1272.56,1404.64",semantic_gated_v0_2,0.7629,"While clear cell RCC might be considered, this lacks the fine vascular meshwork. Examining this area reveals tubules alongside solid, somewhat spindly material. This characteristic appearance is diagnostic of muousinous tubular and spindle cell carcinoma (MSTC). Cytogenetic analysis often identifies it as a variant of papillary RCC, exhibiting trisomy 7 and 17, consistent with papillary RCC. Many pathologists categor"
GU_Lecture_3_Kidney3,GU Lecture 3 Kidney3,GU::Kidney::Nephroblastic_Nephrogenic::Nephroblastoma_Wilms_Tumor,Nephroblastoma Wilms Tumor,Nephroblastoma_Wilms_Tumor,1105.92,1188.32,18:26,19:48,82.4,"https://storage.googleapis.com/pathology-hub-0/source_videos/GU_Lecture_3_Kidney3.mp4#t=1105.92,1188.32",semantic_gated_v0_2,0.5929,"An immunohistochemical group approach to these tumors involves considering Wilms tumor, an adult Wilms tumor, in the differential. However, the uniformity and lack of atypia make Wilms tumor less likely. WT1 is positive in metanephric adenoma and negative in all renal cell carcinomas except Wilms tumor, making it a relevant differential marker. For metanephric adenoma, we use WT1, which is a nuclear marker, and CD57,"
GU_Lecture_3_Kidney3,GU Lecture 3 Kidney3,GU::Kidney::Renal_cell::SDH_Deficient_Renal_Cell_Carcinoma,SDH Deficient Renal Cell Carcinoma,SDH_Deficient_Renal_Cell_Carcinoma,2234.8,2311.04,37:15,38:31,76.24,"https://storage.googleapis.com/pathology-hub-0/source_videos/GU_Lecture_3_Kidney3.mp4#t=2234.8,2311.04",semantic_gated_v0_2,0.6062,"After fixation, a beautiful central scar is visible. There's a specific observation I want to make here, even if it's a bit unconventional. Notice how this lesion exhibits a certain friability or 'liability' within it? This is a characteristic I've observed in SDHB-deficient RCCs. The mahogany brown discoloration often appears in a snake-like, serpiginous pattern throughout the tumor when this friability is present. "
GU_Lecture_4_Kidney4,GU Lecture 4 Kidney4,GU::Kidney::Mesenchymal_Stromal::Epithelioid_Angiomyolipoma_PEComa,Epithelioid Angiomyolipoma PEComa,Epithelioid_Angiomyolipoma_PEComa,221.36,370.96,3:41,6:11,149.6,"https://storage.googleapis.com/pathology-hub-0/source_videos/GU_Lecture_4_Kidney4.mp4#t=221.36,370.96",semantic_gated_v0_2,0.7602,"Angiomyolipomas (AMLs) are often referred to as PEComas, as they can occur in various body sites, not just the kidney. These are typically triphasic tumors with angio, myo, and lipo components, though they can sometimes present with only one phase, such as an epithelioid or myoid appearance. The vessels in these tumors lack elastica, which can be a distinguishing feature when considering vascular tumors. While usuall"
GU_Lecture_4_Kidney4,GU Lecture 4 Kidney4,GU::Kidney::Mesenchymal_Stromal::Epithelioid_Angiomyolipoma_PEComa,Epithelioid Angiomyolipoma PEComa,Epithelioid_Angiomyolipoma_PEComa,372.24,464.24,6:12,7:44,92.0,"https://storage.googleapis.com/pathology-hub-0/source_videos/GU_Lecture_4_Kidney4.mp4#t=372.24,464.24",semantic_gated_v0_2,0.6879,"This is a very myoid-looking specimen with numerous blood vessels. When stained with a muscle marker, it will be strongly positive. It will also be positive for HMB45 or Melan-A, and negative for S100. Therefore, any myoid tumor staining with melanocytic markers should prompt consideration of an angiomyolipoma. These cells are not lipocytes. The cells in an angiomyolipoma are PEComa cells, specifically perivascular e"
GU_Lecture_4_Kidney4,GU Lecture 4 Kidney4,GU::Kidney::Mesenchymal_Stromal::Epithelioid_Angiomyolipoma_PEComa,Epithelioid Angiomyolipoma PEComa,Epithelioid_Angiomyolipoma_PEComa,464.24,644.4,7:44,10:44,180.16,"https://storage.googleapis.com/pathology-hub-0/source_videos/GU_Lecture_4_Kidney4.mp4#t=464.24,644.4",semantic_gated_v0_2,0.6787,"Epithelioid variants exist, with some suggesting they are more aggressive, though this is debated. If a tumor appears low grade, it likely is, but pleomorphic features or significant atypia raise concern for malignancy. These tumors feature eosinophilic epithelioid or spindled cells. When truly epithelioid, they are in the differential for perivascular epithelioid cell tumors (PEComas) and can mimic clear cell RCC. W"
GU_Lecture_4_Kidney4,GU Lecture 4 Kidney4,GU::Syndromes::Tuberous_Sclerosis,Tuberous Sclerosis,Tuberous_Sclerosis,769.92,881.52,12:50,14:42,111.6,"https://storage.googleapis.com/pathology-hub-0/source_videos/GU_Lecture_4_Kidney4.mp4#t=769.92,881.52",semantic_gated_v0_2,0.6357,"I want to talk very briefly about tuberous sclerosis, as this is an area that is often featured in board questions. It is an autosomal dominant condition characterized by CNS conditions such as cortical hamartomas, or tubers, which are made up of subependymal giant cells. Patients often experience epilepsy and seizures. Additionally, angiomyolipomas and other manifestations can occur. Remember, this condition is link"
GU_Lecture_5_Testis,GU Lecture 5 Testis,GU::Testis::Paratesticular::Adenocarcinoma_of_Rete_Testis,Adenocarcinoma of Rete Testis,Adenocarcinoma_of_Rete_Testis,174.0,308.0,2:54,5:08,134.0,"https://storage.googleapis.com/pathology-hub-0/source_videos/GU_Lecture_5_Testis.mp4#t=174,308",semantic_gated_v0_2,0.602,"When evaluating a testicular tumor, understanding its relation to surrounding tissues is crucial for staging. If a tumor is next to fat, it likely indicates involvement of higher sub-tissue, classifying it as pT2. Gross evaluation plays a very important role in staging, as microscopic differentiation between the epididymis and rete testis can be challenging. Microscopically, the epididymis has a round contour of tubu"
GU_Lecture_5_Testis,GU Lecture 5 Testis,GU::Testis::Sex_Cord_Stromal_Tumors::Intratubular_Large_Cell_Hyalinizing_Sertoli_Cell_Neoplasia,Intratubular Large Cell Hyalinizing Sertoli Cell Neoplasia,Intratubular_Large_Cell_Hyalinizing_Sertoli_Cell_Neoplasia,439.0,553.0,7:19,9:13,114.0,"https://storage.googleapis.com/pathology-hub-0/source_videos/GU_Lecture_5_Testis.mp4#t=439,553",semantic_gated_v0_2,0.6102,"We will review normal testicular histology. Two panels depict non-neoplastic normal adult testes, where seminiferous tubules are mostly back-to-back with minimal intervening stroma; occasional edema may be present, but not scarring. In a normal adult testis, Leydig cells are typically inconspicuous, appearing as pink, island-like clusters between the seminiferous tubules. However, in an atrophic testis, as shown in t"
GU_Lecture_5_Testis,GU Lecture 5 Testis,GU::Testis::Germ_Cell_Tumors::Seminoma,Seminoma,Seminoma,1214.0,1291.0,20:14,21:31,77.0,"https://storage.googleapis.com/pathology-hub-0/source_videos/GU_Lecture_5_Testis.mp4#t=1214,1291",semantic_gated_v0_2,0.6283,"For practical tips, if you encounter a testicular tumor that you suspect is a germ cell tumor, and you might feel the need to specify percentages like '50% seminoma, 30% yolk sac tumor,' it's not necessary to perform every test on every block. Instead, it is probably wise to select one representative block that displays the most patterns you observe, and then perform about three targeted immunohistochemical (IHC) sta"
GU_Lecture_5_Testis,GU Lecture 5 Testis,GU::Testis::Paratesticular::Well_Differentiated_Papillary_Mesothelial_Tumor,Well Differentiated Papillary Mesothelial Tumor,Well_Differentiated_Papillary_Mesothelial_Tumor,1953.0,2050.0,32:33,34:10,97.0,"https://storage.googleapis.com/pathology-hub-0/source_videos/GU_Lecture_5_Testis.mp4#t=1953,2050",semantic_gated_v0_2,0.6388,"A lot of adult malignant tumors, for some reason, have some necrosis. If you look at a really low power, like 1x on your slide, often you will actually see central necrosis. If you look at it on the microscope, you might think, ""Oh my god, this is a necrotic tumor that is infiltrative; I must be dealing with a malignancy,"" but you are not. So, the low-power, well-circumscribed contour is key to saving you from troubl"
GU_Lecture_6_Bladder1,GU Lecture 6 Bladder1,GU::Bladder::Non_Neoplastic::Cystitis_Glandularis,Cystitis Glandularis,Cystitis_Glandularis,2054.0,2128.0,34:14,35:28,74.0,"https://storage.googleapis.com/pathology-hub-0/source_videos/GU_Lecture_6_Bladder1.mp4#t=2054,2128",semantic_gated_v0_2,0.6571,"This histology slide, though dark, displays colorectal-type mucosa and epithelium, consistent with cystitis glandularis where intestinal metaplasia fills the structures. It is crucial to consider whether extensive lesions with mucin extravasation represent an exceedingly well-differentiated intestinal adenocarcinoma versus cystitis glandularis, a distinction requiring significant experience. If uncertain, it is imper"
GU_Lecture_6_Bladder1,GU Lecture 6 Bladder1,GU::Bladder::Histology_&_Anatomy::Histology_&_Anatomy_of_Urinary_Bladder,Histology & Anatomy of Urinary Bladder,Histology_&_Anatomy_of_Urinary_Bladder,1453.0,1513.0,24:13,25:13,60.0,"https://storage.googleapis.com/pathology-hub-0/source_videos/GU_Lecture_6_Bladder1.mp4#t=1453,1513",semantic_gated_v0_2,0.5941,"Moving on, this is a diagram of a full cross-section. Most of you have probably already seen these in your practice as residents. Up here is the urinary space. The epithelium is in contact with the urinary space, and we call that the urothelium in the renal pelvis, ureter, and urinary bladder. Below it, we have the superficial lamina propria. Then you might see some loose smooth muscle around here, which would be the"
GU_Lecture_6_Bladder1,GU Lecture 6 Bladder1,GU::Bladder::Urothelial::Urothelial_Carcinoma_In_Situ,Urothelial Carcinoma In Situ,Urothelial_Carcinoma_In_Situ,2591.0,2730.0,43:11,45:30,139.0,"https://storage.googleapis.com/pathology-hub-0/source_videos/GU_Lecture_6_Bladder1.mp4#t=2591,2730",semantic_gated_v0_2,0.6198,"I already explained this on the other slide. In the old system, what was referred to as normal hyperplasia/low-grade dysplasia is now simply hyperplasia. The previous term 'low-grade dysplasia' is now called 'atypia.' Carcinoma in situ (CIS) was formerly known as high-grade dysplasia. For situations like 'urothelial atypia of unknown significance' (UAUS) or 'urothelial proliferation of uncertain malignant potential' "
GU_Lecture_6_Bladder1,GU Lecture 6 Bladder1,GU::Bladder::Urothelial::Urothelial_Proliferation_of_Uncertain_Malignant_Potential,Urothelial Proliferation of Uncertain Malignant Potential,Urothelial_Proliferation_of_Uncertain_Malignant_Potential,514.0,733.0,8:34,12:13,219.0,"https://storage.googleapis.com/pathology-hub-0/source_videos/GU_Lecture_6_Bladder1.mp4#t=514,733",semantic_gated_v0_2,0.6193,"When addressing tumors of the urinary bladder, ureter, or renal pelvis, patients often present with blood in their urine, which prompts immediate medical attention. While benign conditions can cause this, malignancy is a significant concern. A urologist will typically use a cystoscope to examine the urethra and bladder for lesions, which could appear as flat red patches, papillary tumors, or polypoid masses. After id"
GU_Lecture_6_Bladder1,GU Lecture 6 Bladder1,GU::Bladder::Urothelial::Urothelial_Proliferation_of_Uncertain_Malignant_Potential,Urothelial Proliferation of Uncertain Malignant Potential,Urothelial_Proliferation_of_Uncertain_Malignant_Potential,1513.0,1653.0,25:13,27:33,140.0,"https://storage.googleapis.com/pathology-hub-0/source_videos/GU_Lecture_6_Bladder1.mp4#t=1513,1653",semantic_gated_v0_2,0.6105,"Normal urothelium is a cohesive, stratified epithelium typically five to seven cell layers thick. While it can be thicker (suggesting hyperplasia) or thinner (due to denudation by instrumentation, which is important to note as carcinoma can also cause denudation), its normal appearance is key. The layer in contact with the basement membrane is a small basal cell layer containing stem cells, which can have a high nucl"
GU_Lecture_6_Bladder1,GU Lecture 6 Bladder1,GU::Bladder::Urothelial::Urothelial_Proliferation_of_Uncertain_Malignant_Potential,Urothelial Proliferation of Uncertain Malignant Potential,Urothelial_Proliferation_of_Uncertain_Malignant_Potential,1653.0,1689.0,27:33,28:09,36.0,"https://storage.googleapis.com/pathology-hub-0/source_videos/GU_Lecture_6_Bladder1.mp4#t=1653,1689",semantic_gated_v0_2,0.5786,"Here is an example of a relatively uniform urothelium. At very low power, it's not clear that the cytoplasm is increasing or that you clearly see good maturation to the surface. However, the cells on the surface are a bit different because these are the umbrella cells. Keep in mind that underneath, you have lymphocytes, and their nuclei are similar to lymphocyte nuclei, not really atypical. This is another example of"
GU_Lecture_6_Bladder1,GU Lecture 6 Bladder1,GU::Bladder::Urothelial::Urothelial_Proliferation_of_Uncertain_Malignant_Potential,Urothelial Proliferation of Uncertain Malignant Potential,Urothelial_Proliferation_of_Uncertain_Malignant_Potential,1689.0,1802.0,28:09,30:02,113.0,"https://storage.googleapis.com/pathology-hub-0/source_videos/GU_Lecture_6_Bladder1.mp4#t=1689,1802",semantic_gated_v0_2,0.6162,"To conclude, this slide shows a particular umbrella cell type with a giant nucleus, though other umbrella cells appear typical. This is a cohesive urothelium with very small cells, comparable to lymphocyte and stromal nuclear size, and is considered normal urothelium, albeit slightly thinner than usual. What truly captured attention in this example was the increased number of capillaries in the lamina propria. Malign"
GU_Lecture_6_Bladder1,GU Lecture 6 Bladder1,GU::Bladder::Urothelial::Urothelial_Proliferation_of_Uncertain_Malignant_Potential,Urothelial Proliferation of Uncertain Malignant Potential,Urothelial_Proliferation_of_Uncertain_Malignant_Potential,2449.0,2591.0,40:49,43:11,142.0,"https://storage.googleapis.com/pathology-hub-0/source_videos/GU_Lecture_6_Bladder1.mp4#t=2449,2591",semantic_gated_v0_2,0.7114,"Regarding flat lesions in the urinary bladder, completely normal tissue is distinct from hyperplasia, which we classify as urothelial proliferation of uncertain malignant potential (UPUMP). Other categories include reactive atypia. In the WHO book, dysplasia is discussed, but at UCSF, we avoid this term due to historical grading systems, specifically ISUP in urologic pathology. Older systems graded dysplasia as high-"
GU_Lecture_6_Bladder1,GU Lecture 6 Bladder1,GU::Bladder::Urothelial::Urothelial_Proliferation_of_Uncertain_Malignant_Potential,Urothelial Proliferation of Uncertain Malignant Potential,Urothelial_Proliferation_of_Uncertain_Malignant_Potential,2849.0,2972.6,47:29,49:33,123.6,"https://storage.googleapis.com/pathology-hub-0/source_videos/GU_Lecture_6_Bladder1.mp4#t=2849,2972.6",semantic_gated_v0_2,0.6481,"If you are uncertain, the patient will be followed. Consider nuclear size as another example. Observe the varied nuclear shapes: square, teardrop, very elongated, and very hyperchromatic. These cells are enlarged and appear to be on a continuum of atypia. Typically, a continuum suggests a reactive process; however, their severity prevents dismissing them lightly. Therefore, this is best classified as urothelial atypi"
GU_Lecture_6_Bladder1,GU Lecture 6 Bladder1,GU::Bladder::Histology_&_Anatomy::Von_Brunn_Nests,Von Brunn Nests,Von_Brunn_Nests,1937.0,2054.0,32:17,34:14,117.0,"https://storage.googleapis.com/pathology-hub-0/source_videos/GU_Lecture_6_Bladder1.mp4#t=1937,2054",semantic_gated_v0_2,0.6234,"This is an example of a florid case of Von Brunn nests and cystitis cystica. They are relatively uniform round groups or nests in the lamina propria. If you count the cell layers here, you'll find about 7 to 10 on one side and 3 to 5 on the other, indicating a normal thickness. These structures, approximately 14 or 15 cells across, are benign. When encountering a large mass, one must strongly consider cancer. This gi"
GU_Lecture_7_Bladder2,GU Lecture 7 Bladder2,GU::Bladder::Urothelial::Flat_Urothelial_Lesions,Flat Urothelial Lesions,Flat_Urothelial_Lesions,200.72,247.04,3:21,4:07,46.32,"https://storage.googleapis.com/pathology-hub-0/source_videos/GU_Lecture_7_Bladder2.mp4#t=200.72,247.04",semantic_gated_v0_2,0.7382,"So, here are the diagnostic categories for flat urothelial lesions in the urinary tract. The classification has been largely unchanged since 2003, with only a few modifications. These categories encompass everything from normal tissue to carcinoma in situ, and their assignment is determined by the level of diagnostic certainty. These various features are considered when evaluating for cancer, assessing if enough crit"
GU_Lecture_7_Bladder2,GU Lecture 7 Bladder2,GU::Bladder::Urothelial::Papillary_Urothelial_Hyperplasia,Papillary Urothelial Hyperplasia,Papillary_Urothelial_Hyperplasia,2359.68,2403.6,39:20,40:04,43.92,"https://storage.googleapis.com/pathology-hub-0/source_videos/GU_Lecture_7_Bladder2.mp4#t=2359.68,2403.6",semantic_gated_v0_2,0.6774,"Recurrence within five years progresses. This pre-neoplastic process is papillary hyperplasia or UPUMP. UPUMP has two forms: papillary hyperplasia and flat hyperplasia. Both forms have a high rate of recurrence. We use the term papillary hyperplasia for this. Remember, it doesn't mean that the urothelium is actually thickened; it can actually be normal thickness. However, as long as it has these fibrovascular cores, "
GU_Lecture_7_Bladder2,GU Lecture 7 Bladder2,GU::Bladder::Urothelial::Urothelial_Carcinoma_In_Situ,Urothelial Carcinoma In Situ,Urothelial_Carcinoma_In_Situ,641.44,761.36,10:41,12:41,119.92,"https://storage.googleapis.com/pathology-hub-0/source_videos/GU_Lecture_7_Bladder2.mp4#t=641.44,761.36",semantic_gated_v0_2,0.5999,"Here is another example. While not truly hyperchromatic, there is a mitosis near the surface, appearing to migrate towards it. Although nuclei seem smaller towards the surface, there are significant outliers, including mitosis at the top and macronucleoli. Considering all these different features, and despite some organization in the growth pattern, these nuclei are significantly larger compared to the stromal cells "
GU_Lecture_7_Bladder2,GU Lecture 7 Bladder2,GU::Bladder::Urothelial::Urothelial_Carcinoma_In_Situ,Urothelial Carcinoma In Situ,Urothelial_Carcinoma_In_Situ,1186.64,1300.32,19:47,21:40,113.68,"https://storage.googleapis.com/pathology-hub-0/source_videos/GU_Lecture_7_Bladder2.mp4#t=1186.64,1300.32",semantic_gated_v0_2,0.6513,"Getting back to this point, Carcinoma in Situ (CIS) is discohesive. If you cannot definitively diagnose anything, make sure to state that in your reports. I usually comment on predominantly denuded urothelium, noting that nothing diagnostic of carcinoma is seen, but that there is very little to evaluate due to the denudation. It is crucial to correlate with cytology, because if the urothelium is denuding and falling "
GU_Lecture_7_Bladder2,GU Lecture 7 Bladder2,GU::Bladder::Urothelial::Urothelial_Carcinoma_In_Situ,Urothelial Carcinoma In Situ,Urothelial_Carcinoma_In_Situ,1494.16,1600.56,24:54,26:41,106.4,"https://storage.googleapis.com/pathology-hub-0/source_videos/GU_Lecture_7_Bladder2.mp4#t=1494.16,1600.56",semantic_gated_v0_2,0.6213,"Regarding Carcinoma in Situ (CIS), almost all cases progress, with more than half progressing within five years. Progression is worse if a hybrid papillary component is associated with it. When CIS is diagnosed, it is crucial to immediately look for invasion, as it is often present, and differentiating CIS from T1 invasive cancer significantly alters patient follow-up. Current treatment involves BCG and close follow-"
GU_Lecture_7_Bladder2,GU Lecture 7 Bladder2,GU::Bladder::Urothelial::Urothelial_Carcinoma_In_Situ,Urothelial Carcinoma In Situ,Urothelial_Carcinoma_In_Situ,2099.84,2230.64,35:00,37:11,130.8,"https://storage.googleapis.com/pathology-hub-0/source_videos/GU_Lecture_7_Bladder2.mp4#t=2099.84,2230.64",semantic_gated_v0_2,0.6724,"Urothelial atypia of unknown significance can resemble Carcinoma In Situ (CIS), but significant inflammation often makes a definitive diagnosis challenging. In practice, stains such as CK20, P53, and Ki-67 (though CD44 may not be available) are commonly used. Very high levels of Ki-67 and P53 might lead to trusting these stains for a diagnosis of CIS. However, these markers are often utilized more to provide reassura"
GU_Lecture_7_Bladder2,GU Lecture 7 Bladder2,GU::Bladder::Urothelial::Urothelial_Proliferation_of_Uncertain_Malignant_Potential,Urothelial Proliferation of Uncertain Malignant Potential,Urothelial_Proliferation_of_Uncertain_Malignant_Potential,0.0,93.44,0:00,1:33,93.44,"https://storage.googleapis.com/pathology-hub-0/source_videos/GU_Lecture_7_Bladder2.mp4#t=0,93.44",semantic_gated_v0_2,0.6324,"We will continue with the urothelial carcinomas today and probably Friday, aiming to wrap up the discussion. This discussion focuses on the subtleties and nuances of superficial tumors and how to recognize a neoplasm within the urothelium. It is always best to begin with the features of normal urothelium as a reminder. Key characteristics include its almost always cohesive nature, which is a helpful diagnostic featur"
GU_Lecture_7_Bladder2,GU Lecture 7 Bladder2,GU::Bladder::Urothelial::Urothelial_Proliferation_of_Uncertain_Malignant_Potential,Urothelial Proliferation of Uncertain Malignant Potential,Urothelial_Proliferation_of_Uncertain_Malignant_Potential,1300.4,1364.8,21:40,22:45,64.4,"https://storage.googleapis.com/pathology-hub-0/source_videos/GU_Lecture_7_Bladder2.mp4#t=1300.4,1364.8",semantic_gated_v0_2,0.6288,"Here's another example. This is a very inflamed and metaplastic, granulating squamous metaplasia in the urothelium, but you have this big square nucleus here. Here's another one. These cells are really small, but I think these are probably neoplastic as well. Look at this sandwich-type nucleus. So again, another example of this pagetoid spread, a very subtle one. Here, the urothelium is pulling off the basement membr"
GU_Lecture_7_Bladder2,GU Lecture 7 Bladder2,GU::Bladder::Urothelial::Urothelial_Proliferation_of_Uncertain_Malignant_Potential,Urothelial Proliferation of Uncertain Malignant Potential,Urothelial_Proliferation_of_Uncertain_Malignant_Potential,1600.56,1732.88,26:41,28:53,132.32,"https://storage.googleapis.com/pathology-hub-0/source_videos/GU_Lecture_7_Bladder2.mp4#t=1600.56,1732.88",semantic_gated_v0_2,0.5936,"Here is an example with a lot of cytoplasm. The nuclei are a little enlarged. Is this an umbrella cell or a tumor cell? I admit, I am struggling with this example and cannot be sure. It is not carcinoma in situ, that's for sure. It looks like there is maturation to the surface, but there are a couple of square or funny-looking nuclei here. Most times, I think I would call this urothelial atypia/dysplasia and ensure t"
GU_Lecture_8_Bladder3,GU Lecture 8 Bladder3,GU::Bladder::Urothelial::High_Grade_Papillary_Urothelial_Carcinoma,High Grade Papillary Urothelial Carcinoma,High_Grade_Papillary_Urothelial_Carcinoma,1293.32,1447.68,21:33,24:08,154.36,"https://storage.googleapis.com/pathology-hub-0/source_videos/GU_Lecture_8_Bladder3.mp4#t=1293.32,1447.68",semantic_gated_v0_2,0.6904,"Here is a small tumor. Comparing and contrasting it, what do you notice right off the bat? You could say it has a nice basal layer, a high nuclear-to-cytoplasmic (NC) ratio, a well-organized basal layer, and then it matures with the cytoplasm. However, from the basal layer to these cells, is there any further maturation to the surface? Observe the thickness. Is it normal? Is it hyperchromatic away from the basal laye"
GU_Lecture_8_Bladder3,GU Lecture 8 Bladder3,GU::Bladder::Urothelial::Inverted_Urothelial_Papilloma,Inverted Urothelial Papilloma,Inverted_Urothelial_Papilloma,564.96,686.72,9:25,11:27,121.76,"https://storage.googleapis.com/pathology-hub-0/source_videos/GU_Lecture_8_Bladder3.mp4#t=564.96,686.72",semantic_gated_v0_2,0.6722,"This histopathology slide presents a classic example of an inverted papilloma, showing a urinary space with epithelium on the surface, which can be followed throughout the entire structure. A key feature, referred to as the 'eyeliner sign,' is a very dark, high nucleo-cytoplasmic ratio basal layer situated along the lamina propria. These inverted papillomas are universally benign tumors that never progress or metasta"
GU_Lecture_8_Bladder3,GU Lecture 8 Bladder3,GU::Bladder::Urothelial::Inverted_Urothelial_Papilloma,Inverted Urothelial Papilloma,Inverted_Urothelial_Papilloma,686.72,818.6,11:27,13:39,131.88,"https://storage.googleapis.com/pathology-hub-0/source_videos/GU_Lecture_8_Bladder3.mp4#t=686.72,818.6",semantic_gated_v0_2,0.644,"Inverted papilloma consistently exhibits inverted growth, although sometimes these lesions can be exophytic with thin ribbons; these are still classified as inverted papillomas with an exophytic growth pattern. They always present with ribbons and do not form solid expanding masses. Key features include a prominent basal layer. Disordered growth and mild atypia are acceptable, but wild pleomorphism indicates a cancer"
GU_Lecture_8_Bladder3,GU Lecture 8 Bladder3,GU::Bladder::Urothelial::Inverted_Urothelial_Papilloma,Inverted Urothelial Papilloma,Inverted_Urothelial_Papilloma,818.6,916.88,13:39,15:17,98.28,"https://storage.googleapis.com/pathology-hub-0/source_videos/GU_Lecture_8_Bladder3.mp4#t=818.6,916.88",semantic_gated_v0_2,0.6088,"These structures are expanding in two or three dimensions, with fibrovascular cores surrounding each. If you land here, you run into a blood vessel and fibrovascular stroma in every direction. Therefore, this is not an an inverted papilloma. It is either florid Von Brunn's nest or some sort of papillary tumor with an inverted growth. Given the thickness, I am almost certain this is a papillary tumor with an inverted "
GU_Lecture_8_Bladder3,GU Lecture 8 Bladder3,GU::Bladder::Urothelial::Inverted_Urothelial_Papilloma,Inverted Urothelial Papilloma,Inverted_Urothelial_Papilloma,2432.4,2564.36,40:32,42:44,131.96,"https://storage.googleapis.com/pathology-hub-0/source_videos/GU_Lecture_8_Bladder3.mp4#t=2432.4,2564.36",semantic_gated_v0_2,0.5922,"The discussion revolves around identifying a specific pathology, initially prompting consideration of 'high grade' due to the uniform, small, high NC, and dark cells. However, tracing the lesion from the surface suggests an inverted papilloma. While some areas might appear thicker, the cellular uniformity supports an inverted papilloma diagnosis. Inverted papillomas are characteristically dark blue due to their basal"
GU_Lecture_8_Bladder3,GU Lecture 8 Bladder3,GU::Bladder::Urothelial::Low_Grade_Papillary_Urothelial_Carcinoma,Low Grade Papillary Urothelial Carcinoma,Low_Grade_Papillary_Urothelial_Carcinoma,105.96,215.28,1:46,3:35,109.32,"https://storage.googleapis.com/pathology-hub-0/source_videos/GU_Lecture_8_Bladder3.mp4#t=105.96,215.28",semantic_gated_v0_2,0.6185,"Similar to flat lesions, papillary lesions have undergone various iterations of grading schemes over the years. Historically, there have been numerous grading systems, many of which incorporated grade one, grade two, and grade three categories. However, these schemes often led pathologists to classify most cases into the grade two category, rendering them largely unusable. While approaches like Dr. Bill Murphy's, whi"
GU_Lecture_8_Bladder3,GU Lecture 8 Bladder3,GU::Bladder::Urothelial::Low_Grade_Papillary_Urothelial_Carcinoma,Low Grade Papillary Urothelial Carcinoma,Low_Grade_Papillary_Urothelial_Carcinoma,215.28,353.96,3:35,5:54,138.68,"https://storage.googleapis.com/pathology-hub-0/source_videos/GU_Lecture_8_Bladder3.mp4#t=215.28,353.96",semantic_gated_v0_2,0.6844,"This example illustrates how the World Health Organization system from 1973 has evolved into the current International Society of Urologic Pathology (ISUP) system. Papillomas remain consistent. Grade 1 tumors typically fall into either PUNLMP or low grade, Grade 2 can be low grade or high grade, and Grade 3 are high grade. The speaker's practice is to treat low grade papillary tumors, which rarely progress to high gr"
GU_Lecture_8_Bladder3,GU Lecture 8 Bladder3,GU::Bladder::Urothelial::Papillary_Urothelial_Hyperplasia,Papillary Urothelial Hyperplasia,Papillary_Urothelial_Hyperplasia,2660.48,2713.88,44:20,45:14,53.4,"https://storage.googleapis.com/pathology-hub-0/source_videos/GU_Lecture_8_Bladder3.mp4#t=2660.48,2713.88",semantic_gated_v0_2,0.6524,"Reminding you of our diagnostic categories for flat lesions, we have normal hyperplasia, which you can call UPUMP, and reactive atypia. In the blue classification, they talk about dysplasia, which we do not want to use at UC because it is confusing. We would rather just call it atypical. If you call it atypical, the urologist is going to treat it like dysplasia, and then you have high-grade carcinoma in situ. Atypia "
GU_Lecture_8_Bladder3,GU Lecture 8 Bladder3,GU::Bladder::Urothelial::Papillary_Urothelial_Neoplasm_of_Low_Malignant_Potential,Papillary Urothelial Neoplasm of Low Malignant Potential,Papillary_Urothelial_Neoplasm_of_Low_Malignant_Potential,0.0,105.96,0:00,1:46,105.96,"https://storage.googleapis.com/pathology-hub-0/source_videos/GU_Lecture_8_Bladder3.mp4#t=0,105.96",semantic_gated_v0_2,0.7388,"And after that, we will get into how you identify invasion, and then we will finish bladder cancer. By talking about the different types. Here is a list of the papillary urothelial lesions you can have. Benign lesions include papilloma and inverted papilloma. While polypoid cystitis is not a true papillary tumor, it forms a polypoid mass often confused with one. Malignant tumors include low-grade and high-grade types"
GU_Lecture_8_Bladder3,GU Lecture 8 Bladder3,GU::Bladder::Urothelial::Papillary_Urothelial_Neoplasm_of_Low_Malignant_Potential,Papillary Urothelial Neoplasm of Low Malignant Potential,Papillary_Urothelial_Neoplasm_of_Low_Malignant_Potential,1116.12,1195.2,18:36,19:55,79.08,"https://storage.googleapis.com/pathology-hub-0/source_videos/GU_Lecture_8_Bladder3.mp4#t=1116.12,1195.2",semantic_gated_v0_2,0.6379,"Papillomas are usually very small tumors, more commonly diagnosed in younger patients, though they can occur at any age. They do not typically recur and are relatively rare. If a patient repeatedly presents with papillomas, the diagnosis might be re-evaluated, potentially using a term like 'PUNLUMP' (Papillary Urothelial Neoplasm of Low Malignant Potential) instead of cancer. This approach ensures ongoing medical att"
GU_Lecture_8_Bladder3,GU Lecture 8 Bladder3,GU::Bladder::Urothelial::Papillary_Urothelial_Neoplasm_of_Low_Malignant_Potential,Papillary Urothelial Neoplasm of Low Malignant Potential,Papillary_Urothelial_Neoplasm_of_Low_Malignant_Potential,1936.56,2064.16,32:17,34:24,127.6,"https://storage.googleapis.com/pathology-hub-0/source_videos/GU_Lecture_8_Bladder3.mp4#t=1936.56,2064.16",semantic_gated_v0_2,0.677,"The discussion focuses on a papillary tumor featuring fibrovascular cores. The urothelium appears to be of normal thickness in some areas, though hyperplastic or thickened in others. There is maturation, and the nuclei are streaming towards the surface, appearing uniform and not enlarged when compared to surrounding lymphocytes or plasma cells. The speaker questions if it is too thick for a papilloma, and another par"
GU_Lecture_8_Bladder3,GU Lecture 8 Bladder3,GU::Bladder::Urothelial::Urothelial_Proliferation_of_Uncertain_Malignant_Potential,Urothelial Proliferation of Uncertain Malignant Potential,Urothelial_Proliferation_of_Uncertain_Malignant_Potential,3296.28,3404.6,54:56,56:45,108.32,"https://storage.googleapis.com/pathology-hub-0/source_videos/GU_Lecture_8_Bladder3.mp4#t=3296.28,3404.6",semantic_gated_v0_2,0.6676,"The sample exhibits normal urothelium on the surface, alongside a proliferation characterized by a very low N:C ratio. This growth pattern resembles the ribbons of an inverted papilloma but is distinguished by its low N:C ratio. Close examination of the nuclei is crucial for detecting cytologic atypia. The lesion displays a chaotic growth pattern, with nuclei pushed to the side and abundant cytoplasm, leading to an i"
GU_Lecture_9_Bladder4,GU Lecture 9 Bladder4,GU::Bladder::Urothelial::Urothelial_Proliferation_of_Uncertain_Malignant_Potential,Urothelial Proliferation of Uncertain Malignant Potential,Urothelial_Proliferation_of_Uncertain_Malignant_Potential,1785.04,1924.96,29:45,32:05,139.92,"https://storage.googleapis.com/pathology-hub-0/source_videos/GU_Lecture_9_Bladder4.mp4#t=1785.04,1924.96",semantic_gated_v0_2,0.6472,"There are small nests of relatively bland tumor cells, some of which are making cystic areas. This can be termed the microcystic variant of urothelial carcinoma or a mixed nested and microcystic variant of urothelial carcinoma. While the specific subtype does not change the diagnosis of urothelial carcinoma, it helps pathologists identify the morphologies they might need to look out for. No, they're not really more a"
Gyn_Lecture_10_Ovary4,Gyn Lecture 10 Ovary4,GYN::Ovary::Neoplastic::Germ_Cell::Malignant::Carcinoid_Tumor,Carcinoid Tumor,Carcinoid_Tumor,2200.84,2319.84,36:41,38:40,119.0,"https://storage.googleapis.com/pathology-hub-0/source_videos/Gyn_Lecture_10_Ovary4.mp4#t=2200.84,2319.84",semantic_gated_v0_2,0.6637,"The WHO defines a carcinoid as a well-differentiated neuroendocrine tumor that resembles its counterparts in any other sites. The fifth edition WHO for all other anatomical sites, beyond the GI tract, has harmonized the classification of neuroendocrine neoplasia. There is now a single system of classification and nomenclature used across all anatomical sites of the body, with one exception: ovarian carcinoid. It was "
Gyn_Lecture_10_Ovary4,Gyn Lecture 10 Ovary4,GYN::Ovary::Neoplastic::Germ_Cell::Malignant::Carcinoid_Tumor,Carcinoid Tumor,Carcinoid_Tumor,2319.84,2459.84,38:40,41:00,140.0,"https://storage.googleapis.com/pathology-hub-0/source_videos/Gyn_Lecture_10_Ovary4.mp4#t=2319.84,2459.84",semantic_gated_v0_2,0.6259,"This slide displays the morphologic range of patterns for ovarian carcinoid tumors. On the upper left is the insular pattern, characterized by small islands or nests of monomorphic tumor cells. The upper middle shows the tubulo-acinar pattern, where glandular or tubular architecture is visible. On the upper right is the trabecular form. In the lower right, we can see the mucinous pattern with interested plasma mucin."
Gyn_Lecture_10_Ovary4,Gyn Lecture 10 Ovary4,GYN::Ovary::Neoplastic::Germ_Cell::Malignant::Carcinoid_Tumor,Carcinoid Tumor,Carcinoid_Tumor,2460.84,2637.84,41:01,43:58,177.0,"https://storage.googleapis.com/pathology-hub-0/source_videos/Gyn_Lecture_10_Ovary4.mp4#t=2460.84,2637.84",semantic_gated_v0_2,0.5813,"Unfortunately, immunohistochemistry has no role in distinguishing primary carcinoids from metastatic carcinoids, as most biomarkers overlap. For primary carcinoids, if small, unilateral, without LVSI, and with teratomitis elements, it is most likely of primary origin. Conversely, large, bilateral, or multinodular tumors with LVSI favor a metastatic origin. These criteria do not resolve all cases, and sometimes confli"
Gyn_Lecture_10_Ovary4,Gyn Lecture 10 Ovary4,GYN::Ovary::Neoplastic::Germ_Cell::Malignant::Immature_Teratoma,Immature Teratoma,Immature_Teratoma,1776.84,1892.84,29:37,31:33,116.0,"https://storage.googleapis.com/pathology-hub-0/source_videos/Gyn_Lecture_10_Ovary4.mp4#t=1776.84,1892.84",semantic_gated_v0_2,0.7262,"The two main issues to focus on with immature teratomas are grading them and reporting gliomatosis peritonei. An immature teratoma is defined as a teratoma containing both immature and mature tissues. Pathogenetically, they typically do not show chromosome 12p abnormalities unless mixed with other germ cell tumor components. They are usually unilateral, large, fleshy, and appear malignant. Microscopically, the most c"
Gyn_Lecture_10_Ovary4,Gyn Lecture 10 Ovary4,GYN::Ovary::Neoplastic::Germ_Cell::Malignant::Immature_Teratoma,Immature Teratoma,Immature_Teratoma,2022.84,2148.84,33:43,35:49,126.0,"https://storage.googleapis.com/pathology-hub-0/source_videos/Gyn_Lecture_10_Ovary4.mp4#t=2022.84,2148.84",semantic_gated_v0_2,0.6624,"So, a couple of the rules for grading, even if the immature teratoma is mixed as part of a mixture in cell tumor, we still provide the grade for that. And then moving on to gliomatosis peritonei. This is different from immature teratoma because the tissues are completely mature. The WHO definition is that this is usually in the setting of peritoneal nodules composed of extra-ovarian mature ectoderm. You can see this "
Gyn_Lecture_12_Uterine_Mesenchymal1,Gyn Lecture 12 Uterine Mesenchymal1,GYN::GENETICS::Hereditary_Leiomyomatosis_and_Renal_Cell_Carcinoma,Hereditary Leiomyomatosis and Renal Cell Carcinoma,Hereditary_Leiomyomatosis_and_Renal_Cell_Carcinoma,1479.12,1692.96,24:39,28:13,213.84,"https://storage.googleapis.com/pathology-hub-0/source_videos/Gyn_Lecture_12_Uterine_Mesenchymal1.mp4#t=1479.12,1692.96",semantic_gated_v0_2,0.5809,"In path reports, it really depends on whether you're dealing with a sampling specimen like a curettage or myomectomy, or if you're dealing with a full hysterectomy. If it's just a curettage, then I would go back, make sure that you've submitted all of the tissue or enough of the tissue to be confident about the diagnosis. I would assess for fumarate hydratase deficient morphology, which we'll get to, but I wouldn't g"
Gyn_Lecture_12_Uterine_Mesenchymal1,Gyn Lecture 12 Uterine Mesenchymal1,GYN::Uterus::Neoplastic::Mesenchymal::Intermediate::Smooth_Muscle_Tumor_Uncertain_Potential,Smooth Muscle Tumor Uncertain Potential,Smooth_Muscle_Tumor_Uncertain_Potential,584.24,675.68,9:44,11:16,91.44,"https://storage.googleapis.com/pathology-hub-0/source_videos/Gyn_Lecture_12_Uterine_Mesenchymal1.mp4#t=584.24,675.68",semantic_gated_v0_2,0.6473,"This is often needed when dealing with mesenchymal tumors of the uterus. A couple of key points to remember: there is no single marker that is perfectly sensitive or specific for smooth muscle differentiation. And I'm not sure how this relates to somatic soft tissue tumors, but in the GYN system, it's possible for smooth muscle differentiation to express only one of the four markers that you see here. Therefore, if y"
Gyn_Lecture_12_Uterine_Mesenchymal1,Gyn Lecture 12 Uterine Mesenchymal1,GYN::Uterus::Neoplastic::Mesenchymal::Intermediate::Smooth_Muscle_Tumor_Uncertain_Potential,Smooth Muscle Tumor Uncertain Potential,Smooth_Muscle_Tumor_Uncertain_Potential,1203.28,1326.24,20:03,22:06,122.96,"https://storage.googleapis.com/pathology-hub-0/source_videos/Gyn_Lecture_12_Uterine_Mesenchymal1.mp4#t=1203.28,1326.24",semantic_gated_v0_2,0.6126,"Variants of leiomyoma can present with generative changes that give either a parinodular or apoplectic appearance. Necrosis in smooth muscle tumors is very rare, occurring in isolated tumor types without atypia or mitotic activity, with only 12 reported cases, three of which had adverse outcomes. When encountering such a situation, it is crucial to re-evaluate the grossing to ensure no tumor sampling issues exist by "
Gyn_Lecture_13_Uterine_Mesenchymal2,Gyn Lecture 13 Uterine Mesenchymal2,GYN::Uterine_Corpus::Mesenchymal::Miscellaneous_Mesenchymal::Perivascular_Epithelioid_Cell_Tumor_PEComa_,Perivascular Epithelioid Cell Tumor PEComa,Perivascular_Epithelioid_Cell_Tumor_PEComa_,789.12,1198.72,13:09,19:59,409.6,"https://storage.googleapis.com/pathology-hub-0/source_videos/Gyn_Lecture_13_Uterine_Mesenchymal2.mp4#t=789.12,1198.72",semantic_gated_v0_2,0.7675,"Epithelioid leiomyoma is a diagnosis of exclusion, requiring consideration and ruling out of several other conditions. PEComa (perivascular epithelioid cell tumor) is a key differential, with a morphological spectrum that can mimic both leiomyoma and leiomyosarcoma. For the purposes of this discussion, we will focus on the bland end of the PEComa spectrum. Other entities to consider include epithelioid variants of en"
Gyn_Lecture_13_Uterine_Mesenchymal2,Gyn Lecture 13 Uterine Mesenchymal2,GYN::Uterine_Corpus::Mesenchymal::Miscellaneous_Mesenchymal::Perivascular_Epithelioid_Cell_Tumor_PEComa_,Perivascular Epithelioid Cell Tumor PEComa,Perivascular_Epithelioid_Cell_Tumor_PEComa_,1200.28,1313.12,20:00,21:53,112.84,"https://storage.googleapis.com/pathology-hub-0/source_videos/Gyn_Lecture_13_Uterine_Mesenchymal2.mp4#t=1200.28,1313.12",semantic_gated_v0_2,0.6767,"These can be occult lesions, very small, or they can present as bulky tumors. They typically have two growth patterns present, although the amount varies from case to case. The epithelioid pattern on the left-hand side has a sheet-like growth pattern. Sometimes you can see more of an alveolar pattern, which is not shown here. The cytoplasm can be clear to granular or just eosinophilic. And then there's usually a comp"
Gyn_Lecture_2_Grossing2,Gyn Lecture 2 Grossing2,GYN::Fallopian_Tube::Neoplastic::Epithelial::Malignant::Serous_Carcinoma_And_STIC,Serous Carcinoma And STIC,Serous_Carcinoma_And_STIC,2736.2,2841.28,45:36,47:21,105.08,"https://storage.googleapis.com/pathology-hub-0/source_videos/Gyn_Lecture_2_Grossing2.mp4#t=2736.2,2841.28",semantic_gated_v0_2,0.588,"The real value of entirely submitting the fimbriae is in detecting occult STIC or low-stage HGSC. Consider staging with STIC. Definite staging and treatment with occult HGSC. Genetic counseling for BRCA. The provided images show examples of STIC, which is a microscopic finding. There is no mass, only an intraepithelial malignancy, making it impossible to detect grossly. Careful microscopic examination is crucial for "
Gyn_Lecture_2_Grossing2,Gyn Lecture 2 Grossing2,GYN::Fallopian_Tube::Neoplastic::Epithelial::Malignant::Serous_Carcinoma_And_STIC,Serous Carcinoma And STIC,Serous_Carcinoma_And_STIC,2841.28,2945.48,47:21,49:05,104.2,"https://storage.googleapis.com/pathology-hub-0/source_videos/Gyn_Lecture_2_Grossing2.mp4#t=2841.28,2945.48",semantic_gated_v0_2,0.5274,"To see these lesions grossly, we take very thin slices of the ovary. We do not do any frozen sections; we just submit them for permanent sectioning. Then, you take the entire adnexa and submit it for microscopic evaluation. You're going to cut the fimbria in the longitudinal plane into two-millimeter intervals, which is the thickness of the sections we should put in your preset. We're going to cut the fallopian tube "
Gyn_Lecture_3_Cervix_Glandular,Gyn Lecture 3 Cervix Glandular,GYN::Cervix::Glandular::Adenocarcinoma::Adenocarcinoma_HPV_independent_Mesonephric_Type_of_the_Uterine_Cervix,Adenocarcinoma HPV independent Mesonephric Type of the Uterine Cervix,Adenocarcinoma_HPV_independent_Mesonephric_Type_of_the_Uterine_Cervix,3026.0,3158.0,50:26,52:38,132.0,"https://storage.googleapis.com/pathology-hub-0/source_videos/Gyn_Lecture_3_Cervix_Glandular.mp4#t=3026,3158",semantic_gated_v0_2,0.7645,"The other type of HPV independent adenocarcinoma is the mesonephric type, which is very rare, usually comprising less than 1% of endocervical adenocarcinomas. These typically present with a significant admixture of various architectural patterns, such as ductal, tubular, glomeruloid, papillary, retiform, solid, sex cord-like, and spindled patterns. It can mimic other types of carcinomas like endometrioid, serous, cle"
Gyn_Lecture_3_Cervix_Glandular,Gyn Lecture 3 Cervix Glandular,GYN::Cervix::Glandular::Adenocarcinoma::Adenocarcinoma_HPV_independent_Mesonephric_Type_of_the_Uterine_Cervix,Adenocarcinoma HPV independent Mesonephric Type of the Uterine Cervix,Adenocarcinoma_HPV_independent_Mesonephric_Type_of_the_Uterine_Cervix,3162.0,3271.0,52:42,54:31,109.0,"https://storage.googleapis.com/pathology-hub-0/source_videos/Gyn_Lecture_3_Cervix_Glandular.mp4#t=3162,3271",semantic_gated_v0_2,0.6801,"The endometrioid type of adenocarcinoma can look very similar to the usual type of HP-associated adenocarcinoma. However, any usual type endometrial adenocarcinoma will have squamous metaplasia, which is also seen in the endometrioid type of adenocarcinoma. For some precursor lesions for these HPV-independent gastric-type endocervical adenocarcinomas, there's this thing called atypical lobular endocervical glandular "
Gyn_Lecture_3_Cervix_Glandular,Gyn Lecture 3 Cervix Glandular,GYN::Cervix::Neoplastic::Epithelial::Benign::Endocervical_Glandular_Hyperplasia,Endocervical Glandular Hyperplasia,Endocervical_Glandular_Hyperplasia,0.0,102.0,0:00,1:42,102.0,"https://storage.googleapis.com/pathology-hub-0/source_videos/Gyn_Lecture_3_Cervix_Glandular.mp4#t=0,102",semantic_gated_v0_2,0.6176,"I'll go ahead and start the talk. Today, I'm going to quickly go over normal cervical histology one more time. Then, we're going to start talking about cervical adenocarcinoma classifications. Before we go into precursor lesions, I'll explain why that is and talk about cervical patterns of adhesion and how to use them. I'll also touch upon grading, if we have enough time. So let's get started. We're focusing here on "
Gyn_Lecture_3_Cervix_Glandular,Gyn Lecture 3 Cervix Glandular,GYN::Cervix::Neoplastic::Epithelial::Benign::Endocervical_Glandular_Hyperplasia,Endocervical Glandular Hyperplasia,Endocervical_Glandular_Hyperplasia,239.0,338.0,3:59,5:38,99.0,"https://storage.googleapis.com/pathology-hub-0/source_videos/Gyn_Lecture_3_Cervix_Glandular.mp4#t=239,338",semantic_gated_v0_2,0.7057,"In cervical curators specimens or sometimes in endometrial biopsy specimens, we see these clusters of normal benign cervical glands. We call this microglandular change or microglandular hyperplasia. They can look concerning, especially in endometrial biopsies, as the tight clustering of glands might suggest atypical hyperplasia or cancer. In the cervix, the presence of mucin within the cytoplasm and a two-cell layer,"
Gyn_Lecture_3_Cervix_Glandular,Gyn Lecture 3 Cervix Glandular,GYN::Cervix::Neoplastic::Epithelial::Malignant::Endometrioid_Adenocarcinoma_HPV_Independent,Endometrioid Adenocarcinoma HPV Independent,Endometrioid_Adenocarcinoma_HPV_Independent,636.0,704.0,10:36,11:44,68.0,"https://storage.googleapis.com/pathology-hub-0/source_videos/Gyn_Lecture_3_Cervix_Glandular.mp4#t=636,704",semantic_gated_v0_2,0.6767,"It divides it into HPV associated and HPV independent adenocarcinoma. That's very important to kind of put into your reports. It's important because these different types of adenocarcinomas have different molecular drivers and they also have different prognoses. The most important thing about identifying the HPV associated adenocarcinomas is looking at the morphology. So, GYN pathologists have noticed that morphology"
Gyn_Lecture_3_Cervix_Glandular,Gyn Lecture 3 Cervix Glandular,GYN::Cervix::Neoplastic::Epithelial::Malignant::HPV_Associated_Adenocarcinoma,HPV Associated Adenocarcinoma,HPV_Associated_Adenocarcinoma,841.0,958.0,14:01,15:58,117.0,"https://storage.googleapis.com/pathology-hub-0/source_videos/Gyn_Lecture_3_Cervix_Glandular.mp4#t=841,958",semantic_gated_v0_2,0.6427,"So, here is your kind of classic HPV-associated adenocarcinoma. As we can see here, you know, there's kind of easily identifiable mitotic bodies, even at lower power. Apoptotic bodies, you know, the tumor definitely looks more hyperchromatic. It's very mucin-depleted. And if we take a look at this area here, we can see that here we have our kind of neoplastic process going on, and there are way too many glands here t"
Gyn_Lecture_3_Cervix_Glandular,Gyn Lecture 3 Cervix Glandular,GYN::Cervix::Congenital_Structural::Remnant::Mesonephric_Remnants,Mesonephric Remnants,Mesonephric_Remnants,338.0,382.0,5:38,6:22,44.0,"https://storage.googleapis.com/pathology-hub-0/source_videos/Gyn_Lecture_3_Cervix_Glandular.mp4#t=338,382",semantic_gated_v0_2,0.7719,"Another kind of normal remnant is what we call mesonephric remnants. They are remnants of the mesonephric duct during development. One way you notice these mesonephric ducts is they're kind of like these dilated cystic structures filled with this kind of eosinophilic material. They will be deep in the lateral walls of the cervix. Sometimes you will even get this mesonephric duct associated with it, and it kind of alm"
Gyn_Lecture_4_Cervix_Squamous,Gyn Lecture 4 Cervix Squamous,GYN::Cervix::Neoplastic::Epithelial::Benign::Endocervical_Glandular_Hyperplasia,Endocervical Glandular Hyperplasia,Endocervical_Glandular_Hyperplasia,137.04,239.76,2:17,4:00,102.72,"https://storage.googleapis.com/pathology-hub-0/source_videos/Gyn_Lecture_4_Cervix_Squamous.mp4#t=137.04,239.76",semantic_gated_v0_2,0.6292,"This slide depicts the squamous and glandular epithelium of the cervix, highlighting the parabasal, intermediate, and superficial layers. It also shows the transformation zone and endocervical glands. The reserve cell layer, which surrounds the endocervical glands, is crucial for identifying the endocervix, differentiating it from the lower uterine segment or endometrium, which can appear similar. On histology, this "
Gyn_Lecture_4_Cervix_Squamous,Gyn Lecture 4 Cervix Squamous,GYN::Cervix::Normal_Histology::Metaplasia::Immature_Squamous_Metaplasia,Immature Squamous Metaplasia,Immature_Squamous_Metaplasia,321.76,436.36,5:22,7:16,114.6,"https://storage.googleapis.com/pathology-hub-0/source_videos/Gyn_Lecture_4_Cervix_Squamous.mp4#t=321.76,436.36",semantic_gated_v0_2,0.7403,"Squamous metaplasia is a normal physiologic process seen in cervical biopsies, characterized by the replacement of the columnar cell layer with stratified squamous epithelium. It is recognizable due to the underlying endocervical glands and is located at the transformation zone, typically occurring after puberty due to hormonal changes and vaginal pH fluctuations. This process can be mature or immature and, in some c"
Gyn_Lecture_4_Cervix_Squamous,Gyn Lecture 4 Cervix Squamous,GYN::Cervix::Neoplastic::Epithelial::Precursor::Squamous_Intraepithelial_Lesion,Squamous Intraepithelial Lesion,Squamous_Intraepithelial_Lesion,1523.12,1640.92,25:23,27:21,117.8,"https://storage.googleapis.com/pathology-hub-0/source_videos/Gyn_Lecture_4_Cervix_Squamous.mp4#t=1523.12,1640.92",semantic_gated_v0_2,0.6248,"So here's an area where we've got a lot of chronic inflammatory cells, and some cells are going into the squamous epithelium. It looks a little bit busy, but there are no really diagnostic features for you to call this a low-grade lesion. So here's an area, here is the same thing. You know, we've got a lot of inflammatory cells here, we even have neutrophils and granulocytes and neutrophils in the epithelium. But you"
Gyn_Lecture_4_Cervix_Squamous,Gyn Lecture 4 Cervix Squamous,GYN::Cervix::Neoplastic::Epithelial::Precursor::Squamous_Intraepithelial_Lesion,Squamous Intraepithelial Lesion,Squamous_Intraepithelial_Lesion,1641.76,1714.8,27:22,28:35,73.04,"https://storage.googleapis.com/pathology-hub-0/source_videos/Gyn_Lecture_4_Cervix_Squamous.mp4#t=1641.76,1714.8",semantic_gated_v0_2,0.5781,"Usually, we like to call things either a low-grade squamous lesion or a high-grade squamous lesion (HSIL), or L-cell or H-cell. But we can also break up H-cell into moderate dysplasia or CIN 2, or severe dysplasia or CIN 3. Clinicians often prefer H-cell to be broken down into moderate and severe dysplasia because treatment decisions may differ based on patient age. For younger patients who desire fertility, moderate"
Gyn_Lecture_4_Cervix_Squamous,Gyn Lecture 4 Cervix Squamous,GYN::Vulva::Squamous_Tumors::Squamous_Intraepithelial_Lesions_HPV_associated_of_the_Vulva,Squamous Intraepithelial Lesions HPV associated of the Vulva,Squamous_Intraepithelial_Lesions_HPV_associated_of_the_Vulva,656.8,780.2,10:57,13:00,123.4,"https://storage.googleapis.com/pathology-hub-0/source_videos/Gyn_Lecture_4_Cervix_Squamous.mp4#t=656.8,780.2",semantic_gated_v0_2,0.6425,"Dr. Derrick talked about something similar to this slide. Here is the normal columnar epithelium, and squamous epithelium here. I would say this is probably junctional epithelium. The little blue balls represent HPV. Usually, people will have HPV infections, and most of the time, these infections will regress. Occasionally, you'll see HPV actively in the cells, which is associated with low-grade cells. When HPV oncop"
Gyn_Lecture_4_Cervix_Squamous,Gyn Lecture 4 Cervix Squamous,GYN::Vulva::Squamous_Tumors::Squamous_Intraepithelial_Lesions_HPV_associated_of_the_Vulva,Squamous Intraepithelial Lesions HPV associated of the Vulva,Squamous_Intraepithelial_Lesions_HPV_associated_of_the_Vulva,891.32,1008.88,14:51,16:49,117.56,"https://storage.googleapis.com/pathology-hub-0/source_videos/Gyn_Lecture_4_Cervix_Squamous.mp4#t=891.32,1008.88",semantic_gated_v0_2,0.6902,"Squamous intraepithelial lesions of the cervix are proliferations of squamous cells driven by HPV infection. There are over 40 HPV types that infect the cervix, with 18 high-risk HPV types and 6 low-risk HPV types causing the majority of infections and lesions. Low-grade squamous intraepithelial lesions (LSIL) can be caused by low-risk HPV types, or sometimes high-risk types, while all high-grade squamous intraepithe"
Gyn_Lecture_5_Endometrium1,Gyn Lecture 5 Endometrium1,GYN::Cervix::Neoplastic::Epithelial::Benign::Endocervical_Glandular_Hyperplasia,Endocervical Glandular Hyperplasia,Endocervical_Glandular_Hyperplasia,161.2,251.48,2:41,4:11,90.28,"https://storage.googleapis.com/pathology-hub-0/source_videos/Gyn_Lecture_5_Endometrium1.mp4#t=161.2,251.48",semantic_gated_v0_2,0.6306,"When looking at an endometrial biopsy, like the one in this example that has endometrial gland crowding, the question arises of how to classify it in a way that's relevant for management decisions. We need to determine if we are looking at some form of hyperplasia or a low-grade form of carcinoma. Of course, this is much more complicated than these two diagnostic possibilities, as there are many more additional entit"
Gyn_Lecture_5_Endometrium1,Gyn Lecture 5 Endometrium1,GYN::Cervix::Neoplastic::Epithelial::Benign::Endocervical_Glandular_Hyperplasia,Endocervical Glandular Hyperplasia,Endocervical_Glandular_Hyperplasia,251.48,380.76,4:11,6:21,129.28,"https://storage.googleapis.com/pathology-hub-0/source_videos/Gyn_Lecture_5_Endometrium1.mp4#t=251.48,380.76",semantic_gated_v0_2,0.5947,"If we look at the treatment options for this spectrum of glandular pattern gland crowding, you can see it ranges all the way from just simply managing the symptoms if it's a polyp with gland crowding, all the way up to full staging and hysterectomy if it's a high-risk cancer. And of course, if it's a secondary cancer, completely different treatment algorithms for those extrauterine and primary origins. So, again, und"
Gyn_Lecture_5_Endometrium1,Gyn Lecture 5 Endometrium1,GYN::Cervix::Neoplastic::Epithelial::Benign::Endocervical_Glandular_Hyperplasia,Endocervical Glandular Hyperplasia,Endocervical_Glandular_Hyperplasia,993.12,1120.28,16:33,18:40,127.16,"https://storage.googleapis.com/pathology-hub-0/source_videos/Gyn_Lecture_5_Endometrium1.mp4#t=993.12,1120.28",semantic_gated_v0_2,0.6589,"On the left is an example of classic endometrial breakdown, where stroma condensation is visible between the endometrial glands. The tissue is collapsing due to the generation and breakdown of the stroma itself. Initially, this can appear as crowded endometrial glands relative to the stroma, but this is an artifact. Unless the glands and stroma are intact, it's difficult to truly assess if the appearance is hyperplas"
Gyn_Lecture_5_Endometrium1,Gyn Lecture 5 Endometrium1,GYN::Cervix::Neoplastic::Epithelial::Benign::Endocervical_Glandular_Hyperplasia,Endocervical Glandular Hyperplasia,Endocervical_Glandular_Hyperplasia,3319.16,3452.36,55:19,57:32,133.2,"https://storage.googleapis.com/pathology-hub-0/source_videos/Gyn_Lecture_5_Endometrium1.mp4#t=3319.16,3452.36",semantic_gated_v0_2,0.6479,"Now, we can move on to mucin-rich variants of endometrial gland crowding. The clinically relevant differential diagnosis is extensive, ranging from benign entities all the way up to high-risk and secondary forms of cancer. In the benign categories, there are two lesions to be aware of: number one, mucinous metaplasia; and number two, contamination of the endometrial biopsy by so-called endocervical microglandular hyp"
Gyn_Lecture_6_Gestational,Gyn Lecture 6 Gestational,GYN::GTD::Tumor_Like::Molar::Complete_Hydatidiform_Mole,Complete Hydatidiform Mole,Complete_Hydatidiform_Mole,740.88,853.44,12:21,14:13,112.56,"https://storage.googleapis.com/pathology-hub-0/source_videos/Gyn_Lecture_6_Gestational.mp4#t=740.88,853.44",semantic_gated_v0_2,0.6705,"Categories of alterations to look for in the morphology. Once a decision is made that abnormalities are present, we must consider the differential diagnosis. Is this a mole or one of these non-molar causes of ""funny looking villi""? Let's start with complete mole. There are four presentations of complete mole: the classic version (second trimester), an early complete mole (first trimester), a complete mole in a twin g"
Gyn_Lecture_6_Gestational,Gyn Lecture 6 Gestational,GYN::GTD::Tumor_Like::Molar::Complete_Hydatidiform_Mole,Complete Hydatidiform Mole,Complete_Hydatidiform_Mole,952.88,1078.56,15:53,17:59,125.68,"https://storage.googleapis.com/pathology-hub-0/source_videos/Gyn_Lecture_6_Gestational.mp4#t=952.88,1078.56",semantic_gated_v0_2,0.6431,"Trophoblast atypia in a complete mole can be observed in villous trophoblast, extra-villous trophoblast (floating islands), and implantation trophoblast. The definition of atypia involves looking for nuclei that appear larger and 'uglier' than normal, characterized by increased nuclear size, nuclear variability, hyperchromasia, and absence of mitoses. It's important to note that this appearance has no clinical value;"
Gyn_Lecture_6_Gestational,Gyn Lecture 6 Gestational,GYN::GTD::Tumor_Like::Molar::Complete_Hydatidiform_Mole,Complete Hydatidiform Mole,Complete_Hydatidiform_Mole,1078.56,1215.52,17:59,20:16,136.96,"https://storage.googleapis.com/pathology-hub-0/source_videos/Gyn_Lecture_6_Gestational.mp4#t=1078.56,1215.52",semantic_gated_v0_2,0.6299,"Contextually, basically everything is going to be downgraded and less obvious. So instead of uniform enlargement, the villi size may actually be normal or only slightly enlarged. And instead of a balloon-shaped contour, you often get these bulbous contours that some people call knuckles or cauliflower contour, and you may not even see any cisterns whatsoever. A helpful clue, however, in the mesenchyme is that it tend"
Gyn_Lecture_6_Gestational,Gyn Lecture 6 Gestational,GYN::GTD::Tumor_Like::Molar::Partial_Hydatidiform_Mole,Partial Hydatidiform Mole,Partial_Hydatidiform_Mole,2279.92,2454.4,38:00,40:54,174.48,"https://storage.googleapis.com/pathology-hub-0/source_videos/Gyn_Lecture_6_Gestational.mp4#t=2279.92,2454.4",semantic_gated_v0_2,0.5922,"Getting to a partial mole. You can have a single sperm that duplicates itself and then fertilizes an egg. So this would be a monospermic, diandric, triploid gestation. Then, in the two middle panels, you could have two sperm that fertilize an egg. But the combination of a single sperm that fertilizes an egg with a double set of chromosomes, and it's not really understood why that double set of chromosomes happens, bu"
Gyn_Lecture_6_Gestational,Gyn Lecture 6 Gestational,GYN::GTD::Tumor_Like::Non_Neoplastic::Placental_Site_Nodule_and_Plaque,Placental Site Nodule and Plaque,Placental_Site_Nodule_and_Plaque,3193.76,3291.6,53:14,54:52,97.84,"https://storage.googleapis.com/pathology-hub-0/source_videos/Gyn_Lecture_6_Gestational.mp4#t=3193.76,3291.6",semantic_gated_v0_2,0.7151,"This is something that you can see from time to time on the biopsy service in endometrial biopsies. So it's defined as a chorion-type trophoblast which are embedded in hyalinized stroma. That hyalinized stroma can form a nodule that mimics a polyp or can form a plaque that you can see at the time of hysterectomy. It's usually incidental, although as I mentioned, if it does form a polyp, sometimes this can be seen on "
Gyn_Lecture_6_Gestational,Gyn Lecture 6 Gestational,GYN::GTD::GTN::Placental_Site_Trophoblastic_Tumor,Placental Site Trophoblastic Tumor,Placental_Site_Trophoblastic_Tumor,3096.24,3193.76,51:36,53:14,97.52,"https://storage.googleapis.com/pathology-hub-0/source_videos/Gyn_Lecture_6_Gestational.mp4#t=3096.24,3193.76",semantic_gated_v0_2,0.6835,"It's not neoplastic and it's essentially the presence of exuberant trophoblast within the myometrium. It's an incidental finding. It's not going to form any sort of mass or polyp. And what you're looking for under the microscope is an exaggerated number of trophoblasts percolating through the myometrium. So the thing that you want to be careful of is not over-calling this as any one of these trophoblastic tumors, and"
Gyn_Lecture_7_Ovary1,Gyn Lecture 7 Ovary1,GYN::Ovary::Mesenchymal::Endometrioid_Stromal_Sarcoma_of_the_Ovary,Endometrioid Stromal Sarcoma of the Ovary,Endometrioid_Stromal_Sarcoma_of_the_Ovary,3376.36,3479.76,56:16,58:00,103.4,"https://storage.googleapis.com/pathology-hub-0/source_videos/Gyn_Lecture_7_Ovary1.mp4#t=3376.36,3479.76",semantic_gated_v0_2,0.5801,"The final slide shows how to deal with multifocal involvement. If you have tumor in the ovary and endometrium, and it's endometrioid type, these behave as though it's synchronous primary stage one tumors, not stage three endometrial cancer. However, current FIGO rules dictate staging as stage three. Recent molecular studies show clonality, suggesting ovarian involvement is likely metastasis. The epidemiology is confl"
Gyn_Lecture_7_Ovary1,Gyn Lecture 7 Ovary1,GYN::Ovary::Serous::Malignant::Low_grade_Serous_Carcinoma_of_the_Ovary,Low grade Serous Carcinoma of the Ovary,Low_grade_Serous_Carcinoma_of_the_Ovary,0.0,137.76,0:00,2:18,137.76,"https://storage.googleapis.com/pathology-hub-0/source_videos/Gyn_Lecture_7_Ovary1.mp4#t=0,137.76",semantic_gated_v0_2,0.67,"Okay, this will be the third installment on Ovarian tumors focusing on high grade, low This is the 2020 fifth edition WHO classification system for ovarian carcinomas. There are a couple of new things that have changed since the prior edition. The first is that there's a new entity called Mesonephric-like carcinoma. I'm not going to have time to talk about it; it's a rather rare entity. The other change is that the e"
Gyn_Lecture_7_Ovary1,Gyn Lecture 7 Ovary1,GYN::Ovary::Serous::Malignant::Low_grade_Serous_Carcinoma_of_the_Ovary,Low grade Serous Carcinoma of the Ovary,Low_grade_Serous_Carcinoma_of_the_Ovary,137.76,217.28,2:18,3:37,79.52,"https://storage.googleapis.com/pathology-hub-0/source_videos/Gyn_Lecture_7_Ovary1.mp4#t=137.76,217.28",semantic_gated_v0_2,0.6471,"The biggest thing to exclude in the differential is low-grade serous carcinoma. The major differences are threefold. One is hereditary risk: about 20% of high-grade serous carcinomas are associated with ovarian cancer syndrome, linked to BRCA and its relative genes, however, this is not the case for low-grade serous carcinoma. The second rationale to separate high-grade versus low-grade serous carcinoma is in terms o"
Gyn_Lecture_7_Ovary1,Gyn Lecture 7 Ovary1,GYN::Fallopian_Tube::Neoplastic::Epithelial::Malignant::Serous_Carcinoma_And_STIC,Serous Carcinoma And STIC,Serous_Carcinoma_And_STIC,1624.88,1759.08,27:05,29:19,134.2,"https://storage.googleapis.com/pathology-hub-0/source_videos/Gyn_Lecture_7_Ovary1.mp4#t=1624.88,1759.08",semantic_gated_v0_2,0.6199,"There are some unintended consequences of this set of rules, called stage migration. What happens is if you apply these rules, there is going to be a perceived increase in the number of fallopian tube cancers and a perceived decrease in the number of ovarian cancers. This is going to be very confusing to somebody who didn't understand that the rules changed. That's all that changed is the rules for assigning the site"
Gyn_Lecture_7_Ovary1,Gyn Lecture 7 Ovary1,GYN::Fallopian_Tube::Neoplastic::Epithelial::Malignant::Serous_Carcinoma_And_STIC,Serous Carcinoma And STIC,Serous_Carcinoma_And_STIC,1844.72,1980.76,30:45,33:01,136.04,"https://storage.googleapis.com/pathology-hub-0/source_videos/Gyn_Lecture_7_Ovary1.mp4#t=1844.72,1980.76",semantic_gated_v0_2,0.6428,"Even though it's been 15 years or so since the story has unfolded, it's still not complete. We don't have consensus criteria in the field for the minimum morphologic criteria to diagnose STIC. This means there can be observer variation in what one person calls STIC and another person would call benign. Another important question is whether morphology alone is sufficient to make the diagnosis. The answer is no; you re"
Gyn_Lecture_7_Ovary1,Gyn Lecture 7 Ovary1,GYN::Fallopian_Tube::Neoplastic::Epithelial::Malignant::Serous_Carcinoma_And_STIC,Serous Carcinoma And STIC,Serous_Carcinoma_And_STIC,1980.76,2104.04,33:01,35:04,123.28,"https://storage.googleapis.com/pathology-hub-0/source_videos/Gyn_Lecture_7_Ovary1.mp4#t=1980.76,2104.04",semantic_gated_v0_2,0.6351,"For a point of reference, this is normal fallopian tube. There are two major cell types present. The ciliated cells have little hair-like extensions at the surface. There's also a pink terminal bar that represents the insertion point, and the nuclei are usually located at the basal portion of the cell. Then there are these so-called secretory cells, which are columnar cells that don't have cilia. These are the cells "
Gyn_Lecture_7_Ovary1,Gyn Lecture 7 Ovary1,GYN::Fallopian_Tube::Neoplastic::Epithelial::Malignant::Serous_Carcinoma_And_STIC,Serous Carcinoma And STIC,Serous_Carcinoma_And_STIC,2104.04,2237.76,35:04,37:18,133.72,"https://storage.googleapis.com/pathology-hub-0/source_videos/Gyn_Lecture_7_Ovary1.mp4#t=2104.04,2237.76",semantic_gated_v0_2,0.5707,"So, immunohistochemistry is important. The two markers are p53 and Ki67 or MUC1. What we're looking for is an aberrant result for p53, and for Ki67, we're just looking for a relative result. So, the staining needs to be increased in the STIC compared to the background's normal mucosa. Necrosis. So this is a nice example shown in the overexpression pattern of p53 in a STIC. In the upper panel, we see both the overexpr"
Gyn_Lecture_7_Ovary1,Gyn Lecture 7 Ovary1,GYN::Fallopian_Tube::Neoplastic::Epithelial::Malignant::Serous_Carcinoma_And_STIC,Serous Carcinoma And STIC,Serous_Carcinoma_And_STIC,2369.72,2487.72,39:30,41:28,118.0,"https://storage.googleapis.com/pathology-hub-0/source_videos/Gyn_Lecture_7_Ovary1.mp4#t=2369.72,2487.72",semantic_gated_v0_2,0.5874,"Another scenario is where you may be worried about a sick. You get a P53, you don't find the sick, but then you notice, oh, wait a minute, the normal mucosa, there are these little segments that show P53 aberrency. What's going on here? So this is something called a P53 signature. Again, the morphology is completely benign. While this could be a building block for eventually developing a sick, there's no non-clinical"
Gyn_Lecture_7_Ovary1,Gyn Lecture 7 Ovary1,GYN::Fallopian_Tube::Neoplastic::Epithelial::Malignant::Serous_Carcinoma_And_STIC,Serous Carcinoma And STIC,Serous_Carcinoma_And_STIC,2487.72,2553.2,41:28,42:33,65.48,"https://storage.googleapis.com/pathology-hub-0/source_videos/Gyn_Lecture_7_Ovary1.mp4#t=2487.72,2553.2",semantic_gated_v0_2,0.6203,"There are no objective criteria on how to deal with this. The problem here is that the morphology in both sites is going to be identical. The presence of STIC is not pathognomonic for tubal origin. The biomarkers are going to be the same, and the genomic alterations are also going to be the same. There are a couple of clues, however. If you look at patient age, we know that endometrial serous carcinomas usually occur"
Gyn_Lecture_8_Ovary2,Gyn Lecture 8 Ovary2,GYN::Ovary::Mesenchymal::Endometrioid_Stromal_Sarcoma_of_the_Ovary,Endometrioid Stromal Sarcoma of the Ovary,Endometrioid_Stromal_Sarcoma_of_the_Ovary,1904.86,2053.54,31:45,34:14,148.68,"https://storage.googleapis.com/pathology-hub-0/source_videos/Gyn_Lecture_8_Ovary2.mp4#t=1904.86,2053.54",semantic_gated_v0_2,0.6313,"In terms of staging, there are a minority of cases with endometrial cancer in the ovary and the endometrium. There are at least three different options for classifying this: could it be primary to the ovary and primary to the endometrium, or could it be primary from one of the sites with metastasis to the other? There aren't any real objective methods to distinguish amongst these options. Historically, common sense r"
Gyn_Lecture_9_Ovary3,Gyn Lecture 9 Ovary3,GYN::Ovary::Neoplastic::Epithelial::Borderline::Mucinous_Borderline_Tumor_Intestinal_Type,Mucinous Borderline Tumor Intestinal Type,Mucinous_Borderline_Tumor_Intestinal_Type,1035.28,1165.68,17:15,19:26,130.4,"https://storage.googleapis.com/pathology-hub-0/source_videos/Gyn_Lecture_9_Ovary3.mp4#t=1035.28,1165.68",semantic_gated_v0_2,0.6923,"This relates to a proposed theory about the origin of mucinous tumors in the ovary, as there is no normal mucinous epithelium found there. This raises the question of where these tumors originate. The hypothesis is that intestinal elements within a teratoma undergo neoplastic changes, leading to conditions ranging from cystadenoma to borderline tumors to carcinoma associated with mature cystic teratomas. It's importa"
Gyn_Lecture_9_Ovary3,Gyn Lecture 9 Ovary3,GYN::Ovary::Mucinous::Malignant::Mucinous_Carcinoma_of_the_Ovary,Mucinous Carcinoma of the Ovary,Mucinous_Carcinoma_of_the_Ovary,2048.72,2213.76,34:09,36:54,165.04,"https://storage.googleapis.com/pathology-hub-0/source_videos/Gyn_Lecture_9_Ovary3.mp4#t=2048.72,2213.76",semantic_gated_v0_2,0.6129,"Ovarian mucinous carcinomas, primary to the ovary, are negative for Pax8 and hormonal receptors, and also negative for serous markers like WT1. The CK7 and CK20 profile is complicated: you should see diffuse strong CK7 positivity. Most cases are CK20 negative, but some focal heterogeneous patchy CK20 can be present. The key is that the CK7 distribution must be greater than CK20; if they are equal or CK20 is higher, c"
Gyn_Lecture_9_Ovary3,Gyn Lecture 9 Ovary3,GYN::Ovary::Neoplastic::Mixed::Malignant::Mucinous_Cystic_Tumor_With_Mural_Nodules,Mucinous Cystic Tumor With Mural Nodules,Mucinous_Cystic_Tumor_With_Mural_Nodules,737.28,832.96,12:17,13:53,95.68,"https://storage.googleapis.com/pathology-hub-0/source_videos/Gyn_Lecture_9_Ovary3.mp4#t=737.28,832.96",semantic_gated_v0_2,0.6584,"Large, so you know, greater than 30 centimeters. They often are multi-cystic and multi-locular. Here's a smaller one in which we have multiple small cysts. You can also see unicistic variations. This is starting to get a little bit more multicystic, and then this is the prototypical appearance. For mucinous cystadenoma, interoperative evaluation requires opening every single cyst. It is crucial not to assume all cyst"
Gyn_Lecture_9_Ovary3,Gyn Lecture 9 Ovary3,GYN::Ovary::Neoplastic::Mixed::Malignant::Mucinous_Cystic_Tumor_With_Mural_Nodules,Mucinous Cystic Tumor With Mural Nodules,Mucinous_Cystic_Tumor_With_Mural_Nodules,1777.52,1915.44,29:38,31:55,137.92,"https://storage.googleapis.com/pathology-hub-0/source_videos/Gyn_Lecture_9_Ovary3.mp4#t=1777.52,1915.44",semantic_gated_v0_2,0.7115,"We'll talk about is mural nodule. As I mentioned, these are rare entities. The name nodule comes from the fact that on gross examination, it literally looks like a nodule sitting in the wall of a mucinous tumor. So, where can you see this? You can see this in benign cystadenoma, borderline tumor, and also carcinomas. And then I mentioned the three different types that you can see. So here's an example. It's kind of s"
Gyn_Lecture_9_Ovary3,Gyn Lecture 9 Ovary3,GYN::Ovary::Neoplastic::Mixed::Malignant::Mucinous_Cystic_Tumor_With_Mural_Nodules,Mucinous Cystic Tumor With Mural Nodules,Mucinous_Cystic_Tumor_With_Mural_Nodules,1917.52,2047.6,31:58,34:08,130.08,"https://storage.googleapis.com/pathology-hub-0/source_videos/Gyn_Lecture_9_Ovary3.mp4#t=1917.52,2047.6",semantic_gated_v0_2,0.6084,"So here's an example. It's multicystic. It doesn't really look like it's going to be a carcinoma, and that's one of the teaching points here. There can be examples in which it's only very, very microscopic features that are present. Here, we have areas of focal expansiveness. This is a little bit more obvious; we've got confluent nodules. This certainly could be mucinous, serous, or clear cell or seromucinous type di"
HN_Lecture_0_Grossing1,HN Lecture 0 Grossing1,HN::Genetics::Hyperparathyroidism_Jaw_Tumor_Syndrome,Hyperparathyroidism Jaw Tumor Syndrome,Hyperparathyroidism_Jaw_Tumor_Syndrome,956.0,1090.0,15:56,18:10,134.0,"https://storage.googleapis.com/pathology-hub-0/source_videos/HN_Lecture_0_Grossing1.mp4#t=956,1090",semantic_gated_v0_2,0.5212,"Parathyroid glands are typically removed due to conditions like adenoma causing hyperparathyroidism, parathyroid hyperplasia (often in patients with multiple endocrine neoplasia), or suspected parathyroid carcinoma. The indication for removal, usually primary hyperparathyroidism, can often be found on the requisition or in the surgeon's preoperative notes. Anatomically, the parathyroid gland resembles a tiny kidney, "
HN_Lecture_0_Grossing1,HN Lecture 0 Grossing1,HN::Soft_Tissue::Smooth_Muscle::Smooth_Muscle_Tumor_Of_Uncertain_Malignant_Potential,Smooth Muscle Tumor Of Uncertain Malignant Potential,Smooth_Muscle_Tumor_Of_Uncertain_Malignant_Potential,687.0,785.0,11:27,13:05,98.0,"https://storage.googleapis.com/pathology-hub-0/source_videos/HN_Lecture_0_Grossing1.mp4#t=687,785",semantic_gated_v0_2,0.5541,"This is an example of a case with a very aggressive-looking thyroid cancer where the muscle isn't obvious. It is critical to sample areas where brown muscle appears stuck to the thyroid. If tumor invasion into skeletal muscle is demonstrated, it leads to a pathologic stage of pT3b, regardless of the nodule's size. If you are not dealing with papillary thyroid cancer or medullary cancer, we have two different categori"
HN_Lecture_0_Grossing1,HN Lecture 0 Grossing1,HN::Neck_Lymph_Node::Cyst::Thyroglossal_Duct_Cyst,Thyroglossal Duct Cyst,Thyroglossal_Duct_Cyst,7.0,334.0,0:07,5:34,327.0,"https://storage.googleapis.com/pathology-hub-0/source_videos/HN_Lecture_0_Grossing1.mp4#t=7,334",semantic_gated_v0_2,0.5067,"I'm going to talk about grossing head and neck specimens, which is a lot of material, so I'm going to forge ahead. Please vocally weigh in if you have questions; don't put it in the chat because I might go far beyond the topic before I realize I need to clarify something. Today, we're talking about head and neck specimens, specifically thyroid, parathyroid, salivary glands, very briefly about oral cavity, tongue, and"
HN_Lecture_0_Grossing2,HN Lecture 0 Grossing2,HN::Oral::Squamous_Carcinoma::Verrucous_Carcinoma_of_the_Oral::_and_Mobile_Tongue,and Mobile Tongue,_and_Mobile_Tongue,2390.0,2529.0,39:50,42:09,139.0,"https://storage.googleapis.com/pathology-hub-0/source_videos/HN_Lecture_0_Grossing2.mp4#t=2390,2529",semantic_gated_v0_2,0.504,"After inking the edges, the specimen is typically bread-loafed. For tongue specimens, a large slab of tissue is received and must be carefully sectioned after proper orientation. The key to processing these specimens is understanding the anatomy and knowing the exact orientation (anterior, posterior, superior, inferior). If the orientation is unclear, it is essential to contact the surgeon for clarification before cu"
HN_Lecture_1_Salivary1,HN Lecture 1 Salivary1,HN::Salivary::Cystadenoma_of_the_Salivary_Glands,Cystadenoma of the Salivary Glands,Cystadenoma_of_the_Salivary_Glands,1344.88,1426.56,22:25,23:47,81.68,"https://storage.googleapis.com/pathology-hub-0/source_videos/HN_Lecture_1_Salivary1.mp4#t=1344.88,1426.56",semantic_gated_v0_2,0.5879,"In cases of obstruction and a salivary retention cyst, amylase can crystallize. Crystallized amylase isn't particularly characteristic; people describe it as rhomboid, but the crystals are not uniformly rhomboid. Here is another large cyst with ciliated cell metaplasia. The other differential diagnosis for these ciliated cysts in the parotid (less commonly in the submandibular gland) is whether they are possibly a co"
HN_Lecture_1_Salivary1,HN Lecture 1 Salivary1,HN::Salivary_Gland::Malignant_Tumor::Salivary_Duct_Carcinoma,Salivary Duct Carcinoma,Salivary_Duct_Carcinoma,2377.6,2458.48,39:38,40:58,80.88,"https://storage.googleapis.com/pathology-hub-0/source_videos/HN_Lecture_1_Salivary1.mp4#t=2377.6,2458.48",semantic_gated_v0_2,0.6777,"A big nerve, likely a branch of the facial nerve, shows the tumor infiltrating all around it. This is very common. You also see frequent lymphovascular invasion with salivary duct carcinoma and nodal metastasis. So, in salivary duct carcinoma, there is sometimes a. The component is surrounded by epithelial cells. Unlike breast cancer, there is no need to diligently distinguish between in situ and invasive components "
HN_Lecture_1_Salivary1,HN Lecture 1 Salivary1,HN::Nasopharynx::Hamartoma::Salivary_Gland_Anlage_Tumor,Salivary Gland Anlage Tumor,Salivary_Gland_Anlage_Tumor,631.56,818.44,10:32,13:38,186.88,"https://storage.googleapis.com/pathology-hub-0/source_videos/HN_Lecture_1_Salivary1.mp4#t=631.56,818.44",semantic_gated_v0_2,0.6262,"Fine Needle Aspirations (FNA) are crucial for diagnosing salivary gland lesions. The initial step is to determine if a lesion is neoplastic. Non-neoplastic cases, such as inflammatory conditions or cysts, typically warrant observation. Once a neoplasm is identified, it's important to differentiate primary salivary gland tumors from metastatic lesions. Metastatic cases may not undergo extensive surgery like a parotide"
HN_Lecture_2_Salivary2,HN Lecture 2 Salivary2,HN::Salivary_Gland::Malignant_Tumor::Acinic_Cell_Carcinoma,Acinic Cell Carcinoma,Acinic_Cell_Carcinoma,326.08,460.96,5:26,7:41,134.88,"https://storage.googleapis.com/pathology-hub-0/source_videos/HN_Lecture_2_Salivary2.mp4#t=326.08,460.96",semantic_gated_v0_2,0.6329,"They don't usually show perineural or lymphovascular invasion. It sometimes shows cystic degeneration and is cystic internally, but it's composed of acinar and ductal cells. The architecture is highly variable, but it's not that tricky to find the acinar cells. You don't really need a stain; you can do a PASD if you can't see obvious zymogen granules, but they're these sort of purplish granules in the cytoplasm. I do"
HN_Lecture_2_Salivary2,HN Lecture 2 Salivary2,HN::Salivary_Gland::Malignant_Tumor::Adenoid_Cystic_Carcinoma,Adenoid Cystic Carcinoma,Adenoid_Cystic_Carcinoma,93.44,207.04,1:33,3:27,113.6,"https://storage.googleapis.com/pathology-hub-0/source_videos/HN_Lecture_2_Salivary2.mp4#t=93.44,207.04",semantic_gated_v0_2,0.638,"Here is an example. On the left-hand side, this is adenoid cystic carcinoma with a cribriform pattern of growth. If immunohistochemical stains were performed on this tumor, two cell types would be observed: the so-called ductal type and the myoepithelial type. Even these cells do not completely recapitulate normal luminal and abluminal cells in normal salivary gland, but that is how they are described in the patholog"
HN_Lecture_2_Salivary2,HN Lecture 2 Salivary2,HN::Salivary_Gland::Malignant_Tumor::Adenoid_Cystic_Carcinoma,Adenoid Cystic Carcinoma,Adenoid_Cystic_Carcinoma,1672.08,1753.84,27:52,29:14,81.76,"https://storage.googleapis.com/pathology-hub-0/source_videos/HN_Lecture_2_Salivary2.mp4#t=1672.08,1753.84",semantic_gated_v0_2,0.7072,"Adenoid cystic carcinoma tends to be categorized among basaloid salivary gland tumors, often identified by its cytology. It features small cells, which should exhibit a distinct bilayer morphology unless there is high-grade transformation. Occasionally, myoepithelial cells may have clear cytoplasm, but this is not a universal feature. The tumor presents with cribriform, tubular, and solid growth patterns. A consisten"
HN_Lecture_2_Salivary2,HN Lecture 2 Salivary2,HN::Salivary_Gland::Malignant_Tumor::Adenoid_Cystic_Carcinoma,Adenoid Cystic Carcinoma,Adenoid_Cystic_Carcinoma,1756.16,1893.76,29:16,31:34,137.6,"https://storage.googleapis.com/pathology-hub-0/source_videos/HN_Lecture_2_Salivary2.mp4#t=1756.16,1893.76",semantic_gated_v0_2,0.69,"Adenoid cystic carcinoma is graded based on the percentage of its solid component, with 30% serving as a key cut-off. If there is no solid component, it is considered low grade (Grade 1, predominantly tubular). If the solid component is less than 30%, it is intermediate grade (Grade 2), and if greater than 30%, it is high grade (Grade 3). It is crucial to distinguish high-grade adenoid cystic carcinoma from adenoid c"
HN_Lecture_2_Salivary2,HN Lecture 2 Salivary2,HN::Salivary_Gland::Malignant_Tumor::Mucoepidermoid_Carcinoma,Mucoepidermoid Carcinoma,Mucoepidermoid_Carcinoma,462.24,582.24,7:42,9:42,120.0,"https://storage.googleapis.com/pathology-hub-0/source_videos/HN_Lecture_2_Salivary2.mp4#t=462.24,582.24",semantic_gated_v0_2,0.653,"Mucoepidermoid carcinoma is predominantly low-grade. MYB-NOTCH mutations are not enough to classify a tumor as high-grade transformation if it's cytomorphologically low-grade, but they indicate a worse prognosis than tumors with just an MYB translocation. Mucoepidermoid carcinoma tends to look infiltrative; however, it somewhat recapitulates the native ducts. For a very superficial tumor arising from minor glands, wh"
HN_Lecture_2_Salivary2,HN Lecture 2 Salivary2,HN::Salivary_Gland::Malignant_Tumor::Mucoepidermoid_Carcinoma,Mucoepidermoid Carcinoma,Mucoepidermoid_Carcinoma,582.24,674.08,9:42,11:14,91.84,"https://storage.googleapis.com/pathology-hub-0/source_videos/HN_Lecture_2_Salivary2.mp4#t=582.24,674.08",semantic_gated_v0_2,0.6478,"Sometimes there's clear cell change, but the larger ones with dense cytoplasm have a squamous look. Epidermoid cells can have dense, eosinophilic to clear cytoplasm. Basically, you shouldn't get frank keratinization. If there's frank keratinization in a tumor, particularly in the parotid, think about a metastatic squamous cell carcinoma before you think mucoepidermoid carcinoma, even if you have some mucus cells, bec"
HN_Lecture_2_Salivary2,HN Lecture 2 Salivary2,HN::Salivary_Gland::Malignant_Tumor::Polymorphous_Adenocarcinoma,Polymorphous Adenocarcinoma,Polymorphous_Adenocarcinoma,979.28,1048.96,16:19,17:29,69.68,"https://storage.googleapis.com/pathology-hub-0/source_videos/HN_Lecture_2_Salivary2.mp4#t=979.28,1048.96",semantic_gated_v0_2,0.6822,"Polymorphous adenocarcinoma, formerly known as polymorphous low-grade adenocarcinoma (PLGA), is a monophasic tumor. It exhibits infiltrative and streaming tubules, often with characteristic targetoid perineural invasion. Immunohistochemically, it is diffusely positive for S-100 and P63, demonstrating a characteristic immunophenotype of P40 negative and P63 positive. The genetic underpinning involves alterations in PR"
HN_Lecture_5_Odontogenic,HN Lecture 5 Odontogenic,HN::Odontogenic_Maxillofacial::Benign_Mixed::Odontoma,Odontoma,Odontoma,2519.68,2642.0,42:00,44:02,122.32,"https://storage.googleapis.com/pathology-hub-0/source_videos/HN_Lecture_5_Odontogenic.mp4#t=2519.68,2642",semantic_gated_v0_2,0.572,"Dental X-rays reveal various odontomas. A complex odontoma in the posterior maxilla exhibits a radiographic density as dense as enamel, being a mass composed of dentin and enamel. Another example shows a compound odontoma located between the roots of teeth, characterized by the presence of multiple tiny tooth-like structures. The speaker points out a compound odontoma, another compound odontoma, a complex odontoma, a"
HN_Lecture_5_Odontogenic,HN Lecture 5 Odontogenic,HN::Odontogenic_Maxillofacial::Jaw_Cyst::Radicular_Cyst,Radicular Cyst,Radicular_Cyst,562.64,699.6,9:23,11:40,136.96,"https://storage.googleapis.com/pathology-hub-0/source_videos/HN_Lecture_5_Odontogenic.mp4#t=562.64,699.6",semantic_gated_v0_2,0.6881,"This discussion covers the radicular cyst, lateral periodontal cyst, and dentigerous cyst, though not in order of frequency. The most common cyst of all is the radicular cyst, always associated with a dead tooth, specifically at the end of an erupted, dead tooth; the tooth must be dead to form a radicular cyst. A dentigerous cyst is always associated with the crown of an impacted tooth, meaning the tooth has not erup"
HN_Lecture_6_Oral,HN Lecture 6 Oral,HN::Salivary_Gland::Malignant_Tumor::Intraductal_Carcinoma,Intraductal Carcinoma,Intraductal_Carcinoma,3130.96,3245.76,52:11,54:06,114.8,"https://storage.googleapis.com/pathology-hub-0/source_videos/HN_Lecture_6_Oral.mp4#t=3130.96,3245.76",semantic_gated_v0_2,0.5364,"The definition of carcinoma-in-situ varies; some interpret it as cancer without demonstrable invasion, while others apply the term to extremely severe cases, akin to an '11 out of 10' in severity. This inconsistency means the term conveys different meanings, leading many to advocate for its discontinuation, particularly when communicating the gravity of the pathology to a surgeon. This clarity is important because ve"
HN_Lecture_6_Oral,HN Lecture 6 Oral,HN::Oral_Cavity::Inflammatory::Lichen_Planus,Lichen Planus,Lichen_Planus,1109.28,1145.92,18:29,19:06,36.64,"https://storage.googleapis.com/pathology-hub-0/source_videos/HN_Lecture_6_Oral.mp4#t=1109.28,1145.92",semantic_gated_v0_2,0.541,"This is a collage of different things. If any of you are interested in direct immunofluorescence, it's highly lucrative because you do five tests for every case. This is kind of a guide, but I won't go into the details of that. Lichen Planus, which we're going to talk about a little later on, is a very common oral disease where fibrinogen deposits at the epithelial connective tissue interface are very typical. Granul"
HN_Lecture_6_Oral,HN Lecture 6 Oral,HN::Oral_Cavity::Inflammatory::Lichen_Planus,Lichen Planus,Lichen_Planus,2420.16,2526.96,40:20,42:07,106.8,"https://storage.googleapis.com/pathology-hub-0/source_videos/HN_Lecture_6_Oral.mp4#t=2420.16,2526.96",semantic_gated_v0_2,0.6968,"Lichen Planus is an oral disease named by Erasmus Wilson, an 18th or 19th-century polymath, who thought the condition resembled lichen growing on rocks and trees (Plenus meaning flat). This condition affects about 1 to 2% of the adult population and is quite common, though its cause is unknown. It typically occurs in the mouth and on the skin, often together. Clinically, the oral lesions are characterized by white, l"
HN_Lecture_6_Oral,HN Lecture 6 Oral,HN::Oral_Cavity::Inflammatory::Lichen_Planus,Lichen Planus,Lichen_Planus,2526.96,2665.6,42:07,44:26,138.64,"https://storage.googleapis.com/pathology-hub-0/source_videos/HN_Lecture_6_Oral.mp4#t=2526.96,2665.6",semantic_gated_v0_2,0.653,"Under the microscope, three things are needed to make the diagnosis: hyperkeratosis, band-like infiltrative lymphocytes in the sub-epithelial lamina propria, and evidence of interface changes affecting the basal keratinocytes. These cases consistently show hyperkeratosis, band-like infiltrated lymphocytes, and interface changes affecting the basal keratinocytes. In every diagnosis of Lichen Planus, direct immunofluor"
HN_Lecture_6_Oral,HN Lecture 6 Oral,HN::Oral_Cavity::Inflammatory::Lichen_Planus,Lichen Planus,Lichen_Planus,2668.16,2748.8,44:28,45:49,80.64,"https://storage.googleapis.com/pathology-hub-0/source_videos/HN_Lecture_6_Oral.mp4#t=2668.16,2748.8",semantic_gated_v0_2,0.562,"As people get older, they often take many medications, which can cause lichenoid reactions in the mouth and on the skin. A classic scenario involves an elderly individual on 20 or 30 medications who develops red lesions in their mouth, similar to the image provided. These patients often have numerous dental restorations; for example, a silver filling might be next to a gold one, adjacent to a red lesion with white ed"
HN_Lecture_6_Oral,HN Lecture 6 Oral,HN::Oral_Cavity::Inflammatory::Pyogenic_Granuloma,Pyogenic Granuloma,Pyogenic_Granuloma,1145.92,1287.76,19:06,21:28,141.84,"https://storage.googleapis.com/pathology-hub-0/source_videos/HN_Lecture_6_Oral.mp4#t=1145.92,1287.76",semantic_gated_v0_2,0.5489,"Orofacial granulomatosis is a form of granulomatous disease, similar to sarcoidosis but without lung involvement, presenting with non-caseating granulomas, primarily in the oral cavity and head and neck region. Its cause is unknown, though a hypersensitivity reaction to food preservatives like benzoic acid or cinnamon is often suspected. Benzoic acid, a common preservative, has been a focus, with some data suggesting"
HN_Lecture_6_Oral,HN Lecture 6 Oral,HN::Oral_Cavity::Inflammatory::Pyogenic_Granuloma,Pyogenic Granuloma,Pyogenic_Granuloma,1287.76,1407.2,21:28,23:27,119.44,"https://storage.googleapis.com/pathology-hub-0/source_videos/HN_Lecture_6_Oral.mp4#t=1287.76,1407.2",semantic_gated_v0_2,0.5854,"The lips appear enlarged, reminiscent of cosmetic injections, but these are pathologically puffy lips. Biopsy reveals non-caseating granulomas, which resemble those seen in sarcoidosis—often described as naked granulomas with abundant histiocytes, minimal inflammation, and no necrosis. These non-caseating granulomas are very similar to what is observed in Crohn's disease. Whenever granulomas are observed, it is essen"
HN_Lecture_7_HPV,HN Lecture 7 HPV,HN::Neuroendocrine_Paraganglioma::Neuroendocrine_Carcinoma::Merkel_Cell_Carcinoma,Merkel Cell Carcinoma,Merkel_Cell_Carcinoma,2075.36,2214.96,34:35,36:55,139.6,"https://storage.googleapis.com/pathology-hub-0/source_videos/HN_Lecture_7_HPV.mp4#t=2075.36,2214.96",semantic_gated_v0_2,0.5327,"There are two different kinds of cutaneous cancers that should not be included because they are staged separately: melanoma and Merkel cell carcinoma. Staging for cutaneous carcinoma is based on the greatest dimension of the primary tumor. T staging for cutaneous carcinomas categorizes tumors as carcinoma in situ, smaller than two centimeters, between two and four centimeters, or larger than four centimeters. Crucial"
yt_pathcast_pathboards_high_yield_molecular_pathology_for_bo_8vtubijae2i,#PATHBOARDS High-Yield Molecular Pathology for Boards: Part 2 (Hematolymphoid Tumors) (pathCast),Heme::Mature_T_NK_Cell::Anaplastic_Large_Cell::ALK_Positive_Anaplastic_Large_Cell_Lymphoma,ALK Positive Anaplastic Large Cell Lymphoma,ALK_Positive_Anaplastic_Large_Cell_Lymphoma,3426.68,3565.6,57:07,59:26,138.92,https://www.youtube.com/watch?v=8VTUbIjAE2I&t=3426s,semantic_gated_v0_2,0.6266,"FISH. Um and we've kind of covered that though. MYC oncogene drives the proliferation. The BCL2 on the other chromosome was rearranged with IGH drives the anti-apoptosis. So then you've got this um Nice. Uh anaplastic large cell lymphoma this is characterized by several structural variants ALK fusion being the most classic. This is um we've got an image, you know, we've got these large cells you can barely make out o"
yt_pathcast_pathboards_high_yield_molecular_pathology_for_bo_8vtubijae2i,#PATHBOARDS High-Yield Molecular Pathology for Boards: Part 2 (Hematolymphoid Tumors) (pathCast),Heme::Acute_Myeloid_Leukemia::Genetic_Defined::AML_With_CEBPA_Mutation,AML With CEBPA Mutation,AML_With_CEBPA_Mutation,1513.32,1652.96,25:13,27:33,139.64,https://www.youtube.com/watch?v=8VTUbIjAE2I&t=1513s,semantic_gated_v0_2,0.6235,"uh, fusion status because they can think about using targeted therapies in chemotherapies um, for all of these alterations. Um, and the KMT2A and the NPM1 mutation which is upstream of KMT2A can uh, affect this uh, HOX pathway and exploited with a menin inhibitor. Um, and we've seen some success in cases here at DAH with these menin inhibitors. So, it's um, encouraging cuz generally speaking AML has a a poor prognosi"
yt_pathcast_pathboards_high_yield_molecular_pathology_for_bo_8vtubijae2i,#PATHBOARDS High-Yield Molecular Pathology for Boards: Part 2 (Hematolymphoid Tumors) (pathCast),Heme::Acute_Myeloid_Leukemia::Genetic_Defined::AML_With_KMT2A_Rearrangement,AML With KMT2A Rearrangement,AML_With_KMT2A_Rearrangement,1236.28,1375.4,20:36,22:55,139.12,https://www.youtube.com/watch?v=8VTUbIjAE2I&t=1236s,semantic_gated_v0_2,0.641,"ITD MRD because it means one thing if you just have the NPM1 mutation present after treatment, but it means something different if you've got both present after treatment. So often both of them will be ordered if the patient had those at diagnosis. Um So kind of related to the NPM1 is this KMT2A gene rearrangements and other defining alteration AML. This is another depiction of an integrated genomic viewer plot where"
yt_pathcast_pathboards_high_yield_molecular_pathology_for_bo_8vtubijae2i,#PATHBOARDS High-Yield Molecular Pathology for Boards: Part 2 (Hematolymphoid Tumors) (pathCast),Heme::Acute_Myeloid_Leukemia::Genetic_Defined::AML_With_KMT2A_Rearrangement,AML With KMT2A Rearrangement,AML_With_KMT2A_Rearrangement,1373.56,1512.72,22:54,25:13,139.16,https://www.youtube.com/watch?v=8VTUbIjAE2I&t=1373s,semantic_gated_v0_2,0.6754,duplications and these are being appreciated more and more as the technology is evolving. Um this is separate from the KMT2A gene rearrangement. It's not entity defining but it does have adverse prognostic implications and they're sort of assessing it now in clinical trials. The original trials for KMT2A rearranged AML but but this is so this is the optical genome mapping plot which is showing here this internal tand
yt_pathcast_pathboards_high_yield_molecular_pathology_for_bo_8vtubijae2i,#PATHBOARDS High-Yield Molecular Pathology for Boards: Part 2 (Hematolymphoid Tumors) (pathCast),Heme::Acute_Myeloid_Leukemia::Genetic_Defined::AML_With_MECOM_Rearrangement,AML With MECOM Rearrangement,AML_With_MECOM_Rearrangement,2196.96,2333.68,36:37,38:54,136.72,https://www.youtube.com/watch?v=8VTUbIjAE2I&t=2196s,semantic_gated_v0_2,0.7028,"near threshold for 20%. Um so, this turned out to be a MECOM rearranged case of AML. So, an AML with a MECOM rearrangement. Um and I brought this up for a couple of reasons. Um it has kind of an alternative mechanism with the um leading to the MECOM overexpression. So, this is one uh it's not something you can use for the uh MRD tracking because um it's very hard to design um reliable uh MRD kind of tracking primers "
yt_pathcast_pathboards_high_yield_molecular_pathology_for_bo_8vtubijae2i,#PATHBOARDS High-Yield Molecular Pathology for Boards: Part 2 (Hematolymphoid Tumors) (pathCast),Heme::Acute_Myeloid_Leukemia::Genetic_Defined::AML_With_NPM1_Mutation,AML With NPM1 Mutation,AML_With_NPM1_Mutation,962.96,1102.2,16:03,18:22,139.24,https://www.youtube.com/watch?v=8VTUbIjAE2I&t=962s,semantic_gated_v0_2,0.6663,"classify, you can find therapeutic options for patients, and you can track with measurable residual disease. So, a lot of applications in the molecular realm for acute myeloid leukemia. Um, so, I'll focus on some of these defining alterations and certain targets that might enable treatment. And then, just a little bit about measurable residual disease or MRD based on what you find on the initial diagnosis. So, here's"
yt_pathcast_pathboards_high_yield_molecular_pathology_for_bo_8vtubijae2i,#PATHBOARDS High-Yield Molecular Pathology for Boards: Part 2 (Hematolymphoid Tumors) (pathCast),Heme::Myelodysplastic_Neoplasm::Genetic_Defined::MDS_With_Low_Blasts_And_SF3B1_Mutation,MDS With Low Blasts And SF3B1 Mutation,MDS_With_Low_Blasts_And_SF3B1_Mutation,2878.44,3018.16,47:58,50:18,139.72,https://www.youtube.com/watch?v=8VTUbIjAE2I&t=2878s,semantic_gated_v0_2,0.6573,"define diseases. Uh, So, first image we've got a Prussian blue iron stain. We've got these erythroid cells and we've got these little dots around them. So, probably thinking, you know, this is a ring sideroblast. It's around more than a third of the nucleus. There's definitely more than five granules. Um so, ring sideroblast. Then once you see one, you start to see more than one. You start to see them all around. So,"
yt_pathcast_pathboards_high_yield_molecular_pathology_for_bo_8vtubijae2i,#PATHBOARDS High-Yield Molecular Pathology for Boards: Part 2 (Hematolymphoid Tumors) (pathCast),Heme::Myeloid_Lymphoid_Neoplasm_With_Eosinophilia::MLN_With_FLT3_Rearrangement,MLN With FLT3 Rearrangement,MLN_With_FLT3_Rearrangement,1099.96,1236.28,18:20,20:36,136.32,https://www.youtube.com/watch?v=8VTUbIjAE2I&t=1099s,semantic_gated_v0_2,0.6262,"There isn't a defined category for FLT3 ITDs. You can see them across AML subtypes, but NPM1, you wouldn't see, you know, a defining fusion in that and AML with the NPM1 mutation. So, that's why it's got its own category in the WHO. Um so, FLT3 internal tandem duplications you commonly see in NPM1 AML. Um so, this is courtesy to these insertions happening primarily in the juxtamembrane domain. And they can vary in le"
Heme_SH_Aggressive_B_Cell,Heme SH Aggressive B Cell,Heme::Mature_B_Cell::Large_B_Cell::ALK_Positive_Large_B_Cell_Lymphoma,ALK Positive Large B Cell Lymphoma,ALK_Positive_Large_B_Cell_Lymphoma,5728.05,5865.34,1:35:28,1:37:45,137.29,"https://storage.googleapis.com/pathology-hub-0/source_videos/Heme_SH_Aggressive_B_Cell.mp4#t=5728.05,5865.34",semantic_gated_v0_2,0.5855,"seen in 43% of cases, was associated with a longer progression-free survival, so a better prognosis, while low or negative mum-1 staining, so was marginally associated with a longer progression-free survival. So this combination pattern shown at the top would be associated with a better prognosis, while strong mum 1 expression and lack of PDL1 or low PDL1 expression was associated with a shorter progression-free surv"
Heme_SH_Aggressive_B_Cell,Heme SH Aggressive B Cell,Heme::Mature_B_Cell::Burkitt::Burkitt_Lymphoma,Burkitt Lymphoma,Burkitt_Lymphoma,1403.17,1532.5,23:23,25:32,129.33,"https://storage.googleapis.com/pathology-hub-0/source_videos/Heme_SH_Aggressive_B_Cell.mp4#t=1403.17,1532.5",semantic_gated_v0_2,0.6199,"or maybe somewhat more reminiscent of a lymphoblastic lymphoma hence the name blastoid or the the categorization as blastoid variant of mantle cell lymphoma. But again, just something else to be aware of is something that can sometimes be in the differential diagnosis of burkett lymphoma. And then finally, I just want to touch on this provision. entity that was introduced in the fourth edition update or the 2017 W.H."
Heme_SH_Aggressive_B_Cell,Heme SH Aggressive B Cell,Heme::Mature_B_Cell::Large_B_Cell::DLBCL_High_Grade_With_MYC_And_BCL2_Rearrangements,DLBCL High Grade With MYC And BCL2 Rearrangements,DLBCL_High_Grade_With_MYC_And_BCL2_Rearrangements,2077.56,2216.36,34:38,36:56,138.8,"https://storage.googleapis.com/pathology-hub-0/source_videos/Heme_SH_Aggressive_B_Cell.mp4#t=2077.56,2216.36",semantic_gated_v0_2,0.6038,"immunophonotypic subgroup of DLBCL with MIC and BCL2 over expression or co-expression. So sometimes known as double expressor lymphoma. So in the early 2000s, sort of at the turn of the millennium, there were a number of studies that came out really defining these molecular profiles or molecular subtypes of diffuse large B cell lymphoma. And we now, based on those studies, sort of accept that we have three distinct m"
Heme_SH_Aggressive_B_Cell,Heme SH Aggressive B Cell,Heme::Mature_B_Cell::Large_B_Cell::DLBCL_High_Grade_With_MYC_And_BCL2_Rearrangements,DLBCL High Grade With MYC And BCL2 Rearrangements,DLBCL_High_Grade_With_MYC_And_BCL2_Rearrangements,2216.68,2355.4,36:57,39:15,138.72,"https://storage.googleapis.com/pathology-hub-0/source_videos/Heme_SH_Aggressive_B_Cell.mp4#t=2216.68,2355.4",semantic_gated_v0_2,0.5757,"So bottom line is that as pathologists, it's very important for. us to be able to figure out whether a DLBCL NOS is of germinal center or activated B cell type. Since the time of those early molecular profiling studies, there has emerged a need for rapid assessment of cell of origin and daily practice using formal and fixed paraffin embedded tissue. Since gene expression profiling is not a technique that's really app"
Heme_SH_Aggressive_B_Cell,Heme SH Aggressive B Cell,Heme::Mature_B_Cell::Large_B_Cell::DLBCL_High_Grade_With_MYC_And_BCL2_Rearrangements,DLBCL High Grade With MYC And BCL2 Rearrangements,DLBCL_High_Grade_With_MYC_And_BCL2_Rearrangements,2355.4,2488.23,39:15,41:28,132.83,"https://storage.googleapis.com/pathology-hub-0/source_videos/Heme_SH_Aggressive_B_Cell.mp4#t=2355.4,2488.23",semantic_gated_v0_2,0.585,"However, as shown by this Kaplan Meyer survival analysis curve with the original Hans classifier study, there still is a prognostic significance between these two categories. And so this is just an example. the Hans algorithm of an extranotal DLBCL involving the paranasal sinus that was strongly CD-10 positive, BCL6 positive, and Mum 1 negative, putting it squarely in the germinal center B cell type using the Hans al"
Heme_SH_Aggressive_B_Cell,Heme SH Aggressive B Cell,Heme::Mature_B_Cell::Large_B_Cell::DLBCL_High_Grade_With_MYC_And_BCL2_Rearrangements,DLBCL High Grade With MYC And BCL2 Rearrangements,DLBCL_High_Grade_With_MYC_And_BCL2_Rearrangements,2488.23,2622.93,41:28,43:43,134.7,"https://storage.googleapis.com/pathology-hub-0/source_videos/Heme_SH_Aggressive_B_Cell.mp4#t=2488.23,2622.93",semantic_gated_v0_2,0.6672,"immunophenotypic populations on clonal B cells. One thing to note is that CD5 staining is often somewhat weaker than seen on non-neoplastic T cells. In addition, these cases tend to also express BCL2 fairly strongly. It is important in these cases to perform cyclone D1 immunohistochemistry to exclude a diagnosis of pliomorphic mantle cell lymphoma, which is quite distinct from DLBCL and would elicit a very different "
Heme_SH_Aggressive_B_Cell,Heme SH Aggressive B Cell,Heme::Mature_B_Cell::Large_B_Cell::DLBCL_High_Grade_With_MYC_And_BCL2_Rearrangements,DLBCL High Grade With MYC And BCL2 Rearrangements,DLBCL_High_Grade_With_MYC_And_BCL2_Rearrangements,2894.9,3033.18,48:15,50:33,138.28,"https://storage.googleapis.com/pathology-hub-0/source_videos/Heme_SH_Aggressive_B_Cell.mp4#t=2894.9,3033.18",semantic_gated_v0_2,0.5915,"really evaluating all cases of DLBCL, as we'll talk about. So just touching on the amino phenotype, most cases show a germinal center B cell origin, particularly those with a a MIC and BCL2 rearrangement. So CD10 and BCL6 are typically positive. We often, but not always, but often see Mick over-expression by IHC. And again, BCL2 is usually positive, particularly in those MIC-B-CL-2 double-hit lymphomas. And the KI-16"
Heme_SH_Aggressive_B_Cell,Heme SH Aggressive B Cell,Heme::Mature_B_Cell::Large_B_Cell::DLBCL_High_Grade_With_MYC_And_BCL2_Rearrangements,DLBCL High Grade With MYC And BCL2 Rearrangements,DLBCL_High_Grade_With_MYC_And_BCL2_Rearrangements,3170.01,3304.78,52:50,55:05,134.77,"https://storage.googleapis.com/pathology-hub-0/source_videos/Heme_SH_Aggressive_B_Cell.mp4#t=3170.01,3304.78",semantic_gated_v0_2,0.5653,"it's in some cases very reminiscent of burkitt lymphoma. And so we sort of think that would definitely be something that we would think of in the differential when looking at this case just strictly based on morphology. However, note again that the patient is an older person somewhat out of the spectrum of what we typically see in Bercut lymphoma. And then on immunohistochemistry, the cells were, again, strongly posi"
Heme_SH_Aggressive_B_Cell,Heme SH Aggressive B Cell,Heme::Mature_B_Cell::Large_B_Cell::DLBCL_High_Grade_With_MYC_And_BCL2_Rearrangements,DLBCL High Grade With MYC And BCL2 Rearrangements,DLBCL_High_Grade_With_MYC_And_BCL2_Rearrangements,3566.5,3701.75,59:26,1:01:42,135.25,"https://storage.googleapis.com/pathology-hub-0/source_videos/Heme_SH_Aggressive_B_Cell.mp4#t=3566.5,3701.75",semantic_gated_v0_2,0.5488,"However, in terms of lower, using a lower cutoff, you still don't really get down because of these translocation positive cases that have a low level of staining, you'd have to have a very, very low cutoff essentially to have a cutoff that would be 100% sensitive in terms of predicting for an underlying mic rearrangement by fish. So ultimately, it has been determined that fish really does remain the gold standard. st"
Heme_SH_Aggressive_B_Cell,Heme SH Aggressive B Cell,Heme::Mature_B_Cell::Large_B_Cell::DLBCL_High_Grade_With_MYC_And_BCL2_Rearrangements,DLBCL High Grade With MYC And BCL2 Rearrangements,DLBCL_High_Grade_With_MYC_And_BCL2_Rearrangements,3702.51,3842.1,1:01:43,1:04:02,139.59,"https://storage.googleapis.com/pathology-hub-0/source_videos/Heme_SH_Aggressive_B_Cell.mp4#t=3702.51,3842.1",semantic_gated_v0_2,0.5932,"And so these cases tend to have a worse prognosis than non-double-expressor DLB-B-CLs, but a somewhat better prognosis than double-hit lymphoma than true genetic double-hit. So sort of an intermediate prognosis, as you can see here. There is no distinguishing morphology, so this is strictly an immunophenotypic categorization. However, most cases are non-Germinal center B-cell subtype based on immunohistochemical cell"
Heme_SH_Aggressive_B_Cell,Heme SH Aggressive B Cell,Heme::Mature_B_Cell::Large_B_Cell::DLBCL_High_Grade_With_MYC_And_BCL2_Rearrangements,DLBCL High Grade With MYC And BCL2 Rearrangements,DLBCL_High_Grade_With_MYC_And_BCL2_Rearrangements,3842.1,3977.83,1:04:02,1:06:18,135.73,"https://storage.googleapis.com/pathology-hub-0/source_videos/Heme_SH_Aggressive_B_Cell.mp4#t=3842.1,3977.83",semantic_gated_v0_2,0.5782,"and then proceed with fish for BCL2 and BCL6. Other assessments that are important to include, to perform and include in the pathology report are the KI67 proliferation index, EBV association, because again, this does tend to have prognostic significance, and does raise other important. ideological issues in terms of the development of lymphoma. And then also looking at things like CD5, again, because it has some pro"
Heme_SH_Aggressive_B_Cell,Heme SH Aggressive B Cell,Heme::Mature_B_Cell::Large_B_Cell::DLBCL_High_Grade_With_MYC_And_BCL2_Rearrangements,DLBCL High Grade With MYC And BCL2 Rearrangements,DLBCL_High_Grade_With_MYC_And_BCL2_Rearrangements,4114.13,4241.64,1:08:34,1:10:42,127.51,"https://storage.googleapis.com/pathology-hub-0/source_videos/Heme_SH_Aggressive_B_Cell.mp4#t=4114.13,4241.64",semantic_gated_v0_2,0.5729,"morphological standpoint, like for example, the a Burkett-like morphology, but with strong expression of BCL2, I think it's important to state those very clearly so that there is some expectation that there may be some results forthcoming in the fish that will, in fact, has a high likelihood of confirming a diagnosis of double or triple hit lymphoma. And then, of course, then you just wait for the results to come bac"
Heme_SH_Aggressive_B_Cell,Heme SH Aggressive B Cell,Heme::Mature_B_Cell::Large_B_Cell::DLBCL_High_Grade_With_MYC_And_BCL2_Rearrangements,DLBCL High Grade With MYC And BCL2 Rearrangements,DLBCL_High_Grade_With_MYC_And_BCL2_Rearrangements,4241.64,4366.9,1:10:42,1:12:47,125.26,"https://storage.googleapis.com/pathology-hub-0/source_videos/Heme_SH_Aggressive_B_Cell.mp4#t=4241.64,4366.9",semantic_gated_v0_2,0.6577,"more like typical diffuse large B-cell lymphoma. So finally, to wrap up this section on high-grade cell lymphomas, I just wanted to review this diagnostic paradigm. from a figure that I think is helpful. It's provided in the WHO Blue Book. But essentially, it kind of goes through the steps of the, of establishing the diagnosis and how to really consider these cases in the context of the differential diagnosis and the"
Heme_SH_Aggressive_B_Cell,Heme SH Aggressive B Cell,Heme::Mature_B_Cell::Large_B_Cell::DLBCL_High_Grade_With_MYC_And_BCL2_Rearrangements,DLBCL High Grade With MYC And BCL2 Rearrangements,DLBCL_High_Grade_With_MYC_And_BCL2_Rearrangements,4503.68,4641.14,1:15:04,1:17:21,137.46,"https://storage.googleapis.com/pathology-hub-0/source_videos/Heme_SH_Aggressive_B_Cell.mp4#t=4503.68,4641.14",semantic_gated_v0_2,0.6901,"And then finally, in the last scenario, if a double hit rearrangement is absent, meaning that you essentially have maybe a MIC rearrangement alone or a BCL2 or BCL6 rearrangement alone or the all three probes on fish are negative, then you basically have to be, you're back at, in some ways, square one, you're looking back at the morphology. So in a case of typical DLBCLL with typical DLBCL morphology, of course, if a"
Heme_SH_Aggressive_B_Cell,Heme SH Aggressive B Cell,Heme::Mature_B_Cell::Large_B_Cell::DLBCL_High_Grade_With_MYC_And_BCL2_Rearrangements,DLBCL High Grade With MYC And BCL2 Rearrangements,DLBCL_High_Grade_With_MYC_And_BCL2_Rearrangements,4641.76,4776.72,1:17:22,1:19:37,134.96,"https://storage.googleapis.com/pathology-hub-0/source_videos/Heme_SH_Aggressive_B_Cell.mp4#t=4641.76,4776.72",semantic_gated_v0_2,0.6125,"And here, in this particular case, the morphology of the neoplastic cells in some ways was actually quite blastoid. You can see that the chromatin is fairly disparate. there's not actually a lot of nucleol or prominence. In fact, you know, these cells in many ways resemble what you might see on tissue sections of lymphoblasts. However, there was no evidence of double or triple hit genetics. So there was a mic rearran"
Heme_SH_Aggressive_B_Cell,Heme SH Aggressive B Cell,Heme::Mature_B_Cell::Large_B_Cell::Primary_Mediastinal_Large_B_Cell_Lymphoma,Primary Mediastinal Large B Cell Lymphoma,Primary_Mediastinal_Large_B_Cell_Lymphoma,4914.54,5048.78,1:21:55,1:24:09,134.24,"https://storage.googleapis.com/pathology-hub-0/source_videos/Heme_SH_Aggressive_B_Cell.mp4#t=4914.54,5048.78",semantic_gated_v0_2,0.6996,"these cases that also support its categorization as a separate entity from DLBCLLNOS. So the one One big thing is that the transcriptional profile of these cases of primary medestinal large B cell lymphoma shares many features with classic Hodgkin lymphoma. In particular, Jackstat, pathway activation with PDL1 and PDL2 up regulation, activation of the NFCAPAB survival pathway. Other genetic features shared between pr"
Heme_SH_AML,Heme SH AML,Heme::Acute_Myeloid_Leukemia::Genetic_Defined::AML_Myelodysplasia_Related,AML Myelodysplasia Related,AML_Myelodysplasia_Related,1367.4,1499.26,22:47,24:59,131.86,"https://storage.googleapis.com/pathology-hub-0/source_videos/Heme_SH_AML.mp4#t=1367.4,1499.26",semantic_gated_v0_2,0.6455,"is still a provisional group, cases arising from MDS or cases that you have a lot of underlying dysplasia should still be considered as AML with mild dysplasia related changes. And those patients who had prior therapy should be considered to have as therapy-related myeloid neoplasm. AML with mild dysplasia related changes accounts for almost half of all AML cases based in studies. And the diagnosis of this group incl"
Heme_SH_AML,Heme SH AML,Heme::Acute_Myeloid_Leukemia::Differentiation_Defined::AML_With_Minimal_Differentiation,AML With Minimal Differentiation,AML_With_Minimal_Differentiation,552.08,687.47,9:12,11:27,135.39,"https://storage.googleapis.com/pathology-hub-0/source_videos/Heme_SH_AML.mp4#t=552.08,687.47",semantic_gated_v0_2,0.5739,"Uythory dysplasia in AML has similar terms. There's often binocleation or multi-nucleation nuclear budding. There's megaloblastoid changes, features of nuclear to cytoplasmic dysynchronic dysynchronic. Sometimes in peripheral smear, you can see anisopo-uprocyctosis or base cephylix diplying. Aspirate is still one of the better places to look for nuclear for nuclear irregularities in your thyroid cells. And looking fo"
Heme_SH_AML,Heme SH AML,Heme::Acute_Myeloid_Leukemia::Differentiation_Defined::AML_With_Minimal_Differentiation,AML With Minimal Differentiation,AML_With_Minimal_Differentiation,2191.68,2326.17,36:32,38:46,134.49,"https://storage.googleapis.com/pathology-hub-0/source_videos/Heme_SH_AML.mp4#t=2191.68,2326.17",semantic_gated_v0_2,0.7155,"They lack HLADR. They lack CD-13. They do express CD-34, CD-621. Interestingly, they frequently express CD-7 and CD-56, but lack monocytic markers. Myeloid sarcoma is an extramedular presentation of acute myeloid leukemia. It can present either dineover or can have concurrent peripheral blood or bone marrow involvement. It can also present as progression of a prior MDS or MPN. Even without the bone marrow involvement"
Heme_SH_AML,Heme SH AML,Heme::Acute_Myeloid_Leukemia::Genetic_Defined::AML_With_NPM1_Mutation,AML With NPM1 Mutation,AML_With_NPM1_Mutation,1094.57,1231.25,18:15,20:31,136.68,"https://storage.googleapis.com/pathology-hub-0/source_videos/Heme_SH_AML.mp4#t=1094.57,1231.25",semantic_gated_v0_2,0.693,"there is a list of all the translocations. They're considered diagnostic and acute promylacetic leukemia, as well as their overall frequency. So you can see that the most frequent translocation is still 1517. And the next most common is 1117. However, the 1117 patients are usually typically resistant to all transretinoic acid and have a worse prognosis. AML with NPM1 mutations, one of the most common mutations, norma"
Heme_SH_AML,Heme SH AML,Heme::Acute_Myeloid_Leukemia::Genetic_Defined::AML_With_NPM1_Mutation,AML With NPM1 Mutation,AML_With_NPM1_Mutation,1640.62,1777.77,27:21,29:38,137.15,"https://storage.googleapis.com/pathology-hub-0/source_videos/Heme_SH_AML.mp4#t=1640.62,1777.77",semantic_gated_v0_2,0.65,"You can see that some of the most common driver mutations include things like FLET 3 and PM1, DMT3A, which we've known about for a long time. And other driver mutations are fairly infrequent. What is also interesting is AML cases without driver mutations in the study were found to do a lot better than those that had driver mutations that were present more than one subgroup. Not surprisingly, the PA with biolulic muta"
Heme_SH_BM_Failure_Syndromes,Heme SH BM Failure Syndromes,Heme::Non_Neoplastic::Erythrocyte::Aplastic_Anemia,Aplastic Anemia,Aplastic_Anemia,271.89,409.46,4:32,6:49,137.57,"https://storage.googleapis.com/pathology-hub-0/source_videos/Heme_SH_BM_Failure_Syndromes.mp4#t=271.89,409.46",semantic_gated_v0_2,0.5522,"But despite neutropenia, the presentation with infection is uncommon in aplastic anemia. The graph shows the age distribution at first diagnosis, and you can see there's a bimodal distribution curve here. The largest peak occurs in patients about ages 15 to 25, but then there's a second peak out around age 60. It's those older patients in particular who tend to be quite problematic as this overlaps with the presentat"
Heme_SH_BM_Failure_Syndromes,Heme SH BM Failure Syndromes,Heme::Non_Neoplastic::Erythrocyte::Aplastic_Anemia,Aplastic Anemia,Aplastic_Anemia,410.64,542.48,6:51,9:02,131.84,"https://storage.googleapis.com/pathology-hub-0/source_videos/Heme_SH_BM_Failure_Syndromes.mp4#t=410.64,542.48",semantic_gated_v0_2,0.595,"We can also see bone marrow aplasia with a wide variety of viruses, perhaps the most common as eBV, but there's a long list of them. And then we can see aplastic anemia is associated with systemic autoimmune disorders So this can include conditions like eosanophilic fasciitis, And then finally, there's a association with pregnancy as well that's also likely due to disregulation of the normal immune response during pr"
Heme_SH_BM_Failure_Syndromes,Heme SH BM Failure Syndromes,Heme::Non_Neoplastic::Erythrocyte::Aplastic_Anemia,Aplastic Anemia,Aplastic_Anemia,812.52,949.11,13:33,15:49,136.59,"https://storage.googleapis.com/pathology-hub-0/source_videos/Heme_SH_BM_Failure_Syndromes.mp4#t=812.52,949.11",semantic_gated_v0_2,0.5855,"And so we think this accounts for the development of frequent clonal mutations within a plastic anemia. Traditionally, aplastic anemia is graded based on the extent of severity. Severe aplastic anemia is defined as cases that have less than 30% cellularity, and then at least two of the following criteria for cytopenias. So ANC less than 500, plateletal count less than 20, and reticulocytes less than 1%. And then, of "
Heme_SH_BM_Failure_Syndromes,Heme SH BM Failure Syndromes,Heme::Non_Neoplastic::Erythrocyte::Aplastic_Anemia,Aplastic Anemia,Aplastic_Anemia,1911.57,2047.31,31:52,34:07,135.74,"https://storage.googleapis.com/pathology-hub-0/source_videos/Heme_SH_BM_Failure_Syndromes.mp4#t=1911.57,2047.31",semantic_gated_v0_2,0.5729,"Bone marrow transplant can be considered for some patients, but this is usually only in the patients with most severe disease. Outcome, median survival is still reported to be about 10 to 15 years, but that survival seems to keep being extended. In part that's due to better therapies. It's also due, I think, to earlier diagnosis as well, where now that we have better phocytometry-based tools, we're diagnosing this co"
Heme_SH_BM_Failure_Syndromes,Heme SH BM Failure Syndromes,Heme::Non_Neoplastic::Erythrocyte::Aplastic_Anemia,Aplastic Anemia,Aplastic_Anemia,2047.31,2184.25,34:07,36:24,136.94,"https://storage.googleapis.com/pathology-hub-0/source_videos/Heme_SH_BM_Failure_Syndromes.mp4#t=2047.31,2184.25",semantic_gated_v0_2,0.5731,"The differential diagnosis of pure red cell aplasia includes other disorders, disorders with selective loss of red cells. There are a few self-limited disorders, so we can see a so called transient aplastic crisis in parvavirus B-19. In many cases, parvavirus infection leads to just loss of red cell precursors. There's also a disorder that goes by the name of transient erythroblastophenia of childhood. And this basic"
Heme_SH_BM_Failure_Syndromes,Heme SH BM Failure Syndromes,Heme::Genetics::Fanconi_Anemia,Fanconi Anemia,Fanconi_Anemia,2460.53,2590.46,41:01,43:10,129.93,"https://storage.googleapis.com/pathology-hub-0/source_videos/Heme_SH_BM_Failure_Syndromes.mp4#t=2460.53,2590.46",semantic_gated_v0_2,0.6393,"really tells you everything you need to know about this disorder. This is thrombocytopinia that's secondary to absence of megacaryocaryocytes in the bone marrow. This is a very rare disorder. This is really limited to case reports and a few small series in the literature. Some of these seem to be drug-related, but others appear to be immune-mediated. And in fact, you could kind of think of this as the most severe end"
Heme_SH_BM_Failure_Syndromes,Heme SH BM Failure Syndromes,Heme::Genetics::Fanconi_Anemia,Fanconi Anemia,Fanconi_Anemia,2731.44,2868.95,45:31,47:49,137.51,"https://storage.googleapis.com/pathology-hub-0/source_videos/Heme_SH_BM_Failure_Syndromes.mp4#t=2731.44,2868.95",semantic_gated_v0_2,0.6588,"that are present. These can often be transient going away in a matter of weeks. Some patients may not actually come to medical attention until they develop MDS or AML, and the underlying fancones may not have been appreciated. Ancones is established by demonstrating sensitivity of the chromosomes to DNA damaging agents. And so we use this diagnostically. Basically, we take cells, culture them just like you would for "
Heme_SH_BM_Failure_Syndromes,Heme SH BM Failure Syndromes,Heme::Genetics::Fanconi_Anemia,Fanconi Anemia,Fanconi_Anemia,2868.95,3003.91,47:49,50:04,134.96,"https://storage.googleapis.com/pathology-hub-0/source_videos/Heme_SH_BM_Failure_Syndromes.mp4#t=2868.95,3003.91",semantic_gated_v0_2,0.6853,"in families with Fancone's to date. Almost all of these are inherited in an autosomal dominant fashion, but there is a small subset that is inherited in an excellent recessive fashion. The table shows you the different genes that are mutated in families with Fancone's anemia. The most prevalent of these is what's called Fancone A, Fankana, which is mutated in about 60% of cases. And then most of these others. are mut"
Heme_SH_BM_Failure_Syndromes,Heme SH BM Failure Syndromes,Heme::Non_Neoplastic::Erythrocyte::Paroxysmal_Nocturnal_Hemoglobinuria_PNH,Paroxysmal Nocturnal Hemoglobinuria PNH,Paroxysmal_Nocturnal_Hemoglobinuria_PNH,1082.47,1220.34,18:02,20:20,137.87,"https://storage.googleapis.com/pathology-hub-0/source_videos/Heme_SH_BM_Failure_Syndromes.mp4#t=1082.47,1220.34",semantic_gated_v0_2,0.5691,"to MDS and to AML. And so these patients need extensive careful follow-up. Now we'll move on to talk about P&H. P&H was first described way back in 1866 by William Gull, who described a patient who noted dark urine that was present only in the morning. While this was originally a disease diagnosed purely on clinical grounds, we now know this is an acquired clonal hematopoetic disease that's characterized by a defect "
Heme_SH_BM_Systemic_Manifestations,Heme SH BM Systemic Manifestations,Heme::Non_Neoplastic::Bone_Marrow::Paget_Disease,Paget Disease,Paget_Disease,3572.89,3712.58,59:33,1:01:53,139.69,"https://storage.googleapis.com/pathology-hub-0/source_videos/Heme_SH_BM_Systemic_Manifestations.mp4#t=3572.89,3712.58",semantic_gated_v0_2,0.5983,"hyperparathyroidism or a secondary hyperparathyroidism as we saw in this case. Histologically, we could theoretically think about Paget's disease of the bone and primary For the latter, I want to point out that there are no clusters of abnormal megacharyocericytes and that the bone actually looks very different from the osteosclerotic bone of primary myelomylovisis, which does not show areas of resorption. Paget's di"
Heme_SH_BM_Systemic_Manifestations,Heme SH BM Systemic Manifestations,Heme::Non_Neoplastic::Bone_Marrow::Renal_Osteodystrophy,Renal Osteodystrophy,Renal_Osteodystrophy,3437.8,3572.87,57:18,59:33,135.07,"https://storage.googleapis.com/pathology-hub-0/source_videos/Heme_SH_BM_Systemic_Manifestations.mp4#t=3437.8,3572.87",semantic_gated_v0_2,0.5861,"You can see that on the bone marrow aspirate, there's no sign of plasma cell myeloma or metastatic But the bone marrow core biopsy is markedly abnormal with these curvy, linear, variably sized segments of trabecular bone, and a background that looks fibrodic and hypicellular. On closer view, we can see that the bone is non-lamaller, poorly mineralized, and there's large areas of osteoblastic activity laying down more"
Heme_SH_Histiocytic,Heme SH Histiocytic,Heme::Histiocytic_Dendritic_Cell::Macrophage::Erdheim_Chester_Disease,Erdheim Chester Disease,Erdheim_Chester_Disease,2056.84,2188.89,34:17,36:29,132.05,"https://storage.googleapis.com/pathology-hub-0/source_videos/Heme_SH_Histiocytic.mp4#t=2056.84,2188.89",semantic_gated_v0_2,0.6604,"CD14, CD-68, and CD-163. Factor 13A has been used to help recognize these lesions, and that's thought to be characteristic of dermal dendritic cells. These cells are negative for CD1A and S-100. The prognosis in these cases is somewhat variable. For patients with cutaneous disease, there's typically a good prognosis. This is often self-limited, with a course that can last months to years. For more widespread disease,"
Heme_SH_Histiocytic,Heme SH Histiocytic,Heme::Histiocytic_Dendritic_Cell::Macrophage::Erdheim_Chester_Disease,Erdheim Chester Disease,Erdheim_Chester_Disease,2188.89,2324.74,36:29,38:45,135.85,"https://storage.googleapis.com/pathology-hub-0/source_videos/Heme_SH_Histiocytic.mp4#t=2188.89,2324.74",semantic_gated_v0_2,0.6325,"metaphysis. Here's the histologic findings. On the left, we see this proliferation of pale histocytes and lymphocytes. And when you look at higher power, I think the first thought is that this actually looks a lot like the JXGs we were just talking about. You have very xanthomatous appearing cells. Some Teuton-type giant cells are mixed in there as well. And then in terms of phenotype, these are actually very similar"
Heme_SH_Histiocytic,Heme SH Histiocytic,Heme::Histiocytic_Dendritic_Cell::Macrophage::Hemophagocytic_Lymphohistiocytosis_HLH,Hemophagocytic Lymphohistiocytosis HLH,Hemophagocytic_Lymphohistiocytosis_HLH,277.52,414.56,4:38,6:55,137.04,"https://storage.googleapis.com/pathology-hub-0/source_videos/Heme_SH_Histiocytic.mp4#t=277.52,414.56",semantic_gated_v0_2,0.7141,"thought to represent differentiated macrophages. There are several different ways to classify histoacidic lesions. The current slide shows you a classification scheme published by a group called the Histiocytes Society in 2016. This classification incorporates both reactive and neoplastic proliferation of histocytes together into certain groups that have biologic similarities. The WHO, however, took a slightly differ"
Heme_SH_Histiocytic,Heme SH Histiocytic,Heme::Histiocytic_Dendritic_Cell::Macrophage::Hemophagocytic_Lymphohistiocytosis_HLH,Hemophagocytic Lymphohistiocytosis HLH,Hemophagocytic_Lymphohistiocytosis_HLH,414.58,553.98,6:55,9:14,139.4,"https://storage.googleapis.com/pathology-hub-0/source_videos/Heme_SH_Histiocytic.mp4#t=414.58,553.98",semantic_gated_v0_2,0.7111,"proliferation and activation of macrophages. And that results in this very fulminant clinical course. These patients can be treated with immunosuppression, but often they have to be treated with chemotherapy and sometimes bone marrow transplant. Without therapy, HLH has a very high mortality rate approaching that of an untreated acute leukemia. in HLH is a dysfunction of cytotoxic lymphocytes, either nk cells or T ce"
Heme_SH_Histiocytic,Heme SH Histiocytic,Heme::Histiocytic_Dendritic_Cell::Macrophage::Hemophagocytic_Lymphohistiocytosis_HLH,Hemophagocytic Lymphohistiocytosis HLH,Hemophagocytic_Lymphohistiocytosis_HLH,555.18,688.44,9:15,11:28,133.26,"https://storage.googleapis.com/pathology-hub-0/source_videos/Heme_SH_Histiocytic.mp4#t=555.18,688.44",semantic_gated_v0_2,0.7266,"Commonly, these are infection associated, especially viral, specifically EBV. But you can see HLH associated with basically any type of infection. Some cases arise as a perineoplastic phenomenon. And commonly, these are associated with lymphomas. Hodgkins would be one of the more common examples I've seen. Other times, they arise in association with autoimmune disorders. In particular, there's a well-known associatio"
Heme_SH_Histiocytic,Heme SH Histiocytic,Heme::Histiocytic_Dendritic_Cell::Macrophage::Hemophagocytic_Lymphohistiocytosis_HLH,Hemophagocytic Lymphohistiocytosis HLH,Hemophagocytic_Lymphohistiocytosis_HLH,688.44,826.96,11:28,13:47,138.52,"https://storage.googleapis.com/pathology-hub-0/source_videos/Heme_SH_Histiocytic.mp4#t=688.44,826.96",semantic_gated_v0_2,0.6435,"versus a secondary HLH. And in adults, we can't usually figure out what's the underlying cause associated that's prompting this HLH. When you're looking at bone marrow biopsies, I think it's important to look for other associated malignancy that might be present, especially looking for lymphoma. Here's a very florid example of a case of HLH. Here's a bone marrow aspirate. At low power, you can see markedly increased "
Heme_SH_Histiocytic,Heme SH Histiocytic,Heme::Histiocytic_Dendritic_Cell::Other_Dendritic::Interdigitating_Dendritic_Cell_Sarcoma,Interdigitating Dendritic Cell Sarcoma,Interdigitating_Dendritic_Cell_Sarcoma,2736.38,2875.99,45:36,47:56,139.61,"https://storage.googleapis.com/pathology-hub-0/source_videos/Heme_SH_Histiocytic.mp4#t=2736.38,2875.99",semantic_gated_v0_2,0.7034,"Down to higher power, within that area, you're going to find small lymphocytes, and then these scattered histocytes. And if you look at the nuclei of these cells, they're quite drawn out, almost rectangular, but then they're really quite folded. And if you could focus up and down on this, you'd see these folds or cleaves that are present in these cells. So cytologically, these actually look a lot like Langerhand cell"
Heme_SH_Histiocytic,Heme SH Histiocytic,Heme::Histiocytic_Dendritic_Cell::Macrophage::Juvenile_Xanthogranuloma,Juvenile Xanthogranuloma,Juvenile_Xanthogranuloma,1926.19,2056.82,32:06,34:17,130.63,"https://storage.googleapis.com/pathology-hub-0/source_videos/Heme_SH_Histiocytic.mp4#t=1926.19,2056.82",semantic_gated_v0_2,0.7219,"Next we'll talk about juvenile Xanthagraneloma and its related neoplasms. There is a spectrum of what are thought to be related tumors known as the juvenile XG These are proliferations of dermal dendritic cells. These typically present younger children with a median age of two. There's a male predominance. Solitary lesions are most common, but you can see patients present with multiple lesions, especially on the head"
Heme_SH_Histiocytic,Heme SH Histiocytic,Heme::Histiocytic_Dendritic_Cell::Langerhans::Langerhans_Cell_Histiocytosis,Langerhans Cell Histiocytosis,Langerhans_Cell_Histiocytosis,0.62,138.46,0:01,2:18,137.84,"https://storage.googleapis.com/pathology-hub-0/source_videos/Heme_SH_Histiocytic.mp4#t=0.62,138.46",semantic_gated_v0_2,0.592,"Okay, welcome everyone. I'm Jim Cook from the Cleveland Clinic, and the topic for today is an introduction to the histocytic disorders. So under the umbrella term of histocytes, there are actually many different normal cell types, and we can divide these into two main functional categories. First, we have the macrophages. These are cells that are specialized for phagocytosis. They are derived from bone marrow precurs"
Heme_SH_Histiocytic,Heme SH Histiocytic,Heme::Histiocytic_Dendritic_Cell::Langerhans::Langerhans_Cell_Histiocytosis,Langerhans Cell Histiocytosis,Langerhans_Cell_Histiocytosis,1381.55,1516.92,23:02,25:17,135.37,"https://storage.googleapis.com/pathology-hub-0/source_videos/Heme_SH_Histiocytic.mp4#t=1381.55,1516.92",semantic_gated_v0_2,0.5939,"with more disseminated disease, and a characteristic finding is involvement of the area around the pituitary, which can lead to diabetes insipidus. Histologically, LCHs shows an infiltrate of Langerhand cells that we can recognize by their characteristic They're accompanied by a heterogeneous background that can include eocinophils, other histocytes, Electron microscopy is not done very often anymore. That's largely "
Heme_SH_Histiocytic,Heme SH Histiocytic,Heme::Histiocytic_Dendritic_Cell::Langerhans::Langerhans_Cell_Sarcoma,Langerhans Cell Sarcoma,Langerhans_Cell_Sarcoma,1653.98,1788.1,27:34,29:48,134.12,"https://storage.googleapis.com/pathology-hub-0/source_videos/Heme_SH_Histiocytic.mp4#t=1653.98,1788.1",semantic_gated_v0_2,0.5922,"but there is still a risk of recurrence, and especially because these typically arise in childhood, these patients are at risk for long-term complications, especially development of second malignancies. We should say a few words about adult lung disease. When LCH presents as an isolated lung lesion, this is typically related to smoking, either tobacco or marijuana, and if patients stop smoking, there's spontaneous re"
Heme_SH_Histiocytic,Heme SH Histiocytic,Heme::Histiocytic_Dendritic_Cell::Langerhans::Langerhans_Cell_Sarcoma,Langerhans Cell Sarcoma,Langerhans_Cell_Sarcoma,1788.9,1910.68,29:49,31:51,121.78,"https://storage.googleapis.com/pathology-hub-0/source_videos/Heme_SH_Histiocytic.mp4#t=1788.9,1910.68",semantic_gated_v0_2,0.634,"And so at the left, we have a lesion that appeared fairly typical for Langerhand cell disease. And then over at the right, you can see there's much more pleomorphic cytology with frankly malignant features. And so this is a nice example of a Langerhens cell sarcoma and is very unusual to see within one tumor areas that look more like typical LCH and one that looks like a frankly malignant tumor. We should also say a "
Heme_SH_Histiocytic,Heme SH Histiocytic,Heme::Histiocytic_Dendritic_Cell::Macrophage::Rosai_Dorfman_Disease,Rosai Dorfman Disease,Rosai_Dorfman_Disease,826.96,966.21,13:47,16:06,139.25,"https://storage.googleapis.com/pathology-hub-0/source_videos/Heme_SH_Histiocytic.mp4#t=826.96,966.21",semantic_gated_v0_2,0.7239,a reactive increase in the numbers of histocytes or monocytes in the bone marrow. This slide shows you some of the more common causes that can be associated with increased histocytes and monocytes. So you should have a fairly broad differential diagnosis and correlating with the clinical impression is quite important here. Now we're going to switch gears and talk about Rosidorfman disease. So Rosidorfman disease is a
Heme_SH_Histiocytic,Heme SH Histiocytic,Heme::Histiocytic_Dendritic_Cell::Macrophage::Rosai_Dorfman_Disease,Rosai Dorfman Disease,Rosai_Dorfman_Disease,966.21,1102.24,16:06,18:22,136.03,"https://storage.googleapis.com/pathology-hub-0/source_videos/Heme_SH_Histiocytic.mp4#t=966.21,1102.24",semantic_gated_v0_2,0.6723,"and then there's very abundant eosinophilic cytoplasm, and within the cytoplasm, you can see we have small lymphocytes and plasma cells mixed in. In terms of phenotype, the histocytes here are positive for CD14 and CD68, they're positive for S-100, and negative for CD1A. At low power, Rosidorfman disease typically is this very heterogeneous-looking pale appearance. Sometimes it has this vaguely sort of world appearan"
Heme_SH_Histiocytic,Heme SH Histiocytic,Heme::Histiocytic_Dendritic_Cell::Macrophage::Rosai_Dorfman_Disease,Rosai Dorfman Disease,Rosai_Dorfman_Disease,1102.94,1242.68,18:23,20:43,139.74,"https://storage.googleapis.com/pathology-hub-0/source_videos/Heme_SH_Histiocytic.mp4#t=1102.94,1242.68",semantic_gated_v0_2,0.6277,"And using Next Generation sequencing, they looked at 134 different genes. And they found that they could see acquired somatic mutations in about a third of the patients. So the more common included mutations in KRAS and MAP kinase. The presence of mutations were associated with sort of the classic presentation. These were the younger patients. with head and neck location. They also seem to be a little more common in "
Heme_SH_Histiocytic,Heme SH Histiocytic,Heme::Histiocytic_Dendritic_Cell::Macrophage::Rosai_Dorfman_Disease,Rosai Dorfman Disease,Rosai_Dorfman_Disease,1243.76,1381.53,20:44,23:02,137.77,"https://storage.googleapis.com/pathology-hub-0/source_videos/Heme_SH_Histiocytic.mp4#t=1243.76,1381.53",semantic_gated_v0_2,0.6075,"It's important to realize that in Rosidorfman disease, we see imperipoises of lymphocytes and plasma cells. In the hemophagicic syndromes, we tell you. to see erythrocytes, neutrophils, and other hematopoetic elements. And then Langerhand cell disease is often listed in the differential with Rosidorfman disease. I actually think these look nothing alike. I don't think you're likely to confuse them under the microscop"
Heme_SH_Hodgkin_NLP,Heme SH Hodgkin NLP,Heme::Hodgkin_Lymphoma::Nodular_Lymphocyte_Predominant_Hodgkin_Lymphoma,Nodular Lymphocyte Predominant Hodgkin Lymphoma,Nodular_Lymphocyte_Predominant_Hodgkin_Lymphoma,7.51,143.87,0:08,2:24,136.36,"https://storage.googleapis.com/pathology-hub-0/source_videos/Heme_SH_Hodgkin_NLP.mp4#t=7.51,143.87",semantic_gated_v0_2,0.7159,"variant patterns, borderlines, and mimics. I have nothing to disclose. I will cover the definition and clinical features of nodular lymphocyte predominant. Hodgkin lymphoma discuss variant patterns, progression, and borderlines with large B and classic Hodgkin lymphomas, and then talk about some case examples. as differential diagnostic considerations in making this diagnosis. The WHO 2016 classification defines nodu"
Heme_SH_Hodgkin_NLP,Heme SH Hodgkin NLP,Heme::Hodgkin_Lymphoma::Nodular_Lymphocyte_Predominant_Hodgkin_Lymphoma,Nodular Lymphocyte Predominant Hodgkin Lymphoma,Nodular_Lymphocyte_Predominant_Hodgkin_Lymphoma,144.41,282.93,2:24,4:43,138.52,"https://storage.googleapis.com/pathology-hub-0/source_videos/Heme_SH_Hodgkin_NLP.mp4#t=144.41,282.93",semantic_gated_v0_2,0.6676,"At least some nodularity is required for the diagnosis, and you can have varying numbers of LP cells within and outside the B cell nodules. The background is rich in limfocleousine. and hystocytes. At higher magnification, you can appreciate numerous large at atypical cells that resemble popcorn and also the background of small lymphocytes. The immunopinotype of nodular lymphocyte predominant hotchkin lymphoma is typ"
Heme_SH_Hodgkin_NLP,Heme SH Hodgkin NLP,Heme::Hodgkin_Lymphoma::Nodular_Lymphocyte_Predominant_Hodgkin_Lymphoma,Nodular Lymphocyte Predominant Hodgkin Lymphoma,Nodular_Lymphocyte_Predominant_Hodgkin_Lymphoma,283.33,416.48,4:43,6:56,133.15,"https://storage.googleapis.com/pathology-hub-0/source_videos/Heme_SH_Hodgkin_NLP.mp4#t=283.33,416.48",semantic_gated_v0_2,0.6557,"Sometimes this may mask the findings of nodular lymphocyte predominant Hodgkin and lead to an erroneous diagnosis of T-cell lymphoma. So this is something to be aware of. A number of years ago, we were interested in characterizing variant patterns in nodular lymphocyte predominant Hodgkin lymphoma and undertook a study of 118 patients with 137 biopsies since several of these patients had multiple biopsies over time. "
Heme_SH_Hodgkin_NLP,Heme SH Hodgkin NLP,Heme::Hodgkin_Lymphoma::Nodular_Lymphocyte_Predominant_Hodgkin_Lymphoma,Nodular Lymphocyte Predominant Hodgkin Lymphoma,Nodular_Lymphocyte_Predominant_Hodgkin_Lymphoma,416.64,553.94,6:57,9:14,137.3,"https://storage.googleapis.com/pathology-hub-0/source_videos/Heme_SH_Hodgkin_NLP.mp4#t=416.64,553.94",semantic_gated_v0_2,0.5931,"There was also a tendency for progression to an increasingly more diffuse pattern over time, and this was particularly very well illustrated in patients where we had multiple biopsies over time to compare. We also found in a few patients that diffuse large B-Seldonphiolumphiose. preceded the occurrence of nodular lymphocyte predominant Hodgkin lymphoma. A very nice study from doctors Hartman and colleague from German"
Heme_SH_Hodgkin_NLP,Heme SH Hodgkin NLP,Heme::Hodgkin_Lymphoma::Nodular_Lymphocyte_Predominant_Hodgkin_Lymphoma,Nodular Lymphocyte Predominant Hodgkin Lymphoma,Nodular_Lymphocyte_Predominant_Hodgkin_Lymphoma,553.94,691.65,9:14,11:32,137.71,"https://storage.googleapis.com/pathology-hub-0/source_videos/Heme_SH_Hodgkin_NLP.mp4#t=553.94,691.65",semantic_gated_v0_2,0.6778,"with other parameters and ancillary studies. to exclude other entities in the differential diagnosis. In an interesting study of IGD expression, Dr. Prokash and colleagues described a unique subset of of nodular lymphocide predominant Hodgkin lymphomers where IGD was positive in LP cells. These patients tended to have a younger median age and were predominantly male and presented with cervical positive LP cells had a"
Heme_SH_Hodgkin_NLP,Heme SH Hodgkin NLP,Heme::Hodgkin_Lymphoma::Nodular_Lymphocyte_Predominant_Hodgkin_Lymphoma,Nodular Lymphocyte Predominant Hodgkin Lymphoma,Nodular_Lymphocyte_Predominant_Hodgkin_Lymphoma,691.65,825.95,11:32,13:46,134.3,"https://storage.googleapis.com/pathology-hub-0/source_videos/Heme_SH_Hodgkin_NLP.mp4#t=691.65,825.95",semantic_gated_v0_2,0.6831,"WHO 2016 classification. It is characterized by a limited number of scattered large atypical cells in the background of abundant T-cells and histocytes. It may arise de novo but can also progress from nodular lymphocyte predominant Hodgkin lymphoma, and this connection is becoming increasingly understood. It typically presents in middle age with systemic involvement and B symptoms. Greater than 50% of patients at pre"
Heme_SH_Hodgkin_NLP,Heme SH Hodgkin NLP,Heme::Hodgkin_Lymphoma::Nodular_Lymphocyte_Predominant_Hodgkin_Lymphoma,Nodular Lymphocyte Predominant Hodgkin Lymphoma,Nodular_Lymphocyte_Predominant_Hodgkin_Lymphoma,962.2,1097.46,16:02,18:17,135.26,"https://storage.googleapis.com/pathology-hub-0/source_videos/Heme_SH_Hodgkin_NLP.mp4#t=962.2,1097.46",semantic_gated_v0_2,0.6749,"and the extent of the nodularity as well as showing whether there is focal progression. Additional transcription factors, CD45, etc. can also be helpful. Use caution in the interpretation. of PD1 because this can be found not only in nodular lymphocyte predominant Hodgkin lymphoma with classic architecture, but also in reactive conditions and progressive transformation of germinal centers which are in the differentia"
Heme_SH_Hodgkin_NLP,Heme SH Hodgkin NLP,Heme::Hodgkin_Lymphoma::Nodular_Lymphocyte_Predominant_Hodgkin_Lymphoma,Nodular Lymphocyte Predominant Hodgkin Lymphoma,Nodular_Lymphocyte_Predominant_Hodgkin_Lymphoma,1374.08,1510.02,22:54,25:10,135.94,"https://storage.googleapis.com/pathology-hub-0/source_videos/Heme_SH_Hodgkin_NLP.mp4#t=1374.08,1510.02",semantic_gated_v0_2,0.5871,"mantle zone B cells invaginating reactive follicles, which over time is then dismantled. This condition, although most of the time occurs in an isolated manner, can also be seen in association with nodular lymphocyte predominant Hodgkin lymphoma in a small number of cases. In a collaborative study with Dr. Hansman's group in Germany, we looked at the immunoarchitectural patterns of progressive transformation of germi"
Heme_SH_Hodgkin_NLP,Heme SH Hodgkin NLP,Heme::Hodgkin_Lymphoma::Nodular_Lymphocyte_Predominant_Hodgkin_Lymphoma,Nodular Lymphocyte Predominant Hodgkin Lymphoma,Nodular_Lymphocyte_Predominant_Hodgkin_Lymphoma,1787.04,1925.84,29:47,32:06,138.8,"https://storage.googleapis.com/pathology-hub-0/source_videos/Heme_SH_Hodgkin_NLP.mp4#t=1787.04,1925.84",semantic_gated_v0_2,0.6986,"raises classic Hodgkin lymphoma in the differential diagnosis. But putting all of these together, the diagnosis of nodular lymphocyte predominant Hodgkin lymphoma was made. The challenges encountered in this case are very nicely described in a paper by Dr. Sohani and colleagues of nodular lymphocyte predominant Hodgkin lymphoma with atypical T cells. In this case, they studied 11 patients who had an intensely positiv"
Heme_SH_Hodgkin_NLP,Heme SH Hodgkin NLP,Heme::Hodgkin_Lymphoma::Nodular_Lymphocyte_Predominant_Hodgkin_Lymphoma,Nodular Lymphocyte Predominant Hodgkin Lymphoma,Nodular_Lymphocyte_Predominant_Hodgkin_Lymphoma,2068.03,2204.23,34:28,36:44,136.2,"https://storage.googleapis.com/pathology-hub-0/source_videos/Heme_SH_Hodgkin_NLP.mp4#t=2068.03,2204.23",semantic_gated_v0_2,0.6491,"This paper by Dr. Huffman and colleagues describes 12 cases of EBV-positive, nodular lymphocyte predominant Hodgkin lymphoma. Many of the morphologic and immunoarchitectural features are similar to other nodular lymphocyte predominant Hodgkin lymphomas. However, these cases were more likely to express CD30 and show Dim Pax 5 and raise the differential diagnosis of classic Hodgkin lymphoma. CD15 was found to be negati"
Heme_SH_Hodgkin_NLP,Heme SH Hodgkin NLP,Heme::Hodgkin_Lymphoma::Nodular_Lymphocyte_Predominant_Hodgkin_Lymphoma,Nodular Lymphocyte Predominant Hodgkin Lymphoma,Nodular_Lymphocyte_Predominant_Hodgkin_Lymphoma,2204.23,2337.91,36:44,38:58,133.68,"https://storage.googleapis.com/pathology-hub-0/source_videos/Heme_SH_Hodgkin_NLP.mp4#t=2204.23,2337.91",semantic_gated_v0_2,0.673,"at 87% and overall survival at 98% across the entire cohort. There were several different kinds of treatment that were employed in the treatment of these patients and included radiation therapy, retoxymab and radiation or retoxymab alone. Large cell transformation occurred in 3.8% of patients and was higher in patients who had variant patterns at diagnosis or had more than two sites of involvement. And this study ver"
Heme_SH_Hodgkin_Overview,Heme SH Hodgkin Overview,Heme::Hodgkin_Lymphoma::Classic_Hodgkin_Lymphoma,Classic Hodgkin Lymphoma,Classic_Hodgkin_Lymphoma,8.82,147.93,0:09,2:28,139.11,"https://storage.googleapis.com/pathology-hub-0/source_videos/Heme_SH_Hodgkin_Overview.mp4#t=8.82,147.93",semantic_gated_v0_2,0.6128,"the classification, and differential diagnosis. I think you're all familiar with the classic histologic picture of Hodgkin's lymphoma shown here in which one has Reed-Stermberg cells in a rich inflammatory background, which include small lymphocytes, plasma cells, eosinophils, neutrophils, and hystheocytes. The first case of Hodgkin lymphoma was actually published by Robert Carswell in 1828, in which he just publishe"
Heme_SH_Hodgkin_Overview,Heme SH Hodgkin Overview,Heme::Mature_B_Cell::Large_B_Cell::Mediastinal_Grey_Zone_Lymphoma,Mediastinal Grey Zone Lymphoma,Mediastinal_Grey_Zone_Lymphoma,1242.59,1380.72,20:43,23:01,138.13,"https://storage.googleapis.com/pathology-hub-0/source_videos/Heme_SH_Hodgkin_Overview.mp4#t=1242.59,1380.72",semantic_gated_v0_2,0.6906,"These so-called gray zone lymphomas exhibit a morphologic and immunophonitic continuum and are difficult to readily classify as either PMBL or Hodgkins, with frequent Clinically, they're similar to the parent entities, except for a male predominance. And composite lymphomas and sequential lymphomas like the case I presented earlier are a related phenomenon Here is an example of one. example of one such gray zone lymp"
Heme_SH_Hodgkin_Overview,Heme SH Hodgkin Overview,Heme::Mature_B_Cell::Large_B_Cell::Mediastinal_Grey_Zone_Lymphoma,Mediastinal Grey Zone Lymphoma,Mediastinal_Grey_Zone_Lymphoma,1380.72,1514.58,23:01,25:15,133.86,"https://storage.googleapis.com/pathology-hub-0/source_videos/Heme_SH_Hodgkin_Overview.mp4#t=1380.72,1514.58",semantic_gated_v0_2,0.6534,"is strongly positive, although CD-15 was negative. This particular histologic pattern with Reed-Stermberg-like morphology, but retention of the B-cell program is probably the most common pattern we see in gray zone lymphomas. Now, it's important to make the diagnosis of grazone lymphoma only when there is a high density of malignant cells because there are cases of classic Hodgkins lymphoma in which the CD20 expressi"
Heme_SH_Hodgkin_Overview,Heme SH Hodgkin Overview,Heme::Mature_B_Cell::Large_B_Cell::Mediastinal_Grey_Zone_Lymphoma,Mediastinal Grey Zone Lymphoma,Mediastinal_Grey_Zone_Lymphoma,1514.58,1650.63,25:15,27:31,136.05,"https://storage.googleapis.com/pathology-hub-0/source_videos/Heme_SH_Hodgkin_Overview.mp4#t=1514.58,1650.63",semantic_gated_v0_2,0.6678,"age at presentation of 55 years. They tend not to show the male predominance that's seen in mediastinal gray zone lymphoma. And interestingly by fish, they showed fairly similar fish aberrations with one significant difference. In this particular study, aberrations at 9p24 affecting Jack 2 and PDL2 were more frequented patients with mediastinal disease than patients with non-medistinal disease. So what about other bi"
Heme_SH_Hodgkin_Overview,Heme SH Hodgkin Overview,Heme::Hodgkin_Lymphoma::Nodular_Lymphocyte_Predominant_Hodgkin_Lymphoma,Nodular Lymphocyte Predominant Hodgkin Lymphoma,Nodular_Lymphocyte_Predominant_Hodgkin_Lymphoma,2454.3,2588.03,40:54,43:08,133.73,"https://storage.googleapis.com/pathology-hub-0/source_videos/Heme_SH_Hodgkin_Overview.mp4#t=2454.3,2588.03",semantic_gated_v0_2,0.6325,"distinguishing this from nodular scler scler sclerisusus. And in the nodule on the right, I think perhaps you can get an impression of a small regressed germinal center in the center of the nodule. Here you can see a regressed follicle and note the predominance of small lymphocytes. And the neoplastic cells tend to be present in the marginal zone surrounding the remnants hystochemistry, you could see that these nodul"
Heme_SH_Hodgkin_Overview,Heme SH Hodgkin Overview,Heme::Hodgkin_Lymphoma::Nodular_Lymphocyte_Predominant_Hodgkin_Lymphoma,Nodular Lymphocyte Predominant Hodgkin Lymphoma,Nodular_Lymphocyte_Predominant_Hodgkin_Lymphoma,2588.05,2719.51,43:08,45:20,131.46,"https://storage.googleapis.com/pathology-hub-0/source_videos/Heme_SH_Hodgkin_Overview.mp4#t=2588.05,2719.51",semantic_gated_v0_2,0.6882,"a peak incidence in the fourth and fifth decade. Most patients present with localized disease. The disease tends to spare the medestinum and present in peripheral lymph nodes such as cervical axillary or anguinal. A nodular lymphocyte predominant has a very good prognosis and often has an indolent clinical course with a long natural history. It's interesting that some of these patients relapse very late, and these ve"
Heme_SH_Hodgkin_T_NK_Cell_1,Heme SH Hodgkin T NK Cell 1,Heme::Mature_T_NK_Cell::Anaplastic_Large_Cell::ALK_Positive_Anaplastic_Large_Cell_Lymphoma,ALK Positive Anaplastic Large Cell Lymphoma,ALK_Positive_Anaplastic_Large_Cell_Lymphoma,2467.72,2603.78,41:08,43:24,136.06,"https://storage.googleapis.com/pathology-hub-0/source_videos/Heme_SH_Hodgkin_T_NK_Cell_1.mp4#t=2467.72,2603.78",semantic_gated_v0_2,0.7146,"overlying hypercarotosis, and a fairly non-specific lymphocytic infiltrate, that's perivascular in distribution with some infiltration of the epidermis, but the cells do not show cytologic atypia. However, here by immunohistochychemistry, you can see that the cells are positive for CD3. They were also strongly positive for CD25, and HD1 virus was confirmed to be present by PCR. This slide is from a large series of ca"
Heme_SH_Hodgkin_T_NK_Cell_1,Heme SH Hodgkin T NK Cell 1,Heme::Mature_T_NK_Cell::Anaplastic_Large_Cell::ALK_Positive_Anaplastic_Large_Cell_Lymphoma,ALK Positive Anaplastic Large Cell Lymphoma,ALK_Positive_Anaplastic_Large_Cell_Lymphoma,2603.78,2726.24,43:24,45:26,122.46,"https://storage.googleapis.com/pathology-hub-0/source_videos/Heme_SH_Hodgkin_T_NK_Cell_1.mp4#t=2603.78,2726.24",semantic_gated_v0_2,0.6746,"This in turn has led to a better understanding of the histologic spectrum of ALCL, including the recognition of typical hallmark cells that are seen in nearly all cases. In the end, the histologic spectrum of ALCL is both broader and narrower than the original concept. So we now recognize both small cell and lymphohistocytic variants, but most highly pleomorphic CD30 positive lymphomas with Hodgkin-like features are "
Heme_SH_Hodgkin_T_NK_Cell_1,Heme SH Hodgkin T NK Cell 1,Heme::Mature_T_NK_Cell::Anaplastic_Large_Cell::ALK_Positive_Anaplastic_Large_Cell_Lymphoma,ALK Positive Anaplastic Large Cell Lymphoma,ALK_Positive_Anaplastic_Large_Cell_Lymphoma,3001.56,3141.2,50:02,52:21,139.64,"https://storage.googleapis.com/pathology-hub-0/source_videos/Heme_SH_Hodgkin_T_NK_Cell_1.mp4#t=3001.56,3141.2",semantic_gated_v0_2,0.6717,"The cells have a cytotoxic phenotype and are typically positive for a TIA1, Perforin, Granzyme B, and are also positive for CD25. Here you can see a panel of immunohystochemical stains illustrating these typical immunohestochemical features. In a classic ALCL, characterized by the 2-5 translocation, the elk protein is expressed in both the cytoplasm as well as the nucleus. However, this pattern of both cytoplasmic an"
Heme_SH_Hodgkin_T_NK_Cell_1,Heme SH Hodgkin T NK Cell 1,Heme::Mature_T_NK_Cell::Anaplastic_Large_Cell::ALK_Positive_Anaplastic_Large_Cell_Lymphoma,ALK Positive Anaplastic Large Cell Lymphoma,ALK_Positive_Anaplastic_Large_Cell_Lymphoma,3413.75,3548.22,56:54,59:08,134.47,"https://storage.googleapis.com/pathology-hub-0/source_videos/Heme_SH_Hodgkin_T_NK_Cell_1.mp4#t=3413.75,3548.22",semantic_gated_v0_2,0.7087,"shown also in the insert in the slide. George Del Sol's group described cases of ALCL, which had a nodular pattern and might resemble nodular scler sclerosis Hodgkin's disease. I think for most cases, the differential diagnosis of classic Hodgkin's lymphoma and ALC positive ALCL is not a problem. But in this particular case, you could see that the tumor cells are forming these large nodular aggregates, which are divi"
Heme_SH_Hodgkin_T_NK_Cell_1,Heme SH Hodgkin T NK Cell 1,Heme::Mature_T_NK_Cell::TFH::Nodal_TFH_Cell_Lymphoma_Angioimmunoblastic_Type,Nodal TFH Cell Lymphoma Angioimmunoblastic Type,Nodal_TFH_Cell_Lymphoma_Angioimmunoblastic_Type,838.06,973.37,13:58,16:13,135.31,"https://storage.googleapis.com/pathology-hub-0/source_videos/Heme_SH_Hodgkin_T_NK_Cell_1.mp4#t=838.06,973.37",semantic_gated_v0_2,0.6157,"with prominent high endothelial venules. The infiltrate is polymorphous and scattered large cells are present. These comprise both the clear cells the atypical T cells shown in the right hand panel, as well as immunoblastic cells with more basophilic cytoplasm, and these are more often of B-cell derivation. Note the admixt plasma cells, eocetophils, Skin rash is very common in AITL. AITL. Histologically, the features"
Heme_SH_Hodgkin_T_NK_Cell_1,Heme SH Hodgkin T NK Cell 1,Heme::Mature_T_NK_Cell::TFH::Nodal_TFH_Cell_Lymphoma_Angioimmunoblastic_Type,Nodal TFH Cell Lymphoma Angioimmunoblastic Type,Nodal_TFH_Cell_Lymphoma_Angioimmunoblastic_Type,1246.62,1382.12,20:47,23:02,135.5,"https://storage.googleapis.com/pathology-hub-0/source_videos/Heme_SH_Hodgkin_T_NK_Cell_1.mp4#t=1246.62,1382.12",semantic_gated_v0_2,0.7031,"The paracortex is expanded with a polymorphous infiltrate. And here with the PD1, you could see that there's strong staining in residual reactive germinal center with somewhat weaker and more variable staining in reactive terminal center with somewhat weaker and more variable staining in reactive So this sort of pattern certainly can be seen in reactive hyperplasia and is not highly suggestive of T-cell lymphoma. So "
Heme_SH_Hodgkin_T_NK_Cell_1,Heme SH Hodgkin T NK Cell 1,Heme::Mature_T_NK_Cell::TFH::Nodal_TFH_Cell_Lymphoma_Angioimmunoblastic_Type,Nodal TFH Cell Lymphoma Angioimmunoblastic Type,Nodal_TFH_Cell_Lymphoma_Angioimmunoblastic_Type,1382.12,1516.15,23:02,25:16,134.03,"https://storage.googleapis.com/pathology-hub-0/source_videos/Heme_SH_Hodgkin_T_NK_Cell_1.mp4#t=1382.12,1516.15",semantic_gated_v0_2,0.6713,"ROA mutations are seen in 60% of AITL and some peripheral T cell lymphomas in OS. Most of these occur with TETL. So TET2 appears to be an early event in the evolution of T cell lymphoma. And IDH2 appears to be the most specific for AITL. These data have led to changes in the classification of nodal peripheral T cell lymphomas from that used in the And in the latest update shown here, you could see that all of the tum"
Heme_SH_Hodgkin_T_NK_Cell_1,Heme SH Hodgkin T NK Cell 1,Heme::Mature_T_NK_Cell::Other::Peripheral_T_Cell_Lymphoma_NOS,Peripheral T Cell Lymphoma NOS,Peripheral_T_Cell_Lymphoma_NOS,291.92,424.43,4:52,7:04,132.51,"https://storage.googleapis.com/pathology-hub-0/source_videos/Heme_SH_Hodgkin_T_NK_Cell_1.mp4#t=291.92,424.43",semantic_gated_v0_2,0.7487,"A peripheral T-cell lymphoma not otherwise specified is by definition a diagnosis of exclusion and therefore a heterogeneous category. These tumors are characterized by a broad morphologic spectrum, but some of the newer approaches try and relate these tumors to normal. functional subsets. Peripheral T-cell lymphoma NOS is analogous to diffuse large B-cell lymphoma in that it appears to represent an end point of tran"
Heme_SH_Hodgkin_T_NK_Cell_2,Heme SH Hodgkin T NK Cell 2,Heme::Mature_T_NK_Cell::Anaplastic_Large_Cell::Breast_Implant_Associated_Anaplastic_Large_Cell_Lymphoma,Breast Implant Associated Anaplastic Large Cell Lymphoma,Breast_Implant_Associated_Anaplastic_Large_Cell_Lymphoma,290.53,429.26,4:51,7:09,138.73,"https://storage.googleapis.com/pathology-hub-0/source_videos/Heme_SH_Hodgkin_T_NK_Cell_2.mp4#t=290.53,429.26",semantic_gated_v0_2,0.6337,"A large study from Italy identified constitutive activation of the Jack stat pathway in both systemic and cutaneous ALCL, and this was associated with activating mutations of Jack 1 or Stat 3 or both in a proportion of cases. And as we'll see, we'll see, we'll see, This is a recurrent theme in many of the T-cell lymphomas that we'll discuss later. Just a word about what was once called Hodgkin-like ALCL. Hodgkins-lik"
Heme_SH_Hodgkin_T_NK_Cell_2,Heme SH Hodgkin T NK Cell 2,Heme::Mature_T_NK_Cell::Anaplastic_Large_Cell::Breast_Implant_Associated_Anaplastic_Large_Cell_Lymphoma,Breast Implant Associated Anaplastic Large Cell Lymphoma,Breast_Implant_Associated_Anaplastic_Large_Cell_Lymphoma,433.18,569.21,7:13,9:29,136.03,"https://storage.googleapis.com/pathology-hub-0/source_videos/Heme_SH_Hodgkin_T_NK_Cell_2.mp4#t=433.18,569.21",semantic_gated_v0_2,0.6479,"This diagram shows the anatomic distribution of the lesion surrounding the breast. implant itself and delimited by a fibrous capsule. In this cytologic preparation, you can see markedly atypical cells with deeply basophilic cytoplasm and lobulated nuclear contours in the seroma fluid. Here you can see a capsule which has been removed that surrounded a breast implant. The capsule lining usually shows a fibrinous exuda"
Heme_SH_Hodgkin_T_NK_Cell_2,Heme SH Hodgkin T NK Cell 2,Heme::Mature_T_NK_Cell::Anaplastic_Large_Cell::Breast_Implant_Associated_Anaplastic_Large_Cell_Lymphoma,Breast Implant Associated Anaplastic Large Cell Lymphoma,Breast_Implant_Associated_Anaplastic_Large_Cell_Lymphoma,569.21,702.94,9:29,11:43,133.73,"https://storage.googleapis.com/pathology-hub-0/source_videos/Heme_SH_Hodgkin_T_NK_Cell_2.mp4#t=569.21,702.94",semantic_gated_v0_2,0.6666,"And for this reason, it's important to carefully examine the capsule. the capsule upon removal for evidence of tumor invasion. Here's another case of breast implant associated ALCL, and you can see the capsule with atypical a typical cells fairly numerous just beneath the cavity lining. At higher power, you could see the cytologic atypia, but obvious invasion is a lot of the cyllogic atypia. But obvious invasion is a"
Heme_SH_Hodgkin_T_NK_Cell_2,Heme SH Hodgkin T NK Cell 2,Heme::Mature_T_NK_Cell::EBV_Positive::Extranodal_NK_T_Cell_Lymphoma,Extranodal NK T Cell Lymphoma,Extranodal_NK_T_Cell_Lymphoma,2872.41,2990.32,47:52,49:50,117.91,"https://storage.googleapis.com/pathology-hub-0/source_videos/Heme_SH_Hodgkin_T_NK_Cell_2.mp4#t=2872.41,2990.32",semantic_gated_v0_2,0.637,"but rare cases or infrequent cases, showed clonal T-cell gene arrangement and are of true T-cell derivation derivation. Here's a true T-cell gene rearrangement. Another case presenting with a lesion of the nasal mucosa, this was actually in a young Filipino male. And you can see that the infiltrate is rather polymorphous and may be easily mistaken for a reactive process. These more low-grade and polymorphic lesions a"
Heme_SH_Hodgkin_T_NK_Cell_2,Heme SH Hodgkin T NK Cell 2,Heme::Mature_T_NK_Cell::EBV_Positive::Hydroa_Vacciniforme_Lymphoproliferative_Disorder,Hydroa Vacciniforme Lymphoproliferative Disorder,Hydroa_Vacciniforme_Lymphoproliferative_Disorder,2200.37,2340.23,36:40,39:00,139.86,"https://storage.googleapis.com/pathology-hub-0/source_videos/Heme_SH_Hodgkin_T_NK_Cell_2.mp4#t=2200.37,2340.23",semantic_gated_v0_2,0.6704,"and had splenomegaly as well as thrombocytopinia and had a high EBV viral load in the blood. Here in the liver biopsypso, you could see a focal epithelular necrosis and a fairly bland appearing interstitial lymphoid infiltrate, mainly sinusoidal in distribution. Here, by immunohistochemistry, you could see that the Lymphocytes are CD3 positive and also show a cytotoxic phenotype with TIA1. With CD20, there are only i"
Heme_SH_Hodgkin_T_NK_Cell_2,Heme SH Hodgkin T NK Cell 2,Heme::Mature_T_NK_Cell::EBV_Positive::Hydroa_Vacciniforme_Lymphoproliferative_Disorder,Hydroa Vacciniforme Lymphoproliferative Disorder,Hydroa_Vacciniforme_Lymphoproliferative_Disorder,2340.23,2470.62,39:00,41:11,130.39,"https://storage.googleapis.com/pathology-hub-0/source_videos/Heme_SH_Hodgkin_T_NK_Cell_2.mp4#t=2340.23,2470.62",semantic_gated_v0_2,0.6062,in up to a third. Hydrovexinaform ELPD is seen most often in Asian or Hispanic children. The lesions develop in sun-exposed areas and are characterized by a papillovascular eruption that proceeds to ulceration and scarring. Some patients may also have evidence of systemic disease and systemic chronic active EBV infection. The disorder generally follows a chronic course and often remits when patients reach adult age g
Heme_SH_Hodgkin_T_NK_Cell_2,Heme SH Hodgkin T NK Cell 2,Heme::Mature_T_NK_Cell::Intestinal::Monomorphic_Epitheliotropic_Intestinal_T_Cell_Lymphoma,Monomorphic Epitheliotropic Intestinal T Cell Lymphoma,Monomorphic_Epitheliotropic_Intestinal_T_Cell_Lymphoma,1932.66,2065.55,32:13,34:26,132.89,"https://storage.googleapis.com/pathology-hub-0/source_videos/Heme_SH_Hodgkin_T_NK_Cell_2.mp4#t=1932.66,2065.55",semantic_gated_v0_2,0.696,"Turning to a metal or monomorphic epitheliotropic intestinal T-cell lymphoma. This is characterized by proliferation of medium-sized cells with clear cytoplasm. The cells show marked epitheliotropic. And the most common phenotype is CD-56 positive, CD8 positive. The cells often express a gamma-delta T-cell receptor, and positivity for the MAT kinase has been shown. Recurrent mutations in intestinal T-cell lymphomas h"
Heme_SH_Hodgkin_T_NK_Cell_2,Heme SH Hodgkin T NK Cell 2,Heme::Mature_T_NK_Cell::EBV_Positive::Systemic_EBV_Positive_T_Cell_Lymphoma_Of_Childhood,Systemic EBV Positive T Cell Lymphoma Of Childhood,Systemic_EBV_Positive_T_Cell_Lymphoma_Of_Childhood,2604.68,2740.96,43:25,45:41,136.28,"https://storage.googleapis.com/pathology-hub-0/source_videos/Heme_SH_Hodgkin_T_NK_Cell_2.mp4#t=2604.68,2740.96",semantic_gated_v0_2,0.6727,"This case showed clonal T-cell gene rearrangement. Here's another case presenting an 11-month-old Intuit Alaskan male, and the lymph node shows diffuse infiltration with marked cytologic atypia. Note the numerous mitotic figures. In addition, there are scattered hystocytes, and you can appreciate here evidence of erythrophagic Acetosis associated with a hemophagocytic syndrome in this patient. Here are the immunohest"
Heme_SH_IA_LPD,Heme SH IA LPD,Heme::Immune_Deficiency_Associated::EBV_Positive_Mucocutaneous_Ulcer,EBV Positive Mucocutaneous Ulcer,EBV_Positive_Mucocutaneous_Ulcer,833.93,967.31,13:54,16:07,133.38,"https://storage.googleapis.com/pathology-hub-0/source_videos/Heme_SH_IA_LPD.mp4#t=833.93,967.31",semantic_gated_v0_2,0.6885,"mucosa skin or the GI tract. It usually has a polymorphous infiltrate with Reed-Sternberg like cells and can mimic both classic Hodgkin as well as EBB positive diffuse large B-cell lymphoma. They are self-limiting and indolent but can have both B-cell as well as T-cell receptor clonality, so it is very important to know about them so that they are not misdiagnosed as Hodgkin or large B cell lymphomas. It is thought t"
Heme_SH_IA_LPD,Heme SH IA LPD,Heme::Immune_Deficiency_Associated::HIV_Associated_Lymphoproliferative_Disorder,HIV Associated Lymphoproliferative Disorder,HIV_Associated_Lymphoproliferative_Disorder,1515.44,1652.26,25:15,27:32,136.82,"https://storage.googleapis.com/pathology-hub-0/source_videos/Heme_SH_IA_LPD.mp4#t=1515.44,1652.26",semantic_gated_v0_2,0.6574,"is also associated with immunodeficiency associated lymphopredifrative disorders. This is a DNA virus that is known to cause capacy sarcoma, as well as an unusual group of body cavity associated lymphomas in the HIV setting. This can also occur in other forms of immunodeficiency, although HIV patients is where it was first identified and is most common. positive lymphoprolifrative disorders is a vast topic that is we"
Heme_SH_IA_LPD,Heme SH IA LPD,Heme::Immune_Deficiency_Associated::Polymorphic_Lymphoproliferative_Disorder,Polymorphic Lymphoproliferative Disorder,Polymorphic_Lymphoproliferative_Disorder,282.62,420.98,4:43,7:01,138.36,"https://storage.googleapis.com/pathology-hub-0/source_videos/Heme_SH_IA_LPD.mp4#t=282.62,420.98",semantic_gated_v0_2,0.6416,"polymorphic lesions to indolent and aggressive visa lymphomas. While they most often occur in immunodeefficient patients, a similar spectrum of lesions can also be found in immunocompetent patients. Post-transplant lymphoperoperative disorders is the best studied group among this spectrum. We know less about T and NK cell proliferations and I will talk about some of them later in the talk. The most important reason t"
Heme_SH_IA_LPD,Heme SH IA LPD,Heme::Immune_Deficiency_Associated::Polymorphic_Lymphoproliferative_Disorder,Polymorphic Lymphoproliferative Disorder,Polymorphic_Lymphoproliferative_Disorder,556.68,694.66,9:17,11:35,137.98,"https://storage.googleapis.com/pathology-hub-0/source_videos/Heme_SH_IA_LPD.mp4#t=556.68,694.66",semantic_gated_v0_2,0.6778,"Bone marrow was normal with no hemophagicic lymphohistocytosis and cytosis and cytogenetics and molecular findings were also normal. This was diagnosed as EBV positive T cell hyperplasia because it was confined. It did not have dissemination and the clinical course was mild. This is an example of a hyperplasia that has been recognized more recently in the background of dysatineb treatment, which is a drug that is usu"
Heme_SH_IHC_for_LPD,Heme SH IHC for LPD,Heme::Mature_B_Cell::Large_B_Cell::DLBCL_High_Grade_With_MYC_And_BCL2_Rearrangements,DLBCL High Grade With MYC And BCL2 Rearrangements,DLBCL_High_Grade_With_MYC_And_BCL2_Rearrangements,1645.67,1784.54,27:26,29:45,138.87,"https://storage.googleapis.com/pathology-hub-0/source_videos/Heme_SH_IHC_for_LPD.mp4#t=1645.67,1784.54",semantic_gated_v0_2,0.5809,"which employs three markers, CD-10, BCL6, and Mum 1. Expression of CD-10 is taken as presumptive evidence of a germinal center b-celled derivation. If CD-10 is negative, one looks to BCL6. If BCL6 is negative, the tumor is considered non-GCB. If BCL-6 is positive, one then looks to Mum 1 or IR4. If Mum 1 is positive, the tumor is considered non-GCB. And if Mum 1 is negative, the tumor is considered non-G-G-CB. And if"
Heme_SH_IHC_for_LPD,Heme SH IHC for LPD,Heme::Mature_B_Cell::Marginal_Zone::Extranodal_Marginal_Zone_Lymphoma_Of_MALT,Extranodal Marginal Zone Lymphoma Of MALT,Extranodal_Marginal_Zone_Lymphoma_Of_MALT,1237.67,1372.08,20:38,22:52,134.41,"https://storage.googleapis.com/pathology-hub-0/source_videos/Heme_SH_IHC_for_LPD.mp4#t=1237.67,1372.08",semantic_gated_v0_2,0.6564,"The infiltrate is polymorphous with a mixture of centricite-like cells, monocytoid B cells, The problem in the differential diagnosis of marginalis on lymphoma of malt type is atypical reactive lesion in an extranodal site. The most helpful finding is the demonstration of monotypic light chain expression, which is often seen in subepithelial plasma cells. CD43 expression favors lymphoma, but is not specific, and one "
Heme_SH_IHC_for_LPD,Heme SH IHC for LPD,Heme::Mature_B_Cell::Large_B_Cell::Primary_Large_B_Cell_Lymphoma_Of_Immune_Privileged_Sites,Primary Large B Cell Lymphoma Of Immune Privileged Sites,Primary_Large_B_Cell_Lymphoma_Of_Immune_Privileged_Sites,1509.94,1645.67,25:10,27:26,135.73,"https://storage.googleapis.com/pathology-hub-0/source_videos/Heme_SH_IHC_for_LPD.mp4#t=1509.94,1645.67",semantic_gated_v0_2,0.6363,"of generally older adults and is more common in females than males. Patients present with splenomegaly without lymphadenopathy and a bone marrow on peripheral blood are often involved. In the peripheral blood, the cells have abundant pale cytoplasm and have been referred to as villus lymphocytes. The diagnostic applications of immune markers, um, extended to as a immune markers extend to diffuse large B cell lymphoma"
Heme_SH_MDS_MPN_1,Heme SH MDS MPN 1,Heme::Myeloproliferative_Neoplasm::Chronic_Eosinophilic_Leukemia,Chronic Eosinophilic Leukemia,Chronic_Eosinophilic_Leukemia,2735.91,2872.73,45:36,47:53,136.82,"https://storage.googleapis.com/pathology-hub-0/source_videos/Heme_SH_MDS_MPN_1.mp4#t=2735.91,2872.73",semantic_gated_v0_2,0.6356,"eosinophilia. Systemic mastocytosis, another myeloid neoplasm not being covered in this lecture, can cause a paroneoplasic eosinophilia that can actually be one of the presenting signs of the disease. And there's a rare subtype of ALL with a 514 translocation in which the IL3 gene is translocated with IGH, resulting in very high expressions of IL3, and stimulating in a 514 translocation. a paroneoplastic eosinophilia"
Heme_SH_MDS_MPN_1,Heme SH MDS MPN 1,Heme::Myeloproliferative_Neoplasm::Chronic_Eosinophilic_Leukemia,Chronic Eosinophilic Leukemia,Chronic_Eosinophilic_Leukemia,3149.05,3287.88,52:29,54:48,138.83,"https://storage.googleapis.com/pathology-hub-0/source_videos/Heme_SH_MDS_MPN_1.mp4#t=3149.05,3287.88",semantic_gated_v0_2,0.6376,"named myeloid lymphoid because the same stem cell, because it's pluripotent, in the marrow gave rise to a myloid type neoplasm of deacinophilia, and in the lymph node gave rise to a T-limphoblastic lymphoma, fully sort of transformed the acutemic phase of disease at the same time. So that's the only example I'm giving. That was an example of FGFR1 disease, but other types of presentations can occur with either the Ja"
Heme_SH_MDS_MPN_1,Heme SH MDS MPN 1,Heme::Myeloproliferative_Neoplasm::Chronic_Eosinophilic_Leukemia,Chronic Eosinophilic Leukemia,Chronic_Eosinophilic_Leukemia,3287.88,3425.68,54:48,57:06,137.8,"https://storage.googleapis.com/pathology-hub-0/source_videos/Heme_SH_MDS_MPN_1.mp4#t=3287.88,3425.68",semantic_gated_v0_2,0.6233,"CML, that does not have one of the other genetic translocations. So this CEL is a fairly rare entity, a more common entity, although it's still particularly particularly pretty rare, is eopathic hyperacinophilic syndrome or HES. These are patients that present with persistent bloodiestinophilia and increased bone marrow eos, but they also have symptoms or signs of tissue damage by eos. So a typical presentation might"
Heme_SH_MDS_MPN_1,Heme SH MDS MPN 1,Heme::Myeloproliferative_Neoplasm::Essential_Thrombocythemia,Essential Thrombocythemia,Essential_Thrombocythemia,1782.39,1919.72,29:42,32:00,137.33,"https://storage.googleapis.com/pathology-hub-0/source_videos/Heme_SH_MDS_MPN_1.mp4#t=1782.39,1919.72",semantic_gated_v0_2,0.5756,"be a mild, if anything, increase in reticuline fibers. So ET is not a disease associated with fibrosis. And you should exclude other myeloidneoplasins that have thrombocytosis. This should ideally be confirmation of a jack-2 taleretic neuromipel, so one of those jack-statt activating pathway mutations. or some other proof of clonality. There are occasionally other genes that communicate in ET less commonly. But you c"
Heme_SH_MDS_MPN_1,Heme SH MDS MPN 1,Heme::Myeloproliferative_Neoplasm::Primary_Myelofibrosis,Primary Myelofibrosis,Primary_Myelofibrosis,2330.86,2464.94,38:51,41:05,134.08,"https://storage.googleapis.com/pathology-hub-0/source_videos/Heme_SH_MDS_MPN_1.mp4#t=2330.86,2464.94",semantic_gated_v0_2,0.5885,"in this H&E stain, we have really absent hematopoises, and we get very thickened bones. So osteosclerosis is a feature of the late phases of a advanced myelofibrosis. So what are the challenges in diagnosing primalalophybrosis? Well, in the fibotic phases of disease, we have to distinguish them from other causes of increased marrow fibrosis. And I'll serve that on the next slide. And close attention to morphology tha"
Heme_SH_MDS_MPN_2,Heme SH MDS MPN 2,Heme::Myelodysplastic_Neoplasm::Morphologic_Defined::MDS_Hypoplastic,MDS Hypoplastic,MDS_Hypoplastic,818.75,955.44,13:39,15:55,136.69,"https://storage.googleapis.com/pathology-hub-0/source_videos/Heme_SH_MDS_MPN_2.mp4#t=818.75,955.44",semantic_gated_v0_2,0.5794,"similarly hypercellular marrow from a patient who has actually hemolysis, so a non-neoplastic cause of cytopene. In these cases, in this case, the myrithroid cells are clustering very closely in the middle of the right-hand panel. You can see a very tight cluster of erythroids, a large cluster, and also in the upper right. In this contrast to the total disorganization of MDS. Now, this is not a morphologic criterion,"
Heme_SH_MDS_MPN_2,Heme SH MDS MPN 2,Heme::Myelodysplastic_Neoplasm::Morphologic_Defined::MDS_Hypoplastic,MDS Hypoplastic,MDS_Hypoplastic,1093.37,1227.25,18:13,20:27,133.88,"https://storage.googleapis.com/pathology-hub-0/source_videos/Heme_SH_MDS_MPN_2.mp4#t=1093.37,1227.25",semantic_gated_v0_2,0.6377,"alcohol intoxication, whereas something like a micro megacarocytes, a very tiny megacarocytes, when seen in significant numbers, tend to be quite specific for MDS. Display is not always reproducible. Some of these changes are subjective. For example, Nutriphil hypogranulation. Some people may feel this could be an artifact in one slide. Whereas another person in the same slide may say, oh, I think that is. true hypog"
Heme_SH_MDS_MPN_2,Heme SH MDS MPN 2,Heme::Myelodysplastic_Neoplasm::Morphologic_Defined::MDS_Hypoplastic,MDS Hypoplastic,MDS_Hypoplastic,1227.25,1364.06,20:27,22:44,136.81,"https://storage.googleapis.com/pathology-hub-0/source_videos/Heme_SH_MDS_MPN_2.mp4#t=1227.25,1364.06",semantic_gated_v0_2,0.67,"hematopoises and also may appear dysplastic under the microscope, mimicking the same changes we see in MDS due to a defect in the environment rather than a defect in the stem cell itself. We can term this reactive dysplasia. When I think this is happening, I try to avoid the use of the term dysplasia. I call it the D word. If I'm writing this finding manifestation in a report, I would say abnormalities or maybe dysgr"
Heme_SH_MDS_MPN_2,Heme SH MDS MPN 2,Heme::Myelodysplastic_Neoplasm::Genetic_Defined::MDS_With_Low_Blasts_And_5q_Deletion,MDS With Low Blasts And 5q Deletion,MDS_With_Low_Blasts_And_5q_Deletion,2742.36,2878.51,45:42,47:59,136.15,"https://storage.googleapis.com/pathology-hub-0/source_videos/Heme_SH_MDS_MPN_2.mp4#t=2742.36,2878.51",semantic_gated_v0_2,0.7344,"proliferative feature, and would exclude a diagnosis of MDS and put the patient in an MDS-MPN-in overlap, or CMMML. Now, the one cytogenetically defined subtype of MDS is MDS with Icelidolideleteleteletion 5Q, and that's actually its name, includes a carotype in its name. This is actually a favorable prognosis type of MDS. The median survival is greater than five years, approximately that of MDS SLD. And importantly,"
Heme_SH_MDS_MPN_2,Heme SH MDS MPN 2,Heme::Myelodysplastic_Neoplasm::Genetic_Defined::MDS_With_Low_Blasts_And_SF3B1_Mutation,MDS With Low Blasts And SF3B1 Mutation,MDS_With_Low_Blasts_And_SF3B1_Mutation,3154.58,3292.92,52:35,54:53,138.34,"https://storage.googleapis.com/pathology-hub-0/source_videos/Heme_SH_MDS_MPN_2.mp4#t=3154.58,3292.92",semantic_gated_v0_2,0.7186,"and the SF3B1 tends to be the one at the highest VAF, implying it was acquired as a first step in the process. And it's also associated with a longer-term survival in MDS. And this shows in the IPSS lower risk patients in the survival curves, the patients with the SF3B1 mutation have a longer median survival in those without SF3B1 mutation. So for these reasons, Rink Cedarblast and SF3B1 going hand in hand are consid"
Heme_SH_MDS_MPN_3,Heme SH MDS MPN 3,Heme::Myeloproliferative_Neoplasm::Chronic_Eosinophilic_Leukemia,Chronic Eosinophilic Leukemia,Chronic_Eosinophilic_Leukemia,3164.58,3302.09,52:45,55:02,137.51,"https://storage.googleapis.com/pathology-hub-0/source_videos/Heme_SH_MDS_MPN_3.mp4#t=3164.58,3302.09",semantic_gated_v0_2,0.5959,"CML is always on the differential diagnosis. Massacytosis often has a reactive eosin, we won't be discussing down in this lecture, but mass cells do elaborate eosinophil chematactic factor that can cause a reactive eosinophilia in the tissue surrounding the mass cells, but also in the blood. We have the myelid lymphoid neoplastic. with eosinophilia, that have specific genetic abnormalities, and I will spend some time"
Heme_SH_MDS_MPN_3,Heme SH MDS MPN 3,Heme::Myeloproliferative_Neoplasm::Chronic_Eosinophilic_Leukemia,Chronic Eosinophilic Leukemia,Chronic_Eosinophilic_Leukemia,4400.92,4538.4,1:13:21,1:15:38,137.48,"https://storage.googleapis.com/pathology-hub-0/source_videos/Heme_SH_MDS_MPN_3.mp4#t=4400.92,4538.4",semantic_gated_v0_2,0.6347,"And this shows a schematic of how the PCM-1 inject-tory rearrange on chromosomes 8 and 9, producing this fusion of protein. There are two cases of de novo BLL in that series that showed evidence of an underlying MPN indicating that you can get MPNs. These can progress to a blast phase of disease, which in this small series were BALLs. So those are the genetically defined eosinophilias, where we have recurrent translo"
Heme_SH_MDS_MPN_3,Heme SH MDS MPN 3,Heme::Myeloproliferative_Neoplasm::Chronic_Eosinophilic_Leukemia,Chronic Eosinophilic Leukemia,Chronic_Eosinophilic_Leukemia,4539.42,4674.22,1:15:39,1:17:54,134.8,"https://storage.googleapis.com/pathology-hub-0/source_videos/Heme_SH_MDS_MPN_3.mp4#t=4539.42,4674.22",semantic_gated_v0_2,0.6445,"You could see the marrow is hypercellular for the patient's age. And on the left panel, you can see, again, a lot of eosinophiles. Interestingly, in this case, the megacarocytes can look dysplastic. Chronic asinicinopil leukemia, although it's not, it's considered actually one of the pure MPNs. Actually, it can show significant dysplasia as shown in some recent studies. You can also see the increased eosinopause. her"
Heme_SH_MDS_MPN_3,Heme SH MDS MPN 3,Heme::Myeloproliferative_Neoplasm::Chronic_Eosinophilic_Leukemia,Chronic Eosinophilic Leukemia,Chronic_Eosinophilic_Leukemia,4674.92,4812.22,1:17:55,1:20:12,137.3,"https://storage.googleapis.com/pathology-hub-0/source_videos/Heme_SH_MDS_MPN_3.mp4#t=4674.92,4812.22",semantic_gated_v0_2,0.559,"This is really, in a way, a misnomer because it's really a paroneoplastic or a reactive eosinophilia. It's driven by a clonal T-cell population. So in this case, the asinophils are not clonal. They're driven by a clonal T-cell population. These T-cells are, I mean, if you typically outbarant, usually by virtue of being surfaced C3-negative and CD4 positive, but they're not criteria for peripheral T-cell lymphoma. If "
Heme_SH_MDS_MPN_3,Heme SH MDS MPN 3,Heme::Myeloproliferative_Neoplasm::Chronic_Eosinophilic_Leukemia,Chronic Eosinophilic Leukemia,Chronic_Eosinophilic_Leukemia,4812.22,4949.92,1:20:12,1:22:30,137.7,"https://storage.googleapis.com/pathology-hub-0/source_videos/Heme_SH_MDS_MPN_3.mp4#t=4812.22,4949.92",semantic_gated_v0_2,0.6343,"P. Peter-Dafr-F-R-A alpha rearrangement, no mutations on NGS, and no abnormal T-cell population. So there was no evidence of clinality and no increase in blasts. So we can't call it chronic in synchidivial leukemia. The patient had persistently efficiency of failure. There was really no explanation. Stool for Owen parasites. All that was negative. There were no allergies. Eosinful was uncontrolled by steroids, and he"
Heme_SH_MDS_MPN_3,Heme SH MDS MPN 3,Heme::Myelodysplastic_Myeloproliferative_Neoplasm::MDS_MPN_With_SF3B1_Mutation_And_Thrombocytosis,MDS MPN With SF3B1 Mutation And Thrombocytosis,MDS_MPN_With_SF3B1_Mutation_And_Thrombocytosis,2613.16,2752.62,43:33,45:53,139.46,"https://storage.googleapis.com/pathology-hub-0/source_videos/Heme_SH_MDS_MPN_3.mp4#t=2613.16,2752.62",semantic_gated_v0_2,0.6808,"platelet counts. 800,000, a million. They may need cytot reduction. However, it also has MDS-like feature of anemia, which is usually macrositic, and they may need transfusions, which are, of course, may be made worse by the cytor reduction to get the platelet count down. So they may be difficult patients to manage clinically because of these mixed MPN and MDS features. morphologically, as I mentioned, the megacarocy"
Heme_SH_MDS_MPN_3,Heme SH MDS MPN 3,Heme::Myelodysplastic_Neoplasm::Morphologic_Defined::MDS_With_Increased_Blasts,MDS With Increased Blasts,MDS_With_Increased_Blasts,413.55,550.17,6:54,9:10,136.62,"https://storage.googleapis.com/pathology-hub-0/source_videos/Heme_SH_MDS_MPN_3.mp4#t=413.55,550.17",semantic_gated_v0_2,0.6297,"Unlike healthy patients, when MDAs patients get infections, they may not be able to amount to very effective neutrophilia. Their whiteout may remain low. That's why they're quite susceptible to complications However, if they do develop this, when they're treated with antibiotics, this sort of should go away. Therefore, the Lucytosis may not always be necessarily an indicator of a disease progression. It may just be a"
Heme_SH_Plasma_Cell,Heme SH Plasma Cell,Heme::Plasma_Cell_Neoplasm::Monoclonal_Gammopathy::IgM_MGUS,IgM MGUS,IgM_MGUS,1627.96,1761.8,27:08,29:22,133.84,"https://storage.googleapis.com/pathology-hub-0/source_videos/Heme_SH_Plasma_Cell.mp4#t=1627.96,1761.8",semantic_gated_v0_2,0.6645,"costs with that. In the 2016 update to the WHO, MGUS is subdivided into three different categories, non-IGMMGUS, light chain emgus, and IGMMGUS. Non-IGM-MGUS is defined by these criteria. These have serum IGG or IGA proteins less than 3 grams per deciliter, less than 10% clonal plasma cells. in the bone marrow. And these patients don't have crab symptoms or amyloidosis. Light chain M-GUS, as shown here, these patient"
Heme_SH_Plasma_Cell,Heme SH Plasma Cell,Heme::Plasma_Cell_Neoplasm::Monoclonal_Gammopathy::IgM_MGUS,IgM MGUS,IgM_MGUS,1762.28,1895.98,29:22,31:36,133.7,"https://storage.googleapis.com/pathology-hub-0/source_videos/Heme_SH_Plasma_Cell.mp4#t=1762.28,1895.98",semantic_gated_v0_2,0.6731,"where it's simply impossible to distinguish between a reactive plasmocytosis and an M-GUS. So you may know that there is a monoclonal protein by protein electrophoresis, but you can't identify the clonal population in the bone marrow by your ancillary methods. So making this diagnosis really requires correlation with all of those clinical and laboratory features. So any patient with MGUS has a risk of progression, bu"
Heme_SH_Plasma_Cell,Heme SH Plasma Cell,Heme::Plasma_Cell_Neoplasm::Deposition_Disease::Immunoglobulin_Related_Amyloidosis_AL,Immunoglobulin Related Amyloidosis AL,Immunoglobulin_Related_Amyloidosis_AL,2441.14,2579.46,40:41,42:59,138.32,"https://storage.googleapis.com/pathology-hub-0/source_videos/Heme_SH_Plasma_Cell.mp4#t=2441.14,2579.46",semantic_gated_v0_2,0.6594,"So up top we have immunoglobulin light chains and heavy chains, but as you look down this list, you'll see things like lysosyme, you'll see prolactin, insulin, many different proteins that are capable of forming amyloid deposits. The most common form of amyloidosis is so-called primary amyloidosis or AL amyloidosis. The L here stands for light chains. So these are due to depositions of abnormal immunoglobulin light c"
Heme_SH_Plasma_Cell,Heme SH Plasma Cell,Heme::Plasma_Cell_Neoplasm::Deposition_Disease::Immunoglobulin_Related_Amyloidosis_AL,Immunoglobulin Related Amyloidosis AL,Immunoglobulin_Related_Amyloidosis_AL,2579.46,2717.34,42:59,45:17,137.88,"https://storage.googleapis.com/pathology-hub-0/source_videos/Heme_SH_Plasma_Cell.mp4#t=2579.46,2717.34",semantic_gated_v0_2,0.6122,"both in the bone marrow or in really any extra medullary tissue. Increased plasma cells can be present, but the bone marrow should contain less than 10% plasma cells in primary amyloidosis. Over 10% is going to be some type of myeloma. You can look for amyloid many different ways. Historically, fat pad aspirates are often performed. Other common methods would be rectal biopsies, heart biopies, or bone marrow biopsy. "
Heme_SH_Plasma_Cell,Heme SH Plasma Cell,Heme::Plasma_Cell_Neoplasm::Deposition_Disease::Immunoglobulin_Related_Amyloidosis_AL,Immunoglobulin Related Amyloidosis AL,Immunoglobulin_Related_Amyloidosis_AL,2717.34,2852.32,45:17,47:32,134.98,"https://storage.googleapis.com/pathology-hub-0/source_videos/Heme_SH_Plasma_Cell.mp4#t=2717.34,2852.32",semantic_gated_v0_2,0.5356,"amyloid that can be quite helpful. Electron microscopy can also be useful in tough cases. This is actually the pulmonary amyloidoma. I showed you a few slides back. Here it is on a Congo red under normal light. You see this kind of orangish brown stain. And under polarized light, we have this very nice apple green byrefringents. Here's a P-component immunostain in the same case. Shows this very broad staining areas o"
Heme_SH_Plasma_Cell,Heme SH Plasma Cell,Heme::Plasma_Cell_Neoplasm::Plasma_Cell_Myeloma,Plasma Cell Myeloma,Plasma_Cell_Myeloma,543.93,678.0,9:04,11:18,134.07,"https://storage.googleapis.com/pathology-hub-0/source_videos/Heme_SH_Plasma_Cell.mp4#t=543.93,678",semantic_gated_v0_2,0.6115,"Multiple myeloma, we are required to demonstrate a plasma cytoma on biopsy, meaning finding sheets of plasma cells in a core biopsy, or finding more than 10% clonal plasma cells in the bone marrow. And then you also have to have at least one of the phoidsmone of the bone marrow. one of the following clinical factors. First are the so-called crab symptoms. These refer to hypercalcemia, renal insufficiency, anemia, or "
Heme_SH_Plasma_Cell,Heme SH Plasma Cell,Heme::Plasma_Cell_Neoplasm::Plasma_Cell_Myeloma,Plasma Cell Myeloma,Plasma_Cell_Myeloma,816.3,951.71,13:36,15:52,135.41,"https://storage.googleapis.com/pathology-hub-0/source_videos/Heme_SH_Plasma_Cell.mp4#t=816.3,951.71",semantic_gated_v0_2,0.5679,"have a diffuse interstitial pattern, or you can see aggregates that can be more nodular appearing, or they can be paratrobecular, sometimes associated with fibrosis. Sample of a bone marrow core biopsy, you can see a bony trabeculi at the lower right, and then we have just sheets of atypical plasma cells. At higher power, you can recognize the plasma cytoid appearance in these cells. And you can see a lot of the plas"
Heme_SH_Plasma_Cell,Heme SH Plasma Cell,Heme::Plasma_Cell_Neoplasm::Plasma_Cell_Myeloma,Plasma Cell Myeloma,Plasma_Cell_Myeloma,1358.5,1495.46,22:38,24:55,136.96,"https://storage.googleapis.com/pathology-hub-0/source_videos/Heme_SH_Plasma_Cell.mp4#t=1358.5,1495.46",semantic_gated_v0_2,0.5554,"who had counted all of these as myeloid blasts and thought we were looking at a case of a new acute leukemia. As you look at these cells, though, maybe you'll appreciate that they do appear to be sort of plasma cytoid. There's eccentrically placed nuclei. The chromat and pattern though, is very fine. And so I think it would be very difficult from cytology alone to be sure you were dealing with a plasma cell neoplasm "
Heme_SH_PT_LPD,Heme SH PT LPD,Heme::Immune_Deficiency_Associated::Polymorphic_Lymphoproliferative_Disorder,Polymorphic Lymphoproliferative Disorder,Polymorphic_Lymphoproliferative_Disorder,1779.26,1914.17,29:39,31:54,134.91,"https://storage.googleapis.com/pathology-hub-0/source_videos/Heme_SH_PT_LPD.mp4#t=1779.26,1914.17",semantic_gated_v0_2,0.6696,"not help you here. Basically, this is largely a morphologic diagnosis. When you immunophenotype these, you're going to see a mixture of T cells and B cells in varying proportions. You may see polyclonal B cells and plasma cells, but you may also see Kappa or Lambda light chain restriction or even light chain negative populations within your polymorphic population. And this can be seen either if you do flow or if you "
Heme_SH_PT_LPD,Heme SH PT LPD,Heme::Immune_Deficiency_Associated::Polymorphic_Lymphoproliferative_Disorder,Polymorphic Lymphoproliferative Disorder,Polymorphic_Lymphoproliferative_Disorder,1914.17,2050.74,31:54,34:11,136.57,"https://storage.googleapis.com/pathology-hub-0/source_videos/Heme_SH_PT_LPD.mp4#t=1914.17,2050.74",semantic_gated_v0_2,0.6127,"Here's another higher power view and also highlighting just some of the real nuclear pliomorphism and atypical cells that you can see within the setting of a polymorphic PTLD. This does not make it monomorphic PTLD. This does not make it classic Hodgkin lymphoma. By IHC, here's another, here's an example again of what you can see. You can see abundant CD3 positive T cells. You can see variable CD20 positivity. Those "
Heme_SH_PT_LPD,Heme SH PT LPD,Heme::Immune_Deficiency_Associated::Polymorphic_Lymphoproliferative_Disorder,Polymorphic Lymphoproliferative Disorder,Polymorphic_Lymphoproliferative_Disorder,2053.58,2190.28,34:14,36:30,136.7,"https://storage.googleapis.com/pathology-hub-0/source_videos/Heme_SH_PT_LPD.mp4#t=2053.58,2190.28",semantic_gated_v0_2,0.608,"So early lesions need to have some evidence of lymphoproliferation, meaning an enlarged lymph node, an enlarged lymph node, an enlarged tonsil, prominence of a, you know, pyres patch or something, something that is beyond what is just sort of the normal latent lymphoid tissue that's present. will be intact. So more like a reactive process would be. These lesions typically will be polytypic if you flow them or if you "
Heme_SH_PT_LPD,Heme SH PT LPD,Heme::Immune_Deficiency_Associated::Post_Transplant_Lymphoproliferative_Disorder_PTLD,Post Transplant Lymphoproliferative Disorder PTLD,Post_Transplant_Lymphoproliferative_Disorder_PTLD,7.92,138.36,0:08,2:18,130.44,"https://storage.googleapis.com/pathology-hub-0/source_videos/Heme_SH_PT_LPD.mp4#t=7.92,138.36",semantic_gated_v0_2,0.6735,"I'm going to talk today about post-transplant lymphoproliferative disorders. the approach to diagnosis and WHO classification. This will really be the meat of the lecture as I think that, especially for residents and fellows, PTLDs are one of the most, challenging groups of diseases to really understand and be able to classify. So my goal with this lecture is really to break it down in fairly digestible pieces and gi"
Heme_SH_PT_LPD,Heme SH PT LPD,Heme::Immune_Deficiency_Associated::Post_Transplant_Lymphoproliferative_Disorder_PTLD,Post Transplant Lymphoproliferative Disorder PTLD,Post_Transplant_Lymphoproliferative_Disorder_PTLD,138.36,273.94,2:18,4:34,135.58,"https://storage.googleapis.com/pathology-hub-0/source_videos/Heme_SH_PT_LPD.mp4#t=138.36,273.94",semantic_gated_v0_2,0.6334,"community. About 3% of all organ transplant recipients will develop a PTLD over their lifetime. However, this incidence is widely variable depending on a number of risk factors, making it extremely challenging to predict who will and who will not get PTLD. Lymphoma itself accounts for about 20% of cancers in solid organ transplant recipients, compared to only 4% to 5% of cancers in immune competent adults. So it's ex"
Heme_SH_PT_LPD,Heme SH PT LPD,Heme::Immune_Deficiency_Associated::Post_Transplant_Lymphoproliferative_Disorder_PTLD,Post Transplant Lymphoproliferative Disorder PTLD,Post_Transplant_Lymphoproliferative_Disorder_PTLD,273.96,407.82,4:34,6:48,133.86,"https://storage.googleapis.com/pathology-hub-0/source_videos/Heme_SH_PT_LPD.mp4#t=273.96,407.82",semantic_gated_v0_2,0.5378,"of developing PtLD than someone who has gotten an organ in another circumstance, be that the recipient is eBV positive and the donor has is eBV negative or both patients are EBV positive or EBV negative. In fact, the circumstance illustrated here results in at least a tenfold and perhaps up to a 75-fold increased risk of development of PtlD within that recipient. As I mentioned, age also plays a role. Children have a"
Heme_SH_PT_LPD,Heme SH PT LPD,Heme::Immune_Deficiency_Associated::Post_Transplant_Lymphoproliferative_Disorder_PTLD,Post Transplant Lymphoproliferative Disorder PTLD,Post_Transplant_Lymphoproliferative_Disorder_PTLD,408.48,545.98,6:48,9:06,137.5,"https://storage.googleapis.com/pathology-hub-0/source_videos/Heme_SH_PT_LPD.mp4#t=408.48,545.98",semantic_gated_v0_2,0.6703,"As you can see, the highest risk for those age one to 10 year olds is actually within that first year post-transplant. At ages at two or three or four or five years post-transplant, the risk does not increase as much for them compared with their peers in the other age groups. So there's something very specific about these patients in that first year post-transplants that makes them at especially high risk of developi"
Heme_SH_PT_LPD,Heme SH PT LPD,Heme::Immune_Deficiency_Associated::Post_Transplant_Lymphoproliferative_Disorder_PTLD,Post Transplant Lymphoproliferative Disorder PTLD,Post_Transplant_Lymphoproliferative_Disorder_PTLD,545.98,680.44,9:06,11:20,134.46,"https://storage.googleapis.com/pathology-hub-0/source_videos/Heme_SH_PT_LPD.mp4#t=545.98,680.44",semantic_gated_v0_2,0.679,"fall in between those buckets. Sure, there are cases where we can't really tell if something's neoplastic or reactive. But EBV is a different. story because what EBV does normally is it leads to B cell proliferation. It's just that we don't all develop lymphomas when we get EBV because we have a cytotoxic T cell response that keeps that proliferation in check. And so in the transplant setting or in other immunodefici"
Heme_SH_PT_LPD,Heme SH PT LPD,Heme::Immune_Deficiency_Associated::Post_Transplant_Lymphoproliferative_Disorder_PTLD,Post Transplant Lymphoproliferative Disorder PTLD,Post_Transplant_Lymphoproliferative_Disorder_PTLD,680.46,816.8,11:20,13:37,136.34,"https://storage.googleapis.com/pathology-hub-0/source_videos/Heme_SH_PT_LPD.mp4#t=680.46,816.8",semantic_gated_v0_2,0.6759,"here. And in exchange, you can actually have things that we consider PtLD, so lympho-proliferation, that are not clonal. So that goes against typically outside of the EBB setting and outside of the immunodeficiency setting, if something is not clonal or is reactive, we don't call it a lympho proliferation. We don't label that patient as having a disorder. But in the PtlD setting, again, we kind of have to throw throw"
Heme_SH_PT_LPD,Heme SH PT LPD,Heme::Immune_Deficiency_Associated::Post_Transplant_Lymphoproliferative_Disorder_PTLD,Post Transplant Lymphoproliferative Disorder PTLD,Post_Transplant_Lymphoproliferative_Disorder_PTLD,817.48,955.01,13:37,15:55,137.53,"https://storage.googleapis.com/pathology-hub-0/source_videos/Heme_SH_PT_LPD.mp4#t=817.48,955.01",semantic_gated_v0_2,0.6447,"And so that you may see things like fever, hepatospenomegaly, general malaise, and even sometimes a peripheral lymphocytosis in these patients. As I may have mentioned earlier, typically because of the great risk, the much higher risk of lymphoma in patients who are post-transplants, these patients will be screened frequently. and their clinicians will have a high index of suspicion for looking for lymphoma in these "
Heme_SH_PT_LPD,Heme SH PT LPD,Heme::Immune_Deficiency_Associated::Post_Transplant_Lymphoproliferative_Disorder_PTLD,Post Transplant Lymphoproliferative Disorder PTLD,Post_Transplant_Lymphoproliferative_Disorder_PTLD,955.71,1092.52,15:56,18:13,136.81,"https://storage.googleapis.com/pathology-hub-0/source_videos/Heme_SH_PT_LPD.mp4#t=955.71,1092.52",semantic_gated_v0_2,0.6808,And so there's still some controversy here. Some of your institutions may do this routinely. but it's not been proven to be definitively helpful in detecting who has PtLD. So typically it's still routine kind of clinical monitoring. So moving on to the classification of PtLD. The WHO 2017 issued a few updates to the PtlD schematic. So we'll highlight those in the process of discussing this schematic. The classificati
Heme_SH_PT_LPD,Heme SH PT LPD,Heme::Immune_Deficiency_Associated::Post_Transplant_Lymphoproliferative_Disorder_PTLD,Post Transplant Lymphoproliferative Disorder PTLD,Post_Transplant_Lymphoproliferative_Disorder_PTLD,1232.82,1372.16,20:33,22:52,139.34,"https://storage.googleapis.com/pathology-hub-0/source_videos/Heme_SH_PT_LPD.mp4#t=1232.82,1372.16",semantic_gated_v0_2,0.7143,"the rule is that any lymphoma in a patient who's had an allogenic transplant is considered PtlD. Except, the exception to this rule is that low-grade B cell lymphomas are not considered Ptled, even when they occur post-transplants. It's thought that these are still sporadically occurring and are not related to the underlying immune suppression, although there certainly is controversy about that statement. However, as"
Heme_SH_PT_LPD,Heme SH PT LPD,Heme::Immune_Deficiency_Associated::Post_Transplant_Lymphoproliferative_Disorder_PTLD,Post Transplant Lymphoproliferative Disorder PTLD,Post_Transplant_Lymphoproliferative_Disorder_PTLD,1508.99,1643.06,25:09,27:23,134.07,"https://storage.googleapis.com/pathology-hub-0/source_videos/Heme_SH_PT_LPD.mp4#t=1508.99,1643.06",semantic_gated_v0_2,0.658,"Another example of a monomorphic PTLD like picture. So next we'll talk about the classic Hodgkin lymphoma type PTLD. This one is fairly easy, I think, to understand, although it is the least common major form of PtlD. These cases are quite uncommon, and yet they are challenging and you may consider them frequently because Hodgkin-like cells or Reed-Sterneberg-Sterneberg-like cells, or Reed-Sterneberg-Sternold, cells "
Heme_SH_PT_LPD,Heme SH PT LPD,Heme::Immune_Deficiency_Associated::Post_Transplant_Lymphoproliferative_Disorder_PTLD,Post Transplant Lymphoproliferative Disorder PTLD,Post_Transplant_Lymphoproliferative_Disorder_PTLD,2330.63,2464.61,38:51,41:05,133.98,"https://storage.googleapis.com/pathology-hub-0/source_videos/Heme_SH_PT_LPD.mp4#t=2330.63,2464.61",semantic_gated_v0_2,0.6621,"However, it's important to be cautious in rendering this diagnosis. As mentioned, fluorifillicular hyperplasia is a common reactive pattern seen in lymphoid tissue throughout the body. Additionally, you can have some incidental EBV positivity within lymphoid tissue in patients who have had organ transplants that does not equate to PTLD and does not have an impact on their survival or indicate an increased incidence o"
Heme_SH_PT_LPD,Heme SH PT LPD,Heme::Immune_Deficiency_Associated::Post_Transplant_Lymphoproliferative_Disorder_PTLD,Post Transplant Lymphoproliferative Disorder PTLD,Post_Transplant_Lymphoproliferative_Disorder_PTLD,2464.61,2598.72,41:05,43:19,134.11,"https://storage.googleapis.com/pathology-hub-0/source_videos/Heme_SH_PT_LPD.mp4#t=2464.61,2598.72",semantic_gated_v0_2,0.6115,"so as not to misdiagnose this as another type of PtLD. And then finally, in the last couple of minutes, we'll talk briefly about therapy. So the key in treating PtlD is to restore this balance, the restore the anti-EBVT cell immune response, but also not destroy the patient's allographed, which is being maintained by tamping down those same T cells. So it is absolutely a balancing act. Immunosuppression reduction, th"
Heme_SH_PT_LPD,Heme SH PT LPD,Heme::Immune_Deficiency_Associated::Post_Transplant_Lymphoproliferative_Disorder_PTLD,Post Transplant Lymphoproliferative Disorder PTLD,Post_Transplant_Lymphoproliferative_Disorder_PTLD,2598.72,2738.01,43:19,45:38,139.29,"https://storage.googleapis.com/pathology-hub-0/source_videos/Heme_SH_PT_LPD.mp4#t=2598.72,2738.01",semantic_gated_v0_2,0.6715,"low-stage disease and is well, they might try retuximab immunotherapy or just reduction of immunosuppression in a patient with a polymorphicesterase. or even a monomorphic ptl d. For Hodgkin lymphoma-legs, typically the treatment looks a little bit more like it does for treatment of standard Hodgkin lymphoma. They may, you know, add retoxymab depending on the situation. These patients may or may not get radiation or "
Heme_SH_Reactive_Lymphoid_Hyperplasia,Heme SH Reactive Lymphoid Hyperplasia,Heme::Tumor_Like_T_Cell::Kikuchi_Fujimoto_Disease,Kikuchi Fujimoto Disease,Kikuchi_Fujimoto_Disease,3430.3,3568.12,57:10,59:28,137.82,"https://storage.googleapis.com/pathology-hub-0/source_videos/Heme_SH_Reactive_Lymphoid_Hyperplasia.mp4#t=3430.3,3568.12",semantic_gated_v0_2,0.5734,"maturation of the necrotizing process in KFD is very important. So the younger nodules have more numerous immunoblasts. So this can be considered the proliferative phase, whereas older nodules have fewer immunoblasts. There's more conspicuous plasmicide to identeric cells in the younger nodules. Some histocytes, which become more numerous in the older nodules. These form, these classic sort of crescentic forms, cells"
Heme_SH_Reactive_Lymphoid_Hyperplasia,Heme SH Reactive Lymphoid Hyperplasia,Heme::Tumor_Like_T_Cell::Kikuchi_Fujimoto_Disease,Kikuchi Fujimoto Disease,Kikuchi_Fujimoto_Disease,3568.34,3707.52,59:28,1:01:48,139.18,"https://storage.googleapis.com/pathology-hub-0/source_videos/Heme_SH_Reactive_Lymphoid_Hyperplasia.mp4#t=3568.34,3707.52",semantic_gated_v0_2,0.5916,"but somewhat more dispersed chromatin rather than the chromatin that you see in plasma cells. They're also positive for CD-123. These, again, are also differ from monocitoid B cells that you can see in early. viral in fatonitis monocytoid B cells tend to be more irregular in shape, again, have somewhat more of a mature rather than dispersed chromatin, somewhat more abundant cytoplasm, and are often associated with a "
Heme_SH_Reactive_Lymphoid_Hyperplasia,Heme SH Reactive Lymphoid Hyperplasia,Heme::Non_Neoplastic::Spleen::Lymphoid_Hyperplasia,Lymphoid Hyperplasia,Lymphoid_Hyperplasia,24.74,155.69,0:25,2:36,130.95,"https://storage.googleapis.com/pathology-hub-0/source_videos/Heme_SH_Reactive_Lymphoid_Hyperplasia.mp4#t=24.74,155.69",semantic_gated_v0_2,0.5571,"All lymph nodes exposed to antigen will show varying degrees of reactive changes on biopsy or excision and the most important diagnostic considerations, when evaluating a specimen include distinction from a neoplastic process, usually malignant lymphoma. And this can be aided by recognition of a dominant pattern of reactive hyperplasia, many of which will point to a specific underlying etiology. And so I'm going to f"
Heme_SH_Reactive_Lymphoid_Hyperplasia,Heme SH Reactive Lymphoid Hyperplasia,Heme::Non_Neoplastic::Spleen::Lymphoid_Hyperplasia,Lymphoid Hyperplasia,Lymphoid_Hyperplasia,841.15,971.74,14:01,16:12,130.59,"https://storage.googleapis.com/pathology-hub-0/source_videos/Heme_SH_Reactive_Lymphoid_Hyperplasia.mp4#t=841.15,971.74",semantic_gated_v0_2,0.5495,"Kukuchi-Fugimoto disease. And in all of these cases, the paracortical pattern of hyperplasia may be associated with a varying degree of an immunoblastic reaction. So sort of similar to central blasts, these are larger, somewhat more atypical cells that reside in the end. in the paracortical area. And when there's a very prominent degree of an immunoblastic reaction, this can sometimes cause some degree of concern and"
Heme_SH_Reactive_Lymphoid_Hyperplasia,Heme SH Reactive Lymphoid Hyperplasia,Heme::Non_Neoplastic::Spleen::Lymphoid_Hyperplasia,Lymphoid Hyperplasia,Lymphoid_Hyperplasia,971.74,1104.93,16:12,18:25,133.19,"https://storage.googleapis.com/pathology-hub-0/source_videos/Heme_SH_Reactive_Lymphoid_Hyperplasia.mp4#t=971.74,1104.93",semantic_gated_v0_2,0.5772,"that surround and encroach upon reactive germinal centers. So to review this diagnostic triad of toxoplasma lymphadenitis. In addition to reactive follicular hyperplasia, one sees this proliferation of epithelioid histis sites present as single cells and small clusters in the paracortex with encroachment and sometimes frank involvement of germinal centers. And note that these are not well-formed granulomas like one m"
Heme_SH_Small_B_Cell_1_of_2,Heme SH Small B Cell 1 of 2,Heme::Mature_B_Cell::Follicular::Duodenal_Type_Follicular_Lymphoma,Duodenal Type Follicular Lymphoma,Duodenal_Type_Follicular_Lymphoma,6146.37,6284.71,1:42:26,1:44:45,138.34,"https://storage.googleapis.com/pathology-hub-0/source_videos/Heme_SH_Small_B_Cell_1_of_2.mp4#t=6146.37,6284.71",semantic_gated_v0_2,0.689,"still not going to be any kind of overt malignant lymphoma. It still could be in situ follicular neoplasia. Mutational studies of in situ follicular neoplasia have also been reported and have made the point that in situ follicular neoplasia share similar mutations as manifest or overt follicular lymphomas, but they did appear to be less frequent in cases that had not shown progression. A new follicular lymphoma varia"
Heme_SH_Small_B_Cell_1_of_2,Heme SH Small B Cell 1 of 2,Heme::Mature_B_Cell::Large_B_Cell::High_Grade_B_Cell_Lymphoma_NOS,High Grade B Cell Lymphoma NOS,High_Grade_B_Cell_Lymphoma_NOS,3556.96,3696.66,59:17,1:01:37,139.7,"https://storage.googleapis.com/pathology-hub-0/source_videos/Heme_SH_Small_B_Cell_1_of_2.mp4#t=3556.96,3696.66",semantic_gated_v0_2,0.6077,"high power fields. So I like the scope that we use to sign out, our multi-headed scope, has a high power field that requires that we see more than 22 central blast to call something grade three. Another thing that ought to save you some time and grief is to recognize that many people actually count very few if any cases, but they simply use it as a guide. That's certainly what we do. The grade 3 follicular lymphomas "
Heme_SH_Small_B_Cell_1_of_2,Heme SH Small B Cell 1 of 2,Heme::Mature_B_Cell::Large_B_Cell::High_Grade_B_Cell_Lymphoma_NOS,High Grade B Cell Lymphoma NOS,High_Grade_B_Cell_Lymphoma_NOS,3696.66,3833.04,1:01:37,1:03:53,136.38,"https://storage.googleapis.com/pathology-hub-0/source_videos/Heme_SH_Small_B_Cell_1_of_2.mp4#t=3696.66,3833.04",semantic_gated_v0_2,0.5735,"These cases are specifically commented on in the 2017 Blue Book and they are not considered In other words, just because you don't have classic central blasts, if you have numerous blastoid appearing cells, even though they're small, those should not just be signed out as a low-grade follicular lymphoma. Key 67 stains also may be helpful, but there are no agreed upon rules as to how to use it, and the stain isn't con"
Heme_SH_Small_B_Cell_1_of_2,Heme SH Small B Cell 1 of 2,Heme::Mature_B_Cell::Follicular::In_Situ_Follicular_B_Cell_Neoplasm,In Situ Follicular B Cell Neoplasm,In_Situ_Follicular_B_Cell_Neoplasm,5610.06,5744.81,1:33:30,1:35:45,134.75,"https://storage.googleapis.com/pathology-hub-0/source_videos/Heme_SH_Small_B_Cell_1_of_2.mp4#t=5610.06,5744.81",semantic_gated_v0_2,0.6101,"These cases do have total architectural preservation and when you look at the routine histologic sections, you generally feel like you're going to diagnose a hyperplastic lymph node until you start doing immunohistochemical stains. This is considered important to recognize as distinct because many of these cases seem to not progress or develop a more overt follicular lymphoma. The problem is that there are other case"
Heme_SH_Small_B_Cell_1_of_2,Heme SH Small B Cell 1 of 2,Heme::Mature_B_Cell::Follicular::In_Situ_Follicular_B_Cell_Neoplasm,In Situ Follicular B Cell Neoplasm,In_Situ_Follicular_B_Cell_Neoplasm,5744.81,5877.6,1:35:45,1:37:58,132.79,"https://storage.googleapis.com/pathology-hub-0/source_videos/Heme_SH_Small_B_Cell_1_of_2.mp4#t=5744.81,5877.6",semantic_gated_v0_2,0.5949,"they're intact sinuses. There are follicles with very hyperplastic appearing, really unremarkable germinal centers. There are T zone nodules like at the bottom that look sort of darker with scattered pale cells that represent the interdigitating dendritic cells and or possibly some So I mean, again, this looks like it should just be, you know, reactive hyperplasia. But then when you start doing immunohistochemical st"
Heme_SH_Small_B_Cell_1_of_2,Heme SH Small B Cell 1 of 2,Heme::Mature_B_Cell::Follicular::In_Situ_Follicular_B_Cell_Neoplasm,In Situ Follicular B Cell Neoplasm,In_Situ_Follicular_B_Cell_Neoplasm,5877.6,6006.32,1:37:58,1:40:06,128.72,"https://storage.googleapis.com/pathology-hub-0/source_videos/Heme_SH_Small_B_Cell_1_of_2.mp4#t=5877.6,6006.32",semantic_gated_v0_2,0.6148,"represents a little area of still normal germinal center here. The proportion of abnormal cells in these follicles can vary widely. This particular one has quite a few. In general, another helpful finding here is the fact that the key 67 is much lower than you would expect in a typical hyperplastic germinal center. And what's it going to look like when you look at higher magnification? Basically it looks like any oth"
Heme_SH_Small_B_Cell_1_of_2,Heme SH Small B Cell 1 of 2,Heme::Mature_B_Cell::Follicular::In_Situ_Follicular_B_Cell_Neoplasm,In Situ Follicular B Cell Neoplasm,In_Situ_Follicular_B_Cell_Neoplasm,6006.48,6146.37,1:40:06,1:42:26,139.89,"https://storage.googleapis.com/pathology-hub-0/source_videos/Heme_SH_Small_B_Cell_1_of_2.mp4#t=6006.48,6146.37",semantic_gated_v0_2,0.6226,"patients with in situ follicular neoplasia can have associated follicular lymphomas either at the same site or at distant site. So these patients do need to be evaluated. It is also important to distinguish in situ follicular neoplasia from partial involvement by follicular lymphoma, which has a much greater chance of progression to overt follicular lymphoma. Again, there is a table in our most recent blue book to he"
Heme_SH_Small_B_Cell_1_of_2,Heme SH Small B Cell 1 of 2,Heme::Mature_B_Cell::Large_B_Cell::Large_B_Cell_Lymphoma_With_IRF4_Rearrangement,Large B Cell Lymphoma With IRF4 Rearrangement,Large_B_Cell_Lymphoma_With_IRF4_Rearrangement,5469.42,5609.26,1:31:09,1:33:29,139.84,"https://storage.googleapis.com/pathology-hub-0/source_videos/Heme_SH_Small_B_Cell_1_of_2.mp4#t=5469.42,5609.26",semantic_gated_v0_2,0.715,"This diagnosis does require fish studies rather than just classical cytogenetics because the IRF4 rearrangement is typically cryptic. As already mentioned, this is a lymphoma that is most commonly found in children and, yes, young adults. It may have a very follicular but also follicular and diffuse or entirely diffuse growth pattern. BCL6 rearrangements are allowed but not VCL2 rearrangements. There are some otherwi"
Heme_SH_Small_B_Cell_1_of_2,Heme SH Small B Cell 1 of 2,Heme::Mature_B_Cell::Follicular::Pediatric_Type_Follicular_Lymphoma,Pediatric Type Follicular Lymphoma,Pediatric_Type_Follicular_Lymphoma,6284.71,6420.08,1:44:45,1:47:00,135.37,"https://storage.googleapis.com/pathology-hub-0/source_videos/Heme_SH_Small_B_Cell_1_of_2.mp4#t=6284.71,6420.08",semantic_gated_v0_2,0.6308,"and characterized by a chronic inflammation gene signature. A follicular lymphoma chapter or section also recognizes the distinctive nature of testicular follicular lymphomas, which is another variant, which is more frequent in children, although it can be seen in young adults. Like pediatric type follicular lymphomas, these cases lack BCL2 translocation, and they're usually grade 3A. but they do have a good prognosi"
Heme_SH_Small_B_Cell_1_of_2,Heme SH Small B Cell 1 of 2,Heme::Mature_B_Cell::Follicular::Primary_Cutaneous_Follicle_Center_Lymphoma,Primary Cutaneous Follicle Center Lymphoma,Primary_Cutaneous_Follicle_Center_Lymphoma,3286.4,3422.62,54:46,57:03,136.22,"https://storage.googleapis.com/pathology-hub-0/source_videos/Heme_SH_Small_B_Cell_1_of_2.mp4#t=3286.4,3422.62",semantic_gated_v0_2,0.5676,"And of course these days we would certainly do at least some kind of immunophonotipic studies. What you see here is largely architectural effacement by numerous homogeneous appearing relatively back-to-back follicles. We can look at higher magnification and at first it might be a little hard to see that actually we're looking at one of the nodules in this case. You can see it looks relatively homogeneous, but you can"
Heme_SH_Small_B_Cell_1_of_2,Heme SH Small B Cell 1 of 2,Heme::Mature_B_Cell::Follicular::Primary_Cutaneous_Follicle_Center_Lymphoma,Primary Cutaneous Follicle Center Lymphoma,Primary_Cutaneous_Follicle_Center_Lymphoma,3971.86,4107.86,1:06:12,1:08:28,136.0,"https://storage.googleapis.com/pathology-hub-0/source_videos/Heme_SH_Small_B_Cell_1_of_2.mp4#t=3971.86,4107.86",semantic_gated_v0_2,0.5888,"It can even be found in reactive limb nodes with follicular hyperplasia, particularly in young males, and with in situ follicular neoplasia, a subject will come back to. So remember, you cannot use the flow studies alone to say, oh, I must have a definite malignant lymphoma of follicular center cell origin. This is a phenotype that also can be found in certainly diffuse large B cell lymphomas and burkate lymphomas, a"
Heme_SH_Small_B_Cell_1_of_2,Heme SH Small B Cell 1 of 2,Heme::Mature_B_Cell::Large_B_Cell::Primary_Large_B_Cell_Lymphoma_Of_Immune_Privileged_Sites,Primary Large B Cell Lymphoma Of Immune Privileged Sites,Primary_Large_B_Cell_Lymphoma_Of_Immune_Privileged_Sites,152.08,285.9,2:32,4:46,133.82,"https://storage.googleapis.com/pathology-hub-0/source_videos/Heme_SH_Small_B_Cell_1_of_2.mp4#t=152.08,285.9",semantic_gated_v0_2,0.5744,"I think it's best to begin learning about the small B cell lymphomas by understanding something about B cell development. This is how we understood it back in the mid-1970s, back when I was in training. And I mean, to some extent, much of what you see here remains true today, especially for the B-cell development, where you have a pre-Germinal center type B-cell, a naive B-cell. You have B-cells that can enter the ge"
Heme_SH_Small_B_Cell_1_of_2,Heme SH Small B Cell 1 of 2,Heme::Mature_B_Cell::Large_B_Cell::Primary_Large_B_Cell_Lymphoma_Of_Immune_Privileged_Sites,Primary Large B Cell Lymphoma Of Immune Privileged Sites,Primary_Large_B_Cell_Lymphoma_Of_Immune_Privileged_Sites,426.24,563.04,7:06,9:23,136.8,"https://storage.googleapis.com/pathology-hub-0/source_videos/Heme_SH_Small_B_Cell_1_of_2.mp4#t=426.24,563.04",semantic_gated_v0_2,0.6064,"You've got small B cells that can then enter the germinal centers, where you get central blast, the transform cells. You see mitoses because these cells. cells proliferate. You see follicular dendritic cells. You see tingeable body macrophages because the cells which aren't selected die. And then you see all the centricites, mostly in the pale zone. And you can see transformed cells also in the pale zone, possibly so"
Heme_SH_Small_B_Cell_1_of_2,Heme SH Small B Cell 1 of 2,Heme::Mature_B_Cell::Large_B_Cell::Primary_Large_B_Cell_Lymphoma_Of_Immune_Privileged_Sites,Primary Large B Cell Lymphoma Of Immune Privileged Sites,Primary_Large_B_Cell_Lymphoma_Of_Immune_Privileged_Sites,1104.29,1237.11,18:24,20:37,132.82,"https://storage.googleapis.com/pathology-hub-0/source_videos/Heme_SH_Small_B_Cell_1_of_2.mp4#t=1104.29,1237.11",semantic_gated_v0_2,0.5944,"single central, prominent nucleolous. Why call it paraimmunoblast? Basically because in CLL cases, most of these are usually a bit smaller than the typical B-type immunoblasts that we see in other circumstances. In some cases, rather than being totally diffuse and totally destroying the architecture, there is actually sinus preservation and the CLL small lymphocytic lymphoma grows around and between residual germinal"
Heme_SH_Small_B_Cell_2_of_2,Heme SH Small B Cell 2 of 2,Heme::Mature_B_Cell::Large_B_Cell::ALK_Positive_Large_B_Cell_Lymphoma,ALK Positive Large B Cell Lymphoma,ALK_Positive_Large_B_Cell_Lymphoma,4912.75,5051.72,1:21:53,1:24:12,138.97,"https://storage.googleapis.com/pathology-hub-0/source_videos/Heme_SH_Small_B_Cell_2_of_2.mp4#t=4912.75,5051.72",semantic_gated_v0_2,0.5947,"whoops, did I make a mistake here? But then you do a BCL6 stain and you see it's positive. it makes you feel better. You're looking at a reactive germinal center, or at least a germinal center area, and these posey tend to be, then negative for BCL2. And these are the areas actually in malt lymphomas, where you would tend to see more key 67 proliferating cells, and you shouldn't get worried about them. Another stain "
Heme_SH_Small_B_Cell_2_of_2,Heme SH Small B Cell 2 of 2,Heme::Mature_B_Cell::Marginal_Zone::Extranodal_Marginal_Zone_Lymphoma_Of_MALT,Extranodal Marginal Zone Lymphoma Of MALT,Extranodal_Marginal_Zone_Lymphoma_Of_MALT,3392.28,3527.53,56:32,58:48,135.25,"https://storage.googleapis.com/pathology-hub-0/source_videos/Heme_SH_Small_B_Cell_2_of_2.mp4#t=3392.28,3527.53",semantic_gated_v0_2,0.6846,"MyD88 L265P mutational studies can be useful, but again they don't completely exclude the possibility of a nodal marginal zone lymphoma. And then finally, before you've started doing immunostains, some T-cell neoplasms could look a lot like a nodal marginal zone lymphoma. And then we've also seen this once before, but here we need to specifically recognize Recognize this observation, namely expansion of CD279 or PD1 "
Heme_SH_Small_B_Cell_2_of_2,Heme SH Small B Cell 2 of 2,Heme::Mature_B_Cell::Marginal_Zone::Extranodal_Marginal_Zone_Lymphoma_Of_MALT,Extranodal Marginal Zone Lymphoma Of MALT,Extranodal_Marginal_Zone_Lymphoma_Of_MALT,3527.53,3667.38,58:48,1:01:07,139.85,"https://storage.googleapis.com/pathology-hub-0/source_videos/Heme_SH_Small_B_Cell_2_of_2.mp4#t=3527.53,3667.38",semantic_gated_v0_2,0.608,"malt lymphomas arise at sites without normal organized lymphoid tissue and are associated with antigenic stimulation and or autoimmune disorders. So we say they arise at sites of so-called acquired malt. The explanations for the acquired malt vary. Infection is important, like H. Pylori self-antigantigants may be another explanation, and in many cases we're just not very certain. Helicobacter pylori is associated wit"
Heme_SH_Small_B_Cell_2_of_2,Heme SH Small B Cell 2 of 2,Heme::Mature_B_Cell::Marginal_Zone::Extranodal_Marginal_Zone_Lymphoma_Of_MALT,Extranodal Marginal Zone Lymphoma Of MALT,Extranodal_Marginal_Zone_Lymphoma_Of_MALT,3671.0,3809.54,1:01:11,1:03:30,138.54,"https://storage.googleapis.com/pathology-hub-0/source_videos/Heme_SH_Small_B_Cell_2_of_2.mp4#t=3671,3809.54",semantic_gated_v0_2,0.564,"I think everyone's probably very familiar with the fact that malt lymphomas are most commonly found in the stomach, About 38% of all malt lymphomas do involve the stomach, and many of those only in the stomach. Here showing you some frequencies of non-gastric malt lymphomas, which the important sites being the salivary gland, the skin, the ocular adnexa, and the lung. And we could discuss each of those separately, bu"
Heme_SH_Small_B_Cell_2_of_2,Heme SH Small B Cell 2 of 2,Heme::Mature_B_Cell::Marginal_Zone::Extranodal_Marginal_Zone_Lymphoma_Of_MALT,Extranodal Marginal Zone Lymphoma Of MALT,Extranodal_Marginal_Zone_Lymphoma_Of_MALT,4082.1,4218.06,1:08:02,1:10:18,135.96,"https://storage.googleapis.com/pathology-hub-0/source_videos/Heme_SH_Small_B_Cell_2_of_2.mp4#t=4082.1,4218.06",semantic_gated_v0_2,0.6412,"Anyway, when you see this appearance, I mean, one of the first things that you notice, of course, is that it looks like there's a mass lesion here. And that is one of the features, even if you have small biopsies, that can help lead you in the right direction. The other thing that you notice here is that there is a vague nodularity because one of the important features that you see in malt lymphomas is the frequent f"
Heme_SH_Small_B_Cell_2_of_2,Heme SH Small B Cell 2 of 2,Heme::Mature_B_Cell::Splenic::Hairy_Cell_Leukemia,Hairy Cell Leukemia,Hairy_Cell_Leukemia,6018.73,6088.45,1:40:19,1:41:28,69.72,"https://storage.googleapis.com/pathology-hub-0/source_videos/Heme_SH_Small_B_Cell_2_of_2.mp4#t=6018.73,6088.45",semantic_gated_v0_2,0.6596,"of cases of hairy cell leukemia, it is negative in hairy cell leukemia variant. Here in the illustration of a peripheral blood, you can see involvement by these nucleulated cells that do have hairy progressions, and this is an example of hairy cell leukemia variant. There is a high prevalence of Map 2K1 mutations in the hairy cell leukemia variant cases and in in hairy cell leukemias that use the IGHV-4-334 region. A"
Heme_SH_Small_B_Cell_2_of_2,Heme SH Small B Cell 2 of 2,Heme::Mature_B_Cell::Marginal_Zone::Pediatric_Nodal_Marginal_Zone_Lymphoma,Pediatric Nodal Marginal Zone Lymphoma,Pediatric_Nodal_Marginal_Zone_Lymphoma,2566.73,2706.65,42:47,45:07,139.92,"https://storage.googleapis.com/pathology-hub-0/source_videos/Heme_SH_Small_B_Cell_2_of_2.mp4#t=2566.73,2706.65",semantic_gated_v0_2,0.6706,"cases, again suggesting that people are not all diagnosing this in a uniform fashion. Pediatric cases are separately designated because they are more often localized, and they have an excellent prognosis. Others have also made the quite obvious observation that not everyone appears to be using the same criteria for the diagnosis of a nodal marginal marginal zone lymphoma. In a 2013 review, they concluded by saying to"
Heme_SH_Small_B_Cell_2_of_2,Heme SH Small B Cell 2 of 2,Heme::Mature_B_Cell::Marginal_Zone::Pediatric_Nodal_Marginal_Zone_Lymphoma,Pediatric Nodal Marginal Zone Lymphoma,Pediatric_Nodal_Marginal_Zone_Lymphoma,3119.72,3256.02,52:00,54:16,136.3,"https://storage.googleapis.com/pathology-hub-0/source_videos/Heme_SH_Small_B_Cell_2_of_2.mp4#t=3119.72,3256.02",semantic_gated_v0_2,0.6328,"perhaps being one of their features. We do need time to digest all of this information, though, and the data has not always been consistent between different studies, as illustrated here. But nevertheless, you can see that there may be some mutations that are much more common in nodal marginal zone lymphomas than in other marginal zone lymphomas or lymphoclasmacytic lymphoma, which might also be in the differential d"
Heme_SH_Small_B_Cell_2_of_2,Heme SH Small B Cell 2 of 2,Heme::Mature_B_Cell::Large_B_Cell::Plasmablastic_Lymphoma,Plasmablastic Lymphoma,Plasmablastic_Lymphoma,1211.59,1346.67,20:12,22:27,135.08,"https://storage.googleapis.com/pathology-hub-0/source_videos/Heme_SH_Small_B_Cell_2_of_2.mp4#t=1211.59,1346.67",semantic_gated_v0_2,0.582,"and well with persistent disease. She did develop tonsular involvement, which is now somewhat more extensive. But this is 28 years later. So, I mean, this is not a description of an aggressive lymphoma. You can also see how she was basically spared aggressive chemotherapies because a conservative diagnosis was made decades ago. The immunostain illustrated here is a cyclone d1 stain done many years after that lymph no"
Heme_SH_Small_B_Cell_2_of_2,Heme SH Small B Cell 2 of 2,Heme::Mature_B_Cell::Splenic::Splenic_Marginal_Zone_Lymphoma,Splenic Marginal Zone Lymphoma,Splenic_Marginal_Zone_Lymphoma,5323.65,5463.29,1:28:44,1:31:03,139.64,"https://storage.googleapis.com/pathology-hub-0/source_videos/Heme_SH_Small_B_Cell_2_of_2.mp4#t=5323.65,5463.29",semantic_gated_v0_2,0.6536,"It's a difficult organ to deal with, and we don't see splenectomy specimens like we used to so much in the past. This is an example of a splenic marginal zone lymphoma. That's what we want to talk about largely. You can see the multiple little white-pulpulchinoma. little white pulp nodules. So this appearance, for example, would suggest that you're not dealing with hairy cell leukemia, where you would exceed a diffus"
Heme_SH_Small_B_Cell_2_of_2,Heme SH Small B Cell 2 of 2,Heme::Mature_B_Cell::Splenic::Splenic_Marginal_Zone_Lymphoma,Splenic Marginal Zone Lymphoma,Splenic_Marginal_Zone_Lymphoma,5463.31,5601.54,1:31:03,1:33:22,138.23,"https://storage.googleapis.com/pathology-hub-0/source_videos/Heme_SH_Small_B_Cell_2_of_2.mp4#t=5463.31,5601.54",semantic_gated_v0_2,0.67,"non-Hodgkin lymphoma. You can see that many of these were splenic marginal zone lymphomas, but certainly not all. And the highest rate of lymphoma response, as you see, was observed in the patients with different kinds of marginal zone lymphomas. This is what these cases look like histologically. This would be a classic splenic marginal zone lymphoma, where you've got increased and enlarged white pulp nodules. with d"
Heme_SH_Spleen,Heme SH Spleen,Heme::Stroma_Derived::Splenic_Vascular::Littoral_Cell_Angioma,Littoral Cell Angioma,Littoral_Cell_Angioma,2058.41,2191.42,34:18,36:31,133.01,"https://storage.googleapis.com/pathology-hub-0/source_videos/Heme_SH_Spleen.mp4#t=2058.41,2191.42",semantic_gated_v0_2,0.6853,"types and can have a very scale. appearance radiologically and sometimes under the microscope and we'll get to see an example of that. There's also splenic hammertoma which is like a little tiny spleen within a spleen and it contains normal looking splenic vessels of all types including normal appearing littoral cells that stain with CD 31, CD-68 and CD8, unlike those in littoral cell angioma. Lymphangiomas can occur"
Heme_SH_Spleen,Heme SH Spleen,Heme::Mature_B_Cell::Splenic::Splenic_B_Cell_Lymphoma_Leukemia_With_Prominent_Nucleoli,Splenic B Cell Lymphoma Leukemia With Prominent Nucleoli,Splenic_B_Cell_Lymphoma_Leukemia_With_Prominent_Nucleoli,3817.06,3953.97,1:03:37,1:05:54,136.91,"https://storage.googleapis.com/pathology-hub-0/source_videos/Heme_SH_Spleen.mp4#t=3817.06,3953.97",semantic_gated_v0_2,0.6318,"with moderate amounts of cytoplasm and immature-looking chromatin. This was better seen on touch preparations, and we also requested the peripheral blood smears for review, and those showed the same findings, and indeed it was actually much easier to see that. transformation in the peripheral blood. So don't forget, you're not limited to what's in front of you. As a pathologist, you're a doctor. You can request a per"
Heme_SH_Spleen,Heme SH Spleen,Heme::Non_Neoplastic::Spleen::Splenic_Cyst,Splenic Cyst,Splenic_Cyst,827.81,961.58,13:48,16:02,133.77,"https://storage.googleapis.com/pathology-hub-0/source_videos/Heme_SH_Spleen.mp4#t=827.81,961.58",semantic_gated_v0_2,0.649,"30% of those cases, there's some sort of neoplasm or malignancy, either hematologic or vascular. In another quarter of cases, there's an infectious etiology, most commonly either EBB or malaria. Another fifth or so of cases, are inflammatory with adjacent pancreatitis or vasculitis. A small percent, about a tenth, are drug or treatment related, such as Coumadin or GCSF. Mechanical causes are blamed in a small proport"
Heme_SH_Spleen,Heme SH Spleen,Heme::Non_Neoplastic::Spleen::Splenic_Cyst,Splenic Cyst,Splenic_Cyst,1644.16,1784.14,27:24,29:44,139.98,"https://storage.googleapis.com/pathology-hub-0/source_videos/Heme_SH_Spleen.mp4#t=1644.16,1784.14",semantic_gated_v0_2,0.6014,"Another example is from a splenectomy from a patient with hereditary sphero cytosis. There is massive red pulp expansion, and you can actually probably see that the red cells look very saturated and quite round, and there's no central pallor. So these are spherical red blood cells caught in the splenic red pulp, not in the sinuses. The sinuses themselves are actually fairly closed, and the red pulp is full of these s"
Heme_SH_Spleen,Heme SH Spleen,Heme::Mature_B_Cell::Splenic::Splenic_Diffuse_Red_Pulp_Small_B_Cell_Lymphoma,Splenic Diffuse Red Pulp Small B Cell Lymphoma,Splenic_Diffuse_Red_Pulp_Small_B_Cell_Lymphoma,283.86,423.4,4:44,7:03,139.54,"https://storage.googleapis.com/pathology-hub-0/source_videos/Heme_SH_Spleen.mp4#t=283.86,423.4",semantic_gated_v0_2,0.5793,"Hello, my name. Moving on to the immune function of the spleen, which is actually organized along the splenic circulation. So the white pulp tracks along arterials and capillaries, and incoming lymphocytes and potential antigens, such as microorganisms, immune complexes, and so on, encounter first the peri-arterial the lymphoid sheath, which is T-cell-rich, and add mixed with macrophages and stromal cells. And then t"
Heme_SH_Spleen,Heme SH Spleen,Heme::Mature_B_Cell::Splenic::Splenic_Diffuse_Red_Pulp_Small_B_Cell_Lymphoma,Splenic Diffuse Red Pulp Small B Cell Lymphoma,Splenic_Diffuse_Red_Pulp_Small_B_Cell_Lymphoma,961.58,1093.64,16:02,18:14,132.06,"https://storage.googleapis.com/pathology-hub-0/source_videos/Heme_SH_Spleen.mp4#t=961.58,1093.64",semantic_gated_v0_2,0.6222,"unremarkable. Another example of a primary splenic cyst, in this case there's less prominent fibrosis, and the lining is actually that of transitional epithelium. So be aware that this is a possibility and does not necessarily represent metastasis of a transitional cell carcinoma to the spleen. Other reactive abnormalities of red and white pulp are associated with consumption, primarily in the setting of autoimmune h"
Heme_SH_Spleen,Heme SH Spleen,Heme::Mature_B_Cell::Splenic::Splenic_Diffuse_Red_Pulp_Small_B_Cell_Lymphoma,Splenic Diffuse Red Pulp Small B Cell Lymphoma,Splenic_Diffuse_Red_Pulp_Small_B_Cell_Lymphoma,1097.38,1234.09,18:17,20:34,136.71,"https://storage.googleapis.com/pathology-hub-0/source_videos/Heme_SH_Spleen.mp4#t=1097.38,1234.09",semantic_gated_v0_2,0.6113,"In this higher power view of the splenic red pulp from a patient with autoimmune hemolytic anemia, we can see see erythroid colonies floating within the slightly ectatic sinuses lined by lateral cells, and within the splenic cords, numerous back-to-back red blood cells that are trapped. In this spleen removed for refractory immune thrombocytopinic purpura, we can see expansion of both the red and white pulp. In parti"
Heme_SH_Spleen,Heme SH Spleen,Heme::Mature_B_Cell::Splenic::Splenic_Diffuse_Red_Pulp_Small_B_Cell_Lymphoma,Splenic Diffuse Red Pulp Small B Cell Lymphoma,Splenic_Diffuse_Red_Pulp_Small_B_Cell_Lymphoma,1371.25,1506.06,22:51,25:06,134.81,"https://storage.googleapis.com/pathology-hub-0/source_videos/Heme_SH_Spleen.mp4#t=1371.25,1506.06",semantic_gated_v0_2,0.5836,"with Scott Aldridge syndrome that really correlates with the dysfunctional B-cell response in these patients. Likewise, there is a T-cell defect in Wisconsin-Aldridge syndrome, and that is visible around the bigger, thicker-walled arterials, where we should see a nice cuff of lymphoid cells. and there's an almost complete lack of a periaterial lary lymphoid sheath. In this patient, there's also an expansion of the re"
Heme_SH_Spleen,Heme SH Spleen,Heme::Mature_B_Cell::Splenic::Splenic_Diffuse_Red_Pulp_Small_B_Cell_Lymphoma,Splenic Diffuse Red Pulp Small B Cell Lymphoma,Splenic_Diffuse_Red_Pulp_Small_B_Cell_Lymphoma,1508.85,1638.55,25:09,27:19,129.7,"https://storage.googleapis.com/pathology-hub-0/source_videos/Heme_SH_Spleen.mp4#t=1508.85,1638.55",semantic_gated_v0_2,0.5707,"Moving on to one of the most famous causes of splenomegaly, which is infectious mononucleosis. You can see that there's a marked expansion of the red pulp and the red pulp looks relatively busy. It looks a little bit blue. And that is due to infiltration by lots of reactive T cells, which you can see in the CD3 immunostain down below, as well as increased plasma cells, which are seen on the CD 79A. And the EBV positi"
Heme_SH_Spleen,Heme SH Spleen,Heme::Mature_B_Cell::Splenic::Splenic_Diffuse_Red_Pulp_Small_B_Cell_Lymphoma,Splenic Diffuse Red Pulp Small B Cell Lymphoma,Splenic_Diffuse_Red_Pulp_Small_B_Cell_Lymphoma,2594.79,2729.89,43:15,45:30,135.1,"https://storage.googleapis.com/pathology-hub-0/source_videos/Heme_SH_Spleen.mp4#t=2594.79,2729.89",semantic_gated_v0_2,0.6724,"It's fairly uncommon these days to have a splenectomy as a primary diagnostic specimen for lymphoma, although it can still happen because occasionally lymphomas will present predominantly within the spleen or else they present symptomatically in the spleen and that spleen has to be removed. So of lymphomas that present in the spleen, more common ones are large cell lymphoma or classic hot chicken lymphoma, and these "
Heme_SH_Spleen,Heme SH Spleen,Heme::Mature_B_Cell::Splenic::Splenic_Diffuse_Red_Pulp_Small_B_Cell_Lymphoma,Splenic Diffuse Red Pulp Small B Cell Lymphoma,Splenic_Diffuse_Red_Pulp_Small_B_Cell_Lymphoma,2866.63,2998.52,47:47,49:59,131.89,"https://storage.googleapis.com/pathology-hub-0/source_videos/Heme_SH_Spleen.mp4#t=2866.63,2998.52",semantic_gated_v0_2,0.6558,"and the white pulp, which is visible as those small paler pink nodules. Indeed, on higher power, we can see scattered white pulp nodules, and these actually replace the normal peri arterial lymphoid sheaths, which should be populated by T cells. And there's also an increased cellularity within the red pulp, and on higher power, we can see that this is composed of small round lymphocytes consistent with CLL. Our short"
Heme_SH_Spleen,Heme SH Spleen,Heme::Mature_B_Cell::Splenic::Splenic_Diffuse_Red_Pulp_Small_B_Cell_Lymphoma,Splenic Diffuse Red Pulp Small B Cell Lymphoma,Splenic_Diffuse_Red_Pulp_Small_B_Cell_Lymphoma,2998.52,3135.81,49:59,52:16,137.29,"https://storage.googleapis.com/pathology-hub-0/source_videos/Heme_SH_Spleen.mp4#t=2998.52,3135.81",semantic_gated_v0_2,0.7099,"probably due to the presence of cytoplasm. The lymphoma population in the red pulp looks very similar to that in the white pulp. They tend to be quite round and have this clearing around them. Recall that at the very beginning of this lecture, I stress the importance of sampling, unusual necrotic or solid areas, particularly the edge of necrotic areas where you'll see what's viable and the intersection of that area w"
Heme_SH_Spleen,Heme SH Spleen,Heme::Mature_B_Cell::Splenic::Splenic_Diffuse_Red_Pulp_Small_B_Cell_Lymphoma,Splenic Diffuse Red Pulp Small B Cell Lymphoma,Splenic_Diffuse_Red_Pulp_Small_B_Cell_Lymphoma,3135.83,3274.9,52:16,54:35,139.07,"https://storage.googleapis.com/pathology-hub-0/source_videos/Heme_SH_Spleen.mp4#t=3135.83,3274.9",semantic_gated_v0_2,0.7059,"carry this mutation. Both splenic marginalisone lymphoma and diffuse large B-cell lymphoma can have plasmodic differentiation on occasion. So this diagnosis needs to be made very carefully and incorporating the histology, the clinical presentation, the molecular characteristics, parapotanemia, etc. But wait, there's more. Remember our shorthand of entities that tend to involve the peripheral blood and or the bone mar"
Heme_SH_Spleen,Heme SH Spleen,Heme::Mature_B_Cell::Splenic::Splenic_Diffuse_Red_Pulp_Small_B_Cell_Lymphoma,Splenic Diffuse Red Pulp Small B Cell Lymphoma,Splenic_Diffuse_Red_Pulp_Small_B_Cell_Lymphoma,3274.9,3410.44,54:35,56:50,135.54,"https://storage.googleapis.com/pathology-hub-0/source_videos/Heme_SH_Spleen.mp4#t=3274.9,3410.44",semantic_gated_v0_2,0.7292,"some degree of cytoplasm and clearing around the nuclei, but notice the more prominent nuclei, which may be even better appreciated in a peripheral blood smear. These are going to be BRAF v600E negative by immunohistochemistry and molecular testing, as well as an axon negative, unlike airy cell leukemia in most cases. Another rare, um, another rare entity that predominantly involves the red pulp of the spleen is sple"
Heme_SH_Spleen,Heme SH Spleen,Heme::Mature_B_Cell::Splenic::Splenic_Diffuse_Red_Pulp_Small_B_Cell_Lymphoma,Splenic Diffuse Red Pulp Small B Cell Lymphoma,Splenic_Diffuse_Red_Pulp_Small_B_Cell_Lymphoma,3953.97,4067.64,1:05:54,1:07:48,113.67,"https://storage.googleapis.com/pathology-hub-0/source_videos/Heme_SH_Spleen.mp4#t=3953.97,4067.64",semantic_gated_v0_2,0.5995,but involvement can also be quite subtle and sinusoidal in distribution. Here's an example of a group. that this is a 49-year-old woman who actually presented with cytoppenias in splenomegaly and underwent a splenectomy the red pulp appeared diffusely expanded with extramedulmonary hematopoises and focaly the sinuses were filled with this histocyte-like infiltrate and it really looks so innocent doesn't it but unfort
YT_Skin_B_Cell_Lymphoma_Cassarino,YT Skin B Cell Lymphoma Cassarino,Skin::Neoplastic::Hematolymphoid::Aggressive_Epidermotropic_CD8_Positive_T_Cell_Lymphoma,Aggressive Epidermotropic CD8 Positive T Cell Lymphoma,Aggressive_Epidermotropic_CD8_Positive_T_Cell_Lymphoma,3315.32,3433.96,55:15,57:14,118.64,"https://storage.googleapis.com/pathology-hub-0/source_videos/YT_Skin_B_Cell_Lymphoma_Cassarino.mp4#t=3315.32,3433.96",semantic_gated_v0_2,0.5678,most you know mature plasma cell the effasants like I talked about earlier plasma cytomas usually are negative for 45 and 20 these could be positive for 45 but usually negative for 20 tax five cd10 of course positive cd38 138 and ebb and cytohybarization so again a lot of them are positive for ebb but plasma cytoid markers among one are usually positive cd29 a can be positive and a few surge b cell lymphoma of well f
YT_Skin_B_Cell_Lymphoma_Cassarino,YT Skin B Cell Lymphoma Cassarino,Skin::Neoplastic::Hematolymphoid::Diffuse_Large_B_Cell_Lymphoma_Leg_Type,Diffuse Large B Cell Lymphoma Leg Type,Diffuse_Large_B_Cell_Lymphoma_Leg_Type,2554.76,2645.56,42:35,44:06,90.8,"https://storage.googleapis.com/pathology-hub-0/source_videos/YT_Skin_B_Cell_Lymphoma_Cassarino.mp4#t=2554.76,2645.56",semantic_gated_v0_2,0.62,center but more common than any of the other or aggressive bcell lymphomas that can involve the skin so these usually but not always a current women on the lower leg so of course they can occur at other sites and in males and actually I was kind of hoping that the WHO would drop the leg type because it you know just feels kind of dumb saying diffuse large bcell lymphoma leg type when it's on the nose or the chest you
YT_Skin_B_Cell_Lymphoma_Cassarino,YT Skin B Cell Lymphoma Cassarino,Skin::Neoplastic::Hematolymphoid::Diffuse_Large_B_Cell_Lymphoma_Leg_Type,Diffuse Large B Cell Lymphoma Leg Type,Diffuse_Large_B_Cell_Lymphoma_Leg_Type,3105.24,3213.0,51:45,53:33,107.76,"https://storage.googleapis.com/pathology-hub-0/source_videos/YT_Skin_B_Cell_Lymphoma_Cassarino.mp4#t=3105.24,3213",semantic_gated_v0_2,0.5745,versus a leg type can be very difficult to tell so really the you know clinical history of systemic disease is key for the diagnosis because you know these can look and stay in pretty much identical to the fusor to b-cell lymphoma leg type you know if they only have tumors on the lower legs or they started with tumors on the lower legs and then progress to you know say lymph node or other organ involvement that would
YT_Skin_B_Cell_Lymphoma_Cassarino,YT Skin B Cell Lymphoma Cassarino,Skin::Neoplastic::Hematolymphoid::Follicle_Center_Cell_Lymphoma,Follicle Center Cell Lymphoma,Follicle_Center_Cell_Lymphoma,1002.84,1075.24,16:43,17:55,72.4,"https://storage.googleapis.com/pathology-hub-0/source_videos/YT_Skin_B_Cell_Lymphoma_Cassarino.mp4#t=1002.84,1075.24",semantic_gated_v0_2,0.566,which is probably not surprising so here's us another example by immunistic chemistry follicle center lymphoma you see these nice large nodular areas which you know could look like reactive follicles but then you see all these diffusely infiltrative areas which are CD20 and bcell six positives so not just reactive germinal center standing with bcell six but diffusely infiltrative cells throughout the dermis so that's
YT_Skin_B_Cell_Lymphoma_Cassarino,YT Skin B Cell Lymphoma Cassarino,Skin::Neoplastic::Hematolymphoid::Primary_Cutaneous_CD4_Positive_Small_Medium_T_Cell_Lymphoproliferative_Disorder,Primary Cutaneous CD4 Positive Small Medium T Cell Lymphoproliferative Disorder,Primary_Cutaneous_CD4_Positive_Small_Medium_T_Cell_Lymphoproliferative_Disorder,2301.96,2425.0,38:22,40:25,123.04,"https://storage.googleapis.com/pathology-hub-0/source_videos/YT_Skin_B_Cell_Lymphoma_Cassarino.mp4#t=2301.96,2425",semantic_gated_v0_2,0.5778,take CLL SL the most common that we see in the skin and remember those are 523 and 43 positive of course 5 can be positive and other things like mantle cell 23 can be positive and I think a subset of marginal zone lymphomas even some follicular lymphomas rarely can be CD 23 positive so none of these markers are entirely specific but you know if they have a history of CLL and it's 523 and 43 positive it's probably CLL
YT_Skin_B_Cell_Lymphoma_Cassarino,YT Skin B Cell Lymphoma Cassarino,Skin::Neoplastic::Hematolymphoid::Primary_Cutaneous_Follicle_Center_Lymphoma,Primary Cutaneous Follicle Center Lymphoma,Primary_Cutaneous_Follicle_Center_Lymphoma,535.24,671.24,8:55,11:11,136.0,"https://storage.googleapis.com/pathology-hub-0/source_videos/YT_Skin_B_Cell_Lymphoma_Cassarino.mp4#t=535.24,671.24",semantic_gated_v0_2,0.6118,the second half of this talk so the primary ketenias follicle center lymphoma these are low grade follicle center derived germinal center derived B cell lymphoma so they're mature B cell lymphomas notice the difference in terminology versus systemic follicular lymphoma so if you say the words follicular lymphoma you're basically saying it's a systemic lymphoma if you say follicle center lymphoma kind of a subtle dist
YT_Skin_B_Cell_Lymphoma_Cassarino,YT Skin B Cell Lymphoma Cassarino,Skin::Neoplastic::Hematolymphoid::Primary_Cutaneous_Marginal_Zone_Lymphoma,Primary Cutaneous Marginal Zone Lymphoma,Primary_Cutaneous_Marginal_Zone_Lymphoma,226.36,298.84,3:46,4:59,72.48,"https://storage.googleapis.com/pathology-hub-0/source_videos/YT_Skin_B_Cell_Lymphoma_Cassarino.mp4#t=226.36,298.84",semantic_gated_v0_2,0.5627,today again we're going to be talking about B cell lymphomas to really just this bottom quarter or so the table here and really the only main difference you'll notice here is between primary ketones marginal zone lymphoma in the WHO and ICC actually calls it primary ketones marginal zone lympho proliferative disorder LPD and it is a subtle but you know perhaps important distinction because actually marginal zone lymp
YT_Skin_B_Cell_Lymphoma_Cassarino,YT Skin B Cell Lymphoma Cassarino,Skin::Neoplastic::Hematolymphoid::Primary_Cutaneous_Marginal_Zone_Lymphoma,Primary Cutaneous Marginal Zone Lymphoma,Primary_Cutaneous_Marginal_Zone_Lymphoma,1192.44,1301.0,19:52,21:41,108.56,"https://storage.googleapis.com/pathology-hub-0/source_videos/YT_Skin_B_Cell_Lymphoma_Cassarino.mp4#t=1192.44,1301",semantic_gated_v0_2,0.6397,lymphoma one of the main things in the differential of course if you're pretty much at low grade bcl1 phoma the main thing is follicle center lymphoma versus marginal zone lymphoma and this is the most you know second most common primary continuous bcl1 phoma after follicle center lymphoma again the wh over first of them is marginal zone lymphoma or mcl whereas icc refers them to them is marginal zone lympho prolifer
YT_Skin_B_Cell_Lymphoma_Cassarino,YT Skin B Cell Lymphoma Cassarino,Skin::Neoplastic::Hematolymphoid::Primary_Cutaneous_Marginal_Zone_Lymphoma,Primary Cutaneous Marginal Zone Lymphoma,Primary_Cutaneous_Marginal_Zone_Lymphoma,1301.0,1412.84,21:41,23:33,111.84,"https://storage.googleapis.com/pathology-hub-0/source_videos/YT_Skin_B_Cell_Lymphoma_Cassarino.mp4#t=1301,1412.84",semantic_gated_v0_2,0.5676,"associated with you know multiple potential underlying causes of things like fupus, chronic inflammatory diseases have been shown to you know least in a you know rare subset of cases progressive margill zone lymphomas or lymphoprylifer disorders infections especially birelia but that's really only in Europe there's really no proven association in the United States as far as I'm aware between birelia and margill zone "
YT_Skin_B_Cell_Lymphoma_Cassarino,YT Skin B Cell Lymphoma Cassarino,Skin::Neoplastic::Hematolymphoid::Primary_Cutaneous_Marginal_Zone_Lymphoma,Primary Cutaneous Marginal Zone Lymphoma,Primary_Cutaneous_Marginal_Zone_Lymphoma,1412.84,1549.0,23:33,25:49,136.16,"https://storage.googleapis.com/pathology-hub-0/source_videos/YT_Skin_B_Cell_Lymphoma_Cassarino.mp4#t=1412.84,1549",semantic_gated_v0_2,0.6,of the reactive follicles and the reactive background cells so you do have a lot of reactive cell types in margill zone lymphoma so unlike follicle center lymphoma where you would have malignant follicles the follicles are actually you know pretty small well-defined like reactive follicles which I showed you in reactive you know lymphoid hyperplasia so you can have reactive follicles which can be kind of deceptive be
YT_Skin_B_Cell_Lymphoma_Cassarino,YT Skin B Cell Lymphoma Cassarino,Skin::Neoplastic::Hematolymphoid::Primary_Cutaneous_Marginal_Zone_Lymphoma,Primary Cutaneous Marginal Zone Lymphoma,Primary_Cutaneous_Marginal_Zone_Lymphoma,1549.0,1635.8,25:49,27:16,86.8,"https://storage.googleapis.com/pathology-hub-0/source_videos/YT_Skin_B_Cell_Lymphoma_Cassarino.mp4#t=1549,1635.8",semantic_gated_v0_2,0.5711,b cells and of course I'm showing you like classic textbook examples a lot of times in real life they're not really this obviously pale-declear they're just kind of small b cells and to many of them plasma cells are often prominent so both true plasma cells and plasma cytoid b cells are very common in margill zone lymphoma and here's just an example showing you the dutcher bodies in the plasma cytoid cells so interne
YT_Skin_B_Cell_Lymphoma_Cassarino,YT Skin B Cell Lymphoma Cassarino,Skin::Neoplastic::Hematolymphoid::Primary_Cutaneous_Marginal_Zone_Lymphoma,Primary Cutaneous Marginal Zone Lymphoma,Primary_Cutaneous_Marginal_Zone_Lymphoma,1635.8,1791.32,27:16,29:51,155.52,"https://storage.googleapis.com/pathology-hub-0/source_videos/YT_Skin_B_Cell_Lymphoma_Cassarino.mp4#t=1635.8,1791.32",semantic_gated_v0_2,0.5549,there's not really a great specific marker for margill zone lymphoma in the skin though bCl2 is pretty specific so for systemic small b cell lymphoma is bCl2's positive they're almost almost everything so not too helpful in most systemic like systemic molecular lymphoma CLL probably the mantle cell lymphomas can be bCl2 positive but in the skin remember the follicle center lymphomas are usually bCl2 negative so if yo
YT_Skin_B_Cell_Lymphoma_Cassarino,YT Skin B Cell Lymphoma Cassarino,Skin::Neoplastic::Hematolymphoid::Primary_Cutaneous_Marginal_Zone_Lymphoma,Primary Cutaneous Marginal Zone Lymphoma,Primary_Cutaneous_Marginal_Zone_Lymphoma,1791.32,1921.56,29:51,32:02,130.24,"https://storage.googleapis.com/pathology-hub-0/source_videos/YT_Skin_B_Cell_Lymphoma_Cassarino.mp4#t=1791.32,1921.56",semantic_gated_v0_2,0.5672,lymphomas again usually at bCl predominance but sometimes you can see more t cells and b cells and those can be tricky right if you have more than 50 percent cD3 positive t cells that can make it a little more difficult so then you know you have to look closely at the bCl2 cD43 capa lambda so you can have predominance of t cells but if it's clonal capa lambda or the bCl2 is staining the b cells in addition to t cells
YT_Skin_B_Cell_Lymphoma_Cassarino,YT Skin B Cell Lymphoma Cassarino,Skin::Neoplastic::Hematolymphoid::Reactive_B_Cell_Rich_Lymphoid_Proliferation,Reactive B Cell Rich Lymphoid Proliferation,Reactive_B_Cell_Rich_Lymphoid_Proliferation,3811.56,3936.36,1:03:32,1:05:36,124.8,"https://storage.googleapis.com/pathology-hub-0/source_videos/YT_Skin_B_Cell_Lymphoma_Cassarino.mp4#t=3811.56,3936.36",semantic_gated_v0_2,0.6094,very comprehensive overview you're on cutaneous B cell lymphomas there are a few questions that I saw which I have actually posted on a chat box can you see them yeah hello from Thailand I encounter one case of scaldinoncho with germal nodular infiltration by small B cell lymphomas with a few terminal centers in this case results in just reactive B cell rich lymphoproliferation no caprolamda the incomplete gene rearr
YT_Skin_Blistering_Fung,YT Skin Blistering Fung,Skin::Inflammatory::Blistering::Drug_Induced_Bullous_Pemphigoid,Drug Induced Bullous Pemphigoid,Drug_Induced_Bullous_Pemphigoid,1096.64,1231.68,18:17,20:32,135.04,"https://storage.googleapis.com/pathology-hub-0/source_videos/YT_Skin_Blistering_Fung.mp4#t=1096.64,1231.68",semantic_gated_v0_2,0.5794,"In Pemphigus, the characteristic histopathologic features may not be present at all. Rather, one might only see non-specific changes with more subtle and non-specific clues, such as the presence of neutrophilic spongiosis, as well as eosinophilic spongiosis or simply sparse eosinophils near the junction. While these findings are most characteristically associated with early bullous pemphigoid, as shown here, they can"
YT_Skin_Blistering_Fung,YT Skin Blistering Fung,Skin::Inflammatory::Blistering::Epidermolysis_Bullosa_Acquisita,Epidermolysis Bullosa Acquisita,Epidermolysis_Bullosa_Acquisita,605.28,708.0,10:05,11:48,102.72,"https://storage.googleapis.com/pathology-hub-0/source_videos/YT_Skin_Blistering_Fung.mp4#t=605.28,708",semantic_gated_v0_2,0.6085,"In prominent or severe examples of interface dermatitis, one can see coalescing junctional vacuoles forming at the dermal-epidermal junction. At the earliest stages, clinical correlation is required to determine whether the clefts seen microscopically are reflected clinically. In many instances, what looks like a potential subepidermal blister under the microscope is actually not discernible at all to the clinician's"
YT_Skin_Blistering_Fung,YT Skin Blistering Fung,Skin::Inflammatory::Blistering::Epidermolysis_Bullosa_Acquisita,Epidermolysis Bullosa Acquisita,Epidermolysis_Bullosa_Acquisita,3343.44,3478.64,55:43,57:59,135.2,"https://storage.googleapis.com/pathology-hub-0/source_videos/YT_Skin_Blistering_Fung.mp4#t=3343.44,3478.64",semantic_gated_v0_2,0.678,"Epidermolysis Bullosa Acquisita (EBA) is a subepidermal immunobullous disorder that frequently enters the differential diagnosis with bullous pemphigoid. It is mediated by autoantibodies against type VII collagen and anchoring fibrils in the sub-lamina densa zone, and is thus associated with scarring and milia formation. Epidermal blister with sparse inflammation; cell-poor, although at higher magnification in this c"
YT_Skin_Blistering_Fung,YT Skin Blistering Fung,Skin::Inflammatory::Blistering::Friction_Blister,Friction Blister,Friction_Blister,0.0,110.4,0:00,1:50,110.4,"https://storage.googleapis.com/pathology-hub-0/source_videos/YT_Skin_Blistering_Fung.mp4#t=0,110.4",semantic_gated_v0_2,0.6531,"This is Dr. Max Fung from the University of California Davis in Sacramento, California. In this session, we will be focusing on blistering diseases with an emphasis on inflammatory blistering diseases. We will start by examining the key parameters for classifying blistering disorders, including the cleavage plane or anatomic site of the blister, as well as the histopathologic features that give us clues to the mechan"
YT_Skin_Blistering_Fung,YT Skin Blistering Fung,Skin::Inflammatory::Blistering::Grover_Disease_Transient_Acantholytic,Grover Disease Transient Acantholytic,Grover_Disease_Transient_Acantholytic,2067.68,2200.08,34:28,36:40,132.4,"https://storage.googleapis.com/pathology-hub-0/source_videos/YT_Skin_Blistering_Fung.mp4#t=2067.68,2200.08",semantic_gated_v0_2,0.7354,"Although I mentioned that in acantholytic dyskeratosis the acantholysis tends to be supra-basilar, in this example it appears to be mostly intra-spinous but still intraepidermal. Does anyone have a clinical diagnosis for this case? Here is one additional clinical image, as well as some histopathology. If you said either transient acantholytic dermatosis or Grover's disease, you would be right. There are a growing num"
YT_Skin_Blistering_Fung,YT Skin Blistering Fung,Skin::Congenital_Structural::Genodermatosis::Hailey_Hailey_Disease_Familial_Pemphigus,Hailey Hailey Disease Familial Pemphigus,Hailey_Hailey_Disease_Familial_Pemphigus,1819.92,1940.0,30:20,32:20,120.08,"https://storage.googleapis.com/pathology-hub-0/source_videos/YT_Skin_Blistering_Fung.mp4#t=1819.92,1940",semantic_gated_v0_2,0.6507,"There are two clinical-pathologic variants: a subcorneal pustular dermatosis or Sneddon-Wilkinson disease type associated with desmocollin 1, as well as a more heterogeneous intraepidermal neutrophilic type. This is really just a window into some of the very rare variants of pemphigus, so in addition to IgA pemphigus, there's also an IgA IgG overlap pemphigus. These are beyond the range of further discussion for this"
YT_Skin_Blistering_Fung,YT Skin Blistering Fung,Skin::Infectious::Viral::Herpes_Zoster_Varicella_VZV,Herpes Zoster Varicella VZV,Herpes_Zoster_Varicella_VZV,1326.88,1436.4,22:07,23:56,109.52,"https://storage.googleapis.com/pathology-hub-0/source_videos/YT_Skin_Blistering_Fung.mp4#t=1326.88,1436.4",semantic_gated_v0_2,0.6927,"HSV-1, HSV-2, or Varicella Zoster Virus (either Varicella or Herpes Zoster) all cause essentially identical histopathologic features, including intraepidermal vesicles secondary to intracellular edema, viral cytopathic changes, and often extensive necrosis. Sometimes, hair follicles exhibit the most prominent epithelial necrosis. The finding of confluent necrosis within the epithelium should prompt consideration of h"
YT_Skin_Blistering_Fung,YT Skin Blistering Fung,Skin::Inflammatory::Blistering::Linear_IgA_Bullous_Dermatosis,Linear IgA Bullous Dermatosis,Linear_IgA_Bullous_Dermatosis,3077.12,3209.44,51:17,53:29,132.32,"https://storage.googleapis.com/pathology-hub-0/source_videos/YT_Skin_Blistering_Fung.mp4#t=3077.12,3209.44",semantic_gated_v0_2,0.7505,"Linear IgA Bullous Dermatosis is a disorder associated with prominent neutrophils. Clinically, it can be quite distinctive with an annular arrangement of vesicular bullous lesions, so-called 'crown of jewels'. It is mediated in the classic lamina lucida variant by autoantibodies that target fragments or extracellular polypeptides of the minor bullous pemphigoid antigen (BP180/BPAG2). Vancomycin is a classic drug trig"
YT_Skin_Blistering_Fung,YT Skin Blistering Fung,Skin::Inflammatory::Blistering::Paraneoplastic_Pemphigus,Paraneoplastic Pemphigus,Paraneoplastic_Pemphigus,2201.84,2298.32,36:42,38:18,96.48,"https://storage.googleapis.com/pathology-hub-0/source_videos/YT_Skin_Blistering_Fung.mp4#t=2201.84,2298.32",semantic_gated_v0_2,0.6587,"This is an additional example of relatively subtle and focal changes of superbasilar acantholysis. Consistent with the pemphigus-like variant of Grover's disease. Paraneoplastic pemphigus is characterized by very prominent and often severe oral mucositis. Stomatitis is associated with multiple possible antigen targets. In general, proteins from the Plakin family are most characteristic of paraneoplastic pemphigus, bu"
YT_Skin_Blistering_Fung,YT Skin Blistering Fung,Skin::Inflammatory::Blistering::Paraneoplastic_Pemphigus,Paraneoplastic Pemphigus,Paraneoplastic_Pemphigus,2300.88,2434.0,38:21,40:34,133.12,"https://storage.googleapis.com/pathology-hub-0/source_videos/YT_Skin_Blistering_Fung.mp4#t=2300.88,2434",semantic_gated_v0_2,0.6067,"The combined acantholytic and interface changes characteristic of paraneoplastic pemphigus are reflected in the Direct Immunofluorescence (DIF) findings. These typically show both intercellular (the chicken wire pattern of pemphigus) and additional basement membrane zone deposition, usually for IgG or C3. However, there is a wide spectrum of changes observed clinically, histologically, and on immunofluorescence. A ne"
YT_Skin_Blistering_Fung,YT Skin Blistering Fung,Skin::Inflammatory::Blistering::Pemphigoid_Gestationis,Pemphigoid Gestationis,Pemphigoid_Gestationis,2812.0,2947.28,46:52,49:07,135.28,"https://storage.googleapis.com/pathology-hub-0/source_videos/YT_Skin_Blistering_Fung.mp4#t=2812,2947.28",semantic_gated_v0_2,0.6845,"For the H&E specimen, it is ideal to examine the very edge of the blister to best determine the cleavage plane, the location of the split, and possibly the mechanism of blister formation. In contrast, for direct immunofluorescence (DIF), a completely intact epidermis is desired, as a pre-existing split allows time for autoantibodies to degrade, potentially leading to a false negative DIF result. Therefore, obtaining "
YT_Skin_Blistering_Fung,YT Skin Blistering Fung,Skin::Inflammatory::Blistering::Pemphigus_Foliaceus,Pemphigus Foliaceus,Pemphigus_Foliaceus,966.4,1096.64,16:06,18:17,130.24,"https://storage.googleapis.com/pathology-hub-0/source_videos/YT_Skin_Blistering_Fung.mp4#t=966.4,1096.64",semantic_gated_v0_2,0.7189,"Pemphigus foliaceus is characterized by autoantibodies directed against Desmoglein 1, which is one of the cadherin family of transmembrane proteins and distributed in the greatest quantity in the superficial epithelium. Pemphigus foliaceus includes a number of clinical subtypes, including endemic pemphigus in certain pockets of Brazil and Colombia, as well as drug-induced and other clinical variants exhibiting overla"
YT_Skin_Blistering_Fung,YT Skin Blistering Fung,Skin::Inflammatory::Blistering::Pemphigus_Foliaceus,Pemphigus Foliaceus,Pemphigus_Foliaceus,1231.68,1326.88,20:32,22:07,95.2,"https://storage.googleapis.com/pathology-hub-0/source_videos/YT_Skin_Blistering_Fung.mp4#t=1231.68,1326.88",semantic_gated_v0_2,0.6152,"The staining pattern on DIF testing for Pemphigus Foliaceus is an intercellular or cell surface epidermal staining, typically with IgG and/or C3. This staining often localizes to the superficial epidermis, visibly sparing the basal layer. We can observe a zone of negativity immediately above the dermal-epidermal junction, followed by variable intercellular cell surface epidermal staining above the basal layer, often "
YT_Skin_Blistering_Fung,YT Skin Blistering Fung,Skin::Inflammatory::Blistering::Pemphigus_Vegetans,Pemphigus Vegetans,Pemphigus_Vegetans,1698.0,1819.76,28:18,30:20,121.76,"https://storage.googleapis.com/pathology-hub-0/source_videos/YT_Skin_Blistering_Fung.mp4#t=1698,1819.76",semantic_gated_v0_2,0.6926,"In Pemphigus, including Pemphigus foliaceus, but specifically with Pemphigus Vulgaris, the antibodies are centered in the basilar epidermis. In contrast to foliaceus where there happened to be a fortuitous relative sparing of the basilar layer, here it's pretty much all the way down to the basilar layer. Although the basilar layer or dermal-epidermal junction itself should test negative in Pemphigus Vulgaris, Direct "
YT_Skin_Blistering_Fung,YT Skin Blistering Fung,Skin::Inflammatory::Blistering::Pemphigus_Vulgaris,Pemphigus Vulgaris,Pemphigus_Vulgaris,1436.4,1570.88,23:56,26:11,134.48,"https://storage.googleapis.com/pathology-hub-0/source_videos/YT_Skin_Blistering_Fung.mp4#t=1436.4,1570.88",semantic_gated_v0_2,0.6705,"Many of the affected keratinocytes have a steel gray nucleus, and some are multinucleated with nuclei pressed together, known as nuclear molding. These keratinocytes also exhibit margination of chromatin, where the nuclear membrane appears relatively thick due to vasophilic chromatin lining along it. Beyond the distinctive viral cytopathic changes in the nuclei, the affected cells, having swollen and burst, produce a"
YT_Skin_Blistering_Fung,YT Skin Blistering Fung,Skin::Inflammatory::Blistering::Subcorneal_Pustular_Dermatosis_Sneddon_Wilkinson,Subcorneal Pustular Dermatosis Sneddon Wilkinson,Subcorneal_Pustular_Dermatosis_Sneddon_Wilkinson,841.04,962.88,14:01,16:03,121.84,"https://storage.googleapis.com/pathology-hub-0/source_videos/YT_Skin_Blistering_Fung.mp4#t=841.04,962.88",semantic_gated_v0_2,0.7465,"Subcorneal Pustular Dermatosis, also known as Sneddon-Wilkinson disease, is characterized by predominantly subcorneal pustules that appear to sit on top of the epidermis. The infiltrate is usually sparse and is not associated with hair follicles. At higher magnification, we can appreciate sparse neutrophils within. An edematous papillary dermis and sparse neutrophilic spongiosis are present beneath a neutrophilic sub"
YT_Skin_Common_Disorders_Fung,YT Skin Common Disorders Fung,Skin::Neoplastic::Epidermal::Precursor::Bowen_Disease_SCC_In_Situ,Bowen Disease SCC In Situ,Bowen_Disease_SCC_In_Situ,1701.36,1780.52,28:21,29:41,79.16,"https://storage.googleapis.com/pathology-hub-0/source_videos/YT_Skin_Common_Disorders_Fung.mp4#t=1701.36,1780.52",semantic_gated_v0_2,0.7203,"More experienced observers may choose to pause here and diagnose squamous cell carcinoma (SCC). In dermatopathology, SCC refers specifically to invasive carcinoma, while non-invasive variants include Bowen's disease or actinic keratosis (AK). SCC denotes invasive cancer or invasive carcinoma. In this central portion, the tumor is characterized by irregular aggregates of more or less eosinophilic or pink epithelium, e"
YT_Skin_Common_Disorders_Fung,YT Skin Common Disorders Fung,Skin::Neoplastic::Epidermal::Malignant::Keratoacanthoma,Keratoacanthoma,Keratoacanthoma,1951.56,2075.32,32:32,34:35,123.76,"https://storage.googleapis.com/pathology-hub-0/source_videos/YT_Skin_Common_Disorders_Fung.mp4#t=1951.56,2075.32",semantic_gated_v0_2,0.7655,"Keratoacanthoma is a controversial entity in dermatology and pathology. Some authorities classify it as a distinctive variant of squamous cell carcinoma, while others consider it separate. Despite profound histologic and clinical overlap, most textbooks separate keratoacanthoma from squamous cell carcinoma. In our institution, like many others, we generally report these as squamous cell carcinoma, keratoacanthoma typ"
YT_Skin_Common_Disorders_Fung,YT Skin Common Disorders Fung,Skin::Inflammatory::Interface::Lichen_Planus,Lichen Planus,Lichen_Planus,3441.26,3517.78,57:21,58:38,76.52,"https://storage.googleapis.com/pathology-hub-0/source_videos/YT_Skin_Common_Disorders_Fung.mp4#t=3441.26,3517.78",semantic_gated_v0_2,0.6622,"Interface dermatitis can be stratified into sparse or vacuolar interface reactions and densely inflammatory or lichenoid reactions. Not surprisingly, the prototype for lichenoid interface dermatitis specifically is again lichen planus, as shown here. We observe several epidermal changes: a thick and compact stratum corneum, even though the biopsy is not from the palm or sole, and areas with hypergranulosis, often in "
YT_Skin_Common_Disorders_Fung,YT Skin Common Disorders Fung,Skin::Epidermal_Neoplasm::Basal_Cell_Carcinoma::Nodular_Basal_Cell_Carcinoma,Nodular Basal Cell Carcinoma,Nodular_Basal_Cell_Carcinoma,2193.72,2312.96,36:34,38:33,119.24,"https://storage.googleapis.com/pathology-hub-0/source_videos/YT_Skin_Common_Disorders_Fung.mp4#t=2193.72,2312.96",semantic_gated_v0_2,0.6974,"Nodular basal cell carcinoma is that classic pearly-telangiectatic papule or nodule, often with a kind of a waxy appearance. In this particular image that I'm showing, notice that the center of the tumor is also ulcerated or eroded, and so I suspect there might also be an infiltrative component here. Infiltrative BCC doesn't always have as distinctive of a clinical appearance compared to superficial and nodular BCC, "
YT_Skin_Common_Disorders_Fung,YT Skin Common Disorders Fung,Skin::Normal_Histology::Overview,Overview,Overview,52.84,177.36,0:53,2:57,124.52,"https://storage.googleapis.com/pathology-hub-0/source_videos/YT_Skin_Common_Disorders_Fung.mp4#t=52.84,177.36",semantic_gated_v0_2,0.6198,"In order to identify and appreciate histopathologic features, we need to appreciate the normal histology of skin tissue. We will start by reviewing some basic structures in the skin. As a teacher, I am particularly appreciative of those who have taught me, and this is my tribute to Dr. Marc Goldyne, a former attending dermatology physician from my training days at the Veterans Affairs Hospital in San Francisco. He is"
YT_Skin_Granulomatous_Dermatitis_Fung,YT Skin Granulomatous Dermatitis Fung,Skin::Inflammatory::Granulomatous::Actinic_Granuloma_Annular_Elastolytic,Actinic Granuloma Annular Elastolytic,Actinic_Granuloma_Annular_Elastolytic,1865.18,2001.18,31:05,33:21,136.0,"https://storage.googleapis.com/pathology-hub-0/source_videos/YT_Skin_Granulomatous_Dermatitis_Fung.mp4#t=1865.18,2001.18",semantic_gated_v0_2,0.7447,"This image shows the photodistribution best of this generalized eruption of actinic granuloma, which exhibits quite a bit of clinical as well as histologic overlap with granuloma annulare, hence the controversy as to whether it should be separated or distinct. Most histopathologists have identified somewhat distinctive features with actinic granuloma, summarized on this slide. Actinic granuloma occurs on skin with si"
YT_Skin_Granulomatous_Dermatitis_Fung,YT Skin Granulomatous Dermatitis Fung,Skin::Inflammatory::Granulomatous::Actinic_Granuloma_Annular_Elastolytic,Actinic Granuloma Annular Elastolytic,Actinic_Granuloma_Annular_Elastolytic,2001.38,2124.48,33:21,35:24,123.1,"https://storage.googleapis.com/pathology-hub-0/source_videos/YT_Skin_Granulomatous_Dermatitis_Fung.mp4#t=2001.38,2124.48",semantic_gated_v0_2,0.7487,"The palisaded pattern was not present in any of the cases of actinic granuloma but, as would be expected, was present in most cases of granuloma annulare. The findings by Crawford and colleagues align with anecdotal experience, but resolving the larger question of actinic granuloma's status remains difficult. Clinicians cannot reliably distinguish actinic granuloma from granuloma annulare on sun-damaged skin. While s"
YT_Skin_Granulomatous_Dermatitis_Fung,YT Skin Granulomatous Dermatitis Fung,Skin::Inflammatory::Granulomatous::Actinic_Granuloma_Annular_Elastolytic,Actinic Granuloma Annular Elastolytic,Actinic_Granuloma_Annular_Elastolytic,2124.48,2237.76,35:24,37:18,113.28,"https://storage.googleapis.com/pathology-hub-0/source_videos/YT_Skin_Granulomatous_Dermatitis_Fung.mp4#t=2124.48,2237.76",semantic_gated_v0_2,0.7069,"The more you look, the more you find. No one believes that elastophagocytosis in and of itself is a specific histopathologic feature. We see it all the time on sun-damaged skin that's inflamed, during routine basal cell carcinoma excisions. So no one thinks that that's specific. But the specific concept of pathogenesis with actinic granuloma is that solar elastodosis is, in fact, the trigger for that particular entit"
YT_Skin_Granulomatous_Dermatitis_Fung,YT Skin Granulomatous Dermatitis Fung,Skin::Inflammatory::Granulomatous::Granuloma_Annulare,Granuloma Annulare,Granuloma_Annulare,1682.06,1792.82,28:02,29:53,110.76,"https://storage.googleapis.com/pathology-hub-0/source_videos/YT_Skin_Granulomatous_Dermatitis_Fung.mp4#t=1682.06,1792.82",semantic_gated_v0_2,0.6957,"The mucin appears as a pale, delicate blue, basophilic material between the necrobiotic collagen fibers. Beware this notorious distractor for the uninitiated. The presence of perivascular lymphocytes surrounding the palisaded granulomas is expected, and often is the one thing trainees clue in on if they don't notice the palisaded granuloma. The classic variant of granuloma annulare is palisaded, but another histologi"
YT_Skin_Granulomatous_Dermatitis_Fung,YT Skin Granulomatous Dermatitis Fung,Skin::Inflammatory::Granulomatous::Granulomatous_Dermatitis_Overview,Granulomatous Dermatitis Overview,Granulomatous_Dermatitis_Overview,0.0,59.56,0:00,1:00,59.56,"https://storage.googleapis.com/pathology-hub-0/source_videos/YT_Skin_Granulomatous_Dermatitis_Fung.mp4#t=0,59.56",semantic_gated_v0_2,0.6427,"This is Dr. Max Fung, from the University of California Davis in Sacramento, California. In this presentation on Granulomatous dermatitis, I don't have any financial conflicts of interest. However, I do have an interest in this textbook chapter that I wrote, and there is some overlap in the cases I'll be using between the chapter and this presentation. All cases are from my own personal teaching collection, unless ot"
YT_Skin_Granulomatous_Dermatitis_Fung,YT Skin Granulomatous Dermatitis Fung,Skin::Inflammatory::Granulomatous::Interstitial_Granulomatous_Drug_Reaction,Interstitial Granulomatous Drug Reaction,Interstitial_Granulomatous_Drug_Reaction,237.12,349.12,3:57,5:49,112.0,"https://storage.googleapis.com/pathology-hub-0/source_videos/YT_Skin_Granulomatous_Dermatitis_Fung.mp4#t=237.12,349.12",semantic_gated_v0_2,0.5979,"When I was in my early to mid-twenties, I made a choice that in retrospect was critical to my own career pathway. After my first year of medical school at UCSF, I spent a summer in the lab of the late Dr. Bill Epstein, former chair of dermatology, and his longtime collaborator, Kimi Fukuyama, where I first learned about granulomas. They isolated proteins from *Schistosoma* eggs and induced granulomas in a murine mode"
YT_Skin_Granulomatous_Dermatitis_Fung,YT Skin Granulomatous Dermatitis Fung,Skin::Inflammatory::Granulomatous::Interstitial_Granulomatous_Drug_Reaction,Interstitial Granulomatous Drug Reaction,Interstitial_Granulomatous_Drug_Reaction,2239.96,2361.72,37:20,39:22,121.76,"https://storage.googleapis.com/pathology-hub-0/source_videos/YT_Skin_Granulomatous_Dermatitis_Fung.mp4#t=2239.96,2361.72",semantic_gated_v0_2,0.7595,"Looking at the broader differential diagnosis of interstitial granulomatous reactions, remember, we have the interstitial variant of granuloma annulare (GA). We just talked about actinic granuloma. Then we have a variety of other disorders that have long and confusing names, hard to remember. Most recently proposed is the relatively simple term Reactive Granulomatous Dermatitis, which encompasses many older historica"
YT_Skin_Granulomatous_Dermatitis_Fung,YT Skin Granulomatous Dermatitis Fung,Skin::Inflammatory::Granulomatous::Necrobiosis_Lipoidica,Necrobiosis Lipoidica,Necrobiosis_Lipoidica,2494.64,2624.28,41:35,43:44,129.64,"https://storage.googleapis.com/pathology-hub-0/source_videos/YT_Skin_Granulomatous_Dermatitis_Fung.mp4#t=2494.64,2624.28",semantic_gated_v0_2,0.7659,"Necrobiosis lipoidica was formerly known as Necrobiosis lipoidica diabeticorum, or NLD. Necrobiosis lipoidica is often compared to granuloma annulare, with which it often shares a differential diagnosis. In contrast to the more patchy, focal involvement in GA, Necrobiosis lipoidica tends to have more diffuse and deep, full-thickness or pandermal involvement, creating a layer cake appearance of necrobiotic collagen an"
YT_Skin_Granulomatous_Dermatitis_Fung,YT Skin Granulomatous Dermatitis Fung,Skin::Inflammatory::Granulomatous::Necrobiotic_Xanthogranuloma,Necrobiotic Xanthogranuloma,Necrobiotic_Xanthogranuloma,2624.28,2734.68,43:44,45:35,110.4,"https://storage.googleapis.com/pathology-hub-0/source_videos/YT_Skin_Granulomatous_Dermatitis_Fung.mp4#t=2624.28,2734.68",semantic_gated_v0_2,0.7633,"In Necrobiotic Xanthogranuloma (NXG), we often see the same panoramic profile as in Necrobiosis Lipoidica, characterized by a layer-cake pattern of pandermal sclerosis and granulomatous inflammation. A key distinguishing feature would be these sheath-shaped clefts, which represent the artifact from cholesterol clefts. Cholesterol clefts have been documented in Necrobiosis lipoidica, but as a hallmark of disease, they"
YT_Skin_Granulomatous_Dermatitis_Fung,YT Skin Granulomatous Dermatitis Fung,Skin::Inflammatory::Granulomatous::Palisaded_Neutrophilic_Granulomatous_Dermatitis,Palisaded Neutrophilic Granulomatous Dermatitis,Palisaded_Neutrophilic_Granulomatous_Dermatitis,2734.68,2857.2,45:35,47:37,122.52,"https://storage.googleapis.com/pathology-hub-0/source_videos/YT_Skin_Granulomatous_Dermatitis_Fung.mp4#t=2734.68,2857.2",semantic_gated_v0_2,0.5884,"Fibrin probably most closely resembles necrobiotic collagen; both are pink or eosinophilic, in contrast to the basophilic color of mucin. However, fibrin typically has a more homogeneous, liquefied, and amorphous appearance, whereas necrobiotic collagen, in most cases, still retains some of its fibrillary quality, albeit appearing somewhat degraded. Rheumatoid nodules, in addition to being relatively large and deep, "
YT_Skin_Granulomatous_Dermatitis_Fung,YT Skin Granulomatous Dermatitis Fung,Skin::Inflammatory::Granulomatous::Palisaded_Neutrophilic_Granulomatous_Dermatitis,Palisaded Neutrophilic Granulomatous Dermatitis,Palisaded_Neutrophilic_Granulomatous_Dermatitis,2857.2,2902.72,47:37,48:23,45.52,"https://storage.googleapis.com/pathology-hub-0/source_videos/YT_Skin_Granulomatous_Dermatitis_Fung.mp4#t=2857.2,2902.72",semantic_gated_v0_2,0.6585,"With tuberculoid granulomas, we expect to see many lymphocytes surrounding the granuloma with some central caseous necrosis. Depending on how prominent that caseous necrosis is, it can create the appearance of a palisade of histiocytes around the edge. However, in a true palisaded granulomatous dermatitis, we want to see a more orderly arrangement of histiocytes and some altered stroma in the middle. Observing a fibr"
YT_Skin_Granulomatous_Dermatitis_Fung,YT Skin Granulomatous Dermatitis Fung,Skin::Inflammatory::Adnexal::Rosacea_Granulomatous,Rosacea Granulomatous,Rosacea_Granulomatous,591.28,699.86,9:51,11:40,108.58,"https://storage.googleapis.com/pathology-hub-0/source_videos/YT_Skin_Granulomatous_Dermatitis_Fung.mp4#t=591.28,699.86",semantic_gated_v0_2,0.6558,"Langhans giant cells are characterized by a peripheral or horseshoe-shaped arrangement of their nuclei. Although first described in tuberculosis, they are by no means specific to it, having been observed in many other types of infection, as well as sarcoidosis, among others. Within the context of granulomas, their presence is not diagnostically specific. A practical point is simply not to confuse Langhans giant cells"
YT_Skin_Granulomatous_Dermatitis_Fung,YT Skin Granulomatous Dermatitis Fung,Skin::Inflammatory::Adnexal::Rosacea_Granulomatous,Rosacea Granulomatous,Rosacea_Granulomatous,699.86,799.42,11:40,13:19,99.56,"https://storage.googleapis.com/pathology-hub-0/source_videos/YT_Skin_Granulomatous_Dermatitis_Fung.mp4#t=699.86,799.42",semantic_gated_v0_2,0.6791,"Finally, some rare but very severe acneiform options are regarded to be severe expressions of rosacea, including rosacea fulminans, pyoderma faciale, and lupus miliaris disseminatus faciei, which has been associated with very distinctive, if not pathognomonic, histopathologic features in the correct clinical context, of course. These include very prominent central caseation necrosis and also what can be reasonably de"
YT_Skin_Granulomatous_Dermatitis_Fung,YT Skin Granulomatous Dermatitis Fung,Skin::Inflammatory::Adnexal::Rosacea_Granulomatous,Rosacea Granulomatous,Rosacea_Granulomatous,799.42,915.78,13:19,15:16,116.36,"https://storage.googleapis.com/pathology-hub-0/source_videos/YT_Skin_Granulomatous_Dermatitis_Fung.mp4#t=799.42,915.78",semantic_gated_v0_2,0.7054,"Acneiform disorders such as rosacea represent a form of folliculitis. In some sections, we can see hair shafts and collections of neutrophils within the follicular epithelium, diagnostic of folliculitis. We can also presume that there is sufficient inflammation to rupture the follicular epithelium and induce a granulomatous response. Referring to the hair follicle, we can see a granulomatous reaction, a perifollicula"
YT_Skin_Granulomatous_Dermatitis_Fung,YT Skin Granulomatous Dermatitis Fung,Skin::Inflammatory::Granulomatous::Sarcoidosis_Cutaneous,Sarcoidosis Cutaneous,Sarcoidosis_Cutaneous,1293.06,1408.9,21:33,23:29,115.84,"https://storage.googleapis.com/pathology-hub-0/source_videos/YT_Skin_Granulomatous_Dermatitis_Fung.mp4#t=1293.06,1408.9",semantic_gated_v0_2,0.66,"And now we return to the clinical images that I showed earlier of a granulomatous dermatitis. I will show you a couple more examples of this entity. Mostly smooth, indurated papules and plaques are observed. Also, notice the hypopigmented macules in the upper right image. Accurate diagnosis of such conditions requires experienced dermatologists. One might not always be right, but you can almost never go wrong suggest"
YT_Skin_Granulomatous_Dermatitis_Fung,YT Skin Granulomatous Dermatitis Fung,Skin::Inflammatory::Granulomatous::Sarcoidosis_Cutaneous,Sarcoidosis Cutaneous,Sarcoidosis_Cutaneous,1408.9,1544.66,23:29,25:45,135.76,"https://storage.googleapis.com/pathology-hub-0/source_videos/YT_Skin_Granulomatous_Dermatitis_Fung.mp4#t=1408.9,1544.66",semantic_gated_v0_2,0.6705,"The second of the so-called sarcoid bodies is the Schaumann body, named after Dr. Schaumann, a Swedish dermatologist. Although the sources indicate that the Schaumann body was first described by Dr. Fonschupel, a German pathologist. This is a calcified, multi-nucleated histiocyte, with multiple images shown here courtesy of Dr. Yale Rosen of Long Island, New York, who also kindly uploaded the images of the asteroid b"
YT_Skin_Granulomatous_Dermatitis_Fung,YT Skin Granulomatous Dermatitis Fung,Skin::Inflammatory::Granulomatous::Sarcoidosis_Cutaneous,Sarcoidosis Cutaneous,Sarcoidosis_Cutaneous,2361.72,2491.68,39:22,41:32,129.96,"https://storage.googleapis.com/pathology-hub-0/source_videos/YT_Skin_Granulomatous_Dermatitis_Fung.mp4#t=2361.72,2491.68",semantic_gated_v0_2,0.6602,"The clinically proven diagnosis is sarcoid. We observe a collection of discrete aggregates of histiocytes without central caseation, characteristic of non-caseating epithelioid granulomas, which supports sarcoid or granuloma. The specimen also contains varying degrees of lymphocytes. While a tuberculoid granuloma could be considered due to lymphocytes, caseation necrosis is not strictly required for its diagnosis. Sa"
YT_Skin_IHC_Fung,YT Skin IHC Fung,Skin::Neoplastic::Hematolymphoid::Aggressive_Epidermotropic_CD8_Positive_T_Cell_Lymphoma,Aggressive Epidermotropic CD8 Positive T Cell Lymphoma,Aggressive_Epidermotropic_CD8_Positive_T_Cell_Lymphoma,1852.0,1990.0,30:52,33:10,138.0,"https://storage.googleapis.com/pathology-hub-0/source_videos/YT_Skin_IHC_Fung.mp4#t=1852,1990",semantic_gated_v0_2,0.5855,"Ber-EP4, also known as epithelial antigen, is different from EMA. It is an anti-epithelial cell adhesion molecule antibody, particularly useful in dermatopathology because it is positive in basal cell carcinoma (BCC) and negative in squamous cell carcinoma (SCC). The membrane staining pattern is typical for the immunopositivity of Ber-EP4 in basal cell carcinoma. While a comprehensive review of all CD cluster designa"
YT_Skin_Interface_Dermatitis_Fung,YT Skin Interface Dermatitis Fung,Skin::Inflammatory::Drug_Eruption::Fixed_Drug_Eruption,Fixed Drug Eruption,Fixed_Drug_Eruption,2926.98,3063.82,48:47,51:04,136.84,"https://storage.googleapis.com/pathology-hub-0/source_videos/YT_Skin_Interface_Dermatitis_Fung.mp4#t=2926.98,3063.82",semantic_gated_v0_2,0.6725,"Viral exanthems do have somewhat of a reputation for being relatively sparse or subtle. So, within the spectrum of interface reactions, this is probably most likely to be viewed as somewhat of an invisible dermatosis, as discussed in that lecture. In the absence of other more distinctive findings, these red blood cells in the epidermis are suggestive. Which brings us to the final case for this session. Experienced an"
YT_Skin_Interface_Dermatitis_Fung,YT Skin Interface Dermatitis Fung,Skin::Inflammatory::Interface::Interface_Dermatitis_Overview,Interface Dermatitis Overview,Interface_Dermatitis_Overview,0.0,136.92,0:00,2:17,136.92,"https://storage.googleapis.com/pathology-hub-0/source_videos/YT_Skin_Interface_Dermatitis_Fung.mp4#t=0,136.92",semantic_gated_v0_2,0.7256,"This is Dr. Max Fung, University of California Davis in Sacramento, California. Over the many years that I've given lectures on interface dermatitis, I've followed the 'Interface' page on Wikipedia and marveled at its many definitions. I was recently learning about the last item on this page, the audio interface, after setting. Up a recording studio in my daughter's bedroom. In science, healthcare, medicine, and spec"
YT_Skin_Interface_Dermatitis_Fung,YT Skin Interface Dermatitis Fung,Skin::Inflammatory::Interface::Interface_Dermatitis_Overview,Interface Dermatitis Overview,Interface_Dermatitis_Overview,136.92,224.28,2:17,3:44,87.36,"https://storage.googleapis.com/pathology-hub-0/source_videos/YT_Skin_Interface_Dermatitis_Fung.mp4#t=136.92,224.28",semantic_gated_v0_2,0.7035,"The 'dermatitis' component, like any condition ending in '-itis' in medicine, indicates inflammation. In interface dermatitis, this specifically involves lymphocytes and epidermal changes mediated by these lymphocytes, sometimes also associated with other cell types. Minimal or essential histologic criteria for interface dermatitis are twofold. The first expected feature is the presence of junctional vacuoles, also r"
YT_Skin_Interface_Dermatitis_Fung,YT Skin Interface Dermatitis Fung,Skin::Inflammatory::Interface::Interface_Dermatitis_Overview,Interface Dermatitis Overview,Interface_Dermatitis_Overview,326.28,456.84,5:26,7:37,130.56,"https://storage.googleapis.com/pathology-hub-0/source_videos/YT_Skin_Interface_Dermatitis_Fung.mp4#t=326.28,456.84",semantic_gated_v0_2,0.638,"In the diagnostic approach to interface dermatitis, a variety of aspects are considered. At low power, the pattern of inflammation is assessed. Secondarily, epidermal changes associated with the inflammatory pattern are evaluated. Finally, the nature of the inflammatory infiltrate itself is examined. Lymphocytes are always present, but the presence or absence of eosinophils, neutrophils, or other cells can refine the"
YT_Skin_Interface_Dermatitis_Fung,YT Skin Interface Dermatitis Fung,Skin::Inflammatory::Interface::Interface_Dermatitis_Overview,Interface Dermatitis Overview,Interface_Dermatitis_Overview,3063.82,3128.66,51:04,52:09,64.84,"https://storage.googleapis.com/pathology-hub-0/source_videos/YT_Skin_Interface_Dermatitis_Fung.mp4#t=3063.82,3128.66",semantic_gated_v0_2,0.6233,"This concludes our summary of interface dermatitis. Remember to think about the pattern of inflammation: vacuolar interface versus lichenoid. While this is somewhat an artificial distinction, if we maintain it, we can categorize erythema multiforme, acute and sometimes subacute forms of lupus, acute GVHD, and many drug and viral exanthems on the vacuolar interface side. With dense or lichenoid band-like infiltrates, "
YT_Skin_Interface_Dermatitis_Fung,YT Skin Interface Dermatitis Fung,Skin::Inflammatory::Interface::Lichen_Nitidus,Lichen Nitidus,Lichen_Nitidus,836.56,968.64,13:57,16:09,132.08,"https://storage.googleapis.com/pathology-hub-0/source_videos/YT_Skin_Interface_Dermatitis_Fung.mp4#t=836.56,968.64",semantic_gated_v0_2,0.746,"Lichen nitidus is characterized by innumerable pinpoint papules, usually in children, and this is reflected histologically in a very focal lichenoid infiltrate, so-called ball-in-claw profile. It's a lymphohistiocytic infiltrate, and it tends to have a fairly significant histiocytic component, almost granulomatous, although discrete granulomas should not be seen. Moreover, these histiocytes can have foamy cytoplasm; "
YT_Skin_Interface_Dermatitis_Fung,YT Skin Interface Dermatitis Fung,Skin::Inflammatory::Interface::Lupus_Erythematosus_Discoid_DLE,Lupus Erythematosus Discoid DLE,Lupus_Erythematosus_Discoid_DLE,1692.08,1800.76,28:12,30:01,108.68,"https://storage.googleapis.com/pathology-hub-0/source_videos/YT_Skin_Interface_Dermatitis_Fung.mp4#t=1692.08,1800.76",semantic_gated_v0_2,0.6106,"Correct classification is maximized at 81% with a cutoff criterion of an eosinophil count at 1.1. The eosinophil count is defined as the number of eosinophils in ten 20x fields, which is considered a reasonable amount of effort for a dermatopathologist in routine practice. Therefore, if even one eosinophil is observed within ten 20x fields, eosinophils are not considered rare or absent. Many other investigators have "
YT_Skin_Interface_Dermatitis_Fung,YT Skin Interface Dermatitis Fung,Skin::Inflammatory::Interface::Lupus_Erythematosus_Discoid_DLE,Lupus Erythematosus Discoid DLE,Lupus_Erythematosus_Discoid_DLE,1940.34,2065.86,32:20,34:26,125.52,"https://storage.googleapis.com/pathology-hub-0/source_videos/YT_Skin_Interface_Dermatitis_Fung.mp4#t=1940.34,2065.86",semantic_gated_v0_2,0.5782,"Follicular plugging is most characteristic of discoid lupus. At high magnification, we can see the interface of the epidermis and underlying. The dermis is obscured by inflammation, junctional vacuoles, and dead cells. Basement membrane thickening, though not always present, is a valuable diagnostic feature in the differential diagnosis of interface dermatitis due to its fairly specific nature. The only other disorde"
YT_Skin_Interface_Dermatitis_Fung,YT Skin Interface Dermatitis Fung,Skin::Inflammatory::Interface::Lupus_Erythematosus_Discoid_DLE,Lupus Erythematosus Discoid DLE,Lupus_Erythematosus_Discoid_DLE,2202.42,2290.7,36:42,38:11,88.28,"https://storage.googleapis.com/pathology-hub-0/source_videos/YT_Skin_Interface_Dermatitis_Fung.mp4#t=2202.42,2290.7",semantic_gated_v0_2,0.5722,"At higher magnification, the combined hyperkeratosis and atrophy characterizes the atrophic interface reaction typical of most forms of lupus. Direct immunofluorescence (DIF) testing represents an ancillary diagnostic modality that can sometimes help support a diagnosis of lupus. The lupus band is characterized by deposition of one or more immunoglobulins or C3, the so-called 'full house,' indicating at least two, if"
YT_Skin_Interface_Dermatitis_Fung,YT Skin Interface Dermatitis Fung,Skin::Inflammatory::Interface::Lupus_Erythematosus_Discoid_DLE,Lupus Erythematosus Discoid DLE,Lupus_Erythematosus_Discoid_DLE,2290.7,2429.18,38:11,40:29,138.48,"https://storage.googleapis.com/pathology-hub-0/source_videos/YT_Skin_Interface_Dermatitis_Fung.mp4#t=2290.7,2429.18",semantic_gated_v0_2,0.6019,"The question of distinguishing dermatomyositis from lupus erythematosus histologically sometimes depends on the specific presentation. While differentiating dermatomyositis from classic discoid lupus is often possible, the answer is generally false when considering acute cutaneous lupus and dermatomyositis, as there are no inherent histological differences that would take precedence over clinical and serological find"
YT_Skin_Interface_Dermatitis_Fung,YT Skin Interface Dermatitis Fung,Skin::Inflammatory::Interface::Lupus_Erythematosus_Subacute_Cutaneous_SCLE,Lupus Erythematosus Subacute Cutaneous SCLE,Lupus_Erythematosus_Subacute_Cutaneous_SCLE,2065.86,2202.42,34:26,36:42,136.56,"https://storage.googleapis.com/pathology-hub-0/source_videos/YT_Skin_Interface_Dermatitis_Fung.mp4#t=2065.86,2202.42",semantic_gated_v0_2,0.6644,"Although mucin histochemical stains are quite pretty and can increase the ability to detect low amounts of mucin, in clinical practice, these stains are generally not necessary. If there is a pathologically increased amount of mucin, it should be apparent on H&E. Mucin is only one of a constellation of histologic features used to make the diagnosis of Lupus or other connective tissue disorders. A similar sentiment wa"
YT_Skin_Interface_Dermatitis_Fung,YT Skin Interface Dermatitis Fung,Skin::Inflammatory::Vasculitis::Pigmented_Purpuric_Dermatosis_Capillaritis,Pigmented Purpuric Dermatosis Capillaritis,Pigmented_Purpuric_Dermatosis_Capillaritis,1104.6,1234.96,18:25,20:35,130.36,"https://storage.googleapis.com/pathology-hub-0/source_videos/YT_Skin_Interface_Dermatitis_Fung.mp4#t=1104.6,1234.96",semantic_gated_v0_2,0.6372,"Here's a closer look, and a little clinical pathologic correlation never hurts. This is a nice case of Lichenoid purpura, one of the variants of the pigmented purpuric dermatoses or pigmented purpuras. The lichenoid purpuras include lichenoid purpura of Gougerot and Blum, as well as Lichen aureus. One can lump or split these two entities, but common features of lichenoid purpura include the presence of extravasated e"
YT_Skin_Interface_Dermatitis_Fung,YT Skin Interface Dermatitis Fung,Skin::Inflammatory::Interface::Pityriasis_Lichenoides_PLEVA_PLC,Pityriasis Lichenoides PLEVA PLC,Pityriasis_Lichenoides_PLEVA_PLC,1234.96,1339.96,20:35,22:20,105.0,"https://storage.googleapis.com/pathology-hub-0/source_videos/YT_Skin_Interface_Dermatitis_Fung.mp4#t=1234.96,1339.96",semantic_gated_v0_2,0.6795,"Siderophages or hemosiderin are generally evident on H&E as a yellow, gold, or pale brown, highly refractile pigment, in contrast to melanin. If there is any doubt, a Perls stain can be performed. Next case, your diagnosis. Scanning magnification alone, it's doable with four examples. To make the diagnosis of Pityriasis Lichenoides, which encompasses a spectrum from acute to chronic lesions, Pityriasis Lichenoides et"
YT_Skin_Interface_Dermatitis_Fung,YT Skin Interface Dermatitis Fung,Skin::Inflammatory::Interface::Pityriasis_Lichenoides_PLEVA_PLC,Pityriasis Lichenoides PLEVA PLC,Pityriasis_Lichenoides_PLEVA_PLC,1339.96,1478.08,22:20,24:38,138.12,"https://storage.googleapis.com/pathology-hub-0/source_videos/YT_Skin_Interface_Dermatitis_Fung.mp4#t=1339.96,1478.08",semantic_gated_v0_2,0.6808,"In the fullest expression of PLEVA, many characteristic findings can be seen at scanning magnification, including prominent neutrophilic crust. Lymphocytes, with exocytosis into the epidermis—sometimes described as 'a lymph in every hole' or 'a lymph in nearly every vacuole'—contribute to the obscuration of the dermal-epidermal junction in the interface reaction typical of Pityriasis Lichenoides, as does prominent ex"
YT_Skin_Interface_Dermatitis_Fung,YT Skin Interface Dermatitis Fung,Skin::Inflammatory::Blistering::Stevens_Johnson_Syndrome_Toxic_Epidermal_Necrolysis,Stevens Johnson Syndrome Toxic Epidermal Necrolysis,Stevens_Johnson_Syndrome_Toxic_Epidermal_Necrolysis,2547.58,2660.46,42:28,44:20,112.88,"https://storage.googleapis.com/pathology-hub-0/source_videos/YT_Skin_Interface_Dermatitis_Fung.mp4#t=2547.58,2660.46",semantic_gated_v0_2,0.6856,"And now a statement for your judgment: Does a biopsy distinguish erythema multiforme, Stevens-Johnson syndrome, and toxic epidermal necrolysis, true or false? Sometimes I've read in textbooks or heard that typically with TEN, the inflammation is going to be minimal to absent, whereas in Stevens-Johnson syndrome and EM, there may be more prominent inflammation, and that may generally be true. However, this question is"
YT_Skin_Intro_Fung,YT Skin Intro Fung,Skin::Neoplastic::Melanocytic::Benign::Unna_Nevus,Unna Nevus,Unna_Nevus,199.0,318.0,3:19,5:18,119.0,"https://storage.googleapis.com/pathology-hub-0/source_videos/YT_Skin_Intro_Fung.mp4#t=199,318",semantic_gated_v0_2,0.5756,"Dermatopathology is a relatively subspecialized area in medicine dedicated to the evaluation and management of skin disease via the microscopic and increasingly sub-microscopic evaluation of lesional skin tissue. It is a fund of knowledge created jointly through the efforts of pathologists and dermatologists about a century and a half ago. To conduct an authentic historical dive into its origins, one needs to underst"
YT_Skin_Melanocytic_Fung,YT Skin Melanocytic Fung,Skin::Neoplastic::Melanocytic::Intermediate::BAPoma_BAP1_Inactivated_Nevus,BAPoma BAP1 Inactivated Nevus,BAPoma_BAP1_Inactivated_Nevus,2782.06,2915.42,46:22,48:35,133.36,"https://storage.googleapis.com/pathology-hub-0/source_videos/YT_Skin_Melanocytic_Fung.mp4#t=2782.06,2915.42",semantic_gated_v0_2,0.8215,"If you have been up on the literature, you might recognize these published figures. This clinically benign looking intradermal melanocytic tumor nodule is the BAP-1 inactivated nevus, more fondly known as the BAPoma, Wiesner nevus, BAP-deficient nevus, or even BAP-less nevus. These are all different terms used to describe this lesion. This is a clinically innocuous but histologically often scary-looking intradermal t"
YT_Skin_Melanocytic_Fung,YT Skin Melanocytic Fung,Skin::Neoplastic::Melanocytic::Benign::Dysplastic_Nevus,Dysplastic Nevus,Dysplastic_Nevus,2274.14,2381.74,37:54,39:42,107.6,"https://storage.googleapis.com/pathology-hub-0/source_videos/YT_Skin_Melanocytic_Fung.mp4#t=2274.14,2381.74",semantic_gated_v0_2,0.6944,"Major criteria for dysplastic nevus include a lentiginous or epithelioid proliferation of atypical melanocytes, with a key requirement for cytologic atypia. These are either junctional or superficial compound melanocytic nevi. When a junctional component is present, there is a shoulder, meaning that at the periphery of the lesion, the junctional component extends peripherally beyond the central dermal component, with"
YT_Skin_Melanocytic_Fung,YT Skin Melanocytic Fung,Skin::Neoplastic::Melanocytic::Malignant::Melanoma_Acral_Lentiginous,Melanoma Acral Lentiginous,Melanoma_Acral_Lentiginous,3634.38,3759.58,1:00:34,1:02:40,125.2,"https://storage.googleapis.com/pathology-hub-0/source_videos/YT_Skin_Melanocytic_Fung.mp4#t=3634.38,3759.58",semantic_gated_v0_2,0.713,"Although nodular melanoma is one of the classic forms, it is now recognized that it can occur as an advanced stage of many different types of melanoma. So, lentigo maligna (high CSD), superficial spreading (low CSD, perhaps most common), but also acral or mucosal melanomas can show the histologic profile of a nodular melanoma, which historically has been defined as a tumor nodule that does not exhibit a significant i"
YT_Skin_Melanocytic_Fung,YT Skin Melanocytic Fung,Skin::Neoplastic::Melanocytic::Malignant::Melanoma_Acral_Lentiginous,Melanoma Acral Lentiginous,Melanoma_Acral_Lentiginous,3759.58,3874.22,1:02:40,1:04:34,114.64,"https://storage.googleapis.com/pathology-hub-0/source_videos/YT_Skin_Melanocytic_Fung.mp4#t=3759.58,3874.22",semantic_gated_v0_2,0.6137,"Acral lentiginous melanoma (ALM) often presents with confluent lentiginous junctional growth. The invasive component is usually overtly atypical, featuring associated epidermal hyperplasia and a predilection for a desmoplastic invasive component. KIT mutations are the most distinctive mutation associated with acral melanoma, although they are not present in the majority of such tumors. A comprehensive discussion of p"
YT_Skin_Melanocytic_Fung,YT Skin Melanocytic Fung,Skin::Neoplastic::Melanocytic::Malignant::Melanoma_Desmoplastic,Melanoma Desmoplastic,Melanoma_Desmoplastic,3874.22,3982.3,1:04:34,1:06:22,108.08,"https://storage.googleapis.com/pathology-hub-0/source_videos/YT_Skin_Melanocytic_Fung.mp4#t=3874.22,3982.3",semantic_gated_v0_2,0.6784,"Desmoplastic melanoma is one of the prototypical 'melanoma wolves in sheep's clothing' at both clinical and histologic levels. Clinically, these are often amelanotic tumors, not even suspected of being melanocytic. Microscopically, a variety of tricky features are observed. While changes of melanoma in situ overlying an invasive melanoma are expected, Desmoplastic melanoma may present with a non-specific lentiginous "
YT_Skin_Melanocytic_Fung,YT Skin Melanocytic Fung,Skin::Neoplastic::Melanocytic::Malignant::Melanoma_Desmoplastic,Melanoma Desmoplastic,Melanoma_Desmoplastic,3982.3,4120.86,1:06:22,1:08:41,138.56,"https://storage.googleapis.com/pathology-hub-0/source_videos/YT_Skin_Melanocytic_Fung.mp4#t=3982.3,4120.86",semantic_gated_v0_2,0.6516,"Desmoplastic melanoma can be tricky at the immunohistochemical level, being characteristically negative for some of our most specific melanocytic markers, including HMB45, MelanA, MITF, and PRAME. PRAME is more often than not negative in desmoplastic melanoma. Fortunately, most tumors are positive for S100, p75, or SOX10. Occasionally, a clue to the diagnosis of desmoplastic melanoma will be the presence of an unusua"
YT_Skin_Melanocytic_Fung,YT Skin Melanocytic Fung,Skin::Neoplastic::Melanocytic::In_Situ::Melanoma_In_Situ_NOS,Melanoma In Situ NOS,Melanoma_In_Situ_NOS,3052.86,3181.34,50:53,53:01,128.48,"https://storage.googleapis.com/pathology-hub-0/source_videos/YT_Skin_Melanocytic_Fung.mp4#t=3052.86,3181.34",semantic_gated_v0_2,0.6498,"Melanoma characteristics are often in direct opposition to those characteristic of nevi. Starting with melanoma in situ, we often see asymmetry, and this includes the host response against the lesion. Pagetoid growth is a unique feature of in situ melanoma. Melanoma in situ is often poorly circumscribed, meaning lesions are not well demarcated; they tend to trail off irregularly, mostly as single melanocytes. The nes"
YT_Skin_Melanocytic_Fung,YT Skin Melanocytic Fung,Skin::Neoplastic::Melanocytic::In_Situ::Melanoma_In_Situ_NOS,Melanoma In Situ NOS,Melanoma_In_Situ_NOS,3301.5,3419.18,55:02,56:59,117.68,"https://storage.googleapis.com/pathology-hub-0/source_videos/YT_Skin_Melanocytic_Fung.mp4#t=3301.5,3419.18",semantic_gated_v0_2,0.698,"The diagnosis of melanoma in situ can be made at the H&E level without additional special stains, based on the presence of usually multiple histologic features in combination, as shown in this example, and using normal skin as a baseline reference. Invasive melanoma refers to melanoma that has gone beyond the basement membrane of the dermal-epidermal junction and invaded the dermis. Most of the appearances can be des"
YT_Skin_Melanocytic_Fung,YT Skin Melanocytic Fung,Skin::Melanocytic::Spitz::Pigmented_Spindle_Cell_Nevus,Pigmented Spindle Cell Nevus,Pigmented_Spindle_Cell_Nevus,2916.54,3052.86,48:37,50:53,136.32,"https://storage.googleapis.com/pathology-hub-0/source_videos/YT_Skin_Melanocytic_Fung.mp4#t=2916.54,3052.86",semantic_gated_v0_2,0.7318,"Whereas normal lesional nuclear immunopositivity is preserved in the conventional nevus component. There is a loss of nuclear immunopositivity in the epithelioid component, which is diagnostic of a BAP1 loss. This slide depicts an inactivated tumor. Experienced trainees are encouraged to pause and interpret the findings presented. A pigmented spindle cell nevus, or Reed nevus, is classically a small, round, evenly pi"
YT_Skin_Melanocytic_Fung,YT Skin Melanocytic Fung,Skin::Melanocytic::Simple_Lentigo_And_Lentiginous_Melanocytic_Nevus,Simple Lentigo And Lentiginous Melanocytic Nevus,Simple_Lentigo_And_Lentiginous_Melanocytic_Nevus,686.9,824.94,11:27,13:45,138.04,"https://storage.googleapis.com/pathology-hub-0/source_videos/YT_Skin_Melanocytic_Fung.mp4#t=686.9,824.94",semantic_gated_v0_2,0.7452,"For both nevus and melanoma, we sometimes refer to this lentiginous pattern of growth. The simple lentigo is the prototype for this lentiginous pattern of growth, defined by an increased number of single melanocytes. In benign variants, they are usually pretty evenly distributed along the junction and mostly within the rete ridges. The next step in the progression of benign melanocytic proliferations is the lentigino"
YT_Skin_Melanocytic_Fung,YT Skin Melanocytic Fung,Skin::Neoplastic::Melanocytic::Benign::Solar_Lentigo,Solar Lentigo,Solar_Lentigo,463.02,593.18,7:43,9:53,130.16,"https://storage.googleapis.com/pathology-hub-0/source_videos/YT_Skin_Melanocytic_Fung.mp4#t=463.02,593.18",semantic_gated_v0_2,0.6312,"Before getting too bogged down in the world of melanocytic neoplasms, let's take a step back and remind ourselves that many, if not most, pigmented lesions are not necessarily melanocytic neoplasms. They might not even be neoplasms at all. Take, for example, the freckle (ephelis), perhaps the most commonly encountered pigmented lesion that is never biopsied. In contrast, solar lentigo and pigmented seborrheic keratos"
YT_Skin_Melanocytic_Fung,YT Skin Melanocytic Fung,Skin::Neoplastic::Melanocytic::Benign::Spitz_Nevus,Spitz Nevus,Spitz_Nevus,2512.06,2643.58,41:52,44:04,131.52,"https://storage.googleapis.com/pathology-hub-0/source_videos/YT_Skin_Melanocytic_Fung.mp4#t=2512.06,2643.58",semantic_gated_v0_2,0.6764,"Spitz nevus is usually a dome-shaped papule composed of spindled and/or enlarged epithelioid melanocytes. Characteristic features include the vertical orientation to the spindled junctional melanocytes as well as vertical orientation to the nests themselves, often with a characteristic exaggerated clefting or retraction around the entire junctional nest. Spitz nevus can be junctional, compound, or dermal. The junctio"
YT_Skin_Melanoma_LeBoit,YT Skin Melanoma LeBoit,Skin::Neoplastic::Melanocytic::Malignant::Melanoma_Acral_Lentiginous,Melanoma Acral Lentiginous,Melanoma_Acral_Lentiginous,2076.0,2193.0,34:36,36:33,117.0,"https://storage.googleapis.com/pathology-hub-0/source_videos/YT_Skin_Melanoma_LeBoit.mp4#t=2076,2193",semantic_gated_v0_2,0.5863,"In acryl melanoma, there's usually a lentiginous pattern, meaning single cells with the signs and bases of the ridges that are similar to melanomas in chronically sun-damaged skin. The cells often have large hyperchromatic nuclei, scant, cytoplasm, and thick dendrites. And the sizes of dendrites are not always apparent in H&E state sections. And getting in the immunostain like melanay that highlights the cytoplasm of"
YT_Skin_Melanoma_LeBoit,YT Skin Melanoma LeBoit,Skin::Neoplastic::Melanocytic::Malignant::Melanoma_Desmoplastic,Melanoma Desmoplastic,Melanoma_Desmoplastic,2919.0,3049.0,48:39,50:49,130.0,"https://storage.googleapis.com/pathology-hub-0/source_videos/YT_Skin_Melanoma_LeBoit.mp4#t=2919,3049",semantic_gated_v0_2,0.6748,"So we have complete loss that adds to the suspicion and adds to the necessity of doing additional molecular studies. Desmoplastic melanoma. Some melanomas begin as skin color or tan plaques without melanoma in situ. They're particularly difficult to recognize clinically. And in the past, historically, they've been difficult for pathologists to recognize increasingly they're becoming less of a problem. And they can be"
YT_Skin_Metabolic_and_Connective_Tissue_Junkins,YT Skin Metabolic and Connective Tissue Junkins,Skin::Depositional_Metabolic::Amyloidosis::Amyloidosis_Macular,Amyloidosis Macular,Amyloidosis_Macular,1775.64,1902.2,29:36,31:42,126.56,"https://storage.googleapis.com/pathology-hub-0/source_videos/YT_Skin_Metabolic_and_Connective_Tissue_Junkins.mp4#t=1775.64,1902.2",semantic_gated_v0_2,0.6155,"So again, here are the stains that I showed you, congo red on that same case. You can see this is different than this surrounding collagen a little bit maybe. Here's a pyroflavin tea. You can also use trichrom, which will show the collagen as blue and it's not really staining this, the way collagen should stain. Here's just the example here of that case with the trichrom around the outside showing that it's not colla"
YT_Skin_Metabolic_and_Connective_Tissue_Junkins,YT Skin Metabolic and Connective Tissue Junkins,Skin::Depositional_Metabolic::Amyloidosis::Amyloidosis_Nodular,Amyloidosis Nodular,Amyloidosis_Nodular,1513.28,1646.96,25:13,27:27,133.68,"https://storage.googleapis.com/pathology-hub-0/source_videos/YT_Skin_Metabolic_and_Connective_Tissue_Junkins.mp4#t=1513.28,1646.96",semantic_gated_v0_2,0.6372,"So the nodular type can be on the trunk, can be on the extremities. I've seen it on the extremities that eventually will result in some wrinkling or atrophy. They are sort of reddish brown, yellowish color. Again, depends on the skin color in a dark synpation, it might just be more of a brown hyperpigmented coloration. And this is indistinguishable from systemic amyloid. So you should probably still work them up if y"
YT_Skin_Metabolic_and_Connective_Tissue_Junkins,YT Skin Metabolic and Connective Tissue Junkins,Skin::Depositional_Metabolic::Pigment::Argyria,Argyria,Argyria,2935.24,3058.8,48:55,50:59,123.56,"https://storage.googleapis.com/pathology-hub-0/source_videos/YT_Skin_Metabolic_and_Connective_Tissue_Junkins.mp4#t=2935.24,3058.8",semantic_gated_v0_2,0.5931,"So another thing in the differential of this is localized argyria with pseudo-ocrenosis. So here you get deposit of argyria from silver implantation. A lot of times it's in jewelry makers or people, who've poked their skin with silver. And then you get the silver deposits onto the collagen fibers and elastic fibers. So here you can see it nicely highlighting the elastic fibers in the papillary dermis. It's also regul"
YT_Skin_Metabolic_and_Connective_Tissue_Junkins,YT Skin Metabolic and Connective Tissue Junkins,Skin::Inflammatory::Dermal_Sclerosing::Hypertrophic_Scar,Hypertrophic Scar,Hypertrophic_Scar,3412.72,3549.92,56:53,59:10,137.2,"https://storage.googleapis.com/pathology-hub-0/source_videos/YT_Skin_Metabolic_and_Connective_Tissue_Junkins.mp4#t=3412.72,3549.92",semantic_gated_v0_2,0.5839,"You have the epidermal atrophy with hypercharotosis, interface change, and this widening, it almost looks like a dima of the papillary dermis with lymphocytes beneath it. The same sort of thing on the penis. So a lot of these are going to occur on the vulva perianal area of women, but on the guys, they can get it on the penis. Again, combination of hypercharotosis, interface change, widening of the papillary dermis w"
YT_Skin_Metabolic_and_Connective_Tissue_Junkins,YT Skin Metabolic and Connective Tissue Junkins,Skin::Depositional_Metabolic::Monckebergs_Sclerosis,Monckebergs Sclerosis,Monckebergs_Sclerosis,548.6,661.72,9:09,11:02,113.12,"https://storage.googleapis.com/pathology-hub-0/source_videos/YT_Skin_Metabolic_and_Connective_Tissue_Junkins.mp4#t=548.6,661.72",semantic_gated_v0_2,0.5725,"Moving on to lycan mixidemotosis or papula musonosis. There are two main forms. This usually presents an adult. I don't know, I've seen it in kids. So there's a localized version where you have these waxy papules that can often call us in a class plaques. It might have some linearity to it. These patients have no systemic conditions in contrast to the scleromixidema, which I'll get to in a second. It always corrects "
YT_Skin_Metabolic_and_Connective_Tissue_Junkins,YT Skin Metabolic and Connective Tissue Junkins,Skin::Inflammatory::Dermal_Sclerosing::Morphea_Localized_Scleroderma,Morphea Localized Scleroderma,Morphea_Localized_Scleroderma,3171.0,3279.88,52:51,54:40,108.88,"https://storage.googleapis.com/pathology-hub-0/source_videos/YT_Skin_Metabolic_and_Connective_Tissue_Junkins.mp4#t=3171,3279.88",semantic_gated_v0_2,0.6365,"So scleroderma, basically the nice discrete collagen bundles that I showed you earlier are all just merged into this sort of diffuse sclerotic material. It's a sclerotic change of the dermis. You can sometimes see the collagen bundles still here. But they're very sclerotic. You can see the papillary dermis is is homogenized and sclerotin. Not really homogenized, but very smooth and sclerotic. You lose a periaquine fa"
YT_Skin_Metabolic_and_Connective_Tissue_Junkins,YT Skin Metabolic and Connective Tissue Junkins,Skin::Depositional_Metabolic::Mucinosis::Pretibial_Myxedema,Pretibial Myxedema,Pretibial_Myxedema,424.12,547.64,7:04,9:08,123.52,"https://storage.googleapis.com/pathology-hub-0/source_videos/YT_Skin_Metabolic_and_Connective_Tissue_Junkins.mp4#t=424.12,547.64",semantic_gated_v0_2,0.6157,"So starting with thyroid Dermapathy or pre-tribal mucin, so here these patients have graves disease, but they won't always have hyperthyroidism. Sometimes a graves disease can have been treated, and at that point they might be u-thyroid, but they can still present with this. They get these depositions within the dermis of the usually anterior legs, but you can also see it on the feet, as you can see here. Sometimes i"
YT_Skin_Metabolic_and_Connective_Tissue_Junkins,YT Skin Metabolic and Connective Tissue Junkins,Skin::Depositional_Metabolic::Reaction_to_Cosmetic_Fillers,Reaction to Cosmetic Fillers,Reaction_to_Cosmetic_Fillers,3803.36,3939.92,1:03:23,1:05:40,136.56,"https://storage.googleapis.com/pathology-hub-0/source_videos/YT_Skin_Metabolic_and_Connective_Tissue_Junkins.mp4#t=3803.36,3939.92",semantic_gated_v0_2,0.5154,"And then lastly, I just want to talk briefly about fillers. There are a lot of different fillers that are used. And I think if you guys are resistant to this, you're going to have to know about most of these here, hyaluronic acid, polyelactic acid, calcium hydroxyapatate, and silicone. And they have very classic presentation. So hyaluronic acid or mucin is going to be the same color of mucin. But it's very smooth. An"
YT_Skin_Metabolic_and_Connective_Tissue_Junkins,YT Skin Metabolic and Connective Tissue Junkins,Skin::Depositional_Metabolic::Mucinosis::Reticular_Erythematous_Mucinosis,Reticular Erythematous Mucinosis,Reticular_Erythematous_Mucinosis,95.84,232.96,1:36,3:53,137.12,"https://storage.googleapis.com/pathology-hub-0/source_videos/YT_Skin_Metabolic_and_Connective_Tissue_Junkins.mp4#t=95.84,232.96",semantic_gated_v0_2,0.5557,"I don't know. I'm sure most of you guys have seen some skin, but we'll take you back to medical school or early residency to show you what the histology looks like for normal skin. You have the best-beastradochornium, normal epidermis. And this little tiny area underneath the epidermis with these more whisperer fine collagen bundles is a papillary dermis. And this can get expanded or fibrotic and sclerotic and differ"
YT_Skin_Metabolic_and_Connective_Tissue_Junkins,YT Skin Metabolic and Connective Tissue Junkins,Skin::Depositional_Metabolic::Mucinosis::Reticular_Erythematous_Mucinosis,Reticular Erythematous Mucinosis,Reticular_Erythematous_Mucinosis,1032.28,1138.16,17:12,18:58,105.88,"https://storage.googleapis.com/pathology-hub-0/source_videos/YT_Skin_Metabolic_and_Connective_Tissue_Junkins.mp4#t=1032.28,1138.16",semantic_gated_v0_2,0.607,"Reticular etheminist musinosis, I don't usually make this diagnosis because it's hard you need the climpat correlation. A lot of people think it's the same as too little of this. You have small bland lymphocytes around the vessels, sometimes around the adenxyl structures and gobs of musin deposition or hyaluronic acid. And this is usually sort of central chest with a plaque that looks a little reticulated and that's "
YT_Skin_Papulosquamous_and_Spongiotic_Dermatitis_Ko,YT Skin Papulosquamous and Spongiotic Dermatitis Ko,Skin::Inflammatory::Psoriasiform::Biologic_induced_psoriasiform_dermatitis,Biologic induced psoriasiform dermatitis,Biologic_induced_psoriasiform_dermatitis,2007.68,2121.76,33:28,35:22,114.08,"https://storage.googleapis.com/pathology-hub-0/source_videos/YT_Skin_Papulosquamous_and_Spongiotic_Dermatitis_Ko.mp4#t=2007.68,2121.76",semantic_gated_v0_2,0.5021,and bd2 as being stronger in what is favored to be psoriasis all right and versus spangiotic has less of il 36 and bd2 immunohistic chemistry so that's something um i'm just going to show an example of this now sort of you know this is the same biopsy in one area it looked a little bit like psoriasis in one area it looked a little bit more examinus and looked the clinical the clinician didn't really help me they just
YT_Skin_Papulosquamous_and_Spongiotic_Dermatitis_Ko,YT Skin Papulosquamous and Spongiotic Dermatitis Ko,Skin::Inflammatory::Spongiotic::Eosinophilic_Spongiosis,Eosinophilic Spongiosis,Eosinophilic_Spongiosis,1601.6,1737.52,26:42,28:58,135.92,"https://storage.googleapis.com/pathology-hub-0/source_videos/YT_Skin_Papulosquamous_and_Spongiotic_Dermatitis_Ko.mp4#t=1601.6,1737.52",semantic_gated_v0_2,0.5852,it may have eosinophils but more importantly it can have some individually necrotic cells within the epidermis um a sort of a toxic phenomenon so here um this person um put something on their lips and um sort of had a toxicity here and this is what it would correspond to a little bit of intercellular edema um but you can see it's not that prominent and maybe even um as prominent as the spangiosis the intercellular ed
YT_Skin_Papulosquamous_and_Spongiotic_Dermatitis_Ko,YT Skin Papulosquamous and Spongiotic Dermatitis Ko,Skin::Inflammatory::Spongiotic::Nummular_Dermatitis,Nummular Dermatitis,Nummular_Dermatitis,1391.76,1497.2,23:12,24:57,105.44,"https://storage.googleapis.com/pathology-hub-0/source_videos/YT_Skin_Papulosquamous_and_Spongiotic_Dermatitis_Ko.mp4#t=1391.76,1497.2",semantic_gated_v0_2,0.5547,um different ums examinus processes so the important thing is that the clinician oftentimes can tell better what type of examinus process is going on okay so here for example this is a topic dermatitis acute a topic dermatitis this is numular dermatitis clinically right um so numular dermatitis clinically is coin shaped or circular lesions a topic dermatitis has a different distribution depending on the age but it ca
YT_Skin_Papulosquamous_and_Spongiotic_Dermatitis_Ko,YT Skin Papulosquamous and Spongiotic Dermatitis Ko,Skin::Inflammatory::Psoriasiform::Psoriasiform_Dermatitis_Overview,Psoriasiform Dermatitis Overview,Psoriasiform_Dermatitis_Overview,302.0,425.08,5:02,7:05,123.08,"https://storage.googleapis.com/pathology-hub-0/source_videos/YT_Skin_Papulosquamous_and_Spongiotic_Dermatitis_Ko.mp4#t=302,425.08",semantic_gated_v0_2,0.6014,"categorizations in derm path are based on the clinical and this goes way back because early on in dermatology pathologists weren't so interested in derm path and so dermatologists were the ones oftentimes that were characterizing what was going on microscopically as a correlate to clinical changes. So here I'm showing these two major reaction patterns, psoriasis form and papillus quamous on the left and spungiotic or"
YT_Skin_Papulosquamous_and_Spongiotic_Dermatitis_Ko,YT Skin Papulosquamous and Spongiotic Dermatitis Ko,Skin::Inflammatory::Psoriasiform::Small_Plaque_Parapsoriasis,Small Plaque Parapsoriasis,Small_Plaque_Parapsoriasis,563.48,700.68,9:23,11:41,137.2,"https://storage.googleapis.com/pathology-hub-0/source_videos/YT_Skin_Papulosquamous_and_Spongiotic_Dermatitis_Ko.mp4#t=563.48,700.68",semantic_gated_v0_2,0.594,examinus or chronic spongiotic process is similar to like in simplex chronicus they're both chronic and see look so there's some thickening of collagen a little bit vertically oriented here there is some intercellular edema but none of those sort of larger vesicles that we saw in the acute spongiosis and the strontocornium is altered here we have paracaritosis no neutrophils as we saw in psoriasis and the granular la
YT_Skin_Perforating_Fung,YT Skin Perforating Fung,Skin::Inflammatory::Degenerative::Chondrodermatitis_Nodularis_Helicis,Chondrodermatitis Nodularis Helicis,Chondrodermatitis_Nodularis_Helicis,0.0,136.88,0:00,2:17,136.88,"https://storage.googleapis.com/pathology-hub-0/source_videos/YT_Skin_Perforating_Fung.mp4#t=0,136.88",semantic_gated_v0_2,0.568,"This is Dr. Max Fung, University of California Davis in Sacramento, California. This week, our residents and rotators are covering Fibrosing and Sclerosing Dermatitis. The assigned reading for our Dermatology Residents is chapter 13 of Elston and Faringer's Dermatopathology textbook, which is actually entitled 'Alterations in Collagen and Elastin.' A handful of other topics can be covered, so this session will be a s"
YT_Skin_Perforating_Fung,YT Skin Perforating Fung,Skin::Inflammatory::Degenerative::Chondrodermatitis_Nodularis_Helicis,Chondrodermatitis Nodularis Helicis,Chondrodermatitis_Nodularis_Helicis,137.6,264.04,2:18,4:24,126.44,"https://storage.googleapis.com/pathology-hub-0/source_videos/YT_Skin_Perforating_Fung.mp4#t=137.6,264.04",semantic_gated_v0_2,0.698,"Chondrodermatitis Nodularis Helicis (CNH) is attributable to a disorder of one or more connective tissues, primarily the cartilage of the ear, sometimes associated with abnormalities of elastin in the form of solar elastosis. CNH may be multifactorial, with a role for chronic pressure or irritation in addition to abnormalities reflected by the adjacent or overlying elastic tissue. From a dermatopathologist's perspect"
YT_Skin_Perforating_Fung,YT Skin Perforating Fung,Skin::Depositional_Metabolic::Elastosis_Perforans_Serpiginosa,Elastosis Perforans Serpiginosa,Elastosis_Perforans_Serpiginosa,397.36,529.84,6:37,8:50,132.48,"https://storage.googleapis.com/pathology-hub-0/source_videos/YT_Skin_Perforating_Fung.mp4#t=397.36,529.84",semantic_gated_v0_2,0.6401,"These structures or daggers are variably eosinophilic or basophilic. This one appears more eosinophilic, with some neutrophils on one end. The other is paler but basophilic. This is the more characteristic appearance of collagen elimination on H&E. In contrast, eliminating elastic fibers can be stained black on silver stains but tend to appear a bright red color on H&E. These daggers can be consistently highlighted b"
YT_Skin_Perforating_Fung,YT Skin Perforating Fung,Skin::Depositional_Metabolic::Elastosis_Perforans_Serpiginosa,Elastosis Perforans Serpiginosa,Elastosis_Perforans_Serpiginosa,529.84,618.4,8:50,10:18,88.56,"https://storage.googleapis.com/pathology-hub-0/source_videos/YT_Skin_Perforating_Fung.mp4#t=529.84,618.4",semantic_gated_v0_2,0.5771,"Here is higher magnification still showing progressive thinning and a break within the follicular epithelium. Looking at a high power view with a side-by-side comparison using Masson's trichrome, we observe that the trichrome stain colors collagen blue. The dermis appears blue, but no blue fibers are seen breaking through the follicular epithelium. Therefore, this section is negative for transepithelial elimination o"
YT_Skin_Perforating_Fung,YT Skin Perforating Fung,Skin::Depositional_Metabolic::Elastosis_Perforans_Serpiginosa,Elastosis Perforans Serpiginosa,Elastosis_Perforans_Serpiginosa,618.4,725.0,10:18,12:05,106.6,"https://storage.googleapis.com/pathology-hub-0/source_videos/YT_Skin_Perforating_Fung.mp4#t=618.4,725",semantic_gated_v0_2,0.5834,"Even at the level of H&E, without histochemical stains, we can sometimes suspect collagen versus elastin. With acquired perforating dermatosis, we observe a dagger-like appearance with variably basophilic fibers. In contrast, EPS presents as a haphazard and clustered aggregate of red-colored, more eosinophilic fibers. The size and shape of these fibers are also discernible on H&E. The question posed to the audience i"
YT_Skin_Perforating_Fung,YT Skin Perforating Fung,Skin::Inflammatory::Dermal_Sclerosing::Sclerodermoid_Graft_Versus_Host_Disease,Sclerodermoid Graft Versus Host Disease,Sclerodermoid_Graft_Versus_Host_Disease,725.0,863.72,12:05,14:24,138.72,"https://storage.googleapis.com/pathology-hub-0/source_videos/YT_Skin_Perforating_Fung.mp4#t=725,863.72",semantic_gated_v0_2,0.6169,"While the link to perforating dermatopathology may be tenuous, the topic of chronic GVHD falls under the broad heading of alterations in collagen and elastin. Chronic GVHD can be divided into lichenoid and sclerodermoid subsets, both clinically and histologically. It can also be classified as interface dermatitis. These stages are characterized by the hallmark of interface dermatitis, whether prominent or sparse. In "
YT_Skin_Perivascular_Dermatitis_Fung,YT Skin Perivascular Dermatitis Fung,Skin::Inflammatory::Drug_Eruption::Drug_Reaction_With_Eosinophilia_And_Systemic_Symptoms_DRESS,Drug Reaction With Eosinophilia And Systemic Symptoms DRESS,Drug_Reaction_With_Eosinophilia_And_Systemic_Symptoms_DRESS,369.16,488.92,6:09,8:09,119.76,"https://storage.googleapis.com/pathology-hub-0/source_videos/YT_Skin_Perivascular_Dermatitis_Fung.mp4#t=369.16,488.92",semantic_gated_v0_2,0.6254,"The term 'dermal hypersensitivity reaction' has been used by many dermatologists and dermatopathologists for decades to describe the histopathology of superficial and mid-perivascular dermatitis with eosinophils. In truth, it is often considered a waste-basket histologic reaction pattern. In a published large series, specific causes of these eruptions were delineated. While arthropod bite reactions correspond to some"
YT_Skin_Perivascular_Dermatitis_Fung,YT Skin Perivascular Dermatitis Fung,Skin::Inflammatory::Dermal_Sclerosing::Lichen_Sclerosus_et_Atrophicus,Lichen Sclerosus et Atrophicus,Lichen_Sclerosus_et_Atrophicus,1366.12,1460.52,22:46,24:21,94.4,"https://storage.googleapis.com/pathology-hub-0/source_videos/YT_Skin_Perivascular_Dermatitis_Fung.mp4#t=1366.12,1460.52",semantic_gated_v0_2,0.7077,"Pathognomonic histopathologic features. Although lichen sclerosus is also a good example of the evolution of a pathologic process, so-called lives of lesions, in the early stage of lichen sclerosus, it may not show any of the characteristic textbook features that we usually think about. In the early stage of lichen sclerosus, there may actually be psoriasiform hyperplasia rather than atrophy, and vascular interface c"
YT_Skin_Perivascular_Dermatitis_Fung,YT Skin Perivascular Dermatitis Fung,Skin::Inflammatory::Interface::Lupus_Erythematosus_Subacute_Cutaneous_SCLE,Lupus Erythematosus Subacute Cutaneous SCLE,Lupus_Erythematosus_Subacute_Cutaneous_SCLE,754.92,869.8,12:35,14:30,114.88,"https://storage.googleapis.com/pathology-hub-0/source_videos/YT_Skin_Perivascular_Dermatitis_Fung.mp4#t=754.92,869.8",semantic_gated_v0_2,0.5912,"Upon a nevus, the 'two-lit' variant of chronic cutaneous lupus erythematosus is characterized by... Tumid lupus erythematosus presents with moderately dense perivascular and periadnexal infiltrates that usually involve the reticular dermis and often adnexal glands. These infiltrates typically include plasma cells but no eosinophils. Increased interstitial mucin may also be present in the reticular dermis. This includ"
YT_Skin_Perivascular_Dermatitis_Fung,YT Skin Perivascular Dermatitis Fung,Skin::Inflammatory::Dermal_Sclerosing::Morphea_Localized_Scleroderma,Morphea Localized Scleroderma,Morphea_Localized_Scleroderma,1590.76,1664.76,26:31,27:45,74.0,"https://storage.googleapis.com/pathology-hub-0/source_videos/YT_Skin_Perivascular_Dermatitis_Fung.mp4#t=1590.76,1664.76",semantic_gated_v0_2,0.6542,"A superficial and deep perivascular and periadnexal lymphocytic infiltrate is typically present, and it is very characteristic for the inflammatory aggregates to be centered at the junction of the dermis and subcutaneous lobules. It has been written and said that the presence of eosinophils of The dermal-subcutaneous junction is classic for Morphea. That's probably true, but I would say that. Plasma cells are even mo"
YT_Skin_Perivascular_Dermatitis_Fung,YT Skin Perivascular Dermatitis Fung,Skin::Inflammatory::Perforating::Perforating_Dermatoses,Perforating Dermatoses,Perforating_Dermatoses,0.0,111.24,0:00,1:51,111.24,"https://storage.googleapis.com/pathology-hub-0/source_videos/YT_Skin_Perivascular_Dermatitis_Fung.mp4#t=0,111.24",semantic_gated_v0_2,0.6018,"Hi, this is Dr. Max Thung, director of Dermatopathology at the University of California Davis in Sacramento, California. I will be lecturing on Perivascular Dermatitis, invisible dermatoses, and fibrosing and sclerosing disorders. It is June 2020. We are currently finishing our Dermpath curriculum with the Dermpath Residents. These are the last two of ten topics in inflammatory skin diseases. If you would like to see"
YT_Skin_Perivascular_Dermatitis_Fung,YT Skin Perivascular Dermatitis Fung,Skin::Depositional_Metabolic::Mucinosis::Scleromyxedema,Scleromyxedema,Scleromyxedema,1782.28,1863.0,29:42,31:03,80.72,"https://storage.googleapis.com/pathology-hub-0/source_videos/YT_Skin_Perivascular_Dermatitis_Fung.mp4#t=1782.28,1863",semantic_gated_v0_2,0.6264,"Lichen myxedematosus has a couple of other names attached to it. In the earlier stage, it is called papular mucinosis, and in the more fully developed late stage, it is called scleromyxedema, hence its inclusion in the sclerosing disorders. However, this entity is probably as much of a fibrosing disorder as a sclerosing one, depending on the stage. Like Morphea, it is characterized by a perivascular and peria-nexal i"
YT_Skin_Psoriasiform_Dermatitis_Fung,YT Skin Psoriasiform Dermatitis Fung,Skin::Inflammatory::Spongiotic::Chronic_Spongiotic_Dermatitis_Lichen_Simplex,Chronic Spongiotic Dermatitis Lichen Simplex,Chronic_Spongiotic_Dermatitis_Lichen_Simplex,1230.96,1366.4,20:31,22:46,135.44,"https://storage.googleapis.com/pathology-hub-0/source_videos/YT_Skin_Psoriasiform_Dermatitis_Fung.mp4#t=1230.96,1366.4",semantic_gated_v0_2,0.7511,"In fact, if one looks at the published photomicrographs of the classic cases of Lichen Simplex chronicus in the original description of the entity back in 1951 by Schaefer and colleagues, one indeed sees evidence of chronic spongiotic dermatitis with irregular. Areas of marked epidermal hyperplasia and evident spongiosis. The distinction between chronic spongiotic dermatitis and LSC is a non-issue, contrasting with a"
YT_Skin_Psoriasiform_Dermatitis_Fung,YT Skin Psoriasiform Dermatitis Fung,Skin::Congenital_Structural::Maturation_Keratinization::Granular_Parakeratosis,Granular Parakeratosis,Granular_Parakeratosis,2137.52,2268.48,35:38,37:48,130.96,"https://storage.googleapis.com/pathology-hub-0/source_videos/YT_Skin_Psoriasiform_Dermatitis_Fung.mp4#t=2137.52,2268.48",semantic_gated_v0_2,0.6786,"The granular layer shows hypergranulosis. In addition, the most characteristic feature in PRP is the alternating or checkerboard pattern of parakeratosis and orthokeratosis. Another example demonstrates psoria-siform epidermal hyperplasia. This time, the histology appears a little more irregular compared to the previous case. Again, there is a sparse superficial lymphocytic infiltrate. Let's take a closer look at the"
YT_Skin_Psoriasiform_Dermatitis_Fung,YT Skin Psoriasiform Dermatitis Fung,Skin::Inflammatory::Psoriasiform::Pityriasis_Rubra_Pilaris,Pityriasis Rubra Pilaris,Pityriasis_Rubra_Pilaris,2008.16,2136.64,33:28,35:37,128.48,"https://storage.googleapis.com/pathology-hub-0/source_videos/YT_Skin_Psoriasiform_Dermatitis_Fung.mp4#t=2008.16,2136.64",semantic_gated_v0_2,0.6392,"The lesion can be quite large. This image was captured by superimposing four 2x objective images, reflecting an older imaging method as a high-throughput digital scanner is now available but was not used for this specific case, and an Adobe photomontage was not created. The micrograph displays a dome-shaped lesion with prominent epidermal hyperplasia. Notice the thick, bulbous hair follicles with hypergranulosis in b"
YT_Skin_Psoriasiform_Dermatitis_Fung,YT Skin Psoriasiform Dermatitis Fung,Skin::Inflammatory::Psoriasiform::Psoriasiform_Dermatitis_Overview,Psoriasiform Dermatitis Overview,Psoriasiform_Dermatitis_Overview,0.0,123.6,0:00,2:04,123.6,"https://storage.googleapis.com/pathology-hub-0/source_videos/YT_Skin_Psoriasiform_Dermatitis_Fung.mp4#t=0,123.6",semantic_gated_v0_2,0.6537,"Dr. Max Fung is from the University of California Davis in Sacramento, California. In this session, we'll be covering Psoriasiform Dermatitis, which in many ways is a direct follow-up to the previous topic of Spongiotic Dermatitis. Please check out our website for the year-long teaching curriculum. As one might expect from the title, most of the topics end in '-itis'. Psoriasiform Dermatitis is one of the patterns on"
YT_Skin_Psoriasiform_Dermatitis_Fung,YT Skin Psoriasiform Dermatitis Fung,Skin::Inflammatory::Psoriasiform::Psoriasis_Vulgaris_Plaque,Psoriasis Vulgaris Plaque,Psoriasis_Vulgaris_Plaque,326.72,457.44,5:27,7:37,130.72,"https://storage.googleapis.com/pathology-hub-0/source_videos/YT_Skin_Psoriasiform_Dermatitis_Fung.mp4#t=326.72,457.44",semantic_gated_v0_2,0.6435,"It seems that we can make or at least favor a diagnosis of psoriasis. In fully developed lesions of plaque-type psoriasis or psoriasis vulgaris, the appearances are often quite distinctive, even from scanning magnification. In addition to the psoriasiform hyperplasia or psoriasiform acanthosis, which can be regarded as synonymous phrases, we observe the regular elongation of the rete ridges. They are often somewhat c"
YT_Skin_Psoriasiform_Dermatitis_Fung,YT Skin Psoriasiform Dermatitis Fung,Skin::Inflammatory::Reactive::Reactive_Epidermal_Hyperplasia,Reactive Epidermal Hyperplasia,Reactive_Epidermal_Hyperplasia,123.6,243.2,2:04,4:03,119.6,"https://storage.googleapis.com/pathology-hub-0/source_videos/YT_Skin_Psoriasiform_Dermatitis_Fung.mp4#t=123.6,243.2",semantic_gated_v0_2,0.6446,"Hypertrophy is an increase in the size of tissue related to an increase in the size of individual cells. Unlike hyperplasia, which involves an increased number of cells, hypertrophy shows no increase in cell number; instead, individual cells gain greater volume and size. Like hyperplasia, hypertrophy is also a very reversible process. Finally, hyperkeratosis refers to a thickening of the stratum corneum alone. So aga"
YT_Skin_Psoriasiform_Dermatitis_Fung,YT Skin Psoriasiform Dermatitis Fung,Skin::Inflammatory::Spongiotic::Spongiotic_Dermatitis_Eczema_Overview,Spongiotic Dermatitis Eczema Overview,Spongiotic_Dermatitis_Eczema_Overview,709.76,835.28,11:50,13:55,125.52,"https://storage.googleapis.com/pathology-hub-0/source_videos/YT_Skin_Psoriasiform_Dermatitis_Fung.mp4#t=709.76,835.28",semantic_gated_v0_2,0.6419,"As mentioned in the lecture on spongiotic dermatitis, the presence of neutrophils within the epidermis constitutes neutrophilic spongiosis. There is a diverse differential diagnosis for neutrophilic spongiosis, with psoriasis always being first on that list. Various forms of spongiotic dermatitis, such as irritant contact dermatitis and seborrheic dermatitis, commonly enter the differential diagnosis. Necrolytic migr"
YT_Skin_Psoriasiform_Dermatitis_Fung,YT Skin Psoriasiform Dermatitis Fung,Skin::Infectious::Bacterial::Syphilis_Secondary_Cutaneous,Syphilis Secondary Cutaneous,Syphilis_Secondary_Cutaneous,2389.76,2523.44,39:50,42:03,133.68,"https://storage.googleapis.com/pathology-hub-0/source_videos/YT_Skin_Psoriasiform_Dermatitis_Fung.mp4#t=2389.76,2523.44",semantic_gated_v0_2,0.6431,"Textbooks, indeed, confirmed that the pallor is most consistent with deficiency dermatitis, although it has occasionally been mentioned as a feature in both psoriasis and pityriasis rubra pilaris. Here's a clinical challenge for dermatologists. Experienced clinicians, Evaluate and diagnose. And you should be pleased if this description of the clinical features and... Histopathologic features support your impression o"
YT_Skin_Soft_Tissue_Fung,YT Skin Soft Tissue Fung,Skin::Neoplastic::Soft_Tissue::Muscular::Cutaneous_Leiomyoma_Pilar,Cutaneous Leiomyoma Pilar,Cutaneous_Leiomyoma_Pilar,2802.0,2941.0,46:42,49:01,139.0,"https://storage.googleapis.com/pathology-hub-0/source_videos/YT_Skin_Soft_Tissue_Fung.mp4#t=2802,2941",semantic_gated_v0_2,0.7249,"Benign neoplasms of smooth muscle are designated leiomyoma, and in the skin, there are essentially two major variants. The pilar type, or piloleiomyoma, is centered in the mid-dermis, with small bundles that essentially recapitulate erector pili muscle. External genitalia leiomyomas are distinctive, but we are skipping over those for now. The other distinctive type is the vascular, or angioleiomyoma. This is present "
YT_Skin_Soft_Tissue_Fung,YT Skin Soft Tissue Fung,Skin::Neoplastic::Soft_Tissue::Neural::Granular_Cell_Tumor,Granular Cell Tumor,Granular_Cell_Tumor,1241.0,1347.0,20:41,22:27,106.0,"https://storage.googleapis.com/pathology-hub-0/source_videos/YT_Skin_Soft_Tissue_Fung.mp4#t=1241,1347",semantic_gated_v0_2,0.6371,"A clinically relevant aspect of granular cell tumors is their predilection for pseudocarcinomatous epithelial hyperplasia. These lesions can occur anywhere, but the tongue is an especially common site. In superficial skin biopsies, there is a risk of overcalling pseudocarcinomatous hyperplasia as a squamous cell carcinoma if the granular cells at the base of the biopsy are not appreciated. Distinguishing granular cel"
YT_Skin_Soft_Tissue_Fung,YT Skin Soft Tissue Fung,Skin::Neoplastic::Soft_Tissue::Neural::Neurofibroma_Plexiform,Neurofibroma Plexiform,Neurofibroma_Plexiform,506.0,638.0,8:26,10:38,132.0,"https://storage.googleapis.com/pathology-hub-0/source_videos/YT_Skin_Soft_Tissue_Fung.mp4#t=506,638",semantic_gated_v0_2,0.6974,"In my experience, neurotization in intradermal nevi more often resembles Meissner corpuscles. These are typically most prominent in the deep dermal portion of the nevus. If you carefully examine the superficial-most portion of the lesion in the papillary dermis, you will typically identify some classic melanocytic nests and maybe even a subtle junctional nevus component. With multiple neurofibromas, or even a single "
YT_Skin_Soft_Tissue_Fung,YT Skin Soft Tissue Fung,Skin::Neoplastic::Soft_Tissue::Neural::Palisaded_Encapsulated_Neuroma,Palisaded Encapsulated Neuroma,Palisaded_Encapsulated_Neuroma,638.0,777.0,10:38,12:57,139.0,"https://storage.googleapis.com/pathology-hub-0/source_videos/YT_Skin_Soft_Tissue_Fung.mp4#t=638,777",semantic_gated_v0_2,0.7242,"At least half of Malignant Peripheral Nerve Sheath Tumors (MPNSTs) arise in patients with a history of NF1. S100 is usually diffusely and strongly positive in desmoplastic spindle cell melanomas but is often absent, weak, or focal in MPNST. H3K27me3, or loss of trimethylation on lysine 27 of histone 3, is another immunostain that can be used. Returning now to the world of common neural tumors, palisaded encapsulated "
YT_Skin_Soft_Tissue_Fung,YT Skin Soft Tissue Fung,Skin::Neoplastic::Soft_Tissue::Neural::Post_Traumatic_Neuroma,Post Traumatic Neuroma,Post_Traumatic_Neuroma,777.0,899.0,12:57,14:59,122.0,"https://storage.googleapis.com/pathology-hub-0/source_videos/YT_Skin_Soft_Tissue_Fung.mp4#t=777,899",semantic_gated_v0_2,0.5918,"So, I don't need to verify if you are human, but I do need to verify if you are awake. Please pause and select. You just had to be awake 10 seconds ago. Here we observe an exaggerated space surrounding the central portion of the nerve fiber, with a subtle hint of mucins. This appearance is consistent with a mature nerve fiber, typically found in traumatic or amputation neuromas. This category also includes accessory "
YT_Skin_Soft_Tissue_Fung,YT Skin Soft Tissue Fung,Skin::Soft_Tissue::Adipocytic::Spindle_Cell_Pleomorphic_Lipoma,Spindle Cell Pleomorphic Lipoma,Spindle_Cell_Pleomorphic_Lipoma,2108.0,2253.0,35:08,37:33,145.0,"https://storage.googleapis.com/pathology-hub-0/source_videos/YT_Skin_Soft_Tissue_Fung.mp4#t=2108,2253",semantic_gated_v0_2,0.7691,"Spindle cell/pleomorphic lipomas are histologically distinctive and benign tumors. Classically, they arise on the upper back, neck, or shoulder area of an adult man; historically, if the tumor was not in this clinical setting, the diagnosis was questioned. Nowadays, it is recognized to occur in women as well as men, with variants involving the extremities and even confined to the dermis reported. There are a couple o"
YT_Skin_Soft_Tissue_Fung,YT Skin Soft Tissue Fung,Skin::Soft_Tissue::Adipocytic::Spindle_Cell_Pleomorphic_Lipoma,Spindle Cell Pleomorphic Lipoma,Spindle_Cell_Pleomorphic_Lipoma,2254.0,2383.0,37:34,39:43,129.0,"https://storage.googleapis.com/pathology-hub-0/source_videos/YT_Skin_Soft_Tissue_Fung.mp4#t=2254,2383",semantic_gated_v0_2,0.7221,"Amidst the small spindle cells and myxoid stroma, there are scattered inordinately thick or ropey collagen fibers. Pleomorphic lipoma is now on a histologic and pathogenetic spectrum with spindle cell lipoma, but it does have its own distinctive features consistent with its original classification as a separate entity. Pleomorphic lipoma is characterized by pleomorphic cells, particularly a somewhat bizarre, multinuc"
YT_Skin_Spongiotic_Dermatitis_Fung,YT Skin Spongiotic Dermatitis Fung,Skin::Inflammatory::Spongiotic::Allergic_Contact_Dermatitis,Allergic Contact Dermatitis,Allergic_Contact_Dermatitis,1576.48,1709.76,26:16,28:30,133.28,"https://storage.googleapis.com/pathology-hub-0/source_videos/YT_Skin_Spongiotic_Dermatitis_Fung.mp4#t=1576.48,1709.76",semantic_gated_v0_2,0.6651,"Allergic contact dermatitis, the prototype of acute spongiotic dermatitis, is frequently mediated by the Toxicodendron genus of flowering plants, which causes poison oak and poison ivy. The common nickel allergy is also shown. Given the very distinctive clinical presentations of allergic contact dermatitis, it is not surprising that it is not usually biopsied. Furthermore, biopsies of allergic contact dermatitis show"
YT_Skin_Spongiotic_Dermatitis_Fung,YT Skin Spongiotic Dermatitis Fung,Skin::Inflammatory::Spongiotic::Chronic_Spongiotic_Dermatitis_Lichen_Simplex,Chronic Spongiotic Dermatitis Lichen Simplex,Chronic_Spongiotic_Dermatitis_Lichen_Simplex,891.92,1030.72,14:52,17:11,138.8,"https://storage.googleapis.com/pathology-hub-0/source_videos/YT_Skin_Spongiotic_Dermatitis_Fung.mp4#t=891.92,1030.72",semantic_gated_v0_2,0.8147,"Clinically, chronic spongiotic dermatitis is characterized by lichenification, or a lichen-like appearance to the skin. The histopathologic correlates of lichenification include compact orthokeratosis, resembling the stratum corneum on acral skin, and fibrosis of the papillary dermis. These features essentially overlap with those of Lichen Simplex Chronicus, often seen in patients with chronic atopic dermatitis. When"
YT_Skin_Spongiotic_Dermatitis_Fung,YT Skin Spongiotic Dermatitis Fung,Skin::Inflammatory::Spongiotic::Chronic_Spongiotic_Dermatitis_Lichen_Simplex,Chronic Spongiotic Dermatitis Lichen Simplex,Chronic_Spongiotic_Dermatitis_Lichen_Simplex,1164.88,1301.2,19:25,21:41,136.32,"https://storage.googleapis.com/pathology-hub-0/source_videos/YT_Skin_Spongiotic_Dermatitis_Fung.mp4#t=1164.88,1301.2",semantic_gated_v0_2,0.6287,"Surrounding a Langerhans cell, even without a clear spongiotic vesicle, both cells are typically present. There are scattered small lymphocytes present. Here's a little test: Is this a spongiotic vesicle within the dashed circle? No, this is a dermal papilla. Observe the small cluster of red blood cells. Remember the normal, rete-rich pattern of the dermal-epidermal junction. Tissue sections inevitably get sectioned "
YT_Skin_Spongiotic_Dermatitis_Fung,YT Skin Spongiotic Dermatitis Fung,Skin::Inflammatory::Drug_Eruption::Drug_Reaction_With_Eosinophilia_And_Systemic_Symptoms_DRESS,Drug Reaction With Eosinophilia And Systemic Symptoms DRESS,Drug_Reaction_With_Eosinophilia_And_Systemic_Symptoms_DRESS,3024.32,3160.08,50:24,52:40,135.76,"https://storage.googleapis.com/pathology-hub-0/source_videos/YT_Skin_Spongiotic_Dermatitis_Fung.mp4#t=3024.32,3160.08",semantic_gated_v0_2,0.6741,"Regarding drug reactions, it is important to note that while eosinophils are often sought to support a diagnosis, they are not a requirement for a drug reaction to be present; clinical confirmation is essential. Similarly, deep dermal involvement of the inflammatory infiltrate is not required, though it can be a supportive finding. There is also some evidence to suggest that the inflammation in drug reactions might h"
YT_Skin_Spongiotic_Dermatitis_Fung,YT Skin Spongiotic Dermatitis Fung,Skin::Inflammatory::Spongiotic::Dyshidrotic_Eczema_Pompholyx,Dyshidrotic Eczema Pompholyx,Dyshidrotic_Eczema_Pompholyx,2479.36,2612.16,41:19,43:32,132.8,"https://storage.googleapis.com/pathology-hub-0/source_videos/YT_Skin_Spongiotic_Dermatitis_Fung.mp4#t=2479.36,2612.16",semantic_gated_v0_2,0.6849,"Dyshidrotic dermatitis, also known as dyshidrotic eczema, has a couple of older historical names: pompholyx, specifically cheiropompholyx when involving the hands, and podopompholyx when involving the feet. This reflects that the disorder is essentially limited to the acral or palmoplantar locations. Anecdotally, rare cases have extended proximally up the distal extremities, but only when acral involvement was quite "
YT_Skin_Spongiotic_Dermatitis_Fung,YT Skin Spongiotic Dermatitis Fung,Skin::Inflammatory::Spongiotic::Eosinophilic_Spongiosis,Eosinophilic Spongiosis,Eosinophilic_Spongiosis,1303.52,1438.56,21:44,23:59,135.04,"https://storage.googleapis.com/pathology-hub-0/source_videos/YT_Skin_Spongiotic_Dermatitis_Fung.mp4#t=1303.52,1438.56",semantic_gated_v0_2,0.7059,"Even with a classic Pautrier collection or Pautrier microabscess with atypical lymphocytes forming a collection within the epidermis, you can still see some surrounding spongiosis. Compare that with the classic spongiotic vesicle on the left, where we have admixed lymphocytes and Langerhans cells and relatively greater spongiosis. But in practice, the assessment is quite subjective in many cases, trying to determine "
YT_Skin_Spongiotic_Dermatitis_Fung,YT Skin Spongiotic Dermatitis Fung,Skin::Inflammatory::Spongiotic::Eosinophilic_Spongiosis,Eosinophilic Spongiosis,Eosinophilic_Spongiosis,1442.08,1573.6,24:02,26:14,131.52,"https://storage.googleapis.com/pathology-hub-0/source_videos/YT_Skin_Spongiotic_Dermatitis_Fung.mp4#t=1442.08,1573.6",semantic_gated_v0_2,0.6986,"Eosinophils are so characteristic within the host response of arthropod bite reactions and similarly scabies that one would question the diagnosis if eosinophils are not present, and eosinophilic spongiosis is also frequently encountered. The vesicular stage of incontinentia pigmenti is characterized by a near pathognomonic combination of intraepidermal eosinophils and dyskeratosis. The discussion covers eosinophilic"
YT_Skin_Spongiotic_Dermatitis_Fung,YT Skin Spongiotic Dermatitis Fung,Skin::Inflammatory::Spongiotic::Id_Reaction_Autoeczematization,Id Reaction Autoeczematization,Id_Reaction_Autoeczematization,2613.92,2753.6,43:34,45:54,139.68,"https://storage.googleapis.com/pathology-hub-0/source_videos/YT_Skin_Spongiotic_Dermatitis_Fung.mp4#t=2613.92,2753.6",semantic_gated_v0_2,0.6773,"With the Id reaction, this is characterized by acute, localized or generalized eczematous reactions, usually associated with a known trigger, classically a superficial fungal infection like tinea pedis. On pathology, it presents as spongiotic dermatitis, not otherwise specified. In Id reactions, eosinophils may be present, and papillary dermal edema is often observed. T cells in the epidermis are mostly CD8 positive,"
YT_Skin_Spongiotic_Dermatitis_Fung,YT Skin Spongiotic Dermatitis Fung,Skin::Inflammatory::Spongiotic::Nummular_Dermatitis,Nummular Dermatitis,Nummular_Dermatitis,2361.6,2476.64,39:22,41:17,115.04,"https://storage.googleapis.com/pathology-hub-0/source_videos/YT_Skin_Spongiotic_Dermatitis_Fung.mp4#t=2361.6,2476.64",semantic_gated_v0_2,0.7532,"The histopathology of Nummular dermatitis is that of spongiotic dermatitis NOS. Nummular dermatitis may show some eosinophils, occasional neutrophils, and uncommonly a lichenoid pattern. These adjectives are highlighted because multiple authors from different textbooks have used these exact words to describe the status of these cells and patterns in Nummular dermatitis, which is an annoying, disfiguring, and disablin"
YT_Skin_Spongiotic_Dermatitis_Fung,YT Skin Spongiotic Dermatitis Fung,Skin::Inflammatory::Spongiotic::Pityriasis_Rosea,Pityriasis Rosea,Pityriasis_Rosea,3511.6,3642.48,58:32,1:00:42,130.88,"https://storage.googleapis.com/pathology-hub-0/source_videos/YT_Skin_Spongiotic_Dermatitis_Fung.mp4#t=3511.6,3642.48",semantic_gated_v0_2,0.6707,"When encountering one of these biopsies, deeper sections sometimes reveal quite prominent spongiosis, or sometimes even a different diagnosis like folliculitis, or once I even saw scabies. Dermatophytosis and other superficial fungal infections are typically associated with a spongiotic dermatitis. Therefore, the use of fungal stains is routine in diagnosing these conditions. Typically, it's a spongiotic dermatitis w"
YT_Skin_Spongiotic_Dermatitis_Fung,YT Skin Spongiotic Dermatitis Fung,Skin::Inflammatory::Spongiotic::Spongiotic_Dermatitis_Eczema_Overview,Spongiotic Dermatitis Eczema Overview,Spongiotic_Dermatitis_Eczema_Overview,240.08,362.64,4:00,6:03,122.56,"https://storage.googleapis.com/pathology-hub-0/source_videos/YT_Skin_Spongiotic_Dermatitis_Fung.mp4#t=240.08,362.64",semantic_gated_v0_2,0.6225,"Dermatitis NOS (not otherwise specified), which I'll be using frequently. But hopefully, by the end of this session, you'll appreciate some of the nuances in this differential diagnosis. And certainly, the perceived lack or slow progress over the past many decades hasn't stopped investigators from advancing knowledge in this field and certainly hasn't prevented dermatopathologists from trying to do the best clinicopa"
YT_Skin_Spongiotic_Dermatitis_Fung,YT Skin Spongiotic Dermatitis Fung,Skin::Inflammatory::Spongiotic::Spongiotic_Dermatitis_Eczema_Overview,Spongiotic Dermatitis Eczema Overview,Spongiotic_Dermatitis_Eczema_Overview,525.6,661.2,8:46,11:01,135.6,"https://storage.googleapis.com/pathology-hub-0/source_videos/YT_Skin_Spongiotic_Dermatitis_Fung.mp4#t=525.6,661.2",semantic_gated_v0_2,0.5728,"Desmosomes, the structures between keratinocytes, are easier to see when the intercellular space is widened by edema fluid. This is best seen in the mid-portion of the epidermis, the spinous layer or stratum spinosum, also known as the prickle cell layer. Although the enhanced visibility of desmosomes is a critical clue to the presence of spongiosis, the desmosome is actually trying to stay normal, maintaining its ce"
YT_Skin_Spongiotic_Dermatitis_Fung,YT Skin Spongiotic Dermatitis Fung,Skin::Inflammatory::Spongiotic::Stasis_Dermatitis,Stasis Dermatitis,Stasis_Dermatitis,2891.44,3021.2,48:11,50:21,129.76,"https://storage.googleapis.com/pathology-hub-0/source_videos/YT_Skin_Spongiotic_Dermatitis_Fung.mp4#t=2891.44,3021.2",semantic_gated_v0_2,0.6762,"The key to including stasis dermatitis in a differential diagnosis is the recognition of venous stasis changes. Histologic features of venous stasis, in addition to the somewhat restrictive clinical setting, include a distinctive combination of findings: extravasated red blood cells, subsequent deposition of hemosiderin and siderophages, and most characteristically, vascular changes with a pattern of clusters of smal"
YT_Skin_T_Cell_Lymphoma_Cassarino,YT Skin T Cell Lymphoma Cassarino,Skin::Neoplastic::Hematolymphoid::Aggressive_Epidermotropic_CD8_Positive_T_Cell_Lymphoma,Aggressive Epidermotropic CD8 Positive T Cell Lymphoma,Aggressive_Epidermotropic_CD8_Positive_T_Cell_Lymphoma,836.28,963.4,13:56,16:03,127.12,"https://storage.googleapis.com/pathology-hub-0/source_videos/YT_Skin_T_Cell_Lymphoma_Cassarino.mp4#t=836.28,963.4",semantic_gated_v0_2,0.5659,"which usually lack in ALCL, and here is the CD30, so again, it usually goes along with large cell transformation, but it's not required for the diagnosis. Okay, so MAP in general is CD4 positive, can be CD8 positive, so HYPO or hyperfigmented forms are actually more frequently CD8 positive, Pagetoid reticulosis is often CD8 positive, we'll go over that in a little bit. These often actually have a better prognosis, so"
YT_Skin_T_Cell_Lymphoma_Cassarino,YT Skin T Cell Lymphoma Cassarino,Skin::Neoplastic::Hematolymphoid::Cutaneous_Gamma_Delta_T_Cell_Lymphoma,Cutaneous Gamma Delta T Cell Lymphoma,Cutaneous_Gamma_Delta_T_Cell_Lymphoma,2777.72,2896.44,46:18,48:16,118.72,"https://storage.googleapis.com/pathology-hub-0/source_videos/YT_Skin_T_Cell_Lymphoma_Cassarino.mp4#t=2777.72,2896.44",semantic_gated_v0_2,0.5671,"All right, so again the main differential besides gluteus, which I already talked about, so that's the main reactive thing in the differential with SPTCL. The main lymphoma in the differential is gamma delta and of course gamma delta are much more aggressive and eventually the beginning. So they're probably the most aggressive primary coutaneous T cell lymphoma often disseminate, so they start off in the skin or the "
YT_Skin_T_Cell_Lymphoma_Cassarino,YT Skin T Cell Lymphoma Cassarino,Skin::Neoplastic::Hematolymphoid::Granulomatous_Slack_Skin,Granulomatous Slack Skin,Granulomatous_Slack_Skin,1324.04,1418.48,22:04,23:38,94.44,"https://storage.googleapis.com/pathology-hub-0/source_videos/YT_Skin_T_Cell_Lymphoma_Cassarino.mp4#t=1324.04,1418.48",semantic_gated_v0_2,0.68,"granulomalis slacks skin, so another even more rare variant, so follicular tropics more common, pagiotoid reticulosis, granulomalis slacks skin, are less common, and these are a variant of granulomalis MF, so there is just granulomalis MF with histologic granulomas, but clinically they're not slack skin looking, so you don't wanna call those cases for granulomalis slacks skin, so it's really a clinical and histologic"
YT_Skin_T_Cell_Lymphoma_Cassarino,YT Skin T Cell Lymphoma Cassarino,Skin::Neoplastic::Lymphoid::T_Cell::MF_Variant_Poikiloderma,MF Variant Poikiloderma,MF_Variant_Poikiloderma,289.76,345.04,4:50,5:45,55.28,"https://storage.googleapis.com/pathology-hub-0/source_videos/YT_Skin_T_Cell_Lymphoma_Cassarino.mp4#t=289.76,345.04",semantic_gated_v0_2,0.6299,"between MF here. So a very early case of MF can be very subtle. So low power, this can look kind of like a spongeotic or interface. Myelolachenoidermatitis. You see a little bit of a band-like infiltrate along the dermal epidermal junctions. And patchy dermal infiltrate, but then when you go on high power, these cells are small, but they're hyperchromatic. So they're atypical hyperchromatic, and they're kind of linin"
YT_Skin_T_Cell_Lymphoma_Cassarino,YT Skin T Cell Lymphoma Cassarino,Skin::Neoplastic::Lymphoid::T_Cell::MF_Variant_Poikiloderma,MF Variant Poikiloderma,MF_Variant_Poikiloderma,463.04,589.72,7:43,9:50,126.68,"https://storage.googleapis.com/pathology-hub-0/source_videos/YT_Skin_T_Cell_Lymphoma_Cassarino.mp4#t=463.04,589.72",semantic_gated_v0_2,0.6403,"Most people are familiar with MF, especially if you're a chem or a derm path trained or a resonant fellow going to one of those specialties, so MF is again, by far, in a way, the most common primary T-cell lymphoma, it's epidermatropic, it progresses through the plastic patches, plaques, and tumor stages, not all cases, but more advanced tumors for a gas tumor stage. So those are the dense, nodular, dermal, predomina"
YT_Skin_T_Cell_Lymphoma_Cassarino,YT Skin T Cell Lymphoma Cassarino,Skin::Neoplastic::Lymphoid::T_Cell::MF_Variant_Poikiloderma,MF Variant Poikiloderma,MF_Variant_Poikiloderma,589.72,700.8,9:50,11:41,111.08,"https://storage.googleapis.com/pathology-hub-0/source_videos/YT_Skin_T_Cell_Lymphoma_Cassarino.mp4#t=589.72,700.8",semantic_gated_v0_2,0.569,"so here's showing you a few examples of early patch stage MF, this one has a nice picket vent sign, lining up of perinecular lymphocytes with perinecular halos along the dermal epidermal junction, little bit of extension, but not so much in this case, this one is more exuberant, it's still patch stage because of mild infiltrate, but it does have more exuberant epidermatropism, very hyperchimatic, and some pothry-like"
YT_Skin_T_Cell_Lymphoma_Cassarino,YT Skin T Cell Lymphoma Cassarino,Skin::Neoplastic::Lymphoid::T_Cell::MF_Variant_Poikiloderma,MF Variant Poikiloderma,MF_Variant_Poikiloderma,1215.68,1324.04,20:16,22:04,108.36,"https://storage.googleapis.com/pathology-hub-0/source_videos/YT_Skin_T_Cell_Lymphoma_Cassarino.mp4#t=1215.68,1324.04",semantic_gated_v0_2,0.583,"So follicular tropic MF, these are often highly CD4 positive, so most conventional MFs, sometimes, you know, it can be right around four or five to one, forty ratio, follicular tropic MF usually is 10, 20 to one, 48 ratio. I have seen a few CD8 positive cases, so it's rare, but, you know, just to be aware that there can be CD8 positive follicular tropic MF, but the vast majority are CD4 positive, and usually very mar"
YT_Skin_T_Cell_Lymphoma_Cassarino,YT Skin T Cell Lymphoma Cassarino,Skin::Neoplastic::Lymphoid::T_Cell::MF_Variant_Poikiloderma,MF Variant Poikiloderma,MF_Variant_Poikiloderma,1784.72,1918.52,29:45,31:59,133.8,"https://storage.googleapis.com/pathology-hub-0/source_videos/YT_Skin_T_Cell_Lymphoma_Cassarino.mp4#t=1784.72,1918.52",semantic_gated_v0_2,0.6054,"or Central Africa, where HCLD1 is more common. So about 50% of patients involve the skin, so these are often ulcerated nodules clinically, so here you can see a pretty large, and a ugly ulcerated looking lesion, kinda like the aggressive tumor tropics, eight positive T cell lymphoma, but looking more aggressive than MF, especially if this is how it presents initially. Most patients do have generalized lymphatmopathy,"
YT_Skin_T_Cell_Lymphoma_Cassarino,YT Skin T Cell Lymphoma Cassarino,Skin::Neoplastic::Hematolymphoid::Primary_Cutaneous_CD4_Positive_Small_Medium_T_Cell_Lymphoproliferative_Disorder,Primary Cutaneous CD4 Positive Small Medium T Cell Lymphoproliferative Disorder,Primary_Cutaneous_CD4_Positive_Small_Medium_T_Cell_Lymphoproliferative_Disorder,2173.6,2274.28,36:14,37:54,100.68,"https://storage.googleapis.com/pathology-hub-0/source_videos/YT_Skin_T_Cell_Lymphoma_Cassarino.mp4#t=2173.6,2274.28",semantic_gated_v0_2,0.7033,"T cell antigens are positive, these are CD4 positive, rare cases are CD8 positive, and I think the April lymphoprolifer disorders are probably just a variant of CD8 positive, small, medium, T cell lymphoproliferous disorders, the 10 to the 8 positive, so I kind of would like to see them lump these together, instead of calling them 4-8 positive, just call them all small, medium, T cell lymphoproliferous disorders, the"
YT_Skin_T_Cell_Lymphoma_Cassarino,YT Skin T Cell Lymphoma Cassarino,Skin::Neoplastic::Hematolymphoid::Primary_Cutaneous_CD4_Positive_Small_Medium_T_Cell_Lymphoproliferative_Disorder,Primary Cutaneous CD4 Positive Small Medium T Cell Lymphoproliferative Disorder,Primary_Cutaneous_CD4_Positive_Small_Medium_T_Cell_Lymphoproliferative_Disorder,3020.6,3154.68,50:21,52:35,134.08,"https://storage.googleapis.com/pathology-hub-0/source_videos/YT_Skin_T_Cell_Lymphoma_Cassarino.mp4#t=3020.6,3154.68",semantic_gated_v0_2,0.571,"Remember the large cell, large size tumor cells that kind of separated off, because most of those are dermal base, mostly B cells, but there are a few C-E30 positive lymphocrylipid disorders that are predominantly dermal and large cells. So really just L-Y-P, AL-TL are the two things we're going to talk about, and we'll finish with those, and sorry, getting close to the end, but we'll try to take questions at the end"
YT_Skin_T_Cell_Lymphoma_Cassarino,YT Skin T Cell Lymphoma Cassarino,Skin::Neoplastic::Hematolymphoid::Subcutaneous_Panniculitis_Like_T_Cell_Lymphoma,Subcutaneous Panniculitis Like T Cell Lymphoma,Subcutaneous_Panniculitis_Like_T_Cell_Lymphoma,2400.12,2506.96,40:00,41:47,106.84,"https://storage.googleapis.com/pathology-hub-0/source_videos/YT_Skin_T_Cell_Lymphoma_Cassarino.mp4#t=2400.12,2506.96",semantic_gated_v0_2,0.6496,"So the prototypic subcutaneous primary T cell lymphoma, you wanna think about is SPTCL, right? So these are alpha beta, site of toxic T cell, so they're CD8 positive, but alpha beta, not gamma delta, gamma delta ones are gamma delta T cell lymphoma, those are much more aggressive, so that's a big reason why you wanna separate these from gamma delta T cell lymphomas. These usually present kind of low grade clinically,"
YT_Skin_T_Cell_Lymphoma_Cassarino,YT Skin T Cell Lymphoma Cassarino,Skin::Neoplastic::Hematolymphoid::Subcutaneous_Panniculitis_Like_T_Cell_Lymphoma,Subcutaneous Panniculitis Like T Cell Lymphoma,Subcutaneous_Panniculitis_Like_T_Cell_Lymphoma,2506.96,2642.48,41:47,44:02,135.52,"https://storage.googleapis.com/pathology-hub-0/source_videos/YT_Skin_T_Cell_Lymphoma_Cassarino.mp4#t=2506.96,2642.48",semantic_gated_v0_2,0.5604,"which I'll talk about in a few minutes, so these are by definition subcutaneous atypical T cell's rimming a dipacite, there's often a abundant background inflammation, especially histiocytes, inviting fat and inflammatory cells, so those are the so-called bean bag cells, these are histiocytes, megacytes dosing, other inflammatory cells, red blood cells, so you wanna look for these bean bag cells as a clue actually to"
YT_Skin_Vacuolar_and_Lichenoid_Interface_Dermatitis_Junkins,YT Skin Vacuolar and Lichenoid Interface Dermatitis Junkins,Skin::Inflammatory::Drug_Eruption::Fixed_Drug_Eruption,Fixed Drug Eruption,Fixed_Drug_Eruption,4043.0,4151.0,1:07:23,1:09:11,108.0,"https://storage.googleapis.com/pathology-hub-0/source_videos/YT_Skin_Vacuolar_and_Lichenoid_Interface_Dermatitis_Junkins.mp4#t=4043,4151",semantic_gated_v0_2,0.6216,So sometimes it looks a little bit dusky. So the old pigment dropout plus the new hit from the having just taken a mess. And again. And so sometimes you have neutrophils. Although these authors looked at this and they felt in looking at a whole bunch of theirs that the neutrophil component might just be a factor of an early lesion biopsy. But don't let neutrophils dissuade you if you think it otherwise might be a fix
YT_Skin_Vacuolar_and_Lichenoid_Interface_Dermatitis_Junkins,YT Skin Vacuolar and Lichenoid Interface Dermatitis Junkins,Skin::Inflammatory::Interface::Interface_Dermatitis_Overview,Interface Dermatitis Overview,Interface_Dermatitis_Overview,93.0,224.0,1:33,3:44,131.0,"https://storage.googleapis.com/pathology-hub-0/source_videos/YT_Skin_Vacuolar_and_Lichenoid_Interface_Dermatitis_Junkins.mp4#t=93,224",semantic_gated_v0_2,0.6262,"Hang on I'm going to take off my video now. I'll see you guys a little bit later. All right, I have no conflicts of interest. I think I have to move that corner there. I practice at Gai Singar Medical Center which is in the middle of Pennsylvania not too far from New York and Philadelphia. But we have a great group of dermatopathologists and dermatologists here so we have a lot of fun. Let's see, let me make this go."
YT_Skin_Vacuolar_and_Lichenoid_Interface_Dermatitis_Junkins,YT Skin Vacuolar and Lichenoid Interface Dermatitis Junkins,Skin::Inflammatory::Interface::Interface_Dermatitis_Overview,Interface Dermatitis Overview,Interface_Dermatitis_Overview,224.0,361.0,3:44,6:01,137.0,"https://storage.googleapis.com/pathology-hub-0/source_videos/YT_Skin_Vacuolar_and_Lichenoid_Interface_Dermatitis_Junkins.mp4#t=224,361",semantic_gated_v0_2,0.6238,"So there are different components. There is the components of an interface dermatitis. The lymphocytes disrupt the basal layer and so there are as I mentioned lymphocytes there that may be band like or sparse. There's the interface alteration which I mentioned. People refer to the vacuola alteration as local faction, a hydropic change balloon degeneration. And a lot of discuritosis can be seen and eventually again th"
YT_Skin_Vacuolar_and_Lichenoid_Interface_Dermatitis_Junkins,YT Skin Vacuolar and Lichenoid Interface Dermatitis Junkins,Skin::Inflammatory::Interface::Interface_Dermatitis_Overview,Interface Dermatitis Overview,Interface_Dermatitis_Overview,649.0,767.0,10:49,12:47,118.0,"https://storage.googleapis.com/pathology-hub-0/source_videos/YT_Skin_Vacuolar_and_Lichenoid_Interface_Dermatitis_Junkins.mp4#t=649,767",semantic_gated_v0_2,0.5891,"So the diagnostic approach to interface dermatitis is to really assess all these things I've been showing you. So the density of the infiltrate architecture, how do I know the interface alteration, how is the epidermis altered? Is it just lymphocytes or the esenophils? What kind of dermal changes do you have? There are a few other things we look for. And most importantly, you have to have the clinical correlation a l"
YT_Skin_Vacuolar_and_Lichenoid_Interface_Dermatitis_Junkins,YT Skin Vacuolar and Lichenoid Interface Dermatitis Junkins,Skin::Inflammatory::Drug_Eruption::Lichenoid_Drug_Eruption,Lichenoid Drug Eruption,Lichenoid_Drug_Eruption,3639.0,3778.0,1:00:39,1:02:58,139.0,"https://storage.googleapis.com/pathology-hub-0/source_videos/YT_Skin_Vacuolar_and_Lichenoid_Interface_Dermatitis_Junkins.mp4#t=3639,3778",semantic_gated_v0_2,0.6009,"Here, they looked at subacute drug induced subacute cutane superserothematosis and idiopathic lupus. And they listed a lot of different drugs, usually the diuretics and biologics, these are sort of the groups of conditions. And as far as the single causes, like some specific causes, hydrochlorothideside was a big cause. The drug we use a lot to benefit and can also cause it. So remember that they couldn't find that m"
YT_Skin_Vacuolar_and_Lichenoid_Interface_Dermatitis_Junkins,YT Skin Vacuolar and Lichenoid Interface Dermatitis Junkins,Skin::Inflammatory::Interface::Lupus_Erythematosus_Subacute_Cutaneous_SCLE,Lupus Erythematosus Subacute Cutaneous SCLE,Lupus_Erythematosus_Subacute_Cutaneous_SCLE,1636.0,1772.0,27:16,29:32,136.0,"https://storage.googleapis.com/pathology-hub-0/source_videos/YT_Skin_Vacuolar_and_Lichenoid_Interface_Dermatitis_Junkins.mp4#t=1636,1772",semantic_gated_v0_2,0.6101,"Here again, you can maybe have the active interface change. But a lot of times you might just get a biopsy that shows sort of an end stage or later stage lichenartissia reaction. A few lymphocytes are still here. As I mentioned, the differential can include regression of a melanocytic knee plasm, usually melanoma. And you can see here on a, we're having geosanelastic stain that you've lost elastic tissue here compare"
YT_Skin_Vacuolar_and_Lichenoid_Interface_Dermatitis_Junkins,YT Skin Vacuolar and Lichenoid Interface Dermatitis Junkins,Skin::Inflammatory::Interface::Lupus_Erythematosus_Tumid,Lupus Erythematosus Tumid,Lupus_Erythematosus_Tumid,3197.0,3294.0,53:17,54:54,97.0,"https://storage.googleapis.com/pathology-hub-0/source_videos/YT_Skin_Vacuolar_and_Lichenoid_Interface_Dermatitis_Junkins.mp4#t=3197,3294",semantic_gated_v0_2,0.5952,"And again, I've already shown you this picture. You have discuritotic care tinocytes or any basic membrane zone or ortho acidic extravization, basic membrane thickening of lupus. Again, here's an example. Sometimes you won't have too much in the way of an interface reaction. So this is an interface talk, but sometimes you won't have any, but you'll have this dense infiltrate around hair follicles and occurring coils."
YT_Skin_Vascular_Fung,YT Skin Vascular Fung,Skin::Depositional_Metabolic::Calcification::Calciphylaxis,Calciphylaxis,Calciphylaxis,2887.92,2973.76,48:08,49:34,85.84,"https://storage.googleapis.com/pathology-hub-0/source_videos/YT_Skin_Vascular_Fung.mp4#t=2887.92,2973.76",semantic_gated_v0_2,0.6419,"Calcification of capillaries in conjunction with small vessel thrombosis is felt to confer the greatest diagnostic specificity for calciphylaxis. As with any significant vasculopathy, there may be secondary ischemic necrosis, manifest histologically by sub-epidermal clefting and confluent epidermal necrosis with loss of the keratinocyte nuclear basophilia amidst a pristine, intact, basket-weave orthokeratotic stratum"
YT_Skin_Vascular_Fung,YT Skin Vascular Fung,Skin::Depositional_Metabolic::Embolic::Cholesterol_Emboli,Cholesterol Emboli,Cholesterol_Emboli,2976.08,3106.64,49:36,51:47,130.56,"https://storage.googleapis.com/pathology-hub-0/source_videos/YT_Skin_Vascular_Fung.mp4#t=2976.08,3106.64",semantic_gated_v0_2,0.7239,"Cholesterol embolus is characterized by intraluminal cholesterol clefts. These are empty, sheath-like or slit-like spaces where the triglycerides used to be. These are the same cholesterol clefts that were described but failed to be demonstrated in extracellular cholesterosis, now known as erythema elevatum diutinum, and this occurs in a non-inflammatory setting. Such findings tend to look somewhat normal or unremark"
YT_Skin_Vascular_Fung,YT Skin Vascular Fung,Skin::Inflammatory::Vasculitis::Churg_Strauss_Syndrome_EGPA,Churg Strauss Syndrome EGPA,Churg_Strauss_Syndrome_EGPA,2024.96,2149.76,33:45,35:50,124.8,"https://storage.googleapis.com/pathology-hub-0/source_videos/YT_Skin_Vascular_Fung.mp4#t=2024.96,2149.76",semantic_gated_v0_2,0.7002,"Eosinophilic granulomatosis with polyangiitis, or EGPA, formerly Churg-Strauss, is primarily diagnosed by clinical criteria with asthma, peripheral eosinophilia, and positive ANCA serologies. The skin is frequently involved, although the clinical presentation and corresponding histologic features can be quite variable. So, in the end, a skin biopsy is desirable, but not ultimately required for diagnosis. As would be "
YT_Skin_Vascular_Fung,YT Skin Vascular Fung,Skin::Inflammatory::Panniculitis::Erythema_Induratum_Nodular_Vasculitis,Erythema Induratum Nodular Vasculitis,Erythema_Induratum_Nodular_Vasculitis,1902.24,2023.2,31:42,33:43,120.96,"https://storage.googleapis.com/pathology-hub-0/source_videos/YT_Skin_Vascular_Fung.mp4#t=1902.24,2023.2",semantic_gated_v0_2,0.7267,"I tend not to resort to elastic tissue stains, but rather try to make the call on H&E. I don't rely on a distinction between circular and oval profiles, but rather on the distinction between a smooth versus undulating vessel profile. My analogy for this is the old Slinky toy, which is a rigid, circular but flexible tube, much like a vessel. If you imagine taking tangential sections through the edge of a Slinky toy, e"
YT_Skin_Vascular_Fung,YT Skin Vascular Fung,Skin::Inflammatory::Vasculitis::Giant_Cell_Arteritis_Temporal,Giant Cell Arteritis Temporal,Giant_Cell_Arteritis_Temporal,2282.24,2418.32,38:02,40:18,136.08,"https://storage.googleapis.com/pathology-hub-0/source_videos/YT_Skin_Vascular_Fung.mp4#t=2282.24,2418.32",semantic_gated_v0_2,0.7162,"Subcutaneous. As is generally more typical of the various forms of systemic vasculitis, such as the... This is an example of rheumatoid vasculitis that we previously reviewed, showing very prominent fibrin consistent with. Necrotizing vasculitis. Giant cell arteritis is officially a large vessel vasculitis. The inflammation is directed against the superficial temporal artery, which is derived from the external caroti"
YT_Skin_Vascular_Fung,YT Skin Vascular Fung,Skin::Inflammatory::Granulomatous::Granuloma_Faciale,Granuloma Faciale,Granuloma_Faciale,1418.88,1537.52,23:39,25:38,118.64,"https://storage.googleapis.com/pathology-hub-0/source_videos/YT_Skin_Vascular_Fung.mp4#t=1418.88,1537.52",semantic_gated_v0_2,0.7683,"And as a somewhat less esoteric hint, there is a misnomer involved. Granuloma faciale is characterized by usually a solitary erythematous papule or plaque on the face. Granuloma Faciale is seen in adults and is histologically quite distinctive with a relatively dense mixed infiltrate that, despite its density, characteristically spares the immediate subepidermal zone, forming a Grenz zone. It is classified pathogenet"
YT_Skin_Vascular_Fung,YT Skin Vascular Fung,Skin::Inflammatory::Vasculitis::Leukocytoclastic_Vasculitis_LCV,Leukocytoclastic Vasculitis LCV,Leukocytoclastic_Vasculitis_LCV,546.8,680.24,9:07,11:20,133.44,"https://storage.googleapis.com/pathology-hub-0/source_videos/YT_Skin_Vascular_Fung.mp4#t=546.8,680.24",semantic_gated_v0_2,0.7374,"Not surprisingly, this is not really relevant to dermatopathology, with the rare exception that giant cell arteritis or temporal arteritis may rarely exhibit cutaneous involvement as part of that systemic vasculitis. While the new nomenclature has been readily adopted by experts discussing and... While publishing on vasculitis, some terms have, in my experience, not really gained traction on the front lines. For exam"
YT_Skin_Vascular_Fung,YT Skin Vascular Fung,Skin::Inflammatory::Vasculitis::Leukocytoclastic_Vasculitis_LCV,Leukocytoclastic Vasculitis LCV,Leukocytoclastic_Vasculitis_LCV,680.24,785.84,11:20,13:06,105.6,"https://storage.googleapis.com/pathology-hub-0/source_videos/YT_Skin_Vascular_Fung.mp4#t=680.24,785.84",semantic_gated_v0_2,0.6809,"This difficult feature to identify may at first glance appear indistinguishable from surrounding dermal collagen. However, it typically has a slightly more intensely eosinophilic appearance, a slightly more smudgy or homogenous rather than fibrillary quality, and is invariably present within and around vessel walls. In this example, it is seen circumferentially around a portion of a small vessel, the lumen of which i"
YT_Skin_Vascular_Fung,YT Skin Vascular Fung,Skin::Inflammatory::Vasculitis::Leukocytoclastic_Vasculitis_LCV,Leukocytoclastic Vasculitis LCV,Leukocytoclastic_Vasculitis_LCV,785.84,911.04,13:06,15:11,125.2,"https://storage.googleapis.com/pathology-hub-0/source_videos/YT_Skin_Vascular_Fung.mp4#t=785.84,911.04",semantic_gated_v0_2,0.6124,"Potential pitfalls relate to the fact that immune complex formation is relatively acute and transient. Standard teaching is to biopsy the earliest possible lesion, ideally less than 24 hours old, though this is not always possible in practice. One pitfall is that with fully developed or somewhat well-established lesions of LCV, direct immunofluorescence is sometimes negative, essentially a false-negative result. Here"
YT_Skin_Vascular_Fung,YT Skin Vascular Fung,Skin::Inflammatory::Vasculitis::Leukocytoclastic_Vasculitis_LCV,Leukocytoclastic Vasculitis LCV,Leukocytoclastic_Vasculitis_LCV,912.48,1020.24,15:12,17:00,107.76,"https://storage.googleapis.com/pathology-hub-0/source_videos/YT_Skin_Vascular_Fung.mp4#t=912.48,1020.24",semantic_gated_v0_2,0.704,"Leukocytoclastic vasculitis can cause a fairly wide variety of secondary overlying changes that mimic immunobullous disorders with neutrophils. Secondly, it is important to ensure you look at the tissue comprehensively. Hopefully, in most cases, one can observe the diagnostic changes of LCV, which are not a feature of any immunobullous disorder. These changes are sometimes subtle, yet present, often associated with u"
YT_Skin_Vascular_Fung,YT Skin Vascular Fung,Skin::Inflammatory::Vasculitis::Leukocytoclastic_Vasculitis_LCV,Leukocytoclastic Vasculitis LCV,Leukocytoclastic_Vasculitis_LCV,1020.24,1155.28,17:00,19:15,135.04,"https://storage.googleapis.com/pathology-hub-0/source_videos/YT_Skin_Vascular_Fung.mp4#t=1020.24,1155.28",semantic_gated_v0_2,0.6703,"The differential diagnosis for Leukocytoclastic Vasculitis (LCV) is extensive. My experience suggests that clinicians often do not require a complete list; a diagnosis of LCV typically suffices in pathology reports, and specific questions can be addressed separately, avoiding unnecessary clutter. For review purposes, however, the numerous causes in the broad differential can be grouped into several categories. These "
YT_Skin_Vascular_Fung,YT Skin Vascular Fung,Skin::Inflammatory::Vasculitis::Leukocytoclastic_Vasculitis_LCV,Leukocytoclastic Vasculitis LCV,Leukocytoclastic_Vasculitis_LCV,1279.76,1416.08,21:20,23:36,136.32,"https://storage.googleapis.com/pathology-hub-0/source_videos/YT_Skin_Vascular_Fung.mp4#t=1279.76,1416.08",semantic_gated_v0_2,0.7136,"On the sparse end of the histopathologic LCV spectrum is urticarial vasculitis, which in contrast to the classic palpable purpura on the lower extremities that characterizes most forms of LCV, urticarial vasculitis can occur on any site and often has a predilection for sites that one would not normally think about for vasculitis, such as the trunk or even the face. Urticarial lesions tend to persist and leave hyperpi"
YT_Skin_Vascular_Fung,YT Skin Vascular Fung,Skin::Inflammatory::Vasculitis::Leukocytoclastic_Vasculitis_LCV,Leukocytoclastic Vasculitis LCV,Leukocytoclastic_Vasculitis_LCV,2747.6,2885.6,45:48,48:06,138.0,"https://storage.googleapis.com/pathology-hub-0/source_videos/YT_Skin_Vascular_Fung.mp4#t=2747.6,2885.6",semantic_gated_v0_2,0.6049,"Levamisole is clinically distinctive with necrosis on the ears and a history of crack cocaine use. The histopathologic spectrum spans that of a non-inflammatory thrombosis to inflammatory vasculitis. The profile at scanning magnification may resemble other forms of... Cutaneous vasculitis, but with relatively sparse inflammation. The profile is somewhat reminiscent of what may be seen in septic vasculitis. It essenti"
YT_Skin_Vascular_Fung,YT Skin Vascular Fung,Skin::Inflammatory::Vasculitis::Lymphocytic_Vasculitis,Lymphocytic Vasculitis,Lymphocytic_Vasculitis,2421.2,2514.8,40:21,41:55,93.6,"https://storage.googleapis.com/pathology-hub-0/source_videos/YT_Skin_Vascular_Fung.mp4#t=2421.2,2514.8",semantic_gated_v0_2,0.6423,"The differential diagnosis of lymphocytic vasculitis is somewhat diverse, yet distinctive. When encountering lymphocytic vasculitis, various conditions come to mind, and the extensive list allows for the exclusion of certain entities based on the specific clinical setting. Considerations include perniosis, pigmented purpura, polymorphous light eruption, pityriasis lichenoides, and interestingly, rickettsial and viral"
YT_Skin_Vascular_Fung,YT Skin Vascular Fung,Skin::Inflammatory::Vasculitis::Polyarteritis_Nodosa,Polyarteritis Nodosa,Polyarteritis_Nodosa,1671.52,1796.8,27:52,29:57,125.28,"https://storage.googleapis.com/pathology-hub-0/source_videos/YT_Skin_Vascular_Fung.mp4#t=1671.52,1796.8",semantic_gated_v0_2,0.6763,"Let's look at a larger vessel vasculitis, or more specifically a median vessel vasculitis, polyarteritis nodosa (PAN). In the revised nomenclature, PAN is reserved for idiopathic systemic vasculitis. In dermatopathology, the vast majority of cases encountered are indeed skin-limited. Formerly, cutaneous polyarteritis nodosa is now designated cutaneous arteritis in the Chapel Hill nomenclature. At scanning magnificati"
YT_Skin_Vascular_Fung,YT Skin Vascular Fung,Skin::Inflammatory::Neutrophilic::Pyoderma_Gangrenosum,Pyoderma Gangrenosum,Pyoderma_Gangrenosum,3432.72,3569.04,57:13,59:29,136.32,"https://storage.googleapis.com/pathology-hub-0/source_videos/YT_Skin_Vascular_Fung.mp4#t=3432.72,3569.04",semantic_gated_v0_2,0.689,"Worthy of mention is histiocytoid Sweet syndrome, which is a histologic variant characterized by larger histiocytic mononuclear cells, whose nuclei are sometimes described as twisted, and staining immunopositively for myeloid and histiocytic markers. There does indeed seem to be an association between histiocytoid Sweet syndrome and having an underlying myeloid dysplasia. Some authorities have recently suggested that"
YT_Skin_Vascular_Fung,YT Skin Vascular Fung,Skin::Inflammatory::Vasculitis::Septic_Vasculitis,Septic Vasculitis,Septic_Vasculitis,3109.76,3227.04,51:50,53:47,117.28,"https://storage.googleapis.com/pathology-hub-0/source_videos/YT_Skin_Vascular_Fung.mp4#t=3109.76,3227.04",semantic_gated_v0_2,0.6093,"Small superficial dermal vessels are associated with fibrin cuffs and a sparse inflammatory background. This is observed not only beneath areas of ulceration where secondary non-specific vascular. Changes may occur, including in peripheral areas where the overlying epidermis remains intact. While the presence of intraluminal fibrin thrombi is relatively non-specific, potentially compatible with virtually any form of "
YT_Skin_Vascular_Fung,YT Skin Vascular Fung,Skin::Inflammatory::Neutrophilic::Sweet_Syndrome,Sweet Syndrome,Sweet_Syndrome,3290.4,3430.4,54:50,57:10,140.0,"https://storage.googleapis.com/pathology-hub-0/source_videos/YT_Skin_Vascular_Fung.mp4#t=3290.4,3430.4",semantic_gated_v0_2,0.708,"Inflammatory vascular disorders could include virtually any inflammatory dermatopathology condition. This discussion will conclude with neutrophilic dermatoses and Wells syndrome. Many other diseases often classified under inflammatory vascular disorders have been covered in a separate lecture on perivascular dermatitis, and interested learners can refer to that lecture via the provided link. Sweet syndrome is convey"
YT_Skin_Vascular_Fung,YT Skin Vascular Fung,Skin::Inflammatory::Vasculitis::Thrombotic_Vasculopathy,Thrombotic Vasculopathy,Thrombotic_Vasculopathy,3227.68,3266.56,53:48,54:27,38.88,"https://storage.googleapis.com/pathology-hub-0/source_videos/YT_Skin_Vascular_Fung.mp4#t=3227.68,3266.56",semantic_gated_v0_2,0.562,"Cutaneous Collagenous Vasculopathy is not characterized by fibrin thrombi. Instead, it presents clinically as generalized telangiectasia. Biopsies show superficial ectatic vessels with thickened, hyalinized vessel walls that can be highlighted by markers for basement membrane materials, such as type IV collagen or PAS stains. Ultrastructurally, on electron microscopy, there are abnormally banded collagen fibers known"
YT_Skin_Vascular_Fung,YT Skin Vascular Fung,Skin::Inflammatory::Vasculitis::Wegener_Granulomatosis_GPA,Wegener Granulomatosis GPA,Wegener_Granulomatosis_GPA,2149.76,2282.24,35:50,38:02,132.48,"https://storage.googleapis.com/pathology-hub-0/source_videos/YT_Skin_Vascular_Fung.mp4#t=2149.76,2282.24",semantic_gated_v0_2,0.6479,"ANCA-associated systemic vasculitis presents with variable cutaneous and corresponding histopathologic findings. Similar to EGPA, small vessel leukocytoclastic vasculitis (LCV) is the most common manifestation, though the full histopathologic spectrum includes vasculitis of larger medium-sized veins and arteries, including granulomatous vasculitis. Notably, the pediatric subset of GPA often presents clinically as dis"
YT_Skin_Vasculitis_Johnson,YT Skin Vasculitis Johnson,Skin::Inflammatory::Vasculitis::Leukocytoclastic_Vasculitis_LCV,Leukocytoclastic Vasculitis LCV,Leukocytoclastic_Vasculitis_LCV,237.6,373.28,3:58,6:13,135.68,"https://storage.googleapis.com/pathology-hub-0/source_videos/YT_Skin_Vasculitis_Johnson.mp4#t=237.6,373.28",semantic_gated_v0_2,0.7018,"Leukocytoclastic vasculitis is a histopathologic descriptive term defined by three key findings: perivascular neutrophils, some leukocytoclasia (which is neutrophilic debris around the vessels), and some vessel wall damage. This vessel wall damage can be subtle, like fluffy endothelial cell swelling, or more severe, such as fibrinoid necrosis. Although it's a histopathologic term, 'leukocytoclastic vasculitis' has be"
YT_Skin_WHO_Classification_Scoyler,YT Skin WHO Classification Scoyler,Skin::Neoplastic::Soft_Tissue::Neural::Merkel_Cell_Carcinoma,Merkel Cell Carcinoma,Merkel_Cell_Carcinoma,2786.0,2924.0,46:26,48:44,138.0,"https://storage.googleapis.com/pathology-hub-0/source_videos/YT_Skin_WHO_Classification_Scoyler.mp4#t=2786,2924",semantic_gated_v0_2,0.5627,"What if you've got you've proven something's a your endocrine castanoma in skin. You always want to consider could it be a metastasis coming from another site that's metastasized to the skin. So clinical history is very important, but you can also use some immunostanes to help distinguish them. So Merkel cell castanoma is typically positive for CK 20 and in those that are polyamavirus associated. You can do the immun"
Thoracic_Lecture_1_Lung_Non_Neoplastic1,Thoracic Lecture 1 Lung Non Neoplastic1,Thorax_Mediastinum::Lung::Inflammatory::Airways::Bronchiolitis_Obliterans_Organizing_Pneumonia_BOOP,Bronchiolitis Obliterans Organizing Pneumonia BOOP,Bronchiolitis_Obliterans_Organizing_Pneumonia_BOOP,1401.0,1497.0,23:21,24:57,96.0,"https://storage.googleapis.com/pathology-hub-0/source_videos/Thoracic_Lecture_1_Lung_Non_Neoplastic1.mp4#t=1401,1497",semantic_gated_v0_2,0.5677,"Organizing pneumonia presents acutely or subacutely with patients experiencing shortness of breath over days to weeks. CT scans typically reveal patchy opacifications that can be migratory over the course of a month, moving to different spots. Rarely, radiologists identify an 'atoll sign,' where the opacification resembles a volcanic atoll, which can be a helpful diagnostic indicator. The pathology findings consisten"
Thoracic_Lecture_1_Lung_Non_Neoplastic1,Thoracic Lecture 1 Lung Non Neoplastic1,Thorax_Mediastinum::Lung::Inflammatory::Airways::Bronchiolitis_Obliterans_Organizing_Pneumonia_BOOP,Bronchiolitis Obliterans Organizing Pneumonia BOOP,Bronchiolitis_Obliterans_Organizing_Pneumonia_BOOP,1497.0,1631.0,24:57,27:11,134.0,"https://storage.googleapis.com/pathology-hub-0/source_videos/Thoracic_Lecture_1_Lung_Non_Neoplastic1.mp4#t=1497,1631",semantic_gated_v0_2,0.6112,"Here's a cartoon showing what happens in a single airway. This is our bronchiole, typically situated next to the pulmonary artery. If we were looking at a slide, here's the alveolar duct going into the alveolar spaces. Let's say we experience pneumonia or some lung injury in the distal lung tissue. What happens is a granulation tissue polyp grows out from the airway down the alveolar duct, effectively cleaning things"
Thoracic_Lecture_1_Lung_Non_Neoplastic1,Thoracic Lecture 1 Lung Non Neoplastic1,Thorax_Mediastinum::Lung::Inflammatory::Airways::Bronchiolitis_Obliterans_Organizing_Pneumonia_BOOP,Bronchiolitis Obliterans Organizing Pneumonia BOOP,Bronchiolitis_Obliterans_Organizing_Pneumonia_BOOP,1631.0,1761.0,27:11,29:21,130.0,"https://storage.googleapis.com/pathology-hub-0/source_videos/Thoracic_Lecture_1_Lung_Non_Neoplastic1.mp4#t=1631,1761",semantic_gated_v0_2,0.6168,"Sometimes this will organize around whatever was in there. I had a case that had foam cells in there; it was amiodarone toxicity with organization. We've had cases that had neutrophils in it, and cases that had food in it. So, organizing pneumonia is a non-specific reaction to a variety of different insults, and sometimes we can have clues as to what's causing it. This case has some lymphocytes. In my experience, whe"
Thoracic_Lecture_1_Lung_Non_Neoplastic1,Thoracic Lecture 1 Lung Non Neoplastic1,Thorax_Mediastinum::Lung::Inflammatory::Airspace::Diffuse_Alveolar_Damage,Diffuse Alveolar Damage,Diffuse_Alveolar_Damage,390.0,530.0,6:30,8:50,140.0,"https://storage.googleapis.com/pathology-hub-0/source_videos/Thoracic_Lecture_1_Lung_Non_Neoplastic1.mp4#t=390,530",semantic_gated_v0_2,0.7032,"Acute lung injury is a broad category that clinicians often use synonymously or interchangeably with acute respiratory distress syndrome. In pathology, various types of acute lung injury are discussed, with the usual histology involving diffuse alveolar damage and its associated changes. This can also include airspace organization, organizing pneumonia, and the category of fibrinous organizing pneumonia. Pathology sh"
Thoracic_Lecture_1_Lung_Non_Neoplastic1,Thoracic Lecture 1 Lung Non Neoplastic1,Thorax_Mediastinum::Lung::Inflammatory::Airspace::Diffuse_Alveolar_Damage,Diffuse Alveolar Damage,Diffuse_Alveolar_Damage,530.0,639.0,8:50,10:39,109.0,"https://storage.googleapis.com/pathology-hub-0/source_videos/Thoracic_Lecture_1_Lung_Non_Neoplastic1.mp4#t=530,639",semantic_gated_v0_2,0.6031,"This slide, which Kevin Leslie took from Anna Katzinskine's book, illustrates these progressive changes. First, damage to the alveolar unit leads to increased edema, followed by cell death and the epithelial component, with a mixture of nucleoplasm, cytoplasm, and fibrin making hyaline membranes. This peaks around day two. Then, incoming cells react to and clean things up; this is the inflammatory or organizational p"
Thoracic_Lecture_1_Lung_Non_Neoplastic1,Thoracic Lecture 1 Lung Non Neoplastic1,Thorax_Mediastinum::Lung::Inflammatory::Airspace::Diffuse_Alveolar_Damage,Diffuse Alveolar Damage,Diffuse_Alveolar_Damage,639.0,733.0,10:39,12:13,94.0,"https://storage.googleapis.com/pathology-hub-0/source_videos/Thoracic_Lecture_1_Lung_Non_Neoplastic1.mp4#t=639,733",semantic_gated_v0_2,0.5907,"Here is a really early case of diffuse alveolar damage. Jean Olson, the old renal pathologist that was here, used to describe this 'water white' appearance when there was an expansion of interstitial space with insufficient protein to take up the stain, indicating edema. This edema causes thickening of the alveolar septum. In addition, there is a plastering of pinkish material on the surface, which might initially be"
Thoracic_Lecture_1_Lung_Non_Neoplastic1,Thoracic Lecture 1 Lung Non Neoplastic1,Thorax_Mediastinum::Lung::Inflammatory::Airspace::Diffuse_Alveolar_Damage,Diffuse Alveolar Damage,Diffuse_Alveolar_Damage,733.0,868.0,12:13,14:28,135.0,"https://storage.googleapis.com/pathology-hub-0/source_videos/Thoracic_Lecture_1_Lung_Non_Neoplastic1.mp4#t=733,868",semantic_gated_v0_2,0.6308,"On this slide, we observe various cells moving into the tissue, including neutrophils and mature-looking lymphocytes coursing through, and possibly a few monocytes or histiocytes cleaning up. Researchers often observe a significant release of neutrophils in diffuse alveolar damage, especially when performing washes. However, pathologists do not typically see a large number of neutrophils in generic diffuse alveolar d"
Thoracic_Lecture_1_Lung_Non_Neoplastic1,Thoracic Lecture 1 Lung Non Neoplastic1,Thorax_Mediastinum::Lung::Inflammatory::Airspace::Diffuse_Alveolar_Damage,Diffuse Alveolar Damage,Diffuse_Alveolar_Damage,868.0,940.0,14:28,15:40,72.0,"https://storage.googleapis.com/pathology-hub-0/source_videos/Thoracic_Lecture_1_Lung_Non_Neoplastic1.mp4#t=868,940",semantic_gated_v0_2,0.5907,"The exudative phase is characterized by increased edema, hyaline membrane formation, and inflammation. As inflammation begins to resolve, fibroplasia occurs, contributing to further cleanup. Ideally, these fibroblasts undergo apoptosis and disappear, leaving the patient with good lung function. Alternatively, if the septa become fibrotic instead of the air spaces, patients may develop chronic disease resulting from d"
Thoracic_Lecture_1_Lung_Non_Neoplastic1,Thoracic Lecture 1 Lung Non Neoplastic1,Thorax_Mediastinum::Lung::Inflammatory::Airspace::Diffuse_Alveolar_Damage,Diffuse Alveolar Damage,Diffuse_Alveolar_Damage,940.0,1125.0,15:40,18:45,185.0,"https://storage.googleapis.com/pathology-hub-0/source_videos/Thoracic_Lecture_1_Lung_Non_Neoplastic1.mp4#t=940,1125",semantic_gated_v0_2,0.7098,"Clues for diffuse alveolar damage when making this pathological diagnosis include a compatible clinical history, relatively acute onset of shortness of breath, diffuse alveolar septal thickening or effacement by collapse, edema, and alveolar filling predominantly with fibrin and proteinaceous fluid, along with hyaline membrane formation. Hyaline membrane is the diagnostic feature for diffuse alveolar damage; without "
Thoracic_Lecture_1_Lung_Non_Neoplastic1,Thoracic Lecture 1 Lung Non Neoplastic1,Thorax_Mediastinum::Lung::Inflammatory::Eosinophilic::Eosinophilic_Pneumonia,Eosinophilic Pneumonia,Eosinophilic_Pneumonia,1125.0,1257.0,18:45,20:57,132.0,"https://storage.googleapis.com/pathology-hub-0/source_videos/Thoracic_Lecture_1_Lung_Non_Neoplastic1.mp4#t=1125,1257",semantic_gated_v0_2,0.6362,"Here are the alveolar spaces where we can see the septa are thickened and there is type II cell hyperplasia. Filling the alveolar spaces, we have several macrophages scattered around and lots of eosinophils. This is eosinophilic pneumonia. There is chronic eosinophilic pneumonia and acute eosinophilic pneumonia, and sometimes it is hard to tell the difference. However, the presentation of acute eosinophilic pneumonia"
Thoracic_Lecture_1_Lung_Non_Neoplastic1,Thoracic Lecture 1 Lung Non Neoplastic1,Thorax_Mediastinum::Lung::Inflammatory::Vasculitis::Granulomatosis_with_Polyangiitis_GPA,Granulomatosis with Polyangiitis GPA,Granulomatosis_with_Polyangiitis_GPA,2531.0,2658.0,42:11,44:18,127.0,"https://storage.googleapis.com/pathology-hub-0/source_videos/Thoracic_Lecture_1_Lung_Non_Neoplastic1.mp4#t=2531,2658",semantic_gated_v0_2,0.7733,"Cases of Granulomatosis with Polyangiitis (GPA) are identifiable using helpful tests like the ELISA for Proteinase 3 (PR3)-ANCA antibody (C-ANCA) in patients with suspicious findings. Patients usually present with kidney, sinonasal, or pulmonary abnormalities, which may include coughing blood, recurrent nosebleeds, or kidney failure. Typically, CAT scans reveal multiple cavitary lesions; a solitary lesion is unusual "
Thoracic_Lecture_1_Lung_Non_Neoplastic1,Thoracic Lecture 1 Lung Non Neoplastic1,Thorax_Mediastinum::Lung::Inflammatory::Immune::Hypersensitivity_Pneumonitis,Hypersensitivity Pneumonitis,Hypersensitivity_Pneumonitis,2107.0,2227.0,35:07,37:07,120.0,"https://storage.googleapis.com/pathology-hub-0/source_videos/Thoracic_Lecture_1_Lung_Non_Neoplastic1.mp4#t=2107,2227",semantic_gated_v0_2,0.6459,"This case shows a bronchovascular bundle in the center, with an interlobular septum. There is a vague accentuation of inflammation around the central area. The alveolar septa are thickened by a lymphocytic inflammatory component, indicating too many inflamed cells with a bronchiole-eccentric pattern. In the interstitium, aggregates of histiocytes are observed, some with purple calcifications known as Schaumann bodies"
Thoracic_Lecture_1_Lung_Non_Neoplastic1,Thoracic Lecture 1 Lung Non Neoplastic1,Thorax_Mediastinum::Lung::Inflammatory::Granulomatous::Sarcoidosis,Sarcoidosis,Sarcoidosis,1870.0,1976.0,31:10,32:56,106.0,"https://storage.googleapis.com/pathology-hub-0/source_videos/Thoracic_Lecture_1_Lung_Non_Neoplastic1.mp4#t=1870,1976",semantic_gated_v0_2,0.6308,"Soft findings in granulomas present distinct patterns that aid diagnosis. Tightly packed, coalescing granulomas along lymphatic roots with excluded lymphocytes are characteristic of sarcoidosis. When granulomas are tightly packed singletons with lymphocytes percolating through their center, found in air spaces and interstitium, they are often seen in infectious diseases, particularly Mycobacterium Avium Complex (MAC)"
Thoracic_Lecture_1_Lung_Non_Neoplastic1,Thoracic Lecture 1 Lung Non Neoplastic1,Thorax_Mediastinum::Lung::Inflammatory::Granulomatous::Sarcoidosis,Sarcoidosis,Sarcoidosis,1976.0,2107.0,32:56,35:07,131.0,"https://storage.googleapis.com/pathology-hub-0/source_videos/Thoracic_Lecture_1_Lung_Non_Neoplastic1.mp4#t=1976,2107",semantic_gated_v0_2,0.694,"Here is the classical lymphatic distribution of sarcoidosis. We observe rounded granulomas closely following the lymphatic routes, specifically within the bronchovascular bundle, nestled between the bronchus and the artery. This illustrates the proper lymphatic distribution of granulomas, which can be seen pushing lymphocytes to the side. This presentation is also evident in the subpleural region and extending along "
