tag,root,record_count
Skin::Neoplastic::Melanocytic::Malignant::Melanoma_Invasive_Overview_NOS,Skin,1400
Skin::Inflammatory::Interface::Interface_Dermatitis_Overview,Skin,1119
Skin::Inflammatory::Vasculitis::Vasculitis_Overview_NOS,Skin,885
GI::Stomach::Inflammatory::Gastritis::Gastric_Autoimmune_Metaplastic_Atrophic_Gastritis_AMAG,GI,872
GI::Liver::Inflammatory::Viral::Hepatic_EBV_CMV_HSV_Hepatitis,GI,818
Molecular::Solid::Genitourinary::Testicular_Germ_Cell_Tumor,Molecular,806
GI::Small_Intestine::Inflammatory::IBD::Small_Intestinal_Crohn_Disease,GI,783
GI::Colon::Inflammatory::Injury::Colonic_Medication_Induced_Enterocolitis,GI,755
Molecular::Solid::Lung::Non_Small_Cell_Carcinoma,Molecular,694
Skin::Inflammatory::Psoriasiform::Psoriasis_Vulgaris_Plaque,Skin,685
Skin::Neoplastic::Hematolymphoid::Mycosis_Fungoides,Skin,665
Skin::Neoplastic::Epidermal::Malignant::Squamous_Cell_Carcinoma_Invasive_NOS,Skin,617
HN::Oral_Cavity::Inflammatory::Infection,HN,599
GI::Colon::Congenital_Structural::Structural::Colonic_Diverticular_Disease_Overview,GI,595
Breast::Neoplastic::Epithelial::In_Situ::Ductal_Carcinoma_In_Situ_DCIS,Breast,575
GI::Liver::Neoplastic::Benign_Hepatocellular::Focal_Nodular_Hyperplasia,GI,573
Breast::Normal_Histology::Anatomy_And_Histology,Breast,540
Skin::Neoplastic::Hematolymphoid::Cutaneous_Lymphoma_Overview_NOS,Skin,531
GI::Colon::Normal_Histology::Normal_Anatomy,GI,519
Skin::Neoplastic::Epidermal::Malignant::Basal_Cell_Carcinoma_Overview_NOS,Skin,508
GU::Prostate::Additional_Topics::Gleason_Grading,GU::Prostate,504
Breast::Neoplastic::Epithelial::Malignant::Invasive_Breast_Carcinoma_NST,Breast,495
Cyto_Thoracic::Category::Malignant,Cyto_Thoracic,481
Skin::Inflammatory::Psoriasiform::Psoriasiform_Dermatitis_Overview,Skin,477
Molecular::Concept::Variants::Gene_Fusions,Molecular,471
Skin::Infectious::Bacterial::Syphilis_Secondary_Cutaneous,Skin,464
HN::Oral_Cavity::Inflammatory::Pyogenic_Granuloma,HN,462
Skin::Neoplastic::Melanocytic::Benign::Common_Acquired_Nevus_NOS,Skin,461
Skin::Inflammatory::Spongiotic::Spongiotic_Dermatitis_Eczema_Overview,Skin,454
Endo::Thyroid::Neoplastic::Epithelial::Malignant::Papillary_Thyroid_Carcinoma,Endo,442
Skin::Infectious::Bacterial::Folliculitis,Skin,437
GI::Esophagus::Metaplastic::Barrett::Esophageal_Barrett_Mucosa_Overview,GI,436
BST::Bone::Normal_Histology::Radiologic_Approach_To_Bone_Tumors,BST,429
Breast::Neoplastic::Epithelial::In_Situ::Lobular_Carcinoma_In_Situ_LCIS,Breast,429
Skin::Inflammatory::Interface::Lichen_Planus,Skin,426
Skin::Normal_Histology::Epidermis,Skin,424
Cyto_Neuro::Specimen_Type::Cerebrospinal_Fluid_CSF,Cyto_Neuro,416
BST::Bone::Other::Malignant::Metastatic_Carcinoma_Bone,BST,413
Cyto_Heme::Category::Benign,Cyto_Heme,413
GYN::Uterus::Neoplastic::Epithelial::Malignant::Endometrioid_Adenocarcinoma,GYN::Uterus,413
Molecular::Heme::Myeloid::Acute_Myeloid_Leukemia,Molecular,409
HN::Salivary_Gland::Inflammatory::Infection,HN,407
Cyto_GYN::Squamous::High_Grade_Squamous_Intraepithelial_Lesion_HSIL,Cyto_GYN,400
Skin::Neoplastic::Soft_Tissue::Neural::Neurofibroma,Skin,397
HN::Sinonasal::Inflammatory::Infection,HN,393
HN::Larynx_Hypopharynx_Trachea::Carcinoma::Conventional_Squamous_Cell_Carcinoma,HN,388
HN::Larynx_Hypopharynx_Trachea::Precursor::Squamous_Papillomatosis,HN,383
Skin::Inflammatory::Vasculitis::Leukocytoclastic_Vasculitis_LCV,Skin,381
Skin::Normal_Histology::Dermis,Skin,378
BST::Bone::Osteogenic::Benign::Osteoid_Osteoma,BST,373
HN::Oral_Cavity::Inflammatory::Lichen_Planus,HN,368
Skin::Inflammatory::Dermal_Sclerosing::Lichen_Sclerosus_et_Atrophicus,Skin,368
Cyto_Kidney::Malignant::Renal_Pelvis::Adenocarcinoma,Cyto_Kidney,364
GU::Prostate::Glandular_neoplasms::Prostatic_Acinar_Adenocarcinoma,GU::Prostate,364
GI::Liver::Inflammatory::Autoimmune::Hepatic_Autoimmune_Hepatitis_Overlap_Syndromes,GI,360
Skin::Inflammatory::Spongiotic::Allergic_Contact_Dermatitis,Skin,359
Cyto_Heme::Pattern::Mixed_Lymphoid_Cell_Pattern,Cyto_Heme,357
BST::Bone::Osteogenic::Malignant::Osteosarcoma_Conventional,BST,356
Cyto_Thoracic::Malignant::Neuroendocrine::Small_Cell_Lung_Carcinoma,Cyto_Thoracic,352
Molecular::Technique::Cytogenetics::FISH,Molecular,352
Skin::Neoplastic::Melanocytic::Benign::Spitz_Nevus,Skin,336
Skin::Inflammatory::Spongiotic::Atopic_Dermatitis,Skin,330
Skin::Inflammatory::Granulomatous::Granulomatous_Dermatitis_Overview,Skin,329
Cyto_GYN::Glandular::Carcinoma::Adenocarcinoma_Endocervical_Usual,Cyto_GYN,323
Cyto_Thoracic::Category::Nondiagnostic,Cyto_Thoracic,323
Breast::Neoplastic::Epithelial::Precursor::Atypical_Ductal_Hyperplasia_ADH,Breast,315
HN::Salivary_Gland::Malignant_Tumor::Secretory_Carcinoma,HN,314
Skin::Inflammatory::Granulomatous::Sarcoidosis_Cutaneous,Skin,312
Skin::Inflammatory::Blistering::Immunobullous_Dermatosis_Overview,Skin,309
Molecular::Technique::Sequencing::Next_Generation_Sequencing,Molecular,305
GI::Liver::Neoplastic::Metastatic::Metastases_To_Liver,GI,295
GYN::Cervix::Neoplastic::Epithelial::Precursor::Squamous_Intraepithelial_Lesion,GYN::Cervix,289
GU::Bladder::Urothelial::Invasive_Urothelial_Carcinoma,GU::Bladder,284
Cyto_Heme::Category::Malignant,Cyto_Heme,283
Cyto_Thyroid::Category::Suspicious_For_Malignancy,Cyto_Thyroid,280
HN::Oral_Cavity::Carcinoma::Oral_Squamous_Cell_Carcinoma,HN,279
HN::Salivary_Gland::Malignant_Tumor::Mucoepidermoid_Carcinoma,HN,279
Cyto_Thoracic::Malignant::Carcinoma::Adenocarcinoma_Lung_Invasive,Cyto_Thoracic,277
BST::Bone::Normal_Histology::Growth_And_Development,BST,273
GI::Small_Intestine::Infectious::Protozoal::Small_Intestinal_Giardiasis,GI,273
Skin::Normal_Histology::Adnexa::Nail_Unit,Skin,269
BST::Bone::Other::Malignant::Ewing_Sarcoma,BST,266
Cyto_Pancreatobiliary::Category::Atypical,Cyto_Pancreatobiliary,262
HN::Neck_Lymph_Node::Cyst::Branchial_Cleft_Cyst,HN,261
Skin::Inflammatory::Interface::Pityriasis_Lichenoides_PLEVA_PLC,Skin,261
HN::Genetics::Nevoid_Basal_Cell_Carcinoma_Syndrome,HN,260
Skin::Inflammatory::Interface::Lupus_Erythematosus_Discoid_DLE,Skin,259
Cyto_Breast::Category::Atypical,Cyto_Breast,256
HN::Metastasis::Metastatic_Tumor,HN,256
HN::Neuroendocrine_Paraganglioma::Neuroendocrine_Carcinoma::Merkel_Cell_Carcinoma,HN,255
HN::Salivary_Gland::Benign_Tumor::Pleomorphic_Adenoma,HN,251
BST::Bone::Other::Benign::Fibrous_Dysplasia,BST,250
Endo::Parathyroid::Neoplastic::Epithelial::Benign::Parathyroid_Adenoma,Endo,247
HN::Oral_Cavity::Precursor::Proliferative_Verrucous_Leukoplakia,HN,246
GYN::Uterus::Neoplastic::Mesenchymal::Benign::Leiomyoma,GYN::Uterus,245
HN::Soft_Tissue::Vascular::Hemangioma,HN,245
Endo::Thyroid::Inflammatory::Granulomatous::Palpation_Thyroiditis,Endo,242
BST::Soft_Tissue::Nerve_Sheath::Malignant::Malignant_Peripheral_Nerve_Sheath_Tumor_MPNST,BST,241
Skin::Inflammatory::Drug_Eruption::Drug_Eruption_Overview_NOS,Skin,240
BST::Bone::Other::Benign::Osteofibrous_Dysplasia,BST,239
Breast::Neoplastic::Fibroepithelial::Benign::Fibroadenoma,Breast,235
BST::Bone::Chondrogenic::Benign::Osteochondroma,BST,234
HN::Salivary_Gland::Malignant_Tumor::Adenoid_Cystic_Carcinoma,HN,231
Skin::Inflammatory::Vasculitis::Urticaria_Hives,Skin,230
Skin::Neoplastic::Adnexal::Sebaceous::Sebaceous_Carcinoma,Skin,229
Breast::Neoplastic::Fibroepithelial::Variable_Behavior::Phyllodes_Tumor,Breast,227
Skin::Neoplastic::Soft_Tissue::Neural::Merkel_Cell_Carcinoma,Skin,227
Breast::Genetics::Syndromes::Ataxia_Telangiectasia,Breast,226
BST::Bone::Reactive::Metabolic::Paget_Disease,BST,224
Skin::Inflammatory::Alopecia::Alopecia_Areata,Skin,224
Molecular::Technique::PCR::Reverse_Transcription_PCR,Molecular,223
Skin::Inflammatory::Blistering::Intraepidermal_Vesicular_Dermatitis_Overview,Skin,223
Cyto_Breast::Specimen_Type::Fine_Needle_Aspiration_FNA,Cyto_Breast,220
HN::Soft_Tissue::Adipocytic::Lipoma,HN,220
Skin::Inflammatory::Blistering::Stevens_Johnson_Syndrome_Toxic_Epidermal_Necrolysis,Skin,217
Skin::Neoplastic::Hematolymphoid::Primary_Cutaneous_Follicle_Center_Lymphoma,Skin,217
Skin::Inflammatory::Blistering::Porphyria_Cutanea_Tarda,Skin,215
Skin::Normal_Histology::Hair,Skin,214
Skin::Neoplastic::Melanocytic::Benign::Dysplastic_Nevus,Skin,213
BST::Soft_Tissue::GIST_Visceral::Intermediate::GIST_Risk_Stratified,BST,212
Cyto_GYN::Squamous::Atypical_Squamous_Cells_Undetermined_Significance_ASCUS,Cyto_GYN,211
Skin::Infectious::Fungal::Cutaneous_Fungal_Infection_NOS,Skin,211
HN::Odontogenic_Maxillofacial::Jaw_Cyst::Dentigerous_Cyst,HN,210
HN::Soft_Tissue::Pericytic::Myofibroma,HN,210
Skin::Neoplastic::Soft_Tissue::Neural::Granular_Cell_Tumor,Skin,210
GI::Esophagus::Heterotopia::Esophageal_Gastric_Heterotopia_Inlet_Patch,GI,209
Cyto_Thoracic::Category::Atypical,Cyto_Thoracic,200
BST::Bone::Hematolymphoid::Intermediate::Langerhans_Cell_Histiocytosis,BST,199
HN::Heme::Reactive::Reactive_Lymphoid_Hyperplasia,HN,199
BST::Bone::Vascular::Malignant::Epithelioid_Hemangioendothelioma_Bone,BST,198
Cyto_Heme::Malignant::Hodgkin::Classic_Hodgkin_Lymphoma,Cyto_Heme,196
Cyto_Kidney::Category::Atypical,Cyto_Kidney,195
Skin::Inflammatory::Blistering::Pemphigus_Vulgaris,Skin,195
Skin::Neoplastic::Epidermal::Precursor::Actinic_Keratosis_NOS,Skin,194
BST::Bone::Chondrogenic::Benign::Chondroblastoma,BST,192
Cyto_Pancreatobiliary::Malignant::Ductal::Pancreatic_Ductal_Adenocarcinoma_NOS,Cyto_Pancreatobiliary,192
HN::Soft_Tissue::Vascular::Lymphangioma,HN,191
Skin::Infectious::Fungal::Candidiasis,Skin,188
BST::Bone::Chondrogenic::Benign::Enchondroma,BST,186
Molecular::Hereditary::Cell_cycle::P53_Pathway::Li_Fraumeni_Syndrome_TP53,Molecular,186
Molecular::Solid::Breast::Invasive_Carcinoma,Molecular,186
GI::Colon::Neoplastic::IBD_Associated::Colonic_Dysplasia_And_IBD_Related_Adenocarcinoma,GI,184
Skin::Inflammatory::Blistering::Pemphigus_Foliaceus,Skin,183
Skin::Neoplastic::Soft_Tissue::Fibrous::Dermatofibrosarcoma_Protuberans_DFSP,Skin,182
Endo::Thyroid::Congenital_Structural::Malformation::Ectopic_Thyroid,Endo,179
Breast::Neoplastic::Epithelial::Benign::Intraductal_Papilloma,Breast,178
Cyto_GI_Tract::Small_Intestine::Malignant::Lymphoma,Cyto_GI_Tract,178
Molecular::Concept::Variants::SNV_Indel_Frameshift,Molecular,176
BST::Bone::Hematolymphoid::Malignant::Plasma_Cell_Myeloma,BST,174
BST::Soft_Tissue::Smooth_Muscle::Malignant::Leiomyosarcoma,BST,174
Cyto_Urinary::Concept::Reporting_and_Management_Guidelines,Cyto_Urinary,174
Cyto_Fluids::Specimen_Type::Pelvic_Washing,Cyto_Fluids,173
Cyto_Heme::Benign_Reactive::General::Reactive_Lymphoid_Hyperplasia_Follicular,Cyto_Heme,172
BST::Bone::Chondrogenic::Benign::Chondromyxoid_Fibroma,BST,171
BST::Bone::Congenital_Structural::Cyst::Aneurysmal_Bone_Cyst,BST,171
Cyto_Fluids::Malignant::Mesothelioma::Mesothelioma_Epithelioid,Cyto_Fluids,170
BST::Bone::Giant_Cell::Intermediate::Giant_Cell_Tumor_Of_Bone,BST,169
GYN::Ovary::Neoplastic::Epithelial::Malignant::Endometrioid_Adenocarcinoma,GYN::Ovary,169
Cyto_Pancreatobiliary::Malignant::Neuroendocrine::Neuroendocrine_Tumor_G1,Cyto_Pancreatobiliary,167
Skin::Inflammatory::Blistering::Bullous_Pemphigoid,Skin,165
HN::Sinonasal::Neuroendocrine::Olfactory_Neuroblastoma,HN,164
HN::Oral_Cavity::Precursor::Oral_Epithelial_Dysplasia,HN,163
Cyto_GYN::Squamous::Atypical_Squamous_Cells_Cannot_Exclude_HSIL_ASCH,Cyto_GYN,161
BST::Bone::Chondrogenic::Malignant::Chondrosarcoma_Mesenchymal,BST,160
GU::Prostate::Additional_Topics::Immunohistochemistry,GU::Prostate,160
GU::Bladder::Urothelial::Urothelial_Carcinoma_In_Situ,GU::Bladder,159
Endo::Thyroid::Neoplastic::Epithelial::Benign::Follicular_Adenoma,Endo,158
Cyto_GYN::Specimen_Type::Pap_Test_Liquid_Based,Cyto_GYN,157
Cyto_Liver::Category::Malignant,Cyto_Liver,157
BST::Bone::Chondrogenic::Benign::Synovial_Chondromatosis,BST,156
Skin::Neoplastic::Soft_Tissue::Vascular::Kaposi_Sarcoma,Skin,155
BST::Bone::Fibrogenic::Benign::Non_Ossifying_Fibroma,BST,154
Cyto_GYN::Benign_Reactive::Non_Neoplastic::Radiation_Changes,Cyto_GYN,154
GI::Hematolymphoid::B_Cell_Lymphoma::Follicular_Lymphoma,GI,154
GI::Small_Intestine::Inflammatory::Malabsorption::Small_Intestinal_Celiac_Disease,GI,154
Skin::Inflammatory::Blistering::Paraneoplastic_Pemphigus,Skin,154
Skin::Inflammatory::Granulomatous::Granuloma_Annulare,Skin,154
Skin::Neoplastic::Melanocytic::Malignant::Melanoma_Desmoplastic,Skin,154
BST::Soft_Tissue::Fibroblastic::Intermediate::Desmoid_Type_Fibromatosis,BST,153
BST::Soft_Tissue::Skeletal_Muscle::Malignant::Alveolar_Rhabdomyosarcoma,BST,153
Cyto_Heme::Malignant::B_Cell_Small::Mantle_Cell_Lymphoma_Blastoid,Cyto_Heme,153
Endo::Thyroid::Neoplastic::Epithelial_C_Cell::Malignant::Medullary_Thyroid_Carcinoma,Endo,153
Skin::Depositional_Metabolic::Amyloidosis::Amyloidosis_Overview,Skin,153
Skin::Inflammatory::Psoriasiform::Pityriasis_Rubra_Pilaris,Skin,153
Cyto_Kidney::Malignant::Renal_Cell_Carcinoma::Clear_Cell_RCC,Cyto_Kidney,152
HN::Soft_Tissue::Skeletal_Muscle::Rhabdomyosarcoma,HN,152
Skin::Infectious::Fungal::Pityriasis_Tinea_Versicolor,Skin,152
Cyto_Neuro::Specimen_Type::Squash_Prep_Smear,Cyto_Neuro,151
Skin::Neoplastic::Melanocytic::Malignant::Melanoma::Lentigo_Maligna,Skin,151
BST::Bone::Chondrogenic::Malignant::Chondrosarcoma_Grade_2_3,BST,150
HN::Ear_Temporal_Bone::External_Auditory_Canal::Squamous_Cell_Carcinoma,HN,149
HN::Larynx_Hypopharynx_Trachea::Inflammatory::Contact_Ulcer,HN,149
BST::Soft_Tissue::Adipocytic::Intermediate::Atypical_Lipomatous_Tumor_Well_Differentiated_Liposarcoma,BST,147
Cyto_Pancreatobiliary::Neoplasm_Risk::Low_Grade::Pancreatic_IPMN_Low_Grade,Cyto_Pancreatobiliary,147
Skin::Inflammatory::Psoriasiform::Psoriasis_Pustular,Skin,147
Breast::Neoplastic::Epithelial::Malignant::Invasive_Lobular_Carcinoma,Breast,146
Cyto_Salivary::Category::Non_Neoplastic,Cyto_Salivary,146
GYN::Cervix::Congenital_Structural::Heterotopia::Endometriosis,GYN::Cervix,146
Skin::Depositional_Metabolic::Silicone_Reaction,Skin,145
Endo::Parathyroid::Neoplastic::Epithelial::Malignant::Parathyroid_Carcinoma,Endo,144
Cyto_Salivary::Pattern::Cystic_Lesion,Cyto_Salivary,143
Skin::Neoplastic::Soft_Tissue::Muscular::Cutaneous_Leiomyoma_Pilar,Skin,143
GU::Kidney::Renal_cell::Clear_Cell_RCC,GU::Kidney,142
HN::Ear_Temporal_Bone::Inflammatory::Infection,HN,142
Cyto_Urinary::Category::High_Grade_Urothelial_Carcinoma_HGUC,Cyto_Urinary,141
GU::Prostate::Glandular_neoplasms::Intraductal_Carcinoma_of_the_Prostate,GU::Prostate,141
HN::Neuroendocrine_Paraganglioma::Paraganglioma::Head_And_Neck_Paraganglioma,HN,141
Breast::Neoplastic::Epithelial::Malignant::Mucinous_Carcinoma,Breast,140
Breast::Normal_Histology::Pregnancy_Related_Change,Breast,140
HN::Heme::Hodgkin::Hodgkin_Lymphoma,HN,140
BST::Bone::Reactive::Joint::CPPD_Pseudogout,BST,139
Breast::Neoplastic::Epithelial::Precursor::Flat_Epithelial_Atypia,Breast,139
GI::Stomach::Inflammatory::Gastritis::Gastric_Gastritis_Overview_NOS,GI,139
GYN::Cervix::Neoplastic::Epithelial::Malignant::Squamous_Cell_Carcinoma,GYN::Cervix,139
Cyto_Thyroid::Category::Atypia_Undetermined_Significance_AUS_FLUS,Cyto_Thyroid,137
Skin::Neoplastic::Hematolymphoid::Primary_Cutaneous_Marginal_Zone_Lymphoma,Skin,137
BST::Soft_Tissue::Vascular::Malignant::Angiosarcoma,BST,136
GU::Prostate::Benign::Atrophy,GU::Prostate,136
GU::Prostate::Glandular_neoplasms::High_Grade_Prostatic_Intraepithelial_Neoplasia,GU::Prostate,136
HN::Larynx_Hypopharynx_Trachea::Precursor::Epithelial_Dysplasia,HN,136
Skin::Neoplastic::Hematolymphoid::Lymphomatoid_Papulosis,Skin,136
BST::Soft_Tissue::Nerve_Sheath::Benign::Schwannoma_Conventional,BST,135
Skin::Inflammatory::Vasculitis::Thrombotic_Vasculopathy,Skin,135
Endo::Thyroid::Neoplastic::Epithelial::Malignant::Follicular_Thyroid_Carcinoma,Endo,134
HN::Oral_Cavity::Tumor_Uncertain_Histogenesis::Granular_Cell_Tumor,HN,134
Cyto_Fluids::Category::Negative_For_Malignancy,Cyto_Fluids,133
Cyto_Salivary::Non_Neoplastic::Amyloidosis,Cyto_Salivary,133
GU::Kidney::Renal_cell::Papillary_RCC,GU::Kidney,133
Molecular::Concept::Variants::Copy_Number_Variation,Molecular,133
Molecular::Heme::Lymphoid::B_Cell_Lymphoma,Molecular,133
Skin::Infectious::Fungal::Histoplasmosis_Cutaneous,Skin,133
Skin::Inflammatory::Spongiotic::Lichen_Simplex_Chronicus,Skin,132
Skin::Neoplastic::Soft_Tissue::Malignant::Liposarcoma,Skin,132
Cyto_GYN::Glandular::Endocervical_Adenocarcinoma_In_Situ_AIS_Usual,Cyto_GYN,131
BST::Soft_Tissue::Fibroblastic::Benign::Nodular_Fasciitis,BST,130
Cyto_Thoracic::Benign_Reactive::Epithelial::Type_II_Pneumocyte_Hyperplasia,Cyto_Thoracic,130
GYN::Fallopian_Tube::Congenital_Structural::Heterotopia::Endometriosis,GYN::Fallopian_Tube,130
GI::Biliary::Inflammatory::Obstructive::Large_Duct_Obstruction,GI,128
GI::Colon::Polyp::Serrated::Colorectal_Hyperplastic_Polyp_Overview,GI,127
Skin::Depositional_Metabolic::Calcification::Calciphylaxis,Skin,127
Skin::Normal_Histology::Melanocyte,Skin,126
Cyto_Pancreatobiliary::Neoplasm_Risk::Low_Grade::Mucinous_Cystic_Neoplasm_Low_Grade,Cyto_Pancreatobiliary,125
Skin::Neoplastic::Soft_Tissue::Adipocytic::Lipoma,Skin,125
Cyto_GYN::Squamous::Low_Grade_Squamous_Intraepithelial_Lesion_LSIL,Cyto_GYN,123
Skin::Infectious::Viral::Herpes_Simplex_Virus_HSV1_HSV2,Skin,123
HN::Odontogenic_Maxillofacial::Benign_Bone_Cartilage::Osteoma,HN,122
Skin::Neoplastic::Soft_Tissue::Benign::Fibroma,Skin,122
GI::Anus::Inflammatory::Infectious::Anal_Infections_Other,GI,121
Skin::Inflammatory::Drug_Eruption::Acute_Generalized_Exanthematous_Pustulosis_AGEP,Skin,121
Skin::Neoplastic::Adnexal::Eccrine::Poroma_Eccrine,Skin,121
Cyto_Heme::Malignant::B_Cell_Small::Follicular_Lymphoma_Low_Grade,Cyto_Heme,120
HN::Oral_Cavity::Precursor::Squamous_Papilloma,HN,120
Skin::Inflammatory::Interface::Erythema_Multiforme,Skin,120
Skin::Neoplastic::Soft_Tissue::Neural::Schwannoma,Skin,120
Skin::Infectious::Viral::Verruca_Plana_Flat_Wart,Skin,119
Skin::Neoplastic::Adnexal::Eccrine::Microcystic_Adnexal_Carcinoma,Skin,119
BST::Soft_Tissue::Hematolymphoid::Malignant::Follicular_Dendritic_Cell_Sarcoma,BST,118
Breast::Inflammatory::Reactive::Fat_Necrosis,Breast,118
Cyto_GYN::Benign_Reactive::Non_Neoplastic::Follicular_Cervicitis,Cyto_GYN,118
GYN::Ovary::Neoplastic::Epithelial::Malignant::Clear_Cell_Carcinoma,GYN::Ovary,118
GYN::Uterus::Neoplastic::Epithelial::Precursor::Endometrial_Intraepithelial_Neoplasia_Atypical_Hyperplasia,GYN::Uterus,118
GYN::Uterus::Neoplastic::Germ_Cell::Malignant::Germ_Cell_Tumors,GYN::Uterus,118
Skin::Neoplastic::Melanocytic::Benign::Blue_Nevus_Common,Skin,118
Skin::Neoplastic::Melanocytic::In_Situ::Melanoma_In_Situ_NOS,Skin,118
Skin::Infectious::Fungal::Chromoblastomycosis,Skin,117
Skin::Inflammatory::Panniculitis::Erythema_Nodosum,Skin,117
Skin::Neoplastic::Adnexal::Follicular::Trichilemmoma,Skin,117
HN::Eye_Adnexa::Malignant_Neoplasm,HN,116
Skin::Depositional_Metabolic::Gout,Skin,116
Cyto_Breast::Category::Benign,Cyto_Breast,115
Endo::Thyroid::Inflammatory::Autoimmune::Graves_Disease,Endo,115
GI::Stomach::Neoplastic::Adenocarcinoma::Gastric_Adenocarcinoma_Diffuse_Signet_Ring_Type,GI,115
Skin::Neoplastic::Hematolymphoid::Subcutaneous_Panniculitis_Like_T_Cell_Lymphoma,Skin,115
Skin::Neoplastic::Melanocytic::Intermediate::BAPoma_BAP1_Inactivated_Nevus,Skin,115
BST::Soft_Tissue::Fibroblastic::Intermediate::Dermatofibrosarcoma_Protuberans_Conventional,BST,114
Endo::Thyroid::Inflammatory::Chronic_Lymphocytic::Hashimoto_Thyroiditis,Endo,114
Endo::Thyroid::Neoplastic::Mesenchymal::Benign::Peripheral_Nerve_Sheath_Tumor,Endo,114
Skin::Inflammatory::Histiocytic::Histiocytosis,Skin,113
Skin::Neoplastic::Melanocytic::Benign::Congenital_Nevus,Skin,113
Skin::Neoplastic::Soft_Tissue::Adipocytic::Spindle_Cell_Lipoma,Skin,113
GI::Biliary::Inflammatory::Cholecystitis::Gallbladder_Cholelithiasis,GI,112
HN::Eye_Adnexa::Non_Neoplastic,HN,112
HN::Oral_Cavity::Tumor_Uncertain_Histogenesis::Congenital_Granular_Cell_Epulis,HN,112
BST::Bone::Giant_Cell::Benign::Giant_Cell_Reparative_Granuloma,BST,111
BST::Soft_Tissue::Inflammatory::Acute_Chronic::Myositis_Ossificans,BST,111
HN::Soft_Tissue::Peripheral_Nerve_Sheath::Malignant_Peripheral_Nerve_Sheath_Tumor,HN,111
Skin::Inflammatory::Acneiform::Rosacea,Skin,111
Skin::Neoplastic::Melanocytic::Malignant::Melanoma_Nodular,Skin,111
HN::Sinonasal::Mesenchymal::Sinonasal_Glomangiopericytoma,HN,110
Skin::Inflammatory::Panniculitis::Panniculitis_Overview_NOS,Skin,110
Skin::Neoplastic::Melanocytic::Benign::Halo_Nevus,Skin,110
Breast::Neoplastic::Metastatic::Malignant::Metastasis_To_Breast,Breast,109
Cyto_GI_Tract::Esophagus::Malignant::Adenocarcinoma,Cyto_GI_Tract,109
Cyto_Pancreatobiliary::Benign_Neoplasm::Serous_Cystadenoma_Microcystic,Cyto_Pancreatobiliary,109
Cyto_Pancreatobiliary::Benign_Reactive::Cyst::Pseudocyst,Cyto_Pancreatobiliary,109
GI::Stomach::Polyp::Adenoma::Gastric_Adenoma_With_Dysplasia_NOS,GI,109
BST::Soft_Tissue::Uncertain_Diff::Malignant::Clear_Cell_Sarcoma_Soft_Tissue,BST,108
Cyto_GYN::Malignant_Other::Small_Cell_Neuroendocrine_Carcinoma,Cyto_GYN,108
HN::Sinonasal::Carcinoma::Sinonasal_Undifferentiated_Carcinoma,HN,108
Molecular::Concept::Basic_Science::DNA_RNA_Gene_Structure,Molecular,108
Skin::Inflammatory::Spongiotic::Seborrheic_Dermatitis,Skin,108
Skin::Neoplastic::Melanocytic::Malignant::Melanoma_Superficial_Spreading,Skin,108
BST::Soft_Tissue::Uncertain_Diff::Malignant::Undifferentiated_Pleomorphic_Sarcoma,BST,107
Cyto_GYN::Benign_Reactive::Non_Neoplastic::Reactive_Cellular_Changes_Repair_Typical,Cyto_GYN,107
Cyto_Thyroid::Category::Benign_Follicular_Nodule,Cyto_Thyroid,107
Breast::Neoplastic::Epithelial::Malignant::Metaplastic_Carcinoma,Breast,106
Cyto_Urinary::Concept::Collection_Techniques_and_Preparations,Cyto_Urinary,106
GYN::Cervix::Neoplastic::Metastatic::Secondary_Tumors,GYN::Cervix,106
Skin::Infectious::Bacterial::Leprosy,Skin,106
BST::Bone::Notochordal::Malignant::Chordoma_Conventional,BST,105
Cyto_Thyroid::Malignant::Papillary::Papillary_Thyroid_Carcinoma_Classic,Cyto_Thyroid,105
HN::Sinonasal::Mesenchymal::Sinonasal_Tract_Angiofibroma,HN,105
Molecular::Technique::PCR::Allele_Specific_PCR,Molecular,105
Skin::Infectious::Fungal::Coccidioidomycosis_Cutaneous,Skin,105
Skin::Neoplastic::Soft_Tissue::Fibrous::Dermatofibroma_Benign_Fibrous_Histiocytoma,Skin,105
GI::Stomach::Polyp::Adenoma::Gastric_Pyloric_Gland_Adenoma,GI,104
Heme::Hodgkin_Lymphoma::Classic_Hodgkin_Lymphoma,Heme,104
GYN::Ovary::Neoplastic::Epithelial::Malignant::High_Grade_Serous_Adenocarcinoma,GYN::Ovary,103
HN::Oral_Cavity::Non_Neoplastic::Oral_Melanoacanthoma,HN,103
Skin::Inflammatory::Interface::Lupus_Erythematosus_Systemic_SLE,Skin,103
Skin::Neoplastic::Metastatic::Metastatic_Malignant_Melanoma,Skin,103
BST::Soft_Tissue::Uncertain_Diff::Malignant::Undifferentiated_Round_Cell_Sarcoma_Ewing,BST,102
GI::Stomach::Depositional_Metabolic::Gastric_Iron_Pill_Induced_Gastropathy,GI,102
Skin::Neoplastic::Soft_Tissue::Vascular::Angiosarcoma_Cutaneous,Skin,102
Breast::Male_Tumors::Epithelial::Gynecomastia,Breast,101
HN::Soft_Tissue::Fibroblastic_Myofibroblastic::Nodular_Fasciitis,HN,101
Skin::Inflammatory::Granulomatous::Necrobiosis_Lipoidica,Skin,101
BST::Soft_Tissue::Adipocytic::Malignant::Dedifferentiated_Liposarcoma,BST,100
Skin::Inflammatory::Blistering::Dermatitis_Herpetiformis,Skin,100
Skin::Neoplastic::Adnexal::Eccrine::Syringoma,Skin,100
Skin::Neoplastic::Adnexal::Paget::Extramammary_Paget_Disease,Skin,100
BST::Soft_Tissue::Fibroblastic::Intermediate::Solitary_Fibrous_Tumor,BST,99
Cyto_GYN::Benign_Reactive::Non_Neoplastic::Squamous_Metaplasia_Mature,Cyto_GYN,99
Cyto_GYN::Benign_Reactive::Non_Neoplastic::Tubal_Metaplasia,Cyto_GYN,99
GU::Bladder::Urothelial::Non_Invasive_Papillary_Urothelial_Carcinoma,GU::Bladder,99
HN::Odontogenic_Maxillofacial::Jaw_Cyst::Radicular_Cyst,HN,99
Cyto_Salivary::Malignant::Acinic_Cell_Carcinoma,Cyto_Salivary,98
GI::Anus::Neoplastic::Squamous::Anal_Squamous_Intraepithelial_Neoplasia,GI,98
HN::Salivary_Gland::Malignant_Tumor::Salivary_Duct_Carcinoma,HN,98
Skin::Inflammatory::Panniculitis::Lupus_Panniculitis_Profundus,Skin,98
Skin::Neoplastic::Hematolymphoid::Langerhans_Cell_Histiocytosis,Skin,98
BST::Bone::Other::Intermediate::Adamantinoma_Classic,BST,97
Cyto_Salivary::Category::Malignant,Cyto_Salivary,97
Cyto_Urinary::Infectious::Viral::Human_Papillomavirus_HPV,Cyto_Urinary,97
GU::Prostate::Therapy_Effects::Radiation,GU::Prostate,97
Skin::Depositional_Metabolic::Mucinosis::Mucocele,Skin,97
Cyto_Fluids::Category::Malignant,Cyto_Fluids,96
GYN::Vulva::Neoplastic::Epithelial::Malignant::Squamous_Cell_Carcinoma,GYN::Vulva,96
Skin::Infectious::Fungal::Blastomycosis_Cutaneous,Skin,96
Skin::Inflammatory::Interface::Dermatomyositis,Skin,96
Cyto_Urinary::Category::Negative_For_High_Grade_Urothelial_Carcinoma_NHGUC,Cyto_Urinary,95
Cyto_Thoracic::Category::Suspicious_For_Malignancy,Cyto_Thoracic,94
Endo::Thyroid::Congenital_Structural::Malformation::Solid_Cell_Nests,Endo,94
Cyto_Urinary::Specimen_Type::Voided_Urine,Cyto_Urinary,93
GYN::Uterus::Neoplastic::Epithelial::Malignant::Serous_Adenocarcinoma,GYN::Uterus,93
HN::Heme::B_Cell::Plasmacytoma,HN,93
HN::Sinonasal::Other::Meningioma,HN,93
Molecular::Solid::Gynecologic::Cervical_Carcinoma,Molecular,93
Cyto_Breast::Inflammatory::Fat_Necrosis,Cyto_Breast,92
Cyto_GYN::Benign_Reactive::Non_Neoplastic::Atrophy_Atrophic_Vaginitis,Cyto_GYN,92
GU::Prostate::Glandular_neoplasms::Prostatic_Ductal_Adenocarcinoma,GU::Prostate,92
Skin::Congenital_Structural::Cyst::Epidermoid_Cyst_Infundibular,Skin,92
BST::Soft_Tissue::Fibroblastic::Malignant::Low_Grade_Fibromyxoid_Sarcoma,BST,91
GYN::Uterus::Neoplastic::Mesenchymal::Malignant::Leiomyosarcoma,GYN::Uterus,91
HN::Odontogenic_Maxillofacial::Malignant_Bone_Cartilage::Chondrosarcoma,HN,91
BST::Soft_Tissue::Fibrohistiocytic::Benign::Tenosynovial_Giant_Cell_Tumor_Localized,BST,90
BST::Soft_Tissue::Fibrohistiocytic::Intermediate::Tenosynovial_Giant_Cell_Tumor_Diffuse,BST,90
Cyto_GYN::Squamous::Anal_Intraepithelial_Neoplasia_High_Grade_HSIL,Cyto_GYN,90
GI::Esophagus::Inflammatory::Esophagitis::Esophageal_Reflux_Esophagitis_GERD,GI,90
Skin::Neoplastic::Melanocytic::Benign::Special_Site_Nevus,Skin,90
Skin::Neoplastic::Adnexal::Adnexal_Neoplasm_Overview_NOS,Skin,89
BST::Soft_Tissue::Adipocytic::Malignant::Myxoid_Liposarcoma,BST,88
BST::Soft_Tissue::Vascular::Intermediate::Kaposi_Sarcoma,BST,88
Cyto_Salivary::Benign::Pleomorphic_Adenoma_Mixed_Tumor,Cyto_Salivary,88
Endo::Thyroid::Congenital_Structural::Cyst::Thyroglossal_Duct_Cyst,Endo,88
Cyto_Breast::Benign::Neoplasm::Fibroadenoma_Simple,Cyto_Breast,87
Cyto_Pancreatobiliary::Pattern::Mucinous_Background,Cyto_Pancreatobiliary,87
GYN::Cervix::Neoplastic::Epithelial::Malignant::Gastric_Type_Adenocarcinoma_HPV_Independent,GYN::Cervix,87
GYN::Ovary::Neoplastic::Germ_Cell::Malignant::Yolk_Sac_Tumor,GYN::Ovary,87
HN::Soft_Tissue::Adipocytic::Liposarcoma,HN,87
Skin::Depositional_Metabolic::Amyloidosis::Amyloidosis_Nodular,Skin,87
GU::Kidney::Histology_&_Anatomy::Histology_&_Anatomy_of_Kidney,GU::Kidney,86
GYN::Uterus::Neoplastic::Metastatic::Secondary_Tumors,GYN::Uterus,86
HN::Heme::B_Cell::Diffuse_Large_B_Cell_Lymphoma,HN,86
HN::Heme::T_NK_Cell::Extranodal_NK_T_Cell_Lymphoma,HN,86
HN::Salivary_Gland::Malignant_Tumor::Polymorphous_Adenocarcinoma,HN,86
Skin::Infectious::Viral::Molluscum_Contagiosum,Skin,86
Cyto_Urinary::Category::Atypical_Urothelial_Cells_AUC,Cyto_Urinary,85
GYN::Ovary::Neoplastic::Mesenchymal::Malignant::Smooth_Muscle_Tumors,GYN::Ovary,85
Molecular::Solid::Gastrointestinal::Hepatocellular_Carcinoma,Molecular,85
Skin::Neoplastic::Hematolymphoid::Cutaneous_B_Cell_Lymphoma,Skin,85
Cyto_Heme::Benign_Reactive::General::Granulomatous_Lymphadenitis_NOS,Cyto_Heme,84
Cyto_Thyroid::Category::Follicular_Neoplasm_Suspicious_FN_SFN,Cyto_Thyroid,84
GYN::Fallopian_Tube::Inflammatory::Acute::Salpingitis,GYN::Fallopian_Tube,84
HN::Soft_Tissue::Fibroblastic_Myofibroblastic::Solitary_Fibrous_Tumor,HN,84
Molecular::Hereditary::Metabolic::Alpha_1_Antitrypsin_Deficiency,Molecular,84
Skin::Infectious::Fungal::Cryptococcus_w/_PAS_&_GMS,Skin,84
Skin::Neoplastic::Soft_Tissue::Muscular::Leiomyosarcoma_Cutaneous,Skin,84
BST::Bone::Vascular::Benign::Hemangioma_Of_Bone,BST,83
BST::Soft_Tissue::Vascular::Malignant::Epithelioid_Hemangioendothelioma,BST,83
Molecular::Solid::Skin::Melanoma,Molecular,83
Skin::Inflammatory::Blistering::Cicatricial_Pemphigoid_Mucous_Membrane,Skin,83
Cyto_GYN::Glandular::Carcinoma::Adenocarcinoma_NOS,Cyto_GYN,82
Cyto_Heme::Benign_Reactive::Infectious::Mycobacterium_Tuberculosis,Cyto_Heme,82
Cyto_Soft_Tissue::Category::Benign,Cyto_Soft_Tissue,82
Skin::Inflammatory::Interface::Graft_Versus_Host_Disease_Acute,Skin,82
Cyto_Thyroid::Intermediate::Noninvasive_Follicular_Thyroid_Neoplasm_NIFTP,Cyto_Thyroid,81
GU::Kidney::Renal_cell::Renal_Cell_Carcinoma_NOS,GU::Kidney,81
HN::Soft_Tissue::Peripheral_Nerve_Sheath::Neurofibroma,HN,81
HN::Soft_Tissue::Vascular::Epithelioid_Hemangioma,HN,81
Skin::Inflammatory::Degenerative::Solar_Elastosis,Skin,81
GYN::Fallopian_Tube::Neoplastic::Epithelial::Malignant::Serous_Carcinoma_And_STIC,GYN::Fallopian_Tube,80
HN::Soft_Tissue::Peripheral_Nerve_Sheath::Schwannoma,HN,80
BST::Soft_Tissue::Vascular::Benign::Lymphangioma,BST,79
Cyto_GYN::Benign_Reactive::Endometrial_Cells_On_Pap_Test,Cyto_GYN,79
Cyto_Thyroid::Benign_Reactive::Hashimoto_Thyroiditis_Chronic_Lymphocytic,Cyto_Thyroid,79
HN::Ear_Temporal_Bone::External_Auditory_Canal::Keloid,HN,79
Skin::Depositional_Metabolic::Mucinosis::Scleromyxedema,Skin,79
Skin::Infectious::Viral::Herpes_Zoster_Varicella_VZV,Skin,79
Skin::Inflammatory::Granulomatous::Rheumatoid_Nodule,Skin,79
Skin::Inflammatory::Interface::Lichen_Striatus,Skin,79
BST::Soft_Tissue::Fibrohistiocytic::Benign::Dermatofibroma_Fibrous_Histiocytoma,BST,78
HN::Soft_Tissue::Uncertain_Differentiation::Synovial_Sarcoma,HN,78
Skin::Inflammatory::Psoriasiform::Psoriasis_Guttate,Skin,78
Skin::Neoplastic::Adnexal::Eccrine::Porocarcinoma,Skin,78
BST::Soft_Tissue::Fibroblastic::Intermediate::Myxoinflammatory_Fibroblastic_Sarcoma,BST,77
BST::Soft_Tissue::Skeletal_Muscle::Malignant::Embryonal_Rhabdomyosarcoma,BST,77
Cyto_GI_Tract::Colon::Benign_Reactive::Adenoma,Cyto_GI_Tract,77
Cyto_GYN::Glandular::Atypical_Glandular_Cells_AGC_NOS,Cyto_GYN,77
GU::Prostate::Benign::Adenosis,GU::Prostate,77
BST::Bone::Osteogenic::Malignant::Osteosarcoma_Parosteal,BST,76
BST::Soft_Tissue::Uncertain_Diff::Malignant::Synovial_Sarcoma_Biphasic,BST,76
BST::Soft_Tissue::Uncertain_Diff::Malignant::Synovial_Sarcoma_Monophasic,BST,76
Cyto_Adrenal::Benign::Normal_Adrenal_Cytology,Cyto_Adrenal,76
GYN::Uterus::Neoplastic::Mesenchymal::Malignant::Low_Grade_Endometrial_Stromal_Sarcoma,GYN::Uterus,76
HN::Oral_Cavity::Precursor::Submucous_Fibrosis,HN,76
Molecular::Heme::Myeloid::Acute_Promyelocytic_Leukemia,Molecular,76
Skin::Infectious::Bacterial::Bullous_Impetigo,Skin,76
Skin::Inflammatory::Vasculitis::Erythema_Elevatum_Diutinum,Skin,76
GI::Stomach::Inflammatory::Gastritis::Gastric_Chronic_Helicobacter_Pylori_Gastritis,GI,75
GU::Bladder::Non_Neoplastic::Nephrogenic_Adenoma,GU::Bladder,75
HN::Odontogenic_Maxillofacial::Benign_Mesenchymal::Cemento_Ossifying_Fibroma,HN,75
HN::Salivary_Gland::Malignant_Tumor::Acinic_Cell_Carcinoma,HN,75
Skin::Depositional_Metabolic::Amyloidosis::Amyloidosis_Lichen,Skin,75
Skin::Inflammatory::Interface::Lichen_Nitidus,Skin,75
Skin::Neoplastic::Hematolymphoid::Primary_Cutaneous_Anaplastic_Large_Cell_Lymphoma,Skin,75
Skin::Neoplastic::Metastatic::Metastatic_Breast_Carcinoma,Skin,75
Cyto_GYN::Benign::Normal_GYN_Cytology,Cyto_GYN,74
Cyto_Management::Ancillary_Testing::HPV_Testing,Cyto_Management,74
Endo::Thyroid::Neoplastic::Epithelial::Malignant::Anaplastic_Thyroid_Carcinoma,Endo,74
GYN::Vulva::Neoplastic::Epithelial::Precursor::Vulvar_Intraepithelial_Neoplasia_VIN,GYN::Vulva,74
HN::Salivary_Gland::Malignant_Tumor::Squamous_Cell_Carcinoma,HN,74
HN::Salivary_Gland::Non_Neoplastic::Sjogren_Syndrome,HN,74
HN::Soft_Tissue::Vascular::Kaposi_Sarcoma,HN,74
Heme::Mature_B_Cell::Burkitt::Burkitt_Lymphoma,Heme,74
Skin::Inflammatory::Vasculitis::Polyarteritis_Nodosa,Skin,74
BST::Bone::Osteogenic::Benign::Osteoma,BST,73
BST::Soft_Tissue::Uncertain_Diff::Intermediate::Ossifying_Fibromyxoid_Tumor,BST,73
Cyto_GYN::Glandular::Carcinoma::Adenocarcinoma_Endocervical_Mucinous_Gastric_Type,Cyto_GYN,73
GYN::Ovary::Neoplastic::Epithelial::Benign::Serous_Tumor_Benign,GYN::Ovary,73
GYN::Peritoneum::Congenital_Structural::Cyst::Peritoneal_Inclusion_Cysts,GYN::Peritoneum,73
Skin::Inflammatory::Blistering::Pemphigus_Vegetans,Skin,73
Skin::Neoplastic::Soft_Tissue::Fibrous::Atypical_Fibroxanthoma,Skin,73
Skin::Neoplastic::Soft_Tissue::Fibrous::Pleomorphic_Dermal_Sarcoma,Skin,73
BST::Soft_Tissue::Uncertain_Diff::Malignant::Epithelioid_Sarcoma,BST,72
Cyto_Fluids::Specimen_Type::Cerebrospinal_Fluid_CSF,Cyto_Fluids,72
Endo::Parathyroid::Nonneoplastic::Hyperplasia::Primary_Multiglandular_Parathyroid_Disease,Endo,72
HN::Salivary_Gland::Benign_Tumor::Basal_Cell_Adenoma,HN,72
HN::Sinonasal::Inflammatory::Nasal_Polyp,HN,72
Skin::Infectious::Bacterial::Bacillary_Angiomatosis_Bartonella,Skin,72
Skin::Infectious::Fungal::Mycetoma,Skin,72
Skin::Neoplastic::Soft_Tissue::Adipocytic::Angiolipoma,Skin,72
Cyto_Pancreatobiliary::Malignant::Solid_Pseudopapillary::Solid_Pseudopapillary_Neoplasm_SPN,Cyto_Pancreatobiliary,71
GYN::Ovary::Neoplastic::Epithelial::Borderline::Mucinous_Borderline_Tumor_Intestinal_Type,GYN::Ovary,71
GYN::Ovary::Neoplastic::Metastatic::Metastatic_Colorectal_Carcinoma,GYN::Ovary,71
HN::Oropharynx::Carcinoma::Squamous_Cell_Carcinoma_HPV_Associated,HN,71
Heme::Plasma_Cell_Neoplasm::Plasma_Cell_Myeloma,Heme,71
Neuro::Tumor::Diffuse_Glioma::Adult::Glioblastoma_IDH_wildtype,Neuro,71
Skin::Congenital_Structural::Genodermatosis::Darier_Disease_Keratosis_Follicularis,Skin,71
Skin::Depositional_Metabolic::Calcification::Calcinosis_Cutis_Dystrophic,Skin,71
Skin::Inflammatory::Alopecia::Lichen_Planopilaris,Skin,71
BST::Soft_Tissue::Fibroblastic::Intermediate::Inflammatory_Myofibroblastic_Tumor,BST,70
BST::Soft_Tissue::Uncertain_Diff::Malignant::Alveolar_Soft_Part_Sarcoma,BST,70
Cyto_Fluids::Pattern::Psammoma_Bodies,Cyto_Fluids,70
Cyto_GYN::Benign_Reactive::Non_Neoplastic::Pemphigus_Vulgaris,Cyto_GYN,70
Cyto_Heme::Malignant::B_Cell_Small::Mantle_Cell_Lymphoma_Classic,Cyto_Heme,70
HN::Odontogenic_Maxillofacial::Giant_Cell_Lesion::Central_Giant_Cell_Granuloma,HN,70
Molecular::Solid::Soft_Tissue::Sarcoma_Translocation_Associated,Molecular,70
Cyto_Heme::Malignant::B_Cell_Large::Diffuse_Large_B_Cell_Lymphoma_DLBCL,Cyto_Heme,69
Skin::Infectious::Viral::Verruca_Vulgaris_Common_Wart,Skin,69
Skin::Inflammatory::Neutrophilic::Pyoderma_Gangrenosum,Skin,69
Skin::Inflammatory::Spongiotic::Pityriasis_Rosea,Skin,69
Skin::Neoplastic::Soft_Tissue::Fibrous::Nodular_Fasciitis,Skin,69
Breast::Neoplastic::Mesenchymal::Benign::Pseudoangiomatous_Stromal_Hyperplasia_PASH,Breast,68
Cyto_Thoracic::Malignant::Neuroendocrine::Carcinoid_Tumor_Typical,Cyto_Thoracic,68
GYN::Peritoneum::Neoplastic::Epithelial::Malignant::Serous_Carcinoma,GYN::Peritoneum,68
HN::Sinonasal::Inflammatory::Granulomatosis_With_Polyangiitis,HN,68
Skin::Inflammatory::Spongiotic::Stasis_Dermatitis,Skin,68
Skin::Neoplastic::Soft_Tissue::Vascular::Intravascular_Papillary_Endothelial_Hyperplasia,Skin,68
Cyto_Fluids::Malignant::Metastatic::Squamous_Cell_Carcinoma,Cyto_Fluids,67
Cyto_Thoracic::Category::Benign,Cyto_Thoracic,67
Skin::Congenital_Structural::Genodermatosis::Ichthyosis,Skin,67
Skin::Inflammatory::Vasculitis::Urticarial_Vasculitis,Skin,67
Skin::Neoplastic::Hematolymphoid::Mastocytosis_Urticaria_Pigmentosa,Skin,67
Skin::Neoplastic::Metastatic::Metastatic_Colon_Carcinoma,Skin,67
Skin::Neoplastic::Soft_Tissue::Vascular::Glomus_Tumor,Skin,67
BST::Bone::Notochordal::Benign::Benign_Notochordal_Cell_Tumor,BST,66
Cyto_Fluids::Category::Atypia_Of_Undetermined_Significance_AUS,Cyto_Fluids,66
Cyto_GI_Tract::Stomach::Benign_Reactive::Epithelial_Repair,Cyto_GI_Tract,66
Cyto_Liver::Malignant::Hepatocellular::Hepatocellular_Carcinoma_Moderately_Differentiated,Cyto_Liver,66
Endo::Adrenal::Neoplastic::Epithelial_Cortical::Malignant::Adrenal_Cortical_Carcinoma,Endo,66
HN::Heme::B_Cell::Extranodal_Marginal_Zone_Lymphoma,HN,66
HN::Odontogenic_Maxillofacial::Fibro_Osseous::Fibrous_Dysplasia,HN,66
Molecular::Concept::Quality::Quantitative_Controls_Gene_Expression_MRD,Molecular,66
Skin::Inflammatory::Blistering::Epidermolysis_Bullosa_Acquisita,Skin,66
Breast::Neoplastic::Epithelial::Benign::Usual_Ductal_Hyperplasia_UDH,Breast,65
Cyto_Neuro::Category::Malignant,Cyto_Neuro,65
HN::Salivary_Gland::Benign_Tumor::Warthin_Tumor,HN,65
Molecular::Heme::Lymphoid::T_Cell_Lymphoma,Molecular,65
Molecular::Hereditary::Metabolic::Mitochondrial_Disorders,Molecular,65
BST::Soft_Tissue::Uncertain_Diff::Malignant::Extraskeletal_Myxoid_Chondrosarcoma,BST,64
BST::Soft_Tissue::Uncertain_Diff::Malignant::PEComa_Malignant,BST,64
HN::Soft_Tissue::Vascular::Angiosarcoma,HN,64
Skin::Congenital_Structural::Genodermatosis::Pseudoxanthoma_Elasticum,Skin,64
Skin::Inflammatory::Vasculitis::Livedoid_Vasculopathy_Atrophie_Blanche,Skin,64
Cyto_Fluids::Benign::Normal_Serous_Effusion_Cytology,Cyto_Fluids,63
Cyto_Salivary::NonNeoplastic::Reactive::Oncocytic_Metaplasia,Cyto_Salivary,63
GU::Bladder::Squamous_Neoplasms::Squamous_Cell_Carcinoma,GU::Bladder,63
GU::Bladder::Urothelial::Papillary_Urothelial_Neoplasm_of_Low_Malignant_Potential,GU::Bladder,63
GYN::Ovary::Neoplastic::Germ_Cell::Malignant::Dysgerminoma,GYN::Ovary,63
HN::Neck_Lymph_Node::Cyst::Dermoid_Cyst,HN,63
Heme::Immune_Deficiency_Associated::Post_Transplant_Lymphoproliferative_Disorder_PTLD,Heme,63
BST::Bone::Chondrogenic::Malignant::Chondrosarcoma_Dedifferentiated,BST,62
BST::Soft_Tissue::Uncertain_Diff::Intermediate::Mixed_Tumor_Myoepithelioma,BST,62
Cyto_Thoracic::Malignant::Neuroendocrine::Large_Cell_Neuroendocrine_Carcinoma_LCNEC,Cyto_Thoracic,62
GYN::Uterus::Neoplastic::Mesenchymal::Benign::PEComa,GYN::Uterus,62
HN::Sinonasal::Papilloma::Sinonasal_Papilloma_Inverted,HN,62
Molecular::Solid::Genitourinary::Renal_Cell_Carcinoma,Molecular,62
Molecular::Solid::Gynecologic::Ovarian_Carcinoma,Molecular,62
Molecular::Solid::Soft_Tissue::Sarcoma_Complex_Karyotype,Molecular,62
Skin::Inflammatory::Adnexal::Eosinophilic_Pustular_Folliculitis_Ofuji,Skin,62
Cyto_Breast::Category::Malignant,Cyto_Breast,61
Cyto_Fluids::Specimen_Type::Pericardial_Fluid,Cyto_Fluids,61
Cyto_GYN::Benign_Reactive::Non_Neoplastic::Endometriosis,Cyto_GYN,61
Cyto_Thoracic::Malignant::Metastatic::Metastatic_Tumor_To_Lung,Cyto_Thoracic,61
GYN::Ovary::Neoplastic::Epithelial::Malignant::Low_Grade_Serous_Adenocarcinoma,GYN::Ovary,61
HN::Ear_Temporal_Bone::Middle_Inner_Ear::Cholesteatoma,HN,61
Molecular::Solid::Gastrointestinal::Gastrointestinal_Stromal_Tumor,Molecular,61
Skin::Depositional_Metabolic::Xanthoma::Xanthelasma,Skin,61
Skin::Neoplastic::Metastatic::Metastatic_Renal_Cell_Carcinoma,Skin,61
Cyto_Fluids::Benign_Reactive::Ovarian_Cyst::Corpus_Luteum_Cyst,Cyto_Fluids,60
GI::Esophagus::Neoplastic::Squamous::Esophageal_Squamous_Cell_Carcinoma_Basaloid,GI,60
HN::Heme::Histiocytic_Dendritic::Langerhans_Cell_Histiocytosis,HN,60
HN::Odontogenic_Maxillofacial::Benign_Epithelial::Calcifying_Epithelial_Odontogenic_Tumor,HN,60
HN::Sinonasal::Carcinoma::Keratinizing_Squamous_Cell_Carcinoma,HN,60
Skin::Congenital_Structural::Genodermatosis::Ichthyosis_Vulgaris,Skin,60
Skin::Infectious::Viral::Epstein_Barr_Virus,Skin,60
Skin::Neoplastic::Adnexal::Eccrine::Hidradenocarcinoma,Skin,60
BST::Bone::Reactive::Structural::Fracture_Callus,BST,59
GYN::Uterus::Congenital_Structural::Polyp::Endometrial_Polyp,GYN::Uterus,59
GYN::Vulva::Neoplastic::Epithelial::Malignant::Extramammary_Paget_Disease,GYN::Vulva,59
HN::Odontogenic_Maxillofacial::Benign_Epithelial::Ameloblastoma_Conventional,HN,59
HN::Odontogenic_Maxillofacial::Malignant_Bone_Cartilage::Osteosarcoma_Of_Jaw,HN,59
HN::Salivary_Gland::Malignant_Tumor::Carcinoma_Ex_Pleomorphic_Adenoma,HN,59
Skin::Congenital_Structural::Cyst::Dermoid_Cyst,Skin,59
Skin::Infectious::Fungal::Dermatophytosis::Majocchi_Granuloma,Skin,59
Skin::Infectious::Viral::Condyloma_Acuminatum,Skin,59
Skin::Inflammatory::Panniculitis::Lipodermatosclerosis,Skin,59
Skin::Neoplastic::Adnexal::Eccrine::Digital_Papillary_Adenocarcinoma,Skin,59
BST::Soft_Tissue::Adipocytic::Benign::Lipoma_Spindle_Cell_Pleomorphic,BST,58
BST::Soft_Tissue::Nerve_Sheath::Benign::Dermal_Nerve_Sheath_Myxoma,BST,58
BST::Soft_Tissue::Pericytic::Benign::Glomus_Tumor,BST,58
Breast::Nipple_Tumors::Epithelial::Nipple_Adenoma,Breast,58
Cyto_Breast::Malignant::Carcinoma::Invasive_Ductal_Carcinoma_NST,Cyto_Breast,58
Cyto_Pancreatobiliary::Category::Neoplastic_Other,Cyto_Pancreatobiliary,58
Cyto_Salivary::Malignant::Adenoid_Cystic_Carcinoma_Cribriform_Tubular,Cyto_Salivary,58
Cyto_Soft_Tissue::Malignant::Round_Cell::Embryonal_Rhabdomyosarcoma,Cyto_Soft_Tissue,58
GI::Stomach::Neoplastic::Precursor::Gastric_Dysplasia,GI,58
GYN::Cervix::Neoplastic::Epithelial::Malignant::HPV_Associated_Adenocarcinoma,GYN::Cervix,58
GYN::Ovary::Congenital_Structural::Physiologic::Hyperreactio_Luteinalis,GYN::Ovary,58
GYN::Uterus::Inflammatory::Chronic::Endometritis,GYN::Uterus,58
Heme::Mature_B_Cell::Large_B_Cell::Diffuse_Large_B_Cell_Lymphoma_NOS,Heme,58
Skin::Neoplastic::Melanocytic::Benign::Solar_Lentigo,Skin,58
Skin::Neoplastic::Melanocytic::Malignant::Melanoma_Acral_Lentiginous,Skin,58
Skin::Neoplastic::Soft_Tissue::Neural::Perineurioma,Skin,58
Cyto_Soft_Tissue::Benign::Adipocytic::Hibernoma,Cyto_Soft_Tissue,57
GI::Stomach::Polyp::Epithelial::Gastric_Hyperplastic_Polyp,GI,57
GU::Bladder::Urothelial::Atypical_Urothelial_Proliferation,GU::Bladder,57
GYN::Ovary::Neoplastic::Sex_Cord_Stromal::Intermediate::Sertoli_Leydig_Cell_Tumor,GYN::Ovary,57
Molecular::Solid::Gynecologic::Endometrial_Carcinoma,Molecular,57
Skin::Inflammatory::Dermal_Sclerosing::Nephrogenic_Systemic_Fibrosis,Skin,57
Cyto_Fluids::Specimen_Type::Pleural_Fluid,Cyto_Fluids,56
HN::Ear_Temporal_Bone::External_Auditory_Canal::Chondrodermatitis_Nodularis_Chronica_Helicis,HN,56
Heme::Hodgkin_Lymphoma::Nodular_Lymphocyte_Predominant_Hodgkin_Lymphoma,Heme,56
Molecular::Concept::Therapy::Gene_Therapy_Mechanisms,Molecular,56
Skin::Neoplastic::Epidermal::Malignant::Keratoacanthoma,Skin,56
BST::Bone::Osteogenic::Benign::Osteoblastoma,BST,55
BST::Bone::Osteogenic::Malignant::Osteosarcoma_Periosteal,BST,55
Cyto_Heme::Category::Nondiagnostic,Cyto_Heme,55
Cyto_Heme::Malignant::B_Cell_Large::Burkitt_Lymphoma,Cyto_Heme,55
GU::Prostate::Benign::Basal_Cell_Hyperplasia,GU::Prostate,55
GYN::Cervix::Neoplastic::Epithelial::Precursor::Adenocarcinoma_In_Situ,GYN::Cervix,55
HN::Ear_Temporal_Bone::Middle_Inner_Ear::Middle_Ear_Adenoma,HN,55
Skin::Congenital_Structural::Maturation_Keratinization::Epidermolytic_Hyperkeratosis,Skin,55
Skin::Congenital_Structural::Maturation_Keratinization::Keratoderma,Skin,55
Skin::Inflammatory::Alopecia::Alopecia_Overview_NOS,Skin,55
BST::Soft_Tissue::Uncertain_Diff::Malignant::Undifferentiated_Sarcoma_CIC_Rearranged,BST,54
GU::Prostate::Precursor_Lesions::Atypical_Small_Acinar_Proliferation_ASAP,GU::Prostate,54
HN::Salivary_Gland::Malignant_Tumor::Myoepithelial_Carcinoma,HN,54
HN::Sinonasal::Adenocarcinoma::Intestinal_Type_Sinonasal_Adenocarcinoma,HN,54
Skin::Disorders_of_Pigmentation::Hypopigmentation::Vitiligo,Skin,54
Skin::Infectious::Bacterial::Erythrasma_Corynebacterium,Skin,54
Skin::Neoplastic::Adnexal::Eccrine::Endocrine_Mucin_Producing_Sweat_Gland_Carcinoma,Skin,54
Skin::Neoplastic::Hematolymphoid::Rosai_Dorfman_Disease,Skin,54
Skin::Neoplastic::Melanocytic::Benign::Deep_Penetrating_Nevus,Skin,54
BST::Bone::Reactive::Infectious::Osteomyelitis_Chronic,BST,53
BST::Bone::Reactive::Joint::Osteoarthritis,BST,53
BST::Soft_Tissue::Fibroblastic::Benign::Elastofibroma,BST,53
BST::Soft_Tissue::Fibrohistiocytic::Intermediate::Angiomatoid_Fibrous_Histiocytoma,BST,53
Cyto_GYN::Benign_Reactive::Non_Neoplastic::Glandular_Cells_Post_Hysterectomy,Cyto_GYN,53
Cyto_GYN::Benign_Reactive::Non_Neoplastic::Reactive_Cellular_Changes_Inflammation,Cyto_GYN,53
Cyto_Management::Ancillary_Testing::Molecular_Sequencing_BRAF_KRAS_etc,Cyto_Management,53
Cyto_Neuro::Malignant::Heme::Lymphoma_Secondary_Involvement,Cyto_Neuro,53
Cyto_Pancreatobiliary::Category::Nondiagnostic_Insufficient,Cyto_Pancreatobiliary,53
GU::Bladder::Urothelial::Low_Grade_Papillary_Urothelial_Carcinoma,GU::Bladder,53
GYN::Uterus::Neoplastic::Epithelial::Malignant::Undifferentiated_Dedifferentiated_Carcinoma,GYN::Uterus,53
Heme::Mature_B_Cell::Follicular::Follicular_Lymphoma,Heme,53
Molecular::Hereditary::DNA_Repair::Mismatch_Repair::Lynch_Syndrome_MLH1_PMS2_MSH2_MSH6,Molecular,53
Skin::Congenital_Structural::Cyst::Ganglion,Skin,53
Skin::Depositional_Metabolic::Amyloidosis::Amyloidosis_Macular,Skin,53
Skin::Infectious::Bacterial::Tuberculosis,Skin,53
Skin::Inflammatory::Blistering::IgA_Pemphigus,Skin,53
Skin::Neoplastic::Epidermal::Benign::Inflammatory_Linear_Verrucous_Epidermal_Nevus,Skin,53
BST::Soft_Tissue::Vascular::Benign::Infantile_Hemangioma,BST,52
BST::Syndromes::Predisposition::General::Neurofibromatosis_Type_1,BST,52
GYN::Uterus::Neoplastic::Mixed::Malignant::Mullerian_Adenosarcoma,GYN::Uterus,52
GYN::Vulva::Neoplastic::Mesenchymal::Intermediate::Deep_Aggressive_Angiomyxoma,GYN::Vulva,52
HN::Odontogenic_Maxillofacial::Benign_Bone_Cartilage::Osteoblastoma,HN,52
HN::Soft_Tissue::Skeletal_Muscle::Rhabdomyoma,HN,52
Skin::Congenital_Structural::Maturation_Keratinization::Porokeratosis,Skin,52
Skin::Depositional_Metabolic::Elastosis_Perforans_Serpiginosa,Skin,52
Skin::Infectious::Bacterial::Cellulitis,Skin,52
Skin::Infectious::Fungal::Onychomycosis,Skin,52
BST::Soft_Tissue::Fibroblastic::Intermediate::Infantile_Fibrosarcoma,BST,51
Cyto_Pancreatobiliary::Neoplasm_Risk::High_Grade::Mucinous_Cystic_Neoplasm_High_Grade,Cyto_Pancreatobiliary,51
Cyto_Soft_Tissue::NonNeoplastic::Infectious::Bacterial_Infection,Cyto_Soft_Tissue,51
Cyto_Thoracic::Malignant::Carcinoma::Squamous_Cell_Carcinoma_Non_Keratinizing,Cyto_Thoracic,51
Cyto_Thyroid::Malignant::Medullary::Medullary_Thyroid_Carcinoma,Cyto_Thyroid,51
Cyto_Urinary::Malignant::Urothelial::High_Grade_Urothelial_Carcinoma_NOS,Cyto_Urinary,51
GYN::Ovary::Congenital_Structural::Heterotopia::Endometriosis_And_Deciduosis,GYN::Ovary,51
HN::Odontogenic_Maxillofacial::Fibro_Osseous::Cemento_Osseous_Dysplasia,HN,51
HN::Sinonasal::Hamartoma::Respiratory_Epithelial_Adenomatoid_Hamartoma,HN,51
Skin::Inflammatory::Granulomatous::Ruptured_Cyst_Granuloma,Skin,51
Skin::Inflammatory::Perforating::Perforating_Dermatoses,Skin,51
Skin::Neoplastic::Epidermal::Malignant::Basal_Cell_Carcinoma_Nodular,Skin,51
Skin::Neoplastic::Hematolymphoid::Sezary_Syndrome,Skin,51
Skin::Neoplastic::Melanocytic::In_Situ::Melanoma_In_Situ_Superficial_Spreading_Type,Skin,51
Cyto_Management::Technique::Cell_Block_Preparation,Cyto_Management,50
Cyto_Salivary::Benign::Warthin_Tumor_Papillary_Cystadenolymphoma,Cyto_Salivary,50
GU::Kidney::Inflammatory::Infectious::Pyelonephritis,GU::Kidney,50
HN::Salivary_Gland::Malignant_Tumor::Basal_Cell_Adenocarcinoma,HN,50
Heme::Mature_T_NK_Cell::Other::Peripheral_T_Cell_Lymphoma_NOS,Heme,50
Skin::Infectious::Fungal::Sporotrichosis,Skin,50
Skin::Neoplastic::Adnexal::Follicular::Trichoblastoma,Skin,50
BST::Bone::Reactive::Structural::Osteonecrosis_Avascular_Necrosis,BST,49
BST::Soft_Tissue::Fibroblastic::Malignant::Myxofibrosarcoma,BST,49
BST::Soft_Tissue::Nerve_Sheath::Benign::Granular_Cell_Tumor,BST,49
Breast::Inflammatory::Fibrosing::Lymphocytic_Diabetic_Mastitis,Breast,49
Cyto_Neuro::Benign_Reactive::Inflammatory::Meningitis_Acute_Bacterial,Cyto_Neuro,49
Cyto_Pancreatobiliary::Benign_Reactive::Cyst::Lymphoepithelial_Cyst,Cyto_Pancreatobiliary,49
GU::Kidney::Metanephric::Mixed_Epithelial_and_Stromal_Tumor,GU::Kidney,49
GYN::Ovary::Neoplastic::Epithelial::Malignant::Mucinous_Adenocarcinoma,GYN::Ovary,49
GYN::Vulva::Infectious::Fungal::Candidiasis,GYN::Vulva,49
HN::Larynx_Hypopharynx_Trachea::Inflammatory::Infection,HN,49
HN::Nasopharynx::Carcinoma::Nasopharyngeal_Carcinoma,HN,49
Molecular::Heme::Myeloid::Chronic_Myeloid_Leukemia,Molecular,49
Skin::Depositional_Metabolic::Xanthoma::Eruptive_Xanthoma,Skin,49
Skin::Inflammatory::Drug_Eruption::Symmetrical_Drug_Related_Intertriginous_And_Flexural_Erythema_SDRIFE,Skin,49
Skin::Neoplastic::Epidermal::Benign::Seborrheic_Keratosis_NOS,Skin,49
Skin::Neoplastic::Soft_Tissue::Fibrous::Giant_Cell_Tumor_Tendon_Sheath,Skin,49
BST::Bone::Hematolymphoid::Malignant::Primary_Bone_Lymphoma,BST,48
BST::Soft_Tissue::Vascular::Benign::Papillary_Endothelial_Hyperplasia,BST,48
Breast::Neoplastic::Epithelial::Precursor::Atypical_Lobular_Hyperplasia_ALH,Breast,48
Endo::Parathyroid::Congenital_Structural::Cyst::Parathyroid_Cyst,Endo,48
HN::Heme::B_Cell::Burkitt_Lymphoma,HN,48
Skin::Congenital_Structural::Genodermatosis::Epidermolysis_Bullosa,Skin,48
Skin::Congenital_Structural::Genodermatosis::Incontinentia_Pigmenti,Skin,48
Skin::Inflammatory::Dermal_Sclerosing::Chronic_Radiation_Dermatitis,Skin,48
Skin::Neoplastic::Adnexal::Follicular::Pilomatricoma,Skin,48
Skin::Neoplastic::Hematolymphoid::Cutaneous_Gamma_Delta_T_Cell_Lymphoma,Skin,48
Skin::Neoplastic::Metastatic::Metastatic_Carcinoma_Cutaneous_Overview,Skin,48
BST::Bone::Osteogenic::Malignant::Osteosarcoma_Telangiectatic,BST,47
Cyto_GYN::Glandular::Carcinoma::Adenocarcinoma_Endometrial_Endometrioid,Cyto_GYN,47
GU::Bladder::Urothelial::Inverted_Urothelial_Papilloma,GU::Bladder,47
GU::Prostate::Squamous_Neoplasms::Prostatic_Stromal_Tumor_of_Uncertain_Malignant_Potential,GU::Prostate,47
GU::Prostate::Therapy_Effects::Anti_Androgen,GU::Prostate,47
GYN::Ovary::Neoplastic::Sex_Cord_Stromal::Benign::Fibromatous_Neoplasms,GYN::Ovary,47
HN::Odontogenic_Maxillofacial::Jaw_Cyst::Odontogenic_Keratocyst,HN,47
Heme::Mature_B_Cell::Marginal_Zone::Extranodal_Marginal_Zone_Lymphoma_Of_MALT,Heme,47
Skin::Inflammatory::Arthropod_Bite_Reaction,Skin,47
Skin::Traumatic::Traumatic_Overview_NOS,Skin,47
BST::Soft_Tissue::Fibroblastic::Intermediate::Palmar_Plantar_Fibromatosis,BST,46
BST::Syndromes::Predisposition::Skeletal::Enchondromatosis_Ollier_Maffucci,BST,46
Cyto_Urinary::Specimen_Type::Renal_Pelvic_Washing,Cyto_Urinary,46
GU::Prostate::Glandular_neoplasms::Mucinous_Adenocarcinoma,GU::Prostate,46
HN::Salivary_Gland::Non_Neoplastic::Mucocele,HN,46
HN::Salivary_Gland::Non_Neoplastic::Ranula,HN,46
Skin::Neoplastic::Adnexal::Eccrine::Mucinous_Carcinoma_Primary_Cutaneous,Skin,46
Skin::Neoplastic::Melanocytic::Malignant::Melanoma_Conjunctival,Skin,46
Skin::Neoplastic::Soft_Tissue::Muscular::Angioleiomyoma,Skin,46
BST::Bone::Reactive::Metabolic::Rickets_Osteomalacia,BST,45
BST::Soft_Tissue::Nerve_Sheath::Benign::Neurofibroma_Plexiform,BST,45
BST::Soft_Tissue::Smooth_Muscle::Benign::Leiomyoma_Deep_Soft_Tissue,BST,45
Breast::Congenital_Structural::Cyst::Fibrocystic_Changes,Breast,45
Breast::Inflammatory::Fibrosing::Sclerosing_Adenosis,Breast,45
Breast::Neoplastic::Epithelial::Malignant::Solid_Papillary_Carcinoma,Breast,45
Breast::Neoplastic::Epithelial::Malignant::Tubular_Carcinoma,Breast,45
Endo::Thyroid::Inflammatory::Granulomatous::Subacute_Thyroiditis,Endo,45
Endo::Thyroid::Normal_Histology::Normal_Anatomy,Endo,45
GU::Bladder::Neuroendocrine::Small_Cell_Neuroendocrine_Carcinoma,GU::Bladder,45
GYN::Ovary::Congenital_Structural::Cyst::Follicular_Cysts,GYN::Ovary,45
GYN::Ovary::Neoplastic::Germ_Cell::Benign::Mature_Cystic_Teratoma,GYN::Ovary,45
HN::Melanocytic::Mucosal_Melanoma,HN,45
Skin::Neoplastic::Epidermal::Benign::Warty_Dyskeratoma,Skin,45
Skin::Neoplastic::Uncertain::Epithelioid_Sarcoma,Skin,45
BST::Bone::Chondrogenic::Intermediate::Atypical_Cartilaginous_Tumor,BST,44
BST::Soft_Tissue::Pericytic::Benign::Myofibroma,BST,44
Breast::Neoplastic::Epithelial::Malignant::Encapsulated_Papillary_Carcinoma,Breast,44
Breast::Neoplastic::Mesenchymal::Malignant::Angiosarcoma,Breast,44
Cyto_Heme::Malignant::Hodgkin::Nodular_Lymphocyte_Predominant_HL,Cyto_Heme,44
Cyto_Kidney::Malignant::Pediatric::Wilms_Tumor_Nephroblastoma,Cyto_Kidney,44
Cyto_Pancreatobiliary::Benign::Normal_Pancreatobiliary_Cytology,Cyto_Pancreatobiliary,44
Cyto_Soft_Tissue::Category::Atypical,Cyto_Soft_Tissue,44
Cyto_Urinary::Benign::Glandular_Cells,Cyto_Urinary,44
GU::Testis::Histology_&_Anatomy::Histology_&_Anatomy_of_Testis_&_Epididymis,GU::Testis,44
HN::Salivary_Gland::Malignant_Tumor::Epithelial_Myoepithelial_Carcinoma,HN,44
Heme::Mature_B_Cell::Small_Lymphocytic::Chronic_Lymphocytic_Leukemia_Small_Lymphocytic_Lymphoma,Heme,44
Molecular::Hereditary::DNA_Repair::Homologous_Recombination::BRCA_Related_Cancer_Predisposition_BRCA1_BRCA2,Molecular,44
Molecular::Solid::CNS::Diffuse_Glioma,Molecular,44
Skin::Depositional_Metabolic::Xanthoma::Verruciform_Xanthoma,Skin,44
Skin::Inflammatory::Granulomatous::Foreign_Body_Granuloma,Skin,44
Skin::Neoplastic::Adnexal::Follicular::Trichoepithelioma,Skin,44
Skin::Neoplastic::Epidermal::Precursor::Bowenoid_Papulosis,Skin,44
BST::Soft_Tissue::Vascular::Benign::Lobular_Capillary_Hemangioma,BST,43
Cyto_Fluids::Malignant::Heme::Lymphoma_Diffuse_Large_B_Cell_DLBCL,Cyto_Fluids,43
Cyto_Neuro::Benign::Normal_CNS_Eye_Cytology,Cyto_Neuro,43
Cyto_Pancreatobiliary::Category::Malignant,Cyto_Pancreatobiliary,43
GI::Small_Intestine::Polyp::Hamartoma::Small_Intestinal_Peutz_Jeghers_Type_Polyp,GI,43
GU::Bladder::Glandular_Neoplasms::Adenocarcinoma_Non_Urachal,GU::Bladder,43
HN::Larynx_Hypopharynx_Trachea::Carcinoma::Adenosquamous_Carcinoma,HN,43
HN::Neck_Lymph_Node::Tumor::Squamous_Cell_Carcinoma_Of_Unknown_Primary,HN,43
Molecular::Hereditary::Metabolic::Storage_Disorders,Molecular,43
Skin::Inflammatory::Vasculitis::Lymphocytic_Vasculitis,Skin,43
Skin::Neoplastic::Soft_Tissue::Vascular::Lobular_Capillary_Hemangioma_Pyogenic_Granuloma,Skin,43
BST::Soft_Tissue::Fibroblastic::Intermediate::Low_Grade_Myofibroblastic_Sarcoma,BST,42
Breast::Neoplastic::Epithelial::Malignant::Micropapillary_Carcinoma,Breast,42
Cyto_Liver::Benign::Normal_Liver_Cytology,Cyto_Liver,42
Cyto_Liver::Benign_Reactive::Hepatocellular::Focal_Nodular_Hyperplasia_FNH,Cyto_Liver,42
Cyto_Thyroid::Category::Follicular_Neoplasm_Hurthle_Cell_Type,Cyto_Thyroid,42
GU::Kidney::Mesenchymal::Angiomyolipoma,GU::Kidney,42
GYN::Uterus::Neoplastic::Epithelial::Malignant::Carcinosarcoma,GYN::Uterus,42
HN::Odontogenic_Maxillofacial::Jaw_Cyst::Calcifying_Odontogenic_Cyst,HN,42
HN::Oral_Cavity::Carcinoma::Verrucous_Carcinoma,HN,42
Molecular::Solid::Lung::Small_Cell_Carcinoma,Molecular,42
Skin::Congenital_Structural::Other::Cutaneous_Endometriosis,Skin,42
Skin::Infectious::Parasitic::Leishmaniasis_Cutaneous,Skin,42
Skin::Inflammatory::Spongiotic::Eosinophilic_Spongiosis,Skin,42
Skin::Inflammatory::Vasculitis::Septic_Vasculitis,Skin,42
Skin::Neoplastic::Melanocytic::Benign::BAP1_Inactivated_Melanocytoma,Skin,42
BST::Soft_Tissue::Fibroblastic::Benign::Calcifying_Aponeurotic_Fibroma,BST,41
BST::Soft_Tissue::Uncertain_Diff::Benign::Superficial_Angiomyxoma,BST,41
BST::Soft_Tissue::Uncertain_Diff::Malignant::Desmoplastic_Small_Round_Cell_Tumor,BST,41
Cyto_Bone::Benign::Chondromyxoid_Fibroma,Cyto_Bone,41
Cyto_GYN::Glandular::Carcinoma::Glassy_Cell_Carcinoma,Cyto_GYN,41
Cyto_Pancreatobiliary::Benign_Reactive::Normal::Normal_Ductal_Cells,Cyto_Pancreatobiliary,41
Cyto_Soft_Tissue::Category::Malignant,Cyto_Soft_Tissue,41
Endo::Thyroid::Neoplastic::Hematolymphoid::Malignant::Lymphoma,Endo,41
GU::Prostate::Benign::Hyperplasia,GU::Prostate,41
GU::Testis::Non_Neoplastic::Cysts,GU::Testis,41
GYN::Ovary::Neoplastic::Sex_Cord_Stromal::Intermediate::Sertoli_Cell_Tumor,GYN::Ovary,41
HN::Larynx_Hypopharynx_Trachea::Carcinoma::Neuroendocrine_Carcinoma,HN,41
Heme::Non_Neoplastic::Erythrocyte::Paroxysmal_Nocturnal_Hemoglobinuria_PNH,Heme,41
Molecular::Technique::PCR::Real_Time_qPCR,Molecular,41
Skin::Depositional_Metabolic::Xanthoma::Tuberous_Xanthoma,Skin,41
Skin::Infectious::Bacterial::Lyme_Disease,Skin,41
Skin::Inflammatory::Granulomatous::Necrobiotic_Xanthogranuloma,Skin,41
Skin::Neoplastic::Adnexal::Eccrine::Adenoid_Cystic_Carcinoma_Cutaneous,Skin,41
Skin::Neoplastic::Metastatic::Breast,Skin,41
BST::Soft_Tissue::Fibroblastic::Benign::Fibroma_Of_Tendon_Sheath,BST,40
BST::Soft_Tissue::Nerve_Sheath::Benign::Neurofibroma_Localized,BST,40
BST::Soft_Tissue::Nerve_Sheath::Benign::Solitary_Circumscribed_Neuroma,BST,40
Breast::Neoplastic::Epithelial::In_Situ::Pleomorphic_Lobular_Carcinoma_In_Situ,Breast,40
Cyto_Pancreatobiliary::Malignant::Acinar::Pancreatic_Acinar_Cell_Carcinoma,Cyto_Pancreatobiliary,40
Endo::Thyroid::Nonneoplastic::Reactive::Post_FNA_Site_Changes,Endo,40
GU::Prostate::Glandular_neoplasms::Treatment_Related_Neuroendocrine_Prostate_Cancer,GU::Prostate,40
GYN::Cervix::Neoplastic::Epithelial::Malignant::Neuroendocrine_Carcinoma,GYN::Cervix,40
GYN::Cervix::Normal_Histology::Metaplasia::Tubal_And_Tuboendometrioid_Metaplasia,GYN::Cervix,40
HN::Ear_Temporal_Bone::External_Auditory_Canal::Ceruminous_Adenoma,HN,40
HN::Oral_Cavity::Non_Neoplastic::Necrotizing_Sialometaplasia,HN,40
HN::Sinonasal::Carcinoma::Teratocarcinosarcoma,HN,40
HN::Soft_Tissue::Uncertain_Differentiation::Myxoma,HN,40
Molecular::Heme::Lymphoid::Chronic_Lymphocytic_Leukemia,Molecular,40
Skin::Congenital_Structural::Cyst::Pilonidal_Cyst_Sinus,Skin,40
Skin::Congenital_Structural::Hamartoma::Accessory_Tragus,Skin,40
Skin::Infectious::Bacterial::Necrotizing_Fasciitis,Skin,40
Skin::Infectious::Fungal::Lobomycosis,Skin,40
Skin::Inflammatory::Alopecia::Androgenic_Alopecia_Male_Female_Pattern,Skin,40
Skin::Neoplastic::Melanocytic::Malignant::Melanoma_Lentigo_Maligna_Type,Skin,40
Skin::Neoplastic::Soft_Tissue::Fibrous::Acquired_Digital_Fibrokeratoma,Skin,40
BST::Bone::Reactive::Infectious::Osteomyelitis_Acute,BST,39
BST::Soft_Tissue::Fibroblastic::Benign::Mammary_Type_Myofibroblastoma,BST,39
BST::Soft_Tissue::Fibrohistiocytic::Intermediate::Giant_Cell_Tumor_Of_Soft_Tissue,BST,39
BST::Soft_Tissue::Vascular::Intermediate::Pseudomyogenic_Hemangioendothelioma,BST,39
Breast::Inflammatory::Acute::Nonlactational_Abscess,Breast,39
GI::Colon::Neoplastic::Adenocarcinoma::Colonic_Adenocarcinoma_Arising_In_Adenoma,GI,39
GU::Other::Urethra::Inflammatory_Lesions_of_Urethra,GU::Other,39
GYN::Vulva::Inflammatory::Dermatosis::Lichen_Simplex_Chronicus,GYN::Vulva,39
HN::Eye_Adnexa::Benign_Neoplasm,HN,39
HN::Neck_Lymph_Node::Cyst::Thyroglossal_Duct_Cyst,HN,39
HN::Odontogenic_Maxillofacial::Malignant::Clear_Cell_Odontogenic_Carcinoma,HN,39
Heme::Mature_B_Cell::Mantle_Cell::Mantle_Cell_Lymphoma,Heme,39
Heme::Non_Neoplastic::Erythrocyte::Aplastic_Anemia,Heme,39
Molecular::Infectious::Viral::Human_Papillomavirus,Molecular,39
Molecular::Solid::Bone::Ewing_Sarcoma,Molecular,39
Molecular::Solid::Gastrointestinal::Gastric_Adenocarcinoma,Molecular,39
Skin::Inflammatory::Connective_Tissue::Graft_Versus_Host_Disease,Skin,39
Skin::Inflammatory::Interface::Poikiloderma,Skin,39
Skin::Neoplastic::Adnexal::Sebaceous::Sebaceous_Hyperplasia,Skin,39
Skin::Neoplastic::Epidermal::Precursor::Bowen_Disease_SCC_In_Situ,Skin,39
BST::Bone::Chondrogenic::Malignant::Chondrosarcoma_Clear_Cell,BST,38
BST::Bone::Congenital_Structural::Cyst::Simple_Bone_Cyst,BST,38
BST::Soft_Tissue::Depositional_Metabolic::Deposition::Tumoral_Calcinosis,BST,38
BST::Soft_Tissue::Vascular::Benign::Hemangioma_Epithelioid,BST,38
Cyto_GYN::Benign_Reactive::Organisms::Actinomyces,Cyto_GYN,38
Cyto_Urinary::Concept::Specimen_Adequacy,Cyto_Urinary,38
GU::Bladder::Urothelial::High_Grade_Papillary_Urothelial_Carcinoma,GU::Bladder,38
GYN::Peritoneum::Neoplastic::Epithelial::Malignant::Pseudomyxoma_Peritonei,GYN::Peritoneum,38
HN::Salivary_Gland::Benign_Tumor::Myoepithelioma,HN,38
Skin::Depositional_Metabolic::Metabolic::Ochronosis,Skin,38
Skin::Depositional_Metabolic::Xanthoma::Juvenile_and_Adult_Type_Xanthogranuloma,Skin,38
Skin::Infectious::Fungal::Tinea_Pedis,Skin,38
Skin::Neoplastic::Hematolymphoid::Pagetoid_Reticulosis,Skin,38
Skin::Neoplastic::Melanocytic::Benign::Recurrent_Nevus_Pseudomelanoma,Skin,38
Cyto_Salivary::Category::Atypia_Of_Undetermined_Significance_AUS,Cyto_Salivary,37
Cyto_Salivary::Malignant::Mucoepidermoid_Carcinoma_Low_Grade,Cyto_Salivary,37
Cyto_Thyroid::Malignant::Poorly_Differentiated::Poorly_Differentiated_Thyroid_Carcinoma_Insular,Cyto_Thyroid,37
GI::Liver::Neoplastic::Malignant_Mixed::Combined_Hepatocellular_Cholangiocarcinoma,GI,37
GU::Kidney::Renal_cell::Clear_Cell_Papillary_Renal_Cell_Tumor,GU::Kidney,37
GU::Penis::Non_Neoplastic::Lichen_Sclerosus,GU::Penis,37
GU::Testis::Germ_Cell_Tumors::Germ_Cell_Neoplasia_In_Situ,GU::Testis,37
HN::Germ_Cell::Germ_Cell_Tumor,HN,37
HN::Salivary_Gland::Benign_Tumor::Oncocytoma,HN,37
Heme::Mature_B_Cell::Large_B_Cell::Primary_Mediastinal_Large_B_Cell_Lymphoma,Heme,37
Skin::Infectious::Fungal::Tinea_Nigra,Skin,37
Skin::Inflammatory::Panniculitis::Pancreatic_Panniculitis,Skin,37
Skin::Inflammatory::Photosensitivity::Polymorphous_Light_Eruption,Skin,37
Skin::Neoplastic::Adnexal::Eccrine::Dermal_Duct_Tumor,Skin,37
BST::Bone::Chondrogenic::Benign::Periosteal_Chondroma,BST,36
BST::Soft_Tissue::Fibrohistiocytic::Benign::Plexiform_Fibrohistiocytic_Tumor,BST,36
BST::Soft_Tissue::Nerve_Sheath::Benign::Ganglioneuroma,BST,36
Cyto_Fluids::Benign_Reactive::Inflammatory::Chronic_Serositis_Lymphocytic,Cyto_Fluids,36
Cyto_GYN::Benign_Reactive::Organisms::Trichomonas_Vaginalis,Cyto_GYN,36
Cyto_GYN::Glandular::Atypical_Endocervical_Cells_Favor_Neoplastic,Cyto_GYN,36
Cyto_Thyroid::Benign_Reactive::Follicular_Nodule_Colloid_Goiter,Cyto_Thyroid,36
GI::Colon::Congenital_Structural::Aganglionosis::Colonic_Hirschsprung_Disease,GI,36
GU::Bladder::Non_Neoplastic::Malakoplakia,GU::Bladder,36
GU::Kidney::Mesenchymal::Juxtaglomerular_Cell_Tumor,GU::Kidney,36
GU::Kidney::Mesenchymal::Leiomyosarcoma,GU::Kidney,36
HN::Salivary_Gland::Non_Neoplastic::Necrotizing_Sialometaplasia,HN,36
Molecular::Concept::Therapy::Gene_Therapy_Adverse_Events,Molecular,36
Molecular::Technique::Identity::Short_Tandem_Repeat_Analysis,Molecular,36
Skin::Inflammatory::Blistering::Linear_IgA_Bullous_Dermatosis,Skin,36
Skin::Inflammatory::Interface::Lupus_Erythematosus_Tumid,Skin,36
Skin::Inflammatory::Vasculitis::Wells_Syndrome_Eosinophilic_Cellulitis,Skin,36
Skin::Neoplastic::Soft_Tissue::Vascular::Venous_Lake,Skin,36
BST::Soft_Tissue::Fibroblastic::Benign::Gardner_Fibroma,BST,35
Cyto_Heme::Malignant::Plasma_Cell::Plasma_Cell_Myeloma_Plasmacytoma,Cyto_Heme,35
Cyto_Mediastinum::Malignant::Thymic_Epithelial::Thymoma_NOS,Cyto_Mediastinum,35
Cyto_Urinary::Category::Suspicious_For_High_Grade_Urothelial_Carcinoma_SHGUC,Cyto_Urinary,35
Endo::Pituitary::Inflammatory::Granulomatous::Sarcoidosis,Endo,35
GU::Bladder::Non_Neoplastic::Cystitis_Cystica,GU::Bladder,35
GYN::Cervix::Neoplastic::Epithelial::Benign::Endocervical_Glandular_Hyperplasia,GYN::Cervix,35
GYN::Ovary::Neoplastic::Epithelial::Borderline::Seromucinous_Borderline_Tumor,GYN::Ovary,35
GYN::Ovary::Neoplastic::Germ_Cell::Malignant::Immature_Teratoma,GYN::Ovary,35
HN::Neck_Lymph_Node::Cyst::Lymphoepithelial_Cyst,HN,35
HN::Odontogenic_Maxillofacial::Benign_Mixed::Ameloblastic_Fibroma,HN,35
Skin::Depositional_Metabolic::Cutis_Laxa,Skin,35
Skin::Neoplastic::Adnexal::Eccrine::Nodular_Hidradenoma,Skin,35
Skin::Neoplastic::Soft_Tissue::Fibrous::Sclerotic_Fibroma,Skin,35
BST::Soft_Tissue::Adipocytic::Benign::Lipoma_Conventional,BST,34
BST::Soft_Tissue::Nerve_Sheath::Benign::Perineurioma_Soft_Tissue,BST,34
Breast::Neoplastic::Epithelial::Malignant::Invasive_Carcinoma_Medullary_Features,Breast,34
Cyto_Salivary::Benign::Basal_Cell_Adenoma_Solid,Cyto_Salivary,34
Cyto_Salivary::Category::Nondiagnostic,Cyto_Salivary,34
Cyto_Thyroid::Category::Malignant,Cyto_Thyroid,34
Endo::Adrenal::Neoplastic::Neuroendocrine::Malignant::Neuroblastoma,Endo,34
GU::Kidney::Metanephric::Metanephric_Adenoma,GU::Kidney,34
GYN::Ovary::Neoplastic::Melanocytic::Malignant::Melanoma,GYN::Ovary,34
GYN::Vagina::Congenital_Structural::Malformation::Adenosis,GYN::Vagina,34
HN::Heme::Histiocytic_Dendritic::Rosai_Dorfman_Disease,HN,34
HN::Soft_Tissue::Peripheral_Nerve_Sheath::Neuroma,HN,34
HN::Soft_Tissue::Undifferentiated::Ewing_Sarcoma,HN,34
Molecular::Heme::Plasma_Cell::Plasma_Cell_Myeloma,Molecular,34
Skin::Congenital_Structural::Cyst::Pilar_Cyst_Trichilemmal,Skin,34
Skin::Infectious::Bacterial::Impetigo,Skin,34
Skin::Neoplastic::Adnexal::Eccrine::Spiradenoma,Skin,34
BST::Soft_Tissue::Uncertain_Diff::Intermediate::Deep_Aggressive_Angiomyxoma,BST,33
Breast::Neoplastic::Fibroepithelial::Benign::Juvenile_Fibroadenoma,Breast,33
Cyto_Breast::Malignant::Carcinoma::Lipid_Rich_Carcinoma,Cyto_Breast,33
Cyto_Heme::Benign_Reactive::General::Acute_Suppurative_Lymphadenitis,Cyto_Heme,33
Cyto_Neuro::Benign_Reactive::Normal::Monocytes,Cyto_Neuro,33
Endo::Thyroid::Congenital_Structural::Metabolic::Dyshormonogenetic_Goiter,Endo,33
GI::Mesenchymal::Miscellaneous::Desmoid_Fibromatosis,GI,33
GU::Bladder::Glandular_Neoplasms::Clear_Cell_Carcinoma,GU::Bladder,33
GU::Bladder::Non_Neoplastic::Radiation_Cystitis,GU::Bladder,33
GU::Kidney::Renal_cell::Collecting_Duct_Carcinoma,GU::Kidney,33
HN::Larynx_Hypopharynx_Trachea::Precursor::Squamous_Papilloma,HN,33
HN::Odontogenic_Maxillofacial::Malignant_Bone_Cartilage::Mesenchymal_Chondrosarcoma,HN,33
HN::Salivary_Gland::Non_Neoplastic::Lymphoepithelial_Cyst,HN,33
Heme::Histiocytic_Dendritic_Cell::Langerhans::Langerhans_Cell_Histiocytosis,Heme,33
Molecular::Concept::Variants::Structural_Variants_Rearrangements,Molecular,33
Molecular::Heme::Lymphoid::Acute_Lymphoblastic_Leukemia,Molecular,33
Skin::Neoplastic::Hematolymphoid::Diffuse_Large_B_Cell_Lymphoma_Leg_Type,Skin,33
BST::Bone::Fibrogenic::Benign::Desmoplastic_Fibroma,BST,32
BST::Soft_Tissue::Congenital_Structural::Malformation::Arteriovenous_Malformation,BST,32
BST::Soft_Tissue::Uncertain_Diff::Intermediate::Pleomorphic_Hyalinizing_Angiectatic_Tumor,BST,32
BST::Soft_Tissue::Uncertain_Diff::Malignant::Extrarenal_Rhabdoid_Tumor,BST,32
BST::Soft_Tissue::Vascular::Intermediate::Kaposiform_Hemangioendothelioma,BST,32
Breast::Inflammatory::Reactive::Reactive_Spindle_Cell_Nodule,Breast,32
Breast::Neoplastic::Epithelial::Malignant::Microinvasive_Carcinoma,Breast,32
Breast::Neoplastic::Mesenchymal::Uncertain::Atypical_Vascular_Lesion,Breast,32
Cyto_Kidney::Malignant::Renal_Pelvis::Urothelial_Carcinoma,Cyto_Kidney,32
Cyto_Management::Technique::Liquid_Based_Preparation_ThinPrep,Cyto_Management,32
Cyto_Thoracic::Infectious::Fungal::Pneumocystis_Jirovecii,Cyto_Thoracic,32
GI::Mesenchymal::Neural::Schwannoma,GI,32
GU::Kidney::Renal_cell::Mucinous_Tubular_and_Spindle_Cell_Carcinoma,GU::Kidney,32
GYN::Cervix::Congenital_Structural::Polyp::Endocervical_Polyp,GYN::Cervix,32
GYN::Cervix::Infectious::Miscellaneous::Cervical_Infections,GYN::Cervix,32
HN::Odontogenic_Maxillofacial::Benign_Mesenchymal::Odontogenic_Myxoma,HN,32
HN::Odontogenic_Maxillofacial::Jaw_Cyst::Lateral_Periodontal_Cyst,HN,32
HN::Soft_Tissue::Fibroblastic_Myofibroblastic::Desmoid_Fibromatosis,HN,32
Molecular::Technique::Epigenetics::Methylation_Analysis,Molecular,32
Neuro::Tumor::Adult_Type_Diffuse_Gliomas::Astrocytoma_IDH_Mutant_CNS_WHO_Grade_2_3_4,Neuro,32
Neuro::Tumor::Meningothelial_Tumors::Meningioma_NOS,Neuro,32
Skin::Congenital_Structural::Cyst::Epidermal_Inclusion_Cyst,Skin,32
Skin::Infectious::Bacterial::Atypical_Mycobacterial_Infection,Skin,32
Skin::Inflammatory::Adnexal::Acneiform_Follicular_Overview,Skin,32
Skin::Inflammatory::Dermal_Sclerosing::Morphea_Localized_Scleroderma,Skin,32
Skin::Inflammatory::Neutrophilic::Sweet_Syndrome,Skin,32
Skin::Inflammatory::Vasculitis::Thrombophlebitis,Skin,32
Skin::Neoplastic::Epidermal::Benign::Epidermal_Nevus,Skin,32
Skin::Neoplastic::Melanocytic::Benign::Blue_Nevus_Cellular,Skin,32
Skin::Neoplastic::Soft_Tissue::Muscular::Smooth_Muscle_Hamartoma,Skin,32
BST::Soft_Tissue::Congenital_Structural::Hamartoma::Fibrous_Hamartoma_Of_Infancy,BST,31
BST::Soft_Tissue::Fibroblastic::Benign::Fibromatosis_Colli,BST,31
BST::Soft_Tissue::Fibroblastic::Benign::Inclusion_Body_Fibromatosis,BST,31
BST::Soft_Tissue::Fibroblastic::Malignant::Sclerosing_Epithelioid_Fibrosarcoma,BST,31
BST::Soft_Tissue::Inflammatory::Acute_Chronic::Ischemic_Fasciitis,BST,31
BST::Soft_Tissue::Skeletal_Muscle::Malignant::Spindle_Cell_Sclerosing_Rhabdomyosarcoma,BST,31
Breast::Neoplastic::Mesenchymal::Benign::Myofibroblastoma,Breast,31
Cyto_GYN::Benign_Reactive::Non_Neoplastic::Pregnancy_Associated_Decidual_Cells,Cyto_GYN,31
Cyto_GYN::Benign_Reactive::Organisms::Candida_Species,Cyto_GYN,31
Cyto_Neuro::Benign_Reactive::Inflammatory::Pleocytosis_Neutrophilic,Cyto_Neuro,31
Cyto_Neuro::Eye::Malignant::Uveal_Melanoma_Mixed,Cyto_Neuro,31
Cyto_Salivary::Category::Suspicious_For_Malignancy,Cyto_Salivary,31
Cyto_Thyroid::Intermediate::Hyalinizing_Trabecular_Tumor,Cyto_Thyroid,31
GYN::Cervix::Normal_Histology::Metaplasia::Immature_Squamous_Metaplasia,GYN::Cervix,31
GYN::Peritoneum::Congenital_Structural::Malformation::Benign_Mullerian_Lesions,GYN::Peritoneum,31
HN::Nasopharynx::Hamartoma::Hairy_Polyp,HN,31
Heme::Tumor_Like_T_Cell::Kikuchi_Fujimoto_Disease,Heme,31
Molecular::Concept::Informatics::Variant_Curation_Interpretation,Molecular,31
Molecular::Technique::Informatics::Bioinformatics_Pipeline,Molecular,31
Skin::Inflammatory::Alopecia::Telogen_Effluvium,Skin,31
Skin::Inflammatory::Alopecia::Trichotillomania,Skin,31
Skin::Inflammatory::Blistering::Grover_Disease_Transient_Acantholytic,Skin,31
Skin::Inflammatory::Dermal_Sclerosing::Hypertrophic_Scar,Skin,31
Skin::Inflammatory::Vasculitis::Pigmented_Purpuric_Dermatosis_Capillaritis,Skin,31
Skin::Neoplastic::Soft_Tissue::Adipocytic::Hibernoma,Skin,31
Skin::Neoplastic::Soft_Tissue::Fibrous::Angiofibroma_and_Related_Lesions,Skin,31
Skin::Neoplastic::Soft_Tissue::Vascular::Epithelioid_Hemangioma,Skin,31
BST::Bone::Chondrogenic::Benign::Bizarre_Parosteal_Osteochondromatous_Proliferation,BST,30
BST::Bone::Osteogenic::Malignant::Osteosarcoma_Low_Grade_Central,BST,30
BST::Soft_Tissue::Adipocytic::Benign::Lipoblastoma_Lipoblastomatosis,BST,30
BST::Soft_Tissue::Congenital_Structural::Malformation::Massive_Localized_Lymphedema,BST,30
Breast::Inflammatory::Treatment_Related::Radiation_Atypia,Breast,30
Cyto_GYN::Glandular::Atypical_Glandular_Cells_AGC_Endometrial,Cyto_GYN,30
Cyto_Salivary::Malignant::Epithelial_Myoepithelial_Carcinoma,Cyto_Salivary,30
Cyto_Thyroid::Category::Nondiagnostic_Cyst_Fluid_Only,Cyto_Thyroid,30
GU::Kidney::Renal_cell::Chromophobe_Renal_Cell_Carcinoma,GU::Kidney,30
GU::Prostate::Basal_Cell_Neoplasms::Basal_Cell_Carcinoma,GU::Prostate,30
GYN::Peritoneum::Neoplastic::Mesothelial::Malignant::Malignant_Mesothelioma,GYN::Peritoneum,30
HN::Ear_Temporal_Bone::Middle_Inner_Ear::Otosclerosis,HN,30
HN::Odontogenic_Maxillofacial::Benign_Mesenchymal::Odontogenic_Fibroma,HN,30
HN::Odontogenic_Maxillofacial::Benign_Mixed::Odontoma,HN,30
Heme::Genetics::Fanconi_Anemia,Heme,30
Heme::Mature_T_NK_Cell::TFH::Nodal_TFH_Cell_Lymphoma_Angioimmunoblastic_Type,Heme,30
Molecular::Hereditary::Cell_cycle::RB_Pathway::CDKN2A_Related_Tumor_Predisposition_Syndrome_CDKN2A,Molecular,30
Molecular::Solid::Skin::Non_Melanoma_Skin_Cancer,Molecular,30
Skin::Inflammatory::Adnexal::Rosacea_Granulomatous,Skin,30
Skin::Inflammatory::Blistering::Pemphigoid_Gestationis,Skin,30
Skin::Neoplastic::Melanocytic::Benign::Melanotic_Macule_Labial_Oral,Skin,30
Skin::Neoplastic::Soft_Tissue::Fibrous::Angiofibroma_Fibrous_Papule,Skin,30
BST::Soft_Tissue::Adipocytic::Benign::Lipoma_Chondroid,BST,29
BST::Soft_Tissue::Fibrohistiocytic::Intermediate::Atypical_Fibroxanthoma,BST,29
BST::Soft_Tissue::Smooth_Muscle::Benign::EBV_Associated_Smooth_Muscle_Tumor,BST,29
Breast::Inflammatory::Reactive::Radial_Scar_Complex_Sclerosing_Lesion,Breast,29
Cyto_Fluids::Category::Suspicious_For_Malignancy,Cyto_Fluids,29
Cyto_Neuro::Infectious::Bacteria::Borrelia_Burgdorferi_Lyme,Cyto_Neuro,29
Endo::Adrenal::Neoplastic::Neuroendocrine::Benign::Adrenal_Medullary_Hyperplasia,Endo,29
GU::Prostate::Additional_Topics::Extraprostatic_Extension,GU::Prostate,29
GU::Prostate::Prostatitis::Granulomatous_Prostatitis,GU::Prostate,29
GYN::Cervix::Neoplastic::Epithelial::Benign::Mullerian_Papilloma,GYN::Cervix,29
GYN::Ovary::Neoplastic::Sex_Cord_Stromal::Malignant::Adult_Granulosa_Cell_Tumor,GYN::Ovary,29
HN::Larynx_Hypopharynx_Trachea::Mesenchymal::Laryngeal_Cartilaginous_Tumor,HN,29
HN::Odontogenic_Maxillofacial::Jaw_Cyst::Glandular_Odontogenic_Cyst,HN,29
Heme::Plasma_Cell_Neoplasm::Plasmacytoma,Heme,29
Molecular::Solid::Colorectal::Adenocarcinoma,Molecular,29
Molecular::Solid::Genitourinary::Prostate_Adenocarcinoma,Molecular,29
Skin::Congenital_Structural::Genodermatosis::Lipoid_Proteinosis,Skin,29
Skin::Depositional_Metabolic::Hyaline::Colloid_Milium,Skin,29
Skin::Infectious::Bacterial::Staphylococcal_Scalded_Skin_Syndrome_SSSS,Skin,29
Skin::Infectious::Fungal::Dermatophytosis_Tinea_Overview,Skin,29
Skin::Inflammatory::Alopecia::Central_Centrifugal_Cicatricial_Alopecia_CCCA,Skin,29
Skin::Inflammatory::Alopecia::Lupus_Erythematosus_Discoid_Alopecia,Skin,29
Skin::Inflammatory::Vasculitis::Henoch_Schonlein_Purpura_IgA_Vasculitis,Skin,29
Skin::Neoplastic::Hematolymphoid::Cutaneous_Plasmacytoma,Skin,29
BST::Bone::Other::Malignant::Undifferentiated_Pleomorphic_Sarcoma_Bone,BST,28
BST::Soft_Tissue::Fibroblastic::Malignant::Dermatofibrosarcoma_Protuberans_Fibrosarcomatous,BST,28
BST::Soft_Tissue::Skeletal_Muscle::Benign::Rhabdomyoma_Adult,BST,28
BST::Soft_Tissue::Vascular::Benign::Hobnail_Hemangioma,BST,28
Cyto_Breast::Category::Suspicious_For_Malignancy,Cyto_Breast,28
Cyto_Heme::Malignant::B_Cell_Small::CLL_SLL_Chronic_Lymphocytic_Leukemia,Cyto_Heme,28
Cyto_Management::Technique::Endoscopic_Ultrasound_Guided_Fine_Needle_Aspiration_EUS_FNA,Cyto_Management,28
Cyto_Mediastinum::Malignant::Thymic_Epithelial::Thymic_Carcinoma_NOS,Cyto_Mediastinum,28
Cyto_Neuro::Malignant::Metastatic::Metastatic_Carcinoma_Lung,Cyto_Neuro,28
Cyto_Pancreatobiliary::Category::Neoplastic_Benign,Cyto_Pancreatobiliary,28
Cyto_Salivary::Benign::Oncocytoma,Cyto_Salivary,28
GI::Appendix::Neoplastic::Mucinous::Appendiceal_Mucinous_Neoplasm_Overview,GI,28
GU::Other::Melanocytic_Neoplasms::Mucosal_Melanoma,GU::Other,28
GU::Prostate::Benign::Sclerosing_Adenosis,GU::Prostate,28
GU::Prostate::Glandular_neoplasms::Foamy_Gland_Adenocarcinoma,GU::Prostate,28
GU::Testis::Germ_Cell_Tumors::Seminoma,GU::Testis,28
GYN::Ovary::Neoplastic::Epithelial::Benign::Mucinous_Tumor_Benign,GYN::Ovary,28
GYN::Ovary::Neoplastic::Sex_Cord_Stromal::Malignant::Steroid_Cell_Tumor_NOS,GYN::Ovary,28
HN::Neck_Lymph_Node::Cyst::Ranula,HN,28
HN::Sinonasal::Carcinoma::NUT_Carcinoma,HN,28
Molecular::Concept::Quality::Proficiency_Testing,Molecular,28
Skin::Infectious::Bacterial::Erysipelas,Skin,28
Skin::Inflammatory::Adnexal::Hidradenitis_Suppurativa,Skin,28
Skin::Neoplastic::Hematolymphoid::Aggressive_Epidermotropic_CD8_Positive_T_Cell_Lymphoma,Skin,28
Skin::Neoplastic::Melanocytic::Benign::Lentigo_Simplex,Skin,28
Skin::Neoplastic::Soft_Tissue::Vascular::Angiolymphoid_Hyperplasia_With_Eosinophilia,Skin,28
BST::Bone::Vascular::Malignant::Angiosarcoma_Of_Bone,BST,27
BST::Soft_Tissue::Fibroblastic::Benign::Cellular_Angiofibroma,BST,27
BST::Soft_Tissue::Fibroblastic::Intermediate::Giant_Cell_Fibroblastoma,BST,27
BST::Soft_Tissue::Fibrohistiocytic::Benign::Epithelioid_Fibrous_Histiocytoma,BST,27
BST::Soft_Tissue::Pericytic::Benign::Myopericytoma,BST,27
BST::Soft_Tissue::Smooth_Muscle::Benign::Cutaneous_Leiomyoma,BST,27
Cyto_GYN::Specimen_Type::Pap_Smear_Conventional,Cyto_GYN,27
Cyto_Liver::Benign_Reactive::Hepatocellular::Alcoholic_Hepatitis_Mallory_Bodies,Cyto_Liver,27
Cyto_Mediastinum::Malignant::Neural::Neuroblastoma,Cyto_Mediastinum,27
Cyto_Pancreatobiliary::Malignant::Ductal::Pancreatic_Ductal_Adenocarcinoma_Undifferentiated_Anaplastic,Cyto_Pancreatobiliary,27
Cyto_Pancreatobiliary::Malignant::Neuroendocrine::Neuroendocrine_Carcinoma_Small_Cell,Cyto_Pancreatobiliary,27
Endo::Adrenal::Neoplastic::Epithelial_Cortical::Benign::Nonfunctioning_Adrenal_Cortical_Adenoma,Endo,27
Endo::Thyroid::Neoplastic::Metastatic::Metastasis_To_Thyroid,Endo,27
GI::Esophagus::Inflammatory::Esophagitis::Esophageal_Eosinophilic_Esophagitis,GI,27
GU::Prostate::Glandular_neoplasms::Prostatic_Adenocarcinoma_with_Therapy_Effect,GU::Prostate,27
GYN::Cervix::Neoplastic::Epithelial::Benign::Microglandular_Hyperplasia,GYN::Cervix,27
GYN::Ovary::Neoplastic::Epithelial::Benign::Brenner_Tumor_Benign,GYN::Ovary,27
GYN::Ovary::Neoplastic::Hematolymphoid::Malignant::Lymphoma_Leukemia,GYN::Ovary,27
HN::Larynx_Hypopharynx_Trachea::Inflammatory::Vocal_Cord_Nodule,HN,27
HN::Larynx_Hypopharynx_Trachea::Inflammatory::Vocal_Cord_Polyp,HN,27
HN::Odontogenic_Maxillofacial::Benign_Bone_Cartilage::Chondroblastoma,HN,27
HN::Odontogenic_Maxillofacial::Benign_Epithelial::Adenomatoid_Odontogenic_Tumor,HN,27
HN::Sinonasal::Papilloma::Schneiderian_Papilloma,HN,27
HN::Soft_Tissue::Smooth_Muscle::Leiomyoma,HN,27
Heme::Plasma_Cell_Neoplasm::Deposition_Disease::Immunoglobulin_Related_Amyloidosis_AL,Heme,27
Skin::Depositional_Metabolic::Pigment::Tattoo_Ink,Skin,27
Skin::Infectious::Bacterial::Botryomycosis,Skin,27
Skin::Neoplastic::Adnexal::Follicular::Pilar_Sheath_Acanthoma,Skin,27
Skin::Neoplastic::Soft_Tissue::Vascular::Vascular_Malformations,Skin,27
Thorax_Mediastinum::Lung::Inflammatory::Airspace::Diffuse_Alveolar_Damage,Thorax_Mediastinum,27
BST::Bone::Vascular::Intermediate::Epithelioid_Hemangioma_Bone,BST,26
BST::Soft_Tissue::Adipocytic::Benign::Hibernoma,BST,26
BST::Soft_Tissue::Fibrohistiocytic::Benign::Reticulohistiocytoma,BST,26
BST::Soft_Tissue::Fibrohistiocytic::Benign::Solitary_Juvenile_Xanthogranuloma,BST,26
BST::Soft_Tissue::Fibrohistiocytic::Malignant::Malignant_Tenosynovial_Giant_Cell_Tumor,BST,26
BST::Soft_Tissue::Pericytic::Benign::Glomuvenous_Malformation,BST,26
BST::Soft_Tissue::Skeletal_Muscle::Benign::Rhabdomyoma_Fetal,BST,26
Breast::Normal_Histology::Lactational_Change,Breast,26
Cyto_Breast::Malignant::Carcinoma::Ductal_Carcinoma_In_Situ_DCIS,Cyto_Breast,26
Cyto_Fluids::Benign_Reactive::Mesothelial::Reactive_Mesothelial_Proliferation,Cyto_Fluids,26
Cyto_Fluids::Specimen_Type::Peritoneal_Fluid_Ascites,Cyto_Fluids,26
Cyto_GYN::Benign_Reactive::Non_Neoplastic::Microglandular_Hyperplasia,Cyto_GYN,26
Cyto_GYN::Glandular::Atypical_Glandular_Cells_AGC_Endocervical,Cyto_GYN,26
Cyto_GYN::Squamous::Squamous_Cell_Carcinoma_Keratinizing,Cyto_GYN,26
Cyto_Salivary::Malignant::Carcinoma_Ex_Pleomorphic_Adenoma,Cyto_Salivary,26
Cyto_Salivary::Malignant::Salivary_Duct_Carcinoma,Cyto_Salivary,26
Cyto_Soft_Tissue::Malignant::Spindle_Cell::Synovial_Sarcoma_Biphasic,Cyto_Soft_Tissue,26
Endo::Parathyroid::Normal_Histology::Normal_Anatomy,Endo,26
GI::Appendix::Neoplastic::Adenocarcinoma::Appendiceal_Goblet_Cell_Adenocarcinoma,GI,26
GI::Pancreas::Neoplastic::Precursor::PanIN_Pancreatic_Intraepithelial_Neoplasia,GI,26
GYN::Cervix::Neoplastic::Hematolymphoid::Malignant::Lymphoma,GYN::Cervix,26
GYN::Ovary::Neoplastic::Germ_Cell::Malignant::Carcinoid_Tumor,GYN::Ovary,26
GYN::Uterus::Neoplastic::Mesenchymal::Malignant::High_Grade_Endometrial_Stromal_Sarcoma,GYN::Uterus,26
HN::Heme::Reactive::IgG4_Related_Disease,HN,26
HN::Salivary_Gland::Malignant_Tumor::Hyalinizing_Clear_Cell_Carcinoma,HN,26
HN::Sinonasal::Hamartoma::Glial_Heterotopia,HN,26
Molecular::Concept::Interpretation::HGVS_Nomenclature,Molecular,26
Molecular::Solid::Endocrine::Adrenal_Cortical_Carcinoma,Molecular,26
Neuro::Infection::Fungal_Infections::Mucorales_Infections,Neuro,26
Skin::Depositional_Metabolic::Metabolic::Acanthosis_Nigricans,Skin,26
Skin::Depositional_Metabolic::Pigment::Tattoo_Reaction,Skin,26
Skin::Infectious::Bacterial::Cat_Scratch_Disease,Skin,26
Skin::Inflammatory::Spongiotic::Arthropod_Assault_Reaction,Skin,26
Skin::Inflammatory::Spongiotic::Prurigo_Nodularis,Skin,26
BST::Bone::Giant_Cell::Benign::Aneurysmal_Bone_Cyst,BST,25
BST::Soft_Tissue::Adipocytic::Malignant::Pleomorphic_Liposarcoma,BST,25
BST::Soft_Tissue::Fibroblastic::Benign::Myofibroblastoma,BST,25
BST::Soft_Tissue::Fibroblastic::Intermediate::Lipofibromatosis,BST,25
BST::Soft_Tissue::Uncertain_Diff::Intermediate::Phosphaturic_Mesenchymal_Tumor,BST,25
Breast::Nipple_Tumors::Epithelial::Syringomatous_Tumor,Breast,25
Cyto_GYN::Benign_Reactive::Endometrial_Cells_After_Age_45,Cyto_GYN,25
Cyto_GYN::Benign_Reactive::Non_Neoplastic::Intrauterine_Device_IUD_Effect,Cyto_GYN,25
Cyto_Kidney::Category::Benign,Cyto_Kidney,25
Cyto_Mediastinum::Malignant::Mesenchymal::Liposarcoma,Cyto_Mediastinum,25
Cyto_Thyroid::Malignant::Papillary::Papillary_Thyroid_Carcinoma_Tall_Cell,Cyto_Thyroid,25
Endo::Syndromes::Other::Beckwith_Wiedemann_Syndrome,Endo,25
Endo::Thyroid::Inflammatory::Fibrosing::Riedel_Thyroiditis,Endo,25
GU::Testis::Paratesticular::Adenomatoid_Tumor,GU::Testis,25
GU::Urothelial::Other::Cowper_Gland_Adenocarcinoma_of_the_Urethra,GU::Urothelial,25
GYN::Cervix::Normal_Histology::Atrophy,GYN::Cervix,25
GYN::Ovary::Congenital_Structural::Physiologic::Stromal_Hyperplasia_And_Hyperthecosis,GYN::Ovary,25
HN::Odontogenic_Maxillofacial::Benign_Epithelial::Squamous_Odontogenic_Tumor,HN,25
Heme::Acute_Myeloid_Leukemia::Differentiation_Defined::Acute_Monoblastic_Monocytic_Leukemia,Heme,25
Neuro::Tumor::Nerve::Schwannoma,Neuro,25
Skin::Depositional_Metabolic::Mucinosis::Pretibial_Myxedema,Skin,25
Skin::Infectious::Fungal::Tinea_Capitis,Skin,25
Skin::Inflammatory::Dermal_Sclerosing::Reactive_Perforating_Collagenosis,Skin,25
Skin::Inflammatory::Granulomatous::Cutaneous_Crohns_Disease,Skin,25
Skin::Inflammatory::Panniculitis::Alpha_1_Antitrypsin_Deficiency_Panniculitis,Skin,25
Skin::Neoplastic::Adnexal::Follicular::Trichofolliculoma,Skin,25
Skin::Neoplastic::Adnexal::Follicular::Tumor_Of_Follicular_Infundibulum,Skin,25
Skin::Neoplastic::Epidermal::Malignant::Basal_Cell_Carcinoma_Superficial,Skin,25
Skin::Neoplastic::Melanocytic::Benign::Conjunctival_Nevus,Skin,25
Skin::Neoplastic::Soft_Tissue::Fibrous::Giant_Cell_Tumor_Soft_Tissue,Skin,25
BST::Bone::Fibrogenic::Benign::Benign_Fibrous_Histiocytoma_Bone,BST,24
BST::Soft_Tissue::Fibroblastic::Benign::Acral_Fibromyxoma,BST,24
BST::Soft_Tissue::Fibroblastic::Benign::Angiomyofibroblastoma,BST,24
BST::Soft_Tissue::Skeletal_Muscle::Benign::Rhabdomyoma_Genital,BST,24
BST::Soft_Tissue::Skeletal_Muscle::Malignant::Pleomorphic_Rhabdomyosarcoma,BST,24
Breast::Epithelial::Sclerosing_Adenosis,Breast,24
Breast::Neoplastic::Mesenchymal::Intermediate::Fibromatosis_Desmoid_Type,Breast,24
Cyto_Bone::Benign::Chondroblastoma,Cyto_Bone,24
Cyto_GYN::Specimen_Type::Anal_Pap_Smear,Cyto_GYN,24
Cyto_GYN::Squamous::Squamous_Cell_Carcinoma_Non_Keratinizing,Cyto_GYN,24
Cyto_Soft_Tissue::Malignant::Spindle_Cell::Malignant_Peripheral_Nerve_Sheath_Tumor_MPNST,Cyto_Soft_Tissue,24
GU::Bladder::Non_Neoplastic::Polypoid_Cystitis,GU::Bladder,24
GU::Kidney::Renal_cell::Medullary_RCC,GU::Kidney,24
GU::Prostate::Inflammatory::Post_Biopsy_Changes,GU::Prostate,24
GU::Testis::Infectious::Tuberculous_Epididymo_Orchitis,GU::Testis,24
GYN::Cervix::Neoplastic::Mesenchymal::Malignant::Spindle_Cell_Sarcoma_NTRK_Rearranged,GYN::Cervix,24
GYN::Cervix::Normal_Histology::Physiologic_Change::Arias_Stella_Reaction,GYN::Cervix,24
HN::Heme::B_Cell::Follicular_Lymphoma,HN,24
HN::Salivary_Gland::Benign_Tumor::Cystadenoma,HN,24
HN::Salivary_Gland::Benign_Tumor::Lymphadenoma,HN,24
Molecular::Infectious::Viral::Hepatitis_B_Virus,Molecular,24
Molecular::Regulations::US::GINA,Molecular,24
Neuro::Tumor::Sellar::Pituitary_Neuroendocrine_Tumor_PitNET,Neuro,24
Skin::Congenital_Structural::Genodermatosis::Focal_Dermal_Hypoplasia,Skin,24
Skin::Depositional_Metabolic::Pigment::Amalgam_Tattoo,Skin,24
Skin::Neoplastic::Melanocytic::Malignant::Melanoma_Nevoid,Skin,24
Skin::Neoplastic::Soft_Tissue::Adipocytic::Atypical_Lipomatous_Tumor,Skin,24
Skin::Neoplastic::Soft_Tissue::Neural::Palisaded_Encapsulated_Neuroma,Skin,24
Skin::Neoplastic::Soft_Tissue::Vascular::Acroangiodermatitis,Skin,24
BST::Soft_Tissue::Neuroendocrine::Intermediate::Paraganglioma,BST,23
BST::Soft_Tissue::Uncertain_Diff::Benign::Intramuscular_Myxoma,BST,23
Cyto_GYN::Glandular::Endocervical_Adenocarcinoma_In_Situ_AIS_Intestinal,Cyto_GYN,23
Cyto_GYN::Malignant_Other::Metastatic_Tumor_Fallopian_Tube,Cyto_GYN,23
Cyto_Management::Technique::Rapid_On_Site_Evaluation_ROSE,Cyto_Management,23
Cyto_Neuro::Infectious::Viral::Herpes_Simplex_Virus_HSV,Cyto_Neuro,23
Cyto_Urinary::Malignant::Urothelial::Carcinoma_In_Situ_CIS,Cyto_Urinary,23
GU::Testis::Germ_Cell_Tumors::Teratoma_Postpubertal_Type,GU::Testis,23
HN::Odontogenic_Maxillofacial::Bone_Cyst::Aneurysmal_Bone_Cyst,HN,23
HN::Soft_Tissue::Smooth_Muscle::Leiomyosarcoma,HN,23
Heme::Infection::Infectious_Mononucleosis,Heme,23
Heme::Mature_T_NK_Cell::Cutaneous::Mycosis_Fungoides,Heme,23
Heme::Mature_T_NK_Cell::Leukemia::Adult_T_Cell_Leukemia_Lymphoma,Heme,23
Heme::Non_Neoplastic::Bone_Marrow::Therapy_Related_Changes,Heme,23
Molecular::Concept::Assay::Performance::Sensitivity_Specificity,Molecular,23
Molecular::Heme::Histiocytic::Langerhans_Cell_Histiocytosis,Molecular,23
Neuro::Tumor::Embryonal::Atypical_Teratoid_Rhabdoid_Tumor,Neuro,23
Skin::Depositional_Metabolic::Acrodermatitis_Enteropathica,Skin,23
Skin::Depositional_Metabolic::Hyaline::Erythropoietic_Protoporphyria,Skin,23
Skin::Depositional_Metabolic::Mixed_Connective_Tissue_Disease,Skin,23
Skin::Depositional_Metabolic::Mucinosis::Reticular_Erythematous_Mucinosis,Skin,23
Skin::Infectious::Bacterial::Ecthyma_Gangrenosum,Skin,23
Skin::Neoplastic::Adnexal::Apocrine::Syringocystadenoma_Papilliferum,Skin,23
Skin::Neoplastic::Adnexal::Sebaceous::Sebaceous_Adenoma_Sebaceoma,Skin,23
Skin::Neoplastic::Hematolymphoid::Adult_T_Cell_Leukemia_Lymphoma,Skin,23
Skin::Neoplastic::Melanocytic::Benign::Balloon_Cell_Nevus,Skin,23
Skin::Neoplastic::Soft_Tissue::Benign::Fasciitis,Skin,23
Skin::Neoplastic::Soft_Tissue::Fibrous::Fibroma_of_Tendon_Sheath,Skin,23
Skin::Neoplastic::Soft_Tissue::Vascular::Microvenular_Hemangioma,Skin,23
BST::Bone::Chondrogenic::Malignant::Chondrosarcoma_Grade_1,BST,22
BST::Soft_Tissue::Adipocytic::Benign::Lipoma_Intramuscular,BST,22
BST::Soft_Tissue::Vascular::Intermediate::Retiform_Hemangioendothelioma,BST,22
Cyto_Fluids::Malignant::Metastatic::Malignant_Melanoma,Cyto_Fluids,22
Cyto_Heme::Pattern::Predominantly_Intermediate_Large_Pleomorphic_Blastic_Cell_Pattern,Cyto_Heme,22
Cyto_Salivary::Malignant::Polymorphous_Adenocarcinoma_PLGA,Cyto_Salivary,22
Cyto_Soft_Tissue::Benign::Adipocytic::Lipoma,Cyto_Soft_Tissue,22
GI::Pancreas::Neoplastic::Cystic::Pancreatic_Mucinous_Cystic_Neoplasm,GI,22
GU::Bladder::Urothelial::Flat_Urothelial_Lesions,GU::Bladder,22
GU::Kidney::Renal_cell::Tubulocystic_RCC,GU::Kidney,22
GYN::Cervix::Neoplastic::Epithelial::Malignant::Adenoid_Cystic_Carcinoma,GYN::Cervix,22
GYN::Fallopian_Tube::Neoplastic::Epithelial::Malignant::Endometrioid_Adenocarcinoma,GYN::Fallopian_Tube,22
GYN::Ovary::Neoplastic::Epithelial::Borderline::Serous_Borderline_Tumor,GYN::Ovary,22
GYN::Ovary::Neoplastic::Germ_Cell::Malignant::Nongestational_Choriocarcinoma,GYN::Ovary,22
GYN::Ovary::Neoplastic::Sex_Cord_Stromal::Intermediate::Gonadoblastoma,GYN::Ovary,22
GYN::Ovary::Neoplastic::Sex_Cord_Stromal::Intermediate::Sex_Cord_Tumor_With_Annular_Tubules,GYN::Ovary,22
GYN::Uterus::Neoplastic::Mesenchymal::Intermediate::Inflammatory_Myofibroblastic_Tumor,GYN::Uterus,22
HN::Ear_Temporal_Bone::Middle_Inner_Ear::Endolymphatic_Sac_Tumor,HN,22
HN::Odontogenic_Maxillofacial::Benign_Mixed::Dentinogenic_Ghost_Cell_Tumor,HN,22
HN::Soft_Tissue::Vascular::Epithelioid_Hemangioendothelioma,HN,22
Molecular::Heme::Dendritic::Blastic_Plasmacytoid_Dendritic_Cell_Neoplasm,Molecular,22
Neuro::Tumor::Adult_Type_Diffuse_Gliomas::Oligodendroglioma_IDH_Mutant_And_1p_19q_Co_Deleted_CNS_WHO_Grade_2_3,Neuro,22
Neuro::Tumor::Ependymal::Spinal_Ependymoma,Neuro,22
Skin::Depositional_Metabolic::Mucinosis::Focal_Cutaneous_Mucinosis,Skin,22
Skin::Depositional_Metabolic::Mucinosis::Follicular_Mucinosis,Skin,22
Skin::Infectious::Bacterial::Granuloma_Inguinale,Skin,22
Skin::Infectious::Fungal::Aspergillosis_Cutaneous,Skin,22
Skin::Inflammatory::Granulomatous::Palisaded_Neutrophilic_Granulomatous_Dermatitis,Skin,22
Skin::Inflammatory::Vasculitis::Erythema_Annulare_Centrifugum,Skin,22
Skin::Neoplastic::Adnexal::Carcinoma::Adnexal_Carcinoma_NOS,Skin,22
Skin::Neoplastic::Hematolymphoid::Follicle_Center_Cell_Lymphoma,Skin,22
Thorax_Mediastinum::Mesenchymal::Vascular::Epithelioid_Hemangioendothelioma,Thorax_Mediastinum,22
BST::Bone::Osteogenic::Malignant::Osteosarcoma_Small_Cell,BST,21
BST::Bone::Reactive::Joint::Rheumatoid_Arthritis,BST,21
BST::Soft_Tissue::Adipocytic::Benign::Angiolipoma,BST,21
BST::Soft_Tissue::Congenital_Structural::Hamartoma::Ectopic_Meningioma_And_Meningothelial_Hamartoma,BST,21
BST::Soft_Tissue::Fibroblastic::Malignant::Adult_Fibrosarcoma,BST,21
BST::Soft_Tissue::Hematolymphoid::Malignant::Interdigitating_Dendritic_Cell_Sarcoma,BST,21
Cyto_Breast::Malignant::Carcinoma::Invasive_Lobular_Carcinoma_Classic,Cyto_Breast,21
Cyto_Breast::Malignant::Sarcoma::Angiosarcoma,Cyto_Breast,21
Cyto_Fluids::Malignant::Metastatic::Small_Cell_Carcinoma_Lung,Cyto_Fluids,21
Cyto_Fluids::Malignant::Ovarian_Primary::Clear_Cell_Carcinoma,Cyto_Fluids,21
Cyto_Heme::Category::Atypical,Cyto_Heme,21
Cyto_Heme::Category::Suspicious_For_Malignancy,Cyto_Heme,21
Cyto_Heme::Malignant::Lymphoblastic::T_Lymphoblastic_Leukemia_Lymphoma,Cyto_Heme,21
Cyto_Neuro::Benign_Reactive::Inflammatory::Demyelinating_Disease_Lipophages,Cyto_Neuro,21
Cyto_Salivary::Category::Benign_Neoplasm,Cyto_Salivary,21
Cyto_Salivary::Category::Salivary_Gland_Neoplasm_Uncertain_Malignant_Potential_SUMP,Cyto_Salivary,21
Cyto_Salivary::Malignant::Mucoepidermoid_Carcinoma_High_Grade,Cyto_Salivary,21
Cyto_Soft_Tissue::Malignant::Metastatic_Carcinoma,Cyto_Soft_Tissue,21
Cyto_Thoracic::Benign_Reactive::Inflammatory::Langerhans_Cell_Histiocytosis_LCH,Cyto_Thoracic,21
Endo::Adrenal::Neoplastic::Mesenchymal::Benign::Myelolipoma,Endo,21
Endo::Thyroid::Neoplastic::Epithelial::Malignant::Oncocytic_Carcinoma,Endo,21
GI::Anus::Neoplastic::Squamous::Anal_Squamous_Cell_Carcinoma_Overview,GI,21
GI::Liver::Inflammatory::Infectious::Protozoal::Hepatic_Amebic_Abscess,GI,21
GU::Kidney::Mesenchymal::Epithelioid_Angiomyolipoma,GU::Kidney,21
GU::Kidney::Metanephric::Metanephric_Stromal_Tumor,GU::Kidney,21
GU::Kidney::Renal_cell::Other_Oncocytic_Tumors_of_the_Kidney,GU::Kidney,21
GU::Kidney::Renal_cell::Renal_Papillary_Adenoma,GU::Kidney,21
GU::Other::Urethra::Carcinoma_of_Urethra,GU::Other,21
GU::Testis::Sex_Cord_Stromal_Tumors::Sertoli_Cell_Tumor,GU::Testis,21
HN::Ear_Temporal_Bone::External_Auditory_Canal::Ceruminous_Adenocarcinoma,HN,21
HN::Ear_Temporal_Bone::Middle_Inner_Ear::Vestibular_Schwannoma,HN,21
HN::Heme::B_Cell::Mantle_Cell_Lymphoma,HN,21
HN::Odontogenic_Maxillofacial::Jaw_Cyst::Gingival_Cyst,HN,21
Neuro::Tumor::Astrocytic_Circumscribed::Pilocytic_Astrocytoma,Neuro,21
Neuro::Tumor::Choroid_Plexus::Choroid_Plexus_Papilloma,Neuro,21
Neuro::Tumor::Embryonal::Medulloblastoma_Histologically_Defined,Neuro,21
Neuro::Tumor::Nerve::Malignant_Peripheral_Nerve_Sheath_Tumor,Neuro,21
Skin::Congenital_Structural::Genodermatosis::Epidermodysplasia_Verruciformis,Skin,21
Skin::Infectious::Fungal::Phaeohyphomycosis,Skin,21
Skin::Infectious::Parasitic::Onchocerciasis,Skin,21
Skin::Inflammatory::Adnexal::Acne_Vulgaris,Skin,21
Skin::Inflammatory::Drug_Eruption::Drug_Reaction_With_Eosinophilia_And_Systemic_Symptoms_DRESS,Skin,21
Skin::Inflammatory::Neutrophilic::Neutrophilic_Eccrine_Hidradenitis,Skin,21
Skin::Inflammatory::Panniculitis::Erythema_Induratum_Nodular_Vasculitis,Skin,21
Skin::Inflammatory::Vasculitis::Pernio_Chilblains,Skin,21
Skin::Neoplastic::Adnexal::Follicular::Pilomatrical_Carcinoma,Skin,21
Skin::Neoplastic::Epidermal::Benign::Acantholytic_Acanthoma,Skin,21
Skin::Neoplastic::Epidermal::Benign::Clear_Cell_Acanthoma,Skin,21
Skin::Neoplastic::Soft_Tissue::Neural::Malignant_Peripheral_Nerve_Sheath_Tumor,Skin,21
Skin::Neoplastic::Soft_Tissue::Vascular::Verrucous_Hemangioma,Skin,21
Breast::Epithelial::MyoEpithelial::Pleomorphic_Adenoma,Breast,20
Breast::Neoplastic::Epithelial::Malignant::Adenoid_Cystic_Carcinoma,Breast,20
Breast::Neoplastic::Mesenchymal::Benign::Hemangioma,Breast,20
Cyto_Heme::Malignant::T_NK_Cell::Peripheral_T_Cell_Lymphoma_NOS,Cyto_Heme,20
Cyto_Mediastinum::Malignant::Germ_Cell::Teratoma_Mature,Cyto_Mediastinum,20
Cyto_Thoracic::Infectious::Bacterial::Mycobacterium_Tuberculosis,Cyto_Thoracic,20
Cyto_Thyroid::Malignant::Anaplastic::Anaplastic_Thyroid_Carcinoma_Giant_Cell,Cyto_Thyroid,20
Endo::Thyroid::Neoplastic::Epithelial_C_Cell::Precursor::C_Cell_Hyperplasia,Endo,20
GI::Biliary::Neoplastic::Carcinoma::Gallbladder_Carcinoma,GI,20
GI::Esophagus::Neoplastic::Adenocarcinoma::Esophageal_Adenocarcinoma_Conventional,GI,20
GI::Small_Intestine::Inflammatory::Injury::Small_Intestinal_Peptic_Duodenitis,GI,20
GI::Stomach::Inflammatory::Gastritis::Gastric_Lymphocytic_Gastritis_Celiac_Associated,GI,20
GU::Bladder::Other::Metastasis_to_the_Urinary_Tract,GU::Bladder,20
GU::Bladder::Urothelial::Papillary_Urothelial_Hyperplasia,GU::Bladder,20
GU::Kidney::Nephroblastic_Nephrogenic::Nephroblastoma_Wilms_Tumor,GU::Kidney,20
GU::Penis::Precursor_Lesions::Penile_Intraepithelial_Neoplasia_PeIN,GU::Penis,20
GU::Prostate::Benign::Clear_Cell_Cribriform_Hyperplasia,GU::Prostate,20
GU::Testis::Infertility::Hypospermatogenesis,GU::Testis,20
GYN::Cervix::Neoplastic::Mesenchymal::Malignant::Rhabdomyosarcoma,GYN::Cervix,20
GYN::Ovary::Neoplastic::Epithelial::Malignant::Small_Cell_Carcinoma_Hypercalcemic_Type,GYN::Ovary,20
GYN::Ovary::Neoplastic::Metastatic::Metastatic_Appendiceal_Tumor,GYN::Ovary,20
GYN::Ovary::Neoplastic::Sex_Cord_Stromal::Benign::Thecoma,GYN::Ovary,20
GYN::Uterus::Neoplastic::Epithelial::Malignant::Clear_Cell_Adenocarcinoma,GYN::Uterus,20
GYN::Uterus::Neoplastic::Mixed::Benign::Adenomyoma_Endometrioid_Type,GYN::Uterus,20
GYN::Vagina::Neoplastic::Epithelial::Malignant::Squamous_Cell_Carcinoma,GYN::Vagina,20
GYN::Vulva::Infectious::Viral::Herpes_Simplex_Virus,GYN::Vulva,20
HN::Odontogenic_Maxillofacial::Giant_Cell_Lesion::Cherubism,HN,20
HN::Odontogenic_Maxillofacial::Malignant::Ameloblastic_Carcinoma,HN,20
HN::Salivary_Gland::Benign_Tumor::Sialadenoma_Papilliferum,HN,20
HN::Sinonasal::Carcinoma::Non_Keratinizing_Squamous_Cell_Carcinoma,HN,20
Heme::Mature_B_Cell::Large_B_Cell::DLBCL_High_Grade_With_MYC_And_BCL2_Rearrangements,Heme,20
Molecular::Regulations::US::FDA_Oversight,Molecular,20
Molecular::Solid::Thyroid::Medullary_Carcinoma,Molecular,20
Neuro::Tumor::Mesenchymal::Solitary_Fibrous_Tumor,Neuro,20
Skin::Congenital_Structural::Cyst::Hidrocystoma_Eccrine_Apocrine,Skin,20
Skin::Depositional_Metabolic::Metabolic::Confluent_and_Reticulated_Papillomatosis,Skin,20
Skin::Depositional_Metabolic::Mucinosis::Scleredema_of_Buschke,Skin,20
Skin::Neoplastic::Adnexal::Follicular::Dilated_Pore_Of_Winer,Skin,20
Skin::Neoplastic::Adnexal::Follicular::Fibrofolliculoma_and_Trichodiscoma,Skin,20
Skin::Neoplastic::Mast_Cell::Mastocytoma,Skin,20
Skin::Neoplastic::Soft_Tissue::Vascular::Hobnail_Hemangioma,Skin,20
Thorax_Mediastinum::Lung::Inflammatory::Interstitial::Usual_Interstitial_Pneumonia_UIP,Thorax_Mediastinum,20
BST::Bone::Reactive::Metabolic::Osteoporosis,BST,19
BST::Soft_Tissue::Fibroblastic::Benign::Desmoplastic_Fibroblastoma,BST,19
BST::Soft_Tissue::Inflammatory::Acute_Chronic::Proliferative_Fasciitis,BST,19
BST::Syndromes::Predisposition::Skeletal::Multiple_Osteochondromas,BST,19
Breast::Epithelial::Papillary_Neoplasms::Invasive_Papillary_Carcinoma,Breast,19
Cyto_Adrenal::Malignant::Pheochromocytoma,Cyto_Adrenal,19
Cyto_GYN::Squamous::Anal_Intraepithelial_Neoplasia_Low_Grade_LSIL,Cyto_GYN,19
Cyto_Heme::Malignant::Lymphoma::Hepatosplenic_T_Cell_Lymphoma,Cyto_Heme,19
Cyto_Heme::Pattern::Dispersed_Hypercellular,Cyto_Heme,19
Cyto_Mediastinum::Malignant::Germ_Cell::Seminoma,Cyto_Mediastinum,19
Cyto_Neuro::Benign_Reactive::Inflammatory::Pleocytosis_Lymphocytic,Cyto_Neuro,19
Cyto_Neuro::Malignant::Embryonal::Medulloblastoma,Cyto_Neuro,19
Cyto_Pancreatobiliary::Benign_Reactive::Lesion::Splenule_Accessory_Spleen,Cyto_Pancreatobiliary,19
Cyto_Pancreatobiliary::Pattern::Dirty_Necrotic_Background,Cyto_Pancreatobiliary,19
Cyto_Salivary::Malignant::Secretory_Carcinoma_MASC,Cyto_Salivary,19
Endo::Parathyroid::Nonneoplastic::Hyperplasia::Secondary_Parathyroid_Hyperplasia,Endo,19
GI::Appendix::Neoplastic::Mucinous::Appendiceal_High_Grade_Mucinous_Neoplasm_HAMN,GI,19
GI::Liver::Neoplastic::Cystic::Hepatic_Mucinous_Cystic_Neoplasm,GI,19
GU::Bladder::Glandular_Neoplasms::Villous_Adenoma,GU::Bladder,19
GU::Bladder::Non_Neoplastic::Cystitis_Glandularis,GU::Bladder,19
GU::Kidney::Renal_cell::Acquired_Cystic_Disease_Associated_RCC,GU::Kidney,19
GU::Prostate::Other::Prostatic_Urethral_Polyp,GU::Prostate,19
GYN::Fallopian_Tube::Normal_Histology::Metaplasia::Tubal_Metaplasias,GYN::Fallopian_Tube,19
GYN::Vulva::Neoplastic::Mesenchymal::Benign::Fibroepithelial_Stromal_Polyp,GYN::Vulva,19
Molecular::Concept::Quality::QA_QC_Controls,Molecular,19
Molecular::Infectious::Bacterial::Central_Nervous_System_Pathogens,Molecular,19
Molecular::Infectious::Viral::Human_Immunodeficiency_Virus,Molecular,19
Neuro::Inflammation::Tumefactive_Demyelination,Neuro,19
Skin::Congenital_Structural::Cyst::Steatocystoma_Multiplex_Simplex,Skin,19
Skin::Congenital_Structural::Genodermatosis::Lamellar_Ichthyosis,Skin,19
Skin::Disorders_of_Pigmentation::Dowling_Degos_Disease,Skin,19
Skin::Inflammatory::Alopecia::Pseudopelade_of_Brocq,Skin,19
Skin::Inflammatory::Drug_Eruption::Lichenoid_Drug_Eruption,Skin,19
Skin::Inflammatory::Granulomatous::Interstitial_Granulomatous_Dermatitis,Skin,19
Skin::Inflammatory::Panniculitis::Subcutaneous_Fat_Necrosis_of_Newborn,Skin,19
Skin::Inflammatory::Vasculitis::Degos_Disease_Malignant_Atrophic_Papulosis,Skin,19
Skin::Neoplastic::Melanocytic::Benign::Acral_Nevus,Skin,19
Skin::Neoplastic::Soft_Tissue::Fibroblastic::Deep_Fibromatosis_Desmoid,Skin,19
Skin::Neoplastic::Soft_Tissue::Vascular::Epithelioid_Hemangioendothelioma,Skin,19
Skin::Syndromes::Carney_Complex,Skin,19
BST::Soft_Tissue::Hematolymphoid::Malignant::Histiocytic_Sarcoma,BST,18
Breast::Inflammatory::Acute::Acute_Mastitis,Breast,18
Breast::Inflammatory::Reactive::Squamous_Metaplasia_Of_Lactiferous_Ducts,Breast,18
Breast::Neoplastic::Mesenchymal::Benign::Nodular_Fasciitis,Breast,18
Cyto_Bone::Benign::Fracture_Callus,Cyto_Bone,18
Cyto_Breast::Category::Insufficient,Cyto_Breast,18
Cyto_GI_Tract::Esophagus::Malignant::Squamous_Cell_Carcinoma,Cyto_GI_Tract,18
Cyto_Management::Ancillary_Testing::Immunocytochemistry_IHC,Cyto_Management,18
GI::Esophagus::Inflammatory::Infectious::Esophageal_Candida_Esophagitis,GI,18
GI::Small_Intestine::Infectious::Bacterial::Small_Intestinal_Whipple_Disease,GI,18
GI::Small_Intestine::Inflammatory::Malabsorption::Small_Intestinal_Tropical_Sprue,GI,18
GU::Bladder::Urothelial::Urothelial_Papilloma,GU::Bladder,18
GU::Penis::Benign::Condyloma,GU::Penis,18
GU::Prostate::Benign::Post_Atrophic_Hyperplasia,GU::Prostate,18
GYN::Cervix::Congenital_Structural::Cyst::Tunnel_Clusters,GYN::Cervix,18
GYN::Cervix::Normal_Histology::Physiologic_Change::Deciduosis,GYN::Cervix,18
GYN::Ovary::Neoplastic::Metastatic::Metastatic_Breast_Carcinoma,GYN::Ovary,18
GYN::Ovary::Neoplastic::Sex_Cord_Stromal::Benign::Leydig_Cell_Tumor,GYN::Ovary,18
GYN::Vulva::Inflammatory::Dermatosis::Lichen_Planus,GYN::Vulva,18
GYN::Vulva::Neoplastic::Mesenchymal::Malignant::Epithelioid_Sarcoma,GYN::Vulva,18
HN::Larynx_Hypopharynx_Trachea::Carcinoma::Basaloid_Squamous_Cell_Carcinoma,HN,18
HN::Odontogenic_Maxillofacial::Benign_Bone_Cartilage::Osteochondroma,HN,18
HN::Salivary_Gland::Malignant_Tumor::Sialoblastoma,HN,18
Neuro::Heme::Lymphoma::Primary_Diffuse_Large_B_Cell_Lymphoma_Of_The_CNS,Neuro,18
Skin::Congenital_Structural::Cyst::Pseudocyst_of_the_Auricle,Skin,18
Skin::Infectious::Bacterial::Pitted_Keratolysis,Skin,18
Skin::Infectious::Bacterial::Rickettsia,Skin,18
Skin::Inflammatory::Blistering::Subcorneal_Pustular_Dermatosis_Sneddon_Wilkinson,Skin,18
Skin::Inflammatory::Dermal_Sclerosing::Anetoderma,Skin,18
Skin::Inflammatory::Drug_Eruption::Fixed_Drug_Eruption,Skin,18
Skin::Inflammatory::Drug_Reactions::Chemotherapy,Skin,18
Skin::Inflammatory::Granulomatous::Actinic_Granuloma_Annular_Elastolytic,Skin,18
Skin::Inflammatory::Interface::Erythema_Dyschromicum_Perstans,Skin,18
Skin::Neoplastic::Soft_Tissue::Adipocytic::Nevus_Lipomatosus_Superficialis,Skin,18
Skin::Neoplastic::Soft_Tissue::Vascular::Retiform_Hemangioendothelioma,Skin,18
Skin::Neoplastic::Soft_Tissue::Vascular::Spindle_Cell_Hemangioma,Skin,18
Thorax_Mediastinum::Lung::Inflammatory::Immune::Hypersensitivity_Pneumonitis,Thorax_Mediastinum,18
Thorax_Mediastinum::Pleura::Neoplastic::Mesothelial::Malignant::Diffuse_Pleural_Mesothelioma,Thorax_Mediastinum,18
BST::Bone::Reactive::Joint::Gout,BST,17
BST::Soft_Tissue::Congenital_Structural::Cyst::Synovial_Cyst,BST,17
BST::Soft_Tissue::Fibroblastic::Intermediate::Superficial_CD34_Positive_Fibroblastic_Tumor,BST,17
BST::Soft_Tissue::GIST_Visceral::Malignant::Malignant_Gastrointestinal_Neuroectodermal_Tumor,BST,17
BST::Soft_Tissue::Uncertain_Diff::Malignant::Undifferentiated_Sarcoma_BCOR_Altered,BST,17
BST::Soft_Tissue::Vascular::Benign::Bacillary_Angiomatosis,BST,17
BST::Soft_Tissue::Vascular::Benign::Congenital_Hemangioma,BST,17
BST::Soft_Tissue::Vascular::Intermediate::Composite_Hemangioendothelioma,BST,17
Breast::FibroEpithelial::Hamartoma,Breast,17
Breast::Neoplastic::Epithelial::In_Situ::Papillary_Ductal_Carcinoma_In_Situ,Breast,17
Breast::Neoplastic::Fibroepithelial::Benign::Cellular_Fibroadenoma,Breast,17
Cyto_Derm::Malignant::Basal_Cell_Carcinoma,Cyto_Derm,17
Cyto_Fluids::Benign_Reactive::Specific_Conditions::Endosalpingiosis,Cyto_Fluids,17
Cyto_Fluids::Category::Nondiagnostic,Cyto_Fluids,17
Cyto_Heme::Malignant::B_Cell_Large::Plasmablastic_Lymphoma,Cyto_Heme,17
Cyto_Liver::Benign_Reactive::Mesenchymal::Hemangioma,Cyto_Liver,17
Cyto_Liver::Malignant::Mesenchymal::Angiosarcoma,Cyto_Liver,17
Cyto_Liver::Pattern::Mildly_Cellular_Small_Tissue_Fragments,Cyto_Liver,17
Cyto_Pancreatobiliary::Neoplasm_Risk::High_Grade::Pancreatic_IPMN_High_Grade,Cyto_Pancreatobiliary,17
Cyto_Soft_Tissue::Benign::Epithelioid::Epithelioid_Hemangioma,Cyto_Soft_Tissue,17
Endo::Adrenal::Neoplastic::Neuroendocrine::Malignant::Composite_Pheochromocytoma,Endo,17
GI::Colon::Polyp::Hamartoma::Juvenile_Polyp,GI,17
GU::Bladder::Neuroendocrine::Paraganglioma,GU::Bladder,17
GU::Kidney::Renal_cell::Oncocytoma_of_the_Kidney,GU::Kidney,17
GU::Penis::Squamous_Neoplasms::Squamous_Cell_Carcinoma_Usual_Type,GU::Penis,17
GU::Testis::Heme::Diffuse_Large_B_Cell_Lymphoma,GU::Testis,17
GYN::Cervix::Neoplastic::Epithelial::Benign::Mesonephric_Hyperplasia,GYN::Cervix,17
GYN::Ovary::Inflammatory::Chronic::Luteinized_Thecoma_With_Sclerosing_Peritonitis,GYN::Ovary,17
GYN::Ovary::Neoplastic::Germ_Cell::Benign::Struma_Ovarii,GYN::Ovary,17
HN::Ear_Temporal_Bone::External_Auditory_Canal::Auricular_Pseudocyst,HN,17
HN::Ear_Temporal_Bone::External_Auditory_Canal::Kimura_Disease,HN,17
HN::Heme::B_Cell::Plasmablastic_Lymphoma,HN,17
HN::Larynx_Hypopharynx_Trachea::Carcinoma::Verrucous_Carcinoma,HN,17
HN::Salivary_Gland::Non_Neoplastic::Benign_Lymphoepithelial_Lesion,HN,17
HN::Sinonasal::Other::Sinonasal_Ameloblastoma,HN,17
Heme::Histiocytic_Dendritic_Cell::Macrophage::Hemophagocytic_Lymphohistiocytosis_HLH,Heme,17
Molecular::Concept::Therapy::Gene_Transfer_Viral_Constructs,Molecular,17
Neuro::Heme::Histiocytic::Langerhans_Cell_Histiocytosis,Neuro,17
Neuro::Tumor::Metastatic::Metastases_To_The_Brain_And_Spinal_Cord_Parenchyma,Neuro,17
Neuro::Vascular::Ischemic::Cerebral_Infarction,Neuro,17
Skin::Congenital_Structural::Cyst::Cutaneous_Cyst_Overview_NOS,Skin,17
Skin::Depositional_Metabolic::Collagenous_and_Elastotic_Marginal_Plaques_of_the_Hands,Skin,17
Skin::Depositional_Metabolic::Xanthoma::Xanthogranuloma_Juvenile,Skin,17
Skin::Infectious::Parasitic::Larva_Migrans_and_Currens,Skin,17
Skin::Infectious::Viral::Milkers_Nodule,Skin,17
Skin::Inflammatory::Granulomatous::Lupus_Miliaris_Disseminatus_Faciei,Skin,17
Skin::Inflammatory::Vasculitis::Wegener_Granulomatosis_GPA,Skin,17
Skin::Neoplastic::Adnexal::Follicular::Inverted_Follicular_Keratosis,Skin,17
Skin::Neoplastic::Hematolymphoid::Anaplastic_Large_Cell_Lymphoma_Cutaneous,Skin,17
Skin::Neoplastic::Hematolymphoid::Primary_Cutaneous_CD4_Positive_Small_Medium_T_Cell_Lymphoproliferative_Disorder,Skin,17
Skin::Neoplastic::Melanocytic::Benign::Dermal_Melanocytoses_Overview,Skin,17
Skin::Neoplastic::Soft_Tissue::Fibrous::Cutaneous_Myxoma_and_Angiomyxoma,Skin,17
Skin::Neoplastic::Soft_Tissue::Fibrous::DFSP_Bednar_Tumor,Skin,17
Skin::Neoplastic::Soft_Tissue::Fibrous::Fibromatosis,Skin,17
Skin::Neoplastic::Soft_Tissue::Vascular::Tufted_Hemangioma,Skin,17
BST::Bone::Depositional_Metabolic::Deposition::Crystal_Deposition_Diseases,BST,16
BST::Soft_Tissue::Adipocytic::Intermediate::Hemosiderotic_Fibrolipomatous_Tumor,BST,16
BST::Soft_Tissue::Fibroblastic::Benign::Nuchal_Type_Fibroma,BST,16
BST::Soft_Tissue::Fibrohistiocytic::Benign::Deep_Benign_Fibrous_Histiocytoma,BST,16
BST::Soft_Tissue::Uncertain_Diff::Benign::Ectopic_Hamartomatous_Thymoma,BST,16
BST::Soft_Tissue::Vascular::Benign::Hemangioma_Venous,BST,16
Breast::Congenital_Structural::Malformation::Juvenile_Papillomatosis,Breast,16
Breast::Neoplastic::Epithelial::Benign::Microglandular_Adenosis,Breast,16
Cyto_GYN::Benign_Reactive::Non_Neoplastic::Reactive_Cellular_Changes_Repair_Atypical,Cyto_GYN,16
Cyto_GYN::Benign_Reactive::Organisms::Bacterial_Vaginosis_Shift_In_Flora,Cyto_GYN,16
Cyto_GYN::Benign_Reactive::Organisms::Herpes_Simplex_Virus_HSV,Cyto_GYN,16
Cyto_Kidney::Benign_Neoplasm::Oncocytoma,Cyto_Kidney,16
Cyto_Liver::Malignant::Biliary::Cholangiocarcinoma_Intrahepatic,Cyto_Liver,16
Cyto_Mediastinum::Malignant::Thymic_Epithelial::Thymic_Neuroendocrine_Tumor,Cyto_Mediastinum,16
Cyto_Thyroid::Malignant::Metastatic::Metastasis_To_Thyroid_Renal_Cell,Cyto_Thyroid,16
Cyto_Urinary::Malignant::Non_Urothelial::Squamous_Cell_Carcinoma,Cyto_Urinary,16
Cyto_Urinary::Specimen_Type::Ureteral_Washing,Cyto_Urinary,16
GI::Biliary::Neoplastic::Precursor::Biliary_Intraepithelial_Neoplasia_BilIN,GI,16
GI::Hematolymphoid::B_Cell_Lymphoma::Burkitt_Lymphoma,GI,16
GI::Stomach::Gastropathy::Reactive::Gastric_Reactive_Gastropathy_Chemical,GI,16
GI::Stomach::Polyp::Epithelial::Gastric_Fundic_Gland_Polyp,GI,16
GU::Kidney::Mesenchymal::Ewing_Sarcoma,GU::Kidney,16
GU::Prostate::Additional_Topics::Tumor_Volume_Estimation,GU::Prostate,16
GYN::Fallopian_Tube::Neoplastic::Epithelial::Borderline::Serous_Borderline_Tumor,GYN::Fallopian_Tube,16
GYN::Ovary::Neoplastic::Sex_Cord_Stromal::Benign::Signet_Ring_Stromal_Tumor,GYN::Ovary,16
GYN::Uterus::Neoplastic::Epithelial::Malignant::Mesonephric_Like_Carcinoma,GYN::Uterus,16
GYN::Uterus::Neoplastic::Epithelial::Malignant::Neuroendocrine_Carcinoma,GYN::Uterus,16
GYN::Vulva::Neoplastic::Melanocytic::Malignant::Malignant_Melanoma,GYN::Vulva,16
HN::Neuroendocrine_Paraganglioma::Neuroendocrine_Tumor::Neuroendocrine_Tumor_NOS,HN,16
HN::Oral_Cavity::Precursor::Squamous_Dysplasia,HN,16
HN::Salivary_Gland::Non_Neoplastic::Lymphoepithelial_Sialadenitis,HN,16
HN::Sinonasal::Hamartoma::Nasal_Chondromesenchymal_Hamartoma,HN,16
HN::Sinonasal::Mesenchymal::Chordoma,HN,16
HN::Soft_Tissue::Chondro_Osseous::Chondroma,HN,16
HN::Soft_Tissue::Fibroblastic_Myofibroblastic::Low_Grade_Myofibroblastic_Sarcoma,HN,16
Heme::Histiocytic_Dendritic_Cell::Macrophage::Rosai_Dorfman_Disease,Heme,16
Heme::Mature_B_Cell::Large_B_Cell::High_Grade_B_Cell_Lymphoma_With_11q_Aberration,Heme,16
Molecular::Solid::Thyroid::Papillary_Carcinoma,Molecular,16
Neuro::Tumor::Lesions_Of_The_Sellar_Region::Pituitary_Adenoma_Pituitary_Neuroendocrine_Tumor::Densely_Granulated_Lactotroph_Adenoma,Neuro,16
Neuro::Tumor::Mesenchymal::Hemangioblastoma,Neuro,16
Neuro::Tumor::Nerve::Neurofibroma,Neuro,16
Skin::Congenital_Structural::Cyst::Median_Raphe_Cyst,Skin,16
Skin::Congenital_Structural::Cyst::Steatocystoma,Skin,16
Skin::Depositional_Metabolic::Calcification::Scrotal_Calcinosis,Skin,16
Skin::Infectious::Viral::Cutaneous_Viral_Infection_NOS,Skin,16
Skin::Infectious::Viral::Cytomegalovirus,Skin,16
Skin::Inflammatory::Degenerative::Chondrodermatitis_Nodularis_Helicis,Skin,16
Skin::Neoplastic::Hematolymphoid::Blastic_Plasmacytoid_Dendritic_Cell_Neoplasm,Skin,16
Skin::Neoplastic::Hematolymphoid::Pseudolymphoma_Cutaneous_Lymphoid_Hyperplasia,Skin,16
Skin::Neoplastic::Soft_Tissue::Vascular::Angiokeratoma,Skin,16
Skin::Neoplastic::Soft_Tissue::Vascular::Lymphangioma_and_Superficial_Lymphangioma,Skin,16
Thorax_Mediastinum::Lung::Inflammatory::Airways::Bronchiolitis_Obliterans_Organizing_Pneumonia_BOOP,Thorax_Mediastinum,16
BST::Bone::Fibrogenic::Malignant::Fibrosarcoma_Of_Bone,BST,15
BST::Bone::Osteogenic::Malignant::Osteosarcoma_Secondary,BST,15
BST::Bone::Reactive::Inflammatory::Massive_Osteolysis_Gorham_Disease,BST,15
BST::Soft_Tissue::Nerve_Sheath::Malignant::Epithelioid_MPNST,BST,15
BST::Soft_Tissue::Uncertain_Diff::Benign::Cellular_Neurothekeoma,BST,15
BST::Soft_Tissue::Vascular::Benign::Cavernous_Hemangioma,BST,15
BST::Soft_Tissue::Vascular::Benign::Sinusoidal_Hemangioma,BST,15
BST::Soft_Tissue::Vascular::Intermediate::Papillary_Intralymphatic_Angioendothelioma,BST,15
Breast::Neoplastic::Epithelial::Malignant::Inflammatory_Carcinoma,Breast,15
Cyto_Kidney::Malignant::Renal_Cell_Carcinoma::Papillary_RCC_Type_1,Cyto_Kidney,15
Cyto_Mediastinum::Malignant::Lymphoid::Primary_Mediastinal_Large_B_Cell_Lymphoma,Cyto_Mediastinum,15
Cyto_Neuro::Eye::Malignant::Retinoblastoma,Cyto_Neuro,15
Cyto_Pancreatobiliary::Benign_Reactive::Normal::Normal_Acinar_Cells,Cyto_Pancreatobiliary,15
Cyto_Soft_Tissue::Benign::Chondro_Osseous::Myositis_Ossificans,Cyto_Soft_Tissue,15
Cyto_Urinary::Benign_Reactive::Normal::Umbrella_Cells,Cyto_Urinary,15
GI::Stomach::Gastropathy::Vascular::Gastric_Portal_Hypertensive_Gastropathy,GI,15
GU::Kidney::Renal_cell::Fumarate_Hydratase_Deficient_Renal_Cell_Carcinoma,GU::Kidney,15
GU::Penis::Squamous_Neoplasms::Verrucous_Carcinoma,GU::Penis,15
GU::Prostate::Inflammatory::Malakoplakia,GU::Prostate,15
GU::Prostate::Mesenchymal::Sarcomatoid_Carcinoma_of_Prostate,GU::Prostate,15
GU::Testis::Sex_Cord_Stromal_Tumors::Leydig_Cell_Tumor,GU::Testis,15
GYN::Cervix::Congenital_Structural::Remnant::Mesonephric_Remnants,GYN::Cervix,15
GYN::Ovary::Neoplastic::Metastatic::Metastatic_Gastric_Carcinoma,GYN::Ovary,15
GYN::Ovary::Neoplastic::Metastatic::Metastatic_Pancreaticobiliary_Adenocarcinoma,GYN::Ovary,15
GYN::Ovary::Neoplastic::Sex_Cord_Stromal::Benign::Sclerosing_Stromal_Tumor,GYN::Ovary,15
GYN::Uterus::Neoplastic::Mesenchymal::Malignant::Undifferentiated_Uterine_Sarcoma,GYN::Uterus,15
GYN::Vagina::Neoplastic::Epithelial::Benign::Mixed_Tumor,GYN::Vagina,15
GYN::Vagina::Neoplastic::Germ_Cell::Malignant::Yolk_Sac_Tumor,GYN::Vagina,15
GYN::Vulva::Inflammatory::Dermatosis::Psoriasis,GYN::Vulva,15
HN::Ear_Temporal_Bone::Middle_Inner_Ear::Branchial_Cleft_Anomaly,HN,15
HN::Heme::Histiocytic_Dendritic::Juvenile_Xanthogranuloma,HN,15
HN::Odontogenic_Maxillofacial::Benign_Mesenchymal::Cementoblastoma,HN,15
HN::Odontogenic_Maxillofacial::Bone_Cyst::Simple_Bone_Cyst,HN,15
HN::Odontogenic_Maxillofacial::Malignant::Ghost_Cell_Odontogenic_Carcinoma,HN,15
HN::Oral_Cavity::Tumor_Uncertain_Histogenesis::Ectomesenchymal_Chondromyxoid_Tumor,HN,15
Heme::Acute_Myeloid_Leukemia::Differentiation_Defined::AML_With_Maturation,Heme,15
Heme::Myeloproliferative_Neoplasm::Chronic_Eosinophilic_Leukemia,Heme,15
Heme::Plasma_Cell_Neoplasm::Monoclonal_Gammopathy::Non_IgM_MGUS,Heme,15
Molecular::Concept::Indications::Molecular_Cancer_Early_Detection_Screening,Molecular,15
Molecular::Hereditary::Growth_Factor::G_Protein_Coupled_Receptor_Pathway::Glucagon_Cell_Hyperplasia_and_Neoplasia_GCGR,Molecular,15
Molecular::Regulations::US::CAP_Accreditation,Molecular,15
Molecular::Technique::Identity::Gestational_Disease_Molar_Pregnancy,Molecular,15
Molecular::Technique::Preanalytic::Nucleic_Acid_Isolation_Quantitation,Molecular,15
Neuro::Infection::Cerebral_Malaria,Neuro,15
Neuro::Tumor::Embryonal::CNS_Embryonal_Tumor_NEC_NOS,Neuro,15
Neuro::Tumor::Notochordal::Chordoma,Neuro,15
Skin::Disorders_of_Pigmentation::Hypopigmentation::Post_Inflammatory_Hypopigmentation,Skin,15
Skin::Infectious::Viral::Gianotti_Crosti_Syndrome,Skin,15
Skin::Infectious::Viral::Hand_Foot_And_Mouth_Disease,Skin,15
Skin::Inflammatory::Adnexal::Folliculitis_Decalvans,Skin,15
Skin::Inflammatory::Drug_Eruption::Morbilliform_Drug_Reaction,Skin,15
Skin::Inflammatory::Neutrophilic::Subcorneal_Pustular_Dermatosis,Skin,15
Skin::Inflammatory::Vasculitis::Churg_Strauss_Syndrome_EGPA,Skin,15
Skin::Inflammatory::Vasculitis::Giant_Cell_Arteritis_Temporal,Skin,15
Skin::Inflammatory::Vasculitis::Gyrate_Erythema,Skin,15
Skin::Neoplastic::Hematolymphoid::Extranodal_NK_T_Cell_Lymphoma_Nasal_Type,Skin,15
Skin::Neoplastic::Melanocytic::Benign::Combined_Nevus,Skin,15
Skin::Neoplastic::Soft_Tissue::Fibrous::Epithelioid_Fibrous_Histiocytoma,Skin,15
Skin::Neoplastic::Soft_Tissue::Vascular::Arteriovenous_Malformation,Skin,15
BST::Bone::Notochordal::Malignant::Chordoma_Dedifferentiated,BST,14
BST::Soft_Tissue::Uncertain_Diff::Benign::Juxta_Articular_Myxoma,BST,14
BST::Soft_Tissue::Vascular::Benign::Spindle_Cell_Hemangioma,BST,14
Breast::Inflammatory::Granulomatous::Idiopathic_Granulomatous_Mastitis,Breast,14
Breast::Neoplastic::Epithelial::Benign::Adenomyoepithelioma,Breast,14
Breast::Neoplastic::Epithelial::In_Situ::Paget_Disease_Of_Nipple,Breast,14
Breast::Nipple_Tumors::Epithelial::Paget_Disease_of_the_Breast,Breast,14
Cyto_Breast::Benign::Non_Neoplastic::Fibrocystic_Changes_Proliferative_Without_Atypia,Cyto_Breast,14
Cyto_Breast::Nipple_Discharge::Intraductal_Papilloma,Cyto_Breast,14
Cyto_Breast::Specimen_Type::Nipple_Discharge,Cyto_Breast,14
Cyto_Derm::Malignant::Squamous_Cell_Carcinoma,Cyto_Derm,14
Cyto_Kidney::Malignant::Renal_Cell_Carcinoma::Chromophobe_RCC_Classic,Cyto_Kidney,14
Cyto_Management::Technique::Liquid_Based_Preparation_SurePath,Cyto_Management,14
Cyto_Retroperitoneum::Malignant::Sarcoma::Leiomyosarcoma,Cyto_Retroperitoneum,14
Cyto_Retroperitoneum::Pattern::Necrosis,Cyto_Retroperitoneum,14
Cyto_Soft_Tissue::Malignant::Adipocytic::Myxoid_Liposarcoma,Cyto_Soft_Tissue,14
Cyto_Soft_Tissue::Malignant::Epithelioid::Epithelioid_Angiosarcoma,Cyto_Soft_Tissue,14
Cyto_Soft_Tissue::STNUMP::Spindle_Cell::Dermatofibrosarcoma_Protuberans_DFSP,Cyto_Soft_Tissue,14
Cyto_Thoracic::Benign_Neoplasm::Granular_Cell_Tumor,Cyto_Thoracic,14
Cyto_Urinary::Infectious::Parasitic::Trichomonas_Vaginalis,Cyto_Urinary,14
GI::Stomach::Gastropathy::Hypertrophic::Gastric_Zollinger_Ellison_Syndrome,GI,14
GU::Bladder::Non_Neoplastic::Amyloidosis,GU::Bladder,14
GU::Bladder::Non_Neoplastic::Keratinizing_Squamous_Metaplasia,GU::Bladder,14
GU::Kidney::Medical_Kidney_Disease::Glomerular::Proliferative::Membranoproliferative_Glomerulonephritis,GU::Kidney,14
GU::Kidney::Neuroendocrine::Well_Differentiated_Neuroendocrine_Tumor,GU::Kidney,14
GU::Kidney::Transplant::Rejection,GU::Kidney,14
GU::Other::Histology_&_Anatomy::Histology_&_Anatomy_of_Male_Urethra,GU::Other,14
GU::Penis::Histology_&_Anatomy::Histology_&_Anatomy_of_Penis_&_Scrotum,GU::Penis,14
GU::Prostate::Glandular_neoplasms::Prostatic_Cystadenoma,GU::Prostate,14
GYN::Cervix::Normal_Histology::Metaplasia::Transitional_Cell_Metaplasia,GYN::Cervix,14
GYN::Ovary::Neoplastic::Sex_Cord_Stromal::Malignant::Juvenile_Granulosa_Cell_Tumor,GYN::Ovary,14
GYN::Uterus::Neoplastic::Mesenchymal::Malignant::Rhabdomyosarcoma,GYN::Uterus,14
GYN::Vulva::Neoplastic::Mesenchymal::Benign::Granular_Cell_Tumor,GYN::Vulva,14
HN::Odontogenic_Maxillofacial::Giant_Cell_Lesion::Peripheral_Giant_Cell_Granuloma,HN,14
HN::Oral_Cavity::Precursor::HPV_Associated_Oral_Epithelial_Dysplasia,HN,14
HN::Sinonasal::Carcinoma::SWI_SNF_Complex_Deficient_Sinonasal_Carcinoma,HN,14
Heme::Mature_B_Cell::Large_B_Cell::T_Cell_Histiocyte_Rich_Large_B_Cell_Lymphoma,Heme,14
Heme::Mature_B_Cell::Marginal_Zone::Nodal_Marginal_Zone_Lymphoma,Heme,14
Molecular::Hereditary::Growth_Factor::Transcription_Factors_and_Regulators::Multiple_Endocrine_Neoplasia_Type_5_MAX_Related_Tumors_MAX,Molecular,14
Molecular::Hereditary::Growth_Factor::WNT_TGFbeta_Pathway::Familial_Adenomatous_Polyposis_APC,Molecular,14
Molecular::Solid::Genitourinary::Urothelial_Carcinoma,Molecular,14
Molecular::Technique::Sequencing::Sanger_Sequencing,Molecular,14
Neuro::Infection::Progressive_Multifocal_Leukoencephalopathy,Neuro,14
Neuro::Non_Neoplastic::Sellar::Lymphocytic_Hypophysitis,Neuro,14
Neuro::Treatment_Effect::Radiation_Necrosis,Neuro,14
Neuro::Tumor::Astrocytic_Circumscribed::Pleomorphic_Xanthoastrocytoma,Neuro,14
Neuro::Tumor::Glioneuronal_Neuronal::Ganglioglioma,Neuro,14
Neuro::Tumor::Lesions_Of_The_Sellar_Region::Pituitary_Adenoma_Pituitary_Neuroendocrine_Tumor::Densely_Granulated_Corticotroph_Adenoma,Neuro,14
Neuro::Tumor::Mesenchymal_Non_Meningothelial::Lipoma,Neuro,14
Neuro::Tumor::Nerve::Perineurioma,Neuro,14
Neuro::Tumor::Pineal::Pineoblastoma,Neuro,14
Neuro::Vascular::Arteriovenous_Malformation,Neuro,14
Skin::Disorders_of_Pigmentation::Postinflammatory_Pigment_Alteration,Skin,14
Skin::Infectious::Parasitic::Myiasis,Skin,14
Skin::Inflammatory::Granulomatous::Granuloma_Faciale,Skin,14
Skin::Inflammatory::Psoriasiform::Nutritional_Deficiency_Dermatitis,Skin,14
Skin::Inflammatory::Spongiotic::Papular_Urticaria,Skin,14
Skin::Neoplastic::Adnexal::Apocrine::Apocrine_Carcinoma,Skin,14
Skin::Neoplastic::Soft_Tissue::Fibrous::Pleomorphic_Fibroma,Skin,14
Skin::Neoplastic::Soft_Tissue::Fibrous::Plexiform_Fibrohistiocytic_Tumor,Skin,14
Skin::Neoplastic::Soft_Tissue::Neural::Neurofibroma_Plexiform,Skin,14
BST::Bone::Congenital_Structural::Cyst::Intraosseous_Ganglion,BST,13
BST::Bone::Hematolymphoid::Intermediate::Erdheim_Chester_Disease,BST,13
BST::Soft_Tissue::Adipocytic::Benign::Lipomatosis_Diffuse,BST,13
BST::Soft_Tissue::Depositional_Metabolic::Deposition::Amyloidoma,BST,13
BST::Soft_Tissue::Hematolymphoid::Benign::Langerhans_Cell_Histiocytosis,BST,13
Breast::Neoplastic::Epithelial::Malignant::Cribriform_Carcinoma,Breast,13
Cyto_Heme::Malignant::B_Cell_Large::High_Grade_B_Cell_Lymphoma_Double_Hit,Cyto_Heme,13
Cyto_Heme::Malignant::B_Cell_Small::Marginal_Zone_Lymphoma_MALT,Cyto_Heme,13
Cyto_Heme::Malignant::Metastatic::Melanoma,Cyto_Heme,13
Cyto_Kidney::Category::Malignant,Cyto_Kidney,13
Cyto_Liver::Malignant::Hepatocellular::Hepatocellular_Carcinoma_Clear_Cell,Cyto_Liver,13
Cyto_Neuro::Malignant::Metastatic::Metastatic_Melanoma,Cyto_Neuro,13
Cyto_Pancreatobiliary::Benign_Reactive::Inflammatory::Autoimmune_Pancreatitis_IgG4_Related,Cyto_Pancreatobiliary,13
Cyto_Pancreatobiliary::Malignant::Ductal::Pancreatic_Ductal_Adenocarcinoma_Foamy_Gland,Cyto_Pancreatobiliary,13
Cyto_Pancreatobiliary::Malignant::Ductal::Pancreatic_Ductal_Adenocarcinoma_Osteoclast_Giant_Cells,Cyto_Pancreatobiliary,13
Cyto_Salivary::Non_Neoplastic::Sialadenitis_Chronic_Obstructive,Cyto_Salivary,13
Cyto_Salivary::Pattern::Epithelial_Proliferation_Without_Stroma,Cyto_Salivary,13
Cyto_Soft_Tissue::Malignant::Epithelioid::Epithelioid_Hemangioendothelioma,Cyto_Soft_Tissue,13
Cyto_Soft_Tissue::STNUMP::Spindle_Cell::Gastrointestinal_Stromal_Tumor_GIST,Cyto_Soft_Tissue,13
Cyto_Thoracic::Benign_Neoplasm::Pulmonary_Hamartoma,Cyto_Thoracic,13
Cyto_Thoracic::Benign_Reactive::Epithelial::Squamous_Metaplasia_Atypical,Cyto_Thoracic,13
Cyto_Thoracic::Malignant::Carcinoma::Squamous_Cell_Carcinoma_Keratinizing,Cyto_Thoracic,13
Endo::Adrenal::Neoplastic::Epithelial_Cortical::Precursor::Adrenocortical_Hyperplasia_Nodular,Endo,13
GI::Liver::Neoplastic::Mesenchymal::Embryonal_Sarcoma,GI,13
GI::Small_Intestine::Congenital_Structural::Mechanical::Microvillus_Inclusion_Disease,GI,13
GI::Syndrome::Cancer_Predisposition::Hereditary_Colorectal::Lynch_Syndrome,GI,13
GU::Bladder::Urothelial::Urothelial_Proliferation_of_Uncertain_Malignant_Potential,GU::Bladder,13
GU::Kidney::Mesenchymal::Renomedullary_Interstitial_Cell_Tumor,GU::Kidney,13
GU::Kidney::Nephroblastic_Nephrogenic::Congenital_Mesoblastic_Nephroma,GU::Kidney,13
GU::Kidney::Renal_cell::Xp11_Translocation_Renal_Cell_Carcinoma,GU::Kidney,13
GU::Prostate::Additional_Topics::Lymph_Node_Metastasis,GU::Prostate,13
GU::Prostate::Glandular_neoplasms::Pseudohyperplastic_Prostatic_Adenocarcinoma,GU::Prostate,13
GU::Testis::Germ_Cell_Tumors::Embryonal_Carcinoma,GU::Testis,13
GU::Testis::Germ_Cell_Tumors::Yolk_Sac_Tumor_Postpubertal_Type,GU::Testis,13
GYN::Ovary::Neoplastic::Metastatic::Metastatic_Uterine_Corpus_Carcinoma,GYN::Ovary,13
GYN::Ovary::Neoplastic::Mixed::Malignant::Mucinous_Cystic_Tumor_With_Mural_Nodules,GYN::Ovary,13
GYN::Ovary::Neoplastic::Sex_Cord_Stromal::Intermediate::Microcystic_Stromal_Tumor,GYN::Ovary,13
GYN::Uterus::Neoplastic::Mesenchymal::Benign::Endometrial_Stromal_Nodule,GYN::Uterus,13
GYN::Vulva::Inflammatory::Dermatosis::Lichen_Sclerosus,GYN::Vulva,13
HN::Neuroendocrine_Paraganglioma::Neuroendocrine_Carcinoma::Large_Cell_Neuroendocrine_Carcinoma,HN,13
HN::Neuroendocrine_Paraganglioma::Neuroendocrine_Carcinoma::Small_Cell_Neuroendocrine_Carcinoma,HN,13
HN::Odontogenic_Maxillofacial::Benign_Epithelial::Ameloblastoma_Unicystic,HN,13
HN::Salivary_Gland::Benign_Tumor::Canalicular_Adenoma,HN,13
HN::Salivary_Gland::Benign_Tumor::Sclerosing_Polycystic_Adenoma,HN,13
Heme::Infection::Histoplasma,Heme,13
Heme::Mature_B_Cell::Splenic::Splenic_Marginal_Zone_Lymphoma,Heme,13
Heme::Mature_T_NK_Cell::Cutaneous::Primary_Cutaneous_CD8_Positive_Aggressive_Epidermotropic_Cytotoxic_T_Cell_Lymphoma,Heme,13
Molecular::Heme::Myeloid::Mastocytosis,Molecular,13
Molecular::Hereditary::Growth_Factor::RAS_MAPK_Pathway::Neurofibromatosis_Type_1_NF1,Molecular,13
Molecular::Technique::PCR::Melt_Curve_Analysis,Molecular,13
Neuro::Epilepsy::Rasmussen_Encephalitis,Neuro,13
Neuro::Infection::Mycobacterial_Abscess,Neuro,13
Neuro::Inflammation::Neurosarcoidosis,Neuro,13
Neuro::Inflammation::Other_Inflammatory_Diseases::Paraneoplastic_Disorders::Paraneoplastic_Encephalomyelitis,Neuro,13
Neuro::Non_Neoplastic::Mimic::Calcifying_Pseudoneoplasm_Of_Neuraxis,Neuro,13
Neuro::Tumor::Lesions_Of_The_Sellar_Region::Pituitary_Adenoma_Pituitary_Neuroendocrine_Tumor::Densely_Granulated_Somatotroph_Adenoma,Neuro,13
Neuro::Tumor::Pediatric_Type_Diffuse_High_Grade_Gliomas::Diffuse_Midline_Glioma_H3_K27_Altered,Neuro,13
Neuro::Tumor::Sellar::Adamantinomatous_Craniopharyngioma,Neuro,13
Neuro::Vascular::Vasculitis::Primary_Angiitis_Of_CNS,Neuro,13
Skin::Depositional_Metabolic::Xanthoma::Tendinous_Xanthoma,Skin,13
Skin::Infectious::Bacterial::Cutaneous_Bacterial_Infection_NOS,Skin,13
Skin::Inflammatory::Blistering::Linear_IgA_Disease,Skin,13
Skin::Inflammatory::Spongiotic::Irritant_Contact_Dermatitis,Skin,13
Skin::Inflammatory::Spongiotic::Nummular_Dermatitis,Skin,13
Skin::Neoplastic::Soft_Tissue::Vascular::Glomeruloid_Hemangioma,Skin,13
Skin::Traumatic::Talon_Noir,Skin,13
BST::Bone::Chondrogenic::Malignant::Chondrosarcoma_Periosteal,BST,12
BST::Bone::Depositional_Metabolic::Metabolic::Brown_Tumor,BST,12
BST::Bone::Hematolymphoid::Malignant::Solitary_Plasmacytoma,BST,12
BST::Soft_Tissue::Adipocytic::Benign::Lipomatosis_Of_Nerve,BST,12
BST::Soft_Tissue::Fibroblastic::Benign::Dermatomyofibroma,BST,12
BST::Soft_Tissue::Fibroblastic::Benign::Pleomorphic_Fibroma,BST,12
BST::Soft_Tissue::GIST_Visceral::Benign::Inflammatory_Fibroid_Polyp,BST,12
BST::Soft_Tissue::GIST_Visceral::Benign::Plexiform_Fibromyxoma,BST,12
BST::Soft_Tissue::Nerve_Sheath::Malignant::Malignant_Triton_Tumor,BST,12
Breast::Neoplastic::Epithelial::Malignant::Apocrine_Carcinoma,Breast,12
Breast::Neoplastic::Epithelial::Malignant::Secretory_Carcinoma,Breast,12
Cyto_Breast::Malignant::Carcinoma::Medullary_Carcinoma,Cyto_Breast,12
Cyto_Fluids::Malignant::Metastatic::Adenocarcinoma_Lung,Cyto_Fluids,12
Cyto_GI_Tract::Colon::Malignant::Adenocarcinoma,Cyto_GI_Tract,12
Cyto_GYN::Glandular::Carcinoma::Adenoid_Cystic_Carcinoma,Cyto_GYN,12
Cyto_Liver::Benign_Reactive::Hepatocellular::Steatosis_Fatty_Metamorphosis,Cyto_Liver,12
Cyto_Management::Ancillary_Testing::Flow_Cytometry,Cyto_Management,12
Endo::Thyroid::Neoplastic::Epithelial::Malignant::Mucoepidermoid_Carcinoma,Endo,12
Endo::Thyroid::Nonneoplastic::Depositional::Amyloid_Goiter,Endo,12
GI::Colon::Congenital_Structural::Structural::Colonic_Solitary_Rectal_Ulcer_SyndROME_Prolapse,GI,12
GI::Small_Intestine::Inflammatory::Malabsorption::Small_Intestinal_Autoimmune_Enteropathy,GI,12
GI::Small_Intestine::Normal_Histology::Normal_Anatomy,GI,12
GI::Stomach::Inflammatory::Gastritis::Gastric_Eosinophilic_Gastritis,GI,12
GU::Bladder::Glandular_Neoplasms::Urachal_Carcinoma,GU::Bladder,12
GU::Kidney::Other::Metastasis_to_the_Kidney,GU::Kidney,12
GU::Kidney::Renal_cell::ELOC_TCEB1_Mutated_Renal_Cell_Carcinoma,GU::Kidney,12
GU::Kidney::Renal_cell::Thyroid_Like_Follicular_Carcinoma_of_the_Kidney,GU::Kidney,12
GU::Penis::Other::Extramammary_Paget_Disease,GU::Penis,12
GU::Prostate::Additional_Topics::Margins,GU::Prostate,12
GU::Testis::Additional_Topics::Intersex_Syndromes,GU::Testis,12
GYN::Ovary::Neoplastic::Metastatic::Metastatic_Cervical_Carcinoma,GYN::Ovary,12
GYN::Vagina::Neoplastic::Epithelial::Precursor::Vaginal_Intraepithelial_Neoplasia_VaIN,GYN::Vagina,12
GYN::Vulva::Inflammatory::Miscellaneous::Plasmacytosis_Mucosae_Zoon,GYN::Vulva,12
HN::Ear_Temporal_Bone::Middle_Inner_Ear::Paraganglioma_Jugulotympanic,HN,12
HN::Genetics::Cowden_Syndrome,HN,12
HN::Odontogenic_Maxillofacial::Fibro_Osseous::Juvenile_Trabecular_Ossifying_Fibroma,HN,12
HN::Odontogenic_Maxillofacial::Jaw_Cyst::Nasopalatine_Duct_Cyst,HN,12
HN::Oral_Cavity::Non_Neoplastic::Multifocal_Epithelial_Hyperplasia,HN,12
HN::Salivary_Gland::Benign_Tumor::Sebaceous_Adenoma,HN,12
Molecular::Concept::Indications::Early_Cancer_Detection,Molecular,12
Molecular::Heme::Myeloid::MDS_MPN_Overlap,Molecular,12
Molecular::Hereditary::Cardiovascular::Cardiomyopathy,Molecular,12
Molecular::Hereditary::Hematology::Hemochromatosis,Molecular,12
Neuro::Cyst::Rathke_Cleft_Cyst,Neuro,12
Neuro::Infection::Subacute_Sclerosing_Panencephalitis,Neuro,12
Neuro::Infection::Toxoplasmosis,Neuro,12
Neuro::Tumor::Astrocytic_Circumscribed::Subependymal_Giant_Cell_Astrocytoma,Neuro,12
Neuro::Tumor::Choroid_Plexus::Choroid_Plexus_Carcinoma,Neuro,12
Neuro::Tumor::Diffuse_Glioma::Pediatric_Low_Grade::Diffuse_Low_Grade_Glioma_MAPK_Pathway_Altered,Neuro,12
Neuro::Tumor::Meninges::Mesenchymal::Meningioangiomatosis,Neuro,12
Neuro::Tumor::Pineal::Pineocytoma,Neuro,12
Neuro::Vascular::Venous_Angioma,Neuro,12
Skin::Congenital_Structural::Cyst::Bronchogenic_Cyst,Skin,12
Skin::Congenital_Structural::Cyst::Cutaneous_Ciliated_Cyst,Skin,12
Skin::Congenital_Structural::Hamartoma::Nevus_Sebaceus_of_Jadassohn,Skin,12
Skin::Depositional_Metabolic::Nutritional::Pellagra,Skin,12
Skin::Disorders_of_Pigmentation::Becker_Nevus,Skin,12
Skin::Infectious::Fungal::Mucormycosis,Skin,12
Skin::Inflammatory::Interface::Benign_Lichenoid_Keratosis_LPLK,Skin,12
Skin::Inflammatory::Interface::Lupus_Erythematosus_Subacute_Cutaneous_SCLE,Skin,12
Skin::Inflammatory::Neutrophilic::Transient_Neonatal_Pustular_Melanosis,Skin,12
Skin::Neoplastic::Adnexal::Carcinoma::Eccrine_Ductal_Carcinoma,Skin,12
Skin::Neoplastic::Metastatic::Bladder,Skin,12
Skin::Neoplastic::Metastatic::Rete_Testis,Skin,12
Skin::Neoplastic::Soft_Tissue::Fibrous::Dermatomyofibroma,Skin,12
Skin::Neoplastic::Soft_Tissue::Fibrous::Desmoplastic_Fibroblastoma,Skin,12
Skin::Neoplastic::Soft_Tissue::Fibrous::Fibroepithelial_Polyps_Acrochordons,Skin,12
Skin::Neoplastic::Soft_Tissue::Fibrous::Juvenile_Hyaline_Fibromatosis,Skin,12
Skin::Neoplastic::Soft_Tissue::Vascular::Progressive_Lymphangioma,Skin,12
Skin::Neoplastic::Uncertain::Cellular_Neurothekeoma,Skin,12
Skin::Syndromes::Muir_Torre_Syndrome,Skin,12
Thorax_Mediastinum::Lung::Inflammatory::Interstitial::Nonspecific_Interstitial_Pneumonia_NSIP,Thorax_Mediastinum,12
BST::Bone::Chondrogenic::Benign::Subungual_Exostosis,BST,11
BST::Soft_Tissue::Adipocytic::Intermediate::Atypical_Spindle_Cell_Pleomorphic_Lipomatous_Tumor,BST,11
BST::Soft_Tissue::GIST_Visceral::Benign::Fibroepithelial_Stromal_Polyp,BST,11
BST::Soft_Tissue::Hematolymphoid::Malignant::Lymphoma_Of_Soft_Tissue,BST,11
BST::Soft_Tissue::Mesothelial::Malignant::Malignant_Mesothelioma,BST,11
BST::Soft_Tissue::Nerve_Sheath::Malignant::Malignant_Granular_Cell_Tumor,BST,11
BST::Soft_Tissue::Vascular::Benign::Glomeruloid_Hemangioma,BST,11
Breast::Congenital_Structural::Mechanical::Mammary_Duct_Ectasia,Breast,11
Cyto_Breast::Benign::Neoplasm::Fibromatosis,Cyto_Breast,11
Cyto_Breast::Malignant::Carcinoma::Adenoid_Cystic_Carcinoma,Cyto_Breast,11
Cyto_Breast::Malignant::Carcinoma::Lobular_Carcinoma_In_Situ_LCIS,Cyto_Breast,11
Cyto_Breast::Nipple_Discharge::Ductal_Carcinoma,Cyto_Breast,11
Cyto_Fluids::Malignant::Ovarian_Primary::Mucinous_Carcinoma,Cyto_Fluids,11
Cyto_GI_Tract::Stomach::Infectious::Helicobacter_Pylori,Cyto_GI_Tract,11
Cyto_GYN::Benign_Reactive::Organisms::Cytomegalovirus_CMV,Cyto_GYN,11
Cyto_GYN::Glandular::Carcinoma::Adenocarcinoma_Endocervical_Mesonephric,Cyto_GYN,11
Cyto_GYN::Glandular::Carcinoma::Adenosquamous_Carcinoma,Cyto_GYN,11
Cyto_Heme::Benign::Normal_Lymph_Node_Cytology,Cyto_Heme,11
Cyto_Heme::Malignant::B_Cell_Large::Primary_Mediastinal_Large_B_Cell_Lymphoma,Cyto_Heme,11
Cyto_Heme::Malignant::Metastatic::Small_Round_Blue_Cell_Tumor_Neuroblastoma,Cyto_Heme,11
Cyto_Kidney::Malignant::Pediatric::Rhabdoid_Tumor_Kidney,Cyto_Kidney,11
Cyto_Mediastinum::Benign::Cyst::Bronchogenic_Cyst,Cyto_Mediastinum,11
Cyto_Pancreatobiliary::Benign_Reactive::Contaminant::Duodenal_Epithelium,Cyto_Pancreatobiliary,11
Cyto_Pancreatobiliary::Benign_Reactive::Contaminant::Gastric_Epithelium_Foveolar,Cyto_Pancreatobiliary,11
Cyto_Pancreatobiliary::Category::Suspicious_For_Malignancy,Cyto_Pancreatobiliary,11
Cyto_Pancreatobiliary::Malignant::Biliary::Cholangiocarcinoma,Cyto_Pancreatobiliary,11
Cyto_Thoracic::Benign_Reactive::Epithelial::Repair_Atypia,Cyto_Thoracic,11
Cyto_Thoracic::Benign_Reactive::Epithelial::Reserve_Cell_Hyperplasia,Cyto_Thoracic,11
Cyto_Thyroid::Malignant::Papillary::Papillary_Thyroid_Carcinoma_Cystic,Cyto_Thyroid,11
Cyto_Urinary::Malignant::Metastatic::Metastatic_Renal_Cell_Carcinoma,Cyto_Urinary,11
GI::Stomach::Gastropathy::Vascular::Gastric_Antral_Vascular_Ectasia_GAVE,GI,11
GI::Syndrome::Polyposis::Adenomatous::Familial_Adenomatous_Polyposis_APC,GI,11
GU::Bladder::Non_Neoplastic::Urachal_Remnant,GU::Bladder,11
GU::Prostate::Squamous_Neoplasms::Prostatic_Stromal_Sarcoma,GU::Prostate,11
GU::Testis::Germ_Cell_Tumors::Mixed_Teratoma_and_Yolk_Sac_Tumor_Preprubertal_Type,GU::Testis,11
GU::Testis::Germ_Cell_Tumors::Regressed_Germ_Cell_Tumor,GU::Testis,11
GU::Testis::Neuroendocrine::Carcinoid_Tumor,GU::Testis,11
GU::Testis::Non_Neoplastic::Torsion_Infarction,GU::Testis,11
GU::Testis::Paratesticular::Liposarcoma,GU::Testis,11
GYN::Cervix::Neoplastic::Epithelial::Malignant::Adenoid_Basal_Carcinoma,GYN::Cervix,11
GYN::Uterus::Neoplastic::Mesenchymal::Benign::Intravenous_Leiomyomatosis,GYN::Uterus,11
GYN::Vagina::Neoplastic::Epithelial::Malignant::Clear_Cell_Carcinoma,GYN::Vagina,11
GYN::Vulva::Infectious::Bacterial::Syphilis,GYN::Vulva,11
GYN::Vulva::Inflammatory::Miscellaneous::Behcet_Disease,GYN::Vulva,11
GYN::Vulva::Neoplastic::Mesenchymal::Benign::Cellular_Angiofibroma,GYN::Vulva,11
HN::Genetics::Familial_Adenomatous_Polyposis,HN,11
HN::Genetics::Tuberous_Sclerosis,HN,11
HN::Oropharynx::Carcinoma::Squamous_Cell_Carcinoma_HPV_Independent,HN,11
HN::Salivary_Gland::Malignant_Tumor::Carcinosarcoma,HN,11
HN::Salivary_Gland::Malignant_Tumor::Salivary_Gland_Carcinoma_NOS,HN,11
HN::Sinonasal::Carcinoma::HPV_Related_Multiphenotypic_Sinonasal_Carcinoma,HN,11
HN::Soft_Tissue::Smooth_Muscle::Angioleiomyoma,HN,11
Heme::Histiocytic_Dendritic_Cell::Plasmacytoid::Blastic_Plasmacytoid_Dendritic_Cell_Neoplasm,Heme,11
Heme::Mature_B_Cell::Large_B_Cell::Large_B_Cell_Lymphoma_With_IRF4_Rearrangement,Heme,11
Heme::Mature_B_Cell::Lymphoplasmacytic::Lymphoplasmacytic_Lymphoma,Heme,11
Heme::Myeloid_Sarcoma,Heme,11
Heme::Non_Neoplastic::Bone_Marrow::Renal_Osteodystrophy,Heme,11
Heme::Non_Neoplastic::Spleen::Lymphoid_Hyperplasia,Heme,11
Molecular::Concept::Informatics::Genomic_Databases_COSMIC_gnomAD_ClinVar,Molecular,11
Molecular::Concept::Quality::Validation_and_Verification,Molecular,11
Molecular::Concept::Variants::MSI_LOH_Clonality,Molecular,11
Neuro::Infection::Amebic_Encephalitis,Neuro,11
Neuro::Infection::Brain_Abscess,Neuro,11
Neuro::Tumor::Embryonal::CNS_Tumor_With_BCOR_Internal_Tandem_Duplication,Neuro,11
Neuro::Tumor::Ependymal::Subependymoma,Neuro,11
Neuro::Tumor::Germ_Cell::Mixed_Germ_Cell_Tumor,Neuro,11
Neuro::Tumor::Glioneuronal_Neuronal::Dysembryoplastic_Neuroepithelial_Tumor,Neuro,11
Neuro::Tumor::Glioneuronal_Neuronal::Extraventricular_Neurocytoma,Neuro,11
Neuro::Tumor::Lesions_Of_The_Sellar_Region::Pituitary_Adenoma_Pituitary_Neuroendocrine_Tumor::Plurihormonal_PIT1_Positive_Adenoma,Neuro,11
Neuro::Tumor::Melanocytic::Meningeal_Melanocytosis_And_Melanomatosis,Neuro,11
Neuro::Vascular::Cerebral_Amyloid_Pathology,Neuro,11
Skin::Disorders_of_Pigmentation::Hyperpigmentation::Melasma,Skin,11
Skin::Disorders_of_Pigmentation::Pityriasis_Alba,Skin,11
Skin::Hair_Shaft::Trichothiodystrophy,Skin,11
Skin::Infectious::Bacterial::Nocardiosis,Skin,11
Skin::Infectious::Parasitic::Tungiasis,Skin,11
Skin::Inflammatory::Alopecia::Frontal_Fibrosing_Alopecia,Skin,11
Skin::Inflammatory::Drug_Eruption::Immune_Checkpoint_Inhibitor_Reaction,Skin,11
Skin::Inflammatory::Spongiotic::Acute_Spongiotic_Dermatitis,Skin,11
Skin::Inflammatory::Spongiotic::Chronic_Spongiotic_Dermatitis_Lichen_Simplex,Skin,11
Skin::Inflammatory::Spongiotic::Dyshidrotic_Eczema_Pompholyx,Skin,11
Skin::Inflammatory::Spongiotic::Juvenile_Plantar_Dermatosis,Skin,11
Skin::Neoplastic::Hematolymphoid::Congenital_Self_Healing_Reticulohistiocytosis,Skin,11
Skin::Neoplastic::Metastatic::Esophageal,Skin,11
Skin::Neoplastic::Soft_Tissue::Fibrous::Myxofibrosarcoma,Skin,11
Skin::Neoplastic::Soft_Tissue::Neural::Neurothekeoma,Skin,11
Skin::Neoplastic::Soft_Tissue::Vascular::Acquired_Elastotic_Hemangioma,Skin,11
Skin::Neoplastic::Soft_Tissue::Vascular::Kaposiform_Hemangioendothelioma,Skin,11
Skin::Neoplastic::Soft_Tissue::Vascular::Malignant_Glomus_Tumor,Skin,11
Skin::Neoplastic::Soft_Tissue::Vascular::Unilateral_Nevoid_Telangiectasia,Skin,11
Skin::Neoplastic::Uncertain::Synovial_Sarcoma,Skin,11
BST::Bone::Osteogenic::Benign::Bone_Island_Enostosis,BST,10
BST::Bone::Osteogenic::Malignant::Osteosarcoma_High_Grade_Surface,BST,10
BST::Soft_Tissue::Congenital_Structural::Hamartoma::Glial_Heterotopia,BST,10
BST::Soft_Tissue::Congenital_Structural::Hamartoma::Neuromuscular_Choristoma,BST,10
BST::Soft_Tissue::Inflammatory::Acute_Chronic::Proliferative_Myositis,BST,10
BST::Soft_Tissue::Vascular::Benign::Anastomosing_Hemangioma,BST,10
BST::Soft_Tissue::Vascular::Benign::Microvenular_Hemangioma,BST,10
Breast::Epithelial::Salivary_Tumors::Tall_Cell_Carcinoma_with_Reversed_Polarity,Breast,10
Breast::Genetics::Syndromes::CDH1_Associated_Breast_Cancer,Breast,10
Breast::Neoplastic::Mesenchymal::Benign::Angiolipoma,Breast,10
Breast::Neoplastic::Mesenchymal::Benign::Lipoma,Breast,10
Breast::Syndromes::BRCA1_BRCA2_Associated_Syndrome,Breast,10
Cyto_GYN::Glandular::Carcinoma::Adenocarcinoma_Extrauterine,Cyto_GYN,10
Cyto_Pancreatobiliary::Benign_Reactive::Inflammatory::Chronic_Pancreatitis,Cyto_Pancreatobiliary,10
Cyto_Salivary::Malignant::Mucoepidermoid_Carcinoma_Intermediate_Grade,Cyto_Salivary,10
Cyto_Soft_Tissue::Benign::Spindle_Cell::Hemangioma,Cyto_Soft_Tissue,10
Cyto_Soft_Tissue::Malignant::Round_Cell::Ewing_Sarcoma,Cyto_Soft_Tissue,10
Cyto_Soft_Tissue::Malignant::Spindle_Cell::Angiosarcoma,Cyto_Soft_Tissue,10
Cyto_Soft_Tissue::Malignant::Spindle_Cell::Leiomyosarcoma,Cyto_Soft_Tissue,10
Cyto_Thoracic::Malignant::Neuroendocrine::Carcinoid_Tumor_Atypical,Cyto_Thoracic,10
Cyto_Thyroid::Benign_Reactive::Follicular_Adenoma_Macrofollicular,Cyto_Thyroid,10
Cyto_Urinary::Benign::Normal_Urinary_Cytology,Cyto_Urinary,10
Cyto_Urinary::Pattern::Fibrovascular_Cores,Cyto_Urinary,10
Endo::Adrenal::Congenital_Structural::Cyst::Adrenal_Cyst,Endo,10
Endo::Adrenal::Neoplastic::Epithelial_Cortical::Precursor::Primary_Pigmented_Nodular_Adrenocortical_Disease,Endo,10
Endo::Syndromes::Other::McCune_Albright_Syndrome,Endo,10
GI::Esophagus::Metaplastic::Barrett::Esophageal_Barrett_Mucosa_High_Grade_Dysplasia,GI,10
GI::Small_Intestine::Inflammatory::Acute::Small_Intestinal_Pouchitis,GI,10
GI::Small_Intestine::Inflammatory::Injury::Small_Intestinal_Drug_Induced_Enteropathy_Olmesartan,GI,10
GI::Small_Intestine::Polyp::Hamartoma::Small_Intestinal_Brunner_Gland_Hamartoma,GI,10
GU::Bladder::Mesenchymal::Rhabdomyosarcoma,GU::Bladder,10
GU::Kidney::Medical_Kidney_Disease::End_Stage_Renal_Disease,GU::Kidney,10
GU::Kidney::Mesenchymal::Clear_Cell_Sarcoma_of_the_Kidney,GU::Kidney,10
GU::Kidney::Nephroblastic_Nephrogenic::Nephrogenic_Rests,GU::Kidney,10
GU::Kidney::Non_Neoplastic::Xanthogranulomatous_Pyelonephritis,GU::Kidney,10
GU::Kidney::Renal_cell::Multilocular_Cystic_Renal_Neoplasm_of_Low_Malignant_Potential,GU::Kidney,10
GU::Penis::Mesenchymal::Kaposi_Sarcoma,GU::Penis,10
GU::Prostate::Hematolymphoid::Lymphoma_Leukemia,GU::Prostate,10
GU::Prostate::Prostatitis::Acute_Inflammation_of_the_Prostate,GU::Prostate,10
GU::Prostate::Squamous_Neoplasms::Squamous_Cell_Carcinoma_of_the_Prostate,GU::Prostate,10
GU::Syndromes::Tuberous_Sclerosis,GU::Syndromes,10
GU::Testis::Germ_Cell_Tumors::Spermatocytic_Tumor,GU::Testis,10
GU::Testis::Metastatic::Metastatic_Tumors_To_Testis,GU::Testis,10
GU::Testis::Non_Neoplastic::Cryptorchidism,GU::Testis,10
GYN::Cervix::Neoplastic::Epithelial::Malignant::Mesonephric_Adenocarcinoma_HPV_Independent,GYN::Cervix,10
GYN::Cervix::Neoplastic::Mixed::Benign::Adenomyoma_Endocervical_Type,GYN::Cervix,10
GYN::Ovary::Congenital_Structural::Mechanical::Massive_Edema_And_Fibromatosis,GYN::Ovary,10
GYN::Ovary::Neoplastic::Mesenchymal::Malignant::Low_Grade_Endometrioid_Stromal_Sarcoma,GYN::Ovary,10
GYN::Peritoneum::Neoplastic::Mesenchymal::Benign::Disseminated_Peritoneal_Leiomyomatosis,GYN::Peritoneum,10
GYN::Peritoneum::Neoplastic::Mesothelial::Benign::Well_Differentiated_Papillary_Mesothelial_Tumor,GYN::Peritoneum,10
GYN::Vulva::Neoplastic::Epithelial::Malignant::Basal_Cell_Carcinoma,GYN::Vulva,10
GYN::Vulva::Neoplastic::Mesenchymal::Benign::Prepubertal_Vulval_Fibroma,GYN::Vulva,10
HN::Ear_Temporal_Bone::External_Auditory_Canal::Exostosis,HN,10
HN::Ear_Temporal_Bone::Middle_Inner_Ear::Middle_Ear_Neuroendocrine_Tumor,HN,10
HN::Heme::Histiocytic_Dendritic::Follicular_Dendritic_Cell_Sarcoma,HN,10
HN::Salivary_Gland::Benign_Tumor::Intercalated_Duct_Hyperplasia,HN,10
HN::Salivary_Gland::Non_Neoplastic::Nodular_Oncocytic_Hyperplasia,HN,10
HN::Soft_Tissue::Fibroblastic_Myofibroblastic::Inflammatory_Myofibroblastic_Tumor,HN,10
Heme::Immune_Deficiency_Associated::Inborn_Error_Of_Immunity_Associated_Lymphoid_Proliferation,Heme,10
Heme::Infection::Syphilis,Heme,10
Heme::Infection::Toxoplasmosis,Heme,10
Heme::Mature_B_Cell::Follicular::In_Situ_Follicular_B_Cell_Neoplasm,Heme,10
Heme::Mature_T_NK_Cell::Cutaneous::Lymphomatoid_Papulosis,Heme,10
Molecular::Concept::Interpretation::Somatic_Tiered_Variant_Classification,Molecular,10
Molecular::Regulations::US::FDA_LDT_LDP_IUO_RUO,Molecular,10
Molecular::Solid::CNS::Medulloblastoma,Molecular,10
Molecular::Solid::Endocrine::Pheochromocytoma_Paraganglioma,Molecular,10
Molecular::Solid::Skin::Merkel_Cell_Carcinoma,Molecular,10
Molecular::Technique::Cytogenetics::Karyotype,Molecular,10
Neuro::Infection::Acute_Viral_Infections::Other_Herpes_Viral_Infections,Neuro,10
Neuro::Infection::Neurocysticercosis,Neuro,10
Neuro::Tumor::Astrocytic_Circumscribed::Astroblastoma_MN1_Altered,Neuro,10
Neuro::Tumor::Astrocytic_Circumscribed::Pilomyxoid_Astrocytoma,Neuro,10
Neuro::Tumor::Diffuse_Glioma::Pediatric_Low_Grade::Angiocentric_Glioma,Neuro,10
Neuro::Tumor::Ependymal::Myxopapillary_Ependymoma,Neuro,10
Neuro::Tumor::Familial_Tumor_Predisposition_Syndromes::Li_Fraumeni_Syndrome,Neuro,10
Neuro::Tumor::Germ_Cell::Germinoma,Neuro,10
Neuro::Tumor::Sellar::Papillary_Craniopharyngioma,Neuro,10
Skin::Congenital_Structural::Cyst::Eruptive_Vellus_Hair_Cyst,Skin,10
Skin::Congenital_Structural::Maturation_Keratinization::Granular_Parakeratosis,Skin,10
Skin::Depositional_Metabolic::Atrophoderma,Skin,10
Skin::Depositional_Metabolic::Embolic::Cholesterol_Emboli,Skin,10
Skin::Disorders_of_Pigmentation::Hypopigmentation::Progressive_Macular_Hypomelanosis,Skin,10
Skin::Infectious::Bacterial::Ecthyma,Skin,10
Skin::Infectious::Fungal::Tinea_Corporis,Skin,10
Skin::Inflammatory::Adnexal::Miliaria,Skin,10
Skin::Inflammatory::Panniculitis::Poststeroid_Panniculitis,Skin,10
Skin::Inflammatory::Panniculitis::Sclerema_Neonatorum,Skin,10
Skin::Inflammatory::Panniculitis::Traumatic_Panniculitis,Skin,10
Skin::Inflammatory::Vasculitis::Takayasu_Arteritis,Skin,10
Skin::Neoplastic::Adnexal::Eccrine::Cylindroma,Skin,10
Skin::Neoplastic::Adnexal::Nail::Subungual_Keratoacanthoma,Skin,10
Skin::Neoplastic::Epidermal::Malignant::Squamous_Cell_Carcinoma_Verrucous,Skin,10
Skin::Neoplastic::Hematolymphoid::Leukemia_Cutis,Skin,10
Skin::Neoplastic::Melanocytic::Benign::Nevus_of_Ota_Ito,Skin,10
Skin::Neoplastic::Soft_Tissue::Benign::Tenosynovial_Giant_Cell_Tumor,Skin,10
Skin::Neoplastic::Soft_Tissue::Fibrous::Fibrous_Hamartoma_of_Infancy,Skin,10
Skin::Neoplastic::Soft_Tissue::Fibrous::Nuchal_Type_Fibroma,Skin,10
Skin::Neoplastic::Soft_Tissue::Muscular::Congenital_Smooth_Muscle_Hamartoma,Skin,10
Skin::Neoplastic::Soft_Tissue::Muscular::Genital_Leiomyoma,Skin,10
Skin::Normal_Histology::Nail,Skin,10
Thorax_Mediastinum::Lung::Neoplastic::Epithelial::Benign::Sclerosing_Pneumocytoma,Thorax_Mediastinum,10
Thorax_Mediastinum::Lung::Neoplastic::Epithelial::Malignant::Adenocarcinoma::Invasive_Mucinous_Adenocarcinoma,Thorax_Mediastinum,10
BST::Soft_Tissue::Congenital_Structural::Cyst::Aneurysmal_Bone_Cyst_Of_Soft_Tissue,BST,9
BST::Soft_Tissue::Hematolymphoid::Benign::Extranodal_Rosai_Dorfman_Disease,BST,9
BST::Soft_Tissue::Pericytic::Malignant::Malignant_Glomus_Tumor,BST,9
BST::Soft_Tissue::Vascular::Malignant::Intimal_Sarcoma,BST,9
Breast::Epithelial::Neuroendocrine_Tumors::Neuroendocrine_Carcinoma,Breast,9
Breast::Male_Tumors::Epithelial::Carcinoma_in_Situ,Breast,9
Breast::Neoplastic::Hematolymphoid::Malignant::Diffuse_Large_B_Cell_Lymphoma,Breast,9
Cyto_Bone::Malignant::Chondrosarcoma_Conventional,Cyto_Bone,9
Cyto_Breast::Benign::Non_Neoplastic::Fibrocystic_Changes_Nonproliferative,Cyto_Breast,9
Cyto_GYN::Glandular::Carcinoma::Mucoepidermoid_Carcinoma,Cyto_GYN,9
Cyto_GYN::Malignant_Other::Malignant_Melanoma,Cyto_GYN,9
Cyto_GYN::Malignant_Other::Metastatic_Tumor_GI_Tract,Cyto_GYN,9
Cyto_Mediastinum::Category::Benign,Cyto_Mediastinum,9
Cyto_Neuro::Malignant::Metastatic::Metastatic_Carcinoma_Breast,Cyto_Neuro,9
Cyto_Pancreatobiliary::Category::Negative_For_Malignancy,Cyto_Pancreatobiliary,9
Cyto_Salivary::Malignant::Metastasis_To_Salivary_Gland_Squamous_Cell_Carcinoma,Cyto_Salivary,9
Cyto_Soft_Tissue::Benign::Leiomyoma,Cyto_Soft_Tissue,9
Cyto_Thoracic::Malignant::Carcinoma::Carcinosarcoma,Cyto_Thoracic,9
Cyto_Thoracic::Malignant::Carcinoma::NUT_Carcinoma,Cyto_Thoracic,9
Cyto_Thyroid::Malignant::Papillary::Papillary_Thyroid_Carcinoma_Diffuse_Sclerosing,Cyto_Thyroid,9
Cyto_Thyroid::Malignant::Papillary::Papillary_Thyroid_Carcinoma_Oncocytic_Warthin_Like,Cyto_Thyroid,9
Cyto_Thyroid::Pattern::Tissue_Fragment_Microfollicles,Cyto_Thyroid,9
Endo::Adrenal::Neoplastic::Neuroendocrine::Malignant::Pheochromocytoma,Endo,9
GI::Esophagus::Metaplastic::Barrett::Esophageal_Barrett_Mucosa_Low_Grade_Dysplasia,GI,9
GI::Small_Intestine::Neoplastic::Adenoma::Ampullary_Tubular_Adenoma,GI,9
GI::Stomach::Polyp::Adenoma::Gastric_Foveolar_Adenoma,GI,9
GU::Bladder::Mesenchymal::Inflammatory_Myofibroblastic_Tumor,GU::Bladder,9
GU::Kidney::Medical_Kidney_Disease::Glomerular::Immune_Complex::Lupus_Nephritis,GU::Kidney,9
GU::Kidney::Medical_Kidney_Disease::Glomerular::Proliferative::Acute_Diffuse_Intracapillary_Proliferative_Glomerulonephritis,GU::Kidney,9
GU::Prostate::Prostatitis::Chronic_Prostatitis,GU::Prostate,9
GU::Testis::Additional_Topics::Radiation_Effects,GU::Testis,9
GU::Testis::Non_Neoplastic::Epidermoid_Cyst,GU::Testis,9
GU::Testis::Other::Testicular_Tumor_of_Adrenogenital_Syndrome,GU::Testis,9
GU::Testis::Sex_Cord_Stromal_Tumors::Sertoli_Only_Syndrome,GU::Testis,9
GYN::Cervix::Congenital_Structural::Heterotopia::Endocervicosis,GYN::Cervix,9
GYN::Cervix::Neoplastic::Epithelial::Malignant::Carcinosarcoma,GYN::Cervix,9
GYN::Cervix::Neoplastic::Epithelial::Malignant::Endometrioid_Adenocarcinoma_HPV_Independent,GYN::Cervix,9
GYN::Fallopian_Tube::Congenital_Structural::Physiologic::Pseudocarcinomatous_Hyperplasia,GYN::Fallopian_Tube,9
GYN::Ovary::Congenital_Structural::Mechanical::Ovarian_Torsion,GYN::Ovary,9
GYN::Ovary::Neoplastic::Mesenchymal::Benign::Vascular_Tumors,GYN::Ovary,9
GYN::Ovary::Neoplastic::Metastatic::Metastatic_Lung_Carcinoma,GYN::Ovary,9
GYN::Peritoneum::Neoplastic::Mesenchymal::Malignant::Desmoplastic_Small_Round_Cell_Tumor,GYN::Peritoneum,9
GYN::Uterus::Neoplastic::Mixed::Intermediate::Atypical_Polypoid_Adenomyoma,GYN::Uterus,9
GYN::Uterus::Neoplastic::Sex_Cord_Stromal::Intermediate::Uterine_Tumor_Resembling_Ovarian_Sex_Cord_Tumor,GYN::Uterus,9
GYN::Uterus::Normal_Histology::Metaplasia::Endometrial_Metaplasias,GYN::Uterus,9
GYN::Vulva::Neoplastic::Epithelial::Benign::Sebaceous_Hyperplasia,GYN::Vulva,9
HN::Odontogenic_Maxillofacial::Benign_Bone_Cartilage::Desmoplastic_Fibroma,HN,9
HN::Odontogenic_Maxillofacial::Jaw_Cyst::Surgical_Ciliated_Cyst,HN,9
HN::Odontogenic_Maxillofacial::Malignant::Primary_Intraosseous_Carcinoma_NOS,HN,9
HN::Salivary_Gland::Malignant_Tumor::Lymphoepithelial_Carcinoma,HN,9
Heme::Histiocytic_Dendritic_Cell::Macrophage::Storage_Disease,Heme,9
Heme::Mature_B_Cell::Large_B_Cell::Mediastinal_Grey_Zone_Lymphoma,Heme,9
Heme::Mature_T_NK_Cell::EBV_Positive::Hydroa_Vacciniforme_Lymphoproliferative_Disorder,Heme,9
Heme::Plasma_Cell_Neoplasm::Monoclonal_Gammopathy::IgM_MGUS,Heme,9
Molecular::Concept::Basic_Science::Epigenetics_Mechanisms,Molecular,9
Molecular::Solid::Head_and_Neck::Squamous_Cell_Carcinoma,Molecular,9
Neuro::Infection::Acute_Viral_Infections::Herpes_Simplex_Virus_Infections,Neuro,9
Neuro::Tumor::Diffuse_Glioma::Pediatric_Low_Grade::Polymorphous_Low_Grade_Neuroepithelial_Tumor_of_the_Young,Neuro,9
Neuro::Tumor::Germ_Cell::Teratoma::Mature_Teratoma,Neuro,9
Neuro::Tumor::Glioneuronal_Neuronal::Central_Neurocytoma,Neuro,9
Neuro::Tumor::Glioneuronal_Neuronal::Desmoplastic_Infantile_Astrocytoma_And_Ganglioglioma,Neuro,9
Neuro::Tumor::Glioneuronal_Neuronal::Gangliocytoma,Neuro,9
Neuro::Tumor::Lesions_Of_The_Sellar_Region::Pituitary_Adenoma_Pituitary_Neuroendocrine_Tumor::Gonadotroph_Adenoma,Neuro,9
Neuro::Tumor::Lesions_Of_The_Sellar_Region::Pituitary_Carcinoma_Metastatic_PitNET,Neuro,9
Neuro::Tumor::Nerve::Malignant_Melanotic_Nerve_Sheath_Tumor,Neuro,9
Neuro::Tumor::Sellar::Pituicytoma,Neuro,9
Skin::Depositional_Metabolic::Mucinosis::Papular_Mucinosis,Skin,9
Skin::Hair_Shaft::Trichoptilosis,Skin,9
Skin::Infectious::Bacterial::Actinomycosis,Skin,9
Skin::Infectious::Viral::Verruca_Plantaris_Plantar_Wart,Skin,9
Skin::Inflammatory::Adnexal::Keratosis_Pilaris,Skin,9
Skin::Inflammatory::Blistering::Friction_Blister,Skin,9
Skin::Inflammatory::Blistering::Herpesvirus_Infection,Skin,9
Skin::Inflammatory::Granulomatous::Granulomatous_Dermatitis_of_Immunodeficiency,Skin,9
Skin::Inflammatory::Interface::Lichenoid_Actinic_Keratosis,Skin,9
Skin::Inflammatory::Reactive::Morsicatio_Mucosae_Oris,Skin,9
Skin::Neoplastic::Adnexal::Follicular::Trichoadenoma,Skin,9
Skin::Neoplastic::Epidermal::Malignant::Basal_Cell_Carcinoma_Infiltrative,Skin,9
Skin::Neoplastic::Melanocytic::Benign::Ancient_Nevus,Skin,9
Skin::Neoplastic::Melanocytic::In_Situ::Melanoma_In_Situ_Lentigo_Maligna_Type,Skin,9
Skin::Neoplastic::Soft_Tissue::Fibrous::Myxoinflammatory_Fibroblastic_Sarcoma,Skin,9
Skin::Neoplastic::Soft_Tissue::Muscular::Rhabdomyoma,Skin,9
Skin::Neoplastic::Soft_Tissue::Neural::Superficial_Malignant_Peripheral_Nerve_Sheath_Tumor,Skin,9
Skin::Neoplastic::Soft_Tissue::Vascular::Infantile_Juvenile_Hemangioma,Skin,9
Skin::Neoplastic::Uncertain::Clear_Cell_Sarcoma_Soft_Tissue,Skin,9
BST::Bone::Other::Benign::Lipoma_Of_Bone,BST,8
BST::Soft_Tissue::Adipocytic::Benign::Myolipoma_Of_Soft_Tissue,BST,8
BST::Soft_Tissue::Adipocytic::Malignant::Myxoid_Pleomorphic_Liposarcoma,BST,8
BST::Soft_Tissue::Neuroendocrine::Malignant::Melanotic_Neuroectodermal_Tumor_Of_Infancy,BST,8
BST::Soft_Tissue::Pericytic::Benign::Angioleiomyoma,BST,8
BST::Soft_Tissue::Vascular::Benign::Hemangioma_Intramuscular,BST,8
Breast::Neoplastic::Epithelial::In_Situ::Florid_Lobular_Carcinoma_In_Situ,Breast,8
Breast::Neoplastic::Hematolymphoid::Malignant::Follicular_Lymphoma,Breast,8
Cyto_Bone::Benign::Osteonecrosis,Cyto_Bone,8
Cyto_GYN::Benign_Reactive::Non_Neoplastic::Chemotherapy_Effect,Cyto_GYN,8
Cyto_GYN::Glandular::Endocervical_Adenocarcinoma_In_Situ_AIS_Endometrioid,Cyto_GYN,8
Cyto_Salivary::NonNeoplastic::Reactive::Reactive_Lymph_Node,Cyto_Salivary,8
Cyto_Salivary::Non_Neoplastic::Cyst_Lymphoepithelial_HIV_Associated,Cyto_Salivary,8
Cyto_Soft_Tissue::Benign::Pilomatrixoma,Cyto_Soft_Tissue,8
Cyto_Soft_Tissue::Benign::Spindle_Cell::Neurofibroma,Cyto_Soft_Tissue,8
Cyto_Soft_Tissue::Benign::Spindle_Cell::Proliferative_Myositis,Cyto_Soft_Tissue,8
Cyto_Soft_Tissue::Malignant::Adipocytic::Atypical_Lipomatous_Tumor_Well_Differentiated_Liposarcoma,Cyto_Soft_Tissue,8
Cyto_Soft_Tissue::Malignant::Myxoid::Chordoma,Cyto_Soft_Tissue,8
Cyto_Soft_Tissue::Malignant::Round_Cell::Desmoplastic_Small_Round_Cell_Tumor_DSRCT,Cyto_Soft_Tissue,8
Cyto_Soft_Tissue::STNUMP::Spindle_Cell::Solitary_Fibrous_Tumor,Cyto_Soft_Tissue,8
Cyto_Urinary::Benign_Reactive::Treatment_Effect::Immunotherapy_Effect_BCG,Cyto_Urinary,8
Cyto_Urinary::Category::Low_Grade_Urothelial_Neoplasm_LGUN,Cyto_Urinary,8
Cyto_Urinary::Malignant::Non_Urothelial::Melanoma_Primary,Cyto_Urinary,8
Endo::Adrenal::Neoplastic::Epithelial_Cortical::Benign::Aldosterone_Producing_Adenoma,Endo,8
Endo::Parathyroid::Inflammatory::Chronic::Chronic_Parathyroiditis,Endo,8
Endo::Parathyroid::Neoplastic::Epithelial::Benign::Parathyroid_Lipoadenoma,Endo,8
Endo::Parathyroid::Nonneoplastic::Hyperplasia::Primary_Clear_Cell_Hyperplasia,Endo,8
Endo::Thyroid::Neoplastic::Epithelial::Malignant::Intrathyroid_Thymic_Carcinoma,Endo,8
Endo::Thyroid::Neoplastic::Epithelial::Malignant::Sclerosing_Mucoepidermoid_Carcinoma_With_Eosinophilia,Endo,8
Endo::Thyroid::Neoplastic::Epithelial::Malignant::Spindle_Epithelial_Tumor_Thymus_Like_SETTLE,Endo,8
Endo::Thyroid::Neoplastic::Mesenchymal::Malignant::Angiosarcoma,Endo,8
GI::Appendix::Neoplastic::Polyp::Appendiceal_Sessile_Serrated_Lesion,GI,8
GI::Mesenchymal::Vascular::Angiosarcoma,GI,8
GI::Small_Intestine::Infectious::Bacterial::Small_Intestinal_Yersinia,GI,8
GI::Stomach::Polyp::Adenoma::Gastric_Oxyntic_Gland_Adenoma,GI,8
GU::Bladder::Non_Neoplastic::Mullerian_Lesions,GU::Bladder,8
GU::Kidney::Medical_Kidney_Disease::Glomerular::Nonproliferative::Focal_Segmental_Glomerulosclerosis,GU::Kidney,8
GU::Kidney::Medical_Kidney_Disease::Glomerular::Nonproliferative::Membranous_Nephropathy,GU::Kidney,8
GU::Kidney::Medical_Kidney_Disease::Glomerular::Nonproliferative::Minimal_Change_Disease,GU::Kidney,8
GU::Kidney::Other::Rhabdoid_Tumor_of_the_Kidney,GU::Kidney,8
GU::Testis::Germ_Cell_Tumors::Choriocarcinoma,GU::Testis,8
GU::Testis::Germ_Cell_Tumors::Mixed_Germ_Cell_Tumor,GU::Testis,8
GU::Testis::Sex_Cord_Stromal_Tumors::Tumors_in_the_Fibroma_Thecoma_Group,GU::Testis,8
GYN::Cervix::Neoplastic::Mixed::Malignant::Mullerian_Adenosarcoma,GYN::Cervix,8
GYN::Fallopian_Tube::Neoplastic::Epithelial::Benign::Metaplastic_Papillary_Tumor,GYN::Fallopian_Tube,8
GYN::Ovary::Neoplastic::Mesothelial::Malignant::Malignant_Mesothelioma,GYN::Ovary,8
GYN::Ovary::Neoplastic::Metastatic::Metastatic_Melanoma,GYN::Ovary,8
GYN::Uterus::Neoplastic::Mesothelial::Benign::Adenomatoid_Tumor,GYN::Uterus,8
GYN::Vulva::Congenital_Structural::Cyst::Bartholin_Cyst,GYN::Vulva,8
GYN::Vulva::Inflammatory::Granulomatous::Crohn_Disease,GYN::Vulva,8
HN::Ear_Temporal_Bone::Middle_Inner_Ear::Otic_Polyp,HN,8
HN::Genetics::Gorlin_Syndrome,HN,8
HN::Genetics::Neurofibromatosis_Type_1,HN,8
HN::Larynx_Hypopharynx_Trachea::Carcinoma::Spindle_Cell_Squamous_Cell_Carcinoma,HN,8
HN::Larynx_Hypopharynx_Trachea::Inflammatory::Vocal_Cord_Cyst,HN,8
HN::Soft_Tissue::Uncertain_Differentiation::Extraskeletal_Myxoid_Chondrosarcoma,HN,8
Heme::Histiocytic_Dendritic_Cell::Langerhans::Langerhans_Cell_Sarcoma,Heme,8
Heme::Histiocytic_Dendritic_Cell::Macrophage::Erdheim_Chester_Disease,Heme,8
Heme::Mature_B_Cell::Mantle_Cell::In_Situ_Mantle_Cell_Neoplasm,Heme,8
Heme::Mature_T_NK_Cell::EBV_Positive::Extranodal_NK_T_Cell_Lymphoma,Heme,8
Heme::Mature_T_NK_Cell::Hepatosplenic::Hepatosplenic_T_Cell_Lymphoma,Heme,8
Heme::Non_Neoplastic::Lymph_Node::Non_Lymphoid_Inclusions_Mesothelial,Heme,8
Molecular::Concept::Basic_Science::Replication_Transcription_Translation,Molecular,8
Molecular::Hereditary::Epigenetics_Chromatin_Remodeling::Chromatin_Remodeling_Pathway::Clear_Cell_Meningioma_Predisposition_Syndrome_SMARCE1,Molecular,8
Molecular::Hereditary::Growth_Factor::Growth_Factor_Receptors::Multiple_Endocrine_Neoplasia_Type_2_RET,Molecular,8
Molecular::Hereditary::Oxidative::Krebs_Cycle::SDH_Deficient_Tumor_Syndrome_Hereditary_PPGL_SDHA_SDHB_SDHC_SDHD_SDHAF2,Molecular,8
Molecular::Regulations::US::CLIA_Compliance,Molecular,8
Molecular::Regulations::US::HIPAA,Molecular,8
Molecular::Solid::Head_and_Neck::Salivary_Gland_Tumor,Molecular,8
Molecular::Solid::Thyroid::Follicular_Carcinoma,Molecular,8
Molecular::Technique::Emerging::Single_Cell_Analysis,Molecular,8
Neuro::Heme::Lymphoma::Immunodeficiency_Associated_CNS_Lymphoma,Neuro,8
Neuro::Heme::Lymphoma::Intravascular_Large_B_Cell_Lymphoma,Neuro,8
Neuro::Infection::Human_Immunodeficiency_Virus_Infection::HIV_Encephalitis_Leukoencephalitis,Neuro,8
Neuro::Tumor::Cysts::Endodermal_Enterogenous_Cyst,Neuro,8
Neuro::Tumor::Embryonal_Tumors::Embryonal_Tumors_With_Multilayered_Rosettes,Neuro,8
Neuro::Tumor::Glioneuronal_Neuronal::Rosette_Forming_Glioneuronal_Tumor,Neuro,8
Neuro::Tumor::Mesenchymal::Ewing_Sarcoma,Neuro,8
Neuro::Tumor::Mesenchymal_Non_Meningothelial::Cartilage::Chondrosarcoma,Neuro,8
Neuro::Tumor::Nerve::Cauda_Equina_Neuroendocrine_Tumor,Neuro,8
Neuro::Tumor::Sellar::Pituitary_Blastoma,Neuro,8
Neuro::Tumor::Sellar::Spindle_Cell_Oncocytoma,Neuro,8
Skin::Congenital_Structural::Cyst::Branchial_Cleft_Cyst,Skin,8
Skin::Congenital_Structural::Genodermatosis::Aplasia_Cutis_Congenita,Skin,8
Skin::Congenital_Structural::Genodermatosis::Hailey_Hailey_Disease_Familial_Pemphigus,Skin,8
Skin::Congenital_Structural::Hamartoma::Connective_Tissue_Nevus_Collagenoma,Skin,8
Skin::Depositional_Metabolic::Pigment::Argyria,Skin,8
Skin::Disorders_of_Pigmentation::Hyperpigmentation::Drug_Induced_Hyperpigmentation,Skin,8
Skin::Disorders_of_Pigmentation::Hyperpigmentation::Laugier_Hunziker_Syndrome,Skin,8
Skin::Infectious::Fungal::Rhinosporidiosis,Skin,8
Skin::Inflammatory::Panniculitis::Cold_Panniculitis,Skin,8
Skin::Neoplastic::Adnexal::Uncertain::Cutaneous_Lymphadenoma,Skin,8
Skin::Neoplastic::Hematolymphoid::Chronic_Lymphocytic_Leukemia_Cutaneous,Skin,8
Skin::Neoplastic::Melanocytic::Benign::Meyerson_Nevus,Skin,8
Skin::Neoplastic::Soft_Tissue::Adipocytic::Pleomorphic_Liposarcoma,Skin,8
Skin::Neoplastic::Soft_Tissue::Fibrous::Multinucleate_Cell_Angiohistiocytoma,Skin,8
Skin::Neoplastic::Soft_Tissue::Fibrous::Superficial_Acral_Fibromyxoma,Skin,8
Skin::Neoplastic::Soft_Tissue::Vascular::Composite_Hemangioendothelioma,Skin,8
Thorax_Mediastinum::Lung::Neoplastic::Histiocytic::Pulmonary_Langerhans_Cell_Histiocytosis,Thorax_Mediastinum,8
Thorax_Mediastinum::Pleura::Neoplastic::Mesothelial::Preinvasive::Mesothelioma_in_Situ,Thorax_Mediastinum,8
BST::Bone::Hematolymphoid::Intermediate::Rosai_Dorfman_Disease,BST,7
BST::Bone::Other::Benign::Simple_Bone_Cyst,BST,7
BST::Soft_Tissue::Congenital_Structural::Cyst::Ganglion_Cyst,BST,7
BST::Soft_Tissue::Nerve_Sheath::Benign::Schwannoma_Cellular,BST,7
Breast::Genetics::Syndromes::Cowden_Syndrome,Breast,7
Breast::Neoplastic::Epithelial::Malignant::Malignant_Adenomyoepithelioma,Breast,7
Breast::Neoplastic::Mesenchymal::Benign::Granular_Cell_Tumor,Breast,7
Breast::Neoplastic::Mesenchymal::Low_Grade::Angiomyxoma,Breast,7
Breast::Neoplastic::Mesenchymal::Malignant::Postradiation_Angiosarcoma,Breast,7
Cyto_Adrenal::Benign::Myelolipoma,Cyto_Adrenal,7
Cyto_Adrenal::Malignant::Neuroblastoma,Cyto_Adrenal,7
Cyto_Bone::Malignant::Ewing_Sarcoma_Bone,Cyto_Bone,7
Cyto_Derm::Malignant::Merkel_Cell_Carcinoma,Cyto_Derm,7
Cyto_Fluids::Infectious::Bacterial::Acute_Bacterial_Meningitis,Cyto_Fluids,7
Cyto_Fluids::Malignant::Metastatic::Adenocarcinoma_GI_Colorectal,Cyto_Fluids,7
Cyto_Fluids::Malignant::Metastatic::Adenocarcinoma_GI_Gastric,Cyto_Fluids,7
Cyto_Fluids::Malignant::Metastatic::Renal_Cell_Carcinoma,Cyto_Fluids,7
Cyto_GI_Tract::Stomach::Malignant::Adenocarcinoma_Intestinal_Type,Cyto_GI_Tract,7
Cyto_GI_Tract::Stomach::Malignant::Neuroendocrine_Carcinoma,Cyto_GI_Tract,7
Cyto_Head_Neck::Benign::Branchial_Cleft_Cyst,Cyto_Head_Neck,7
Cyto_Kidney::Malignant::Renal_Cell_Carcinoma::Clear_Cell_Papillary_RCC,Cyto_Kidney,7
Cyto_Liver::Benign_Reactive::Hepatocellular::Cirrhosis_Regenerative_Nodule,Cyto_Liver,7
Cyto_Mediastinum::Malignant::Thymic::Thymoma_Type_B3,Cyto_Mediastinum,7
Cyto_Neuro::Eye::Benign::Asteroid_Hyalosis,Cyto_Neuro,7
Cyto_Pancreatobiliary::Benign_Neoplasm::Lipoma,Cyto_Pancreatobiliary,7
Cyto_Pancreatobiliary::Malignant::Acinar::Pancreatoblastoma,Cyto_Pancreatobiliary,7
Cyto_Pancreatobiliary::Malignant::Adenocarcinoma::Gallbladder_Adenocarcinoma,Cyto_Pancreatobiliary,7
Cyto_Pancreatobiliary::Malignant::Ductal::Pancreatic_Ductal_Adenocarcinoma_Adenosquamous,Cyto_Pancreatobiliary,7
Cyto_Soft_Tissue::Malignant::Round_Cell::Alveolar_Rhabdomyosarcoma,Cyto_Soft_Tissue,7
Cyto_Soft_Tissue::STNUMP::Myxoid::Aggressive_Angiomyxoma,Cyto_Soft_Tissue,7
Cyto_Thoracic::Malignant::Sarcoma::Synovial_Sarcoma,Cyto_Thoracic,7
Cyto_Thyroid::Benign_Reactive::Graves_Disease_Toxic_Hyperplasia,Cyto_Thyroid,7
Cyto_Thyroid::Benign_Reactive::Subacute_Granulomatous_Thyroiditis_De_Quervain,Cyto_Thyroid,7
Cyto_Thyroid::Malignant::Metastatic::Metastasis_To_Thyroid_Melanoma,Cyto_Thyroid,7
Cyto_Thyroid::Malignant::Papillary::Papillary_Thyroid_Carcinoma_Hobnail,Cyto_Thyroid,7
Cyto_Thyroid::Pattern::Epithelial_Fragments_Nuclear_Grooves_Pseudoinclusions,Cyto_Thyroid,7
Cyto_Urinary::Benign_Reactive::Normal::Crystals_And_Casts,Cyto_Urinary,7
Cyto_Urinary::Pattern::Irregular_Nuclear_Membranes,Cyto_Urinary,7
Endo::Parathyroid::Nonneoplastic::Hyperplasia::Tertiary_Parathyroid_Hyperplasia,Endo,7
Endo::Thyroid::Neoplastic::Mesenchymal::Benign::Leiomyoma,Endo,7
GI::Esophagus::Inflammatory::Infectious::Esophageal_Cytomegalovirus_Esophagitis,GI,7
GI::Liver::Neoplastic::Mesenchymal::Hepatic_Mesenchymal_Hamartoma,GI,7
GI::Mesenchymal::Vascular::Kaposi_Sarcoma,GI,7
GI::Small_Intestine::Congenital_Structural::Malformation::Small_Intestinal_Primary_Lymphangiectasia,GI,7
GI::Small_Intestine::Neoplastic::Neuroendocrine::Ampullary_Gangliocytic_Paraganglioma,GI,7
GI::Stomach::Gastropathy::Hypertrophic::Gastric_Menetrier_Disease,GI,7
GI::Syndrome::Polyposis::Hamartomatous::Juvenile_Polyposis_Syndrome,GI,7
GU::Bladder::Congenital_Developmental::Diverticula,GU::Bladder,7
GU::Bladder::Inflammatory::Iatrogenic::BCG_Effects,GU::Bladder,7
GU::Bladder::Mesenchymal::Leiomyoma,GU::Bladder,7
GU::Bladder::Mesenchymal::Leiomyosarcoma,GU::Bladder,7
GU::Bladder::Non_Neoplastic::Pseudocarcinomatous_Hyperplasia,GU::Bladder,7
GU::Kidney::Medical_Kidney_Disease::Glomerular::Isolated_Hematuria::IgA_Nephropathy,GU::Kidney,7
GU::Kidney::Medical_Kidney_Disease::Glomerular::Nonproliferative::Diabetic_Nephropathy,GU::Kidney,7
GU::Prostate::Benign::Veromontanum_Hyperplasia,GU::Prostate,7
GU::Testis::Infertility::Karyotypic_Abnormalities,GU::Testis,7
GU::Testis::Infertility::Maturation_Arrest,GU::Testis,7
GU::Testis::Non_Neoplastic::Granulomatous_Orchitis,GU::Testis,7
GU::Testis::Non_Neoplastic::Nonneoplastic_Vascular_Pathology,GU::Testis,7
GU::Testis::Paratesticular::Malignant_Mesothelioma,GU::Testis,7
GYN::Cervix::Neoplastic::Epithelial::Malignant::Clear_Cell_Adenocarcinoma_HPV_Independent,GYN::Cervix,7
GYN::Ovary::Neoplastic::Epithelial::Malignant::Large_Cell_Neuroendocrine_Carcinoma,GYN::Ovary,7
GYN::Vagina::Congenital_Structural::Mechanical::Fallopian_Tube_Prolapse,GYN::Vagina,7
GYN::Vulva::Neoplastic::Mesenchymal::Benign::Leiomyoma,GYN::Vulva,7
HN::Nasopharynx::Carcinoma::Low_Grade_Nasopharyngeal_Papillary_Adenocarcinoma,HN,7
HN::Odontogenic_Maxillofacial::Fibro_Osseous::Psammomatoid_Ossifying_Fibroma,HN,7
HN::Odontogenic_Maxillofacial::Malignant::Sclerosing_Odontogenic_Carcinoma,HN,7
HN::Oral_Cavity::Carcinoma::Carcinoma_Cuniculatum,HN,7
HN::Oral_Cavity::Tumor_Uncertain_Histogenesis::Melanotic_Neuroectodermal_Tumor_Of_Infancy,HN,7
HN::Salivary_Gland::Benign_Tumor::Intercalated_Duct_Adenoma,HN,7
HN::Soft_Tissue::Uncertain_Differentiation::GLI1_Altered_Soft_Tissue_Tumor,HN,7
HN::Soft_Tissue::Uncertain_Differentiation::Phosphaturic_Mesenchymal_Tumor,HN,7
Heme::Mature_B_Cell::Small_Lymphocytic::Monoclonal_B_Cell_Lymphocytosis,Heme,7
Heme::Mature_B_Cell::Splenic::Splenic_B_Cell_Lymphoma_Leukemia_With_Prominent_Nucleoli,Heme,7
Heme::Mature_T_NK_Cell::Anaplastic_Large_Cell::ALK_Positive_Anaplastic_Large_Cell_Lymphoma,Heme,7
Heme::Metastasis::Metastatic_Tumor_To_Bone_Marrow,Heme,7
Heme::Non_Neoplastic::Erythrocyte::Sideroblastic_Anemia_Acquired,Heme,7
Heme::Non_Neoplastic::Platelet_Coagulation::Immune_Thrombocytopenia,Heme,7
Molecular::Concept::Biomarker::Tumor_Mutational_Burden,Molecular,7
Molecular::Concept::Ethics::Genetic_Testing_of_Children,Molecular,7
Molecular::Hereditary::Cell_cycle::RB_Pathway::Retinoblastoma_Syndrome_RB1,Molecular,7
Molecular::Hereditary::Growth_Factor::WNT_TGFbeta_Pathway::Peutz_Jeghers_Syndrome_STK11,Molecular,7
Molecular::Hereditary::Oxidative::Krebs_Cycle::Hereditary_Leiomyomatosis_and_Renal_Cell_Carcinoma_FH,Molecular,7
Molecular::Solid::CNS::Meningioma,Molecular,7
Neuro::Cyst::Colloid_Cyst,Neuro,7
Neuro::Genetic_Syndrome::Constitutional_Mismatch_Repair_Deficiency_Syndrome,Neuro,7
Neuro::Genetic_Syndrome::Neurofibromatosis_Type_1,Neuro,7
Neuro::Infection::Bacterial_Infections::Whipple_Disease,Neuro,7
Neuro::Tumor::Astrocytic_Circumscribed::Chordoid_Glioma,Neuro,7
Neuro::Tumor::Astrocytic_Circumscribed::High_Grade_Astrocytoma_With_Piloid_Features,Neuro,7
Neuro::Tumor::Cysts::Pineal_Cyst,Neuro,7
Neuro::Tumor::Diffuse_Glioma::Pediatric_High_Grade::Diffuse_Hemispheric_Glioma_H3_G34_mutant,Neuro,7
Neuro::Tumor::Glioneuronal_Neuronal::Diffuse_Leptomeningeal_Glioneuronal_Tumor,Neuro,7
Neuro::Tumor::Glioneuronal_Neuronal::Multinodular_And_Vacuolating_Neuronal_Tumor,Neuro,7
Neuro::Tumor::Pineal::Desmoplastic_Myxoid_Tumor_Of_The_Pineal_Region_SMARCB1_mutant,Neuro,7
Neuro::Vascular::Cavernous_Angioma,Neuro,7
Neuro::Vascular::Spontaneous_Hemorrhage::Spontaneous_Subdural_Hemorrhage,Neuro,7
Skin::Congenital_Structural::Cyst::Ruptured_Follicular_Cyst_Granuloma,Skin,7
Skin::Congenital_Structural::Hamartoma::Supernumerary_Digit,Skin,7
Skin::Depositional_Metabolic::Acrokeratoelastoidosis,Skin,7
Skin::Depositional_Metabolic::Calcification::Subepidermal_Calcified_Nodule,Skin,7
Skin::Depositional_Metabolic::Reaction_to_Cosmetic_Fillers,Skin,7
Skin::Depositional_Metabolic::Xanthoma::Xanthoma_Disseminatum,Skin,7
Skin::Hair_Shaft::Pili_Torti,Skin,7
Skin::Infectious::Bacterial::Malakoplakia,Skin,7
Skin::Infectious::Bacterial::Rhinoscleroma,Skin,7
Skin::Inflammatory::Blistering::Pressure_Coma_Bulla,Skin,7
Skin::Inflammatory::Degenerative::Favre_Racouchot_Syndrome,Skin,7
Skin::Inflammatory::Dermal_Sclerosing::Eosinophilic_Fasciitis_Shulman,Skin,7
Skin::Inflammatory::Dermal_Sclerosing::Scar,Skin,7
Skin::Inflammatory::Drug_Eruption::Exanthematous_Drug_Eruption,Skin,7
Skin::Inflammatory::Granulomatous::Granulomatous_Cheilitis_Melkersson_Rosenthal,Skin,7
Skin::Inflammatory::Granulomatous::Interstitial_Granulomatous_Drug_Reaction,Skin,7
Skin::Inflammatory::Lichenoid::Keratosis_Lichenoides_Chronica,Skin,7
Skin::Inflammatory::Neutrophilic::Halogenoderma,Skin,7
Skin::Inflammatory::Psoriasiform::Geographic_tongue,Skin,7
Skin::Inflammatory::Psoriasiform::Small_Plaque_Parapsoriasis,Skin,7
Skin::Inflammatory::Reactive::Pruritic_Urticarial_Papules_and_Plaques_of_Pregnancy_PUPPP,Skin,7
Skin::Inflammatory::Vasculitis::Kawasaki_Disease,Skin,7
Skin::Inflammatory::Vasculitis::Solar_Purpura,Skin,7
Skin::Neoplastic::Adnexal::Eccrine::Clear_Cell_Hidradenoma,Skin,7
Skin::Neoplastic::Adnexal::Eccrine::Eccrine_Angiomatous_Hamartoma,Skin,7
Skin::Neoplastic::Adnexal::Follicular::Desmoplastic_Trichoepithelioma,Skin,7
Skin::Neoplastic::Adnexal::Follicular::Trichilemmal_Carcinoma,Skin,7
Skin::Neoplastic::Adnexal::Nail::Onychomatricoma,Skin,7
Skin::Neoplastic::Adnexal::Nail::Onychopapilloma,Skin,7
Skin::Neoplastic::Adnexal::Nail::Subungual_Wart,Skin,7
Skin::Neoplastic::Adnexal::Uncertain::Nipple_Adenoma,Skin,7
Skin::Neoplastic::Epidermal::Benign::Dermatosis_Papulosa_Nigra,Skin,7
Skin::Neoplastic::Hematolymphoid::Indeterminate_Cell_Histiocytosis,Skin,7
Skin::Neoplastic::Hematolymphoid::Primary_Cutaneous_Peripheral_T_Cell_Lymphoma_NOS,Skin,7
Skin::Neoplastic::Melanocytic::Benign::Desmoplastic_Spitz_Nevus,Skin,7
Skin::Neoplastic::Melanocytic::Intermediate::Atypical_Spitz_Tumor,Skin,7
Skin::Neoplastic::Metastatic::Metastatic_Thyroid,Skin,7
Skin::Neoplastic::Soft_Tissue::Fibrous::Dermatofibroma_Cellular,Skin,7
Skin::Neoplastic::Soft_Tissue::Fibrous::Infantile_Digital_Fibromatosis,Skin,7
Skin::Neoplastic::Soft_Tissue::Fibrous::Inflammatory_Myofibroblastic_Tumor,Skin,7
Skin::Neoplastic::Soft_Tissue::Fibrous::Superficial_Low_Grade_Fibromyxoid_Sarcoma,Skin,7
Skin::Neoplastic::Soft_Tissue::Vascular::Atypical_Vascular_Lesion,Skin,7
Skin::Neoplastic::Soft_Tissue::Vascular::Cherry_Hemangioma,Skin,7
Skin::Neoplastic::Uncertain::Myoepithelioma_of_Soft_Tissue,Skin,7
BST::Bone::Reactive::Metabolic::Osteopetrosis,BST,6
BST::Soft_Tissue::Adipocytic::Benign::Synovial_Lipomatosis,BST,6
BST::Soft_Tissue::Fibroblastic::Benign::Calcifying_Fibrous_Tumor,BST,6
BST::Soft_Tissue::Nerve_Sheath::Benign::Schwannoma_Plexiform,BST,6
BST::Soft_Tissue::Vascular::Benign::Hemangioma_Synovial,BST,6
Breast::Congenital_Structural::Cyst::Galactocele,Breast,6
Breast::Inflammatory::Fibrosing::Lymphocytic_Mastopathy_Lobulitis,Breast,6
Breast::Mesenchymal::Vascular_Tumors::Hemangioma,Breast,6
Breast::Neoplastic::Epithelial::Benign::Collagenous_Spherulosis,Breast,6
Breast::Neoplastic::Epithelial::Benign::Tubular_Adenoma,Breast,6
Breast::Neoplastic::Mesenchymal::Intermediate::Inflammatory_Myofibroblastic_Tumor,Breast,6
Cyto_Adrenal::Benign::Adrenal_Cortical_Adenoma,Cyto_Adrenal,6
Cyto_Adrenal::Malignant::Adrenal_Cortical_Carcinoma,Cyto_Adrenal,6
Cyto_Bone::Benign::Osteomyelitis_Acute,Cyto_Bone,6
Cyto_Breast::Benign::Neoplasm::Intraductal_Papilloma,Cyto_Breast,6
Cyto_Breast::Benign::Normal_Breast_Cytology,Cyto_Breast,6
Cyto_Breast::Pattern::Proteinaceous_Background,Cyto_Breast,6
Cyto_Derm::Malignant::Malignant_Peripheral_Nerve_Sheath_Tumor_MPNST,Cyto_Derm,6
Cyto_Fluids::Benign_Reactive::Mesothelial::Collagen_Balls,Cyto_Fluids,6
Cyto_Fluids::Malignant::Heme::Leukemia_Acute,Cyto_Fluids,6
Cyto_Fluids::Malignant::Sarcoma::Rhabdomyosarcoma,Cyto_Fluids,6
Cyto_GYN::Benign_Reactive::Non_Neoplastic::Desquamative_Inflammatory_Vaginitis,Cyto_GYN,6
Cyto_GYN::Benign_Reactive::Non_Neoplastic::Squamous_Metaplasia_Immature,Cyto_GYN,6
Cyto_Head_Neck::Benign::Benign_Salivary_Gland_Neoplasm,Cyto_Head_Neck,6
Cyto_Heme::Benign_Reactive::Infectious::Bartonella_Cat_Scratch_Disease,Cyto_Heme,6
Cyto_Heme::Pattern::Hypercellular_Mixed_Dispersed_Tissue_Fragments,Cyto_Heme,6
Cyto_Mediastinum::Malignant::Thymic::Thymoma_Type_A,Cyto_Mediastinum,6
Cyto_Mediastinum::Malignant::Thymic::Thymoma_Type_B1,Cyto_Mediastinum,6
Cyto_Salivary::Malignant::Lymphoepithelial_Carcinoma,Cyto_Salivary,6
Cyto_Salivary::Malignant::Myoepithelial_Carcinoma,Cyto_Salivary,6
Cyto_Salivary::Non_Neoplastic::Lymphoepithelial_Sialadenitis_LESA,Cyto_Salivary,6
Cyto_Salivary::Non_Neoplastic::Sialadenitis_Granulomatous_Sarcoidosis,Cyto_Salivary,6
Cyto_Soft_Tissue::Benign::Epithelioid::Granular_Cell_Tumor,Cyto_Soft_Tissue,6
Cyto_Soft_Tissue::Benign::Intramuscular_Myxoma,Cyto_Soft_Tissue,6
Cyto_Soft_Tissue::Benign::Spindle_Cell::Nodular_Fasciitis,Cyto_Soft_Tissue,6
Cyto_Soft_Tissue::Malignant::Spindle_Cell::Low_Grade_Fibromyxoid_Sarcoma,Cyto_Soft_Tissue,6
Cyto_Thoracic::Benign_Reactive::Inflammatory::Pulmonary_Alveolar_Proteinosis_PAP,Cyto_Thoracic,6
Cyto_Thyroid::Malignant::Follicular::Follicular_Thyroid_Carcinoma_Minimally_Invasive,Cyto_Thyroid,6
Cyto_Thyroid::Malignant::Other::Mucoepidermoid_Carcinoma_Sclerosing,Cyto_Thyroid,6
Cyto_Thyroid::Malignant::Papillary::Papillary_Thyroid_Carcinoma_Solid_Trabecular,Cyto_Thyroid,6
Cyto_Thyroid::Other::Langerhans_Cell_Histiocytosis_Thyroid,Cyto_Thyroid,6
Cyto_Thyroid::Other::Paraganglioma_Thyroid,Cyto_Thyroid,6
Cyto_Thyroid::Pattern::Single_Cells_Epithelioid_Spindle,Cyto_Thyroid,6
Cyto_Urinary::Benign::Squamous_Cells_Contamination,Cyto_Urinary,6
Cyto_Urinary::Neoplastic::Urothelial::Papillary_Urothelial_Neoplasm_of_Low_Malignant_Potential_PUNLMP,Cyto_Urinary,6
Cyto_Urinary::Pattern::High_NC_Ratio_Hyperchromasia,Cyto_Urinary,6
Cyto_Urinary::Specimen_Type::Ileal_Conduit_Urine,Cyto_Urinary,6
Endo::Adrenal::Neoplastic::Metastatic::Metastasis_To_Adrenal,Endo,6
Endo::Syndromes::MEN::Multiple_Endocrine_Neoplasia_Type_1,Endo,6
GI::Appendix::Neoplastic::Neuroendocrine::Appendiceal_Neuroendocrine_Tumor_Well_Differentiated,GI,6
GI::Biliary::Neoplastic::Neuroendocrine::Gallbladder_Neuroendocrine_Neoplasm,GI,6
GI::Esophagus::Inflammatory::Infectious::Esophageal_Herpes_Simplex_Virus_Esophagitis,GI,6
GI::Liver::Neoplastic::Malignant::Undifferentiated_Primary_Liver_Carcinoma,GI,6
GI::Mesenchymal::Smooth_Muscle::Smooth_Muscle_Tumors,GI,6
GI::Small_Intestine::Infectious::Parasitic::Small_Intestinal_Strongyloides,GI,6
GI::Small_Intestine::Neoplastic::Adenoma::Duodenal_Non_Ampullary_Adenoma,GI,6
GI::Small_Intestine::Neoplastic::Neuroendocrine::Small_Intestinal_Neuroendocrine_Tumor_Well_Differentiated,GI,6
GI::Stomach::Gastropathy::Reactive::Gastric_Proton_Pump_Inhibitor_Effect,GI,6
GI::Stomach::Inflammatory::Gastritis::Gastric_Collagenous_Gastritis,GI,6
GI::Stomach::Neoplastic::Mesenchymal::Gastric_GIST_Spindle_And_Epithelioid,GI,6
GI::Stomach::Polyp::Reactive::Gastric_Inflammatory_Fibroid_Polyp_Vanek,GI,6
GU::Kidney::Medical_Kidney_Disease::Glomerular::Proliferative::Crescentic_Extracapillary_Proliferative_Glomerulonephritis,GU::Kidney,6
GU::Testis::Paratesticular::Well_Differentiated_Papillary_Mesothelial_Tumor,GU::Testis,6
GYN::Ovary::Inflammatory::Autoimmune::Autoimmune_Oophoritis,GYN::Ovary,6
GYN::Ovary::Neoplastic::Epithelial::Borderline::Endometrioid_Borderline_Tumor,GYN::Ovary,6
GYN::Ovary::Neoplastic::Epithelial::Malignant::Brenner_Tumor_Malignant,GYN::Ovary,6
GYN::Vulva::Inflammatory::Bullous::Bullous_Pemphigoid,GYN::Vulva,6
GYN::Vulva::Inflammatory::Dermatosis::Erythema_Multiforme,GYN::Vulva,6
GYN::Vulva::Neoplastic::Mesenchymal::Intermediate::Solitary_Fibrous_Tumor,GYN::Vulva,6
HN::Heme::Myeloid::Myeloid_Sarcoma,HN,6
HN::Heme::T_NK_Cell::Primary_Mucosal_CD30_Positive_T_Cell_Lymphoproliferative_Disorder,HN,6
HN::Salivary_Gland::Benign_Tumor::Striated_Duct_Adenoma,HN,6
HN::Salivary_Gland::Malignant_Tumor::Mucinous_Adenocarcinoma,HN,6
Heme::Histiocytic_Dendritic_Cell::Other_Dendritic::Interdigitating_Dendritic_Cell_Sarcoma,Heme,6
Heme::Mature_B_Cell::Follicular::Pediatric_Type_Follicular_Lymphoma,Heme,6
Heme::Mature_B_Cell::Large_B_Cell::High_Grade_B_Cell_Lymphoma_NOS,Heme,6
Heme::Mature_B_Cell::Splenic::Hairy_Cell_Leukemia,Heme,6
Heme::Mature_B_Cell::Splenic::Splenic_Diffuse_Red_Pulp_Small_B_Cell_Lymphoma,Heme,6
Heme::Mature_T_NK_Cell::Leukemia::T_Large_Granular_Lymphocytic_Leukemia,Heme,6
Heme::Precursor_T_Cell::Early_T_Precursor_Lymphoblastic_Leukemia_Lymphoma,Heme,6
Heme::Tumor_Like_B_Cell::IgG4_Related_Disease,Heme,6
Molecular::Infectious::Viral::CNS_Viral_Infections,Molecular,6
Molecular::Solid::Gastrointestinal::Pancreatic_Adenocarcinoma,Molecular,6
Neuro::Genetic_Syndrome::Familial_Retinoblastoma,Neuro,6
Neuro::Genetic_Syndrome::Nevoid_Basal_Cell_Carcinoma_Syndrome,Neuro,6
Neuro::Genetic_Syndrome::Rhabdoid_Tumor_Predisposition_Syndrome,Neuro,6
Neuro::Genetic_Syndrome::Tuberous_Sclerosis_Complex,Neuro,6
Neuro::Infection::Rabies_Encephalitis,Neuro,6
Neuro::Tumor::Cysts::Epidermoid_And_Dermoid_Cysts,Neuro,6
Neuro::Tumor::Diffuse_Glioma::Pediatric_High_Grade::Infant_type_Hemispheric_Glioma,Neuro,6
Neuro::Tumor::Familial_Tumor_Predisposition_Syndromes::BAP1_Tumor_Predisposition_Syndrome,Neuro,6
Neuro::Tumor::Glioneuronal_Neuronal::Dysplastic_Cerebellar_Gangliocytoma,Neuro,6
Neuro::Tumor::Glioneuronal_Neuronal::Myxoid_Glioneuronal_Tumor,Neuro,6
Neuro::Tumor::Lesions_Of_The_Sellar_Region::Pituitary_Adenoma_Pituitary_Neuroendocrine_Tumor::Thyrotroph_Adenoma,Neuro,6
Neuro::Tumor::Lesions_Of_The_Sellar_Region::Pituitary_Hyperplasia,Neuro,6
Neuro::Tumor::Melanocytic::Melanocytoma,Neuro,6
Neuro::Tumor::Mesenchymal::Intracranial_Mesenchymal_Tumor_FET_CREB_Fusion_Positive,Neuro,6
Neuro::Tumor::Nerve::Granular_Cell_Tumor,Neuro,6
Neuro::Tumor::Tumors_Of_The_Cranial_And_Paraspinal_Nerves::Plexiform_Neurofibroma,Neuro,6
Skin::Congenital_Structural::Cyst::Thyroglossal_Duct_Cyst,Skin,6
Skin::Depositional_Metabolic::Crystal::Oxalosis,Skin,6
Skin::Depositional_Metabolic::Mucinosis::Digital_Myxoid_Cyst,Skin,6
Skin::Disorders_of_Pigmentation::Hypopigmentation::Idiopathic_Guttate_Hypomelanosis,Skin,6
Skin::Infectious::Fungal::Paracoccidioidomycosis,Skin,6
Skin::Infectious::Parasitic::Demodicosis_Demodex,Skin,6
Skin::Inflammatory::Dermal_Sclerosing::Sclerodermoid_Graft_Versus_Host_Disease,Skin,6
Skin::Neoplastic::Adnexal::Apocrine::Fibroadenoma_Phyllodes_Tumor_Anogenital,Skin,6
Skin::Neoplastic::Adnexal::Apocrine::Syringocystadenocarcinoma_Papilliferum,Skin,6
Skin::Neoplastic::Epidermal::Benign::Seborrheic_Keratosis_Adenoid,Skin,6
Skin::Neoplastic::Epidermal::Benign::Squamous_Papilloma,Skin,6
Skin::Neoplastic::Epidermal::Malignant::Lymphoepithelioma_Like_Carcinoma,Skin,6
Skin::Neoplastic::Hematolymphoid::Intravascular_Large_B_Cell_Lymphoma,Skin,6
Skin::Neoplastic::Hematolymphoid::Multicentric_Reticulohistiocytosis,Skin,6
Skin::Neoplastic::Melanocytic::Malignant::Melanoma_Metastatic_To_Skin,Skin,6
Skin::Neoplastic::Metastatic::Colorectal,Skin,6
Skin::Neoplastic::Metastatic::Renal,Skin,6
Skin::Neoplastic::Soft_Tissue::Adipocytic::Lipoblastoma,Skin,6
Skin::Neoplastic::Soft_Tissue::Fibrous::Angiomatoid_Fibrous_Histiocytoma,Skin,6
Skin::Neoplastic::Soft_Tissue::Fibrous::Elastofibroma_Dorsi,Skin,6
Skin::Neoplastic::Soft_Tissue::Fibrous::Myofibroma_and_Myofibromatosis,Skin,6
Skin::Neoplastic::Soft_Tissue::Neural::Lipomatosis_of_Nerve,Skin,6
Thorax_Mediastinum::Lung::Inflammatory::Eosinophilic::Eosinophilic_Pneumonia,Thorax_Mediastinum,6
Thorax_Mediastinum::Lung::Inflammatory::Granulomatous::Sarcoidosis,Thorax_Mediastinum,6
Thorax_Mediastinum::Lung::Inflammatory::Interstitial::Desquamative_Interstitial_Pneumonia_DIP,Thorax_Mediastinum,6
Thorax_Mediastinum::Lung::Inflammatory::Vasculitis::Granulomatosis_with_Polyangiitis_GPA,Thorax_Mediastinum,6
Thorax_Mediastinum::Lung::Neoplastic::Epithelial::Salivary_Gland_Type::Adenoid_Cystic_Carcinoma,Thorax_Mediastinum,6
Thorax_Mediastinum::Lung::Neoplastic::Mesenchymal::Pulmonary_Hamartoma,Thorax_Mediastinum,6
BST::Bone::Depositional_Metabolic::Storage_Disease::Gaucher_Disease,BST,5
BST::Bone::Giant_Cell::Malignant::Malignant_Giant_Cell_Tumor_Of_Bone,BST,5
BST::Soft_Tissue::Fibroblastic::Benign::Juvenile_Hyaline_Fibromatosis,BST,5
BST::Soft_Tissue::Inflammatory::Acute_Chronic::Necrotizing_Fasciitis,BST,5
BST::Soft_Tissue::Mesothelial::Benign::Adenomatoid_Tumor,BST,5
Breast::Epithelial::Tubular_Adenoma,Breast,5
Breast::Genetics::Syndromes::Li_Fraumeni_Syndrome_CHEK2_Associated,Breast,5
Breast::Mesenchymal::Other_Mesenchymal::Pseudoangiomatous_Stromal_Hyperplasia,Breast,5
Breast::Neoplastic::Epithelial::Benign::Columnar_Cell_Hyperplasia,Breast,5
Breast::Neoplastic::Epithelial::Malignant::Myoepithelial_Carcinoma,Breast,5
Breast::Neoplastic::Mesenchymal::Malignant::Leiomyosarcoma,Breast,5
Breast::Neoplastic::Mesenchymal::Malignant::Liposarcoma,Breast,5
Cyto_Breast::Inflammatory::Mastitis_Acute,Cyto_Breast,5
Cyto_Fluids::Malignant::Metastatic::Pseudomyxoma_Peritonei_Appendiceal,Cyto_Fluids,5
Cyto_Fluids::Malignant::Ovarian_Primary::Dysgerminoma,Cyto_Fluids,5
Cyto_GI_Tract::Anal_Canal::Malignant::Squamous_Cell_Carcinoma,Cyto_GI_Tract,5
Cyto_GYN::Malignant_Other::Carcinosarcoma_MMMT,Cyto_GYN,5
Cyto_GYN::Squamous::Vaginal_Intraepithelial_Neoplasia_VaIN,Cyto_GYN,5
Cyto_Heme::Benign_Reactive::Specific::Rosai_Dorfman_Disease,Cyto_Heme,5
Cyto_Heme::Benign_Reactive::Specific::Sarcoidosis,Cyto_Heme,5
Cyto_Heme::Malignant::T_NK_Cell::Anaplastic_Large_Cell_Lymphoma_ALK_Pos,Cyto_Heme,5
Cyto_Kidney::Benign_Reactive::Renal_Abscess_Pyelonephritis,Cyto_Kidney,5
Cyto_Neuro::Malignant::Germ_Cell::Germinoma,Cyto_Neuro,5
Cyto_Neuro::Malignant::Glioma::Glioblastoma_GBM,Cyto_Neuro,5
Cyto_Neuro::Malignant::Heme::Lymphoma_Primary_CNS,Cyto_Neuro,5
Cyto_Pancreatobiliary::Malignant::Ductal::Pancreatic_Ductal_Adenocarcinoma_Colloid_Mucinous,Cyto_Pancreatobiliary,5
Cyto_Pancreatobiliary::Malignant::Metastatic::Metastasis_Renal_Cell_Carcinoma,Cyto_Pancreatobiliary,5
Cyto_Salivary::Malignant::Squamous_Cell_Carcinoma_Primary,Cyto_Salivary,5
Cyto_Salivary::Non_Neoplastic::Cyst_Branchial_Cleft,Cyto_Salivary,5
Cyto_Soft_Tissue::Benign::Chondro_Osseous::Soft_Tissue_Chondroma,Cyto_Soft_Tissue,5
Cyto_Soft_Tissue::Benign::Spindle_Cell::Elastofibroma,Cyto_Soft_Tissue,5
Cyto_Soft_Tissue::Benign::Spindle_Cell::Schwannoma,Cyto_Soft_Tissue,5
Cyto_Soft_Tissue::Malignant::Adipocytic::Pleomorphic_Liposarcoma,Cyto_Soft_Tissue,5
Cyto_Soft_Tissue::Malignant::Epithelioid::Pseudomyogenic_Hemangioendothelioma,Cyto_Soft_Tissue,5
Cyto_Soft_Tissue::Malignant::Myxoid::Myxofibrosarcoma,Cyto_Soft_Tissue,5
Cyto_Soft_Tissue::Malignant::Round_Cell::Neuroblastic_Tumors,Cyto_Soft_Tissue,5
Cyto_Thoracic::Benign_Reactive::Epithelial::Reactive_Bronchial_Cells_Creola_Bodies,Cyto_Thoracic,5
Cyto_Thoracic::Benign_Reactive::Inflammatory::Granulomatous_Inflammation_Sarcoidosis,Cyto_Thoracic,5
Cyto_Thoracic::Infectious::Bacterial::Nocardia,Cyto_Thoracic,5
Cyto_Thoracic::Malignant::Carcinoma::Adenocarcinoma_Lung_Enteric,Cyto_Thoracic,5
Cyto_Thyroid::Malignant::Hurthle_Cell::Hurthle_Cell_Carcinoma,Cyto_Thyroid,5
Cyto_Thyroid::Malignant::Papillary::Papillary_Thyroid_Carcinoma_Columnar_Cell,Cyto_Thyroid,5
Cyto_Thyroid::Malignant::Papillary::Papillary_Thyroid_Carcinoma_Cribriform_Morular,Cyto_Thyroid,5
Cyto_Thyroid::Malignant::Papillary::Papillary_Thyroid_Carcinoma_Follicular_Variant,Cyto_Thyroid,5
Cyto_Urinary::Benign_Reactive::Normal::Renal_Tubular_Cells,Cyto_Urinary,5
Cyto_Urinary::Specimen_Type::Bladder_Washing,Cyto_Urinary,5
Cyto_Urinary::Specimen_Type::Catheterized_Urine,Cyto_Urinary,5
Endo::Adrenal::Congenital_Structural::Malformation::Adrenal_Heterotopia,Endo,5
Endo::Parathyroid::Neoplastic::Epithelial::Uncertain_Potential::Atypical_Parathyroid_Tumor,Endo,5
Endo::Parathyroid::Neoplastic::Metastatic::Metastasis_To_Parathyroid,Endo,5
Endo::Thyroid::Neoplastic::Mesenchymal::Benign::Solitary_Fibrous_Tumor,Endo,5
GI::Appendix::Neoplastic::Mucinous::Appendiceal_Low_Grade_Mucinous_Neoplasm_LAMN,GI,5
GI::Colon::Neoplastic::Neuroendocrine::Colorectal_Neuroendocrine_Neoplasms_Overview,GI,5
GI::Mesenchymal::Miscellaneous::Synovial_Sarcoma,GI,5
GI::Mesenchymal::Neural::Perineurioma,GI,5
GI::Pancreas::Neoplastic::Cystic::Pancreatic_Intraductal_Oncocytic_Papillary_Neoplasm_IOPN,GI,5
GI::Pancreas::Neoplastic::Neuroendocrine::Pancreatic_Neuroendocrine_Carcinoma,GI,5
GI::Small_Intestine::Infectious::Bacterial::Small_Intestinal_Mycobacterium_Avium_Complex,GI,5
GI::Stomach::Neoplastic::Carcinoma::Gastric_Adenosquamous_Carcinoma,GI,5
GI::Stomach::Normal_Histology::Normal_Anatomy,GI,5
GI::Stomach::Polyp::Hamartoma::Gastric_Peutz_Jeghers_Type_Polyp,GI,5
GU::Kidney::Non_Neoplastic::Renal_Malakoplakia,GU::Kidney,5
GU::Kidney::Renal_cell::ALK_Rearranged_Renal_Cell_Carcinoma,GU::Kidney,5
GU::Kidney::Renal_cell::SDH_Deficient_Renal_Cell_Carcinoma,GU::Kidney,5
GU::Penis::Non_Neoplastic::Lipogranuloma,GU::Penis,5
GU::Testis::Infertility::Duct_Obstruction_Vasitis_Nodosum,GU::Testis,5
GU::Testis::Paratesticular::Rhabdomyosarcoma,GU::Testis,5
GYN::Ovary::Congenital_Structural::Cyst::Large_Solitary_Luteinized_Follicle_Cyst,GYN::Ovary,5
GYN::Ovary::Congenital_Structural::Physiologic::Pregnancy_Luteoma,GYN::Ovary,5
GYN::Peritoneum::Neoplastic::Mesenchymal::Intermediate::Solitary_Fibrous_Tumor,GYN::Peritoneum,5
GYN::Uterus::Neoplastic::Mesenchymal::Intermediate::Smooth_Muscle_Tumor_Uncertain_Potential,GYN::Uterus,5
GYN::Vagina::Congenital_Structural::Cyst::Vaginal_Cysts,GYN::Vagina,5
GYN::Vagina::Inflammatory::Chronic::Ligneous_Vaginitis,GYN::Vagina,5
GYN::Vagina::Inflammatory::Granulomatous::Malakoplakia,GYN::Vagina,5
GYN::Vulva::Inflammatory::Dermatosis::Allergic_Contact_Dermatitis,GYN::Vulva,5
GYN::Vulva::Neoplastic::Melanocytic::Benign::Mucosal_Melanotic_Macule,GYN::Vulva,5
GYN::Vulva::Normal_Histology::Heterotopia::Endometriosis,GYN::Vulva,5
HN::Ear_Temporal_Bone::Middle_Inner_Ear::Middle_Ear_Adenocarcinoma,HN,5
HN::Genetics::Brooke_Spiegler_Syndrome,HN,5
HN::Odontogenic_Maxillofacial::Benign_Mixed::Primordial_Odontogenic_Tumor,HN,5
HN::Odontogenic_Maxillofacial::Jaw_Cyst::Orthokeratinized_Odontogenic_Cyst,HN,5
HN::Salivary_Gland::Benign_Tumor::Keratocystoma,HN,5
HN::Salivary_Gland::Benign_Tumor::Sialolipoma,HN,5
HN::Sinonasal::Papilloma::Sinonasal_Papilloma_Exophytic,HN,5
Heme::Mature_B_Cell::Follicular::Primary_Cutaneous_Follicle_Center_Lymphoma,Heme,5
Heme::Mature_B_Cell::Large_B_Cell::EBV_Positive_Diffuse_Large_B_Cell_Lymphoma,Heme,5
Heme::Mature_B_Cell::Large_B_Cell::Intravascular_Large_B_Cell_Lymphoma,Heme,5
Heme::Mature_T_NK_Cell::Leukemia::T_Prolymphocytic_Leukemia,Heme,5
Heme::Myeloproliferative_Neoplasm::Chronic_Myeloid_Leukemia,Heme,5
Heme::Non_Neoplastic::Bone_Marrow::Paget_Disease,Heme,5
Heme::Non_Neoplastic::Erythrocyte::Diamond_Blackfan_Anemia,Heme,5
Molecular::Concept::Indications::Diagnostic_Testing,Molecular,5
Molecular::Hereditary::Metabolic::Cystic_Fibrosis,Molecular,5
Molecular::Solid::Gastrointestinal::Cholangiocarcinoma,Molecular,5
Neuro::Cyst::Ependymal_Cyst,Neuro,5
Neuro::Genetic_Syndrome::Neurofibromatosis_Type_2,Neuro,5
Neuro::Genetic_Syndrome::Von_Hippel_Lindau_Syndrome,Neuro,5
Neuro::Heme::Lymphoma::Lymphomatoid_Granulomatosis,Neuro,5
Neuro::Infection::CMV_Encephalitis,Neuro,5
Neuro::Non_Neoplastic::Development::Dysgenetic_Syndromes::Schwannomatosis,Neuro,5
Neuro::Non_Neoplastic::Malformation::Hypothalamic_Hamartoma,Neuro,5
Neuro::Tumor::Ependymal::Ependymoma::Clear_Cell_Ependymoma,Neuro,5
Neuro::Tumor::Ependymal::Ependymoma::Tanycytic_Ependymoma,Neuro,5
Neuro::Tumor::Glioneuronal_Neuronal::Diffuse_Glioneuronal_Tumor_With_Oligodendroglioma_like_Features_And_Nuclear_Clusters,Neuro,5
Neuro::Tumor::Mesenchymal_Non_Meningothelial::Bone::Osteosarcoma,Neuro,5
Neuro::Tumor::Mesenchymal_Non_Meningothelial::Inflammatory_Myofibroblastic_Tumor,Neuro,5
Neuro::Tumor::Nerve::Hybrid_Nerve_Sheath_Tumor,Neuro,5
Skin::Congenital_Structural::Cyst::Hybrid,Skin,5
Skin::Congenital_Structural::Cyst::Thymic_Cyst,Skin,5
Skin::Congenital_Structural::Genodermatosis::Genodermatosis_Overview_NOS,Skin,5
Skin::Congenital_Structural::Genodermatosis::Incontinentia_Pigmenti_Achromians,Skin,5
Skin::Depositional_Metabolic::Nutritional::Scurvy,Skin,5
Skin::Depositional_Metabolic::Pigment::Drug_Induced_Pigmentation,Skin,5
Skin::Hair_Shaft::Trichorrhexis_Nodosa,Skin,5
Skin::Infectious::Fungal::Cryptococcosis_Cutaneous,Skin,5
Skin::Infectious::Parasitic::Scabies_Sarcoptes_Scabiei,Skin,5
Skin::Infectious::Viral::COVID_19_Cutaneous_Manifestations,Skin,5
Skin::Inflammatory::Adnexal::Chloracne,Skin,5
Skin::Inflammatory::Drug_Eruption::Lymphomatoid_Drug_Eruption,Skin,5
Skin::Inflammatory::Interface::Interface_Dermatitis_HIV,Skin,5
Skin::Inflammatory::Photosensitivity::Chronic_Actinic_Dermatitis,Skin,5
Skin::Inflammatory::Psoriasiform::Biologic_induced_psoriasiform_dermatitis,Skin,5
Skin::Inflammatory::Spongiotic::Id_Reaction_Autoeczematization,Skin,5
Skin::Inflammatory::Vasculitis::Rheumatoid_Vasculitis,Skin,5
Skin::Neoplastic::Adnexal::Eccrine::Syringofibroadenoma_of_Mascaro,Skin,5
Skin::Neoplastic::Adnexal::Nail::Ungual_Fibrokeratoma,Skin,5
Skin::Neoplastic::Epidermal::Benign::Epidermolytic_Acanthoma,Skin,5
Skin::Neoplastic::Epidermal::Benign::Large_Cell_Acanthoma,Skin,5
Skin::Neoplastic::Epidermal::Benign::Lichen_Planus_Like_Keratosis,Skin,5
Skin::Neoplastic::Epidermal::Malignant::Squamous_Cell_Carcinoma_Clear_Cell,Skin,5
Skin::Neoplastic::Hematolymphoid::Extramedullary_Hematopoiesis,Skin,5
Skin::Neoplastic::Hematolymphoid::Granulomatous_Slack_Skin,Skin,5
Skin::Neoplastic::Hematolymphoid::T_Prolymphocytic_Leukemia_Cutaneous,Skin,5
Skin::Neoplastic::Melanocytic::Benign::Unna_Nevus,Skin,5
Skin::Neoplastic::Melanocytic::Malignant::Melanoma_Spitzoid,Skin,5
Skin::Neoplastic::Metastatic::Metastatic_Lung_Carcinoma,Skin,5
Skin::Neoplastic::Soft_Tissue::Fibrous::Cutaneous_Acral_Fibromyxoma,Skin,5
Skin::Neoplastic::Soft_Tissue::Neural::Dermal_Nerve_Sheath_Myxoma,Skin,5
Skin::Neoplastic::Soft_Tissue::Neural::Ectopic_Meningioma,Skin,5
Skin::Neoplastic::Soft_Tissue::Vascular::Cutaneous_Epithelioid_Angiomatous_Nodule,Skin,5
Thorax_Mediastinum::Lung::Inflammatory::Lymphocytic::Lymphoid_Interstitial_Pneumonia_LIP,Thorax_Mediastinum,5
Thorax_Mediastinum::Lung::Inflammatory::Obstructive::Emphysema,Thorax_Mediastinum,5
Thorax_Mediastinum::Lung::Inflammatory::Vascular::Pulmonary_Hypertension,Thorax_Mediastinum,5
BST::Bone::Congenital_Structural::Malformation::Melorheostosis,BST,4
BST::Soft_Tissue::Adipocytic::Benign::Myelolipoma,BST,4
BST::Soft_Tissue::Depositional_Metabolic::Deposition::Crystal_Storing_Histiocytosis,BST,4
BST::Soft_Tissue::Fibroblastic::Benign::Sclerotic_Fibroma,BST,4
BST::Soft_Tissue::Fibroblastic::Malignant::Solitary_Fibrous_Tumor_Malignant,BST,4
BST::Soft_Tissue::Smooth_Muscle::Malignant::Inflammatory_Leiomyosarcoma,BST,4
BST::Syndromes::Predisposition::Skeletal::McCune_Albright_Syndrome,BST,4
Breast::Congenital_Structural::Mechanical::Implant_Pathology_NOS,Breast,4
Breast::Epithelial::Radial_Scar_complex_sclerosing_lesion,Breast,4
Breast::Epithelial::Salivary_Tumors::Polymorphous_Adenocarcinoma,Breast,4
Breast::Genetics::Syndromes::Neurofibromatosis_Type_1,Breast,4
Breast::Inflammatory::Foreign_Body::Silicone_Mastitis,Breast,4
Breast::Neoplastic::Epithelial::Benign::Apocrine_Adenosis,Breast,4
Breast::Neoplastic::Epithelial::Benign::Lactating_Adenoma,Breast,4
Breast::Neoplastic::Epithelial::Malignant::Tubulolobular_Carcinoma,Breast,4
Breast::Neoplastic::Mesenchymal::Benign::Angiomatosis,Breast,4
Cyto_Breast::Benign::Non_Neoplastic::Gynecomastia,Cyto_Breast,4
Cyto_Breast::Inflammatory::Radiation_Changes,Cyto_Breast,4
Cyto_Breast::Pattern::Small_Cohesive_Fragments_Bipolar_Nuclei,Cyto_Breast,4
Cyto_Derm::Malignant::Cutaneous_Lymphoma,Cyto_Derm,4
Cyto_Fluids::Infectious::Viral::Herpes_Simplex_Virus_HSV,Cyto_Fluids,4
Cyto_Fluids::Malignant::Metastatic::Adenocarcinoma_Breast_Ductal,Cyto_Fluids,4
Cyto_Fluids::Pattern::Single_Cell_Population,Cyto_Fluids,4
Cyto_GI_Tract::Esophagus::Malignant::Small_Cell_Neuroendocrine_Carcinoma,Cyto_GI_Tract,4
Cyto_GYN::Benign_Reactive::Organisms::Candida_Glabrata_Torulopsis,Cyto_GYN,4
Cyto_GYN::Squamous::Keratinizing_Dysplasia,Cyto_GYN,4
Cyto_Heme::Malignant::Thymic::Thymoma,Cyto_Heme,4
Cyto_Kidney::Benign_Neoplasm::Angiomyolipoma_Classic,Cyto_Kidney,4
Cyto_Mediastinum::Benign::Cyst::Thymic_Cyst,Cyto_Mediastinum,4
Cyto_Mediastinum::Malignant::Lymphoid::T_Lymphoblastic_Lymphoma,Cyto_Mediastinum,4
Cyto_Mediastinum::Pattern::Necrosis,Cyto_Mediastinum,4
Cyto_Neuro::Malignant::Glioma::Ependymoma,Cyto_Neuro,4
Cyto_Neuro::Malignant::Heme::Leukemia_Acute_Lymphoblastic_ALL,Cyto_Neuro,4
Cyto_Salivary::Malignant::Metastasis_To_Salivary_Gland_Melanoma,Cyto_Salivary,4
Cyto_Salivary::Malignant::Small_Cell_Carcinoma_Primary,Cyto_Salivary,4
Cyto_Soft_Tissue::STNUMP::Spindle_Cell::PEComa,Cyto_Soft_Tissue,4
Cyto_Thoracic::Benign_Reactive::Inflammatory::Organizing_Pneumonia,Cyto_Thoracic,4
Cyto_Thoracic::Malignant::Sarcoma::Thoracic_SMARCA4_Deficient_Undifferentiated_Tumor,Cyto_Thoracic,4
Cyto_Thyroid::Malignant::Follicular::Follicular_Thyroid_Carcinoma_Widely_Invasive,Cyto_Thyroid,4
Cyto_Thyroid::Malignant::Lymphoma::Lymphoma_Thyroid_MALT,Cyto_Thyroid,4
Cyto_Thyroid::Malignant::Other::Carcinoma_Showing_Thymus_Like_Differentiation_CASTLE,Cyto_Thyroid,4
Cyto_Thyroid::Malignant::Papillary::Papillary_Thyroid_Carcinoma_Macrofollicular,Cyto_Thyroid,4
Cyto_Urinary::Benign_Reactive::Treatment_Effect::Chemotherapy_Effect_Cyclophosphamide,Cyto_Urinary,4
Endo::Skin::Neoplastic::Neuroendocrine::Malignant::Merkel_Cell_Carcinoma,Endo,4
Endo::Syndromes::Other::Carney_Complex,Endo,4
Endo::Syndromes::Other::Von_Hippel_Lindau_Syndrome,Endo,4
Endo::Thyroid::Inflammatory::Fibrosing::IgG4_Related_Thyroid_Disease,Endo,4
Endo::Thyroid::Nonneoplastic::Reactive::Pigments_And_Crystals,Endo,4
Eye_Orbit::Soft_Tissue::Uncertain_Derivation::Alveolar_Soft_Part_Sarcoma,Eye_Orbit,4
GI::Appendix::Inflammatory::Chronic_Granulomatous::Appendiceal_Granulomatous_Appendicitis_NOS,GI,4
GI::Appendix::Neoplastic::Polyp::Appendiceal_Hyperplastic_Polyp,GI,4
GI::Esophagus::Heterotopia::Esophageal_Sebaceous_Heterotopia,GI,4
GI::Esophagus::Neoplastic::Carcinoma::Esophageal_Undifferentiated_Carcinoma,GI,4
GI::Hematolymphoid::Reactive::EBV_Positive_Mucocutaneous_Ulcer,GI,4
GI::Liver::Neoplastic::Neuroendocrine::Hepatic_Neuroendocrine_Neoplasm,GI,4
GI::Mesenchymal::Adipocytic::Liposarcoma,GI,4
GI::Pancreas::Neoplastic::Neuroendocrine::Pancreatic_MiNEN_Mixed_Neuroendocrine_Nonneuroendocrine_Neoplasm,GI,4
GI::Pancreas::Neoplastic::Neuroendocrine::Pancreatic_NET::Gastrinoma,GI,4
GI::Small_Intestine::Congenital_Structural::Structural::Small_Intestinal_Meckel_Diverticulum,GI,4
GI::Syndrome::Polyposis::Adenomatous::MUTYH_Associated_Polyposis_MUTYH,GI,4
GU::Bladder::Infectious::Schistosomiasis,GU::Bladder,4
GU::Kidney::Infectious::Renal_Tuberculosis,GU::Kidney,4
GU::Kidney::Medical_Kidney_Disease::Tubulointerstitial::Interstitial_Nephritis,GU::Kidney,4
GU::Prostate::Benign::Xanthoma,GU::Prostate,4
GU::Prostate::Inflammatory::Amyloid,GU::Prostate,4
GYN::Cervix::Congenital_Structural::Cyst::Nabothian_Cyst,GYN::Cervix,4
GYN::Cervix::Neoplastic::Epithelial::Malignant::HPV_Associated_Adenosquamous_Carcinoma,GYN::Cervix,4
GYN::Fallopian_Tube::Neoplastic::Mesothelial::Benign::Adenomatoid_Tumor,GYN::Fallopian_Tube,4
GYN::Ovary::Neoplastic::Epithelial::Benign::Endometrioid_Tumor_Benign,GYN::Ovary,4
GYN::Uterus::Neoplastic::Miscellaneous::Malignant::Wilms_Tumor,GYN::Uterus,4
GYN::Vulva::Infectious::Parasitic::Scabetic_Infestations,GYN::Vulva,4
GYN::Vulva::Inflammatory::Acute::Hidradenitis_Suppurativa,GYN::Vulva,4
GYN::Vulva::Neoplastic::Mesenchymal::Benign::Superficial_Angiomyxoma,GYN::Vulva,4
HN::Ear_Temporal_Bone::External_Auditory_Canal::Cystic_Chondromalacia,HN,4
HN::Ear_Temporal_Bone::Middle_Inner_Ear::Middle_Ear_Squamous_Cell_Carcinoma,HN,4
HN::Neck_Lymph_Node::Tumor::Branchioma,HN,4
HN::Neuroendocrine_Paraganglioma::Neuroendocrine_Tumor::Ectopic_Pituitary_Adenoma,HN,4
HN::Odontogenic_Maxillofacial::Benign_Bone_Cartilage::Chondromyxoid_Fibroma,HN,4
HN::Odontogenic_Maxillofacial::Fibro_Osseous::Familial_Gigantiform_Cementoma,HN,4
HN::Odontogenic_Maxillofacial::Fibro_Osseous::Segmental_Odontomaxillary_Dysplasia,HN,4
HN::Odontogenic_Maxillofacial::Malignant::Odontogenic_Sarcoma,HN,4
HN::Salivary_Gland::Malignant_Tumor::Sclerosing_Microcystic_Adenocarcinoma,HN,4
HN::Sinonasal::Hamartoma::Seromucinous_Hamartoma,HN,4
Heme::Mature_B_Cell::Large_B_Cell::Lymphomatoid_Granulomatosis,Heme,4
Heme::Mature_B_Cell::Large_B_Cell::Primary_Cutaneous_Diffuse_Large_B_Cell_Lymphoma_Leg_Type,Heme,4
Heme::Non_Neoplastic::Erythrocyte::Hereditary_Spherocytosis,Heme,4
Heme::Non_Neoplastic::Lymph_Node::Dermatopathic_Lymphadenopathy,Heme,4
Heme::Tumor_Like_T_Cell::Autoimmune_Lymphoproliferative_Syndrome,Heme,4
Molecular::Concept::Preanalytic::Fixation_FFPE_Stability,Molecular,4
Molecular::Concept::Therapy::Gene_Modifying_CFTR_DMD_SMA,Molecular,4
Molecular::Heme::Myeloid::Eosinophilia_PDGFRA_B,Molecular,4
Molecular::Hereditary::Cell_cycle::RB_Pathway::Multiple_Endocrine_Neoplasia_Type_4_CDKN1B,Molecular,4
Molecular::Hereditary::DNA_Repair::Base_Excision_Repair::MBD4_Associated_Neoplasia_Syndrome_MBD4,Molecular,4
Molecular::Hereditary::DNA_Repair::Mismatch_Repair::Constitutional_Mismatch_Repair_Deficiency_CMMRD_MLH1_PMS2_MSH2_MSH6,Molecular,4
Molecular::Hereditary::Epigenetics_Chromatin_Remodeling::Chromatin_Remodeling_Pathway::Rhabdoid_Tumor_Predisposition_Syndrome_SMARCB1_SMARCA4,Molecular,4
Molecular::Hereditary::Epigenetics_Chromatin_Remodeling::Histone_and_DNA_Methylation::Enchondromatosis_IDH1_IDH2,Molecular,4
Molecular::Hereditary::Growth_Factor::Growth_Factor_Receptors::Hereditary_Neuroblastoma_ALK_PHOX2B,Molecular,4
Molecular::Hereditary::Growth_Factor::RAS_MAPK_Pathway::NF2_Related_Schwannomatosis_NF2,Molecular,4
Molecular::Hereditary::Growth_Factor::WNT_TGFbeta_Pathway::Hereditary_Gastric_and_Breast_Cancer_Syndrome_CDH1_CTNNA1,Molecular,4
Molecular::Hereditary::Growth_Factor::mTOR_and_PI3K_Pathway::PTEN_Hamartoma_Tumor_Syndrome_PTEN,Molecular,4
Molecular::Infectious::Concept::Molecular_Epidemiology,Molecular,4
Molecular::Solid::Colorectal::Lynch_Syndrome_Tumor,Molecular,4
Molecular::Technique::Electrophoresis::Capillary_Electrophoresis,Molecular,4
Molecular::Technique::Enzymatic::Restriction_Enzyme_Digestion,Molecular,4
Molecular::Technique::Identity::Chimerism_Analysis,Molecular,4
Molecular::Technique::Identity::Forensic_Applications,Molecular,4
Neuro::Concept::IHC::GFAP,Neuro,4
Neuro::Cyst::Arachnoid_Cyst,Neuro,4
Neuro::Heme::Lymphoma::Lymphomatosis_Cerebri,Neuro,4
Neuro::Infection::Acute_Viral_Infections::West_Nile_Encephalitis,Neuro,4
Neuro::Tumor::Diffuse_Glioma::Gliomatosis_Cerebri,Neuro,4
Neuro::Tumor::Embryonal::CNS_Neuroblastoma_FOXR2_activated,Neuro,4
Neuro::Tumor::Ependymal::Supratentorial_Ependymoma,Neuro,4
Neuro::Tumor::Glioneuronal_Neuronal::Papillary_Glioneuronal_Tumor,Neuro,4
Neuro::Tumor::Lesions_Of_The_Sellar_Region::Pituitary_Adenoma_Pituitary_Neuroendocrine_Tumor::Null_Cell_Adenoma,Neuro,4
Neuro::Tumor::MesenchymalTumors::Hemangioma,Neuro,4
Neuro::Tumor::Metastatic::Meningeal_Carcinomatosis,Neuro,4
Neuro::Tumor::Metastatic::Metastases_To_The_Meninges,Neuro,4
Neuro::Tumor::Pineal::Papillary_Tumor_Of_The_Pineal_Region,Neuro,4
Neuro::Tumor::Pineal::Pineal_Parenchymal_Tumor_Of_Intermediate_Differentiation,Neuro,4
Skin::Inflammatory::Adnexal::Dissecting_Cellulitis_Scalp,Skin,4
Skin::Inflammatory::Alopecia::Traction_Alopecia,Skin,4
Skin::Inflammatory::Blistering::Bullous_Lichen_Sclerosus,Skin,4
Skin::Inflammatory::Dermal_Sclerosing::Keloid,Skin,4
Skin::Inflammatory::Psoriasiform::Dyshidrotic_dermatitis,Skin,4
Skin::Inflammatory::Vasculitis::Cryoglobulinemic_Vasculitis,Skin,4
Skin::Inflammatory::Vasculitis::Microscopic_Polyangiitis,Skin,4
Skin::Inflammatory::Vasculitis::Thromboangiitis_Obliterans_Buerger,Skin,4
Skin::Neoplastic::Adnexal::Eccrine::Cutaneous_Mixed_Tumor,Skin,4
Skin::Neoplastic::Adnexal::Eccrine::Malignant_Mixed_Tumor,Skin,4
Skin::Neoplastic::Adnexal::Eccrine::Papillary_Eccrine_Adenoma,Skin,4
Skin::Neoplastic::Adnexal::Eccrine::Secretory_Carcinoma,Skin,4
Skin::Neoplastic::Adnexal::Follicular::Basaloid_Follicular_Hamartoma,Skin,4
Skin::Neoplastic::Adnexal::Follicular::Trichoblastic_Carcinoma,Skin,4
Skin::Neoplastic::Epidermal::Malignant::Basosquamous_Carcinoma,Skin,4
Skin::Neoplastic::Melanocytic::Benign::Nevus_Spilus,Skin,4
Skin::Neoplastic::Melanocytic::Malignant::Pigmented_Epithelioid_Melanocytoma_Animal_Type,Skin,4
Skin::Neoplastic::Metastatic::Metastases_to_skin,Skin,4
Skin::Neoplastic::Metastatic::Metastatic_Skin_Tumors_Overview,Skin,4
Skin::Neoplastic::Soft_Tissue::Adipocytic::Chondroid_Lipoma,Skin,4
Skin::Neoplastic::Soft_Tissue::Fibrous::Aneurysmal_Fibrous_Histiocytoma,Skin,4
Skin::Neoplastic::Soft_Tissue::Fibrous::Calcifying_Aponeurotic_Fibroma,Skin,4
Skin::Neoplastic::Soft_Tissue::Malignant::Rhabdomyosarcoma,Skin,4
Thorax_Mediastinum::Lung::Inflammatory::Airways::Respiratory_Bronchiolitis,Thorax_Mediastinum,4
BST::Bone::Chondrogenic::Benign::Osteochondromyxoma,BST,3
BST::Soft_Tissue::Nerve_Sheath::Benign::Hybrid_Nerve_Sheath_Tumor,BST,3
BST::Soft_Tissue::Nerve_Sheath::Malignant::Malignant_Melanotic_Nerve_Sheath_Tumor,BST,3
BST::Soft_Tissue::Skeletal_Muscle::Malignant::Ectomesenchymoma,BST,3
BST::Soft_Tissue::Vascular::Benign::Hemangioma_Arteriovenous,BST,3
Breast::Epithelial::Ductal_Adenoma,Breast,3
Breast::Epithelial::Ductal_Carcinoma::Cribriform_Carcinoma,Breast,3
Breast::Epithelial::Ductal_Carcinoma::Tubular_Carcinoma,Breast,3
Breast::Epithelial::Lactating_Adenoma,Breast,3
Breast::Epithelial::Microglandular_Adenosis,Breast,3
Breast::Epithelial::Salivary_Tumors::Acinic_Cell_Carcinoma,Breast,3
Breast::Epithelial::Salivary_Tumors::Mucoepidermoid_Carcinoma,Breast,3
Breast::Epithelial::Usual_Ductal_Hyperplasia,Breast,3
Breast::Hematolymphoid_Tumors::Lymphoma::Diffuse_Large_B_Cell_Lymphoma,Breast,3
Breast::Inflammatory::Fibrosing::IgG4_Related_Sclerosing_Mastitis,Breast,3
Breast::Inflammatory::Granulomatous::Sarcoidosis,Breast,3
Breast::Mesenchymal::Fibroblastic_Tumors::Myofibroblastoma,Breast,3
Breast::Mesenchymal::Nerve_Tumors::Granular_Cell_Tumor,Breast,3
Breast::Mesenchymal::Smooth_Tumors::Leiomyoma,Breast,3
Breast::Mesenchymal::Vascular_Tumors::Atypical_Vascular_Lesions,Breast,3
Breast::Neoplastic::Epithelial::Benign::Cystic_Hypersecretory_Lesion,Breast,3
Breast::Neoplastic::Epithelial::Benign::Pleomorphic_Adenoma,Breast,3
Breast::Neoplastic::Mesenchymal::Benign::Lymphangioma,Breast,3
Breast::Neoplastic::Mesenchymal::Benign::Neurofibroma,Breast,3
Cyto_Derm::Benign::Trichilemmoma,Cyto_Derm,3
Cyto_Fluids::Benign_Reactive::Hemorrhage_Subarachnoid,Cyto_Fluids,3
Cyto_Fluids::Benign_Reactive::Inflammatory::Rheumatoid_Pleuritis,Cyto_Fluids,3
Cyto_Fluids::Infectious::Fungal::Cryptococcal_Meningitis,Cyto_Fluids,3
Cyto_Fluids::Malignant::Germ_Cell::Seminoma,Cyto_Fluids,3
Cyto_Fluids::Malignant::Heme::Lymphoma_Hodgkin,Cyto_Fluids,3
Cyto_Fluids::Malignant::Ovarian_Primary::High_Grade_Serous_Carcinoma,Cyto_Fluids,3
Cyto_Fluids::Specimen_Type::Ovarian_Cyst_FNA,Cyto_Fluids,3
Cyto_GI_Tract::Anal_Canal::Benign_Precursor::High_Grade_Squamous_Intraepithelial_Lesion_HSIL,Cyto_GI_Tract,3
Cyto_GI_Tract::Esophagus::Benign_Reactive::Radiation_Changes,Cyto_GI_Tract,3
Cyto_GYN::Benign_Reactive::Non_Neoplastic::Keratotic_Changes_Hyperkeratosis,Cyto_GYN,3
Cyto_GYN::Glandular::Carcinoma::Clear_Cell_Carcinoma_DES_Associated,Cyto_GYN,3
Cyto_GYN::Glandular::Carcinoma::Paget_Disease_Vulva,Cyto_GYN,3
Cyto_GYN::Malignant_Other::Lymphoma_Non_Hodgkin,Cyto_GYN,3
Cyto_GYN::Squamous::Squamous_Cell_Carcinoma_Papillary,Cyto_GYN,3
Cyto_Head_Neck::Benign::Ectopic_Cervical_Thymic_Tissue,Cyto_Head_Neck,3
Cyto_Head_Neck::Benign::Fibromatosis_Colli,Cyto_Head_Neck,3
Cyto_Head_Neck::Malignant::Squamous_Cell_Carcinoma_Non_HPV,Cyto_Head_Neck,3
Cyto_Heme::Malignant::Histiocytic_Dendritic::Follicular_Dendritic_Cell_Sarcoma,Cyto_Heme,3
Cyto_Heme::Malignant::Lymphoblastic::B_Lymphoblastic_Leukemia_Lymphoma,Cyto_Heme,3
Cyto_Heme::Malignant::Splenic::Splenic_B_Cell_Lymphoma_NOS,Cyto_Heme,3
Cyto_Heme::Malignant::T_NK_Cell::Mycosis_Fungoides_Sezary_Syndrome,Cyto_Heme,3
Cyto_Heme::Pattern::Dispersed_Hypocellular,Cyto_Heme,3
Cyto_Heme::Pattern::Hypocellular_Mixed_Dispersed_Tissue_Fragments,Cyto_Heme,3
Cyto_Liver::Benign_Reactive::Hepatocellular::Viral_Hepatitis_Changes,Cyto_Liver,3
Cyto_Liver::Malignant::Hepatocellular::Hepatocellular_Carcinoma_Well_Differentiated,Cyto_Liver,3
Cyto_Mediastinum::Malignant::Thymic::Thymoma_Type_B2,Cyto_Mediastinum,3
Cyto_Neuro::Benign_Reactive::Inflammatory::Pleocytosis_Eosinophilic,Cyto_Neuro,3
Cyto_Pancreatobiliary::Benign_Neoplasm::Lymphangioma,Cyto_Pancreatobiliary,3
Cyto_Pancreatobiliary::Malignant::Neuroendocrine::Neuroendocrine_Tumor_G3,Cyto_Pancreatobiliary,3
Cyto_Retroperitoneum::Malignant::Sarcoma::Gastrointestinal_Stromal_Tumor_GIST,Cyto_Retroperitoneum,3
Cyto_Salivary::Malignant::Lymphoma_Diffuse_Large_B_Cell,Cyto_Salivary,3
Cyto_Salivary::Malignant::Lymphoma_MALT,Cyto_Salivary,3
Cyto_Salivary::Non_Neoplastic::Nodular_Oncocytic_Hyperplasia,Cyto_Salivary,3
Cyto_Salivary::Non_Neoplastic::Sialadenosis,Cyto_Salivary,3
Cyto_Soft_Tissue::Malignant::Epithelioid::Alveolar_Soft_Part_Sarcoma,Cyto_Soft_Tissue,3
Cyto_Thoracic::Benign_Reactive::Epithelial::Radiation_Chemotherapy_Effect,Cyto_Thoracic,3
Cyto_Thoracic::Malignant::Carcinoma::Squamous_Cell_Carcinoma_Basaloid,Cyto_Thoracic,3
Cyto_Thyroid::Benign_Reactive::Follicular_Adenoma_Microfollicular,Cyto_Thyroid,3
Cyto_Thyroid::Benign_Reactive::Radiation_Changes,Cyto_Thyroid,3
Cyto_Thyroid::Malignant::Anaplastic::Anaplastic_Thyroid_Carcinoma_Spindle_Cell,Cyto_Thyroid,3
Cyto_Thyroid::Malignant::Metastatic::Metastasis_To_Thyroid_Lung,Cyto_Thyroid,3
Cyto_Thyroid::Malignant::Other::Secretory_Carcinoma_MASC,Cyto_Thyroid,3
Cyto_Thyroid::Malignant::Other::Spindle_Epithelial_Tumor_Thymus_Like_SETTLE,Cyto_Thyroid,3
Cyto_Thyroid::Malignant::Other::Squamous_Cell_Carcinoma_Primary,Cyto_Thyroid,3
Cyto_Urinary::Benign_Reactive::Reactive_Urothelial_Cells,Cyto_Urinary,3
Cyto_Urinary::Category::Nondiagnostic_Unsatisfactory,Cyto_Urinary,3
Cyto_Urinary::Concept::Indications_for_Urinary_Cytology,Cyto_Urinary,3
Cyto_Urinary::Infectious::Viral::Polyomavirus_Decoy_Cells,Cyto_Urinary,3
Cyto_Urinary::Malignant::Metastatic::Metastatic_Breast_Carcinoma,Cyto_Urinary,3
Cyto_Urinary::Malignant::Metastatic_Prostate_Adenocarcinoma,Cyto_Urinary,3
Cyto_Urinary::Malignant::Non_Urothelial::Adenocarcinoma_Primary_Bladder,Cyto_Urinary,3
Cyto_Urinary::Neoplastic::Urothelial::Low_Grade_Papillary_Urothelial_Carcinoma,Cyto_Urinary,3
Endo::Thyroid::Neoplastic::Hematolymphoid::Malignant::Langerhans_Cell_Histiocytosis,Endo,3
Eye_Orbit::Optic_Disc_Optic_Nerve::Malformation::Optic_Nerve_Choristoma,Eye_Orbit,3
Eye_Orbit::Optic_Disc_Optic_Nerve::Neural_Tumors::Optic_Nerve_Glioma,Eye_Orbit,3
GI::Esophagus::Congenital_Structural::Mechanical::Achalasia_Disorder,GI,3
GI::Esophagus::Metaplastic::Squamous::Esophageal_Epidermoid_Metaplasia,GI,3
GI::Esophagus::Neoplastic::Mesenchymal::Esophageal_Granular_Cell_Tumor,GI,3
GI::Esophagus::Neoplastic::Neuroendocrine::Esophageal_Neuroendocrine_Carcinoma_Small_Cell,GI,3
GI::Esophagus::Neoplastic::Squamous::Esophageal_Squamous_Cell_Carcinoma_Overview,GI,3
GI::Esophagus::Normal_Histology::Normal_Anatomy,GI,3
GI::General::Neoplastic::Germ_Cell::Germ_Cell_Tumors_Digestive_System,GI,3
GI::Hematolymphoid::T_Cell_Lymphoma::Indolent_NK_Cell_Lymphoproliferative_Disorder_GI_Tract,GI,3
GI::Liver::Neoplastic::Malignant_Biliary::Intrahepatic_Cholangiocarcinoma_Large_Duct,GI,3
GI::Mesenchymal::Adipocytic::Lipoma,GI,3
GI::Mesenchymal::Neural::Ganglioneuroma,GI,3
GI::Pancreas::Neoplastic::Cystic::Pancreatic_Simple_Mucinous_Cyst,GI,3
GI::Small_Intestine::Congenital_Structural::Heterotopia::Small_Intestinal_Pancreatic_Heterotopia,GI,3
GI::Small_Intestine::Infectious::Protozoal::Small_Intestinal_Cryptosporidiosis,GI,3
GI::Small_Intestine::Infectious::Protozoal::Small_Intestinal_Microsporidiosis,GI,3
GI::Small_Intestine::Inflammatory::Acute::Small_Intestinal_Necrotizing_Enterocolitis,GI,3
GI::Small_Intestine::Inflammatory::Injury::Small_Intestinal_Ischemic_Enteritis,GI,3
GI::Stomach::Inflammatory::Gastritis::Gastric_Acute_Hemorrhagic_Gastritis,GI,3
GI::Stomach::Inflammatory::Gastritis::Gastric_Focally_Enhanced_Gastritis,GI,3
GI::Stomach::Inflammatory::Gastritis::Gastric_Phlegmonous_Gastritis,GI,3
GI::Stomach::Polyp::Adenoma::Gastric_Intestinal_Type_Adenoma,GI,3
GI::Stomach::Polyp::Hamartoma::Gastric_Juvenile_Type_Polyp,GI,3
GU::Bladder::Physiologic_Trauma::Radiation_Changes,GU::Bladder,3
GU::Bladder::Urothelial::Adenocarcinoma_NOS,GU::Bladder,3
GU::Kidney::Medical_Kidney_Disease::Glomerular::Monoclonal_Gammopathy_Associated_Renal_Disease,GU::Kidney,3
GU::Kidney::Mesenchymal::Renal_Hemangioblastoma,GU::Kidney,3
GU::Kidney::Metanephric::Cystic_Nephroma,GU::Kidney,3
GU::Kidney::Nephroblastic_Nephrogenic::Cystic_Partially_Differentiated_Nephroblastoma,GU::Kidney,3
GU::Prostate::Benign::Prostatic_Type_Polyp_Ectopic,GU::Prostate,3
GU::Prostate::Mesenchymal::Leiomyosarcoma,GU::Prostate,3
GU::Prostate::Squamous_Neoplasms::Adenoid_Cystic_Carcinoma_of_the_Prostate,GU::Prostate,3
GU::Testis::Germ_Cell_Tumors::Cystic_Trophoblastic_Tumor,GU::Testis,3
GU::Testis::Germ_Cell_Tumors::Epithelioid_Trophoblastic_Tumor,GU::Testis,3
GU::Testis::Germ_Cell_Tumors::Placental_Site_Trophoblastic_Tumor,GU::Testis,3
GU::Testis::Germ_Cell_Tumors::Teratoma_with_Somatic_Type_Malignancy,GU::Testis,3
GU::Testis::Sex_Cord_Stromal_Tumors::Adult_Granulosa_Cell_Tumor,GU::Testis,3
GU::Testis::Sex_Cord_Stromal_Tumors::Juvenile_Granulosa_Cell_Tumor,GU::Testis,3
GU::Testis::Sex_Cord_Stromal_Tumors::Large_Cell_Calcifying_Sertoli_Cell_Tumor,GU::Testis,3
GU::Testis::Sex_Cord_Stromal_Tumors::Mixed_Sex_Cord_Stromal_Tumor,GU::Testis,3
GU::Testis::Sex_Cord_Stromal_Tumors::Myoid_Gonadal_Stromal_Tumor,GU::Testis,3
GU::Testis::Sex_Cord_Stromal_Tumors::Sex_Cord_Stromal_Tumor_NOS,GU::Testis,3
GYN::Ovary::Neoplastic::Germ_Cell::Malignant::Strumal_Carcinoid,GYN::Ovary,3
GYN::Ovary::Neoplastic::Mixed::Malignant::Mixed_Germ_Cell_Sex_Cord_Stromal_Tumor,GYN::Ovary,3
GYN::Ovary::Neoplastic::Sex_Cord_Stromal::Benign::Stromal_Luteoma,GYN::Ovary,3
GYN::Uterus::Neoplastic::Mesenchymal::Malignant::Alveolar_Soft_Part_Sarcoma,GYN::Uterus,3
GYN::Vagina::Neoplastic::Mesenchymal::Benign::Rhabdomyoma,GYN::Vagina,3
GYN::Vulva::Neoplastic::Mesenchymal::Intermediate::Dermatofibrosarcoma_Protuberans,GYN::Vulva,3
HN::Genetics::Hyperparathyroidism_Jaw_Tumor_Syndrome,HN,3
HN::Heme::B_Cell::Large_B_Cell_Lymphoma_With_IRF4_Rearrangement,HN,3
HN::Heme::Reactive::EBV_Positive_Mucocutaneous_Ulcer,HN,3
HN::Larynx_Hypopharynx_Trachea::Carcinoma::Lymphoepithelial_Carcinoma,HN,3
HN::Soft_Tissue::Smooth_Muscle::EBV_Associated_Smooth_Muscle_Tumor,HN,3
Heme::Acute_Myeloid_Leukemia::Differentiation_Defined::Acute_Myelomonocytic_Leukemia,Heme,3
Heme::Acute_Myeloid_Leukemia::Genetic_Defined::AML_With_KMT2A_Rearrangement,Heme,3
Heme::Infection::Parvovirus,Heme,3
Heme::Mature_B_Cell::Marginal_Zone::Primary_Cutaneous_Marginal_Zone_Lymphoma,Heme,3
Heme::Mature_T_NK_Cell::Cutaneous::Primary_Cutaneous_Gamma_Delta_T_Cell_Lymphoma,Heme,3
Heme::Mature_T_NK_Cell::Cutaneous::Primary_Cutaneous_Peripheral_T_Cell_Lymphoma_NOS,Heme,3
Heme::Mature_T_NK_Cell::EBV_Positive::EBV_Positive_Nodal_T_NK_Cell_Lymphoma,Heme,3
Heme::Non_Neoplastic::Erythrocyte::Porphyria,Heme,3
Heme::Non_Neoplastic::Erythrocyte::Sideroblastic_Anemia_Inherited,Heme,3
Heme::Non_Neoplastic::Erythrocyte::Thalassemia,Heme,3
Heme::Non_Neoplastic::Platelet_Coagulation::Von_Willebrand_Disease,Heme,3
Molecular::Concept::Basic_Science::Mosaicism,Molecular,3
Molecular::Concept::Basic_Science::Trinucleotide_Repeats,Molecular,3
Molecular::Concept::Ethics::Secondary_Incidental_Findings_ACMG_List,Molecular,3
Molecular::Concept::Preanalytic::Specimen_Selection_Tumor_Content,Molecular,3
Molecular::Concept::Quality::Internal_Controls_Housekeeping_Genes,Molecular,3
Molecular::Hereditary::DNA_Repair::Non_Homologous_End_Joining::Ataxia_Telangiectasia_Syndrome_ATM,Molecular,3
Molecular::Hereditary::DNA_Repair::Non_Homologous_End_Joining::CHEK2_Related_Cancer_Predisposition_CHEK2,Molecular,3
Molecular::Hereditary::Telomere::Telomere_Biology_Disorders::POT1_and_Shelterin_Related_Tumor_Predisposition_Syndrome_POT1_ACD_TERF2IP_TERT_Promoter,Molecular,3
Molecular::Infectious::Viral::Epstein_Barr_Virus,Molecular,3
Molecular::Infectious::Viral::Merkel_Cell_Polyomavirus,Molecular,3
Molecular::Solid::Bone::Osteosarcoma,Molecular,3
Molecular::Solid::Thoracic::Mesothelioma,Molecular,3
Molecular::Technique::Identity::Maternal_Cell_Contamination,Molecular,3
Molecular::Technique::Microarray::SNP_Array,Molecular,3
Molecular::Technique::Proteomics::Mass_Spectrometry,Molecular,3
Neuro::Artifact::Iatrogenic::Hemostatic_Agent::Surgicel,Neuro,3
Neuro::Infection::Acute_Viral_Infections::Rubella_Encephalitis,Neuro,3
Neuro::Ophthalmic::Retina_And_Vitreous::Retinal_Neoplasms::Melanoma,Neuro,3
Neuro::Tumor::Cysts::Colloid_Cyst_Of_The_Third_Ventricle,Neuro,3
Neuro::Tumor::Embryonal::Cribriform_Neuroepithelial_Tumor,Neuro,3
Neuro::Tumor::Ependymal::Posterior_Fossa_Ependymoma,Neuro,3
Neuro::Tumor::Mesenchymal_Non_Meningothelial::Muscle::Leiomyosarcoma,Neuro,3
Skin::Congenital_Structural::Cyst::Omphalomesenteric_Duct_Cyst,Skin,3
Skin::Depositional_Metabolic::Pigment::Minocycline_Pigmentation,Skin,3
Skin::Depositional_Metabolic::Pigment::Monsel_Reaction,Skin,3
Skin::Infectious::Bacterial::Gonococcemia,Skin,3
Skin::Infectious::Parasitic::Schistosomiasis,Skin,3
Skin::Infectious::Viral::Trichilemmal_Verruca,Skin,3
Skin::Inflammatory::Adnexal::Rosacea_Erythematotelangiectatic,Skin,3
Skin::Inflammatory::Alopecia::Involutional_Alopecia_of_the_Elderly,Skin,3
Skin::Inflammatory::Blistering::Bullous_Systemic_Lupus,Skin,3
Skin::Inflammatory::Blistering::Pseudoporphyria,Skin,3
Skin::Inflammatory::Connective_Tissue::Elastic_Fiber_Disorders,Skin,3
Skin::Inflammatory::Dermal_Sclerosing::Acrodermatitis_Chronica_Atrophicans,Skin,3
Skin::Inflammatory::Dermal_Sclerosing::Atrophoderma_of_Pasini_and_Pierini,Skin,3
Skin::Inflammatory::Dermal_Sclerosing::Poikiloderma_Vasculare_Atrophicans,Skin,3
Skin::Inflammatory::Drug_Eruption::Photodrug_Eruption,Skin,3
Skin::Inflammatory::Drug_Eruption::Urticarial_Drug_Eruption,Skin,3
Skin::Inflammatory::Infectious::Viral::HPV,Skin,3
Skin::Inflammatory::Photosensitivity::Hydroa_Vacciniforme,Skin,3
Skin::Inflammatory::Reactive::Erythema_Ab_Igne,Skin,3
Skin::Inflammatory::Spongiotic::Subacute_Spongiotic_Dermatitis,Skin,3
Skin::Neoplastic::Adnexal::Eccrine::Hidroacanthoma_Simplex,Skin,3
Skin::Neoplastic::Adnexal::Eccrine::Sclerosing_Sweat_Duct_Carcinoma,Skin,3
Skin::Neoplastic::Adnexal::Follicular::Benign::Panfolliculoma,Skin,3
Skin::Neoplastic::Adnexal::Follicular::Proliferating_Pilar_Cyst,Skin,3
Skin::Neoplastic::Adnexal::Paget::Secondary_EMPD,Skin,3
Skin::Neoplastic::Adnexal::Sebaceous::Fordyce_Spot,Skin,3
Skin::Neoplastic::Epidermal::Malignant::Basal_Cell_Carcinoma_Adnexal_Differentiation,Skin,3
Skin::Neoplastic::Epidermal::Malignant::Basal_Cell_Carcinoma_Infundibulocystic_Fibroepithelioma_Of_Pinkus,Skin,3
Skin::Neoplastic::Epidermal::Malignant::Basal_Cell_Carcinoma_Morpheaform,Skin,3
Skin::Neoplastic::Epidermal::Malignant::Squamous_Cell_Carcinoma_Spindle_Cell,Skin,3
Skin::Neoplastic::Melanocytic::Benign::Blue_Nevus_Conventional,Skin,3
Skin::Neoplastic::Melanocytic::Benign::Spitz_Nevus_Pigmented_Reed,Skin,3
Skin::Neoplastic::Melanocytic::Benign::Sunburn_Nevus,Skin,3
Skin::Neoplastic::Metastatic::Adnexal,Skin,3
Skin::Neoplastic::Metastatic::Secondary_Extramammary_Paget_Disease,Skin,3
Skin::Neoplastic::Soft_Tissue::Fibrous::Epithelioid_Cell_Histiocytoma,Skin,3
Skin::Neoplastic::Soft_Tissue::Fibrous::Low_Grade_Fibromyxoid_Sarcoma,Skin,3
Skin::Neoplastic::Soft_Tissue::Fibrous::Myxoid_DFSP,Skin,3
Skin::Neoplastic::Soft_Tissue::Fibrous::Solitary_Fibrous_Tumor,Skin,3
Skin::Neoplastic::Soft_Tissue::Muscular::Atypical_Leiomyoma,Skin,3
Skin::Neoplastic::Soft_Tissue::Neural::Dermal_Hyperneury,Skin,3
Skin::Neoplastic::Soft_Tissue::Neural::Post_Traumatic_Neuroma,Skin,3
Thorax_Mediastinum::Lung::Neoplastic::Neuroendocrine::Precursor::Diffuse_Idiopathic_Pulmonary_Neuroendocrine_Cell_Hyperplasia_DIPNECH,Thorax_Mediastinum,3
Thorax_Mediastinum::Thymus::Neoplastic::Epithelial::Carcinoma::Squamous_Cell_Carcinoma,Thorax_Mediastinum,3
Thorax_Mediastinum::Thymus::Neoplastic::Neuroendocrine::Well_Differentiated::Carcinoid_Tumor,Thorax_Mediastinum,3
BST::Bone::Congenital_Structural::Cyst::Epidermoid_Inclusion_Cyst,BST,2
BST::Bone::Depositional_Metabolic::Metabolic::Common_Metabolic_Bone_Disorders,BST,2
BST::Soft_Tissue::Depositional_Metabolic::Inflammatory::Rheumatoid_Nodule,BST,2
BST::Soft_Tissue::Fibroblastic::Intermediate::EWSR1_SMAD3_Fibroblastic_Tumor,BST,2
BST::Soft_Tissue::Hematolymphoid::Malignant::Myeloid_Sarcoma,BST,2
BST::Soft_Tissue::Inflammatory::Acute_Chronic::Idiopathic_Tumefactive_Fibroinflammatory_Lesions,BST,2
BST::Soft_Tissue::Inflammatory::Granulomatous::Deep_Granuloma_Annulare,BST,2
BST::Soft_Tissue::Nerve_Sheath::Benign::Benign_Triton_Tumor,BST,2
BST::Soft_Tissue::Skeletal_Muscle::Intermediate::Inflammatory_Rhabdomyoblastic_Tumor,BST,2
BST::Soft_Tissue::Uncertain_Diff::Malignant::Primary_Pulmonary_Myxoid_Sarcoma,BST,2
BST::Syndromes::Predisposition::General::Li_Fraumeni_Syndrome,BST,2
BST::Syndromes::Predisposition::General::Werner_Syndrome,BST,2
Breast::Congenital_Structural::Hamartoma::Mammary_Hamartoma,Breast,2
Breast::Congenital_Structural::Malformation::Accessory_Breast_Tissue,Breast,2
Breast::Congenital_Structural::Malformation::Gynecomastia,Breast,2
Breast::Congenital_Structural::Mechanical::Epithelial_Displacement_Biopsy_Site,Breast,2
Breast::Epithelial::Ductal_Carcinoma::Carcinoma_with_Apocrine_Differentiation,Breast,2
Breast::Epithelial::Ductal_Carcinoma::Mucinous_Cystadenocarcinoma,Breast,2
Breast::Genetics::Syndromes::PALB2_Associated_Cancers,Breast,2
Breast::Genetics::Syndromes::Peutz_Jeghers_Syndrome,Breast,2
Breast::Hematolymphoid_Tumors::Lymphoma::Follicular_Lymphoma,Breast,2
Breast::Infectious::Bacterial::Acute_Mastitis,Breast,2
Breast::Inflammatory::Granulomatous::Cystic_Neutrophilic_Granulomatous_Mastitis,Breast,2
Breast::Inflammatory::Reactive::Mucocele_Like_Lesion,Breast,2
Breast::Mesenchymal::Adipocytic_Tumors::Angiolipoma,Breast,2
Breast::Mesenchymal::Adipocytic_Tumors::Lipoma,Breast,2
Breast::Mesenchymal::Fibroblastic_Tumors::Desmoid_Fibromatosis,Breast,2
Breast::Mesenchymal::Fibroblastic_Tumors::Inflammatory_Myofibroblastic_Tumor,Breast,2
Breast::Mesenchymal::Fibroblastic_Tumors::Nodular_Fasciitis,Breast,2
Breast::Mesenchymal::Nerve_Tumors::Neurofibroma,Breast,2
Breast::Mesenchymal::Nerve_Tumors::Schwannoma,Breast,2
Breast::Mesenchymal::Smooth_Tumors::Leiomyosarcoma,Breast,2
Breast::Mesenchymal::Vascular_Tumors::Angiomatosis,Breast,2
Breast::Mesenchymal::Vascular_Tumors::Primary_Angiosarcoma_of_the_Breast,Breast,2
Breast::Neoplastic::Epithelial::Benign::Myoepithelioma,Breast,2
Breast::Neoplastic::Epithelial::Benign::Nipple_Adenoma,Breast,2
Breast::Neoplastic::Epithelial::Benign::Syringomatous_Tumor,Breast,2
Breast::Neoplastic::Epithelial::Malignant::Mucinous_Cystadenocarcinoma,Breast,2
Breast::Neoplastic::Hematolymphoid::Malignant::Breast_Implant_Associated_ALCL,Breast,2
Breast::Neoplastic::Hematolymphoid::Malignant::MALT_Lymphoma,Breast,2
Breast::Neoplastic::Mesenchymal::Benign::Schwannoma,Breast,2
Cyto_Adrenal::Category::Atypical,Cyto_Adrenal,2
Cyto_Breast::Benign::Non_Neoplastic::Sclerosing_Adenosis,Cyto_Breast,2
Cyto_Derm::Benign::Syringocystadenoma_Papilliferum,Cyto_Derm,2
Cyto_Fluids::Benign_Reactive::Inflammatory::Lupus_Pleuritis_LE_Cells,Cyto_Fluids,2
Cyto_Fluids::Benign_Reactive::Mesothelial::Multinucleated_Giant_Mesothelial_Cells,Cyto_Fluids,2
Cyto_Fluids::Benign_Reactive::Specific_Conditions::Endometriosis,Cyto_Fluids,2
Cyto_Fluids::Infectious::Parasitic::Entamoeba_Histolytica,Cyto_Fluids,2
Cyto_Fluids::Infectious::Parasitic::Strongyloides_Stercoralis,Cyto_Fluids,2
Cyto_Fluids::Malignant::Sarcoma::Epithelioid_Hemangioendothelioma,Cyto_Fluids,2
Cyto_Fluids::Pattern::Cannonballs,Cyto_Fluids,2
Cyto_GI_Tract::Small_Intestine::Benign::Duodenal_Adenoma,Cyto_GI_Tract,2
Cyto_GI_Tract::Small_Intestine::Infectious::Microsporidia,Cyto_GI_Tract,2
Cyto_GYN::Benign_Reactive::Non_Neoplastic::Vaginal_Adenosis,Cyto_GYN,2
Cyto_GYN::Benign_Reactive::Organisms::Mycobacterium_Tuberculosis,Cyto_GYN,2
Cyto_GYN::Benign_Reactive::Organisms::Neisseria_Gonorrhoeae,Cyto_GYN,2
Cyto_GYN::Glandular::Benign_Neoplasm::Endocervical_Polyp,Cyto_GYN,2
Cyto_GYN::Glandular::Carcinoma::Adenocarcinoma_Endocervical_Minimal_Deviation_Adenoma_Malignum,Cyto_GYN,2
Cyto_GYN::Glandular::Hyperplasia::Endometrial_Hyperplasia_Complex,Cyto_GYN,2
Cyto_GYN::Malignant_Other::Embryonal_Rhabdomyosarcoma_Sarcoma_Botryoides,Cyto_GYN,2
Cyto_GYN::Malignant_Other::Endometrial_Stromal_Sarcoma,Cyto_GYN,2
Cyto_GYN::Malignant_Other::Leiomyosarcoma,Cyto_GYN,2
Cyto_GYN::Malignant_Other::Metastatic_Tumor_Ovary,Cyto_GYN,2
Cyto_GYN::Squamous::Vulvar_Intraepithelial_Neoplasia_VIN_Classic_Warty_Basaloid,Cyto_GYN,2
Cyto_GYN::Squamous::Vulvar_Intraepithelial_Neoplasia_VIN_Differentiated,Cyto_GYN,2
Cyto_Head_Neck::Benign::Ameloblastoma,Cyto_Head_Neck,2
Cyto_Head_Neck::Benign::Meningioma,Cyto_Head_Neck,2
Cyto_Head_Neck::Benign::Parathyroid_Adenoma,Cyto_Head_Neck,2
Cyto_Head_Neck::Benign::Pilomatrixoma,Cyto_Head_Neck,2
Cyto_Head_Neck::Benign::Proliferative_Myositis,Cyto_Head_Neck,2
Cyto_Heme::Malignant::B_Cell_Large::Posttransplant_Lymphoproliferative_Disorder_PTLD,Cyto_Heme,2
Cyto_Heme::Malignant::B_Cell_Large::Primary_Effusion_Lymphoma_PEL,Cyto_Heme,2
Cyto_Heme::Malignant::Histiocytic_Dendritic::Histiocytic_Sarcoma,Cyto_Heme,2
Cyto_Heme::Malignant::Histiocytic_Dendritic::Interdigitating_Dendritic_Cell_Sarcoma,Cyto_Heme,2
Cyto_Heme::Malignant::Histiocytic_Dendritic::Langerhans_Cell_Histiocytosis_LCH,Cyto_Heme,2
Cyto_Heme::Malignant::Histiocytic_Dendritic::Langerhans_Cell_Sarcoma,Cyto_Heme,2
Cyto_Heme::Malignant::Metastatic::Carcinoma_Squamous_Cell_HPV_Associated,Cyto_Heme,2
Cyto_Heme::Malignant::Splenic::Angiosarcoma,Cyto_Heme,2
Cyto_Heme::Malignant::T_NK_Cell::Anaplastic_Large_Cell_Lymphoma_ALK_Neg,Cyto_Heme,2
Cyto_Heme::Malignant::Thymic::Thymic_B_Cell_Lymphoma,Cyto_Heme,2
Cyto_Heme::Malignant::Thymic::Thymic_Carcinoma,Cyto_Heme,2
Cyto_Heme::Pattern::Spindle_Cells,Cyto_Heme,2
Cyto_Kidney::Malignant::Renal_Pelvis::Squamous_Cell_Carcinoma,Cyto_Kidney,2
Cyto_Liver::Benign_Reactive::Biliary::Bile_Duct_Adenoma,Cyto_Liver,2
Cyto_Liver::Benign_Reactive::Hepatocellular::Hepatocellular_Adenoma,Cyto_Liver,2
Cyto_Liver::Malignant::Hepatocellular::Hepatocellular_Carcinoma_Poorly_Differentiated,Cyto_Liver,2
Cyto_Liver::Malignant::Metastatic::Metastatic_Pancreatic_Adenocarcinoma,Cyto_Liver,2
Cyto_Liver::Pattern::Mod_Marked_Cellular_Dispersed_Cells,Cyto_Liver,2
Cyto_Management::Ancillary_Testing::Fluorescence_In_Situ_Hybridization_FISH,Cyto_Management,2
Cyto_Mediastinum::Benign::Endocrine::Parathyroid_Adenoma,Cyto_Mediastinum,2
Cyto_Mediastinum::Benign_Reactive::Acute_Inflammation_Abscess,Cyto_Mediastinum,2
Cyto_Mediastinum::Malignant::Sarcoma::Solitary_Fibrous_Tumor,Cyto_Mediastinum,2
Cyto_Mediastinum::Malignant::Sarcoma::Synovial_Sarcoma,Cyto_Mediastinum,2
Cyto_Neuro::Infectious::Bacteria::Listeria_Monocytogenes,Cyto_Neuro,2
Cyto_Retroperitoneum::Category::Suspicious,Cyto_Retroperitoneum,2
Cyto_Retroperitoneum::Malignant::Sarcoma::Alveolar_Soft_Part_Sarcoma,Cyto_Retroperitoneum,2
Cyto_Salivary::Benign::Canalicular_Adenoma,Cyto_Salivary,2
Cyto_Salivary::Benign::Lipoma,Cyto_Salivary,2
Cyto_Salivary::Malignant::Metastasizing_Pleomorphic_Adenoma,Cyto_Salivary,2
Cyto_Salivary::Non_Neoplastic::Sialadenitis_Acute,Cyto_Salivary,2
Cyto_Soft_Tissue::Benign::Adipocytic::Spindle_Cell_Pleomorphic_Lipoma,Cyto_Soft_Tissue,2
Cyto_Soft_Tissue::Benign::Epithelioid::Glomus_Tumor,Cyto_Soft_Tissue,2
Cyto_Soft_Tissue::Benign::Epithelioid::Rhabdomyoma,Cyto_Soft_Tissue,2
Cyto_Soft_Tissue::Benign::Epithelioid::Tenosynovial_Giant_Cell_Tumor,Cyto_Soft_Tissue,2
Cyto_Soft_Tissue::Benign::Mass_Forming_Inflammatory::Acute_Inflammation,Cyto_Soft_Tissue,2
Cyto_Soft_Tissue::Benign::Mass_Forming_Inflammatory::Fat_Necrosis,Cyto_Soft_Tissue,2
Cyto_Soft_Tissue::Benign::Mass_Forming_Inflammatory::Granulomatous_Suppurative_Inflammation,Cyto_Soft_Tissue,2
Cyto_Soft_Tissue::Benign::Mass_Forming_Inflammatory::IgG4_Related_Disease,Cyto_Soft_Tissue,2
Cyto_Soft_Tissue::Benign::Mass_Forming_Inflammatory::Ischemic_Fasciitis,Cyto_Soft_Tissue,2
Cyto_Soft_Tissue::Benign::Myxoid_Stroma::Ganglion_Cyst,Cyto_Soft_Tissue,2
Cyto_Soft_Tissue::Benign::Myxoid_Stroma::Intramuscular_Juxta_Articular_Myxoma,Cyto_Soft_Tissue,2
Cyto_Soft_Tissue::Benign::Spindle_Cell::Leiomyoma,Cyto_Soft_Tissue,2
Cyto_Soft_Tissue::Benign::Spindle_Cell::Myofibroblastoma,Cyto_Soft_Tissue,2
Cyto_Soft_Tissue::Benign::Spindle_Cell::Perineurioma,Cyto_Soft_Tissue,2
Cyto_Soft_Tissue::Malignant::Adipocytic::Dedifferentiated_Liposarcoma,Cyto_Soft_Tissue,2
Cyto_Soft_Tissue::Malignant::Epithelioid::Clear_Cell_Sarcoma_Of_Soft_Tissue,Cyto_Soft_Tissue,2
Cyto_Soft_Tissue::Malignant::Epithelioid::Extrarenal_Rhabdoid_Tumor,Cyto_Soft_Tissue,2
Cyto_Soft_Tissue::Malignant::Metastatic::Soft_Tissue_Metastases,Cyto_Soft_Tissue,2
Cyto_Soft_Tissue::Malignant::Myxoid::Extraskeletal_Myxoid_Chondrosarcoma,Cyto_Soft_Tissue,2
Cyto_Soft_Tissue::Malignant::Myxoid::Myxoinflammatory_Fibroblastic_Sarcoma,Cyto_Soft_Tissue,2
Cyto_Soft_Tissue::Malignant::Pleomorphic::Intimal_Sarcoma,Cyto_Soft_Tissue,2
Cyto_Soft_Tissue::Malignant::Pleomorphic::Pleomorphic_Rhabdomyosarcoma,Cyto_Soft_Tissue,2
Cyto_Soft_Tissue::Malignant::Pleomorphic::Undifferentiated_Pleomorphic_Sarcoma_UPS,Cyto_Soft_Tissue,2
Cyto_Soft_Tissue::Malignant::Round_Cell::CIC_Rearranged_Sarcoma,Cyto_Soft_Tissue,2
Cyto_Soft_Tissue::Malignant::Round_Cell::Neuroblastoma,Cyto_Soft_Tissue,2
Cyto_Soft_Tissue::Malignant::Round_Cell::Sarcoma_With_BCOR_Genetic_Alterations,Cyto_Soft_Tissue,2
Cyto_Soft_Tissue::Malignant::Spindle_Cell::Infantile_Fibrosarcoma,Cyto_Soft_Tissue,2
Cyto_Soft_Tissue::Malignant::Spindle_Cell::Kaposi_Sarcoma,Cyto_Soft_Tissue,2
Cyto_Soft_Tissue::Malignant::Spindle_Cell::Malignant_Melanotic_Nerve_Sheath_Tumor,Cyto_Soft_Tissue,2
Cyto_Soft_Tissue::Malignant::Spindle_Cell::Spindle_Cell_Sclerosing_Rhabdomyosarcoma,Cyto_Soft_Tissue,2
Cyto_Soft_Tissue::NonNeoplastic::Infectious::Fungal_Infection,Cyto_Soft_Tissue,2
Cyto_Soft_Tissue::STNUMP::Spindle_Cell::Angiomatoid_Fibrous_Histiocytoma,Cyto_Soft_Tissue,2
Cyto_Soft_Tissue::STNUMP::Spindle_Cell::Inflammatory_Myofibroblastic_Tumor,Cyto_Soft_Tissue,2
Cyto_Soft_Tissue::STNUMP::Spindle_Cell::Myoepithelial_Neoplasms,Cyto_Soft_Tissue,2
Cyto_Thoracic::Benign_Neoplasm::Inflammatory_Myofibroblastic_Tumor_IMT,Cyto_Thoracic,2
Cyto_Thoracic::Benign_Neoplasm::Meningioma_Pulmonary,Cyto_Thoracic,2
Cyto_Thoracic::Benign_Reactive::Inflammatory::Amyloidosis_Lung,Cyto_Thoracic,2
Cyto_Thoracic::Infectious::Bacterial::Actinomyces,Cyto_Thoracic,2
Cyto_Thoracic::Infectious::Fungal::Coccidioides_Immitis,Cyto_Thoracic,2
Cyto_Thoracic::Malignant::Carcinoma::Adenosquamous_Carcinoma,Cyto_Thoracic,2
Cyto_Thoracic::Malignant::Carcinoma::Pulmonary_Blastoma,Cyto_Thoracic,2
Cyto_Thoracic::Malignant::Carcinoma::Salivary_Gland_Type_Carcinoma,Cyto_Thoracic,2
Cyto_Thoracic::Malignant::Mesothelial::Mesothelioma_Biphasic,Cyto_Thoracic,2
Cyto_Thoracic::Malignant::Mesothelial::Mesothelioma_Epithelioid,Cyto_Thoracic,2
Cyto_Thyroid::Benign_Reactive::Amyloid_Goiter,Cyto_Thyroid,2
Cyto_Thyroid::Benign_Reactive::Riedel_Thyroiditis,Cyto_Thyroid,2
Cyto_Thyroid::Malignant::Lymphoma::Lymphoma_Hodgkin,Cyto_Thyroid,2
Cyto_Thyroid::Malignant::Lymphoma::Lymphoma_Thyroid_DLBCL,Cyto_Thyroid,2
Cyto_Thyroid::Malignant::Metastatic::Metastasis_To_Thyroid_Breast,Cyto_Thyroid,2
Cyto_Thyroid::Pattern::Dispersed_Hypercellular_Lymph_Node_Like,Cyto_Thyroid,2
Cyto_Urinary::Benign_Reactive::Cystitis_Cystica,Cyto_Urinary,2
Cyto_Urinary::Benign_Reactive::Treatment_Effect::Chemotherapy_Effect_Mitomycin_C,Cyto_Urinary,2
Cyto_Urinary::Benign_Reactive::Treatment_Effect::Radiation_Effect,Cyto_Urinary,2
Cyto_Urinary::Infectious::Bacterial::Actinomyces,Cyto_Urinary,2
Endo::Pituitary::Nonneoplastic::Hyperplasia::Pituitary_Hyperplasia,Endo,2
Endo::Syndromes::Thyroid::Familial_Thyroid_Carcinoma,Endo,2
Endo::Thyroid::Neoplastic::Epithelial::Malignant::Cribriform_Morular_Thyroid_Carcinoma,Endo,2
Endo::Thyroid::Neoplastic::Epithelial::Malignant::Secretory_Carcinoma,Endo,2
Eye_Orbit::Bone::Chondrogenic::Mesenchymal_Chondrosarcoma,Eye_Orbit,2
Eye_Orbit::Bone::Chondrogenic::Soft_Tissue_Chondroma,Eye_Orbit,2
Eye_Orbit::Bone::Osteogenic::Osteoblastoma,Eye_Orbit,2
Eye_Orbit::Bone::Osteogenic::Osteoma,Eye_Orbit,2
Eye_Orbit::Bone::Osteogenic::Osteosarcoma,Eye_Orbit,2
Eye_Orbit::Bone::Other::Ewing_Sarcoma,Eye_Orbit,2
Eye_Orbit::Bone::Vascular::Angiosarcoma_Of_Bone,Eye_Orbit,2
Eye_Orbit::Bone::Vascular::Epithelioid_Hemangioendothelioma,Eye_Orbit,2
Eye_Orbit::Bone::Vascular::Hemangioma_Of_Bone,Eye_Orbit,2
Eye_Orbit::Conjunctiva::Epithelial_Tumors::Benign::Oncocytoma,Eye_Orbit,2
Eye_Orbit::Eyelid::Melanocytic_Tumors::Benign_Premalignant::In_Situ_Cutaneous_Melanoma,Eye_Orbit,2
Eye_Orbit::Eyelid::Melanocytic_Tumors::Benign_Premalignant::Spitz_Nevus,Eye_Orbit,2
Eye_Orbit::Eyelid_Adnexal::Benign::Ductal_Hidrocystoma,Eye_Orbit,2
Eye_Orbit::Eyelid_Adnexal::Benign::Mixed_Tumor,Eye_Orbit,2
Eye_Orbit::Eyelid_Adnexal::Benign::Pilomatricoma,Eye_Orbit,2
Eye_Orbit::Eyelid_Adnexal::Benign::Syringocystadenoma_Papilliferum,Eye_Orbit,2
Eye_Orbit::Eyelid_Adnexal::Benign::Tubular_Adenoma,Eye_Orbit,2
Eye_Orbit::Eyelid_Adnexal::Malignant::Adenoid_Cystic_Carcinoma,Eye_Orbit,2
Eye_Orbit::Eyelid_Adnexal::Malignant::Apocrine_Carcinoma,Eye_Orbit,2
Eye_Orbit::Eyelid_Adnexal::Malignant::Endocrine_Mucin_Producing_Sweat_Gland_Carcinoma,Eye_Orbit,2
Eye_Orbit::Eyelid_Adnexal::Malignant::Microcystic_Adnexal_Carcinoma,Eye_Orbit,2
Eye_Orbit::Eyelid_Adnexal::Malignant::Mucinous_Carcinoma,Eye_Orbit,2
Eye_Orbit::Eyelid_Adnexal::Malignant::Sebaceous_Carcinoma,Eye_Orbit,2
Eye_Orbit::Eyelid_Adnexal::Malignant::Signet_Ring_Cell_Histiocytoid_Carcinoma,Eye_Orbit,2
Eye_Orbit::Eyelid_Epithelial::Malignant::Squamous_Cell_Carcinoma,Eye_Orbit,2
Eye_Orbit::Genetics::BAP1_Tumor_Predisposition_Syndrome,Eye_Orbit,2
Eye_Orbit::Genetics::Goldenhar_Syndrome,Eye_Orbit,2
Eye_Orbit::Genetics::Retinoblastoma_Syndrome,Eye_Orbit,2
Eye_Orbit::Genetics::Von_Hippel_Lindau_Syndrome,Eye_Orbit,2
Eye_Orbit::Lacrimal_Epithelial::Benign_Premalignant::Oncocytoma,Eye_Orbit,2
Eye_Orbit::Lacrimal_Gland::Cysts::Dacryops_Cyst,Eye_Orbit,2
Eye_Orbit::Optic_Disc_Optic_Nerve::Melanocytic_Tumors::Melanocytoma,Eye_Orbit,2
Eye_Orbit::Optic_Disc_Optic_Nerve::Pigment_Epithelial_Tumors::Medulloepithelioma,Eye_Orbit,2
Eye_Orbit::Orbit::Vascular_Malformations::Cavernous_Vascular_Malformation,Eye_Orbit,2
Eye_Orbit::Orbit::Vascular_Malformations::Combined_Lymphatic_Venous_Malformation,Eye_Orbit,2
Eye_Orbit::Retina_Neuroepithelium::Iris_Ciliary_Body_Pigment_Epithelium::Neoplastic::Adenocarcinoma_Of_Ciliary_Body,Eye_Orbit,2
Eye_Orbit::Retina_Neuroepithelium::Iris_Ciliary_Body_Pigment_Epithelium::Neoplastic::Adenoma_Of_Ciliary_Body,Eye_Orbit,2
Eye_Orbit::Retina_Neuroepithelium::Neurosensory_Retina::Premalignant_Malignant::Retinocytoma,Eye_Orbit,2
Eye_Orbit::Soft_Tissue::Adipocytic::Benign_Lipomatous_Tumors,Eye_Orbit,2
Eye_Orbit::Soft_Tissue::Fibrous_Fibroblastic::Solitary_Fibrous_Tumor,Eye_Orbit,2
Eye_Orbit::Soft_Tissue::Perivascular::Glomus_Tumor,Eye_Orbit,2
Eye_Orbit::Soft_Tissue::Skeletal_Muscle::Rhabdomyosarcoma_Family,Eye_Orbit,2
Eye_Orbit::Soft_Tissue::Smooth_Muscle::Leiomyoma,Eye_Orbit,2
Eye_Orbit::Soft_Tissue::Smooth_Muscle::Leiomyosarcoma,Eye_Orbit,2
Eye_Orbit::Soft_Tissue::Smooth_Muscle::Mesectodermal_Leiomyoma,Eye_Orbit,2
Eye_Orbit::Soft_Tissue::Vascular::Angiosarcoma,Eye_Orbit,2
Eye_Orbit::Soft_Tissue::Vascular::Epithelioid_Hemangioma,Eye_Orbit,2
Eye_Orbit::Soft_Tissue::Vascular::Hemangioblastoma,Eye_Orbit,2
Eye_Orbit::Soft_Tissue::Vascular::Infantile_Hemangioma,Eye_Orbit,2
Eye_Orbit::Soft_Tissue::Vascular::Lobular_Capillary_Hemangioma,Eye_Orbit,2
Eye_Orbit::Soft_Tissue::Vascular::Lymphangiectasia,Eye_Orbit,2
Eye_Orbit::Soft_Tissue::Vascular::Masson_Tumor,Eye_Orbit,2
Eye_Orbit::Uveal_Tract::Iris::Benign_Hamartoma::Lisch_Nodule,Eye_Orbit,2
Eye_Orbit::Uveal_Tract::Iris::Benign_Hamartoma::Pigmented_Epithelial_Cyst,Eye_Orbit,2
GI::Anus::Neoplastic::Glandular::Anal_Adenocarcinoma,GI,2
GI::Appendix::Inflammatory::Acute::Appendiceal_Acute_Appendicitis_Suppurative_And_Gangrenous,GI,2
GI::Appendix::Inflammatory::Acute::Appendiceal_Periappendicitis,GI,2
GI::Appendix::Inflammatory::Infectious::Appendiceal_Enterobius_Vermicularis_Pinworm,GI,2
GI::Appendix::Inflammatory::Obstructive::Appendiceal_Fibrous_Obliteration_Neuroma,GI,2
GI::Appendix::Neoplastic::Adenocarcinoma::Appendiceal_Adenocarcinoma_Intestinal_Type,GI,2
GI::Appendix::Neoplastic::Mucinous::Appendiceal_Mucinous_Adenocarcinoma_Invasive,GI,2
GI::Esophagus::Congenital_Structural::Vascular::Esophageal_Varices,GI,2
GI::Esophagus::Inflammatory::Esophagitis::Esophageal_Esophagitis_Overview_NOS,GI,2
GI::Esophagus::Inflammatory::Esophagitis::Esophageal_Lymphocytic_Esophagitis,GI,2
GI::Esophagus::Inflammatory::Esophagitis::Esophageal_Sloughing_Esophagitis_Dissecans,GI,2
GI::Esophagus::Inflammatory::Infectious::HIV_Associated_Esophageal_Ulcers,GI,2
GI::Esophagus::Inflammatory::Injury::Esophageal_Chemical_Corrosive_Esophagitis,GI,2
GI::Esophagus::Inflammatory::Injury::Esophageal_Pill_Induced_Esophagitis,GI,2
GI::Esophagus::Inflammatory::Injury::Esophageal_Radiation_Esophagitis,GI,2
GI::Esophagus::Neoplastic::Squamous::Esophageal_Squamous_Cell_Carcinoma_Verrucous,GI,2
GI::Esophagus::Neoplastic::Squamous::Esophageal_Squamous_Dysplasia,GI,2
GI::Esophagus::Neoplastic::Squamous::Esophageal_Squamous_Papilloma,GI,2
GI::General::Neoplastic::Metastatic::Carcinoma_Of_Unknown_Primary_CUP,GI,2
GI::General::Neoplastic::Metastatic::Metastases_To_Digestive_System_Sites,GI,2
GI::General::Neoplastic::Neuroendocrine::Paraganglioma,GI,2
GI::Hematolymphoid::Mastocytosis::Systemic_Mastocytosis,GI,2
GI::Hematolymphoid::T_Cell_Lymphoma::Indolent_T_Cell_Lymphoma_GI_Tract,GI,2
GI::Hematolymphoid::T_Cell_Lymphoma::Intestinal_T_Cell_Lymphoma_NOS,GI,2
GI::Liver::Neoplastic::Benign_Biliary::Bile_Duct_Adenoma,GI,2
GI::Liver::Neoplastic::Benign_Biliary::Biliary_Adenofibroma,GI,2
GI::Liver::Neoplastic::Mixed::Calcifying_Nested_Stromal_Epithelial_Tumor,GI,2
GI::Mesenchymal::Miscellaneous::Calcifying_Fibrous_Tumor,GI,2
GI::Mesenchymal::Miscellaneous::Undifferentiated_Sarcoma,GI,2
GI::Mesenchymal::Neural::Ganglioneuromatosis,GI,2
GI::Mesenchymal::Neural::Microcystic_Reticular_Schwannoma,GI,2
GI::Mesenchymal::Skeletal_Muscle::Rhabdomyosarcoma,GI,2
GI::Mesenchymal::Vascular::Epithelioid_Hemangioendothelioma,GI,2
GI::Pancreas::Neoplastic::Blastemal::Pancreatoblastoma,GI,2
GI::Pancreas::Neoplastic::Cystic::Pancreatic_Intraductal_Tubulopapillary_Neoplasm_ITPN,GI,2
GI::Pancreas::Neoplastic::Neuroendocrine::Pancreatic_NET::Glucagonoma,GI,2
GI::Pancreas::Neoplastic::Neuroendocrine::Pancreatic_NET::Insulinoma,GI,2
GI::Pancreas::Neoplastic::Neuroendocrine::Pancreatic_NET::Somatostatinoma,GI,2
GI::Pancreas::Neoplastic::Neuroendocrine::Pancreatic_NET::VIPoma,GI,2
GI::Small_Intestine::Congenital_Structural::Heterotopia::Small_Intestinal_Gastric_Heterotopia,GI,2
GI::Small_Intestine::Congenital_Structural::Malformation::Small_Intestinal_Lymphangioma,GI,2
GI::Small_Intestine::Neoplastic::Adenocarcinoma::Small_Intestinal_Adenocarcinoma_Conventional,GI,2
GI::Stomach::Congenital_Structural::Structural::Gastric_Pyloric_Stenosis,GI,2
GI::Stomach::Depositional_Metabolic::Gastric_Mucosal_Calcinosis,GI,2
GI::Stomach::Depositional_Metabolic::Gastric_Xanthoma,GI,2
GI::Stomach::Inflammatory::Gastritis::Gastric_Granulomatous_Gastritis,GI,2
GI::Stomach::Inflammatory::Gastritis::Gastric_Helicobacter_Heilmannii_Gastritis,GI,2
GI::Stomach::Inflammatory::Gastritis::Gastric_Multifocal_Atrophic_Gastritis,GI,2
GI::Stomach::Neoplastic::Adenocarcinoma::Gastric_Adenocarcinoma_Hepatoid_Variant,GI,2
GI::Stomach::Neoplastic::Adenocarcinoma::Gastric_Carcinoma_With_Lymphoid_Stroma_EBV,GI,2
GI::Stomach::Neoplastic::Adenocarcinoma::Gastric_Gastroblastoma,GI,2
GI::Stomach::Neoplastic::Carcinoma::Gastric_Squamous_Cell_Carcinoma,GI,2
GI::Stomach::Neoplastic::Mesenchymal::Gastric_Glomus_Tumor,GI,2
GI::Stomach::Neoplastic::Mesenchymal::Gastric_Plexiform_Fibromyxoma,GI,2
GI::Stomach::Neoplastic::Neuroendocrine::Gastric_Neuroendocrine_Tumor_Type_1_Autoimmune,GI,2
GI::Syndrome::Cancer_Predisposition::Hereditary_Pancreatic::Hereditary_Familial_Pancreatic_Cancer,GI,2
GI::Syndrome::Polyposis::Adenomatous::Polymerase_Proofreading_Associated_Polyposis_POLE_POLD1,GI,2
GI::Syndrome::Polyposis::Mixed::Hereditary_Mixed_Polyposis_Syndrome_GREM1,GI,2
GI::Syndrome::Polyposis::Serrated::Serrated_Polyposis,GI,2
GU::Bladder::Inflammatory::Polyp::Urethral_Polyp,GU::Bladder,2
GU::Bladder::Mesenchymal::Angiosarcoma,GU::Bladder,2
GU::Bladder::Mesenchymal::Fibroepithelial_Polyp,GU::Bladder,2
GU::Bladder::Mesenchymal::Solitary_Fibrous_Tumor,GU::Bladder,2
GU::Bladder::Non_Neoplastic::Emphysematous_Cystitis,GU::Bladder,2
GU::Bladder::Non_Neoplastic::Encrusted_Cystitis_Pyelitis,GU::Bladder,2
GU::Bladder::Non_Neoplastic::Eosinophilic_Cystitis,GU::Bladder,2
GU::Bladder::Non_Neoplastic::Follicular_Cystitis,GU::Bladder,2
GU::Bladder::Non_Neoplastic::Nephrogenic_Metaplasia,GU::Bladder,2
GU::Kidney::Medical_Kidney_Disease::Glomerular::Acellular_Closure::Fibrillary_Glomerulonephritis,GU::Kidney,2
GU::Kidney::Medical_Kidney_Disease::Glomerular::Acellular_Closure::Thrombotic_Microangiopathy,GU::Kidney,2
GU::Kidney::Medical_Kidney_Disease::Glomerular::Isolated_Hematuria::Alport_Syndrome,GU::Kidney,2
GU::Kidney::Medical_Kidney_Disease::Glomerular::Isolated_Hematuria::Henoch_Schonlein_Purpura_IgA_Vasculitis,GU::Kidney,2
GU::Kidney::Medical_Kidney_Disease::Tubulointerstitial::Acute_Tubular_Necrosis,GU::Kidney,2
GU::Kidney::Medical_Kidney_Disease::Vascular::Renal_Artery_Stenosis,GU::Kidney,2
GU::Kidney::Mesenchymal::Glomus_Tumor,GU::Kidney,2
GU::Kidney::Metanephric::Metanephric_Adenofibroma,GU::Kidney,2
GU::Kidney::Other::Ossifying_Renal_Tumor_of_Infancy,GU::Kidney,2
GU::Kidney::Renal_cell::Eosinophilic_Solid_and_Cystic_RCC,GU::Kidney,2
GU::Kidney::Renal_cell::Eosinophilic_Vacuolated_Tumor_of_the_Kidney,GU::Kidney,2
GU::Kidney::Transplant::Donor_Assessment,GU::Kidney,2
GU::Penis::Mesenchymal::Myointimoma,GU::Penis,2
GU::Penis::Non_Neoplastic::Scrotal_Calcinosis,GU::Penis,2
GU::Penis::Non_Neoplastic::Squamous_Hyperplasia,GU::Penis,2
GU::Penis::Precursor_Lesions::Bowenoid_Papulosis,GU::Penis,2
GU::Penis::Squamous_Neoplasms::Cuniculatum_Squamous_Cell_Carcinoma,GU::Penis,2
GU::Prostate::Benign::Normal_Prostate,GU::Prostate,2
GU::Prostate::Squamous_Neoplasms::Adenosquamous_Carcinoma_of_the_Prostate,GU::Prostate,2
GU::Seminal_Vesicle::Adenocarcinoma_of_the_Seminal_Vesicle,GU::Seminal_Vesicle,2
GU::Seminal_Vesicle::Mixed_Epithelial_and_Stromal_Tumor_of_the_Seminal_Vesicle,GU::Seminal_Vesicle,2
GU::Syndromes::Carney_Complex,GU::Syndromes,2
GU::Syndromes::Hereditary_Leiomyomatosis_and_Renal_Cell_Carcinoma_Syndrome,GU::Syndromes,2
GU::Syndromes::Hereditary_Papillary_Renal_Carcinoma,GU::Syndromes,2
GU::Syndromes::Peutz_Jeghers_Syndrome,GU::Syndromes,2
GU::Syndromes::Von_Hippel_Lindau_Syndrome,GU::Syndromes,2
GU::Testis::Germ_Cell_Tumors::Yolk_Sac_Tumor_Prepubertal_Type,GU::Testis,2
GU::Testis::Non_Neoplastic::Dermoid_Cyst,GU::Testis,2
GU::Testis::Non_Neoplastic::Varicocele,GU::Testis,2
GU::Testis::Paratesticular::Melanotic_Neuroectodermal_Tumor,GU::Testis,2
GU::Testis::Sex_Cord_Stromal_Tumors::Gonadoblastoma,GU::Testis,2
GU::Testis::Sex_Cord_Stromal_Tumors::Intratubular_Large_Cell_Hyalinizing_Sertoli_Cell_Neoplasia,GU::Testis,2
GU::Testis::Sex_Cord_Stromal_Tumors::Signet_Ring_Stromal_Tumor,GU::Testis,2
GU::Testis::Tunica_Albuginea_Mesothelium::Tumors,GU::Testis,2
GYN::Cervix::Congenital_Structural::Heterotopia::Ectopic_Prostate_Tissue,GYN::Cervix,2
GYN::Fallopian_Tube::Neoplastic::Miscellaneous::Female_Adnexal_Tumor_Probable_Wolffian_Origin_FATWO,GYN::Fallopian_Tube,2
GYN::Fallopian_Tube::Neoplastic::Miscellaneous::STK11_Adnexal_Tumor,GYN::Fallopian_Tube,2
GYN::Ovary::Neoplastic::Epithelial::Borderline::Brenner_Tumor_Borderline,GYN::Ovary,2
GYN::Ovary::Neoplastic::Mixed::Malignant::Mesodermal_Adenosarcoma,GYN::Ovary,2
GYN::Uterus::Neoplastic::Mesenchymal::Malignant::SMARC_Deficient_Uterine_Sarcoma,GYN::Uterus,2
GYN::Vagina::Neoplastic::Melanocytic::Malignant::Malignant_Melanoma,GYN::Vagina,2
GYN::Vulva::Congenital_Structural::Mechanical::Massive_Edema,GYN::Vulva,2
GYN::Vulva::Infectious::Bacterial::Chancroid,GYN::Vulva,2
GYN::Vulva::Neoplastic::Epithelial::Malignant::Bartholin_Gland_Carcinoma,GYN::Vulva,2
GYN::Vulva::Neoplastic::Melanocytic::Benign::Common_Melanocytic_Nevus,GYN::Vulva,2
GYN::Vulva::Neoplastic::Mesenchymal::Benign::Angiomyofibroblastoma,GYN::Vulva,2
HN::Ear_Temporal_Bone::Middle_Inner_Ear::Middle_Ear_Papilloma,HN,2
HN::Genetics::Ataxia_Telangiectasia,HN,2
HN::Genetics::Bloom_Syndrome,HN,2
HN::Genetics::Dyskeratosis_Congenita,HN,2
HN::Genetics::Familial_Paraganglioma_Syndrome,HN,2
HN::Genetics::Fanconi_Anemia,HN,2
HN::Genetics::Li_Fraumeni_Syndrome,HN,2
HN::Genetics::Multiple_Endocrine_Neoplasia_Type_2,HN,2
HN::Heme::B_Cell::Pediatric_Type_Follicular_Lymphoma,HN,2
HN::Heme::T_NK_Cell::T_Lymphoblastic_Leukemia_Lymphoma,HN,2
HN::Nasopharynx::Hamartoma::Salivary_Gland_Anlage_Tumor,HN,2
HN::Odontogenic_Maxillofacial::Benign_Epithelial::Adenoid_Ameloblastoma,HN,2
HN::Odontogenic_Maxillofacial::Jaw_Cyst::Botryoid_Odontogenic_Cyst,HN,2
HN::Odontogenic_Maxillofacial::Jaw_Cyst::Inflammatory_Collateral_Cyst,HN,2
HN::Odontogenic_Maxillofacial::Malignant_Bone_Cartilage::Rhabdomyosarcoma_With_TFCP2_Rearrangement,HN,2
HN::Oropharynx::Benign::Hamartomatous_Polyp,HN,2
HN::Salivary_Gland::Malignant_Tumor::Intraductal_Carcinoma,HN,2
HN::Salivary_Gland::Malignant_Tumor::Microsecretory_Adenocarcinoma,HN,2
HN::Sinonasal::Adenocarcinoma::Non_Intestinal_Type_Sinonasal_Adenocarcinoma,HN,2
HN::Sinonasal::Carcinoma::Sinonasal_Lymphoepithelial_Carcinoma,HN,2
HN::Sinonasal::Mesenchymal::Biphenotypic_Sinonasal_Sarcoma,HN,2
HN::Sinonasal::Other::Adamantinomatous_Craniopharyngioma,HN,2
HN::Sinonasal::Papilloma::Sinonasal_Papilloma_Oncocytic,HN,2
HN::Soft_Tissue::Smooth_Muscle::Smooth_Muscle_Tumor_Of_Uncertain_Malignant_Potential,HN,2
Heme::Genetics::Ataxia_Telangiectasia,Heme,2
Heme::Genetics::Bloom_Syndrome,Heme,2
Heme::Genetics::RASopathy,Heme,2
Heme::Histiocytic_Dendritic_Cell::Macrophage::ALK_Positive_Histiocytosis,Heme,2
Heme::Histiocytic_Dendritic_Cell::Other_Dendritic::Indeterminate_Dendritic_Cell_Tumor,Heme,2
Heme::Immune_Deficiency_Associated::EBV_Positive_Mucocutaneous_Ulcer,Heme,2
Heme::Immune_Deficiency_Associated::Lymphoma_Arising_In_Immune_Deficiency,Heme,2
Heme::Immune_Deficiency_Associated::Polymorphic_Lymphoproliferative_Disorder,Heme,2
Heme::Infection::Cat_Scratch_Disease,Heme,2
Heme::Mature_B_Cell::Follicular::Duodenal_Type_Follicular_Lymphoma,Heme,2
Heme::Mature_B_Cell::KSHV_HHV8_Associated::KSHV_HHV8_Positive_Diffuse_Large_B_Cell_Lymphoma,Heme,2
Heme::Mature_B_Cell::KSHV_HHV8_Associated::KSHV_HHV8_Positive_Germinotropic_Lymphoproliferative_Disorder,Heme,2
Heme::Mature_B_Cell::KSHV_HHV8_Associated::Primary_Effusion_Lymphoma,Heme,2
Heme::Mature_B_Cell::Large_B_Cell::Fibrin_Associated_Large_B_Cell_Lymphoma,Heme,2
Heme::Mature_B_Cell::Large_B_Cell::Fluid_Overload_Associated_Large_B_Cell_Lymphoma,Heme,2
Heme::Mature_B_Cell::Large_B_Cell::Plasmablastic_Lymphoma,Heme,2
Heme::Mature_B_Cell::Marginal_Zone::Pediatric_Nodal_Marginal_Zone_Lymphoma,Heme,2
Heme::Mature_T_NK_Cell::Anaplastic_Large_Cell::ALK_Negative_Anaplastic_Large_Cell_Lymphoma,Heme,2
Heme::Mature_T_NK_Cell::Cutaneous::Primary_Cutaneous_Anaplastic_Large_Cell_Lymphoma,Heme,2
Heme::Mature_T_NK_Cell::Cutaneous::Primary_Cutaneous_CD4_Positive_Small_Medium_T_Cell_LPD,Heme,2
Heme::Mature_T_NK_Cell::Cutaneous::Subcutaneous_Panniculitis_Like_T_Cell_Lymphoma,Heme,2
Heme::Mature_T_NK_Cell::EBV_Positive::Severe_Mosquito_Bite_Allergy,Heme,2
Heme::Mature_T_NK_Cell::EBV_Positive::Systemic_Chronic_Active_EBV_Disease,Heme,2
Heme::Mature_T_NK_Cell::EBV_Positive::Systemic_EBV_Positive_T_Cell_Lymphoma_Of_Childhood,Heme,2
Heme::Mature_T_NK_Cell::Intestinal::Enteropathy_Associated_T_Cell_Lymphoma,Heme,2
Heme::Mature_T_NK_Cell::Intestinal::Indolent_NK_Cell_LPD_Of_GI_Tract,Heme,2
Heme::Mature_T_NK_Cell::Intestinal::Indolent_T_Cell_Lymphoma_Of_GI_Tract,Heme,2
Heme::Mature_T_NK_Cell::Intestinal::Intestinal_T_Cell_Lymphoma_NOS,Heme,2
Heme::Mature_T_NK_Cell::Intestinal::Monomorphic_Epitheliotropic_Intestinal_T_Cell_Lymphoma,Heme,2
Heme::Mature_T_NK_Cell::Leukemia::Aggressive_NK_Cell_Leukemia,Heme,2
Heme::Mature_T_NK_Cell::Leukemia::NK_Large_Granular_Lymphocytic_Leukemia,Heme,2
Heme::Metastasis::Metastatic_Tumor_To_Lymph_Node,Heme,2
Heme::Non_Neoplastic::Lymph_Node::Phenytoin_Induced_Lymphadenopathy,Heme,2
Heme::Non_Neoplastic::Platelet_Coagulation::Disseminated_Intravascular_Coagulation,Heme,2
Heme::Non_Neoplastic::Platelet_Coagulation::Factor_Deficiency,Heme,2
Heme::Non_Neoplastic::Platelet_Coagulation::Heparin_Induced_Thrombocytopenia,Heme,2
Heme::Plasma_Cell_Neoplasm::Cryoglobulinemia,Heme,2
Heme::Plasma_Cell_Neoplasm::Heavy_Chain_Disease::Alpha_Heavy_Chain_Disease,Heme,2
Heme::Plasma_Cell_Neoplasm::POEMS_Syndrome,Heme,2
Heme::Stroma_Derived::Fibroblastic_Reticular_Cell_Tumor,Heme,2
Heme::Stroma_Derived::Sclerosing_Angiomatoid_Nodular_Transformation_Of_Spleen,Heme,2
Heme::Tumor_Like_T_Cell::Indolent_T_Lymphoblastic_Proliferation,Heme,2
Molecular::Concept::Assay::Performance::Postanalytic_Interpretation_Followup_Testing,Molecular,2
Molecular::Concept::Ethics::Consent_Incidental_Findings,Molecular,2
Molecular::Concept::Indications::Predictive_Presymptomatic_Testing,Molecular,2
Molecular::Concept::Therapy::Gene_Editing_CRISPR,Molecular,2
Molecular::Heme::Myeloid::Myelodysplastic_Syndromes,Molecular,2
Molecular::Hereditary::Cell_cycle::FAS_Pathway::Autoimmune_Lymphoproliferative_Syndrome_FAS,Molecular,2
Molecular::Hereditary::DNA_Repair::DNA_Polymerization::Polymerase_Proofreading_Associated_Polyposis_POLD1_POLE,Molecular,2
Molecular::Hereditary::Growth_Factor::G_Protein_Coupled_Receptor_Pathway::McCune_Albright_Syndrome_GNAS,Molecular,2
Molecular::Hereditary::Growth_Factor::Growth_Factor_Receptors::Hereditary_Papillary_Renal_Carcinoma_MET,Molecular,2
Molecular::Hereditary::Growth_Factor::PKA_Signaling_Pathway::Carney_Complex_PRKAR1A_PDE8B_PDE11A,Molecular,2
Molecular::Hereditary::Growth_Factor::PKA_Signaling_Pathway::PROS_Syndrome_PIK3CA,Molecular,2
Molecular::Hereditary::Growth_Factor::RAS_MAPK_Pathway::Costello_Syndrome_HRAS,Molecular,2
Molecular::Hereditary::Growth_Factor::RAS_MAPK_Pathway::Noonan_Syndrome,Molecular,2
Molecular::Hereditary::Growth_Factor::WNT_TGFbeta_Pathway::AXIN2_Associated_Polyposis_AXIN2,Molecular,2
Molecular::Hereditary::Growth_Factor::WNT_TGFbeta_Pathway::Hereditary_Mixed_Polyposis_Syndrome_GREM1,Molecular,2
Molecular::Hereditary::Growth_Factor::WNT_TGFbeta_Pathway::Multiple_Endocrine_Neoplasia_Type_1_MEN1,Molecular,2
Molecular::Hereditary::Neurology::Ataxia,Molecular,2
Molecular::Hereditary::Protein_Regulation::Ubiquitin_Pathway::BAP1_Related_Tumor_Predisposition_Syndrome_BAP1,Molecular,2
Molecular::Histocompatibility::HLA_Disease_Association,Molecular,2
Molecular::Infectious::Viral::Cytomegalovirus,Molecular,2
Molecular::Infectious::Viral::Viral_Infections_Immunocompromised_Hosts,Molecular,2
Molecular::Solid::Gastrointestinal::Hepatoblastoma,Molecular,2
Molecular::Solid::Gynecologic::Gestational_Trophoblastic_Disease,Molecular,2
Molecular::Technique::Hybridization::MLPA,Molecular,2
Molecular::Technique::PCR::Methylation_Specific_PCR,Molecular,2
Molecular::Technique::Sequencing::Long_Read_Sequencing,Molecular,2
Molecular::Technique::Sequencing::Pyrosequencing,Molecular,2
Neuro::Concept::IHC::Alpha_Synuclein,Neuro,2
Neuro::Concept::IHC::CD45,Neuro,2
Neuro::Concept::Specimen::Autopsy_Brain,Neuro,2
Neuro::Concept::Stains::Congo_Red,Neuro,2
Neuro::Concept::Stains::Luxol_Fast_Blue,Neuro,2
Neuro::Concept::Stains::Silver_Stain,Neuro,2
Neuro::Genetic_Syndrome::Familial_Adenomatous_Polyposis_1,Neuro,2
Neuro::Genetic_Syndrome::Melanoma_Astrocytoma_Syndrome,Neuro,2
Neuro::Heme::Histiocytic::Erdheim_Chester_Disease,Neuro,2
Neuro::Heme::Histiocytic::Histiocytic_Sarcoma,Neuro,2
Neuro::Heme::Histiocytic::Juvenile_Xanthogranuloma,Neuro,2
Neuro::Heme::Histiocytic::Rosai_Dorfman_Disease,Neuro,2
Neuro::Infection::Aspergillosis,Neuro,2
Neuro::Infection::Herpes_Simplex_Encephalitis,Neuro,2
Neuro::Infection::Parasitic_Infections::Amebic_Infections::Primary_Amebic_Meningoencephalitis,Neuro,2
Neuro::Infection::Tuberculosis,Neuro,2
Neuro::Non_Neoplastic::Degenerative::Alzheimer_Disease,Neuro,2
Neuro::Non_Neoplastic::Degenerative::Motor_Neuron_Disease::Amyotrophic_Lateral_Sclerosis,Neuro,2
Neuro::Non_Neoplastic::Degenerative::Multiple_System_Atrophy,Neuro,2
Neuro::Non_Neoplastic::Degenerative::Synucleinopathy::Parkinson_Disease,Neuro,2
Neuro::Non_Neoplastic::Degenerative::Tauopathy::Corticobasal_Degeneration,Neuro,2
Neuro::Non_Neoplastic::Degenerative::Trinucleotide_Repeat_Disorders::Huntington_Disease,Neuro,2
Neuro::Non_Neoplastic::Degenerative::Trinucleotide_Repeat_Disorders::Spinal_Bulbar_Muscular_Atrophy_X_Linked_Bulbospinal_Neuronopathy,Neuro,2
Neuro::Non_Neoplastic::Demyelinating::Multiple_Sclerosis,Neuro,2
Neuro::Non_Neoplastic::Development::Malformations::Malformations_Of_The_Cerebellum::Lhermitte_Duclos_Disease,Neuro,2
Neuro::Non_Neoplastic::Development::Spinal_Muscular_Atrophy,Neuro,2
Neuro::Non_Neoplastic::Peripheral_Nerve::Neuropathies_Associated_With_Systemic_Diseases::Amyloid_Neuropathy,Neuro,2
Neuro::Non_Neoplastic::Systemic::Liver_Disease::Acquired_Hepatic_Encephalopathy,Neuro,2
Neuro::Non_Neoplastic::Systemic::Vitamin_Deficiencies::Vitamin_B12_Deficiency_And_Subacute_Combined_Degeneration,Neuro,2
Neuro::Normal::Meninges::Meningothelial_Cell,Neuro,2
Neuro::Normal::Pineal::Pineal_Gland,Neuro,2
Neuro::Tumor::Choroid_Plexus::Atypical_Choroid_Plexus_Papilloma,Neuro,2
Neuro::Tumor::Diffuse_Glioma::Adult::Astrocytoma_IDH_mutant,Neuro,2
Neuro::Tumor::Diffuse_Glioma::Pediatric_High_Grade::Diffuse_Pediatric_High_Grade_Glioma_H3_wildtype_and_IDH_wildtype,Neuro,2
Neuro::Tumor::Diffuse_Glioma::Pediatric_Low_Grade::Diffuse_Astrocytoma_MYB_or_MYBL1_altered,Neuro,2
Neuro::Tumor::Embryonal::Embryonal_Tumor_With_Multilayered_Rosette,Neuro,2
Neuro::Tumor::Embryonal_Tumors::Medulloblastoma_Desmoplastic_Nodular_Type,Neuro,2
Neuro::Tumor::Ependymal::Supratentorial_Ependymoma_ZFTA_Fusion_Positive,Neuro,2
Neuro::Tumor::Familial_Tumor_Predisposition_Syndromes::Lynch_Syndrome,Neuro,2
Neuro::Tumor::Glioneuronal_Neuronal::Cerebellar_Liponeurocytoma,Neuro,2
Neuro::Tumor::Lesions_Of_The_Sellar_Region::Pituitary_Adenoma_Pituitary_Neuroendocrine_Tumor::Acidophil_Stem_Cell_Adenoma,Neuro,2
Neuro::Tumor::Meningioma::Atypical_Meningioma,Neuro,2
Neuro::Tumor::Meningioma::Chordoid_Meningioma,Neuro,2
Neuro::Tumor::Neuroendocrine::Paraganglioma,Neuro,2
Neuro::Vascular::Cerebral_Amyloid_Angiopathy::Brain_Hemorrhage,Neuro,2
Peds::BST::Soft_Tissue::Vascular_Capillary_Malformation,Peds,2
Peds::BST::Soft_Tissue::Vascular_Venous_Malformation,Peds,2
Peds::Endocrine::Parathyroid::Parathyroid_Adenoma,Peds,2
Peds::Eye::Lisch_Nodule_Iris_Hamartoma,Peds,2
Peds::GI::Hepatic_Angiosarcoma,Peds,2
Peds::GU::Renal::ALK_Rearranged_Renal_Cell_Carcinoma,Peds,2
Peds::GU::Renal::Eosinophilic_Solid_And_Cystic_Renal_Cell_Carcinoma,Peds,2
Peds::GU::Renal::SMARCB1_Deficient_Renal_Medullary_Carcinoma,Peds,2
Peds::Genetics::Retinoblastoma_Syndrome,Peds,2
Peds::Heme::Lymphoid::ALK_Positive_Large_B_Cell_Lymphoma,Peds,2
Peds::Heme::Lymphoid::B_Lymphoblastic_Leukemia_Lymphoma,Peds,2
Peds::Heme::Lymphoid::Diffuse_Large_B_Cell_Lymphoma_NOS,Peds,2
Peds::Heme::Lymphoid::EBV_Positive_Diffuse_Large_B_Cell_Lymphoma,Peds,2
Peds::Heme::Lymphoid::Hydroa_Vacciniforme_Lymphoproliferative_Disorder,Peds,2
Peds::Heme::Lymphoid::Lymphomatoid_Granulomatosis,Peds,2
Peds::Heme::Lymphoid::Mediastinal_Grey_Zone_Lymphoma,Peds,2
Peds::Heme::Lymphoid::Pediatric_Type_Follicular_Lymphoma,Peds,2
Peds::Heme::Lymphoid::Plasmablastic_Lymphoma,Peds,2
Peds::Heme::Lymphoid::Primary_Mediastinal_Large_B_Cell_Lymphoma,Peds,2
Peds::Heme::Lymphoid::Subcutaneous_Panniculitis_Like_T_Cell_Lymphoma,Peds,2
Peds::Neuro::Choroid_Plexus::Atypical_Choroid_Plexus_Papilloma,Peds,2
Peds::Neuro::Choroid_Plexus::Choroid_Plexus_Carcinoma,Peds,2
Peds::Neuro::Choroid_Plexus::Choroid_Plexus_Papilloma,Peds,2
Peds::Neuro::Ependymal::Spinal_Ependymoma_MYCN_Amplified,Peds,2
Peds::Neuro::Glioma::Diffuse_Hemispheric_Glioma_H3_G34_Mutant,Peds,2
Peds::Neuro::Glioneuronal::Multinodular_And_Vacuolating_Neuronal_Tumor,Peds,2
Peds::Neuro::Sellar::Pituitary_Blastoma,Peds,2
Peds::Neuroblastic::Ganglioneuroblastoma_Intermixed,Peds,2
Peds::Neuroblastic::Ganglioneuroma,Peds,2
Peds::Perinatal::Fetal_Pathology::Malformation,Peds,2
Peds::Thoracic::Cardiac_Rhabdomyoma,Peds,2
Peds::Thoracic::Congenital_Peribronchial_Myofibroblastic_Tumor,Peds,2
Peds::Thoracic::Fetal_Lung_Interstitial_Tumor,Peds,2
Skin::Congenital_Structural::Hamartoma::Acrochordon_Skin_Tag,Skin,2
Skin::Depositional_Metabolic::Alpha1_Antitrypsin_Deficiency,Skin,2
Skin::Infectious::Parasitic::Dirofilariasis,Skin,2
Skin::Inflammatory::Adnexal::Acne_Keloidalis_Nuchae,Skin,2
Skin::Inflammatory::Blistering::Bullous_Lupus_Erythematosus,Skin,2
Skin::Inflammatory::Reactive::Erythema_Toxicum_Neonatorum,Skin,2
Skin::Inflammatory::Reactive::Reactive_Epidermal_Hyperplasia,Skin,2
Skin::Inflammatory::Vasculitis::Behcet_Disease,Skin,2
Skin::Neoplastic::Adnexal::Apocrine::Hidradenoma_Papilliferum,Skin,2
Skin::Neoplastic::Adnexal::Apocrine::Tubular_Apocrine_Adenoma,Skin,2
Skin::Neoplastic::Adnexal::Uncertain::NUT_Carcinoma,Skin,2
Skin::Neoplastic::Epidermal::Benign::Melanoacanthoma,Skin,2
Skin::Neoplastic::Epidermal::Benign::Seborrheic_Keratosis_Clonal,Skin,2
Skin::Neoplastic::Epidermal::Precursor::Actinic_Keratosis_Hypertrophic,Skin,2
Skin::Neoplastic::Epidermal::Precursor::Arsenical_Keratosis,Skin,2
Skin::Neoplastic::Hematolymphoid::ALK_Positive_Histiocytosis,Skin,2
Skin::Neoplastic::Hematolymphoid::EBV_Positive_Mucocutaneous_Ulcer,Skin,2
Skin::Neoplastic::Melanocytic::Benign::Ephelis_Freckle,Skin,2
Skin::Neoplastic::Melanocytic::Benign::Genital_Nevus,Skin,2
Skin::Neoplastic::Melanocytic::Benign::Proliferative_Nodule_in_Congenital_Nevus,Skin,2
Skin::Neoplastic::Melanocytic::Malignant::Melanoma_Oral,Skin,2
Skin::Neoplastic::Melanocytic::Malignant::Melanoma_Variant_Myxoid,Skin,2
Skin::Neoplastic::Soft_Tissue::Fibrous::EWSR1_SMAD3_Rearranged_Fibroblastic_Tumor,Skin,2
Skin::Neoplastic::Soft_Tissue::Fibrous::Gardner_Fibroma,Skin,2
Skin::Neoplastic::Soft_Tissue::Fibrous::Superficial_CD34_Positive_Fibroblastic_Tumor,Skin,2
Skin::Neoplastic::Soft_Tissue::Fibrous::Superficial_Fibromatosis,Skin,2
Skin::Neoplastic::Soft_Tissue::Muscular::Atypical_Intradermal_Smooth_Muscle_Neoplasm,Skin,2
Skin::Neoplastic::Soft_Tissue::Neural::Nasal_Glial_Heterotopia,Skin,2
Skin::Neoplastic::Soft_Tissue::Uncertain::NTRK_Rearranged_Spindle_Cell_Neoplasm,Skin,2
Skin::Neoplastic::Soft_Tissue::Vascular::Dabska_Tumor_Papillary_Intralymphatic_Angioendothelioma,Skin,2
Skin::Neoplastic::Soft_Tissue::Vascular::Myopericytoma,Skin,2
Skin::Neoplastic::Soft_Tissue::Vascular::Poikilodermatous_Plaque_Like_Hemangioma,Skin,2
Skin::Neoplastic::Soft_Tissue::Vascular::Pseudomyogenic_Hemangioendothelioma,Skin,2
Skin::Neoplastic::Uncertain::Myoepithelial_Carcinoma,Skin,2
Skin::Neoplastic::Uncertain::PEComa,Skin,2
Skin::Syndromes::Nevoid_Basal_Cell_Carcinoma_Gorlin_Syndrome,Skin,2
Thorax_Mediastinum::Lung::Inflammatory::Airways::Small_Airway_Disease_Bronchiolocentric_Interstitial_Lung_Disease,Thorax_Mediastinum,2
Thorax_Mediastinum::Lung::Neoplastic::Epithelial::Malignant::Adenocarcinoma::Minimally_Invasive_Adenocarcinoma_MIA,Thorax_Mediastinum,2
Thorax_Mediastinum::Lung::Neoplastic::Epithelial::Malignant::Sarcomatoid::Pleomorphic_Carcinoma,Thorax_Mediastinum,2
Thorax_Mediastinum::Lung::Neoplastic::Epithelial::Malignant::Sarcomatoid::Pulmonary_Blastoma,Thorax_Mediastinum,2
Thorax_Mediastinum::Lung::Neoplastic::Epithelial::Precursor::Atypical_Adenomatous_Hyperplasia_AAH,Thorax_Mediastinum,2
Thorax_Mediastinum::Lung::Neoplastic::Epithelial::Salivary_Gland_Type::Epithelial_Myoepithelial_Carcinoma,Thorax_Mediastinum,2
Thorax_Mediastinum::Lung::Neoplastic::Epithelial::Salivary_Gland_Type::Pleomorphic_Adenoma,Thorax_Mediastinum,2
Thorax_Mediastinum::Lung::Neoplastic::Hematolymphoid::Intravascular_Large_B_Cell_Lymphoma,Thorax_Mediastinum,2
Thorax_Mediastinum::Lung::Neoplastic::Histiocytic::Pulmonary_Erdheim_Chester_Disease,Thorax_Mediastinum,2
Thorax_Mediastinum::Lung::Neoplastic::Mesenchymal::Diffuse_Pulmonary_Lymphangiomatosis,Thorax_Mediastinum,2
Thorax_Mediastinum::Lung::Neoplastic::Mesenchymal::Pleuropulmonary_Blastoma,Thorax_Mediastinum,2
Thorax_Mediastinum::Lung::Neoplastic::Mesenchymal::Pulmonary_Artery_Intimal_Sarcoma,Thorax_Mediastinum,2
Thorax_Mediastinum::Lung::Neoplastic::Neuroendocrine::Well_Differentiated::Carcinoid_Tumorlet,Thorax_Mediastinum,2
Thorax_Mediastinum::Mediastinum::Neoplastic::Hematolymphoid::Primary_Mediastinal_Large_B_Cell_Lymphoma,Thorax_Mediastinum,2
Thorax_Mediastinum::Mesenchymal::Adipocytic::Lipoma,Thorax_Mediastinum,2
Thorax_Mediastinum::Mesenchymal::Adipocytic::Thymolipoma,Thorax_Mediastinum,2
Thorax_Mediastinum::Mesenchymal::Fibroblastic_Myofibroblastic::Inflammatory_Myofibroblastic_Tumor,Thorax_Mediastinum,2
Thorax_Mediastinum::Mesenchymal::Neural::Paraganglioma,Thorax_Mediastinum,2
Thorax_Mediastinum::Mesenchymal::Vascular::Hemangioma,Thorax_Mediastinum,2
Thorax_Mediastinum::Pleura::Inflammatory::Pleuritis_and_Pleural_Plaques,Thorax_Mediastinum,2
Thorax_Mediastinum::Pleura::Neoplastic::Mesothelial::Benign::Adenomatoid_Tumor,Thorax_Mediastinum,2
Thorax_Mediastinum::Pleura::Neoplastic::Mesothelial::Malignant::Localized_Pleural_Mesothelioma,Thorax_Mediastinum,2
Thorax_Mediastinum::Thorax::Neoplastic::Epithelial::NUT_Carcinoma,Thorax_Mediastinum,2
Thorax_Mediastinum::Thymus::Congenital_Structural::Hyperplasia::Thymic_Hyperplasia,Thorax_Mediastinum,2
Thorax_Mediastinum::Thymus::Neoplastic::Epithelial::Carcinoma::Mucoepidermoid_Carcinoma,Thorax_Mediastinum,2
Thorax_Mediastinum::Thymus::Neoplastic::Neuroendocrine::Poorly_Differentiated::Large_Cell_Neuroendocrine_Carcinoma,Thorax_Mediastinum,2
Thorax_Mediastinum::Thymus::Neoplastic::Neuroendocrine::Poorly_Differentiated::Small_Cell_Carcinoma,Thorax_Mediastinum,2
BST::Bone::Congenital_Structural::Mechanical::Pathology_Of_Intervertebral_Discs_And_Menisci,BST,1
BST::Bone::Notochordal::Malignant::Chordoma_Poorly_Differentiated,BST,1
BST::Bone::Other::Benign::Chondromesenchymal_Hamartoma,BST,1
BST::Bone::Other::Malignant::Leiomyosarcoma_Of_Bone,BST,1
BST::Soft_Tissue::Congenital_Structural::Cyst::Peritoneal_Inclusion_Cyst,BST,1
BST::Soft_Tissue::Congenital_Structural::Hamartoma::Smooth_Muscle_Hamartoma,BST,1
BST::Soft_Tissue::Depositional_Metabolic::Deposition::Xanthomas,BST,1
BST::Soft_Tissue::Fibroblastic::Malignant::Epithelioid_Inflammatory_Myofibroblastic_Sarcoma,BST,1
BST::Soft_Tissue::GIST_Visceral::Benign::Benign_Neural_Polyps,BST,1
BST::Soft_Tissue::GIST_Visceral::Intermediate::Gastroblastoma,BST,1
BST::Soft_Tissue::Hematolymphoid::Malignant::Solitary_Extramedullary_Plasmacytoma,BST,1
BST::Soft_Tissue::Inflammatory::Acute_Chronic::Focal_Myositis,BST,1
BST::Soft_Tissue::Skeletal_Muscle::Malignant::Epithelioid_Rhabdomyosarcoma,BST,1
BST::Soft_Tissue::Uncertain_Diff::Malignant::GLI1_Altered_Epithelioid_Mesenchymal_Neoplasm,BST,1
BST::Soft_Tissue::Uncertain_Diff::Malignant::NTRK_Rearranged_Spindle_Cell_Neoplasm,BST,1
BST::Soft_Tissue::Vascular::Benign::Acquired_Tufted_Angioma,BST,1
BST::Syndromes::Predisposition::General::Rothmund_Thomson_Syndrome,BST,1
Breast::Congenital_Structural::Cyst::Simple_Cyst,Breast,1
Breast::Depositional_Metabolic::Amyloidosis,Breast,1
Breast::Infectious::Mycobacterial::Tuberculous_Mastitis,Breast,1
Breast::Inflammatory::Acute::Lactational_Abscess,Breast,1
Breast::Inflammatory::Reactive::Lupus_Mastitis,Breast,1
Breast::Inflammatory::Treatment_Related::Postradiation_Vascular_Proliferation,Breast,1
Breast::Neoplastic::Epithelial::Benign::Columnar_Cell_Change,Breast,1
Breast::Neoplastic::Epithelial::Benign::Ductal_Adenoma,Breast,1
Breast::Neoplastic::Epithelial::Malignant::Acinic_Cell_Carcinoma,Breast,1
Breast::Neoplastic::Epithelial::Malignant::Mucoepidermoid_Carcinoma,Breast,1
Breast::Neoplastic::Epithelial::Malignant::Neuroendocrine_Carcinoma,Breast,1
Breast::Neoplastic::Epithelial::Malignant::Polymorphous_Adenocarcinoma,Breast,1
Breast::Neoplastic::Epithelial::Malignant::Tall_Cell_Carcinoma_Reversed_Polarity,Breast,1
Breast::Neoplastic::Hematolymphoid::Malignant::Burkitt_Lymphoma,Breast,1
Breast::Neoplastic::Mesenchymal::Benign::Leiomyoma,Breast,1
Breast::Syndromes::Ataxia_Telangiectasia,Breast,1
Breast::Syndromes::CDH1_Associated_Breast_Cancer,Breast,1
Breast::Syndromes::Cowden_Syndrome,Breast,1
Breast::Syndromes::Li_Fraumeni_Syndrome_CHEK2_Associated,Breast,1
Breast::Syndromes::Li_Fraumeni_Syndrome_TP53_Associated,Breast,1
Breast::Syndromes::Neurofibromatosis_Type_1,Breast,1
Breast::Syndromes::PALB2_Associated_Cancer,Breast,1
Breast::Syndromes::Peutz_Jeghers_Syndrome,Breast,1
Breast::Syndromes::Polygenic_Susceptibility,Breast,1
Cyto_Adrenal::Benign::Adrenal_Cortical_Hyperplasia,Cyto_Adrenal,1
Cyto_Adrenal::Benign::Adrenal_Cyst,Cyto_Adrenal,1
Cyto_Adrenal::Benign::Adrenal_Infection_Histoplasmosis,Cyto_Adrenal,1
Cyto_Adrenal::Benign::Adrenal_Infection_Tuberculosis,Cyto_Adrenal,1
Cyto_Adrenal::Benign::Ganglioneuroma,Cyto_Adrenal,1
Cyto_Adrenal::Category::Benign,Cyto_Adrenal,1
Cyto_Adrenal::Category::Malignant,Cyto_Adrenal,1
Cyto_Adrenal::Category::Nondiagnostic,Cyto_Adrenal,1
Cyto_Adrenal::Category::Suspicious_For_Malignancy,Cyto_Adrenal,1
Cyto_Adrenal::Malignant::Adrenal_Cortical_Carcinoma_Oncocytic,Cyto_Adrenal,1
Cyto_Adrenal::Malignant::Ganglioneuroblastoma,Cyto_Adrenal,1
Cyto_Adrenal::Malignant::Hematopoietic_Neoplasm_Adrenal,Cyto_Adrenal,1
Cyto_Adrenal::Malignant::Leukemia_Adrenal,Cyto_Adrenal,1
Cyto_Adrenal::Malignant::Lymphoma_Adrenal,Cyto_Adrenal,1
Cyto_Adrenal::Malignant::Malignant_Pheochromocytoma,Cyto_Adrenal,1
Cyto_Adrenal::Malignant::Metastasis_To_Adrenal,Cyto_Adrenal,1
Cyto_Adrenal::Malignant::Metastasis_To_Adrenal_Breast,Cyto_Adrenal,1
Cyto_Adrenal::Malignant::Metastasis_To_Adrenal_Colon,Cyto_Adrenal,1
Cyto_Adrenal::Malignant::Metastasis_To_Adrenal_Hepatocellular_Carcinoma,Cyto_Adrenal,1
Cyto_Adrenal::Malignant::Metastasis_To_Adrenal_Lung,Cyto_Adrenal,1
Cyto_Adrenal::Malignant::Metastasis_To_Adrenal_Melanoma,Cyto_Adrenal,1
Cyto_Adrenal::Malignant::Metastasis_To_Adrenal_Pancreatic,Cyto_Adrenal,1
Cyto_Adrenal::Malignant::Metastasis_To_Adrenal_Renal_Cell_Carcinoma,Cyto_Adrenal,1
Cyto_Bone::Benign::Aneurysmal_Bone_Cyst,Cyto_Bone,1
Cyto_Bone::Benign::Benign_Notochordal_Cell_Tumor,Cyto_Bone,1
Cyto_Bone::Benign::Brown_Tumor_Hyperparathyroidism,Cyto_Bone,1
Cyto_Bone::Benign::Enchondroma,Cyto_Bone,1
Cyto_Bone::Benign::Giant_Cell_Tumor_Bone,Cyto_Bone,1
Cyto_Bone::Benign::Langerhans_Cell_Histiocytosis_Eosinophilic_Granuloma,Cyto_Bone,1
Cyto_Bone::Benign::Non_Ossifying_Fibroma,Cyto_Bone,1
Cyto_Bone::Benign::Osteoblastoma,Cyto_Bone,1
Cyto_Bone::Benign::Osteomyelitis_Chronic_Granulomatous,Cyto_Bone,1
Cyto_Bone::Malignant::Adamantinoma,Cyto_Bone,1
Cyto_Bone::Malignant::Adamantinoma_Like_Ewing_Sarcoma,Cyto_Bone,1
Cyto_Bone::Malignant::Chondrosarcoma_Clear_Cell,Cyto_Bone,1
Cyto_Bone::Malignant::Chondrosarcoma_Dedifferentiated,Cyto_Bone,1
Cyto_Bone::Malignant::Chondrosarcoma_Mesenchymal,Cyto_Bone,1
Cyto_Bone::Malignant::Chordoma,Cyto_Bone,1
Cyto_Bone::Malignant::Chordoma_Dedifferentiated,Cyto_Bone,1
Cyto_Bone::Malignant::Lymphoma_Bone,Cyto_Bone,1
Cyto_Bone::Malignant::Metastatic_Carcinoma_To_Bone,Cyto_Bone,1
Cyto_Bone::Malignant::Osteosarcoma_Conventional,Cyto_Bone,1
Cyto_Bone::Malignant::Osteosarcoma_Low_Grade,Cyto_Bone,1
Cyto_Bone::Malignant::Osteosarcoma_Small_Cell,Cyto_Bone,1
Cyto_Bone::Malignant::Osteosarcoma_Telangiectatic,Cyto_Bone,1
Cyto_Bone::Malignant::Plasmacytoma_Myeloma,Cyto_Bone,1
Cyto_Breast::Atypical::Atypical_Ductal_Hyperplasia_ADH,Cyto_Breast,1
Cyto_Breast::Atypical::Flat_Epithelial_Atypia_FEA,Cyto_Breast,1
Cyto_Breast::Benign::Neoplasm::Adenomyoepithelioma,Cyto_Breast,1
Cyto_Breast::Benign::Neoplasm::Fibroadenoma_Complex,Cyto_Breast,1
Cyto_Breast::Benign::Neoplasm::Fibroadenoma_Giant,Cyto_Breast,1
Cyto_Breast::Benign::Neoplasm::Fibroadenoma_Juvenile,Cyto_Breast,1
Cyto_Breast::Benign::Neoplasm::Granular_Cell_Tumor,Cyto_Breast,1
Cyto_Breast::Benign::Neoplasm::Hamartoma,Cyto_Breast,1
Cyto_Breast::Benign::Neoplasm::Inflammatory_Myofibroblastic_Tumor,Cyto_Breast,1
Cyto_Breast::Benign::Neoplasm::Lipoma,Cyto_Breast,1
Cyto_Breast::Benign::Neoplasm::Myofibroblastoma,Cyto_Breast,1
Cyto_Breast::Benign::Neoplasm::Nipple_Adenoma,Cyto_Breast,1
Cyto_Breast::Benign::Neoplasm::Nodular_Fasciitis,Cyto_Breast,1
Cyto_Breast::Benign::Neoplasm::Pleomorphic_Adenoma,Cyto_Breast,1
Cyto_Breast::Benign::Neoplasm::Tubular_Adenoma,Cyto_Breast,1
Cyto_Breast::Benign::Non_Neoplastic::Amyloid_Tumor,Cyto_Breast,1
Cyto_Breast::Benign::Non_Neoplastic::Collagenous_Spherulosis,Cyto_Breast,1
Cyto_Breast::Benign::Non_Neoplastic::Cyst_Apocrine,Cyto_Breast,1
Cyto_Breast::Benign::Non_Neoplastic::Cyst_Simple,Cyto_Breast,1
Cyto_Breast::Benign::Non_Neoplastic::Fibrocystic_Changes_Proliferative_With_Atypia,Cyto_Breast,1
Cyto_Breast::Benign::Non_Neoplastic::Galactocele,Cyto_Breast,1
Cyto_Breast::Benign::Non_Neoplastic::Lactating_Adenoma_Pregnancy_Changes,Cyto_Breast,1
Cyto_Breast::Benign::Non_Neoplastic::Microglandular_Adenosis,Cyto_Breast,1
Cyto_Breast::Benign::Non_Neoplastic::Mucocele_Like_Lesion,Cyto_Breast,1
Cyto_Breast::Benign::Non_Neoplastic::Pseudoangiomatous_Stromal_Hyperplasia_PASH,Cyto_Breast,1
Cyto_Breast::Benign::Non_Neoplastic::Radial_Scar_Complex_Sclerosing_Lesion,Cyto_Breast,1
Cyto_Breast::Benign::Non_Neoplastic::Seroma,Cyto_Breast,1
Cyto_Breast::Benign::Non_Neoplastic::Synovial_Metaplasia_Implants,Cyto_Breast,1
Cyto_Breast::Fibroepithelial::Phyllodes_Tumor_Benign,Cyto_Breast,1
Cyto_Breast::Fibroepithelial::Phyllodes_Tumor_Borderline,Cyto_Breast,1
Cyto_Breast::Fibroepithelial::Phyllodes_Tumor_Malignant,Cyto_Breast,1
Cyto_Breast::Inflammatory::Mastitis_Chronic,Cyto_Breast,1
Cyto_Breast::Inflammatory::Mastitis_Granulomatous,Cyto_Breast,1
Cyto_Breast::Inflammatory::Mastitis_Plasma_Cell_Duct_Ectasia,Cyto_Breast,1
Cyto_Breast::Inflammatory::Silicone_Granuloma,Cyto_Breast,1
Cyto_Breast::Inflammatory::Subareolar_Abscess_Squamous_Metaplasia,Cyto_Breast,1
Cyto_Breast::Malignant::Carcinoma::Apocrine_Carcinoma,Cyto_Breast,1
Cyto_Breast::Malignant::Carcinoma::Cystic_Hypersecretory_Carcinoma,Cyto_Breast,1
Cyto_Breast::Malignant::Carcinoma::Glycogen_Rich_Clear_Cell_Carcinoma,Cyto_Breast,1
Cyto_Breast::Malignant::Carcinoma::Inflammatory_Carcinoma,Cyto_Breast,1
Cyto_Breast::Malignant::Carcinoma::Invasive_Lobular_Carcinoma_Pleomorphic,Cyto_Breast,1
Cyto_Breast::Malignant::Carcinoma::Metaplastic_Carcinoma_Matrix_Producing,Cyto_Breast,1
Cyto_Breast::Malignant::Carcinoma::Metaplastic_Carcinoma_Spindle_Cell,Cyto_Breast,1
Cyto_Breast::Malignant::Carcinoma::Metaplastic_Carcinoma_Squamous,Cyto_Breast,1
Cyto_Breast::Malignant::Carcinoma::Micropapillary_Carcinoma,Cyto_Breast,1
Cyto_Breast::Malignant::Carcinoma::Mucinous_Colloid_Carcinoma,Cyto_Breast,1
Cyto_Breast::Malignant::Carcinoma::Neuroendocrine_Carcinoma,Cyto_Breast,1
Cyto_Breast::Malignant::Carcinoma::Paget_Disease_Nipple,Cyto_Breast,1
Cyto_Breast::Malignant::Carcinoma::Papillary_Carcinoma_Intracystic,Cyto_Breast,1
Cyto_Breast::Malignant::Carcinoma::Papillary_Carcinoma_Invasive,Cyto_Breast,1
Cyto_Breast::Malignant::Carcinoma::Secretory_Carcinoma,Cyto_Breast,1
Cyto_Breast::Malignant::Carcinoma::Tubular_Carcinoma,Cyto_Breast,1
Cyto_Breast::Malignant::Carcinoma::Tubulolobular_Carcinoma,Cyto_Breast,1
Cyto_Breast::Malignant::Heme::Anaplastic_Large_Cell_Lymphoma_BIA,Cyto_Breast,1
Cyto_Breast::Malignant::Heme::Granulocytic_Sarcoma,Cyto_Breast,1
Cyto_Breast::Malignant::Heme::Lymphoma_Non_Hodgkin,Cyto_Breast,1
Cyto_Breast::Malignant::Heme::Plasmacytoma,Cyto_Breast,1
Cyto_Breast::Malignant::Metastatic::Metastatic_Tumor_To_Breast,Cyto_Breast,1
Cyto_Breast::Malignant::Sarcoma::Leiomyosarcoma,Cyto_Breast,1
Cyto_Breast::Malignant::Sarcoma::Liposarcoma,Cyto_Breast,1
Cyto_Breast::Malignant::Sarcoma::Osteosarcoma,Cyto_Breast,1
Cyto_Breast::Malignant::Sarcoma::Rhabdomyosarcoma,Cyto_Breast,1
Cyto_Breast::Malignant::Sarcoma::Undifferentiated_Pleomorphic_Sarcoma_MFH,Cyto_Breast,1
Cyto_Breast::Pattern::Large_Epithelial_Fragments,Cyto_Breast,1
Cyto_Breast::Pattern::Large_Fragments_Dispersed_Cells,Cyto_Breast,1
Cyto_Breast::Pattern::Mucinous_Background,Cyto_Breast,1
Cyto_Breast::Pattern::Papillary_Stellate_Fragments,Cyto_Breast,1
Cyto_Breast::Pattern::Prominent_Necrosis,Cyto_Breast,1
Cyto_Breast::Pattern::Small_Discohesive_Fragments,Cyto_Breast,1
Cyto_Derm::Benign::Chondroid_Syringoma_Mixed_Tumor,Cyto_Derm,1
Cyto_Derm::Benign::Cylindroma,Cyto_Derm,1
Cyto_Derm::Benign::Dermatofibroma_Benign_Fibrous_Histiocytoma,Cyto_Derm,1
Cyto_Derm::Benign::Desmoid_Type_Fibromatosis,Cyto_Derm,1
Cyto_Derm::Benign::Eccrine_Spiradenoma,Cyto_Derm,1
Cyto_Derm::Benign::Endometriosis,Cyto_Derm,1
Cyto_Derm::Benign::Epidermal_Inclusion_Cyst,Cyto_Derm,1
Cyto_Derm::Benign::Fat_Necrosis,Cyto_Derm,1
Cyto_Derm::Benign::Ganglion_Cyst,Cyto_Derm,1
Cyto_Derm::Benign::Glomus_Tumor,Cyto_Derm,1
Cyto_Derm::Benign::Granular_Cell_Tumor,Cyto_Derm,1
Cyto_Derm::Benign::Hemangioma,Cyto_Derm,1
Cyto_Derm::Benign::Hibernoma,Cyto_Derm,1
Cyto_Derm::Benign::Lipoma,Cyto_Derm,1
Cyto_Derm::Benign::Lymphangioma,Cyto_Derm,1
Cyto_Derm::Benign::Melanocytic_Nevus,Cyto_Derm,1
Cyto_Derm::Benign::Neurofibroma,Cyto_Derm,1
Cyto_Derm::Benign::Nodular_Fasciitis,Cyto_Derm,1
Cyto_Derm::Benign::Normal_Skin_Cytology,Cyto_Derm,1
Cyto_Derm::Benign::Pilomatrixoma,Cyto_Derm,1
Cyto_Derm::Benign::Scar_Keloid,Cyto_Derm,1
Cyto_Derm::Benign::Schwannoma,Cyto_Derm,1
Cyto_Derm::Benign::Seborrheic_Keratosis,Cyto_Derm,1
Cyto_Derm::Benign::Spindle_Cell_Pleomorphic_Lipoma,Cyto_Derm,1
Cyto_Derm::Benign::Syringoma,Cyto_Derm,1
Cyto_Derm::Malignant::Angiosarcoma,Cyto_Derm,1
Cyto_Derm::Malignant::Atypical_Lipomatous_Tumor_Well_Differentiated_Liposarcoma,Cyto_Derm,1
Cyto_Derm::Malignant::Dedifferentiated_Liposarcoma,Cyto_Derm,1
Cyto_Derm::Malignant::Dermatofibrosarcoma_Protuberans_DFSP,Cyto_Derm,1
Cyto_Derm::Malignant::Extraskeletal_Myxoid_Chondrosarcoma,Cyto_Derm,1
Cyto_Derm::Malignant::Kaposi_Sarcoma,Cyto_Derm,1
Cyto_Derm::Malignant::Leiomyosarcoma,Cyto_Derm,1
Cyto_Derm::Malignant::Malignant_Melanoma_Skin,Cyto_Derm,1
Cyto_Derm::Malignant::Metastatic_Carcinoma_to_Skin,Cyto_Derm,1
Cyto_Derm::Malignant::Mucinous_Carcinoma_Skin,Cyto_Derm,1
Cyto_Derm::Malignant::Myxoid_Liposarcoma,Cyto_Derm,1
Cyto_Derm::Malignant::Paget_Disease_Skin,Cyto_Derm,1
Cyto_Derm::Malignant::Pleomorphic_Liposarcoma,Cyto_Derm,1
Cyto_Derm::Malignant::Rhabdomyosarcoma,Cyto_Derm,1
Cyto_Derm::Malignant::Sebaceous_Carcinoma,Cyto_Derm,1
Cyto_Derm::Malignant::Synovial_Sarcoma,Cyto_Derm,1
Cyto_Derm::Malignant::Undifferentiated_Pleomorphic_Sarcoma,Cyto_Derm,1
Cyto_Fluids::Benign::Arachnoid_Cells,Cyto_Fluids,1
Cyto_Fluids::Benign::Normal_CSF_Cytology,Cyto_Fluids,1
Cyto_Fluids::Benign_Reactive::Inflammatory::Acute_Serositis_Empyema,Cyto_Fluids,1
Cyto_Fluids::Benign_Reactive::Inflammatory::Eosinophilic_Effusion,Cyto_Fluids,1
Cyto_Fluids::Benign_Reactive::Inflammatory::Granulomatous_Inflammation,Cyto_Fluids,1
Cyto_Fluids::Benign_Reactive::Mesothelial::Mesothelial_Hyperplasia_Nodular_Histiocytic,Cyto_Fluids,1
Cyto_Fluids::Benign_Reactive::Ovarian_Cyst::Endometriotic_Cyst_Chocolate_Cyst,Cyto_Fluids,1
Cyto_Fluids::Benign_Reactive::Ovarian_Cyst::Follicular_Cyst,Cyto_Fluids,1
Cyto_Fluids::Benign_Reactive::Ovarian_Cyst::Mature_Cystic_Teratoma_Dermoid,Cyto_Fluids,1
Cyto_Fluids::Benign_Reactive::Ovarian_Cyst::Mucinous_Cystadenoma,Cyto_Fluids,1
Cyto_Fluids::Benign_Reactive::Ovarian_Cyst::Serous_Cystadenoma,Cyto_Fluids,1
Cyto_Fluids::Benign_Reactive::Reactive_Pleocytosis,Cyto_Fluids,1
Cyto_Fluids::Benign_Reactive::Specific_Conditions::Boerhaave_Syndrome_Esophageal_Rupture,Cyto_Fluids,1
Cyto_Fluids::Benign_Reactive::Specific_Conditions::Detached_Ciliary_Tufts,Cyto_Fluids,1
Cyto_Fluids::Benign_Reactive::Specific_Conditions::Extramedullary_Hematopoiesis_Megakaryocytes,Cyto_Fluids,1
Cyto_Fluids::Benign_Reactive::Specific_Conditions::Fistula_Vegetable_Matter,Cyto_Fluids,1
Cyto_Fluids::Infectious::Bacteria::Actinomyces,Cyto_Fluids,1
Cyto_Fluids::Infectious::Bacteria::Mycobacterium_Tuberculosis,Cyto_Fluids,1
Cyto_Fluids::Infectious::Bacteria::Nocardia,Cyto_Fluids,1
Cyto_Fluids::Infectious::Fungal::Aspergillus_Species,Cyto_Fluids,1
Cyto_Fluids::Infectious::Fungal::Blastomyces_Dermatitidis,Cyto_Fluids,1
Cyto_Fluids::Infectious::Fungal::Candida_Species,Cyto_Fluids,1
Cyto_Fluids::Infectious::Fungal::Coccidioides_Immitis,Cyto_Fluids,1
Cyto_Fluids::Infectious::Fungal::Cryptococcus_Neoformans,Cyto_Fluids,1
Cyto_Fluids::Infectious::Fungal::Pneumocystis_Jirovecii,Cyto_Fluids,1
Cyto_Fluids::Infectious::Mycobacterial::Tuberculous_Meningitis,Cyto_Fluids,1
Cyto_Fluids::Infectious::Parasitic::Echinococcus,Cyto_Fluids,1
Cyto_Fluids::Infectious::Parasitic::Giardia_Lamblia,Cyto_Fluids,1
Cyto_Fluids::Infectious::Viral::Cytomegalovirus_CMV,Cyto_Fluids,1
Cyto_Fluids::Infectious::Viral::Viral_Meningitis_Encephalitis,Cyto_Fluids,1
Cyto_Fluids::Malignant::CNS::Ependymoma,Cyto_Fluids,1
Cyto_Fluids::Malignant::CNS::Glioblastoma_IDH_wildtype,Cyto_Fluids,1
Cyto_Fluids::Malignant::CNS::High_Grade_Glioma_Not_Otherwise_Specified,Cyto_Fluids,1
Cyto_Fluids::Malignant::CNS::Medulloblastoma,Cyto_Fluids,1
Cyto_Fluids::Malignant::CNS::Meningioma,Cyto_Fluids,1
Cyto_Fluids::Malignant::CNS::Solitary_Fibrous_Tumor_Hemangiopericytoma,Cyto_Fluids,1
Cyto_Fluids::Malignant::Germ_Cell::Choriocarcinoma,Cyto_Fluids,1
Cyto_Fluids::Malignant::Germ_Cell::Embryonal_Carcinoma,Cyto_Fluids,1
Cyto_Fluids::Malignant::Germ_Cell::Yolk_Sac_Tumor,Cyto_Fluids,1
Cyto_Fluids::Malignant::Heme::Lymphoma_Burkitt,Cyto_Fluids,1
Cyto_Fluids::Malignant::Heme::Lymphoma_Lymphoblastic,Cyto_Fluids,1
Cyto_Fluids::Malignant::Heme::Lymphoma_Primary_CNS,Cyto_Fluids,1
Cyto_Fluids::Malignant::Heme::Multiple_Myeloma_Plasmacytoma,Cyto_Fluids,1
Cyto_Fluids::Malignant::Heme::Primary_Effusion_Lymphoma_PEL,Cyto_Fluids,1
Cyto_Fluids::Malignant::Heme::Pyothorax_Associated_Lymphoma,Cyto_Fluids,1
Cyto_Fluids::Malignant::Mesothelioma::Mesothelioma_Biphasic_Mixed,Cyto_Fluids,1
Cyto_Fluids::Malignant::Mesothelioma::Mesothelioma_Clear_Cell,Cyto_Fluids,1
Cyto_Fluids::Malignant::Mesothelioma::Mesothelioma_Deciduoid,Cyto_Fluids,1
Cyto_Fluids::Malignant::Mesothelioma::Mesothelioma_Lymphohistiocytoid,Cyto_Fluids,1
Cyto_Fluids::Malignant::Mesothelioma::Mesothelioma_Sarcomatoid,Cyto_Fluids,1
Cyto_Fluids::Malignant::Mesothelioma::Mesothelioma_Small_Cell,Cyto_Fluids,1
Cyto_Fluids::Malignant::Metastatic::Adenocarcinoma_Breast_Lobular,Cyto_Fluids,1
Cyto_Fluids::Malignant::Metastatic::Adenocarcinoma_Endometrial,Cyto_Fluids,1
Cyto_Fluids::Malignant::Metastatic::Adenocarcinoma_Pancreatic,Cyto_Fluids,1
Cyto_Fluids::Malignant::Metastatic::Carcinoma_Leptomeningeal,Cyto_Fluids,1
Cyto_Fluids::Malignant::Metastatic::Prostate_Carcinoma,Cyto_Fluids,1
Cyto_Fluids::Malignant::Metastatic::Thymoma,Cyto_Fluids,1
Cyto_Fluids::Malignant::Ovarian_Primary::Endometrioid_Carcinoma,Cyto_Fluids,1
Cyto_Fluids::Malignant::Ovarian_Primary::Granulosa_Cell_Tumor_Adult,Cyto_Fluids,1
Cyto_Fluids::Malignant::Ovarian_Primary::Granulosa_Cell_Tumor_Juvenile,Cyto_Fluids,1
Cyto_Fluids::Malignant::Ovarian_Primary::Low_Grade_Serous_Carcinoma,Cyto_Fluids,1
Cyto_Fluids::Malignant::Ovarian_Primary::Serous_Borderline_Tumor,Cyto_Fluids,1
Cyto_Fluids::Malignant::Ovarian_Primary::Small_Cell_Carcinoma_Hypercalcemic,Cyto_Fluids,1
Cyto_Fluids::Malignant::Sarcoma::Angiosarcoma,Cyto_Fluids,1
Cyto_Fluids::Malignant::Sarcoma::Ewing_Sarcoma,Cyto_Fluids,1
Cyto_Fluids::Malignant::Sarcoma::Leiomyosarcoma,Cyto_Fluids,1
Cyto_Fluids::Pattern::Call_Exner_Bodies,Cyto_Fluids,1
Cyto_Fluids::Pattern::Granular_Debris_Background,Cyto_Fluids,1
Cyto_Fluids::Pattern::Large_Cell_Clusters_Morulae,Cyto_Fluids,1
Cyto_Fluids::Pattern::Signet_Ring_Cells,Cyto_Fluids,1
Cyto_Fluids::Pattern::Two_Cell_Population_Dimorphic,Cyto_Fluids,1
Cyto_GI_Tract::Anal_Canal::Benign_Precursor::Low_Grade_Squamous_Intraepithelial_Lesion_LSIL,Cyto_GI_Tract,1
Cyto_GI_Tract::Anal_Canal::Malignant::Adenocarcinoma_Rectal_Type,Cyto_GI_Tract,1
Cyto_GI_Tract::Anal_Canal::Malignant::Paget_Disease_Extramammary,Cyto_GI_Tract,1
Cyto_GI_Tract::Benign::Normal_GI_Tract_Cytology,Cyto_GI_Tract,1
Cyto_GI_Tract::Category::Atypical,Cyto_GI_Tract,1
Cyto_GI_Tract::Category::Benign,Cyto_GI_Tract,1
Cyto_GI_Tract::Category::Malignant,Cyto_GI_Tract,1
Cyto_GI_Tract::Category::Nondiagnostic,Cyto_GI_Tract,1
Cyto_GI_Tract::Category::Suspicious_For_Malignancy,Cyto_GI_Tract,1
Cyto_GI_Tract::Colon::Benign_Reactive::Inflammatory_Bowel_Disease_Repair,Cyto_GI_Tract,1
Cyto_GI_Tract::Esophagus::Benign::Leiomyoma_Benign,Cyto_GI_Tract,1
Cyto_GI_Tract::Esophagus::Benign::Normal_Esophageal_Cytology,Cyto_GI_Tract,1
Cyto_GI_Tract::Esophagus::Benign_Precursor::Barrett_Esophagus_Intestinal_Metaplasia,Cyto_GI_Tract,1
Cyto_GI_Tract::Esophagus::Benign_Precursor::Dysplasia_High_Grade,Cyto_GI_Tract,1
Cyto_GI_Tract::Esophagus::Benign_Precursor::Dysplasia_Low_Grade,Cyto_GI_Tract,1
Cyto_GI_Tract::Esophagus::Benign_Reactive::Chemotherapy_Effect,Cyto_GI_Tract,1
Cyto_GI_Tract::Esophagus::Benign_Reactive::Epithelial_Repair_Reflux,Cyto_GI_Tract,1
Cyto_GI_Tract::Esophagus::Infectious::Aspergillus,Cyto_GI_Tract,1
Cyto_GI_Tract::Esophagus::Infectious::Candida_Species,Cyto_GI_Tract,1
Cyto_GI_Tract::Esophagus::Infectious::Cytomegalovirus_CMV,Cyto_GI_Tract,1
Cyto_GI_Tract::Esophagus::Infectious::Herpes_Simplex_Virus_HSV,Cyto_GI_Tract,1
Cyto_GI_Tract::Esophagus::Malignant::Gastrointestinal_Stromal_Tumor_GIST,Cyto_GI_Tract,1
Cyto_GI_Tract::Esophagus::Malignant::Leiomyosarcoma,Cyto_GI_Tract,1
Cyto_GI_Tract::Small_Intestine::Infectious::Cryptosporidia,Cyto_GI_Tract,1
Cyto_GI_Tract::Small_Intestine::Infectious::Cytomegalovirus_Duodenitis,Cyto_GI_Tract,1
Cyto_GI_Tract::Small_Intestine::Infectious::Giardia_Lamblia,Cyto_GI_Tract,1
Cyto_GI_Tract::Small_Intestine::Infectious::Mycobacteria,Cyto_GI_Tract,1
Cyto_GI_Tract::Small_Intestine::Malignant::Adenocarcinoma_Ampullary,Cyto_GI_Tract,1
Cyto_GI_Tract::Small_Intestine::Malignant::Neuroendocrine_Tumor,Cyto_GI_Tract,1
Cyto_GI_Tract::Stomach::Benign::Normal_Gastric_Cytology,Cyto_GI_Tract,1
Cyto_GI_Tract::Stomach::Benign_Precursor::Gastric_Adenoma,Cyto_GI_Tract,1
Cyto_GI_Tract::Stomach::Benign_Precursor::Gastric_Dysplasia,Cyto_GI_Tract,1
Cyto_GI_Tract::Stomach::Benign_Reactive::Gastritis,Cyto_GI_Tract,1
Cyto_GI_Tract::Stomach::Infectious::Cryptosporidia,Cyto_GI_Tract,1
Cyto_GI_Tract::Stomach::Infectious::Giardia_Lamblia,Cyto_GI_Tract,1
Cyto_GI_Tract::Stomach::Infectious::Mycobacteria_Atypical,Cyto_GI_Tract,1
Cyto_GI_Tract::Stomach::Malignant::Adenocarcinoma_Diffuse_Signet_Ring_Cell,Cyto_GI_Tract,1
Cyto_GI_Tract::Stomach::Malignant::Gastrointestinal_Stromal_Tumor_GIST,Cyto_GI_Tract,1
Cyto_GI_Tract::Stomach::Malignant::Leiomyosarcoma,Cyto_GI_Tract,1
Cyto_GI_Tract::Stomach::Malignant::Lymphoma_Diffuse_Large_B_Cell,Cyto_GI_Tract,1
Cyto_GI_Tract::Stomach::Malignant::Lymphoma_MALT,Cyto_GI_Tract,1
Cyto_GI_Tract::Stomach::Malignant::Neuroendocrine_Tumor_Carcinoid,Cyto_GI_Tract,1
Cyto_GYN::Benign_Reactive::Non_Neoplastic::Behcet_Disease,Cyto_GYN,1
Cyto_GYN::Benign_Reactive::Non_Neoplastic::Cyst_Gartner_Duct,Cyto_GYN,1
Cyto_GYN::Benign_Reactive::Non_Neoplastic::Cyst_Inclusion,Cyto_GYN,1
Cyto_GYN::Benign_Reactive::Non_Neoplastic::Cyst_Mullerian,Cyto_GYN,1
Cyto_GYN::Benign_Reactive::Non_Neoplastic::Keratotic_Changes_Parakeratosis,Cyto_GYN,1
Cyto_GYN::Benign_Reactive::Non_Neoplastic::Langerhans_Cell_Histiocytosis,Cyto_GYN,1
Cyto_GYN::Benign_Reactive::Non_Neoplastic::Malacoplakia,Cyto_GYN,1
Cyto_GYN::Benign_Reactive::Non_Neoplastic::Mesonephric_Duct_Remnants,Cyto_GYN,1
Cyto_GYN::Benign_Reactive::Non_Neoplastic::Pregnancy_Associated_Arias_Stella_Reaction,Cyto_GYN,1
Cyto_GYN::Benign_Reactive::Non_Neoplastic::Transitional_Cell_Metaplasia,Cyto_GYN,1
Cyto_GYN::Benign_Reactive::Non_Neoplastic::Vaginitis_Emphysematosa,Cyto_GYN,1
Cyto_GYN::Benign_Reactive::Organisms::Adenovirus,Cyto_GYN,1
Cyto_GYN::Benign_Reactive::Organisms::Entamoeba_Histolytica,Cyto_GYN,1
Cyto_GYN::Benign_Reactive::Organisms::Enterobius_Vermicularis_Pinworm,Cyto_GYN,1
Cyto_GYN::Benign_Reactive::Organisms::Granuloma_Inguinale_Donovan_Bodies,Cyto_GYN,1
Cyto_GYN::Benign_Reactive::Organisms::Herpes_Zoster_Virus_VZV,Cyto_GYN,1
Cyto_GYN::Benign_Reactive::Organisms::Lactobacillosis,Cyto_GYN,1
Cyto_GYN::Benign_Reactive::Organisms::Leptotrichia_Buccalis_Leptothrix,Cyto_GYN,1
Cyto_GYN::Benign_Reactive::Organisms::Molluscum_Contagiosum,Cyto_GYN,1
Cyto_GYN::Benign_Reactive::Organisms::Polyomavirus_BK_Virus_Decoy_Cells,Cyto_GYN,1
Cyto_GYN::Benign_Reactive::Organisms::Schistosoma,Cyto_GYN,1
Cyto_GYN::Benign_Reactive::Organisms::Wuchereria_Bancrofti_Filariasis,Cyto_GYN,1
Cyto_GYN::Glandular::Benign_Neoplasm::Endometrial_Polyp,Cyto_GYN,1
Cyto_GYN::Glandular::Benign_Neoplasm::Papillary_Hidradenoma,Cyto_GYN,1
Cyto_GYN::Glandular::Carcinoma::Adenocarcinoma_Endocervical_Mucinous_Intestinal_Type,Cyto_GYN,1
Cyto_GYN::Glandular::Carcinoma::Adenocarcinoma_Endocervical_Mucinous_Signet_Ring,Cyto_GYN,1
Cyto_GYN::Glandular::Carcinoma::Adenocarcinoma_Endocervical_Villoglandular,Cyto_GYN,1
Cyto_GYN::Glandular::Carcinoma::Adenocarcinoma_Endometrial_Clear_Cell,Cyto_GYN,1
Cyto_GYN::Glandular::Carcinoma::Adenocarcinoma_Endometrial_Serous,Cyto_GYN,1
Cyto_GYN::Glandular::Hyperplasia::Endometrial_Hyperplasia_Atypical,Cyto_GYN,1
Cyto_GYN::Glandular::Hyperplasia::Endometrial_Hyperplasia_Simple,Cyto_GYN,1
Cyto_GYN::Malignant_Other::Adenosarcoma,Cyto_GYN,1
Cyto_GYN::Malignant_Other::Gestational_Choriocarcinoma,Cyto_GYN,1
Cyto_GYN::Malignant_Other::Gestational_Hydatidiform_Mole,Cyto_GYN,1
Cyto_GYN::Malignant_Other::Metastatic_Tumor_Breast,Cyto_GYN,1
Cyto_GYN::Squamous::Squamous_Cell_Carcinoma_Basaloid,Cyto_GYN,1
Cyto_GYN::Squamous::Squamous_Cell_Carcinoma_Lymphoepithelioma_Like,Cyto_GYN,1
Cyto_GYN::Squamous::Squamous_Cell_Carcinoma_Microinvasive_SISCA,Cyto_GYN,1
Cyto_GYN::Squamous::Squamous_Cell_Carcinoma_Sarcomatoid,Cyto_GYN,1
Cyto_GYN::Squamous::Squamous_Cell_Carcinoma_Verrucous,Cyto_GYN,1
Cyto_Head_Neck::Benign::Benign_Epithelial_Neoplasm,Cyto_Head_Neck,1
Cyto_Head_Neck::Benign::Carotid_Body_Tumor_Paraganglioma,Cyto_Head_Neck,1
Cyto_Head_Neck::Benign::Cervical_Rib,Cyto_Head_Neck,1
Cyto_Head_Neck::Benign::Chondroma_Hyoid,Cyto_Head_Neck,1
Cyto_Head_Neck::Benign::Ectopic_Parathyroid_Tissue,Cyto_Head_Neck,1
Cyto_Head_Neck::Benign::Ectopic_Thymic_Tissue,Cyto_Head_Neck,1
Cyto_Head_Neck::Benign::Ectopic_Thyroid_Tissue,Cyto_Head_Neck,1
Cyto_Head_Neck::Benign::Granular_Cell_Tumor,Cyto_Head_Neck,1
Cyto_Head_Neck::Benign::Nerve_Sheath_Tumor,Cyto_Head_Neck,1
Cyto_Head_Neck::Benign::Nodular_Fasciitis_Head_Neck,Cyto_Head_Neck,1
Cyto_Head_Neck::Benign::Normal_Head_Neck_Cytology,Cyto_Head_Neck,1
Cyto_Head_Neck::Benign::Paraganglioma,Cyto_Head_Neck,1
Cyto_Head_Neck::Benign::Parathyroid_Cyst,Cyto_Head_Neck,1
Cyto_Head_Neck::Benign::Thyroglossal_Duct_Cyst,Cyto_Head_Neck,1
Cyto_Head_Neck::Infectious::Actinomycosis,Cyto_Head_Neck,1
Cyto_Head_Neck::Infectious::Bacterial_Infection,Cyto_Head_Neck,1
Cyto_Head_Neck::Infectious::Candidiasis,Cyto_Head_Neck,1
Cyto_Head_Neck::Infectious::Fungal_Infection,Cyto_Head_Neck,1
Cyto_Head_Neck::Malignant::Malignant_Salivary_Gland_Neoplasm,Cyto_Head_Neck,1
Cyto_Head_Neck::Malignant::Merkel_Cell_Carcinoma,Cyto_Head_Neck,1
Cyto_Head_Neck::Malignant::Metastatic_Carcinoma,Cyto_Head_Neck,1
Cyto_Head_Neck::Malignant::Metastatic_Melanoma,Cyto_Head_Neck,1
Cyto_Head_Neck::Malignant::Metastatic_Sarcoma,Cyto_Head_Neck,1
Cyto_Head_Neck::Malignant::Metastatic_Thyroid_Carcinoma,Cyto_Head_Neck,1
Cyto_Head_Neck::Malignant::Nasopharyngeal_Carcinoma,Cyto_Head_Neck,1
Cyto_Head_Neck::Malignant::Olfactory_Neuroblastoma,Cyto_Head_Neck,1
Cyto_Head_Neck::Malignant::Thyroglossal_Duct_Carcinoma,Cyto_Head_Neck,1
Cyto_Heme::Benign::Normal_Bone_Marrow_Cytology,Cyto_Heme,1
Cyto_Heme::Benign::Normal_Spleen_Cytology,Cyto_Heme,1
Cyto_Heme::Benign::Normal_Thymus_Cytology,Cyto_Heme,1
Cyto_Heme::Benign::Splenic_Lesion_NOS,Cyto_Heme,1
Cyto_Heme::Benign::Vascular_Lesion_NOS,Cyto_Heme,1
Cyto_Heme::Benign_Reactive::General::Dermatopathic_Lymphadenitis,Cyto_Heme,1
Cyto_Heme::Benign_Reactive::General::Drug_Associated_Lymphadenopathy,Cyto_Heme,1
Cyto_Heme::Benign_Reactive::General::Immunoblastic_Reaction,Cyto_Heme,1
Cyto_Heme::Benign_Reactive::General::Prominent_Histiocytosis,Cyto_Heme,1
Cyto_Heme::Benign_Reactive::General::Prominent_Necrosis,Cyto_Heme,1
Cyto_Heme::Benign_Reactive::General::Prominent_Plasmacytosis,Cyto_Heme,1
Cyto_Heme::Benign_Reactive::General::Reactive_Lymphoid_Hyperplasia_Paracortical,Cyto_Heme,1
Cyto_Heme::Benign_Reactive::General::Silicone_Lymphadenitis,Cyto_Heme,1
Cyto_Heme::Benign_Reactive::Infectious::Brucellosis,Cyto_Heme,1
Cyto_Heme::Benign_Reactive::Infectious::Fungal_Coccidioides,Cyto_Heme,1
Cyto_Heme::Benign_Reactive::Infectious::Fungal_Cryptococcus,Cyto_Heme,1
Cyto_Heme::Benign_Reactive::Infectious::Fungal_Histoplasma,Cyto_Heme,1
Cyto_Heme::Benign_Reactive::Infectious::Mycobacterium_Atypical_MAI,Cyto_Heme,1
Cyto_Heme::Benign_Reactive::Infectious::Mycobacterium_Leprae_Leprosy,Cyto_Heme,1
Cyto_Heme::Benign_Reactive::Infectious::Parasitic_Filariasis,Cyto_Heme,1
Cyto_Heme::Benign_Reactive::Infectious::Parasitic_Leishmaniasis,Cyto_Heme,1
Cyto_Heme::Benign_Reactive::Infectious::Parasitic_Toxoplasmosis,Cyto_Heme,1
Cyto_Heme::Benign_Reactive::Infectious::Viral_Cytomegalovirus_CMV,Cyto_Heme,1
Cyto_Heme::Benign_Reactive::Infectious::Viral_HIV_Associated_Lymphadenopathy,Cyto_Heme,1
Cyto_Heme::Benign_Reactive::Infectious::Viral_Herpes_Simplex_Virus_HSV,Cyto_Heme,1
Cyto_Heme::Benign_Reactive::Infectious::Viral_Infectious_Mononucleosis_EBV,Cyto_Heme,1
Cyto_Heme::Benign_Reactive::Specific::Castleman_Disease_Hyaline_Vascular,Cyto_Heme,1
Cyto_Heme::Benign_Reactive::Specific::Castleman_Disease_Plasma_Cell,Cyto_Heme,1
Cyto_Heme::Benign_Reactive::Specific::Kikuchi_Lymphadenitis,Cyto_Heme,1
Cyto_Heme::Benign_Reactive::Specific::Kimura_Disease,Cyto_Heme,1
Cyto_Heme::Benign_Reactive::Specific::Progressive_Transformation_Germinal_Centers_PTGC,Cyto_Heme,1
Cyto_Heme::Benign_Reactive::Specific::Rheumatoid_Lymphadenopathy,Cyto_Heme,1
Cyto_Heme::Benign_Reactive::Specific::Systemic_Lupus_Erythematosus_Lymphadenitis,Cyto_Heme,1
Cyto_Heme::Malignant::B_Cell_Large::High_Grade_B_Cell_Lymphoma_NOS,Cyto_Heme,1
Cyto_Heme::Malignant::B_Cell_Large::Lymphomatoid_Granulomatosis,Cyto_Heme,1
Cyto_Heme::Malignant::B_Cell_Large::T_Cell_Histiocyte_Rich_Large_B_Cell_Lymphoma,Cyto_Heme,1
Cyto_Heme::Malignant::B_Cell_Small::Lymphoplasmacytic_Lymphoma_Waldenstrom,Cyto_Heme,1
Cyto_Heme::Malignant::B_Cell_Small::Marginal_Zone_Lymphoma_Splenic,Cyto_Heme,1
Cyto_Heme::Malignant::Histiocytic_Dendritic::Blastic_Plasmacytoid_Dendritic_Cell_Neoplasm,Cyto_Heme,1
Cyto_Heme::Malignant::Lymphoma::Enteropathy_Associated_T_Cell_Lymphoma,Cyto_Heme,1
Cyto_Heme::Malignant::Lymphoma::Primary_Cutaneous_Gamma_Delta_T_Cell_Lymphoma,Cyto_Heme,1
Cyto_Heme::Malignant::Metastatic::Carcinoma_Breast_Lung_GI,Cyto_Heme,1
Cyto_Heme::Malignant::Metastatic::Carcinoma_Merkel_Cell,Cyto_Heme,1
Cyto_Heme::Malignant::Metastatic::Carcinoma_Nasopharyngeal,Cyto_Heme,1
Cyto_Heme::Malignant::Metastatic::Carcinoma_Small_Cell,Cyto_Heme,1
Cyto_Heme::Malignant::Metastatic::Germ_Cell_Tumor_Seminoma,Cyto_Heme,1
Cyto_Heme::Malignant::Metastatic::Sarcoma_Kaposi,Cyto_Heme,1
Cyto_Heme::Malignant::Myeloid::Acute_Myeloid_Leukemia,Cyto_Heme,1
Cyto_Heme::Malignant::Myeloid::Myeloid_Sarcoma_Chloroma,Cyto_Heme,1
Cyto_Heme::Malignant::Myeloid::Systemic_Mastocytosis,Cyto_Heme,1
Cyto_Heme::Malignant::T_NK_Cell::Adult_T_Cell_Leukemia_Lymphoma_HTLV1,Cyto_Heme,1
Cyto_Heme::Malignant::T_NK_Cell::Breast_Implant_Associated_Anaplastic_Large_Cell_Lymphoma,Cyto_Heme,1
Cyto_Heme::Malignant::T_NK_Cell::Extranodal_NK_T_Cell_Lymphoma_Nasal_Type,Cyto_Heme,1
Cyto_Heme::Malignant::T_NK_Cell::Nodal_T_Follicular_Helper_Cell_Lymphoma_Angioimmunoblastic_Type,Cyto_Heme,1
Cyto_Heme::Malignant::T_NK_Cell::Precursor_T_Lymphoblastic_Lymphoma_Leukemia,Cyto_Heme,1
Cyto_Heme::Pattern::Predominantly_Small_Intermediate_Cell_Pattern,Cyto_Heme,1
Cyto_Heme::Pattern::Single_Very_Large_Atypical_Cell_Pattern,Cyto_Heme,1
Cyto_Heme::Pattern::Tissue_Fragments_Large,Cyto_Heme,1
Cyto_Kidney::Benign::Normal_Kidney_Cytology,Cyto_Kidney,1
Cyto_Kidney::Benign_Neoplasm::Angiomyolipoma_Epithelioid,Cyto_Kidney,1
Cyto_Kidney::Benign_Neoplasm::Juxtaglomerular_Body_Tumor,Cyto_Kidney,1
Cyto_Kidney::Benign_Neoplasm::Mesoblastic_Nephroma,Cyto_Kidney,1
Cyto_Kidney::Benign_Neoplasm::Metanephric_Adenoma,Cyto_Kidney,1
Cyto_Kidney::Benign_Neoplasm::Mixed_Epithelial_Stromal_Tumor_MEST,Cyto_Kidney,1
Cyto_Kidney::Benign_Neoplasm::Multilocular_Cystic_Renal_Neoplasm_Low_Malignant_Potential,Cyto_Kidney,1
Cyto_Kidney::Benign_Neoplasm::Papillary_Adenoma,Cyto_Kidney,1
Cyto_Kidney::Benign_Neoplasm::Renal_Medullary_Fibroma,Cyto_Kidney,1
Cyto_Kidney::Benign_Reactive::Cyst_Polycystic_Kidney_Disease,Cyto_Kidney,1
Cyto_Kidney::Benign_Reactive::Cyst_Simple_Acquired,Cyto_Kidney,1
Cyto_Kidney::Benign_Reactive::Infection_Fungal,Cyto_Kidney,1
Cyto_Kidney::Benign_Reactive::Malakoplakia,Cyto_Kidney,1
Cyto_Kidney::Benign_Reactive::Normal_Glomeruli_Tubules,Cyto_Kidney,1
Cyto_Kidney::Benign_Reactive::Papillary_Endothelial_Hyperplasia,Cyto_Kidney,1
Cyto_Kidney::Benign_Reactive::Renal_Infarct,Cyto_Kidney,1
Cyto_Kidney::Benign_Reactive::Tuberculosis,Cyto_Kidney,1
Cyto_Kidney::Benign_Reactive::Xanthogranulomatous_Pyelonephritis_XGP,Cyto_Kidney,1
Cyto_Kidney::Category::Nondiagnostic,Cyto_Kidney,1
Cyto_Kidney::Category::Suspicious_For_Malignancy,Cyto_Kidney,1
Cyto_Kidney::Malignant::Metastatic::Metastasis_To_Kidney,Cyto_Kidney,1
Cyto_Kidney::Malignant::Other::Carcinoid_Tumor_Neuroendocrine,Cyto_Kidney,1
Cyto_Kidney::Malignant::Other::Hematopoietic_Neoplasm,Cyto_Kidney,1
Cyto_Kidney::Malignant::Other::Leukemic_Infiltration,Cyto_Kidney,1
Cyto_Kidney::Malignant::Other::Lymphoma_Primary_Renal,Cyto_Kidney,1
Cyto_Kidney::Malignant::Other::Plasma_Cell_Neoplasm_Involvement,Cyto_Kidney,1
Cyto_Kidney::Malignant::Other::Sarcoma_Primary_Renal,Cyto_Kidney,1
Cyto_Kidney::Malignant::Pediatric::Clear_Cell_Sarcoma_Kidney,Cyto_Kidney,1
Cyto_Kidney::Malignant::Pediatric::Ossifying_Renal_Tumor_Infancy,Cyto_Kidney,1
Cyto_Kidney::Malignant::Renal_Cell_Carcinoma::Chromophobe_RCC_Eosinophilic,Cyto_Kidney,1
Cyto_Kidney::Malignant::Renal_Cell_Carcinoma::Collecting_Duct_Carcinoma_Bellini,Cyto_Kidney,1
Cyto_Kidney::Malignant::Renal_Cell_Carcinoma::Hereditary_Leiomyomatosis_RCC,Cyto_Kidney,1
Cyto_Kidney::Malignant::Renal_Cell_Carcinoma::Hybrid_Oncocytic_Chromophobe_Tumor,Cyto_Kidney,1
Cyto_Kidney::Malignant::Renal_Cell_Carcinoma::Medullary_Carcinoma,Cyto_Kidney,1
Cyto_Kidney::Malignant::Renal_Cell_Carcinoma::MiT_Translocation_RCC,Cyto_Kidney,1
Cyto_Kidney::Malignant::Renal_Cell_Carcinoma::Mucinous_Tubular_Spindle_Cell_Carcinoma,Cyto_Kidney,1
Cyto_Kidney::Malignant::Renal_Cell_Carcinoma::Papillary_RCC_Oncocytic,Cyto_Kidney,1
Cyto_Kidney::Malignant::Renal_Cell_Carcinoma::Papillary_RCC_Type_2,Cyto_Kidney,1
Cyto_Kidney::Malignant::Renal_Cell_Carcinoma::Sarcomatoid_RCC,Cyto_Kidney,1
Cyto_Kidney::Malignant::Renal_Cell_Carcinoma::Succinate_Dehydrogenase_Deficient_RCC,Cyto_Kidney,1
Cyto_Kidney::Malignant::Renal_Cell_Carcinoma::Tubulocystic_RCC,Cyto_Kidney,1
Cyto_Kidney::Pattern::Cystic_Proteinaceous_Macrophages,Cyto_Kidney,1
Cyto_Kidney::Pattern::Dispersed_Atypical_Cells_Necrosis,Cyto_Kidney,1
Cyto_Kidney::Pattern::Dispersed_Inflammatory_Cells,Cyto_Kidney,1
Cyto_Kidney::Pattern::Loosely_Cohesive_Polygonal_Cells_Fibrovascular_Strands,Cyto_Kidney,1
Cyto_Kidney::Pattern::Mixed_Small_Tissue_Fragments,Cyto_Kidney,1
Cyto_Kidney::Pattern::Papillary_Tissue_Fragments,Cyto_Kidney,1
Cyto_Kidney::Pattern::Small_Round_Blue_Cells_Blastema,Cyto_Kidney,1
Cyto_Kidney::Pattern::Spindle_Cells_Vessels_Fat,Cyto_Kidney,1
Cyto_Liver::Benign_Reactive::Biliary::Bile_Duct_Cystadenoma,Cyto_Liver,1
Cyto_Liver::Benign_Reactive::Biliary::Bile_Duct_Hamartoma_Von_Meyenberg,Cyto_Liver,1
Cyto_Liver::Benign_Reactive::Biliary::Ciliated_Foregut_Cyst,Cyto_Liver,1
Cyto_Liver::Benign_Reactive::Biliary::Simple_Cyst,Cyto_Liver,1
Cyto_Liver::Benign_Reactive::Hepatocellular::Nodular_Regenerative_Hyperplasia,Cyto_Liver,1
Cyto_Liver::Benign_Reactive::Infectious::Abscess_Amebic,Cyto_Liver,1
Cyto_Liver::Benign_Reactive::Infectious::Abscess_Fungal_Candida,Cyto_Liver,1
Cyto_Liver::Benign_Reactive::Infectious::Abscess_Pyogenic_Bacterial,Cyto_Liver,1
Cyto_Liver::Benign_Reactive::Infectious::Clonorchiasis_Liver_Fluke,Cyto_Liver,1
Cyto_Liver::Benign_Reactive::Infectious::Granulomatous_Inflammation,Cyto_Liver,1
Cyto_Liver::Benign_Reactive::Infectious::Hydatid_Cyst_Echinococcus,Cyto_Liver,1
Cyto_Liver::Benign_Reactive::Mesenchymal::Angiomyolipoma_Classic,Cyto_Liver,1
Cyto_Liver::Benign_Reactive::Mesenchymal::Angiomyolipoma_Epithelioid,Cyto_Liver,1
Cyto_Liver::Category::Atypical_Uncertain,Cyto_Liver,1
Cyto_Liver::Category::Benign_Negative_For_Malignancy,Cyto_Liver,1
Cyto_Liver::Category::Nondiagnostic,Cyto_Liver,1
Cyto_Liver::Category::Suspicious_For_Malignancy,Cyto_Liver,1
Cyto_Liver::Malignant::Biliary::Bile_Duct_Cystadenocarcinoma,Cyto_Liver,1
Cyto_Liver::Malignant::Biliary::Cholangiocarcinoma_Hilar_Klatskin,Cyto_Liver,1
Cyto_Liver::Malignant::Biliary::Combined_Hepatocellular_Cholangiocarcinoma,Cyto_Liver,1
Cyto_Liver::Malignant::Hepatocellular::Hepatoblastoma_Epithelial_Embryonal,Cyto_Liver,1
Cyto_Liver::Malignant::Hepatocellular::Hepatoblastoma_Epithelial_Fetal,Cyto_Liver,1
Cyto_Liver::Malignant::Hepatocellular::Hepatoblastoma_Mixed_Epithelial_Mesenchymal,Cyto_Liver,1
Cyto_Liver::Malignant::Hepatocellular::Hepatoblastoma_Small_Cell_Undifferentiated,Cyto_Liver,1
Cyto_Liver::Malignant::Hepatocellular::Hepatocellular_Carcinoma_Fibrolamellar,Cyto_Liver,1
Cyto_Liver::Malignant::Hepatocellular::Hepatocellular_Carcinoma_Pleomorphic,Cyto_Liver,1
Cyto_Liver::Malignant::Hepatocellular::Hepatocellular_Carcinoma_Sarcomatoid,Cyto_Liver,1
Cyto_Liver::Malignant::Hepatocellular::Hepatocellular_Carcinoma_Scirrhous,Cyto_Liver,1
Cyto_Liver::Malignant::Mesenchymal::Epithelioid_Hemangioendothelioma_EHE,Cyto_Liver,1
Cyto_Liver::Malignant::Mesenchymal::Leiomyosarcoma_Primary,Cyto_Liver,1
Cyto_Liver::Malignant::Mesenchymal::Undifferentiated_Embryonal_Sarcoma,Cyto_Liver,1
Cyto_Liver::Malignant::Metastatic::Metastatic_Breast_Carcinoma,Cyto_Liver,1
Cyto_Liver::Malignant::Metastatic::Metastatic_Carcinoma_To_Liver_NOS,Cyto_Liver,1
Cyto_Liver::Malignant::Metastatic::Metastatic_Colorectal_Carcinoma,Cyto_Liver,1
Cyto_Liver::Malignant::Metastatic::Metastatic_GIST,Cyto_Liver,1
Cyto_Liver::Malignant::Metastatic::Metastatic_Lung_Carcinoma_Non_Small_Cell,Cyto_Liver,1
Cyto_Liver::Malignant::Metastatic::Metastatic_Lung_Carcinoma_Small_Cell,Cyto_Liver,1
Cyto_Liver::Malignant::Metastatic::Metastatic_Melanoma,Cyto_Liver,1
Cyto_Liver::Malignant::Metastatic::Metastatic_Neuroendocrine_Tumor,Cyto_Liver,1
Cyto_Liver::Malignant::Metastatic::Metastatic_Renal_Cell_Carcinoma,Cyto_Liver,1
Cyto_Liver::Malignant::Metastatic::Metastatic_Urothelial_Carcinoma,Cyto_Liver,1
Cyto_Liver::Malignant::Other::Lymphoma_Primary_Hepatic,Cyto_Liver,1
Cyto_Liver::Pattern::Background_Predominant_Suppurative_Necrotic_Mucinous,Cyto_Liver,1
Cyto_Liver::Pattern::Mod_Marked_Cellular_Small_Large_Fragments_Cohesive,Cyto_Liver,1
Cyto_Liver::Pattern::Mod_Marked_Cellular_Small_Large_Fragments_Dispersed,Cyto_Liver,1
Cyto_Management::Technique::Endoscopic_Retrograde_Cholangiopancreatography_ERCP,Cyto_Management,1
Cyto_Mediastinum::Benign::Cyst::Esophageal_Cyst,Cyto_Mediastinum,1
Cyto_Mediastinum::Benign::Cyst::Pericardial_Celomic_Cyst,Cyto_Mediastinum,1
Cyto_Mediastinum::Benign::Endocrine::Substernal_Goiter,Cyto_Mediastinum,1
Cyto_Mediastinum::Benign::Mesenchymal::Lipoma,Cyto_Mediastinum,1
Cyto_Mediastinum::Benign::Mesenchymal::Lymphangioma,Cyto_Mediastinum,1
Cyto_Mediastinum::Benign::Mesenchymal::Thymolipoma,Cyto_Mediastinum,1
Cyto_Mediastinum::Benign::Neural::Ganglioneuroma,Cyto_Mediastinum,1
Cyto_Mediastinum::Benign::Neural::Neurofibroma,Cyto_Mediastinum,1
Cyto_Mediastinum::Benign::Neural::Schwannoma,Cyto_Mediastinum,1
Cyto_Mediastinum::Benign::Normal_Mediastinum_Cytology,Cyto_Mediastinum,1
Cyto_Mediastinum::Benign::Thymus::Thymic_Hyperplasia,Cyto_Mediastinum,1
Cyto_Mediastinum::Benign_Reactive::Granulomatous_Lymphadenitis_Sarcoidosis,Cyto_Mediastinum,1
Cyto_Mediastinum::Benign_Reactive::Reactive_Lymph_Node,Cyto_Mediastinum,1
Cyto_Mediastinum::Benign_Reactive::Thymic_Hyperplasia,Cyto_Mediastinum,1
Cyto_Mediastinum::Category::Atypical,Cyto_Mediastinum,1
Cyto_Mediastinum::Category::Malignant,Cyto_Mediastinum,1
Cyto_Mediastinum::Category::Nondiagnostic,Cyto_Mediastinum,1
Cyto_Mediastinum::Category::Suspicious,Cyto_Mediastinum,1
Cyto_Mediastinum::Malignant::Germ_Cell::Choriocarcinoma,Cyto_Mediastinum,1
Cyto_Mediastinum::Malignant::Germ_Cell::Embryonal_Carcinoma,Cyto_Mediastinum,1
Cyto_Mediastinum::Malignant::Germ_Cell::Mixed_Germ_Cell_Tumor,Cyto_Mediastinum,1
Cyto_Mediastinum::Malignant::Germ_Cell::Teratoma_Immature,Cyto_Mediastinum,1
Cyto_Mediastinum::Malignant::Germ_Cell::Yolk_Sac_Tumor,Cyto_Mediastinum,1
Cyto_Mediastinum::Malignant::Lymphoid::Hodgkin_Lymphoma_Mediastinal,Cyto_Mediastinum,1
Cyto_Mediastinum::Malignant::Metastatic::Metastatic_Carcinoma_to_Mediastinum,Cyto_Mediastinum,1
Cyto_Mediastinum::Malignant::Metastatic::Metastatic_Melanoma_to_Mediastinum,Cyto_Mediastinum,1
Cyto_Mediastinum::Malignant::Neural::Ganglioneuroblastoma,Cyto_Mediastinum,1
Cyto_Mediastinum::Malignant::Neural::Malignant_Peripheral_Nerve_Sheath_Tumor_MPNST,Cyto_Mediastinum,1
Cyto_Mediastinum::Malignant::Neural::Paraganglioma,Cyto_Mediastinum,1
Cyto_Mediastinum::Malignant::Sarcoma::Ewing_Sarcoma_PNET,Cyto_Mediastinum,1
Cyto_Mediastinum::Malignant::Sarcoma::Leiomyosarcoma,Cyto_Mediastinum,1
Cyto_Mediastinum::Malignant::Thymic::Thymic_Carcinoma_Basaloid,Cyto_Mediastinum,1
Cyto_Mediastinum::Malignant::Thymic::Thymic_Carcinoma_Squamous,Cyto_Mediastinum,1
Cyto_Mediastinum::Malignant::Thymic::Thymic_Neuroendocrine_Tumor_Carcinoid,Cyto_Mediastinum,1
Cyto_Mediastinum::Malignant::Thymic::Thymoma_Type_AB,Cyto_Mediastinum,1
Cyto_Mediastinum::Pattern::Epithelial_Cohesive_Clusters,Cyto_Mediastinum,1
Cyto_Mediastinum::Pattern::Granulomatous_Inflammation,Cyto_Mediastinum,1
Cyto_Mediastinum::Pattern::Lymphoid_Predominant,Cyto_Mediastinum,1
Cyto_Mediastinum::Pattern::Small_Round_Blue_Cell_Tumor,Cyto_Mediastinum,1
Cyto_Mediastinum::Pattern::Spindle_Cell_Lesion,Cyto_Mediastinum,1
Cyto_Neuro::Benign::Normal_CSF_Cytology,Cyto_Neuro,1
Cyto_Neuro::Benign_Reactive::Inflammatory::Cerebral_Infarction_Lipophages,Cyto_Neuro,1
Cyto_Neuro::Benign_Reactive::Inflammatory::Hemorrhage_Erythrophages,Cyto_Neuro,1
Cyto_Neuro::Benign_Reactive::Inflammatory::Hemorrhage_Siderophages,Cyto_Neuro,1
Cyto_Neuro::Benign_Reactive::Inflammatory::Meningitis_Aseptic_Viral,Cyto_Neuro,1
Cyto_Neuro::Benign_Reactive::Inflammatory::Meningitis_Mollaret_Mollaret_Cells,Cyto_Neuro,1
Cyto_Neuro::Benign_Reactive::Inflammatory::Pleocytosis_Mixed,Cyto_Neuro,1
Cyto_Neuro::Benign_Reactive::Inflammatory::Reactive_Gliosis,Cyto_Neuro,1
Cyto_Neuro::Benign_Reactive::Inflammatory::Ventricular_Shunt_Effect_Giant_Cells,Cyto_Neuro,1
Cyto_Neuro::Benign_Reactive::Normal::Bone_Marrow_Cells_Contaminant,Cyto_Neuro,1
Cyto_Neuro::Benign_Reactive::Normal::Brain_Tissue_Fragments_Capillaries,Cyto_Neuro,1
Cyto_Neuro::Benign_Reactive::Normal::Chondrocytes_Contaminant,Cyto_Neuro,1
Cyto_Neuro::Benign_Reactive::Normal::Ependymal_Choroid_Plexus_Cells,Cyto_Neuro,1
Cyto_Neuro::Benign_Reactive::Normal::Germinal_Matrix_Cells_Neonate,Cyto_Neuro,1
Cyto_Neuro::Benign_Reactive::Normal::Lymphocytes_Mature,Cyto_Neuro,1
Cyto_Neuro::Category::Atypical,Cyto_Neuro,1
Cyto_Neuro::Category::Benign,Cyto_Neuro,1
Cyto_Neuro::Category::Nondiagnostic,Cyto_Neuro,1
Cyto_Neuro::Category::Suspicious_For_Malignancy,Cyto_Neuro,1
Cyto_Neuro::Eye::Benign::Cholesterolosis_Bulbi,Cyto_Neuro,1
Cyto_Neuro::Eye::Benign::Coats_Disease_Exudative_Retinitis,Cyto_Neuro,1
Cyto_Neuro::Eye::Benign::Juvenile_Xanthogranuloma,Cyto_Neuro,1
Cyto_Neuro::Eye::Benign::Melanocytoma,Cyto_Neuro,1
Cyto_Neuro::Eye::Benign::Pigmented_Epithelial_Adenoma,Cyto_Neuro,1
Cyto_Neuro::Eye::Benign::Pleomorphic_Adenoma_Lacrimal,Cyto_Neuro,1
Cyto_Neuro::Eye::Benign::Toxocariasis,Cyto_Neuro,1
Cyto_Neuro::Eye::Benign::Uveal_Nevus,Cyto_Neuro,1
Cyto_Neuro::Eye::Malignant::Adenoid_Cystic_Carcinoma_Lacrimal,Cyto_Neuro,1
Cyto_Neuro::Eye::Malignant::Lymphoma_Vitreoretinal,Cyto_Neuro,1
Cyto_Neuro::Eye::Malignant::Medulloepithelioma,Cyto_Neuro,1
Cyto_Neuro::Eye::Malignant::Uveal_Melanoma_Epithelioid,Cyto_Neuro,1
Cyto_Neuro::Eye::Malignant::Uveal_Melanoma_Spindle_Cell,Cyto_Neuro,1
Cyto_Neuro::Infectious::Bacteria::Haemophilus_Influenzae,Cyto_Neuro,1
Cyto_Neuro::Infectious::Bacteria::Mycobacterium_Tuberculosis,Cyto_Neuro,1
Cyto_Neuro::Infectious::Bacteria::Neisseria_Meningitidis,Cyto_Neuro,1
Cyto_Neuro::Infectious::Bacteria::Streptococcus_Pneumoniae,Cyto_Neuro,1
Cyto_Neuro::Infectious::Bacteria::Treponema_Pallidum_Syphilis,Cyto_Neuro,1
Cyto_Neuro::Infectious::Fungal::Coccidioides_Immitis,Cyto_Neuro,1
Cyto_Neuro::Infectious::Fungal::Cryptococcus_Neoformans,Cyto_Neuro,1
Cyto_Neuro::Infectious::Fungal::Histoplasma_Capsulatum,Cyto_Neuro,1
Cyto_Neuro::Infectious::Parasitic::Angiostrongylus_Cantonensis,Cyto_Neuro,1
Cyto_Neuro::Infectious::Parasitic::Entamoeba_Histolytica,Cyto_Neuro,1
Cyto_Neuro::Infectious::Parasitic::Naegleria_Fowleri,Cyto_Neuro,1
Cyto_Neuro::Infectious::Parasitic::Toxoplasma_Gondii,Cyto_Neuro,1
Cyto_Neuro::Infectious::Viral::Cytomegalovirus_CMV,Cyto_Neuro,1
Cyto_Neuro::Infectious::Viral::JC_Virus_PML,Cyto_Neuro,1
Cyto_Neuro::Infectious::Viral::Varicella_Zoster_Virus_VZV,Cyto_Neuro,1
Cyto_Neuro::Malignant::Choroid_Plexus::Choroid_Plexus_Carcinoma,Cyto_Neuro,1
Cyto_Neuro::Malignant::Choroid_Plexus::Choroid_Plexus_Papilloma,Cyto_Neuro,1
Cyto_Neuro::Malignant::Embryonal::Atypical_Teratoid_Rhabdoid_Tumor_ATRT,Cyto_Neuro,1
Cyto_Neuro::Malignant::Embryonal::Pineoblastoma,Cyto_Neuro,1
Cyto_Neuro::Malignant::Embryonal::Primitive_Neuroectodermal_Tumor_PNET,Cyto_Neuro,1
Cyto_Neuro::Malignant::Eye_Tumor::Retinoblastoma,Cyto_Neuro,1
Cyto_Neuro::Malignant::Eye_Tumor::Uveal_Melanoma,Cyto_Neuro,1
Cyto_Neuro::Malignant::Germ_Cell::Choriocarcinoma,Cyto_Neuro,1
Cyto_Neuro::Malignant::Germ_Cell::Embryonal_Carcinoma,Cyto_Neuro,1
Cyto_Neuro::Malignant::Germ_Cell::Teratoma,Cyto_Neuro,1
Cyto_Neuro::Malignant::Glioma::Astrocytoma_Anaplastic,Cyto_Neuro,1
Cyto_Neuro::Malignant::Glioma::Astrocytoma_Diffuse,Cyto_Neuro,1
Cyto_Neuro::Malignant::Glioma::Astrocytoma_Pilocytic,Cyto_Neuro,1
Cyto_Neuro::Malignant::Glioma::Astrocytoma_Pilomyxoid,Cyto_Neuro,1
Cyto_Neuro::Malignant::Glioma::Ependymoma_Anaplastic,Cyto_Neuro,1
Cyto_Neuro::Malignant::Glioma::Ependymoma_Myxopapillary,Cyto_Neuro,1
Cyto_Neuro::Malignant::Glioma::Oligodendroglioma,Cyto_Neuro,1
Cyto_Neuro::Malignant::Glioma::Oligodendroglioma_Anaplastic,Cyto_Neuro,1
Cyto_Neuro::Malignant::Heme::Leukemia_Acute_Myeloid_AML,Cyto_Neuro,1
Cyto_Neuro::Malignant::Meningeal::Hemangioblastoma,Cyto_Neuro,1
Cyto_Neuro::Malignant::Meningeal::Meningioma_Anaplastic,Cyto_Neuro,1
Cyto_Neuro::Malignant::Meningeal::Meningioma_Atypical,Cyto_Neuro,1
Cyto_Neuro::Malignant::Meningeal::Meningioma_Benign,Cyto_Neuro,1
Cyto_Neuro::Malignant::Meningeal::Solitary_Fibrous_Tumor_HPC,Cyto_Neuro,1
Cyto_Neuro::Malignant::Meningeal_Tumor::Solitary_Fibrous_Tumor_Hemangiopericytoma,Cyto_Neuro,1
Cyto_Neuro::Malignant::Metastatic::Metastatic_Renal_Cell_Carcinoma,Cyto_Neuro,1
Cyto_Neuro::Malignant::Nerve_Sheath::Neurofibroma,Cyto_Neuro,1
Cyto_Neuro::Malignant::Nerve_Sheath::Schwannoma,Cyto_Neuro,1
Cyto_Neuro::Malignant::Other::Esthesioneuroblastoma,Cyto_Neuro,1
Cyto_Neuro::Malignant::Sellar::Craniopharyngioma,Cyto_Neuro,1
Cyto_Neuro::Malignant::Sellar::Pituitary_Adenoma,Cyto_Neuro,1
Cyto_Neuro::Pattern::Anastomosing_Vessels_Clear_Cells,Cyto_Neuro,1
Cyto_Neuro::Pattern::Angiocentric_Diffuse,Cyto_Neuro,1
Cyto_Neuro::Pattern::Billiard_Table_Granular_Background,Cyto_Neuro,1
Cyto_Neuro::Pattern::Fibrillary_Threadlike_Background,Cyto_Neuro,1
Cyto_Neuro::Pattern::Loose_Fragments_Dispersed_Single_Cells,Cyto_Neuro,1
Cyto_Neuro::Pattern::Old_Fishnet_Twisted_Rope,Cyto_Neuro,1
Cyto_Neuro::Pattern::Perivascular_Gradient,Cyto_Neuro,1
Cyto_Neuro::Pattern::Randomized_Tissue_Fragments,Cyto_Neuro,1
Cyto_Neuro::Pattern::Syncytial_Whorls,Cyto_Neuro,1
Cyto_Neuro::Pattern::Thin_Walled_Vessels_Nonproliferative,Cyto_Neuro,1
Cyto_Neuro::Pattern::Vascular_Coronal,Cyto_Neuro,1
Cyto_Neuro::Pattern::Vessels_Proliferative_Glomeruloid,Cyto_Neuro,1
Cyto_Neuro::Specimen_Type::Eye_Vitreous_Fluid,Cyto_Neuro,1
Cyto_Neuro::Specimen_Type::Eye_Wash,Cyto_Neuro,1
Cyto_Neuro::Specimen_Type::Fine_Needle_Aspiration_Brain,Cyto_Neuro,1
Cyto_Pancreatobiliary::Benign_Neoplasm::Neurofibroma,Cyto_Pancreatobiliary,1
Cyto_Pancreatobiliary::Benign_Neoplasm::Schwannoma,Cyto_Pancreatobiliary,1
Cyto_Pancreatobiliary::Benign_Neoplasm::Serous_Cystadenoma_Oligocystic,Cyto_Pancreatobiliary,1
Cyto_Pancreatobiliary::Benign_Neoplasm::Serous_Cystadenoma_Solid,Cyto_Pancreatobiliary,1
Cyto_Pancreatobiliary::Benign_Reactive::Cyst::Retention_Cyst,Cyto_Pancreatobiliary,1
Cyto_Pancreatobiliary::Benign_Reactive::Inflammatory::Acute_Pancreatitis,Cyto_Pancreatobiliary,1
Cyto_Pancreatobiliary::Benign_Reactive::Inflammatory::Cholangitis,Cyto_Pancreatobiliary,1
Cyto_Pancreatobiliary::Benign_Reactive::Inflammatory::Groove_Paraduodenal_Pancreatitis,Cyto_Pancreatobiliary,1
Cyto_Pancreatobiliary::Benign_Reactive::Lesion::Ectopic_Adrenal_Tissue,Cyto_Pancreatobiliary,1
Cyto_Pancreatobiliary::Benign_Reactive::Normal::Islet_Cells,Cyto_Pancreatobiliary,1
Cyto_Pancreatobiliary::Malignant::Adenocarcinoma::Ampullary_Adenocarcinoma,Cyto_Pancreatobiliary,1
Cyto_Pancreatobiliary::Malignant::Ductal::Pancreatic_Ductal_Adenocarcinoma_Hepatoid,Cyto_Pancreatobiliary,1
Cyto_Pancreatobiliary::Malignant::Ductal::Pancreatic_Ductal_Adenocarcinoma_Medullary,Cyto_Pancreatobiliary,1
Cyto_Pancreatobiliary::Malignant::Ductal::Pancreatic_Ductal_Adenocarcinoma_Signet_Ring_Cell,Cyto_Pancreatobiliary,1
Cyto_Pancreatobiliary::Malignant::Lymphoid::Lymphoma_Primary_Pancreatic,Cyto_Pancreatobiliary,1
Cyto_Pancreatobiliary::Malignant::Lymphoid::Lymphoma_Secondary,Cyto_Pancreatobiliary,1
Cyto_Pancreatobiliary::Malignant::Metastatic::Metastasis_Breast_Carcinoma,Cyto_Pancreatobiliary,1
Cyto_Pancreatobiliary::Malignant::Metastatic::Metastasis_Colon_Carcinoma,Cyto_Pancreatobiliary,1
Cyto_Pancreatobiliary::Malignant::Metastatic::Metastasis_GIST,Cyto_Pancreatobiliary,1
Cyto_Pancreatobiliary::Malignant::Metastatic::Metastasis_Lung_Carcinoma,Cyto_Pancreatobiliary,1
Cyto_Pancreatobiliary::Malignant::Metastatic::Metastasis_Melanoma,Cyto_Pancreatobiliary,1
Cyto_Pancreatobiliary::Malignant::Neuroendocrine::Neuroendocrine_Carcinoma_Large_Cell,Cyto_Pancreatobiliary,1
Cyto_Pancreatobiliary::Malignant::Neuroendocrine::Neuroendocrine_Tumor_G2,Cyto_Pancreatobiliary,1
Cyto_Pancreatobiliary::Malignant::Neuroendocrine::Neuroendocrine_Tumor_Lipid_Rich,Cyto_Pancreatobiliary,1
Cyto_Pancreatobiliary::Neoplasm_Risk::High_Grade::Biliary_IPN_High_Grade,Cyto_Pancreatobiliary,1
Cyto_Pancreatobiliary::Neoplasm_Risk::High_Grade::Intraductal_Oncocytic_Papillary_Neoplasm_IOPN,Cyto_Pancreatobiliary,1
Cyto_Pancreatobiliary::Neoplasm_Risk::High_Grade::Intraductal_Tubulopapillary_Neoplasm_ITPN,Cyto_Pancreatobiliary,1
Cyto_Pancreatobiliary::Neoplasm_Risk::High_Grade::Pancreatic_Intraepithelial_Neoplasia_High_Grade,Cyto_Pancreatobiliary,1
Cyto_Pancreatobiliary::Neoplasm_Risk::Low_Grade::Biliary_IPN_Low_Grade,Cyto_Pancreatobiliary,1
Cyto_Pancreatobiliary::Neoplasm_Risk::Low_Grade::Pancreatic_Intraepithelial_Neoplasia_Low_Grade,Cyto_Pancreatobiliary,1
Cyto_Pancreatobiliary::Pattern::Cohesive_Epithelial_Fragments,Cyto_Pancreatobiliary,1
Cyto_Pancreatobiliary::Pattern::Fibrovascular_Stroma_Pseudopapillary,Cyto_Pancreatobiliary,1
Cyto_Pancreatobiliary::Pattern::Inflammatory_Acute_Chronic,Cyto_Pancreatobiliary,1
Cyto_Pancreatobiliary::Pattern::Loosely_Cohesive_Dispersed_Single_Cells,Cyto_Pancreatobiliary,1
Cyto_Pancreatobiliary::Pattern::Squamous_Cells_Predominating,Cyto_Pancreatobiliary,1
Cyto_Pancreatobiliary::Pattern::Stromal_Fragments,Cyto_Pancreatobiliary,1
Cyto_Retroperitoneum::Benign::Ganglioneuroma,Cyto_Retroperitoneum,1
Cyto_Retroperitoneum::Benign::Idiopathic_Retroperitoneal_Fibrosis,Cyto_Retroperitoneum,1
Cyto_Retroperitoneum::Benign::Lipoma,Cyto_Retroperitoneum,1
Cyto_Retroperitoneum::Benign::Lymphangioma,Cyto_Retroperitoneum,1
Cyto_Retroperitoneum::Benign::Neurofibroma,Cyto_Retroperitoneum,1
Cyto_Retroperitoneum::Benign::Normal_Retroperitoneum_Cytology,Cyto_Retroperitoneum,1
Cyto_Retroperitoneum::Benign::Paraganglioma,Cyto_Retroperitoneum,1
Cyto_Retroperitoneum::Benign::Schwannoma,Cyto_Retroperitoneum,1
Cyto_Retroperitoneum::Benign::Xanthogranuloma,Cyto_Retroperitoneum,1
Cyto_Retroperitoneum::Benign_Reactive::Acute_Inflammation_Abscess,Cyto_Retroperitoneum,1
Cyto_Retroperitoneum::Benign_Reactive::Granulomatous_Inflammation,Cyto_Retroperitoneum,1
Cyto_Retroperitoneum::Category::Atypical,Cyto_Retroperitoneum,1
Cyto_Retroperitoneum::Category::Benign,Cyto_Retroperitoneum,1
Cyto_Retroperitoneum::Category::Malignant,Cyto_Retroperitoneum,1
Cyto_Retroperitoneum::Category::Nondiagnostic,Cyto_Retroperitoneum,1
Cyto_Retroperitoneum::Malignant::Ganglioneuroblastoma,Cyto_Retroperitoneum,1
Cyto_Retroperitoneum::Malignant::Germ_Cell::Choriocarcinoma,Cyto_Retroperitoneum,1
Cyto_Retroperitoneum::Malignant::Germ_Cell::Embryonal_Carcinoma,Cyto_Retroperitoneum,1
Cyto_Retroperitoneum::Malignant::Germ_Cell::Mixed_Germ_Cell_Tumor,Cyto_Retroperitoneum,1
Cyto_Retroperitoneum::Malignant::Germ_Cell::Seminoma,Cyto_Retroperitoneum,1
Cyto_Retroperitoneum::Malignant::Germ_Cell::Teratoma,Cyto_Retroperitoneum,1
Cyto_Retroperitoneum::Malignant::Germ_Cell::Yolk_Sac_Tumor,Cyto_Retroperitoneum,1
Cyto_Retroperitoneum::Malignant::Lymphoma_Retroperitoneal,Cyto_Retroperitoneum,1
Cyto_Retroperitoneum::Malignant::Metastatic::Metastatic_Carcinoma_to_Retroperitoneum,Cyto_Retroperitoneum,1
Cyto_Retroperitoneum::Malignant::Metastatic::Metastatic_Melanoma_to_Retroperitoneum,Cyto_Retroperitoneum,1
Cyto_Retroperitoneum::Malignant::Neuroblastoma,Cyto_Retroperitoneum,1
Cyto_Retroperitoneum::Malignant::Sarcoma::Desmoplastic_Small_Round_Cell_Tumor_DSRCT,Cyto_Retroperitoneum,1
Cyto_Retroperitoneum::Malignant::Sarcoma::Ewing_Sarcoma_PNET,Cyto_Retroperitoneum,1
Cyto_Retroperitoneum::Malignant::Sarcoma::Liposarcoma_Dedifferentiated,Cyto_Retroperitoneum,1
Cyto_Retroperitoneum::Malignant::Sarcoma::Liposarcoma_Myxoid,Cyto_Retroperitoneum,1
Cyto_Retroperitoneum::Malignant::Sarcoma::Liposarcoma_Pleomorphic,Cyto_Retroperitoneum,1
Cyto_Retroperitoneum::Malignant::Sarcoma::Liposarcoma_Well_Differentiated,Cyto_Retroperitoneum,1
Cyto_Retroperitoneum::Malignant::Sarcoma::Malignant_Peripheral_Nerve_Sheath_Tumor_MPNST,Cyto_Retroperitoneum,1
Cyto_Retroperitoneum::Malignant::Sarcoma::PEComa,Cyto_Retroperitoneum,1
Cyto_Retroperitoneum::Malignant::Sarcoma::Rhabdomyosarcoma_Embryonal,Cyto_Retroperitoneum,1
Cyto_Retroperitoneum::Malignant::Sarcoma::Solitary_Fibrous_Tumor,Cyto_Retroperitoneum,1
Cyto_Retroperitoneum::Malignant::Sarcoma::Synovial_Sarcoma,Cyto_Retroperitoneum,1
Cyto_Retroperitoneum::Malignant::Sarcoma::Undifferentiated_Pleomorphic_Sarcoma_MFH,Cyto_Retroperitoneum,1
Cyto_Retroperitoneum::Pattern::Adipocytic_Tumor,Cyto_Retroperitoneum,1
Cyto_Retroperitoneum::Pattern::Pleomorphic_Sarcoma,Cyto_Retroperitoneum,1
Cyto_Retroperitoneum::Pattern::Small_Round_Blue_Cell_Tumor,Cyto_Retroperitoneum,1
Cyto_Retroperitoneum::Pattern::Spindle_Cell_Lesion,Cyto_Retroperitoneum,1
Cyto_Salivary::Benign::Basal_Cell_Adenoma_Membranous,Cyto_Salivary,1
Cyto_Salivary::Benign::Hemangioma,Cyto_Salivary,1
Cyto_Salivary::Benign::Myoepithelioma_Plasmacytoid,Cyto_Salivary,1
Cyto_Salivary::Benign::Myoepithelioma_Spindle_Cell,Cyto_Salivary,1
Cyto_Salivary::Benign::Neurofibroma,Cyto_Salivary,1
Cyto_Salivary::Benign::Normal_Salivary_Cytology,Cyto_Salivary,1
Cyto_Salivary::Benign::Pleomorphic_Adenoma_Cellular,Cyto_Salivary,1
Cyto_Salivary::Benign::Pleomorphic_Adenoma_Myoepithelial_Rich,Cyto_Salivary,1
Cyto_Salivary::Benign::Schwannoma,Cyto_Salivary,1
Cyto_Salivary::Benign::Sebaceous_Adenoma,Cyto_Salivary,1
Cyto_Salivary::Benign::Sebaceous_Lymphadenoma,Cyto_Salivary,1
Cyto_Salivary::Malignant::Acinic_Cell_Carcinoma_High_Grade_Transformation,Cyto_Salivary,1
Cyto_Salivary::Malignant::Adenoid_Cystic_Carcinoma_Solid,Cyto_Salivary,1
Cyto_Salivary::Malignant::Basal_Cell_Adenocarcinoma,Cyto_Salivary,1
Cyto_Salivary::Malignant::Carcinosarcoma_True_Malignant_Mixed_Tumor,Cyto_Salivary,1
Cyto_Salivary::Malignant::Clear_Cell_Carcinoma_Hyalinizing,Cyto_Salivary,1
Cyto_Salivary::Malignant::Large_Cell_Undifferentiated_Carcinoma,Cyto_Salivary,1
Cyto_Salivary::Malignant::Metastasis_To_Salivary_Gland_Renal_Cell_Carcinoma,Cyto_Salivary,1
Cyto_Salivary::Malignant::Mucoepidermoid_Carcinoma_Oncocytic_Variant,Cyto_Salivary,1
Cyto_Salivary::Malignant::Oncocytic_Carcinoma,Cyto_Salivary,1
Cyto_Salivary::Malignant::Sebaceous_Carcinoma,Cyto_Salivary,1
Cyto_Salivary::NonNeoplastic::Cystic::Epidermoid_Cyst,Cyto_Salivary,1
Cyto_Salivary::NonNeoplastic::Reactive::Intraparotid_Lymph_Node,Cyto_Salivary,1
Cyto_Salivary::NonNeoplastic::Reactive::Necrotizing_Sialometaplasia,Cyto_Salivary,1
Cyto_Salivary::Non_Neoplastic::Cyst_Mucocele_Extravasation,Cyto_Salivary,1
Cyto_Salivary::Non_Neoplastic::Cyst_Retention_Ductal,Cyto_Salivary,1
Cyto_Salivary::Non_Neoplastic::Sialadenitis_Chronic_Sclerosing_Kuttner,Cyto_Salivary,1
Cyto_Salivary::Non_Neoplastic::Sialolithiasis,Cyto_Salivary,1
Cyto_Salivary::Pattern::Abundant_Myoepithelial_Stroma,Cyto_Salivary,1
Cyto_Salivary::Pattern::Basaloid_Neoplasm,Cyto_Salivary,1
Cyto_Salivary::Pattern::Clear_Cell_Neoplasm,Cyto_Salivary,1
Cyto_Salivary::Pattern::Epithelial_Proliferation_With_Lymphoid_Background,Cyto_Salivary,1
Cyto_Salivary::Pattern::Lymphocyte_Only,Cyto_Salivary,1
Cyto_Salivary::Pattern::Mixed_Inflammatory,Cyto_Salivary,1
Cyto_Salivary::Pattern::Oncocytic_Neoplasm,Cyto_Salivary,1
Cyto_Salivary::Pattern::Scant_Myoepithelial_Stroma,Cyto_Salivary,1
Cyto_Soft_Tissue::Benign::Adipocytic::Lipoblastoma,Cyto_Soft_Tissue,1
Cyto_Soft_Tissue::Benign::Ganglioneuroma,Cyto_Soft_Tissue,1
Cyto_Soft_Tissue::Benign::Giant_Cell_Tumor_of_Tendon_Sheath,Cyto_Soft_Tissue,1
Cyto_Soft_Tissue::Benign::Mass_Forming_Inflammatory::Silicone_Granuloma,Cyto_Soft_Tissue,1
Cyto_Soft_Tissue::Benign::Normal_Soft_Tissue_Cytology,Cyto_Soft_Tissue,1
Cyto_Soft_Tissue::Benign::Rhabdomyoma,Cyto_Soft_Tissue,1
Cyto_Soft_Tissue::Benign::Spindle_Cell::Fibromatosis_Desmoid_Tumor,Cyto_Soft_Tissue,1
Cyto_Soft_Tissue::Benign::Spindle_Cell::Proliferative_Fasciitis,Cyto_Soft_Tissue,1
Cyto_Soft_Tissue::Category::Insufficient,Cyto_Soft_Tissue,1
Cyto_Soft_Tissue::Category::STNUMP_Soft_Tissue_Neoplasm_Of_Uncertain_Malignant_Potential,Cyto_Soft_Tissue,1
Cyto_Soft_Tissue::Category::Suspicious_For_Malignancy,Cyto_Soft_Tissue,1
Cyto_Soft_Tissue::Malignant::Epithelioid::Epithelioid_Sarcoma_Classic_Distal,Cyto_Soft_Tissue,1
Cyto_Soft_Tissue::Malignant::Epithelioid::Epithelioid_Sarcoma_Proximal,Cyto_Soft_Tissue,1
Cyto_Soft_Tissue::Malignant::Hematopoietic::Lymphoma_Leukemia_Involvement,Cyto_Soft_Tissue,1
Cyto_Soft_Tissue::Malignant::Merkel_Cell_Carcinoma,Cyto_Soft_Tissue,1
Cyto_Soft_Tissue::Malignant::Pleomorphic::Pleomorphic_Leiomyosarcoma,Cyto_Soft_Tissue,1
Cyto_Soft_Tissue::Malignant::Round_Cell::Extraskeletal_Osteosarcoma,Cyto_Soft_Tissue,1
Cyto_Soft_Tissue::Malignant::Round_Cell::Mesenchymal_Chondrosarcoma,Cyto_Soft_Tissue,1
Cyto_Soft_Tissue::Malignant::Sarcoma::Adipocytic::Round_Cell_Liposarcoma,Cyto_Soft_Tissue,1
Cyto_Soft_Tissue::Malignant::Spindle_Cell::Adult_Fibrosarcoma,Cyto_Soft_Tissue,1
Cyto_Soft_Tissue::Malignant::Spindle_Cell::Synovial_Sarcoma_Monophasic,Cyto_Soft_Tissue,1
Cyto_Soft_Tissue::NonNeoplastic::Infectious::Mycobacterial_Infection,Cyto_Soft_Tissue,1
Cyto_Soft_Tissue::NonNeoplastic::Reactive::Amyloidoma,Cyto_Soft_Tissue,1
Cyto_Soft_Tissue::NonNeoplastic::Reactive::Endometriosis,Cyto_Soft_Tissue,1
Cyto_Soft_Tissue::NonNeoplastic::Reactive::Epidermal_Inclusion_Cyst,Cyto_Soft_Tissue,1
Cyto_Soft_Tissue::NonNeoplastic::Reactive::Extramedullary_Hematopoiesis,Cyto_Soft_Tissue,1
Cyto_Soft_Tissue::NonNeoplastic::Reactive::Ganglion_Cyst,Cyto_Soft_Tissue,1
Cyto_Soft_Tissue::NonNeoplastic::Reactive::Neuroma,Cyto_Soft_Tissue,1
Cyto_Soft_Tissue::NonNeoplastic::Reactive::Tumoral_Calcinosis,Cyto_Soft_Tissue,1
Cyto_Soft_Tissue::STNUMP::Spindle_Cell::Plexiform_Fibrohistiocytic_Tumor,Cyto_Soft_Tissue,1
Cyto_Thoracic::Benign::Normal_Thoracic_Cytology,Cyto_Thoracic,1
Cyto_Thoracic::Benign_Neoplasm::PEComa_Clear_Cell_Tumor,Cyto_Thoracic,1
Cyto_Thoracic::Benign_Neoplasm::Pleomorphic_Adenoma_Benign_Mixed_Tumor,Cyto_Thoracic,1
Cyto_Thoracic::Benign_Neoplasm::Sclerosing_Pneumocytoma,Cyto_Thoracic,1
Cyto_Thoracic::Benign_Neoplasm::Solitary_Tracheobronchial_Papilloma,Cyto_Thoracic,1
Cyto_Thoracic::Benign_Reactive::Epithelial::Squamous_Metaplasia_Typical,Cyto_Thoracic,1
Cyto_Thoracic::Benign_Reactive::Inflammatory::Acute_Inflammation_Abscess,Cyto_Thoracic,1
Cyto_Thoracic::Benign_Reactive::Inflammatory::Granulomatosis_With_Polyangiitis_Wegener,Cyto_Thoracic,1
Cyto_Thoracic::Benign_Reactive::Inflammatory::Lipoid_Pneumonia,Cyto_Thoracic,1
Cyto_Thoracic::Benign_Reactive::Inflammatory::Malakoplakia,Cyto_Thoracic,1
Cyto_Thoracic::Benign_Reactive::Non_Cellular::Charcot_Leyden_Crystals,Cyto_Thoracic,1
Cyto_Thoracic::Benign_Reactive::Non_Cellular::Corpora_Amylacea,Cyto_Thoracic,1
Cyto_Thoracic::Benign_Reactive::Non_Cellular::Curschmann_Spirals,Cyto_Thoracic,1
Cyto_Thoracic::Benign_Reactive::Non_Cellular::Ferruginous_Bodies_Asbestos,Cyto_Thoracic,1
Cyto_Thoracic::Infectious::Bacterial::Legionella,Cyto_Thoracic,1
Cyto_Thoracic::Infectious::Bacterial::Mycobacterium_Non_Tuberculous,Cyto_Thoracic,1
Cyto_Thoracic::Infectious::Bacterial::Rhodococcus,Cyto_Thoracic,1
Cyto_Thoracic::Infectious::Fungal::Aspergillus_Species,Cyto_Thoracic,1
Cyto_Thoracic::Infectious::Fungal::Blastomyces_Dermatitidis,Cyto_Thoracic,1
Cyto_Thoracic::Infectious::Fungal::Candida_Species,Cyto_Thoracic,1
Cyto_Thoracic::Infectious::Fungal::Cryptococcus_Neoformans,Cyto_Thoracic,1
Cyto_Thoracic::Infectious::Fungal::Histoplasma_Capsulatum,Cyto_Thoracic,1
Cyto_Thoracic::Infectious::Fungal::Sporothrix_Schenckii,Cyto_Thoracic,1
Cyto_Thoracic::Infectious::Fungal::Zygomycosis_Mucor,Cyto_Thoracic,1
Cyto_Thoracic::Infectious::Parasitic::Dirofilaria_Immitis,Cyto_Thoracic,1
Cyto_Thoracic::Infectious::Parasitic::Echinococcus,Cyto_Thoracic,1
Cyto_Thoracic::Infectious::Parasitic::Entamoeba_Histolytica,Cyto_Thoracic,1
Cyto_Thoracic::Infectious::Parasitic::Paragonimus,Cyto_Thoracic,1
Cyto_Thoracic::Infectious::Parasitic::Strongyloides_Stercoralis,Cyto_Thoracic,1
Cyto_Thoracic::Infectious::Viral::Adenovirus,Cyto_Thoracic,1
Cyto_Thoracic::Infectious::Viral::Cytomegalovirus_CMV,Cyto_Thoracic,1
Cyto_Thoracic::Infectious::Viral::Herpes_Simplex_Virus_HSV,Cyto_Thoracic,1
Cyto_Thoracic::Infectious::Viral::Measles_Virus,Cyto_Thoracic,1
Cyto_Thoracic::Infectious::Viral::Respiratory_Syncytial_Virus_RSV,Cyto_Thoracic,1
Cyto_Thoracic::Malignant::Carcinoma::Adenocarcinoma_Lung_Fetal,Cyto_Thoracic,1
Cyto_Thoracic::Malignant::Carcinoma::Adenocarcinoma_Lung_Lepidic_Pattern,Cyto_Thoracic,1
Cyto_Thoracic::Malignant::Carcinoma::Adenocarcinoma_Lung_Mucinous,Cyto_Thoracic,1
Cyto_Thoracic::Malignant::Carcinoma::Large_Cell_Carcinoma,Cyto_Thoracic,1
Cyto_Thoracic::Malignant::Carcinoma::Lymphoepithelioma_Like_Carcinoma,Cyto_Thoracic,1
Cyto_Thoracic::Malignant::Carcinoma::Pleomorphic_Carcinoma,Cyto_Thoracic,1
Cyto_Thoracic::Malignant::Lymphoid::Lymphoma_Diffuse_Large_B_Cell,Cyto_Thoracic,1
Cyto_Thoracic::Malignant::Lymphoid::Lymphoma_Hodgkin,Cyto_Thoracic,1
Cyto_Thoracic::Malignant::Lymphoid::Lymphoma_MALT,Cyto_Thoracic,1
Cyto_Thoracic::Malignant::Lymphoid::Lymphomatoid_Granulomatosis,Cyto_Thoracic,1
Cyto_Thoracic::Malignant::Mesothelial::Mesothelioma_Sarcomatoid,Cyto_Thoracic,1
Cyto_Thoracic::Malignant::Sarcoma::Angiosarcoma,Cyto_Thoracic,1
Cyto_Thoracic::Malignant::Sarcoma::Epithelioid_Hemangioendothelioma,Cyto_Thoracic,1
Cyto_Thoracic::Malignant::Sarcoma::Solitary_Fibrous_Tumor_Malignant,Cyto_Thoracic,1
Cyto_Thyroid::Benign::Normal_Parathyroid_Cytology,Cyto_Thyroid,1
Cyto_Thyroid::Benign::Normal_Thyroid_Cytology,Cyto_Thyroid,1
Cyto_Thyroid::Benign_Reactive::Acute_Thyroiditis_Infectious,Cyto_Thyroid,1
Cyto_Thyroid::Benign_Reactive::Black_Thyroid_Minocycline,Cyto_Thyroid,1
Cyto_Thyroid::Benign_Reactive::Cyst_Lining_Cells_Repair,Cyto_Thyroid,1
Cyto_Thyroid::Benign_Reactive::Follicular_Adenoma_Trabecular,Cyto_Thyroid,1
Cyto_Thyroid::Benign_Reactive::Thyroglossal_Duct_Cyst,Cyto_Thyroid,1
Cyto_Thyroid::Malignant::Anaplastic::Anaplastic_Thyroid_Carcinoma_Paucicellular,Cyto_Thyroid,1
Cyto_Thyroid::Malignant::Anaplastic::Anaplastic_Thyroid_Carcinoma_Squamous,Cyto_Thyroid,1
Cyto_Thyroid::Malignant::Metastatic::Metastasis_To_Thyroid_Colorectal,Cyto_Thyroid,1
Cyto_Thyroid::Malignant::Papillary::Papillary_Thyroid_Carcinoma_Clear_Cell,Cyto_Thyroid,1
Cyto_Thyroid::Other::Rosai_Dorfman_Disease,Cyto_Thyroid,1
Cyto_Thyroid::Other::Sarcoma_Thyroid,Cyto_Thyroid,1
Cyto_Thyroid::Parathyroid::Parathyroid_Adenoma,Cyto_Thyroid,1
Cyto_Thyroid::Parathyroid::Parathyroid_Carcinoma,Cyto_Thyroid,1
Cyto_Thyroid::Parathyroid::Parathyroid_Cyst,Cyto_Thyroid,1
Cyto_Thyroid::Pattern::Dispersed_Hypocellular_Cystic_Hemorrhagic,Cyto_Thyroid,1
Cyto_Thyroid::Pattern::Hypercellular_Mixed_Dispersed_Tissue_Fragment,Cyto_Thyroid,1
Cyto_Thyroid::Pattern::Hypocellular_Mixed_Dispersed_Tissue_Fragment,Cyto_Thyroid,1
Cyto_Thyroid::Pattern::Tissue_Fragment_Granular_Cytoplasm,Cyto_Thyroid,1
Cyto_Urinary::Benign::Contaminants_Lubricant_Talc,Cyto_Urinary,1
Cyto_Urinary::Benign::Intestinal_Epithelium_Ileal_Conduit,Cyto_Urinary,1
Cyto_Urinary::Benign::Spermatozoa,Cyto_Urinary,1
Cyto_Urinary::Benign_Neoplasm::Inverted_Papilloma,Cyto_Urinary,1
Cyto_Urinary::Benign_Neoplasm::Urothelial_Papilloma,Cyto_Urinary,1
Cyto_Urinary::Benign_Reactive::Cystitis_Glandularis,Cyto_Urinary,1
Cyto_Urinary::Benign_Reactive::Inflammatory::Malakoplakia,Cyto_Urinary,1
Cyto_Urinary::Benign_Reactive::Inflammatory::Reactive_Urothelial_Cells_Inflammation,Cyto_Urinary,1
Cyto_Urinary::Benign_Reactive::Inflammatory::Reactive_Urothelial_Cells_Stones_Calculi,Cyto_Urinary,1
Cyto_Urinary::Benign_Reactive::Lesion::Condyloma_Acuminatum,Cyto_Urinary,1
Cyto_Urinary::Benign_Reactive::Lesion::Endometriosis,Cyto_Urinary,1
Cyto_Urinary::Benign_Reactive::Lesion::Nephrogenic_Adenoma,Cyto_Urinary,1
Cyto_Urinary::Benign_Reactive::Lesion::Urethral_Caruncle,Cyto_Urinary,1
Cyto_Urinary::Benign_Reactive::Normal::Corpora_Amylacea,Cyto_Urinary,1
Cyto_Urinary::Benign_Reactive::Normal::Seminal_Vesicle_Cells,Cyto_Urinary,1
Cyto_Urinary::Benign_Reactive::Polypoid_Cystitis,Cyto_Urinary,1
Cyto_Urinary::Category::Other_Malignancy,Cyto_Urinary,1
Cyto_Urinary::Infectious::Bacterial::Mycobacterium_Non_Tuberculous,Cyto_Urinary,1
Cyto_Urinary::Infectious::Bacterial::Mycobacterium_Tuberculosis,Cyto_Urinary,1
Cyto_Urinary::Infectious::Fungal::Candida_Species,Cyto_Urinary,1
Cyto_Urinary::Infectious::Parasitic::Schistosoma_Haematobium,Cyto_Urinary,1
Cyto_Urinary::Infectious::Viral::Adenovirus,Cyto_Urinary,1
Cyto_Urinary::Infectious::Viral::Cytomegalovirus_CMV,Cyto_Urinary,1
Cyto_Urinary::Infectious::Viral::Herpes_Simplex_Virus_HSV,Cyto_Urinary,1
Cyto_Urinary::Malignant::Metastatic::Lymphoma_Secondary,Cyto_Urinary,1
Cyto_Urinary::Malignant::Metastatic::Metastatic_Colorectal_Adenocarcinoma,Cyto_Urinary,1
Cyto_Urinary::Malignant::Metastatic::Metastatic_Melanoma,Cyto_Urinary,1
Cyto_Urinary::Malignant::Metastatic::Metastatic_Prostatic_Adenocarcinoma,Cyto_Urinary,1
Cyto_Urinary::Malignant::Non_Urothelial::Adenocarcinoma_Urachal,Cyto_Urinary,1
Cyto_Urinary::Malignant::Non_Urothelial::Small_Cell_Neuroendocrine_Carcinoma,Cyto_Urinary,1
Cyto_Urinary::Malignant::Urothelial::High_Grade_Urothelial_Carcinoma_Micropapillary,Cyto_Urinary,1
Cyto_Urinary::Malignant::Urothelial::High_Grade_Urothelial_Carcinoma_Plasmacytoid,Cyto_Urinary,1
Cyto_Urinary::Malignant::Urothelial::High_Grade_Urothelial_Carcinoma_Sarcomatoid,Cyto_Urinary,1
Cyto_Urinary::Pattern::Coarse_Clumpy_Chromatin,Cyto_Urinary,1
Cyto_Urinary::Pattern::Degenerated_Atypical_Cells,Cyto_Urinary,1
Cyto_Urinary::Pattern::Hypochromatic_HGUC,Cyto_Urinary,1
Endo::Adrenal::Congenital_Structural::Malformation::Adrenal_Hypoplasia,Endo,1
Endo::Adrenal::Infectious::Bacterial_Fungal::Infectious_Adrenalitis,Endo,1
Endo::Adrenal::Inflammatory::Autoimmune::Autoimmune_Adrenalitis,Endo,1
Endo::Adrenal::Neoplastic::Epithelial_Cortical::Benign::Cortisol_Secreting_Adenoma,Endo,1
Endo::Adrenal::Neoplastic::Epithelial_Cortical::Benign::Oncocytic_Adrenal_Cortical_Adenoma,Endo,1
Endo::Adrenal::Neoplastic::Epithelial_Cortical::Benign::Sex_Hormone_Producing_Adenoma,Endo,1
Endo::Adrenal::Neoplastic::Melanocytic::Malignant::Primary_Adrenal_Melanoma,Endo,1
Endo::Adrenal::Neoplastic::Mesenchymal::Malignant::Primary_Adrenal_Angiosarcoma,Endo,1
Endo::Adrenal::Neoplastic::Mesenchymal::Malignant::Primary_Adrenal_Leiomyosarcoma,Endo,1
Endo::Adrenal::Neoplastic::Neuroendocrine::Malignant::Ganglioneuroblastoma,Endo,1
Endo::Adrenal::Nonneoplastic::Depositional::Adrenal_Amyloidosis,Endo,1
Endo::Adrenal::Nonneoplastic::Reactive::Adrenal_Cytomegaly,Endo,1
Endo::Adrenal::Nonneoplastic::Reactive::Incidental_Adrenal_Nodules,Endo,1
Endo::Pancreas::Neoplastic::Neuroendocrine::Benign::Insulinoma,Endo,1
Endo::Pancreas::Neoplastic::Neuroendocrine::Malignant::Pancreatic_Neuroendocrine_Tumor_PanNET,Endo,1
Endo::Pancreas::Nonneoplastic::Hyperplasia::Glucagon_Cell_Hyperplasia,Endo,1
Endo::Pancreas::Nonneoplastic::Hyperplasia::Islet_Cell_Hyperplasia_Nesidioblastosis,Endo,1
Endo::Paraneoplastic::Syndrome::Ectopic_Paraneoplastic_Syndromes,Endo,1
Endo::Pituitary::Congenital_Structural::Cyst::Rathke_Cleft_Cyst,Endo,1
Endo::Pituitary::Congenital_Structural::Mechanical::Empty_Sella_Syndrome,Endo,1
Endo::Pituitary::Congenital_Structural::Vascular::Sheehan_Syndrome_Infarction,Endo,1
Endo::Pituitary::Inflammatory::Autoimmune::Hypophysitis,Endo,1
Endo::Pituitary::Neoplastic::Embryonal::Malignant::Pituitary_Blastoma,Endo,1
Endo::Pituitary::Neoplastic::Epithelial::Benign::Adamantinomatous_Craniopharyngioma,Endo,1
Endo::Pituitary::Neoplastic::Epithelial::Benign::Papillary_Craniopharyngioma,Endo,1
Endo::Pituitary::Neoplastic::Glial::Benign::Granular_Cell_Tumor_Sella,Endo,1
Endo::Pituitary::Neoplastic::Glial::Benign::Pituicytoma,Endo,1
Endo::Pituitary::Neoplastic::Glial::Benign::Spindle_Cell_Oncocytoma,Endo,1
Endo::Pituitary::Neoplastic::Metastatic::Metastasis_To_Pituitary,Endo,1
Endo::Pituitary::Neoplastic::Neuroendocrine::Benign::Corticotroph_PitNET_Adenoma,Endo,1
Endo::Pituitary::Neoplastic::Neuroendocrine::Benign::Gonadotroph_PitNET_Adenoma,Endo,1
Endo::Pituitary::Neoplastic::Neuroendocrine::Benign::Lactotroph_PitNET_Adenoma,Endo,1
Endo::Pituitary::Neoplastic::Neuroendocrine::Benign::Plurihormonal_PitNET_Adenoma,Endo,1
Endo::Pituitary::Neoplastic::Neuroendocrine::Benign::Somatotroph_PitNET_Adenoma,Endo,1
Endo::Pituitary::Neoplastic::Neuroendocrine::Benign::Thyrotroph_PitNET_Adenoma,Endo,1
Endo::Syndromes::MEN::Multiple_Endocrine_Neoplasia_Type_2,Endo,1
Endo::Syndromes::MEN::Multiple_Endocrine_Neoplasia_Type_4,Endo,1
Endo::Syndromes::MEN::Multiple_Endocrine_Neoplasia_Type_5_MAX_Related,Endo,1
Endo::Syndromes::Other::Neurofibromatosis_Type_1,Endo,1
Endo::Syndromes::Paraganglioma::Hereditary_Paraganglioma_Pheochromocytoma_Syndrome,Endo,1
Endo::Syndromes::Parathyroid::Familial_Isolated_Hyperparathyroidism,Endo,1
Endo::Syndromes::Parathyroid::Hyperparathyroidism_Jaw_Tumor_Syndrome,Endo,1
Endo::Syndromes::Thyroid::DICER1_Syndrome,Endo,1
Endo::Syndromes::Thyroid::PTEN_Hamartoma_Tumor_Syndrome,Endo,1
Endo::Thyroid::Neoplastic::Hematolymphoid::Malignant::Follicular_Dendritic_Cell_Sarcoma,Endo,1
Endo::Thyroid::Neoplastic::Mesenchymal::Malignant::Leiomyosarcoma,Endo,1
Endo::Thyroid::Neoplastic::Mesenchymal::Malignant::Primary_Ewing_Sarcoma,Endo,1
Eye_Orbit::Bone::Fibrous_Fibroblastic::Fibrous_Dysplasia,Eye_Orbit,1
Eye_Orbit::Bone::Osteoclast_Rich::Aneurysmal_Bone_Cyst,Eye_Orbit,1
Eye_Orbit::Bone::Osteoclast_Rich::Giant_Cell_Tumor_Of_Bone,Eye_Orbit,1
Eye_Orbit::Conjunctiva::Choristoma::Epibulbar_Choristoma::Complex_Choristoma,Eye_Orbit,1
Eye_Orbit::Conjunctiva::Choristoma::Epibulbar_Choristoma::Dermoid,Eye_Orbit,1
Eye_Orbit::Conjunctiva::Choristoma::Epibulbar_Choristoma::Dermolipoma,Eye_Orbit,1
Eye_Orbit::Conjunctiva::Choristoma::Epibulbar_Osseous_Choristoma,Eye_Orbit,1
Eye_Orbit::Conjunctiva::Cysts::Epithelial_Conjunctival_Inclusion_Cyst,Eye_Orbit,1
Eye_Orbit::Conjunctiva::Epithelial_Tumors::Benign::Hereditary_Benign_Intraepithelial_Dyskeratosis,Eye_Orbit,1
Eye_Orbit::Conjunctiva::Epithelial_Tumors::Benign::Squamous_Cell_Papilloma,Eye_Orbit,1
Eye_Orbit::Conjunctiva::Epithelial_Tumors::Premalignant_Malignant::Adenosquamous_Carcinoma,Eye_Orbit,1
Eye_Orbit::Conjunctiva::Epithelial_Tumors::Premalignant_Malignant::Squamous_Cell_Carcinoma,Eye_Orbit,1
Eye_Orbit::Conjunctiva::Epithelial_Tumors::Premalignant_Malignant::Squamous_Intraepithelial_Neoplasia,Eye_Orbit,1
Eye_Orbit::Conjunctiva::Melanocytic_Tumors::Benign::Benign_Epithelial_Melanosis,Eye_Orbit,1
Eye_Orbit::Conjunctiva::Melanocytic_Tumors::Benign::Blue_Nevus,Eye_Orbit,1
Eye_Orbit::Conjunctiva::Melanocytic_Tumors::Benign::Combined_Nevus,Eye_Orbit,1
Eye_Orbit::Conjunctiva::Melanocytic_Tumors::Benign::Conjunctival_Nevus::Compound_Nevus,Eye_Orbit,1
Eye_Orbit::Conjunctiva::Melanocytic_Tumors::Benign::Conjunctival_Nevus::Junctional_Nevus,Eye_Orbit,1
Eye_Orbit::Conjunctiva::Melanocytic_Tumors::Benign::Conjunctival_Nevus::Subepithelial_Nevus,Eye_Orbit,1
Eye_Orbit::Conjunctiva::Melanocytic_Tumors::Benign::Inflamed_Juvenile_Conjunctival_Nevus,Eye_Orbit,1
Eye_Orbit::Conjunctiva::Melanocytic_Tumors::Benign::WNT_Activated_Deep_Penetrating_Plexiform_Melanocytoma,Eye_Orbit,1
Eye_Orbit::Conjunctiva::Melanocytic_Tumors::Premalignant_Malignant::Melanocytic_Intraepithelial_Lesion,Eye_Orbit,1
Eye_Orbit::Conjunctiva::Melanocytic_Tumors::Premalignant_Malignant::Melanoma,Eye_Orbit,1
Eye_Orbit::Conjunctiva::Reactive_Epithelial_Degenerative::Follicular_Conjunctivitis,Eye_Orbit,1
Eye_Orbit::Conjunctiva::Reactive_Epithelial_Degenerative::Papillary_Conjunctivitis,Eye_Orbit,1
Eye_Orbit::Conjunctiva::Reactive_Epithelial_Degenerative::Pingueculum,Eye_Orbit,1
Eye_Orbit::Conjunctiva::Reactive_Epithelial_Degenerative::Pterygium,Eye_Orbit,1
Eye_Orbit::Conjunctiva::Reactive_Epithelial_Degenerative::Reactive_Epithelial_Hyperplasia,Eye_Orbit,1
Eye_Orbit::Eyelid::Choristoma::Phakomatous_Choristoma,Eye_Orbit,1
Eye_Orbit::Eyelid::Melanocytic_Tumors::Benign_Premalignant::Nevus,Eye_Orbit,1
Eye_Orbit::Eyelid::Melanocytic_Tumors::Malignant::Invasive_Cutaneous_Melanoma,Eye_Orbit,1
Eye_Orbit::Eyelid_Adnexal::Benign::Sebaceoma,Eye_Orbit,1
Eye_Orbit::Eyelid_Adnexal::Benign::Sebaceous_Adenoma,Eye_Orbit,1
Eye_Orbit::Eyelid_Adnexal::Benign::Sebaceous_Hyperplasia,Eye_Orbit,1
Eye_Orbit::Eyelid_Adnexal::Benign::Syringoma,Eye_Orbit,1
Eye_Orbit::Eyelid_Adnexal::Benign::Trichilemmoma,Eye_Orbit,1
Eye_Orbit::Eyelid_Cysts::Epidermal_Inclusion_Cyst,Eye_Orbit,1
Eye_Orbit::Eyelid_Cysts::Intratarsal_Cyst,Eye_Orbit,1
Eye_Orbit::Eyelid_Epithelial::Benign_Premalignant::Actinic_Keratosis,Eye_Orbit,1
Eye_Orbit::Eyelid_Epithelial::Benign_Premalignant::Inverted_Follicular_Keratosis,Eye_Orbit,1
Eye_Orbit::Eyelid_Epithelial::Benign_Premalignant::Molluscum_Contagiosum,Eye_Orbit,1
Eye_Orbit::Eyelid_Epithelial::Benign_Premalignant::Seborrheic_Keratosis,Eye_Orbit,1
Eye_Orbit::Eyelid_Epithelial::Benign_Premalignant::Squamous_Cell_Papilloma,Eye_Orbit,1
Eye_Orbit::Eyelid_Epithelial::Benign_Premalignant::Verruca_Vulgaris,Eye_Orbit,1
Eye_Orbit::Eyelid_Epithelial::Malignant::Basal_Cell_Carcinoma,Eye_Orbit,1
Eye_Orbit::Eyelid_Epithelial::Malignant::Merkel_Cell_Carcinoma,Eye_Orbit,1
Eye_Orbit::Genetics::Muir_Torre_Syndrome,Eye_Orbit,1
Eye_Orbit::Genetics::Neurofibromatosis_Type_1,Eye_Orbit,1
Eye_Orbit::Genetics::Sturge_Weber_Syndrome,Eye_Orbit,1
Eye_Orbit::Hematolymphoid::Histiocytic_Dendritic::Adult_Orbital_Xanthogranulomatous_Disease,Eye_Orbit,1
Eye_Orbit::Hematolymphoid::Histiocytic_Dendritic::Erdheim_Chester_Disease,Eye_Orbit,1
Eye_Orbit::Hematolymphoid::Histiocytic_Dendritic::Juvenile_Xanthogranuloma,Eye_Orbit,1
Eye_Orbit::Hematolymphoid::Histiocytic_Dendritic::Langerhans_Cell_Tumors,Eye_Orbit,1
Eye_Orbit::Hematolymphoid::Histiocytic_Dendritic::Rosai_Dorfman_Disease,Eye_Orbit,1
Eye_Orbit::Hematolymphoid::Histiocytic_Dendritic::Xanthelasma,Eye_Orbit,1
Eye_Orbit::Hematolymphoid::Lymphoma::Intraocular::Primary_Choroidal_Lymphoma,Eye_Orbit,1
Eye_Orbit::Hematolymphoid::Lymphoma::Intraocular::Primary_Vitreoretinal_Large_B_Cell_Lymphoma,Eye_Orbit,1
Eye_Orbit::Hematolymphoid::Lymphoma::Ocular_Adnexa::B_Cell::CLL_SLL,Eye_Orbit,1
Eye_Orbit::Hematolymphoid::Lymphoma::Ocular_Adnexa::B_Cell::Diffuse_Large_B_Cell_Lymphoma,Eye_Orbit,1
Eye_Orbit::Hematolymphoid::Lymphoma::Ocular_Adnexa::B_Cell::Extranodal_Marginal_Zone_Lymphoma,Eye_Orbit,1
Eye_Orbit::Hematolymphoid::Lymphoma::Ocular_Adnexa::B_Cell::Follicular_Lymphoma,Eye_Orbit,1
Eye_Orbit::Hematolymphoid::Lymphoma::Ocular_Adnexa::B_Cell::Mantle_Cell_Lymphoma,Eye_Orbit,1
Eye_Orbit::Hematolymphoid::Lymphoma::Ocular_Adnexa::B_Cell::Plasmacytoma,Eye_Orbit,1
Eye_Orbit::Hematolymphoid::Lymphoma::Ocular_Adnexa::T_NK::CD30_Positive_Lymphoproliferative_Disorder,Eye_Orbit,1
Eye_Orbit::Hematolymphoid::Lymphoma::Ocular_Adnexa::T_NK::Extranodal_Mature_NK_T_Cell_Lymphoma,Eye_Orbit,1
Eye_Orbit::Hematolymphoid::Lymphoma::Ocular_Adnexa::T_NK::T_Cell_Lymphoma_NOS,Eye_Orbit,1
Eye_Orbit::Hematolymphoid::Myeloid::Extramedullary_Myeloid_Sarcoma,Eye_Orbit,1
Eye_Orbit::Hematolymphoid::Myeloid::Myeloid_Sarcoma,Eye_Orbit,1
Eye_Orbit::Hematolymphoid::Reactive::IgG4_Related_Disease,Eye_Orbit,1
Eye_Orbit::Hematolymphoid::Reactive::Reactive_Lymphoid_Hyperplasia,Eye_Orbit,1
Eye_Orbit::Lacrimal_Drainage_System::Melanocytic_Tumors::Melanoma,Eye_Orbit,1
Eye_Orbit::Lacrimal_Epithelial::Benign_Premalignant::Intraductal_Carcinoma,Eye_Orbit,1
Eye_Orbit::Lacrimal_Epithelial::Benign_Premalignant::Myoepithelioma,Eye_Orbit,1
Eye_Orbit::Lacrimal_Epithelial::Benign_Premalignant::Papilloma_Inverted,Eye_Orbit,1
Eye_Orbit::Lacrimal_Epithelial::Benign_Premalignant::Papilloma_Squamous,Eye_Orbit,1
Eye_Orbit::Lacrimal_Epithelial::Benign_Premalignant::Pleomorphic_Adenoma,Eye_Orbit,1
Eye_Orbit::Lacrimal_Epithelial::Malignant::Acinic_Cell_Carcinoma,Eye_Orbit,1
Eye_Orbit::Lacrimal_Epithelial::Malignant::Adenocarcinoma_NOS,Eye_Orbit,1
Eye_Orbit::Lacrimal_Epithelial::Malignant::Adenoid_Cystic_Carcinoma,Eye_Orbit,1
Eye_Orbit::Lacrimal_Epithelial::Malignant::Carcinoma_Ex_Pleomorphic_Adenoma,Eye_Orbit,1
Eye_Orbit::Lacrimal_Epithelial::Malignant::Epithelial_Myoepithelial_Carcinoma,Eye_Orbit,1
Eye_Orbit::Lacrimal_Epithelial::Malignant::Lymphoepithelial_Carcinoma,Eye_Orbit,1
Eye_Orbit::Lacrimal_Epithelial::Malignant::Mucoepidermoid_Carcinoma,Eye_Orbit,1
Eye_Orbit::Lacrimal_Epithelial::Malignant::Other_Salivary_Gland_Type_Carcinomas,Eye_Orbit,1
Eye_Orbit::Lacrimal_Epithelial::Malignant::Primary_Ductal_Adenocarcinoma,Eye_Orbit,1
Eye_Orbit::Lacrimal_Epithelial::Malignant::Secretory_Carcinoma,Eye_Orbit,1
Eye_Orbit::Lacrimal_Epithelial::Malignant::Squamous_Cell_Carcinoma,Eye_Orbit,1
Eye_Orbit::Metastases::Intraocular,Eye_Orbit,1
Eye_Orbit::Metastases::Ocular_Adnexa,Eye_Orbit,1
Eye_Orbit::Optic_Disc_Optic_Nerve::Meningeal_Tumors::Optic_Nerve_Meningioma,Eye_Orbit,1
Eye_Orbit::Orbit::Cysts::Dermoid_Cyst,Eye_Orbit,1
Eye_Orbit::Orbit::Cysts::Other_Orbital_Cyst_NOS,Eye_Orbit,1
Eye_Orbit::Orbit::Germ_Cell_Tumors::Teratoma,Eye_Orbit,1
Eye_Orbit::Orbit::Germ_Cell_Tumors::Yolk_Sac_Tumor,Eye_Orbit,1
Eye_Orbit::Orbit::Hamartoma::Mesenchymal_Hamartoma,Eye_Orbit,1
Eye_Orbit::Orbit::Hamartoma::Orbital_Glial_Heterotopia,Eye_Orbit,1
Eye_Orbit::Orbit::Melanocytic_Tumors::Primary_Orbital_Melanoma,Eye_Orbit,1
Eye_Orbit::Orbit::Vascular_Malformations::Arteriovenous_Malformation,Eye_Orbit,1
Eye_Orbit::Orbit::Vascular_Malformations::Orbital_Venous_Malformation,Eye_Orbit,1
Eye_Orbit::Retina_Neuroepithelium::Iris_Ciliary_Body_Pigment_Epithelium::Neoplastic::Medulloepithelioma_Ciliary_Body,Eye_Orbit,1
Eye_Orbit::Retina_Neuroepithelium::Iris_Ciliary_Body_Pigment_Epithelium::Reactive_Cystic::Glioneuronal_Hamartoma_Ciliary_Body,Eye_Orbit,1
Eye_Orbit::Retina_Neuroepithelium::Iris_Ciliary_Body_Pigment_Epithelium::Reactive_Cystic::Nodular_Hyperplasia_Ciliary_Epithelium,Eye_Orbit,1
Eye_Orbit::Retina_Neuroepithelium::Iris_Ciliary_Body_Pigment_Epithelium::Reactive_Cystic::Reactive_Epithelial_Hyperplasia_Ciliary_Epithelium,Eye_Orbit,1
Eye_Orbit::Retina_Neuroepithelium::Neurosensory_Retina::Benign::Astrocytic_Tumors,Eye_Orbit,1
Eye_Orbit::Retina_Neuroepithelium::Neurosensory_Retina::Benign::Nodular_Massive_Retinal_Gliosis,Eye_Orbit,1
Eye_Orbit::Retina_Neuroepithelium::Neurosensory_Retina::Premalignant_Malignant::Retinoblastoma,Eye_Orbit,1
Eye_Orbit::Retina_Neuroepithelium::Retinal_Pigment_Epithelium::Neoplastic::Adenocarcinoma_Of_Retinal_Pigment_Epithelium,Eye_Orbit,1
Eye_Orbit::Retina_Neuroepithelium::Retinal_Pigment_Epithelium::Neoplastic::Adenoma_Of_Retinal_Pigment_Epithelium,Eye_Orbit,1
Eye_Orbit::Retina_Neuroepithelium::Retinal_Pigment_Epithelium::Reactive_Hamartomatous::Congenital_Hypertrophy_Of_Retinal_Pigment_Epithelium,Eye_Orbit,1
Eye_Orbit::Retina_Neuroepithelium::Retinal_Pigment_Epithelium::Reactive_Hamartomatous::Hamartoma_Of_Retinal_Pigment_Epithelium,Eye_Orbit,1
Eye_Orbit::Retina_Neuroepithelium::Retinal_Pigment_Epithelium::Reactive_Hamartomatous::Reactive_Hyperplasia_Of_Retinal_Pigment_Epithelium,Eye_Orbit,1
Eye_Orbit::Soft_Tissue::Adipocytic::Malignant_Adipocytic_Tumors,Eye_Orbit,1
Eye_Orbit::Soft_Tissue::Fibrous_Fibroblastic::Angiomyxoma,Eye_Orbit,1
Eye_Orbit::Soft_Tissue::Fibrous_Fibroblastic::Conjunctival_Stromal_Tumor_Ocular_Surface_Fibroma,Eye_Orbit,1
Eye_Orbit::Soft_Tissue::Fibrous_Fibroblastic::Dermatofibrosarcoma_Protuberans,Eye_Orbit,1
Eye_Orbit::Soft_Tissue::Fibrous_Fibroblastic::Fibrous_Histiocytoma,Eye_Orbit,1
Eye_Orbit::Soft_Tissue::Fibrous_Fibroblastic::Inflammatory_Myofibroblastic_Tumor,Eye_Orbit,1
Eye_Orbit::Soft_Tissue::Fibrous_Fibroblastic::Nodular_Fasciitis,Eye_Orbit,1
Eye_Orbit::Soft_Tissue::Fibrous_Fibroblastic::Proliferative_Fasciitis,Eye_Orbit,1
Eye_Orbit::Soft_Tissue::Fibrous_Fibroblastic::Proliferative_Myositis,Eye_Orbit,1
Eye_Orbit::Soft_Tissue::Peripheral_Nerve_Sheath::Granular_Cell_Tumor,Eye_Orbit,1
Eye_Orbit::Soft_Tissue::Peripheral_Nerve_Sheath::Malignant_Peripheral_Nerve_Sheath_Tumor,Eye_Orbit,1
Eye_Orbit::Soft_Tissue::Peripheral_Nerve_Sheath::Neurofibroma,Eye_Orbit,1
Eye_Orbit::Soft_Tissue::Peripheral_Nerve_Sheath::Schwannoma,Eye_Orbit,1
Eye_Orbit::Soft_Tissue::Peripheral_Nerve_Sheath::Solitary_Circumscribed_Neuroma,Eye_Orbit,1
Eye_Orbit::Soft_Tissue::Perivascular::Myopericytoma_Myofibroma,Eye_Orbit,1
Eye_Orbit::Soft_Tissue::Uncertain_Derivation::Epithelioid_Sarcoma,Eye_Orbit,1
Eye_Orbit::Soft_Tissue::Uncertain_Derivation::PEComa,Eye_Orbit,1
Eye_Orbit::Soft_Tissue::Uncertain_Derivation::Synovial_Sarcoma,Eye_Orbit,1
Eye_Orbit::Uveal_Tract::Ciliary_Body_Choroid::Benign_Melanocytic::Bilateral_Diffuse_Uveal_Melanocytic_Proliferation,Eye_Orbit,1
Eye_Orbit::Uveal_Tract::Ciliary_Body_Choroid::Benign_Melanocytic::Choroidal_Ciliary_Body_Nevus,Eye_Orbit,1
Eye_Orbit::Uveal_Tract::Ciliary_Body_Choroid::Benign_Melanocytic::Uveal_Melanocytoma,Eye_Orbit,1
Eye_Orbit::Uveal_Tract::Ciliary_Body_Choroid::Malignant_Melanocytic::Choroidal_Ciliary_Body_Melanoma,Eye_Orbit,1
Eye_Orbit::Uveal_Tract::Iris::Benign_Hamartoma::Ectopic_Tissue,Eye_Orbit,1
Eye_Orbit::Uveal_Tract::Iris::Benign_Hamartoma::Implantation_Cyst,Eye_Orbit,1
Eye_Orbit::Uveal_Tract::Iris::Melanocytic::Iris_Melanoma,Eye_Orbit,1
Eye_Orbit::Uveal_Tract::Iris::Melanocytic::Iris_Nevus,Eye_Orbit,1
Eye_Orbit::Uveal_Tract::Iris::Melanocytic::Ocular_Melanocytosis,Eye_Orbit,1
GI::Anus::Neoplastic::Neuroendocrine::Anal_Neuroendocrine_Neoplasm,GI,1
GI::Appendix::Inflammatory::Chronic_Granulomatous::Appendiceal_Crohn_Disease,GI,1
GI::Appendix::Inflammatory::Chronic_Granulomatous::Appendiceal_Yersinia_Infection,GI,1
GI::Appendix::Neoplastic::Adenoma::Appendiceal_Conventional_Adenoma,GI,1
GI::Appendix::Neoplastic::Mucinous::Appendiceal_Mucinous_Adenoma,GI,1
GI::Appendix::Neoplastic::Mucinous::Appendiceal_Pseudomyxoma_Peritonei,GI,1
GI::Appendix::Normal_Histology::Normal_Anatomy,GI,1
GI::Biliary::Neoplastic::Neuroendocrine::Extrahepatic_Bile_Duct_Neuroendocrine_Neoplasm,GI,1
GI::Biliary::Neoplastic::Precursor::Biliary_Intraductal_Oncocytic_Papillary_Neoplasm,GI,1
GI::Biliary::Neoplastic::Precursor::Biliary_Intraductal_Tubulopapillary_Neoplasm_ITPN,GI,1
GI::Esophagus::Congenital_Structural::Anomaly::Esophageal_Atresia_And_Fistula,GI,1
GI::Esophagus::Congenital_Structural::Anomaly::Esophageal_Duplication_Cyst,GI,1
GI::Esophagus::Congenital_Structural::Diverticulum::Esophageal_Zenker_Diverticulum,GI,1
GI::Esophagus::Congenital_Structural::Malformation::Esophageal_Webs_And_Rings,GI,1
GI::Esophagus::Congenital_Structural::Mechanical::Esophageal_Tears_And_Perforations,GI,1
GI::Esophagus::Metaplastic::Barrett::Esophageal_Barrett_Mucosa_Indefinite_For_Dysplasia,GI,1
GI::Esophagus::Metaplastic::Barrett::Esophageal_Barrett_Mucosa_No_Dysplasia,GI,1
GI::Esophagus::Neoplastic::Mesenchymal::Esophageal_Liposarcoma_Giant_Fibrovascular_Polyp,GI,1
GI::Esophagus::Neoplastic::Neuroendocrine::Esophageal_Neuroendocrine_Tumor_Well_Differentiated,GI,1
GI::Esophagus::Neoplastic::Salivary_Type::Esophageal_Adenoid_Cystic_Carcinoma,GI,1
GI::Esophagus::Neoplastic::Salivary_Type::Esophageal_Mucoepidermoid_Carcinoma,GI,1
GI::Esophagus::Neoplastic::Squamous::Esophageal_Squamous_Cell_Carcinoma_Conventional,GI,1
GI::Esophagus::Neoplastic::Squamous::Esophageal_Squamous_Papilloma_HPV_Associated,GI,1
GI::General::Neoplastic::Melanocytic::Mucosal_Melanoma_Digestive_System,GI,1
GI::General::Neoplastic::Metastatic::Metastatic_Nonappendiceal_Tumors,GI,1
GI::Liver::Neoplastic::Benign_Cystic::Hepatic_Simple_Cyst,GI,1
GI::Liver::Neoplastic::Malignant_Biliary::Intrahepatic_Cholangiocarcinoma_Small_Duct,GI,1
GI::Mesenchymal::Miscellaneous::EBV_Positive_Inflammatory_Follicular_Dendritic_Cell_Sarcoma_Digestive_Tract,GI,1
GI::Mesenchymal::Miscellaneous::NUT_Rearranged_Sarcoma,GI,1
GI::Mesenchymal::Spindle_Cell::GIST::SDH_Deficient_GIST,GI,1
GI::Mesenchymal::Uncertain::PEComa,GI,1
GI::Mesenchymal::Vascular::Benign_Vascular_Anomalies_And_Vascular_Tumors,GI,1
GI::Pancreas::Inflammatory::Pancreatitis::Pancreatic_Pseudocyst,GI,1
GI::Pancreas::Neoplastic::Neuroendocrine::Pancreatic_NET::ACTH_Producing_NET,GI,1
GI::Pancreas::Neoplastic::Neuroendocrine::Pancreatic_NET::Nonfunctioning_Pancreatic_NET,GI,1
GI::Pancreas::Neoplastic::Neuroendocrine::Pancreatic_NET::Serotonin_Producing_NET,GI,1
GI::Small_Intestine::Congenital_Structural::Mechanical::Bacterial_Overgrowth_Stasis,GI,1
GI::Small_Intestine::Congenital_Structural::Structural::Small_Intestinal_Duplication_Cyst,GI,1
GI::Small_Intestine::Infectious::Bacterial::Small_Intestinal_Mycobacterium_Tuberculosis,GI,1
GI::Small_Intestine::Infectious::Protozoal::Small_Intestinal_Cyclosporiasis,GI,1
GI::Small_Intestine::Infectious::Protozoal::Small_Intestinal_Cystoisosporiasis_Isosporiasis,GI,1
GI::Small_Intestine::Inflammatory::Malabsorption::Small_Intestinal_CVID_Enteropathy,GI,1
GI::Small_Intestine::Neoplastic::Adenocarcinoma::Ampullary_Adenocarcinoma_Intestinal_Type,GI,1
GI::Small_Intestine::Neoplastic::Adenocarcinoma::Ampullary_Adenocarcinoma_Pancreatobiliary_Type,GI,1
GI::Small_Intestine::Neoplastic::Adenocarcinoma::Duodenal_Non_Ampullary_Adenocarcinoma,GI,1
GI::Small_Intestine::Neoplastic::Adenoma::Small_Intestinal_Tubular_Adenoma,GI,1
GI::Small_Intestine::Neoplastic::Mesenchymal::Small_Intestinal_Clear_Cell_Sarcoma_Like_Tumor,GI,1
GI::Small_Intestine::Neoplastic::Neuroendocrine::Small_Intestinal_Neuroendocrine_Carcinoma_High_Grade,GI,1
GI::Small_Intestine::Polyp::Hamartoma::Small_Intestinal_Juvenile_Type_Polyp,GI,1
GI::Stomach::Congenital_Structural::Heterotopia::Gastric_Pancreatic_Heterotopia,GI,1
GI::Stomach::Congenital_Structural::Structural::Gastric_Diverticulum,GI,1
GI::Stomach::Congenital_Structural::Structural::Gastric_Volvulus_Ischemic_Change,GI,1
GI::Stomach::Gastropathy::Reactive::Gastric_Carditis,GI,1
GI::Stomach::Gastropathy::Vascular::Gastric_Dieulafoy_Lesion,GI,1
GI::Stomach::Inflammatory::Ulcerative::Gastric_Ulcers,GI,1
GI::Stomach::Neoplastic::Adenocarcinoma::Gastric_Adenocarcinoma_Intestinal_Type,GI,1
GI::Stomach::Neoplastic::Adenocarcinoma::Gastric_Adenocarcinoma_Micropapillary_Variant,GI,1
GI::Stomach::Neoplastic::Adenocarcinoma::Gastric_Adenocarcinoma_Overview_Molecular_Classification,GI,1
GI::Stomach::Neoplastic::Carcinoma::Gastric_Undifferentiated_Carcinoma,GI,1
GI::Stomach::Neoplastic::Neuroendocrine::Gastric_Neuroendocrine_Carcinoma_High_Grade,GI,1
GI::Stomach::Neoplastic::Neuroendocrine::Gastric_Neuroendocrine_Tumor_Type_2_MEN1,GI,1
GI::Stomach::Neoplastic::Neuroendocrine::Gastric_Neuroendocrine_Tumor_Type_3_Sporadic,GI,1
GI::Syndrome::Cancer_Predisposition::MMR::Constitutional_Mismatch_Repair_Deficiency_CMMRD,GI,1
GI::Syndrome::Cancer_Predisposition::NF1::Neurofibromatosis_Type_1,GI,1
GI::Syndrome::Polyposis::Adenomatous::AXIN2_Associated_Polyposis,GI,1
GI::Syndrome::Polyposis::Adenomatous::MSH3_Associated_Polyposis,GI,1
GI::Syndrome::Polyposis::Adenomatous::NTHL1_Associated_Polyposis,GI,1
GU::Bladder::Histology_&_Anatomy::Histology_&_Anatomy_of_Urinary_Bladder,GU::Bladder,1
GU::Bladder::Histology_&_Anatomy::Normal_Bladder_Anatomy,GU::Bladder,1
GU::Bladder::Histology_&_Anatomy::Von_Brunn_Nests,GU::Bladder,1
GU::Bladder::Mesenchymal::Myopericytoma,GU::Bladder,1
GU::Bladder::Mesenchymal::PEComa,GU::Bladder,1
GU::Bladder::Neuroendocrine::Well_Differentiated_Neuroendocrine_Tumor,GU::Bladder,1
GU::Bladder::Other::Diverticular_Carcinoma,GU::Bladder,1
GU::Bladder::Squamous_Neoplasms::Verrucous_Carcinoma,GU::Bladder,1
GU::Kidney::Additional_Topics::Tissue_Processing_of_Renal_Biopsies,GU::Kidney,1
GU::Kidney::Medical_Kidney_Disease::Glomerular::Acellular_Closure::Amyloidosis,GU::Kidney,1
GU::Kidney::Medical_Kidney_Disease::Glomerular::Acellular_Closure::Cryoglobulinemic_Glomerulonephritis,GU::Kidney,1
GU::Kidney::Medical_Kidney_Disease::Glomerular::Isolated_Hematuria::Thin_Basement_Membrane_Disease,GU::Kidney,1
GU::Kidney::Medical_Kidney_Disease::Vascular::Arterial_Arteriolar_Nephrosclerosis,GU::Kidney,1
GU::Kidney::Medical_Kidney_Disease::Vascular::Renal_Atheroembolic_Disease,GU::Kidney,1
GU::Kidney::Medical_Kidney_Disease::Vascular::Renal_Vasculitis,GU::Kidney,1
GU::Kidney::Mesenchymal::Synovial_Sarcoma,GU::Kidney,1
GU::Kidney::Other::Germ_Cell_Tumors_of_the_Kidney,GU::Kidney,1
GU::Kidney::Renal_cell::t_6_11_Renal_Cell_Carcinoma,GU::Kidney,1
GU::Penis::Other::Paget_Disease,GU::Penis,1
GU::Penis::Squamous_Neoplasms::Basaloid_Squamous_Cell_Carcinoma,GU::Penis,1
GU::Penis::Squamous_Neoplasms::Clear_Cell_Carcinoma,GU::Penis,1
GU::Penis::Squamous_Neoplasms::Mixed_Squamous_Cell_Carcinoma,GU::Penis,1
GU::Penis::Squamous_Neoplasms::Papillary_Squamous_Cell_Carcinoma,GU::Penis,1
GU::Penis::Squamous_Neoplasms::Pseudoglandular_Squamous_Cell_Carcinoma,GU::Penis,1
GU::Penis::Squamous_Neoplasms::Pseudohyperplastic_Squamous_Cell_Carcinoma,GU::Penis,1
GU::Penis::Squamous_Neoplasms::Sarcomatoid_Squamous_Cell_Carcinoma,GU::Penis,1
GU::Penis::Squamous_Neoplasms::Warty_Basaloid_Squamous_Cell_Carcinoma,GU::Penis,1
GU::Penis::Squamous_Neoplasms::Warty_Condylomatous_Squamous_Cell_Carcinoma,GU::Penis,1
GU::Prostate::Benign::Large_&_Cribriform_Gland_Patterns,GU::Prostate,1
GU::Prostate::Benign::Nonglandular_Patterns,GU::Prostate,1
GU::Prostate::Histology_&_Anatomy::Histology_&_Anatomy_of_Prostate_Gland,GU::Prostate,1
GU::Seminal_Vesicle::Cystadenoma_of_the_Seminal_Vesicle,GU::Seminal_Vesicle,1
GU::Seminal_Vesicle::Histology_&_Anatomy::Histology_&_Anatomy_Seminal_Vesicle,GU::Seminal_Vesicle,1
GU::Seminal_Vesicle::Squamous_Cell_Carcinoma_of_the_Seminal_Vesicle,GU::Seminal_Vesicle,1
GU::Syndromes::BAP1_Tumor_Predisposition_Syndrome,GU::Syndromes,1
GU::Syndromes::Birt_Hogg_Dube_Syndrome,GU::Syndromes,1
GU::Syndromes::Genitourinary_System_and_Lynch_Syndrome,GU::Syndromes,1
GU::Syndromes::Hereditary_Pheochromocytoma_Paraganglioma_Syndromes,GU::Syndromes,1
GU::Syndromes::Hereditary_Tumor_Syndromes_Homologous_Recombination_Pathway,GU::Syndromes,1
GU::Syndromes::Succinate_Dehydrogenase_Deficient_Tumor_Syndromes,GU::Syndromes,1
GU::Testis::Additional_Topics::Chemotherapy_Effects,GU::Testis,1
GU::Testis::Germ_Cell_Tumors::Teratoma_Prepubertal_Type,GU::Testis,1
GU::Testis::Germ_Cell_Tumors::Teratoma_and_Yolk_Sac_Tumor_Prepubertal_Type,GU::Testis,1
GU::Testis::Heme::Extranodal_Marginal_Zone_Lymphoma_of_MALT,GU::Testis,1
GU::Testis::Heme::Juvenile_Xanthogranuloma,GU::Testis,1
GU::Testis::Heme::Plasmacytoma,GU::Testis,1
GU::Testis::Infertility::Germinal_Cell_Aplasia,GU::Testis,1
GU::Testis::Metastatic::Metastasis_to_Testis_and_Paratestis,GU::Testis,1
GU::Testis::Neuroendocrine::Testicular_Neuroendocrine_Tumor_Preprubertal_Type,GU::Testis,1
GU::Testis::Paratesticular::Adenocarcinoma_of_Rete_Testis,GU::Testis,1
GU::Testis::Sex_Cord_Stromal_Tumors::Sertoli_Leydig_Cell_Tumor,GU::Testis,1
GU::Urothelial::Other::Clear_Cell_Adenocarcinoma_of_the_Urinary_Tract,GU::Urothelial,1
GU::Urothelial::Other::Endometrioid_Carcinoma_of_the_Urinary_Tract,GU::Urothelial,1
GYN::Ovary::Neoplastic::Epithelial::Borderline::Clear_Cell_Borderline_Tumor,GYN::Ovary,1
GYN::Ovary::Neoplastic::Epithelial::Malignant::Carcinosarcoma,GYN::Ovary,1
GYN::Ovary::Neoplastic::Epithelial::Malignant::Hepatoid_Carcinoma,GYN::Ovary,1
GYN::Ovary::Neoplastic::Epithelial::Malignant::Mesonephric_Like_Carcinoma,GYN::Ovary,1
GYN::Ovary::Neoplastic::Epithelial::Malignant::Small_Cell_Carcinoma_Pulmonary_Type,GYN::Ovary,1
GYN::Ovary::Neoplastic::Germ_Cell::Malignant::Polyembryoma,GYN::Ovary,1
GYN::Ovary::Neoplastic::Germ_Cell::Malignant::Primitive_Neuroectodermal_Tumor,GYN::Ovary,1
GYN::Ovary::Neoplastic::Germ_Cell::Malignant::Secondary_Tumors_In_Teratomas,GYN::Ovary,1
GYN::Ovary::Neoplastic::Metastatic::Metastatic_Gastrointestinal_Stromal_Tumor,GYN::Ovary,1
GYN::Peritoneum::Neoplastic::Epithelial::Borderline::Serous_Borderline_Tumor,GYN::Peritoneum,1
GYN::Peritoneum::Neoplastic::Mesenchymal::Malignant::Extragastrointestinal_Stromal_Tumor_GIST,GYN::Peritoneum,1
GYN::Peritoneum::Neoplastic::Mesothelial::Benign::Florid_Mesothelial_Hyperplasia,GYN::Peritoneum,1
GYN::Uterus::Neoplastic::Epithelial::Malignant::Squamous_Cell_Carcinoma,GYN::Uterus,1
GYN::Uterus::Neoplastic::Hematolymphoid::Malignant::Lymphoma_Leukemia,GYN::Uterus,1
GYN::Uterus::Neoplastic::Miscellaneous::Malignant::Central_Primitive_Neuroectodermal_Tumor,GYN::Uterus,1
GYN::Vagina::Congenital_Structural::Polyp::Vaginal_Polyp,GYN::Vagina,1
GYN::Vagina::Inflammatory::Chronic::Desquamative_Inflammatory_Vaginitis,GYN::Vagina,1
GYN::Vagina::Neoplastic::Epithelial::Malignant::Adenocarcinoma_Non_Clear_Cell,GYN::Vagina,1
GYN::Vagina::Neoplastic::Epithelial::Metastatic::Secondary_Neoplasms,GYN::Vagina,1
GYN::Vulva::Infectious::Fungal::Dermatophytosis,GYN::Vulva,1
GYN::Vulva::Infectious::Viral::Molluscum_Contagiosum,GYN::Vulva,1
GYN::Vulva::Inflammatory::Bullous::Linear_IgA_Disease,GYN::Vulva,1
GYN::Vulva::Inflammatory::Bullous::Mucous_Membrane_Pemphigoid,GYN::Vulva,1
GYN::Vulva::Inflammatory::Bullous::Pemphigoid_Gestationis,GYN::Vulva,1
GYN::Vulva::Inflammatory::Bullous::Pemphigus,GYN::Vulva,1
GYN::Vulva::Inflammatory::Dermatosis::Epidermolytic_Acanthoma,GYN::Vulva,1
GYN::Vulva::Inflammatory::Dermatosis::Fixed_Drug_Eruption,GYN::Vulva,1
GYN::Vulva::Inflammatory::Dermatosis::Papular_Acantholytic_Dermatosis,GYN::Vulva,1
GYN::Vulva::Inflammatory::Granulomatous::Foreign_Body_Granulomas,GYN::Vulva,1
GYN::Vulva::Inflammatory::Miscellaneous::Verruciform_Xanthoma,GYN::Vulva,1
GYN::Vulva::Neoplastic::Epithelial::Benign::Eccrine_Spiradenoma,GYN::Vulva,1
GYN::Vulva::Neoplastic::Epithelial::Benign::Fibroadenoma,GYN::Vulva,1
GYN::Vulva::Neoplastic::Epithelial::Benign::Hidradenoma_Papilliferum,GYN::Vulva,1
GYN::Vulva::Neoplastic::Epithelial::Benign::Mixed_Tumor,GYN::Vulva,1
GYN::Vulva::Neoplastic::Epithelial::Benign::Syringoma,GYN::Vulva,1
GYN::Vulva::Neoplastic::Epithelial::Benign::Trichoepithelioma,GYN::Vulva,1
GYN::Vulva::Neoplastic::Epithelial::Benign::Trichofolliculoma,GYN::Vulva,1
GYN::Vulva::Neoplastic::Epithelial::Malignant::Microcystic_Adnexal_Carcinoma,GYN::Vulva,1
GYN::Vulva::Neoplastic::Epithelial::Malignant::Phyllodes_Tumor,GYN::Vulva,1
GYN::Vulva::Neoplastic::Epithelial::Malignant::Sebaceous_Carcinoma,GYN::Vulva,1
GYN::Vulva::Neoplastic::Melanocytic::Dysplastic::Atypical_Nevus_of_Genital_Tract,GYN::Vulva,1
GYN::Vulva::Neoplastic::Mesenchymal::Benign::Lipoblastoma_Like_Tumor,GYN::Vulva,1
HN::Genetics::Von_Hippel_Lindau_Syndrome,HN,1
HN::Heme::Histiocytic_Dendritic::Erdheim_Chester_Disease,HN,1
HN::Larynx_Hypopharynx_Trachea::Carcinoma::Papillary_Squamous_Cell_Carcinoma,HN,1
HN::Neck_Lymph_Node::Cyst::Teratoid_Cyst,HN,1
HN::Neck_Lymph_Node::Tumor::Heterotopia_Associated_Carcinoma,HN,1
HN::Odontogenic_Maxillofacial::Benign_Epithelial::Ameloblastoma_Peripheral,HN,1
HN::Odontogenic_Maxillofacial::Benign_Epithelial::Metastasizing_Ameloblastoma,HN,1
HN::Odontogenic_Maxillofacial::Malignant::Odontogenic_Carcinosarcoma,HN,1
HN::Salivary_Gland::Malignant_Tumor::Lymphoepithelioma_Like_Undifferentiated_Carcinoma,HN,1
HN::Salivary_Gland::Malignant_Tumor::Sebaceous_Adenocarcinoma,HN,1
HN::Sinonasal::Neuroendocrine::Small_Cell_Undifferentiated_Carcinoma,HN,1
HN::Soft_Tissue::Undifferentiated::Undifferentiated_Small_Round_Cell_Sarcoma,HN,1
Heme::Acute_Leukemia_Of_Ambiguous_Lineage::ALAL_NOS,Heme,1
Heme::Acute_Leukemia_Of_Ambiguous_Lineage::ALAL_With_Other_Defined_Genetic_Alterations,Heme,1
Heme::Acute_Leukemia_Of_Ambiguous_Lineage::Acute_Undifferentiated_Leukemia,Heme,1
Heme::Acute_Leukemia_Of_Ambiguous_Lineage::MPAL_B_Myeloid,Heme,1
Heme::Acute_Leukemia_Of_Ambiguous_Lineage::MPAL_Rare_Types,Heme,1
Heme::Acute_Leukemia_Of_Ambiguous_Lineage::MPAL_T_Myeloid,Heme,1
Heme::Acute_Leukemia_Of_Ambiguous_Lineage::MPAL_With_BCR_ABL1_Fusion,Heme,1
Heme::Acute_Leukemia_Of_Ambiguous_Lineage::MPAL_With_KMT2A_Rearrangement,Heme,1
Heme::Acute_Myeloid_Leukemia::Differentiation_Defined::AML_With_Minimal_Differentiation,Heme,1
Heme::Acute_Myeloid_Leukemia::Differentiation_Defined::AML_Without_Maturation,Heme,1
Heme::Acute_Myeloid_Leukemia::Differentiation_Defined::Acute_Basophilic_Leukemia,Heme,1
Heme::Acute_Myeloid_Leukemia::Differentiation_Defined::Acute_Erythroid_Leukemia,Heme,1
Heme::Acute_Myeloid_Leukemia::Differentiation_Defined::Acute_Megakaryoblastic_Leukemia,Heme,1
Heme::Acute_Myeloid_Leukemia::Genetic_Defined::AML_Myelodysplasia_Related,Heme,1
Heme::Acute_Myeloid_Leukemia::Genetic_Defined::AML_With_BCR_ABL1,Heme,1
Heme::Acute_Myeloid_Leukemia::Genetic_Defined::AML_With_CBFB_MYH11,Heme,1
Heme::Acute_Myeloid_Leukemia::Genetic_Defined::AML_With_CEBPA_Mutation,Heme,1
Heme::Acute_Myeloid_Leukemia::Genetic_Defined::AML_With_DEK_NUP214,Heme,1
Heme::Acute_Myeloid_Leukemia::Genetic_Defined::AML_With_MECOM_Rearrangement,Heme,1
Heme::Acute_Myeloid_Leukemia::Genetic_Defined::AML_With_NPM1_Mutation,Heme,1
Heme::Acute_Myeloid_Leukemia::Genetic_Defined::AML_With_NUP98_Rearrangement,Heme,1
Heme::Acute_Myeloid_Leukemia::Genetic_Defined::AML_With_Other_Defined_Genetic_Alterations,Heme,1
Heme::Acute_Myeloid_Leukemia::Genetic_Defined::AML_With_RBM15_MRTFA,Heme,1
Heme::Acute_Myeloid_Leukemia::Genetic_Defined::AML_With_RUNX1_RUNX1T1,Heme,1
Heme::Acute_Myeloid_Leukemia::Genetic_Defined::Acute_Promyelocytic_Leukemia_PML_RARA,Heme,1
Heme::Clonal_Hematopoiesis::Clonal_Cytopenia_Of_Undetermined_Significance,Heme,1
Heme::Histiocytic_Dendritic_Cell::Macrophage::Histiocytic_Sarcoma,Heme,1
Heme::Histiocytic_Dendritic_Cell::Macrophage::Juvenile_Xanthogranuloma,Heme,1
Heme::Histiocytic_Dendritic_Cell::Macrophage::Prosthetic_Associated_Histiocyte_Proliferation,Heme,1
Heme::Histiocytic_Dendritic_Cell::Plasmacytoid::Mature_Plasmacytoid_Dendritic_Cell_Proliferation,Heme,1
Heme::Immune_Deficiency_Associated::HIV_Associated_Lymphoproliferative_Disorder,Heme,1
Heme::Immune_Deficiency_Associated::Hyperplasia_Arising_In_Immune_Deficiency,Heme,1
Heme::Immune_Deficiency_Associated::Iatrogenic_Lymphoproliferative_Disorder,Heme,1
Heme::Infection::Anaplasma,Heme,1
Heme::Infection::Babesia,Heme,1
Heme::Infection::Ehrlichia,Heme,1
Heme::Infection::Malaria,Heme,1
Heme::Infection::Pertussis,Heme,1
Heme::Mastocytosis::Cutaneous_Mastocytosis,Heme,1
Heme::Mastocytosis::Mast_Cell_Sarcoma,Heme,1
Heme::Mastocytosis::Systemic_Mastocytosis,Heme,1
Heme::Mature_B_Cell::Large_B_Cell::ALK_Positive_Large_B_Cell_Lymphoma,Heme,1
Heme::Mature_B_Cell::Large_B_Cell::DLBCL_Associated_With_Chronic_Inflammation,Heme,1
Heme::Mature_B_Cell::Large_B_Cell::Primary_Large_B_Cell_Lymphoma_Of_Immune_Privileged_Sites,Heme,1
Heme::Mature_B_Cell::Mantle_Cell::Leukemic_Non_Nodal_Mantle_Cell_Lymphoma,Heme,1
Heme::Mature_B_Cell::Transformation::Transformation_Of_Indolent_B_Cell_Lymphoma,Heme,1
Heme::Mature_T_NK_Cell::Anaplastic_Large_Cell::Breast_Implant_Associated_Anaplastic_Large_Cell_Lymphoma,Heme,1
Heme::Mature_T_NK_Cell::Cutaneous::Primary_Cutaneous_Acral_CD8_Positive_T_Cell_LPD,Heme,1
Heme::Mature_T_NK_Cell::Leukemia::Sezary_Syndrome,Heme,1
Heme::Mature_T_NK_Cell::TFH::Nodal_TFH_Cell_Lymphoma_Follicular_Type,Heme,1
Heme::Mature_T_NK_Cell::TFH::Nodal_TFH_Cell_Lymphoma_NOS,Heme,1
Heme::Metastasis::Metastatic_Tumor_To_Spleen,Heme,1
Heme::Myelodysplastic_Myeloproliferative_Neoplasm::Atypical_Chronic_Myeloid_Leukemia,Heme,1
Heme::Myelodysplastic_Myeloproliferative_Neoplasm::Chronic_Myelomonocytic_Leukemia,Heme,1
Heme::Myelodysplastic_Myeloproliferative_Neoplasm::MDS_MPN_NOS,Heme,1
Heme::Myelodysplastic_Myeloproliferative_Neoplasm::MDS_MPN_With_Neutrophilia,Heme,1
Heme::Myelodysplastic_Myeloproliferative_Neoplasm::MDS_MPN_With_SF3B1_Mutation_And_Thrombocytosis,Heme,1
Heme::Myelodysplastic_Neoplasm::Childhood::Childhood_MDS_With_Increased_Blasts,Heme,1
Heme::Myelodysplastic_Neoplasm::Childhood::Childhood_MDS_With_Low_Blasts,Heme,1
Heme::Myelodysplastic_Neoplasm::Genetic_Defined::MDS_With_Biallelic_TP53_Inactivation,Heme,1
Heme::Myelodysplastic_Neoplasm::Genetic_Defined::MDS_With_Low_Blasts_And_5q_Deletion,Heme,1
Heme::Myelodysplastic_Neoplasm::Genetic_Defined::MDS_With_Low_Blasts_And_SF3B1_Mutation,Heme,1
Heme::Myelodysplastic_Neoplasm::Morphologic_Defined::MDS_Hypoplastic,Heme,1
Heme::Myelodysplastic_Neoplasm::Morphologic_Defined::MDS_With_Increased_Blasts,Heme,1
Heme::Myelodysplastic_Neoplasm::Morphologic_Defined::MDS_With_Low_Blasts,Heme,1
Heme::Myeloid_Lymphoid_Neoplasm_With_Eosinophilia::MLN_With_ETV6_ABL1_Fusion,Heme,1
Heme::Myeloid_Lymphoid_Neoplasm_With_Eosinophilia::MLN_With_FGFR1_Rearrangement,Heme,1
Heme::Myeloid_Lymphoid_Neoplasm_With_Eosinophilia::MLN_With_FLT3_Rearrangement,Heme,1
Heme::Myeloid_Lymphoid_Neoplasm_With_Eosinophilia::MLN_With_JAK2_Rearrangement,Heme,1
Heme::Myeloid_Lymphoid_Neoplasm_With_Eosinophilia::MLN_With_Other_Tyrosine_Kinase_Gene_Fusions,Heme,1
Heme::Myeloid_Lymphoid_Neoplasm_With_Eosinophilia::MLN_With_PCM1_JAK2_Rearrangement,Heme,1
Heme::Myeloid_Lymphoid_Neoplasm_With_Eosinophilia::MLN_With_PDGFRA_Rearrangement,Heme,1
Heme::Myeloid_Lymphoid_Neoplasm_With_Eosinophilia::MLN_With_PDGFRB_Rearrangement,Heme,1
Heme::Myeloproliferative_Neoplasm::Chronic_Neutrophilic_Leukemia,Heme,1
Heme::Myeloproliferative_Neoplasm::Essential_Thrombocythemia,Heme,1
Heme::Myeloproliferative_Neoplasm::Juvenile_Myelomonocytic_Leukemia,Heme,1
Heme::Myeloproliferative_Neoplasm::Myeloproliferative_Neoplasm_NOS,Heme,1
Heme::Myeloproliferative_Neoplasm::Polycythemia_Vera,Heme,1
Heme::Myeloproliferative_Neoplasm::Primary_Myelofibrosis,Heme,1
Heme::Non_Neoplastic::Erythrocyte::Anemia_Of_Chronic_Disease,Heme,1
Heme::Non_Neoplastic::Erythrocyte::Congenital_Dyserythropoietic_Anemia,Heme,1
Heme::Non_Neoplastic::Erythrocyte::Erythrocytosis,Heme,1
Heme::Non_Neoplastic::Erythrocyte::G6PD_Deficiency,Heme,1
Heme::Non_Neoplastic::Erythrocyte::Hemoglobin_C_Disease,Heme,1
Heme::Non_Neoplastic::Erythrocyte::Hemoglobin_E_Disease,Heme,1
Heme::Non_Neoplastic::Erythrocyte::Hemoglobin_S_Disease,Heme,1
Heme::Non_Neoplastic::Erythrocyte::Hereditary_Elliptocytosis,Heme,1
Heme::Non_Neoplastic::Erythrocyte::Immune_Hemolytic_Anemia,Heme,1
Heme::Non_Neoplastic::Erythrocyte::Iron_Deficiency_Anemia,Heme,1
Heme::Non_Neoplastic::Erythrocyte::Lead_Poisoning,Heme,1
Heme::Non_Neoplastic::Erythrocyte::Megaloblastic_Anemia,Heme,1
Heme::Non_Neoplastic::Erythrocyte::Microangiopathic_Hemolytic_Anemia,Heme,1
Heme::Non_Neoplastic::Erythrocyte::Pyruvate_Kinase_Deficiency,Heme,1
Heme::Non_Neoplastic::Erythrocyte::Spur_Cell_Anemia,Heme,1
Heme::Non_Neoplastic::Erythrocyte::Thermal_Injury_Hemolytic_Anemia,Heme,1
Heme::Non_Neoplastic::Leukocyte::Alder_Reilly_Anomaly,Heme,1
Heme::Non_Neoplastic::Leukocyte::Chediak_Higashi_Syndrome,Heme,1
Heme::Non_Neoplastic::Leukocyte::May_Hegglin_Anomaly,Heme,1
Heme::Non_Neoplastic::Leukocyte::Pelger_Huet_Anomaly,Heme,1
Heme::Non_Neoplastic::Platelet_Coagulation::Antiphospholipid_Antibody_Syndrome,Heme,1
Heme::Non_Neoplastic::Platelet_Coagulation::Factor_Inhibitor,Heme,1
Heme::Non_Neoplastic::Platelet_Coagulation::Fibrinolysis,Heme,1
Heme::Non_Neoplastic::Platelet_Coagulation::Fibrinolytic_Thrombotic_Disorder,Heme,1
Heme::Non_Neoplastic::Platelet_Coagulation::Inherited_Thrombocytopenia,Heme,1
Heme::Non_Neoplastic::Platelet_Coagulation::Qualitative_Platelet_Disorder,Heme,1
Heme::Non_Neoplastic::Platelet_Coagulation::Thrombocytosis,Heme,1
Heme::Non_Neoplastic::Platelet_Coagulation::Thrombotic_Thrombocytopenic_Purpura_Hemolytic_Uremic_Syndrome,Heme,1
Heme::Non_Neoplastic::Spleen::Splenic_Cyst,Heme,1
Heme::Non_Neoplastic::Thymus::Thymic_Hyperplasia,Heme,1
Heme::Non_Neoplastic::Thymus::Thymoma,Heme,1
Heme::Plasma_Cell_Neoplasm::Deposition_Disease::Monoclonal_Immunoglobulin_Deposition_Disease,Heme,1
Heme::Plasma_Cell_Neoplasm::Heavy_Chain_Disease::Gamma_Heavy_Chain_Disease,Heme,1
Heme::Plasma_Cell_Neoplasm::Heavy_Chain_Disease::Mu_Heavy_Chain_Disease,Heme,1
Heme::Plasma_Cell_Neoplasm::Monoclonal_Gammopathy::Cold_Agglutinin_Disease,Heme,1
Heme::Plasma_Cell_Neoplasm::Monoclonal_Gammopathy::Monoclonal_Gammopathy_Of_Renal_Significance,Heme,1
Heme::Plasma_Cell_Neoplasm::Plasma_Cell_Neoplasm_With_Paraneoplastic_Syndrome,Heme,1
Heme::Precursor_B_Cell::B_ALL_NOS,Heme,1
Heme::Precursor_B_Cell::B_ALL_With_BCR_ABL1_Fusion,Heme,1
Heme::Precursor_B_Cell::B_ALL_With_BCR_ABL1_Like_Features,Heme,1
Heme::Precursor_B_Cell::B_ALL_With_ETV6_RUNX1_Fusion,Heme,1
Heme::Precursor_B_Cell::B_ALL_With_ETV6_RUNX1_Like_Features,Heme,1
Heme::Precursor_B_Cell::B_ALL_With_High_Hyperdiploidy,Heme,1
Heme::Precursor_B_Cell::B_ALL_With_Hypodiploidy,Heme,1
Heme::Precursor_B_Cell::B_ALL_With_IGH_IL3_Fusion,Heme,1
Heme::Precursor_B_Cell::B_ALL_With_KMT2A_Rearrangement,Heme,1
Heme::Precursor_B_Cell::B_ALL_With_Other_Defined_Genetic_Alterations,Heme,1
Heme::Precursor_B_Cell::B_ALL_With_TCF3_HLF_Fusion,Heme,1
Heme::Precursor_B_Cell::B_ALL_With_TCF3_PBX1_Fusion,Heme,1
Heme::Precursor_B_Cell::B_ALL_With_iAMP21,Heme,1
Heme::Precursor_T_Cell::T_ALL_NOS,Heme,1
Heme::Secondary_Myeloid_Neoplasm::Myeloid_Neoplasm_Associated_With_Germline_Predisposition,Heme,1
Heme::Secondary_Myeloid_Neoplasm::Myeloid_Neoplasm_Post_Cytotoxic_Therapy,Heme,1
Heme::Secondary_Myeloid_Neoplasm::Myeloid_Proliferation_Associated_With_Down_Syndrome,Heme,1
Heme::Stroma_Derived::EBV_Positive_Inflammatory_Follicular_Dendritic_Cell_Sarcoma,Heme,1
Heme::Stroma_Derived::Follicular_Dendritic_Cell_Sarcoma,Heme,1
Heme::Stroma_Derived::Intranodal_Palisaded_Myofibroblastoma,Heme,1
Heme::Stroma_Derived::Littoral_Cell_Angioma,Heme,1
Heme::Stroma_Derived::Splenic_Hamartoma,Heme,1
Heme::Tumor_Like_B_Cell::Idiopathic_Multicentric_Castleman_Disease,Heme,1
Heme::Tumor_Like_B_Cell::KSHV_HHV8_Associated_Multicentric_Castleman_Disease,Heme,1
Heme::Tumor_Like_B_Cell::Unicentric_Castleman_Disease,Heme,1
Molecular::Concept::Assay::Performance::Assay_Optimization,Molecular,1
Molecular::Concept::Assay::Performance::LOD_LOQ_VAF,Molecular,1
Molecular::Concept::Basic_Science::Splicing_Isoforms,Molecular,1
Molecular::Concept::Billing::CPT_Coding,Molecular,1
Molecular::Concept::Billing::ICD_Coding,Molecular,1
Molecular::Concept::Ethics::IRB,Molecular,1
Molecular::Concept::Indications::Cancer_Monitoring_MRD,Molecular,1
Molecular::Concept::Indications::Carrier_Screening_Newborn_Screening,Molecular,1
Molecular::Concept::Indications::Prenatal_PGT_PGD,Molecular,1
Molecular::Concept::Interpretation::Variant_Classification_ACMG_AMP,Molecular,1
Molecular::Concept::Interpretation::Variant_Reevaluation_Reclassification_VUS,Molecular,1
Molecular::Concept::Preanalytic::Collection_Anticoagulants,Molecular,1
Molecular::Concept::Quality::Contamination_Prevention,Molecular,1
Molecular::Concept::Utilization::Test_Utilization_Management,Molecular,1
Molecular::Concept::Variants::Chromothripsis_Genomic_Instability,Molecular,1
Molecular::Heme::Myeloid::Myeloproliferative_Neoplasms,Molecular,1
Molecular::Hereditary::Cardiovascular::Arrhythmias_Long_QT,Molecular,1
Molecular::Hereditary::Cardiovascular::Hereditary_Aortic_Disease,Molecular,1
Molecular::Hereditary::Cell_cycle::RB_Pathway::CDK4_Related_Melanoma_Predisposition_Syndrome_CDK4,Molecular,1
Molecular::Hereditary::DNA_Repair::Aneuploidy_Syndromes::Down_Syndrome,Molecular,1
Molecular::Hereditary::DNA_Repair::Aneuploidy_Syndromes::Klinefelter_Syndrome,Molecular,1
Molecular::Hereditary::DNA_Repair::Aneuploidy_Syndromes::Mosaic_Variegated_Aneuploidy_BUB1B_CEP57_TRIP13_BUB1_BUB3,Molecular,1
Molecular::Hereditary::DNA_Repair::Aneuploidy_Syndromes::Turner_Syndrome,Molecular,1
Molecular::Hereditary::DNA_Repair::Base_Excision_Repair::MUTYH_Associated_Polyposis_MUTYH,Molecular,1
Molecular::Hereditary::DNA_Repair::Base_Excision_Repair::NTHL1_Related_Tumor_Syndrome_NTHL1,Molecular,1
Molecular::Hereditary::DNA_Repair::Helicases::Bloom_Syndrome_BLM,Molecular,1
Molecular::Hereditary::DNA_Repair::Helicases::DDX41_Related_Hematologic_Tumor_Predisposition_Syndrome_DDX41,Molecular,1
Molecular::Hereditary::DNA_Repair::Helicases::Rothmund_Thomson_Syndrome_ANAPC1_RECQL4,Molecular,1
Molecular::Hereditary::DNA_Repair::Helicases::Werner_Syndrome_WRN,Molecular,1
Molecular::Hereditary::DNA_Repair::Homologous_Recombination::Fanconi_Anemia_FANC_Genes,Molecular,1
Molecular::Hereditary::DNA_Repair::Homologous_Recombination::PALB2_Related_Cancer_Predisposition_PALB2,Molecular,1
Molecular::Hereditary::DNA_Repair::Homologous_Recombination::RAD51_Related_Cancer_Predisposition_RAD51C_RAD51D,Molecular,1
Molecular::Hereditary::DNA_Repair::Mismatch_Repair::Muir_Torre_Syndrome_MLH1_PMS2_MSH2_MSH6,Molecular,1
Molecular::Hereditary::DNA_Repair::Non_Homologous_End_Joining::Nijmegen_Breakage_Syndrome_NBN,Molecular,1
Molecular::Hereditary::DNA_Repair::Nucleotide_Excision_Repair::Xeroderma_Pigmentosum,Molecular,1
Molecular::Hereditary::Developmental::Imprinting_Disorders,Molecular,1
Molecular::Hereditary::Developmental::Overgrowth_Syndromes,Molecular,1
Molecular::Hereditary::Epigenetics_Chromatin_Remodeling::Chromatin_Remodeling_Pathway::Schwannomatosis_SMARCB1_LZTR1,Molecular,1
Molecular::Hereditary::Epigenetics_Chromatin_Remodeling::Chromatin_Remodeling_Pathway::Weaver_Syndrome_EZH2,Molecular,1
Molecular::Hereditary::Epigenetics_Chromatin_Remodeling::Imprinting_Disorders::Beckwith_Wiedemann_Spectrum_IGF2_CDKN1C,Molecular,1
Molecular::Hereditary::Growth_Factor::G_Protein_Coupled_Receptor_Pathway::Sturge_Weber_Syndrome_GNAQ,Molecular,1
Molecular::Hereditary::Growth_Factor::Growth_Factor_Receptors::Encephalocraniocutaneous_Lipomatosis_FGFR1,Molecular,1
Molecular::Hereditary::Growth_Factor::Growth_Factor_Receptors::Juvenile_Polyposis_Syndrome_BMPR1A_SMAD4,Molecular,1
Molecular::Hereditary::Growth_Factor::Hedgehog_Signaling_Pathway::Curry_Jones_Syndrome_SMO,Molecular,1
Molecular::Hereditary::Growth_Factor::Hedgehog_Signaling_Pathway::ELP1_Related_Medulloblastoma_Predisposition_Syndrome_ELP1,Molecular,1
Molecular::Hereditary::Growth_Factor::Hedgehog_Signaling_Pathway::Gorlin_Syndrome_PTCH1_SUFU_GPR161,Molecular,1
Molecular::Hereditary::Growth_Factor::Hedgehog_Signaling_Pathway::Osteochondromatosis_EXT1_EXT2,Molecular,1
Molecular::Hereditary::Growth_Factor::NFkB_Signaling_Pathway::Brooke_Spiegler_Syndrome_CYLD,Molecular,1
Molecular::Hereditary::Growth_Factor::RAS_MAPK_Pathway::Schimmelpenning_Feuerstein_Mims_Syndrome_HRAS_KRAS,Molecular,1
Molecular::Hereditary::Growth_Factor::Transcription_Factors_and_Regulators::Birt_Hogg_Dube_Syndrome_FLCN,Molecular,1
Molecular::Hereditary::Growth_Factor::Transcription_Factors_and_Regulators::Familial_Chordoma_TBXT,Molecular,1
Molecular::Hereditary::Growth_Factor::Transcription_Factors_and_Regulators::Hyperparathyroidism_Jaw_Tumor_Syndrome_CDC73,Molecular,1
Molecular::Hereditary::Growth_Factor::Transcription_Factors_and_Regulators::MAFA_Related_Familial_Insulinomatosis_MAFA,Molecular,1
Molecular::Hereditary::Growth_Factor::WNT_TGFbeta_Pathway::GAPPS_APC_Promoter,Molecular,1
Molecular::Hereditary::Growth_Factor::WNT_TGFbeta_Pathway::Serrated_Polyposis_Syndrome_RNF43,Molecular,1
Molecular::Hereditary::Growth_Factor::WNT_TGFbeta_Pathway::WAGR_Syndrome_WT1,Molecular,1
Molecular::Hereditary::Growth_Factor::WNT_TGFbeta_Pathway::WT1_Related_Tumor_Predisposition_Syndrome_WT1,Molecular,1
Molecular::Hereditary::Growth_Factor::mTOR_and_PI3K_Pathway::Activated_PI3K_Delta_Syndrome_APDS_PIK3CD,Molecular,1
Molecular::Hereditary::Growth_Factor::mTOR_and_PI3K_Pathway::Tuberous_Sclerosis_Complex_TSC1_TSC2,Molecular,1
Molecular::Hereditary::Hematology::Hemoglobinopathies_Thalassemia,Molecular,1
Molecular::Hereditary::Hematology::Thrombophilia_Coagulation,Molecular,1
Molecular::Hereditary::Neurology::Fragile_X_Syndrome,Molecular,1
Molecular::Hereditary::Neurology::Huntington_Disease,Molecular,1
Molecular::Hereditary::Neurology::Muscular_Dystrophy,Molecular,1
Molecular::Hereditary::Neurology::Spinal_Muscular_Atrophy,Molecular,1
Molecular::Hereditary::Oxidative::Angiogenesis::Von_Hippel_Lindau_Syndrome_VHL,Molecular,1
Molecular::Hereditary::Oxidative::Toxic_Metabolite_Mediated_Disorders::Hereditary_Tyrosinemia_Type_1_FAH,Molecular,1
Molecular::Hereditary::RNA_Regulation::MicroRNA::DICER1_Related_Tumor_Predisposition_Syndrome_DICER1,Molecular,1
Molecular::Hereditary::RNA_Regulation::MicroRNA::MicroRNA_Processor_Tumor_Predisposition_Syndromes_DROSHA_DGCR8,Molecular,1
Molecular::Hereditary::RNA_Regulation::RNA_Splicing::Goldenhar_Syndrome_MYT1_SF3B2,Molecular,1
Molecular::Hereditary::Renal::Polycystic_Kidney_Disease,Molecular,1
Molecular::Hereditary::Telomere::Telomere_Biology_Disorders::Dyskeratosis_Congenita_DKC1_TERT_TERC_TINF2_Other_IBMFS_Genes,Molecular,1
Molecular::Hereditary::Tissue::Connective_Tissue_Disorders,Molecular,1
Molecular::Histocompatibility::HLA_Typing,Molecular,1
Molecular::Infectious::Bacterial::Clostridioides_difficile,Molecular,1
Molecular::Infectious::Bacterial::Gastrointestinal_Pathogens_E_coli_Campylobacter,Molecular,1
Molecular::Infectious::Bacterial::Methicillin_Resistant_Staph_Aureus,Molecular,1
Molecular::Infectious::Bacterial::Mycobacterium_Tuberculosis,Molecular,1
Molecular::Infectious::Bacterial::Neisseria_Gonorrhoeae_Chlamydia,Molecular,1
Molecular::Infectious::Bacterial::Respiratory_Bacteria,Molecular,1
Molecular::Infectious::Concept::Antimicrobial_Resistance,Molecular,1
Molecular::Infectious::Other::Fungal_Pathogens,Molecular,1
Molecular::Infectious::Other::Microbiome_Metagenomics,Molecular,1
Molecular::Infectious::Other::Parasitic_Pathogens,Molecular,1
Molecular::Infectious::Viral::BK_Virus,Molecular,1
Molecular::Infectious::Viral::Gastrointestinal_Viruses,Molecular,1
Molecular::Infectious::Viral::Hepatitis_C_Virus,Molecular,1
Molecular::Infectious::Viral::Respiratory_Viruses,Molecular,1
Molecular::Pharmacogenetics::Cytochrome_P450,Molecular,1
Molecular::Pharmacogenetics::Dihydropyrimidine_Dehydrogenase,Molecular,1
Molecular::Pharmacogenetics::HLA_Associated_Pharmacogenetics,Molecular,1
Molecular::Pharmacogenetics::Thiopurine_Methyltransferase,Molecular,1
Molecular::Pharmacogenetics::UGT1A1,Molecular,1
Molecular::Pharmacogenetics::VKORC1_Warfarin,Molecular,1
Molecular::Regulations::US::CMS_Oversight,Molecular,1
Molecular::Solid::Endocrine::Parathyroid_Carcinoma,Molecular,1
Molecular::Solid::General::Cancer_of_Unknown_Primary,Molecular,1
Molecular::Solid::Head_and_Neck::Odontogenic_Tumor,Molecular,1
Molecular::Solid::Head_and_Neck::Sinonasal_Carcinoma,Molecular,1
Molecular::Technique::Emerging::Spatial_Transcriptomics,Molecular,1
Molecular::Technique::Hybridization::Southern_Blot,Molecular,1
Molecular::Technique::Identity::Paternal_Relationship_Testing,Molecular,1
Molecular::Technique::Identity::Sample_Contamination,Molecular,1
Molecular::Technique::Informatics::Artificial_Intelligence_Machine_Learning,Molecular,1
Molecular::Technique::Microarray::Chromosomal_Microarray,Molecular,1
Molecular::Technique::Microarray::Chromosomal_Microarray_Acquired,Molecular,1
Molecular::Technique::Microarray::Chromosomal_Microarray_Constitutional,Molecular,1
Molecular::Technique::Microarray::Oligo_Array,Molecular,1
Molecular::Technique::PCR::Digital_Droplet_PCR,Molecular,1
Neuro::Artifact::Iatrogenic::Chemotherapy::Gliadel_Wafer,Neuro,1
Neuro::Artifact::Iatrogenic::Embolic_Agent::Embosphere,Neuro,1
Neuro::Artifact::Iatrogenic::Embolic_Agent::Gelatin_Foam,Neuro,1
Neuro::Artifact::Iatrogenic::Embolic_Agent::Onyx,Neuro,1
Neuro::Artifact::Iatrogenic::Embolic_Agent::Polyvinyl_Alcohol,Neuro,1
Neuro::Artifact::Iatrogenic::Hemostatic_Agent::Avitene_Bovine_Collagen,Neuro,1
Neuro::Artifact::Mimic::Normal_Anatomy_Mimic_Cerebellum,Neuro,1
Neuro::Artifact::Technical::Blue_Sponge_Artifact,Neuro,1
Neuro::Artifact::Technical::Bone_Dust,Neuro,1
Neuro::Artifact::Technical::CUSA_Artifact,Neuro,1
Neuro::Artifact::Technical::Cautery_Artifact,Neuro,1
Neuro::Artifact::Technical::Dark_Cell_Change,Neuro,1
Neuro::Artifact::Technical::Embedding_Bag_Artifact,Neuro,1
Neuro::Artifact::Technical::Formalin_Precipitate,Neuro,1
Neuro::Artifact::Technical::Formic_Acid_Artifact,Neuro,1
Neuro::Artifact::Technical::Freeze_Artifact,Neuro,1
Neuro::Artifact::Technical::Pseudonecrosis_Hemorrhage,Neuro,1
Neuro::Artifact::Technical::Pseudonecrosis_Technical,Neuro,1
Neuro::Concept::IHC::ATRX,Neuro,1
Neuro::Concept::IHC::BAP1,Neuro,1
Neuro::Concept::IHC::BRAF_V600E,Neuro,1
Neuro::Concept::IHC::Beta_Amyloid,Neuro,1
Neuro::Concept::IHC::CD34,Neuro,1
Neuro::Concept::IHC::Cytokeratin_AE1_AE3,Neuro,1
Neuro::Concept::IHC::EMA,Neuro,1
Neuro::Concept::IHC::H3G34R_V,Neuro,1
Neuro::Concept::IHC::H3K27M,Neuro,1
Neuro::Concept::IHC::H3K27me3,Neuro,1
Neuro::Concept::IHC::IDH1_R132H,Neuro,1
Neuro::Concept::IHC::INI1_SMARCB1,Neuro,1
Neuro::Concept::IHC::Ki67,Neuro,1
Neuro::Concept::IHC::NeuN,Neuro,1
Neuro::Concept::IHC::OLIG2,Neuro,1
Neuro::Concept::IHC::P53,Neuro,1
Neuro::Concept::IHC::Phospho_Tau,Neuro,1
Neuro::Concept::IHC::S100,Neuro,1
Neuro::Concept::IHC::SOX10,Neuro,1
Neuro::Concept::IHC::Synaptophysin,Neuro,1
Neuro::Concept::IHC::TDP43,Neuro,1
Neuro::Concept::IHC::TTF1,Neuro,1
Neuro::Concept::Molecular_Techniques,Neuro,1
Neuro::Concept::Specimen::Brain_Biopsy,Neuro,1
Neuro::Concept::Specimen::Brain_Resection,Neuro,1
Neuro::Concept::Specimen::CSF_Cytology,Neuro,1
Neuro::Concept::Specimen::Intraoperative_Consultation,Neuro,1
Neuro::Concept::Specimen::Muscle_Biopsy,Neuro,1
Neuro::Concept::Specimen::Peripheral_Nerve_Biopsy,Neuro,1
Neuro::Concept::Specimen::Squash_Smear,Neuro,1
Neuro::Concept::Specimen::Stereotactic_Biopsy,Neuro,1
Neuro::Concept::Specimen::Touch_Imprint,Neuro,1
Neuro::Concept::Stains::AFB,Neuro,1
Neuro::Concept::Stains::Bielschowsky,Neuro,1
Neuro::Concept::Stains::Bodian,Neuro,1
Neuro::Concept::Stains::GMS,Neuro,1
Neuro::Concept::Stains::Gomori_Trichrome,Neuro,1
Neuro::Concept::Stains::Gram_Stain,Neuro,1
Neuro::Concept::Stains::Oil_Red_O,Neuro,1
Neuro::Concept::Stains::PAS,Neuro,1
Neuro::Concept::Stains::Prussian_Blue,Neuro,1
Neuro::Concept::Stains::Thioflavin,Neuro,1
Neuro::Cyst::Choroid_Plexus_Xanthogranuloma,Neuro,1
Neuro::Cyst::Dermoid_Cyst,Neuro,1
Neuro::Cyst::Epidermoid_Cyst,Neuro,1
Neuro::Cyst::Neurenteric_Cyst,Neuro,1
Neuro::Developmental_Neural_Tube::Anencephaly,Neuro,1
Neuro::Developmental_Neural_Tube::Anterior_Sacral_Meningocele,Neuro,1
Neuro::Developmental_Neural_Tube::Craniorachischisis_Totalis,Neuro,1
Neuro::Developmental_Neural_Tube::Meningocele,Neuro,1
Neuro::Developmental_Neural_Tube::Myelomeningocele,Neuro,1
Neuro::Epilepsy::Focal_Cortical_Dysplasia,Neuro,1
Neuro::Epilepsy::Hippocampal_Sclerosis,Neuro,1
Neuro::Epilepsy::Malformation_Of_Cortical_Development,Neuro,1
Neuro::Genetic_Syndrome::Cowden_Syndrome,Neuro,1
Neuro::Genetic_Syndrome::DICER1_Syndrome,Neuro,1
Neuro::Genetic_Syndrome::Sturge_Weber_Syndrome,Neuro,1
Neuro::Heme::Histiocytic::Hemophagocytic_Lymphohistiocytosis,Neuro,1
Neuro::Heme::Lymphoma::Anaplastic_Large_Cell_Lymphoma,Neuro,1
Neuro::Heme::Lymphoma::Intraocular_Lymphoma,Neuro,1
Neuro::Heme::Lymphoma::MALT_Lymphoma_Of_Dura,Neuro,1
Neuro::Heme::Lymphoma::Neurolymphomatosis,Neuro,1
Neuro::Heme::Lymphoma::Other_Low_Grade_B_Cell_Lymphoma_Of_The_CNS,Neuro,1
Neuro::Heme::Lymphoma::T_Cell_And_NK_T_Cell_Lymphoma,Neuro,1
Neuro::Heme::Myeloid::Myeloid_Sarcoma,Neuro,1
Neuro::Infection::Actinomycosis,Neuro,1
Neuro::Infection::Acute_Purulent_Meningitis,Neuro,1
Neuro::Infection::Acute_Viral_Infections::Adenovirus_Infections,Neuro,1
Neuro::Infection::Acute_Viral_Infections::Arbovirus_Infections,Neuro,1
Neuro::Infection::Acute_Viral_Infections::Enteroviral_Encephalitis,Neuro,1
Neuro::Infection::Acute_Viral_Infections::Paramyxovirus_Infections,Neuro,1
Neuro::Infection::Acute_Viral_Infections::Poliomyelitis,Neuro,1
Neuro::Infection::Bacterial_Infections::Epidural_Abscess,Neuro,1
Neuro::Infection::Chronic_And_Subacute_Viral_Infections_Of_The_CNS::Measles_Inclusion_Body_Encephalitis,Neuro,1
Neuro::Infection::Chronic_And_Subacute_Viral_Infections_Of_The_CNS::Progressive_Multifocal_Leukoencephalopathy_Includes_PML_And_PML_IRIS_Associated_With_MS_Therapy,Neuro,1
Neuro::Infection::Cryptococcal_Meningitis,Neuro,1
Neuro::Infection::HIV_Leukoencephalopathy,Neuro,1
Neuro::Infection::Human_Immunodeficiency_Virus_Infection::HIV_Associated_Neurologic_Disease,Neuro,1
Neuro::Infection::Mucormycosis,Neuro,1
Neuro::Infection::Nocardiosis,Neuro,1
Neuro::Infection::Subdural_Empyema,Neuro,1
Neuro::Infection::Tuberculous_Meningitis,Neuro,1
Neuro::Inflammation::CLIPPERS,Neuro,1
Neuro::Inflammation::IgG4_Related_Disease,Neuro,1
Neuro::Inflammation::Other_Inflammatory_Diseases::Autoimmune_Encephalitis,Neuro,1
Neuro::Inflammation::Other_Inflammatory_Diseases::Paraneoplastic_Disorders::Paraneoplastic_Cerebellar_Degeneration,Neuro,1
Neuro::Inflammation::Other_Inflammatory_Diseases::Paraneoplastic_Disorders::Paraneoplastic_Neuropathy,Neuro,1
Neuro::Non_Neoplastic::Age_Related_Change::Amyloid_Plaque,Neuro,1
Neuro::Non_Neoplastic::Age_Related_Change::Corpora_Amylacea,Neuro,1
Neuro::Non_Neoplastic::Age_Related_Change::Granulovacuolar_Degeneration,Neuro,1
Neuro::Non_Neoplastic::Age_Related_Change::Meningeal_Fibrous_Plaque,Neuro,1
Neuro::Non_Neoplastic::Age_Related_Change::Neurofibrillary_Tangle,Neuro,1
Neuro::Non_Neoplastic::Age_Related_Change::Vascular_Mineralization,Neuro,1
Neuro::Non_Neoplastic::Degenerative::Alzheimer_Disease::Basic_Changes_Of_Alzheimer_Disease,Neuro,1
Neuro::Non_Neoplastic::Degenerative::Frontotemporal_Lobar_Degeneration_TDP43,Neuro,1
Neuro::Non_Neoplastic::Degenerative::Frontotemporal_Lobar_Degeneration_With_Or_Without_ALS::FTLD_With_Motor_Neuron_Disease,Neuro,1
Neuro::Non_Neoplastic::Degenerative::Lewy_Body_Disease,Neuro,1
Neuro::Non_Neoplastic::Degenerative::Motor_Neuron_Disease::Primary_Lateral_Sclerosis,Neuro,1
Neuro::Non_Neoplastic::Degenerative::Neuroaxonal_Dystrophy::Neurodegeneration_With_Brain_Iron_Accumulation,Neuro,1
Neuro::Non_Neoplastic::Degenerative::Neuroaxonal_Dystrophy::Sporadic_Adult_Onset_Leukoencephalopathy_With_Neuroaxonal_Spheroids,Neuro,1
Neuro::Non_Neoplastic::Degenerative::Prion_Disease::Creutzfeldt_Jakob_Disease,Neuro,1
Neuro::Non_Neoplastic::Degenerative::Prion_Disease::Iatrogenic_Creutzfeldt_Jakob_Disease,Neuro,1
Neuro::Non_Neoplastic::Degenerative::Prion_Disease::Inherited_Creutzfeldt_Jakob_Disease::Fatal_Familial_Insomnia,Neuro,1
Neuro::Non_Neoplastic::Degenerative::Prion_Disease::Inherited_Creutzfeldt_Jakob_Disease::Gerstmann_Straussler_Scheinker_Disease,Neuro,1
Neuro::Non_Neoplastic::Degenerative::Prion_Disease::Inherited_Creutzfeldt_Jakob_Disease::Other_Inherited_Creutzfeldt_Jakob_Disease,Neuro,1
Neuro::Non_Neoplastic::Degenerative::Prion_Disease::Protease_Sensitive_Prionopathy,Neuro,1
Neuro::Non_Neoplastic::Degenerative::Prion_Disease::Sporadic_Creutzfeldt_Jakob_Disease,Neuro,1
Neuro::Non_Neoplastic::Degenerative::Synucleinopathies::Lewy_Body_DiseaseSpectrum_Disorders::LBD_Brainstem_Type,Neuro,1
Neuro::Non_Neoplastic::Degenerative::Synucleinopathies::Lewy_Body_DiseaseSpectrum_Disorders::LBD_Neocortical_Type,Neuro,1
Neuro::Non_Neoplastic::Degenerative::Synucleinopathies::Lewy_Body_DiseaseSpectrum_Disorders::Parkinson_Disease_Dementia,Neuro,1
Neuro::Non_Neoplastic::Degenerative::Tauopathies_Including_Frontotemporal_Lobar_Degeneration_Tau::Argyrophilic_Grain_Disease,Neuro,1
Neuro::Non_Neoplastic::Degenerative::Tauopathies_Including_Frontotemporal_Lobar_Degeneration_Tau::Chronic_Traumatic_Encephalopathy,Neuro,1
Neuro::Non_Neoplastic::Degenerative::Tauopathies_Including_Frontotemporal_Lobar_Degeneration_Tau::Frontotemporal_Dementia_Parkinsonism_Linked_To_Chromosome,Neuro,1
Neuro::Non_Neoplastic::Degenerative::Tauopathies_Including_Frontotemporal_Lobar_Degeneration_Tau::Hippocampal_Sclerosis_Demential_Tauopathy,Neuro,1
Neuro::Non_Neoplastic::Degenerative::Tauopathies_Including_Frontotemporal_Lobar_Degeneration_Tau::Parkinsonism_Dementia_Complex_Of_Guam,Neuro,1
Neuro::Non_Neoplastic::Degenerative::Tauopathies_Including_Frontotemporal_Lobar_Degeneration_Tau::Postencephalitic_Parkinsonism,Neuro,1
Neuro::Non_Neoplastic::Degenerative::Tauopathies_Including_Frontotemporal_Lobar_Degeneration_Tau::Tangle_Only_Dementia,Neuro,1
Neuro::Non_Neoplastic::Degenerative::Tauopathy::Pick_Disease,Neuro,1
Neuro::Non_Neoplastic::Degenerative::Tauopathy::Progressive_Supranuclear_Palsy,Neuro,1
Neuro::Non_Neoplastic::Degenerative::Trinucleotide_Repeat_Disorders::Dentatorubral_Pallidoluysian_Atrophy,Neuro,1
Neuro::Non_Neoplastic::Degenerative::Trinucleotide_Repeat_Disorders::Machado_Joseph_Disease,Neuro,1
Neuro::Non_Neoplastic::Degenerative::Trinucleotide_Repeat_Disorders::Myotonic_Dystrophy,Neuro,1
Neuro::Non_Neoplastic::Degenerative::Trinucleotide_Repeat_Disorders::Oculopharyngeal_Muscular_Dystrophy,Neuro,1
Neuro::Non_Neoplastic::Demyelinating::Acute_Disseminated_Encephalomyelitis,Neuro,1
Neuro::Non_Neoplastic::Demyelinating::Acute_Hemorrhagic_Leukoencephalopathy,Neuro,1
Neuro::Non_Neoplastic::Demyelinating::Central_Pontine_Myelinolysis,Neuro,1
Neuro::Non_Neoplastic::Demyelinating::Leukodystrophy::Adrenoleukodystrophy,Neuro,1
Neuro::Non_Neoplastic::Demyelinating::Leukodystrophy::Alexander_Disease,Neuro,1
Neuro::Non_Neoplastic::Demyelinating::Leukodystrophy::Canavan_Disease,Neuro,1
Neuro::Non_Neoplastic::Demyelinating::Leukodystrophy::Krabbe_Disease,Neuro,1
Neuro::Non_Neoplastic::Demyelinating::Leukodystrophy::Metachromatic_Leukodystrophy,Neuro,1
Neuro::Non_Neoplastic::Demyelinating::Multiple_Sclerosis::Concentric_Sclerosis,Neuro,1
Neuro::Non_Neoplastic::Demyelinating::Other_Demyelinating_Diseases::Chronic_Inflammatory_Demyelinating_Polyneuropathy,Neuro,1
Neuro::Non_Neoplastic::Demyelinating::Other_Demyelinating_Diseases::Guillain_Barr_Syndrome,Neuro,1
Neuro::Non_Neoplastic::Development::Cerebellum::Menkes_Disease,Neuro,1
Neuro::Non_Neoplastic::Development::Disorders_That_Primarily_Affect_White_Matter::Pelizaeus_Merzbacher_Disease,Neuro,1
Neuro::Non_Neoplastic::Development::Dysgenetic_Syndromes::Sturge_Weber_Syndromes,Neuro,1
Neuro::Non_Neoplastic::Development::External_Granular_Cell_Layer,Neuro,1
Neuro::Non_Neoplastic::Development::Fetal_And_Neonatal_Hypoxic_Ischemic_Lesions::Schizencephaly_And_Multicystic_Encephalopathy,Neuro,1
Neuro::Non_Neoplastic::Development::Germinal_Matrix,Neuro,1
Neuro::Non_Neoplastic::Development::Malformations::Chiari_Malformations::Chiari_Type_III_Malformation,Neuro,1
Neuro::Non_Neoplastic::Development::Malformations::Chiari_Malformations::Chiari_Type_II_Malformation,Neuro,1
Neuro::Non_Neoplastic::Development::Malformations::Chiari_Malformations::Chiari_Type_I_Malformation,Neuro,1
Neuro::Non_Neoplastic::Development::Malformations::Chromosomal_And_Single_Gene_Defects::Adult_Polyglucosan_Body_Disease,Neuro,1
Neuro::Non_Neoplastic::Development::Malformations::Chromosomal_And_Single_Gene_Defects::Down_Syndrome,Neuro,1
Neuro::Non_Neoplastic::Development::Malformations::Chromosomal_And_Single_Gene_Defects::Fragile_X_Syndrome,Neuro,1
Neuro::Non_Neoplastic::Development::Malformations::Malformations_Of_The_Cerebellum::Chiari_Type_I_Malformation,Neuro,1
Neuro::Non_Neoplastic::Development::Malformations::Malformations_Of_The_Cerebellum::Dandy_Walker_Syndrome,Neuro,1
Neuro::Non_Neoplastic::Development::Malformations::Malformations_Of_The_Cerebellum::Joubert_Syndrome,Neuro,1
Neuro::Non_Neoplastic::Development::Metabolic_Environmental_Iatrogenic_Factors::Maternal_Infection,Neuro,1
Neuro::Non_Neoplastic::Development::Perinatal_Hemorrhages::Cerebellar_Hemorrhage,Neuro,1
Neuro::Non_Neoplastic::Development::Perinatal_Hemorrhages::Cerebral_Parenchymal_Hemorrhage,Neuro,1
Neuro::Non_Neoplastic::Development::Perinatal_Hemorrhages::Choroid_And_Intraventricular_Hemorrhage,Neuro,1
Neuro::Non_Neoplastic::Development::Perinatal_Hemorrhages::Periventricular_Hemorrhagic_Infarct,Neuro,1
Neuro::Non_Neoplastic::Development::Perinatal_Hemorrhages::Subdural_Subarachnoid_And_Subpial_Hemorrhages,Neuro,1
Neuro::Non_Neoplastic::Development::Perinatal_Hemorrhages::Subependymal_Germinal_Plate_Matrix_Hemorrhage,Neuro,1
Neuro::Non_Neoplastic::Development::Sudden_Infant_Death_Syndrome,Neuro,1
Neuro::Non_Neoplastic::Gliosis::Alzheimer_Type_II_Astrocyte,Neuro,1
Neuro::Non_Neoplastic::Gliosis::Bergmann_Gliosis,Neuro,1
Neuro::Non_Neoplastic::Gliosis::Creutzfeldt_Cell,Neuro,1
Neuro::Non_Neoplastic::Gliosis::Gemistocytic_Astrocyte,Neuro,1
Neuro::Non_Neoplastic::Gliosis::Piloid_Gliosis,Neuro,1
Neuro::Non_Neoplastic::Malformation::Nodular_Heterotopia,Neuro,1
Neuro::Non_Neoplastic::Malformation::Polymicrogyria,Neuro,1
Neuro::Non_Neoplastic::Mimic::Meningothelial_Hyperplasia,Neuro,1
Neuro::Non_Neoplastic::Mimic::Minute_Meningothelial_Pulmonary_Nodule,Neuro,1
Neuro::Non_Neoplastic::Pathologic_Response::Axonal_Spheroid,Neuro,1
Neuro::Non_Neoplastic::Pathologic_Response::Bunina_Body,Neuro,1
Neuro::Non_Neoplastic::Pathologic_Response::Central_Chromatolysis,Neuro,1
Neuro::Non_Neoplastic::Pathologic_Response::Gliosis_Reactive_Astrocytosis,Neuro,1
Neuro::Non_Neoplastic::Pathologic_Response::Lafora_Body,Neuro,1
Neuro::Non_Neoplastic::Pathologic_Response::Laminar_Necrosis,Neuro,1
Neuro::Non_Neoplastic::Pathologic_Response::Marinesco_Body,Neuro,1
Neuro::Non_Neoplastic::Pathologic_Response::Microglial_Nodule,Neuro,1
Neuro::Non_Neoplastic::Pathologic_Response::Neuronophagia,Neuro,1
Neuro::Non_Neoplastic::Pathologic_Response::Olivary_Hypertrophy,Neuro,1
Neuro::Non_Neoplastic::Pathologic_Response::Red_Neuron_Ischemic_Neuron,Neuro,1
Neuro::Non_Neoplastic::Pathologic_Response::Swollen_Ballooned_Neuron,Neuro,1
Neuro::Non_Neoplastic::Pathologic_Response::Tract_Degeneration,Neuro,1
Neuro::Non_Neoplastic::Pathologic_Response::Transsynaptic_Degeneration,Neuro,1
Neuro::Non_Neoplastic::Pathologic_Response::Wallerian_Degeneration,Neuro,1
Neuro::Non_Neoplastic::Peripheral_Nerve::Hereditary_Motor_And_Sensory_Neuropathies,Neuro,1
Neuro::Non_Neoplastic::Peripheral_Nerve::Infectious_Neuropathies::Leprosy,Neuro,1
Neuro::Non_Neoplastic::Peripheral_Nerve::Inflammatory_Neuropathies::Chronic_Inflammatory_Demyelinating_Polyradiculopathy,Neuro,1
Neuro::Non_Neoplastic::Peripheral_Nerve::Inflammatory_Neuropathies::Guillain_Barr_Syndrome,Neuro,1
Neuro::Non_Neoplastic::Peripheral_Nerve::Inflammatory_Neuropathies::Paraneoplastic_Neuropathy,Neuro,1
Neuro::Non_Neoplastic::Peripheral_Nerve::Inflammatory_Neuropathies::Sarcoid_Neuropathy,Neuro,1
Neuro::Non_Neoplastic::Peripheral_Nerve::Inflammatory_Neuropathies::Vasculitic_Neuropathy,Neuro,1
Neuro::Non_Neoplastic::Peripheral_Nerve::Major_Pathologic_Processes::AxonalDegeneration,Neuro,1
Neuro::Non_Neoplastic::Peripheral_Nerve::Major_Pathologic_Processes::Demyelination,Neuro,1
Neuro::Non_Neoplastic::Peripheral_Nerve::Major_Pathologic_Processes::DistalAxonopathy,Neuro,1
Neuro::Non_Neoplastic::Peripheral_Nerve::Morton_Neuroma,Neuro,1
Neuro::Non_Neoplastic::Peripheral_Nerve::Mucosal_Neuroma,Neuro,1
Neuro::Non_Neoplastic::Peripheral_Nerve::Neuropathies_Associated_With_Systemic_Diseases::Diabetic_Neuropathy,Neuro,1
Neuro::Non_Neoplastic::Peripheral_Nerve::Nutritional_Deficiency_Toxic_Neuropathies,Neuro,1
Neuro::Non_Neoplastic::Peripheral_Nerve::Pacinian_Neuroma,Neuro,1
Neuro::Non_Neoplastic::Peripheral_Nerve::Palisaded_Encapsulated_Neuroma,Neuro,1
Neuro::Non_Neoplastic::Peripheral_Nerve::Peripheral_Nerve_Biopsy::Handling,Neuro,1
Neuro::Non_Neoplastic::Peripheral_Nerve::Peripheral_Nerve_Ultrastructure,Neuro,1
Neuro::Non_Neoplastic::Peripheral_Nerve::Traumatic_Neuroma,Neuro,1
Neuro::Non_Neoplastic::Sellar::Granulomatous_Hypophysitis,Neuro,1
Neuro::Non_Neoplastic::Sellar::Xanthomatous_Hypophysitis,Neuro,1
Neuro::Non_Neoplastic::Systemic::Disorders_Of_Serum_Electrolytes::Calcium_Disturbances_Siderocalcinosis_Ferrugination_Microvessel,Neuro,1
Neuro::Non_Neoplastic::Systemic::Liver_Disease::Hepatolenticular_Degeneration,Neuro,1
Neuro::Non_Neoplastic::Systemic::Lysosomal_And_Peroxisomal_Disorders::Acid_Beta_Glucosidase_Associated_Parkinson_Disease,Neuro,1
Neuro::Non_Neoplastic::Systemic::Lysosomal_And_Peroxisomal_Disorders::Ceroid_Lipofuscinosis,Neuro,1
Neuro::Non_Neoplastic::Systemic::Lysosomal_And_Peroxisomal_Disorders::Fabry_Disease,Neuro,1
Neuro::Non_Neoplastic::Systemic::Lysosomal_And_Peroxisomal_Disorders::Farber_Disease,Neuro,1
Neuro::Non_Neoplastic::Systemic::Lysosomal_And_Peroxisomal_Disorders::GM1_Gangliosidosis,Neuro,1
Neuro::Non_Neoplastic::Systemic::Lysosomal_And_Peroxisomal_Disorders::GM2_Gangliosidosis,Neuro,1
Neuro::Non_Neoplastic::Systemic::Lysosomal_And_Peroxisomal_Disorders::Gaucher_Disease,Neuro,1
Neuro::Non_Neoplastic::Systemic::Lysosomal_And_Peroxisomal_Disorders::Niemann_Pick_Disease_Including_Type_C,Neuro,1
Neuro::Non_Neoplastic::Systemic::Lysosomal_And_Peroxisomal_Disorders::Peroxisomal_Disorders::Zellweger_Cerebroheptorenal_Syndrome,Neuro,1
Neuro::Non_Neoplastic::Systemic::Lysosomal_And_Peroxisomal_Disorders::Type_II_Glycogenesis,Neuro,1
Neuro::Non_Neoplastic::Systemic::Mitochondrial_Disorders::Kearns_Sayre_Syndromeand_Chronic_Progressive_External_Ophthalmoplegia,Neuro,1
Neuro::Non_Neoplastic::Systemic::Mitochondrial_Disorders::Leber_Hereditary_Optic_Neuropathy_Bilateral_Striatial_Necrosis_And_Multiple_Sclerosis_Like_Mitochondrial_Disease,Neuro,1
Neuro::Non_Neoplastic::Systemic::Mitochondrial_Disorders::Leigh_Disease,Neuro,1
Neuro::Non_Neoplastic::Systemic::Mitochondrial_Disorders::Mitochondrial_Myopathy_Encephalopathy_Lactic_Acidosis_And_Stroke_Like_Symptoms,Neuro,1
Neuro::Non_Neoplastic::Systemic::Mitochondrial_Disorders::Myoneurogastrointestinal_Encephalopathy,Neuro,1
Neuro::Non_Neoplastic::Systemic::Mitochondrial_Disorders::Neuropathy_Ataxia_And_Retinitis_Pigmentosa,Neuro,1
Neuro::Non_Neoplastic::Systemic::Vitamin_Deficiencies::Thiamine_Deficiency_And_Wernicke_Encephalopathy,Neuro,1
Neuro::Non_Neoplastic::Treatment_Effect::Chemotherapy_Induced_Leukoencephalopathy,Neuro,1
Neuro::Non_Neoplastic::Treatment_Effect::Radiation_Vasculopathy,Neuro,1
Neuro::Normal::Astrocyte::Resting_Astrocyte,Neuro,1
Neuro::Normal::Brainstem::Brainstem_Midbrain_Pons_Medulla,Neuro,1
Neuro::Normal::Cerebellum::Cerebellar_Cortex,Neuro,1
Neuro::Normal::Cerebrum::Basal_Ganglia_Pencil_Fiber,Neuro,1
Neuro::Normal::Cerebrum::Hippocampal_Formation,Neuro,1
Neuro::Normal::Cerebrum::Neocortex,Neuro,1
Neuro::Normal::Cerebrum::Primary_Visual_Cortex,Neuro,1
Neuro::Normal::Cerebrum::Thalamus,Neuro,1
Neuro::Normal::Cerebrum::White_Matter,Neuro,1
Neuro::Normal::Ependyma_And_Choroid::Choroid_Plexus,Neuro,1
Neuro::Normal::Ependyma_And_Choroid::Ependyma,Neuro,1
Neuro::Normal::Meninges::Leptomeningeal_Melanocyte,Neuro,1
Neuro::Normal::Meninges::Meninges_Dura_Arachnoid_Pia,Neuro,1
Neuro::Normal::Microglia::Microglia_Rod_Cell,Neuro,1
Neuro::Normal::Neuron::Anterior_Horn_Cell,Neuro,1
Neuro::Normal::Neuron::Betz_Cell,Neuro,1
Neuro::Normal::Neuron::Cerebellar_Granular_Cell,Neuro,1
Neuro::Normal::Neuron::Dentate_Gyrus_Granular_Neuron,Neuro,1
Neuro::Normal::Neuron::Dopaminergic_Neuron,Neuro,1
Neuro::Normal::Neuron::Purkinje_Cell,Neuro,1
Neuro::Normal::Neuron::Pyramidal_Neuron,Neuro,1
Neuro::Normal::Oligodendrocyte::Oligodendrocyte,Neuro,1
Neuro::Normal::PNS_Component::Satellite_Cell,Neuro,1
Neuro::Normal::PNS_Component::Schwann_Cell,Neuro,1
Neuro::Normal::Pituitary::Anterior_Pituitary_Adenohypophysis,Neuro,1
Neuro::Normal::Pituitary::Posterior_Pituitary_Neurohypophysis,Neuro,1
Neuro::Normal::Spinal_Cord::Spinal_Cord,Neuro,1
Neuro::Normal::Vascular::Artery_And_Virchow_Robin_Space,Neuro,1
Neuro::Normal::Vascular::Capillary,Neuro,1
Neuro::Ophthalmic::Diseases_Of_The_Anterior_Segment,Neuro,1
Neuro::Ophthalmic::Diseases_Of_The_Conjunctiva,Neuro,1
Neuro::Ophthalmic::Diseases_Of_The_Cornea,Neuro,1
Neuro::Ophthalmic::Diseases_Of_The_Optic_Nerve,Neuro,1
Neuro::Ophthalmic::Diseases_Of_The_Orbit,Neuro,1
Neuro::Ophthalmic::Diseases_Of_The_Uvea,Neuro,1
Neuro::Ophthalmic::Phthisis_Bulbi,Neuro,1
Neuro::Ophthalmic::Retina_And_Vitreous::Age_Related_Macular_Degeneration,Neuro,1
Neuro::Ophthalmic::Retina_And_Vitreous::Other_Retinal_Degeneration,Neuro,1
Neuro::Ophthalmic::Retina_And_Vitreous::Retinal_Detachment,Neuro,1
Neuro::Ophthalmic::Retina_And_Vitreous::Retinal_Neoplasms::Retinoblastoma,Neuro,1
Neuro::Ophthalmic::Retina_And_Vitreous::Retinal_Vascular_Disease,Neuro,1
Neuro::Ophthalmic::Retina_And_Vitreous::Retinitis,Neuro,1
Neuro::Ophthalmic::Therapeutic_Or_Iatrogenic_Complications,Neuro,1
Neuro::Radiology::Technique::CT_Angiogram,Neuro,1
Neuro::Radiology::Technique::Catheter_Angiography,Neuro,1
Neuro::Radiology::Technique::Functional_MRI,Neuro,1
Neuro::Radiology::Technique::High_Resolution_CT,Neuro,1
Neuro::Radiology::Technique::MR_Spectroscopy,Neuro,1
Neuro::Radiology::Technique::Magnetic_Resonance_Angiography,Neuro,1
Neuro::Radiology::Technique::Perfusion_MRI,Neuro,1
Neuro::Rapid_Diagnosis::Smear_In_Rapid_Diagnosis,Neuro,1
Neuro::Rapid_Diagnosis::Stereotactic_Biopsy_Challenge,Neuro,1
Neuro::Skeletal_Muscle::Autophagic_Vacuolar_Myopathies,Neuro,1
Neuro::Skeletal_Muscle::Channelopathies,Neuro,1
Neuro::Skeletal_Muscle::Congenital_Myopathies::Centronuclear_Myopathies,Neuro,1
Neuro::Skeletal_Muscle::Congenital_Myopathies::Congenital_Fiber_Type_Disproportion_Myopathies,Neuro,1
Neuro::Skeletal_Muscle::Congenital_Myopathies::Core_Myopathies,Neuro,1
Neuro::Skeletal_Muscle::Congenital_Myopathies::Nemaline_Myopathies,Neuro,1
Neuro::Skeletal_Muscle::Distal_Myopathies_Including_Valsoin_Containing_Protein,Neuro,1
Neuro::Skeletal_Muscle::Inflammatory_Myopathies::Bacterial_Myositis,Neuro,1
Neuro::Skeletal_Muscle::Inflammatory_Myopathies::Dermatomyositis,Neuro,1
Neuro::Skeletal_Muscle::Inflammatory_Myopathies::Fungal_Myositis,Neuro,1
Neuro::Skeletal_Muscle::Inflammatory_Myopathies::Inclusion_Body_Myositis,Neuro,1
Neuro::Skeletal_Muscle::Inflammatory_Myopathies::Paraneoplastic_Myositis,Neuro,1
Neuro::Skeletal_Muscle::Inflammatory_Myopathies::Parasitic_Myositis,Neuro,1
Neuro::Skeletal_Muscle::Inflammatory_Myopathies::Sarcoid_Myopathy,Neuro,1
Neuro::Skeletal_Muscle::Inflammatory_Myopathies::Vasculitis,Neuro,1
Neuro::Skeletal_Muscle::Inflammatory_Myopathies::Viral_Myositis,Neuro,1
Neuro::Skeletal_Muscle::Metabolic_Diseases::Glycogenoses::Type_II,Neuro,1
Neuro::Skeletal_Muscle::Metabolic_Diseases::Glycogenoses::Type_V,Neuro,1
Neuro::Skeletal_Muscle::Metabolic_Diseases::Lipid_Storage_Myopathies,Neuro,1
Neuro::Skeletal_Muscle::Metabolic_Diseases::Mitochondrial_Myopathy,Neuro,1
Neuro::Skeletal_Muscle::Muscle_Biopsy::Handling,Neuro,1
Neuro::Skeletal_Muscle::Muscle_Biopsy::Muscle_Biopsy_Techniques_IHC_Special_Stains,Neuro,1
Neuro::Skeletal_Muscle::Muscle_Biopsy::Skeletal_Muscle_Ultrastructure,Neuro,1
Neuro::Skeletal_Muscle::Muscular_Dystrophies::Congenital_Muscular_Dystrophy,Neuro,1
Neuro::Skeletal_Muscle::Muscular_Dystrophies::Dystrophinopathies,Neuro,1
Neuro::Skeletal_Muscle::Muscular_Dystrophies::Emery_Dreifuss_Muscular_Dystrophy,Neuro,1
Neuro::Skeletal_Muscle::Muscular_Dystrophies::Facioscapulohumeral_Dystrophy,Neuro,1
Neuro::Skeletal_Muscle::Muscular_Dystrophies::Limb_Girdle_Muscular_Dystrophy,Neuro,1
Neuro::Skeletal_Muscle::Muscular_Dystrophies::Myotonic_Dystrophy,Neuro,1
Neuro::Skeletal_Muscle::Muscular_Dystrophies::Oculopharyngeal_Muscular_Dystrophy,Neuro,1
Neuro::Skeletal_Muscle::Myofibrillar_Myopathies,Neuro,1
Neuro::Skeletal_Muscle::Myopathic_Processes::Myopathic_Histopathologic_Features,Neuro,1
Neuro::Skeletal_Muscle::NeuropathicDiseases::Motor_Neuron_Diseases_Spinal_Muscular_Atrophy,Neuro,1
Neuro::Skeletal_Muscle::NeuropathicDiseases::Neuropathic_Histopathologic_Features,Neuro,1
Neuro::Skeletal_Muscle::Toxic_Myopathies::Chloroquine_Hydroxychloroquine_Vacuolar_Myopathy,Neuro,1
Neuro::Skeletal_Muscle::Toxic_Myopathies::Steroid_Myopathy_Acute_Care_Myopathy,Neuro,1
Neuro::Trauma::Craniocerebral_Trauma::Intraparenchymal_Hemorrhages,Neuro,1
Neuro::Trauma::Craniocerebral_Trauma::Traumatic_Subarachnoid_Hemorrhage,Neuro,1
Neuro::Trauma::Sequelae_Of_Head_Injury::Chronic_Traumatic_Encephalopathy,Neuro,1
Neuro::Trauma::Traumatic_Brain_Injury,Neuro,1
Neuro::Trauma_And_Hemorrhage::Acute_Epidural_Hematoma,Neuro,1
Neuro::Trauma_And_Hemorrhage::Intracerebral_Hematoma,Neuro,1
Neuro::Tumor::Adult_Type_Diffuse_Gliomas::Diffuse_Glioma_NOS,Neuro,1
Neuro::Tumor::Diffuse_Glioma::Adult::Oligodendroglioma_IDH_mutant_and_1p19q_codeleted,Neuro,1
Neuro::Tumor::Diffuse_Glioma::Pediatric_High_Grade::Diffuse_Midline_Glioma_H3K27_altered,Neuro,1
Neuro::Tumor::Embryonal::Embryonal_Tumor_With_Abundant_Neuropil_And_True_Rosette,Neuro,1
Neuro::Tumor::Embryonal::Ependymoblastoma,Neuro,1
Neuro::Tumor::Embryonal::Medulloblastoma_Molecularly_Defined,Neuro,1
Neuro::Tumor::Embryonal::Medulloblastoma_SHH_activated_and_TP53_mutant,Neuro,1
Neuro::Tumor::Embryonal::Medulloblastoma_non_WNT_non_SHH,Neuro,1
Neuro::Tumor::Embryonal::Medulloepithelioma,Neuro,1
Neuro::Tumor::Embryonal_Tumors::Embryonal_Tumors_With_Multilayered_Rosettes_C19MC_Altered,Neuro,1
Neuro::Tumor::Embryonal_Tumors::Medulloblastoma_Classic_Type,Neuro,1
Neuro::Tumor::Embryonal_Tumors::Medulloblastoma_Large_Cell_Anaplastic_Type,Neuro,1
Neuro::Tumor::Embryonal_Tumors::Medulloblastoma_Non_WHT_Non_SHH,Neuro,1
Neuro::Tumor::Embryonal_Tumors::Medulloblastoma_WNT_Activated,Neuro,1
Neuro::Tumor::Embryonal_Tumors::Medulloblastoma_With_Extensive_Nodularity,Neuro,1
Neuro::Tumor::Ependymal::Ependymoma::Cellular_Ependymoma,Neuro,1
Neuro::Tumor::Ependymal::Ependymoma::Lipidized_Ependymoma,Neuro,1
Neuro::Tumor::Ependymal::Ependymoma::Papillary_Ependymoma,Neuro,1
Neuro::Tumor::Ependymal::Ependymoma::Signet_Ring_Ependymoma,Neuro,1
Neuro::Tumor::Ependymal::Posterior_Fossa_Group_A_PFA_Ependymoma,Neuro,1
Neuro::Tumor::Ependymal::Posterior_Fossa_Group_B_PFB_Ependymoma,Neuro,1
Neuro::Tumor::Ependymal::Spinal_Ependymoma_MYCN_amplified,Neuro,1
Neuro::Tumor::Ependymal::Supratentorial_Ependymoma_YAP1_Fusion_Positive,Neuro,1
Neuro::Tumor::Familial_Tumor_Predisposition_Syndromes::Carney_Complex,Neuro,1
Neuro::Tumor::Familial_Tumor_Predisposition_Syndromes::Cowden_Disease,Neuro,1
Neuro::Tumor::Familial_Tumor_Predisposition_Syndromes::ELP1_Medulloblastoma_Syndrome,Neuro,1
Neuro::Tumor::Familial_Tumor_Predisposition_Syndromes::Fanconi_Anemia,Neuro,1
Neuro::Tumor::Familial_Tumor_Predisposition_Syndromes::Von_Hippel_Lindau_Disease,Neuro,1
Neuro::Tumor::Germ_Cell::Choriocarcinoma,Neuro,1
Neuro::Tumor::Germ_Cell::Embryonal_Carcinoma,Neuro,1
Neuro::Tumor::Germ_Cell::Teratoma::Immature_Teratoma,Neuro,1
Neuro::Tumor::Germ_Cell::Teratoma_With_Somatic_Type_Malignancy,Neuro,1
Neuro::Tumor::Germ_Cell::Yolk_Sac_Tumor,Neuro,1
Neuro::Tumor::Germ_Cell_Tumors::Teratoma_With_Malignant_Transformation,Neuro,1
Neuro::Tumor::Glial_Other::Chordoid_Glioma_Of_Third_Ventricle,Neuro,1
Neuro::Tumor::Glioneuronal_And_Neuronal_Tumors::Dysplastic_Gangliocytoma_Of_The_Cerebellum,Neuro,1
Neuro::Tumor::Lesions_Of_The_Sellar_Region::Pituitary_Adenoma_Pituitary_Neuroendocrine_Tumor::Crooke_Cell_Adenoma,Neuro,1
Neuro::Tumor::Lesions_Of_The_Sellar_Region::Pituitary_Adenoma_Pituitary_Neuroendocrine_Tumor::Mammosomatotroph_Adenoma,Neuro,1
Neuro::Tumor::Lesions_Of_The_Sellar_Region::Pituitary_Adenoma_Pituitary_Neuroendocrine_Tumor::Mixed_Somatotroph_Lactotroph_Adenoma,Neuro,1
Neuro::Tumor::Lesions_Of_The_Sellar_Region::Pituitary_Adenoma_Pituitary_Neuroendocrine_Tumor::Sparsely_Granulated_Corticotroph_Adenoma,Neuro,1
Neuro::Tumor::Lesions_Of_The_Sellar_Region::Pituitary_Adenoma_Pituitary_Neuroendocrine_Tumor::Sparsely_Granulated_Lactotroph_Adenoma,Neuro,1
Neuro::Tumor::Lesions_Of_The_Sellar_Region::Pituitary_Adenoma_Pituitary_Neuroendocrine_Tumor::Sparsely_Granulated_Somatotroph_Adenoma,Neuro,1
Neuro::Tumor::Lymphoma_And_Hematopoietic_Tumors_Of_The_Central_Nervous_System::Immunodeficiency_Associated_CNS_Lymphomas,Neuro,1
Neuro::Tumor::Lymphoma_And_Hematopoietic_Tumors_Of_The_Central_Nervous_System::MALT_Lymphomas_Of_The_Dura,Neuro,1
Neuro::Tumor::Lymphoma_And_Hematopoietic_Tumors_Of_The_Central_Nervous_System::Non_Langerhans_Histiocytosis,Neuro,1
Neuro::Tumor::Melanocytic::Neurocutaneous_Melanomatosis,Neuro,1
Neuro::Tumor::Melanocytic::Primary_CNS_Melanoma,Neuro,1
Neuro::Tumor::Meningioma::Angiomatous_Meningioma,Neuro,1
Neuro::Tumor::Meningioma::Brain_Invasive_Meningioma,Neuro,1
Neuro::Tumor::Meningioma::Clear_Cell_Meningioma,Neuro,1
Neuro::Tumor::Meningioma::Cystic_Meningioma,Neuro,1
Neuro::Tumor::Meningioma::Fibrous_Meningioma,Neuro,1
Neuro::Tumor::Meningioma::Lymphoplasmacyte_Rich_Meningioma,Neuro,1
Neuro::Tumor::Meningioma::Meningothelial_Meningioma,Neuro,1
Neuro::Tumor::Meningioma::Metaplastic_Meningioma,Neuro,1
Neuro::Tumor::Meningioma::Papillary_Meningioma,Neuro,1
Neuro::Tumor::Meningioma::Psammomatous_Meningioma,Neuro,1
Neuro::Tumor::Meningioma::Rhabdoid_Meningioma,Neuro,1
Neuro::Tumor::Meningioma::Secretory_Meningioma,Neuro,1
Neuro::Tumor::Meningioma::Transitional_Meningioma,Neuro,1
Neuro::Tumor::Meningothelial_Tumors::Anaplastic_Meningioma,Neuro,1
Neuro::Tumor::Meningothelial_Tumors::Meningioma_Microcystic,Neuro,1
Neuro::Tumor::Meningothelial_Tumors::Meningioma_Other_Types,Neuro,1
Neuro::Tumor::Meningothelial_Tumors::Meningoangiomatomatosis,Neuro,1
Neuro::Tumor::Mesenchymal::CIC_rearranged_Sarcoma,Neuro,1
Neuro::Tumor::Mesenchymal::Mesenchymal_Chondrosarcoma,Neuro,1
Neuro::Tumor::Mesenchymal::Primary_Intracranial_Sarcoma_DICER1_mutant,Neuro,1
Neuro::Tumor::Mesenchymal::Rhabdomyosarcoma,Neuro,1
Neuro::Tumor::Mesenchymal_Non_Meningothelial::Muscle::Rhabdomyosarcoma_Alveolar,Neuro,1
Neuro::Tumor::Mesenchymal_Non_Meningothelial::Muscle::Rhabdomyosarcoma_Embryonal,Neuro,1
Neuro::Tumor::Mesenchymal_Non_Meningothelial::Undifferentiated_Sarcoma,Neuro,1
Neuro::Tumor::Metastatic::Metastatic_Carcinoma,Neuro,1
Neuro::Tumor::Metastatic::Metastatic_Melanoma,Neuro,1
Neuro::Tumor::Metastatic::Metastatic_Sarcoma,Neuro,1
Neuro::Tumor::Metastatic_Tumors::Neoplasms_In_Tissues_Surrounding_The_CNS,Neuro,1
Neuro::Tumor::Metastatic_Tumors::Secondary_Neoplasms_In_The_Brain_And_Spinal_Cord,Neuro,1
Neuro::Tumor::Metastatic_Tumors::Secondary_Neoplasms_In_The_Meninges,Neuro,1
Neuro::Tumor::Nerve::Ganglioneuroma,Neuro,1
Neuro::Tumor::Nerve::Malignant_Peripheral_Nerve_Sheath_Tumor::Triton_Tumor,Neuro,1
Neuro::Tumor::Nerve::Nerve_Sheath_Myxoma,Neuro,1
Neuro::Tumor::Nerve::Neurothekeoma,Neuro,1
Neuro::Tumor::Paraneoplastic_Disorders::Paraneoplastic_Cerebellar_Degeneration,Neuro,1
Neuro::Tumor::Paraneoplastic_Disorders::Paraneoplastic_Encephalomyelitis,Neuro,1
Neuro::Tumor::Paraneoplastic_Disorders::Paraneoplastic_Opsoclonus_Myoclonus_Ataxia,Neuro,1
Neuro::Tumor::Pineal::Pineocytoma::Pleomorphic_Pineocytoma,Neuro,1
Neuro::Tumor::Primary_Melanocytic_Tumors::Melanocytosis,Neuro,1
Neuro::Tumor::Primary_Melanocytic_Tumors::Melanoma,Neuro,1
Neuro::Tumor::Primary_Melanocytic_Tumors::Melanomatosis,Neuro,1
Neuro::Tumor::Sellar::Granular_Cell_Tumor_Of_Sellar_Region,Neuro,1
Neuro::Tumor::Sellar::Metastatic_Pituitary_Neuroendocrine_Tumor_PitNET,Neuro,1
Neuro::Tumor::Spine::Benign_Tumors_Of_The_Vertebral_Column,Neuro,1
Neuro::Tumor::Spine::Malignant_Tumors_Of_The_Vertebral_Column,Neuro,1
Neuro::Tumor::Tumors_Of_The_Cranial_And_Paraspinal_Nerves::Atypical_Neurofibromatous_Neoplasm_Of_Uncertain_Biologic_Potential,Neuro,1
Neuro::Tumor::Tumors_Of_The_Cranial_And_Paraspinal_Nerves::Hybrid_Nerve_Sheath_Tumors,Neuro,1
Neuro::Tumor::Tumors_Of_The_Cranial_And_Paraspinal_Nerves::MPNST_With_Divergent_Mesenchymal_And_Or_Epithelial_Differentiation_Or_Perineural_Differentiation,Neuro,1
Neuro::Vascular::Acquired_Vascular_Malformation,Neuro,1
Neuro::Vascular::Angiitis_And_Vasculitis::Vasculitis_Of_The_Peripheral_Nervous_System,Neuro,1
Neuro::Vascular::Arteriovenous_Fistula,Neuro,1
Neuro::Vascular::CNS_Infarct::Hemorrhagic_Infarcts,Neuro,1
Neuro::Vascular::CNS_Infarct::Iatrogenic_Infarcts,Neuro,1
Neuro::Vascular::CNS_Infarct::Infarcts_Caused_By_Thromboembolic_Occlusion_Of_Large_Arteries,Neuro,1
Neuro::Vascular::CNS_Infarct::Lacunar_Infarcts,Neuro,1
Neuro::Vascular::CNS_Infarct::Watershed_Or_Borderzone_Infarcts,Neuro,1
Neuro::Vascular::Capillary_Telangiectasia,Neuro,1
Neuro::Vascular::Cerebral_Amyloid_Angiopathy::Inherited_Amyloidoses,Neuro,1
Neuro::Vascular::Cerebral_Amyloid_Angiopathy::Systemic_Amyloidoses,Neuro,1
Neuro::Vascular::Cerebral_Cavernous_Malformation,Neuro,1
Neuro::Vascular::Developmental_Venous_Anomaly,Neuro,1
Neuro::Vascular::Genetic::CADASIL,Neuro,1
Neuro::Vascular::Intracerebral_Hemorrhage,Neuro,1
Neuro::Vascular::Intracranial_Aneurysm,Neuro,1
Neuro::Vascular::Ischemic::Acute_Infarction,Neuro,1
Neuro::Vascular::Ischemic::Hypoxic_Ischemic_Encephalopathy,Neuro,1
Neuro::Vascular::Ischemic::Lacunar_Infarction,Neuro,1
Neuro::Vascular::Ischemic::Remote_Infarction,Neuro,1
Neuro::Vascular::Miscellaneous_Vascular_Disorders::Vascular_Dementia,Neuro,1
Neuro::Vascular::Spontaneous_Hemorrhage::Brain_Hemorrhage_Secondary_To_Systemic_Disease_Or_Therapy,Neuro,1
Neuro::Vascular::Spontaneous_Hemorrhage::Hypertensive_Brain_Hemorrhage,Neuro,1
Neuro::Vascular::Spontaneous_Hemorrhage::Spontaneous_Subarachnoid_Hemorrhage,Neuro,1
Neuro::Vascular::Syndromic_Association_With_Vascular_Malformation,Neuro,1
Neuro::Vascular::Vascular_Disease_And_Infarcts::Arteriolosclerosis,Neuro,1
Neuro::Vascular::Vascular_Disease_And_Infarcts::Atherosclerosis,Neuro,1
Neuro::Vascular::Vascular_Disease_And_Infarcts::Binswanger_Disease,Neuro,1
Neuro::Vascular::Vascular_Disease_And_Infarcts::Ischemic_Leukoencephalopathy,Neuro,1
Neuro::Vascular::Vascular_Disease_And_Infarcts::Moyamoya_Disease,Neuro,1
Neuro::Vascular::Vascular_Disease_And_Infarcts::Retinocochleocerebral_Vasculopathy,Neuro,1
Neuro::Vascular::Vascular_Disease_And_Infarcts::Siderocalcinosis_Ferrugination_Of_Microvessels,Neuro,1
Neuro::Vascular::Vascular_Malformation_Of_The_Spinal_Cord,Neuro,1
Neuro::Vascular::Vascular_Malformations::Arteriovenous_Malformations,Neuro,1
Neuro::Vascular::Vascular_Malformations::Vein_Of_Galen_Malformation,Neuro,1
Neuro::Vascular::Vasculitis::Giant_Cell_Arteritis,Neuro,1
Neuro::Vascular::Vasculitis::Polyarteritis_Nodosa,Neuro,1
Peds::BST::Bone::Adamantinoma,Peds,1
Peds::BST::Bone::Aneurysmal_Bone_Cyst,Peds,1
Peds::BST::Bone::Bizarre_Parosteal_Osteochondromatous_Proliferation,Peds,1
Peds::BST::Bone::Chondroblastoma,Peds,1
Peds::BST::Bone::Chondromesenchymal_Hamartoma_Of_Chest_Wall,Peds,1
Peds::BST::Bone::Chondromyxoid_Fibroma,Peds,1
Peds::BST::Bone::Chondrosarcoma,Peds,1
Peds::BST::Bone::Enchondroma_Enchondromatosis,Peds,1
Peds::BST::Bone::Fibrous_Dysplasia,Peds,1
Peds::BST::Bone::Giant_Cell_Tumor_Of_Bone,Peds,1
Peds::BST::Bone::Mesenchymal_Chondrosarcoma,Peds,1
Peds::BST::Bone::Non_Ossifying_Fibroma,Peds,1
Peds::BST::Bone::Osteoblastoma,Peds,1
Peds::BST::Bone::Osteochondroma,Peds,1
Peds::BST::Bone::Osteofibrous_Dysplasia,Peds,1
Peds::BST::Bone::Osteoid_Osteoma,Peds,1
Peds::BST::Bone::Osteosarcoma_Conventional,Peds,1
Peds::BST::Bone::Osteosarcoma_Surface,Peds,1
Peds::BST::Bone::Simple_Bone_Cyst,Peds,1
Peds::BST::Bone::Subungual_Exostosis,Peds,1
Peds::BST::Soft_Tissue::Alveolar_Soft_Part_Sarcoma,Peds,1
Peds::BST::Soft_Tissue::Angiomatoid_Fibrous_Histiocytoma,Peds,1
Peds::BST::Soft_Tissue::Angiosarcoma,Peds,1
Peds::BST::Soft_Tissue::CIC_Rearranged_Sarcoma,Peds,1
Peds::BST::Soft_Tissue::Calcifying_Aponeurotic_Fibroma,Peds,1
Peds::BST::Soft_Tissue::Clear_Cell_Sarcoma_Of_Soft_Tissue,Peds,1
Peds::BST::Soft_Tissue::Congenital_Hemangioma,Peds,1
Peds::BST::Soft_Tissue::Dermatofibrosarcoma_Protuberans,Peds,1
Peds::BST::Soft_Tissue::Desmoid_Fibromatosis,Peds,1
Peds::BST::Soft_Tissue::Desmoplastic_Small_Round_Cell_Tumor,Peds,1
Peds::BST::Soft_Tissue::EBV_Associated_Smooth_Muscle_Tumor,Peds,1
Peds::BST::Soft_Tissue::EWSR1_SMAD3_Rearranged_Fibroblastic_Tumor,Peds,1
Peds::BST::Soft_Tissue::Ectomesenchymoma,Peds,1
Peds::BST::Soft_Tissue::Epithelioid_Hemangioendothelioma,Peds,1
Peds::BST::Soft_Tissue::Epithelioid_Hemangioma,Peds,1
Peds::BST::Soft_Tissue::Epithelioid_Sarcoma,Peds,1
Peds::BST::Soft_Tissue::Ewing_Sarcoma,Peds,1
Peds::BST::Soft_Tissue::Extrarenal_Rhabdoid_Tumor,Peds,1
Peds::BST::Soft_Tissue::Fibrodysplasia_Ossificans_Progressiva,Peds,1
Peds::BST::Soft_Tissue::Fibroma_Of_Tendon_Sheath,Peds,1
Peds::BST::Soft_Tissue::Fibromatosis_Colli,Peds,1
Peds::BST::Soft_Tissue::Fibrous_Hamartoma_Of_Infancy,Peds,1
Peds::BST::Soft_Tissue::Gardner_Fibroma,Peds,1
Peds::BST::Soft_Tissue::Gastrointestinal_Stromal_Tumor_GIST,Peds,1
Peds::BST::Soft_Tissue::Glomus_Tumor_Glomuvenous_Malformation,Peds,1
Peds::BST::Soft_Tissue::Granular_Cell_Tumor,Peds,1
Peds::BST::Soft_Tissue::Inclusion_Body_Infantile_Digital_Fibromatosis,Peds,1
Peds::BST::Soft_Tissue::Infantile_Fibrosarcoma,Peds,1
Peds::BST::Soft_Tissue::Infantile_Hemangioma,Peds,1
Peds::BST::Soft_Tissue::Inflammatory_Myofibroblastic_Tumor,Peds,1
Peds::BST::Soft_Tissue::Juvenile_Hyaline_Fibromatosis,Peds,1
Peds::BST::Soft_Tissue::Kaposi_Sarcoma,Peds,1
Peds::BST::Soft_Tissue::Kaposiform_Hemangioendothelioma,Peds,1
Peds::BST::Soft_Tissue::Lipoblastoma_Lipoblastomatosis,Peds,1
Peds::BST::Soft_Tissue::Lipofibromatosis,Peds,1
Peds::BST::Soft_Tissue::Lipomatosis,Peds,1
Peds::BST::Soft_Tissue::Liposarcoma,Peds,1
Peds::BST::Soft_Tissue::Lobular_Capillary_Hemangioma,Peds,1
Peds::BST::Soft_Tissue::Low_Grade_Fibromyxoid_Sarcoma,Peds,1
Peds::BST::Soft_Tissue::Low_Grade_Myofibroblastic_Sarcoma,Peds,1
Peds::BST::Soft_Tissue::Malignant_Peripheral_Nerve_Sheath_Tumor_MPNST,Peds,1
Peds::BST::Soft_Tissue::Myofibroma_Myopericytoma,Peds,1
Peds::BST::Soft_Tissue::Neurofibroma,Peds,1
Peds::BST::Soft_Tissue::PEComa,Peds,1
Peds::BST::Soft_Tissue::Papillary_Intralymphatic_Angioendothelioma,Peds,1
Peds::BST::Soft_Tissue::Pediatric_NTRK_Rearranged_Spindle_Cell_Neoplasm,Peds,1
Peds::BST::Soft_Tissue::Perineurioma,Peds,1
Peds::BST::Soft_Tissue::Phosphaturic_Mesenchymal_Tumor,Peds,1
Peds::BST::Soft_Tissue::Plexiform_Fibrohistiocytic_Tumor,Peds,1
Peds::BST::Soft_Tissue::Pseudomyogenic_Hemangioendothelioma,Peds,1
Peds::BST::Soft_Tissue::Retiform_Hemangioendothelioma,Peds,1
Peds::BST::Soft_Tissue::Rhabdomyoma,Peds,1
Peds::BST::Soft_Tissue::Rhabdomyosarcoma_Alveolar,Peds,1
Peds::BST::Soft_Tissue::Rhabdomyosarcoma_Embryonal,Peds,1
Peds::BST::Soft_Tissue::Rhabdomyosarcoma_Spindle_Cell_Sclerosing,Peds,1
Peds::BST::Soft_Tissue::Round_Cell_Sarcoma_EWSR1_Non_ETS_Fusion,Peds,1
Peds::BST::Soft_Tissue::Sarcoma_With_BCOR_Genetic_Alteration,Peds,1
Peds::BST::Soft_Tissue::Schwannoma,Peds,1
Peds::BST::Soft_Tissue::Sclerosing_Epithelioid_Fibrosarcoma,Peds,1
Peds::BST::Soft_Tissue::Sinonasal_Angiofibroma,Peds,1
Peds::BST::Soft_Tissue::Solitary_Circumscribed_Neuroma,Peds,1
Peds::BST::Soft_Tissue::Synovial_Sarcoma,Peds,1
Peds::BST::Soft_Tissue::Tenosynovial_Giant_Cell_Tumor,Peds,1
Peds::BST::Soft_Tissue::Tufted_Angioma,Peds,1
Peds::BST::Soft_Tissue::Vascular_Arteriovenous_Malformation,Peds,1
Peds::Breast::Gynecomastia,Peds,1
Peds::Breast::Juvenile_Fibroadenoma,Peds,1
Peds::Breast::Juvenile_Papillomatosis,Peds,1
Peds::Breast::Phyllodes_Tumor,Peds,1
Peds::Breast::Secretory_Carcinoma,Peds,1
Peds::Endocrine::Adrenal::Adrenal_Cortical_Tumor,Peds,1
Peds::Endocrine::Adrenal::Congenital_Adrenal_Hyperplasia,Peds,1
Peds::Endocrine::Adrenal::Pheochromocytoma,Peds,1
Peds::Endocrine::Adrenal::Sympathetic_Paraganglioma,Peds,1
Peds::Endocrine::Thyroid::Cribriform_Morular_Thyroid_Carcinoma,Peds,1
Peds::Endocrine::Thyroid::Follicular_Adenoma,Peds,1
Peds::Endocrine::Thyroid::Medullary_Thyroid_Carcinoma,Peds,1
Peds::Endocrine::Thyroid::Papillary_Thyroid_Carcinoma,Peds,1
Peds::Endocrine::Thyroid::Thyroiditis,Peds,1
Peds::Eye::Conjunctival_Epibulbar_Choristoma,Peds,1
Peds::Eye::Diffuse_Choroidal_Neurofibroma,Peds,1
Peds::Eye::Inflamed_Juvenile_Conjunctival_Nevus,Peds,1
Peds::Eye::Medulloepithelioma,Peds,1
Peds::Eye::Optic_Nerve_Pilocytic_Astrocytoma,Peds,1
Peds::Eye::Phakomatous_Choristoma,Peds,1
Peds::Eye::Retinoblastoma,Peds,1
Peds::Eye::Retinocytoma,Peds,1
Peds::Forensic::Birth_Trauma,Peds,1
Peds::Forensic::Child_Abuse_And_Neglect,Peds,1
Peds::Forensic::Munchausen_Syndrome_By_Proxy,Peds,1
Peds::Forensic::Sudden_Infant_Death_Syndrome_SIDS,Peds,1
Peds::Forensic::Sudden_Unexpected_Death_In_Infancy_SUDI,Peds,1
Peds::GI::Biliary_Atresia,Peds,1
Peds::GI::Calcifying_Nested_Stromal_Epithelial_Tumor,Peds,1
Peds::GI::Caroli_Disease,Peds,1
Peds::GI::Congenital_Hepatic_Fibrosis,Peds,1
Peds::GI::Embryonal_Sarcoma_Of_The_Liver,Peds,1
Peds::GI::Fibrolamellar_Hepatocellular_Carcinoma,Peds,1
Peds::GI::Gastroblastoma,Peds,1
Peds::GI::Hepatoblastoma,Peds,1
Peds::GI::Hirschsprung_Disease,Peds,1
Peds::GI::Mesenchymal_Hamartoma_Of_Liver,Peds,1
Peds::GI::Microvillous_Inclusion_Disease,Peds,1
Peds::GI::Pancreatic_Acinar_Cell_Carcinoma,Peds,1
Peds::GI::Pancreatoblastoma,Peds,1
Peds::GI::Pediatric_Hepatocellular_Carcinoma,Peds,1
Peds::GI::Solid_Pseudopapillary_Neoplasm,Peds,1
Peds::GI::Tufting_Enteropathy,Peds,1
Peds::GU::Germ_Cell::Choriocarcinoma_Non_Gestational,Peds,1
Peds::GU::Germ_Cell::Embryonal_Carcinoma,Peds,1
Peds::GU::Germ_Cell::Extragonadal_Teratoma,Peds,1
Peds::GU::Germ_Cell::Germinoma_Dysgerminoma_Seminoma,Peds,1
Peds::GU::Germ_Cell::Gonadoblastoma,Peds,1
Peds::GU::Germ_Cell::Immature_Teratoma,Peds,1
Peds::GU::Germ_Cell::Mature_Cystic_Teratoma,Peds,1
Peds::GU::Germ_Cell::Postpubertal_Type_Teratoma,Peds,1
Peds::GU::Germ_Cell::Prepubertal_Type_Testicular_Teratoma,Peds,1
Peds::GU::Germ_Cell::Yolk_Sac_Tumor,Peds,1
Peds::GU::Male::Cryptorchidism,Peds,1
Peds::GU::Male::Juvenile_Granulosa_Cell_Tumor_Testis,Peds,1
Peds::GU::Male::Meconium_Periorchitis,Peds,1
Peds::GU::Male::Testicular_Regression_Syndrome,Peds,1
Peds::GU::Renal::Anaplastic_Sarcoma_Of_The_Kidney,Peds,1
Peds::GU::Renal::Autosomal_Recessive_Polycystic_Kidney_Disease,Peds,1
Peds::GU::Renal::Clear_Cell_Sarcoma_Of_The_Kidney,Peds,1
Peds::GU::Renal::Malignant_Rhabdoid_Tumor_Of_The_Kidney,Peds,1
Peds::GU::Renal::Mesoblastic_Nephroma,Peds,1
Peds::GU::Renal::Metanephric_Adenofibroma,Peds,1
Peds::GU::Renal::Metanephric_Adenoma,Peds,1
Peds::GU::Renal::Metanephric_Stromal_Tumor,Peds,1
Peds::GU::Renal::Multicystic_Renal_Dysplasia,Peds,1
Peds::GU::Renal::Nephroblastoma_Wilms_Tumor,Peds,1
Peds::GU::Renal::Nephrogenic_Adenoma,Peds,1
Peds::GU::Renal::Nephrogenic_Rests,Peds,1
Peds::GU::Renal::Ossifying_Renal_Tumor_Of_Infancy,Peds,1
Peds::GU::Renal::Pediatric_Cystic_Nephroma,Peds,1
Peds::GU::Renal::Prune_Belly_Syndrome,Peds,1
Peds::GU::Renal::Renal_Cell_Carcinoma_MiT_Translocation,Peds,1
Peds::GU::Renal::Renal_Ewing_Sarcoma,Peds,1
Peds::GU::Renal::Renal_Tubular_Dysgenesis,Peds,1
Peds::GYN::Gynandroblastoma,Peds,1
Peds::GYN::Juvenile_Granulosa_Cell_Tumor_Ovary,Peds,1
Peds::GYN::Mesonephric_Remnants_Hyperplasia,Peds,1
Peds::GYN::Mullerian_Papilloma,Peds,1
Peds::GYN::Sertoli_Leydig_Cell_Tumor,Peds,1
Peds::GYN::Sex_Cord_Tumor_With_Annular_Tubules,Peds,1
Peds::GYN::Small_Cell_Carcinoma_Ovary_Hypercalcemic_Type,Peds,1
Peds::Genetics::Alpha_1_Antitrypsin_Deficiency,Peds,1
Peds::Genetics::Beckwith_Wiedemann_Syndrome,Peds,1
Peds::Genetics::Cholesterol_Ester_Storage_Disease,Peds,1
Peds::Genetics::Constitutional_Mismatch_Repair_Deficiency,Peds,1
Peds::Genetics::Cystic_Fibrosis,Peds,1
Peds::Genetics::DICER1_Syndrome,Peds,1
Peds::Genetics::Fabry_Disease,Peds,1
Peds::Genetics::Fatty_Acid_Oxidation_Disorder,Peds,1
Peds::Genetics::Gangliosidosis,Peds,1
Peds::Genetics::Gaucher_Disease,Peds,1
Peds::Genetics::Glycogen_Storage_Disease,Peds,1
Peds::Genetics::Gorlin_Syndrome,Peds,1
Peds::Genetics::Li_Fraumeni_Syndrome,Peds,1
Peds::Genetics::Menkes_Disease,Peds,1
Peds::Genetics::Metachromatic_Leukodystrophy,Peds,1
Peds::Genetics::Mitochondriopathy,Peds,1
Peds::Genetics::Mucolipidosis,Peds,1
Peds::Genetics::Mucopolysaccharidosis,Peds,1
Peds::Genetics::Neonatal_Hemochromatosis,Peds,1
Peds::Genetics::Neurofibromatosis_Type_1,Peds,1
Peds::Genetics::Neurofibromatosis_Type_2,Peds,1
Peds::Genetics::Neuronal_Ceroid_Lipofuscinosis,Peds,1
Peds::Genetics::Organic_Acidemia,Peds,1
Peds::Genetics::Peroxisomal_Disorder,Peds,1
Peds::Genetics::Phenylketonuria_PKU,Peds,1
Peds::Genetics::Rhabdoid_Tumor_Predisposition_Syndrome,Peds,1
Peds::Genetics::Trisomy_13,Peds,1
Peds::Genetics::Trisomy_18,Peds,1
Peds::Genetics::Trisomy_21,Peds,1
Peds::Genetics::Tuberous_Sclerosis,Peds,1
Peds::Genetics::Tyrosinemia,Peds,1
Peds::Genetics::Urea_Cycle_Disorder,Peds,1
Peds::Genetics::Von_Hippel_Lindau_Syndrome,Peds,1
Peds::Genetics::WAGR_Syndrome,Peds,1
Peds::Genetics::Wilson_Disease,Peds,1
Peds::Genetics::Wolman_Disease,Peds,1
Peds::Genetics::Zellweger_Syndrome,Peds,1
Peds::Head_Neck::Acinic_Cell_Carcinoma,Peds,1
Peds::Head_Neck::Central_Giant_Cell_Granuloma,Peds,1
Peds::Head_Neck::Congenital_Granular_Cell_Epulis,Peds,1
Peds::Head_Neck::Melanotic_Neuroectodermal_Tumor_Of_Infancy,Peds,1
Peds::Head_Neck::Mucoepidermoid_Carcinoma,Peds,1
Peds::Head_Neck::NUT_Carcinoma,Peds,1
Peds::Head_Neck::Nasal_Chondromesenchymal_Hamartoma,Peds,1
Peds::Head_Neck::Sialoblastoma,Peds,1
Peds::Head_Neck::White_Sponge_Nevus,Peds,1
Peds::Heme::Histiocytic::Langerhans_Cell_Histiocytosis,Peds,1
Peds::Heme::Hodgkin::Classic_Hodgkin_Lymphoma,Peds,1
Peds::Heme::Hodgkin::Nodular_Lymphocyte_Predominant_Hodgkin_Lymphoma,Peds,1
Peds::Heme::Immunodeficiency::HIV_Associated_Lymphoproliferative_Disorder,Peds,1
Peds::Heme::Immunodeficiency::Posttransplant_Lymphoproliferative_Disorder_PTLD,Peds,1
Peds::Heme::Immunodeficiency::Primary_Immunodeficiency_Associated_LPD,Peds,1
Peds::Heme::Lymphoid::Aggressive_NK_Cell_Leukemia,Peds,1
Peds::Heme::Lymphoid::Anaplastic_Large_Cell_Lymphoma_ALK_Negative,Peds,1
Peds::Heme::Lymphoid::Anaplastic_Large_Cell_Lymphoma_ALK_Positive,Peds,1
Peds::Heme::Lymphoid::Burkitt_Lymphoma,Peds,1
Peds::Heme::Lymphoid::Cutaneous_CD30_Positive_T_Cell_LPD,Peds,1
Peds::Heme::Lymphoid::Hepatosplenic_T_Cell_Lymphoma,Peds,1
Peds::Heme::Lymphoid::High_Grade_B_Cell_Lymphoma_11q_Aberration,Peds,1
Peds::Heme::Lymphoid::Large_B_Cell_Lymphoma_IRF4_Rearrangement,Peds,1
Peds::Heme::Lymphoid::Mycosis_Fungoides,Peds,1
Peds::Heme::Lymphoid::Pediatric_Nodal_Marginal_Zone_Lymphoma,Peds,1
Peds::Heme::Lymphoid::Peripheral_T_Cell_Lymphoma_NOS,Peds,1
Peds::Heme::Lymphoid::Systemic_EBV_Positive_T_Cell_Lymphoma_Of_Childhood,Peds,1
Peds::Heme::Lymphoid::T_NK_Lymphoblastic_Leukemia_Lymphoma,Peds,1
Peds::Heme::Myeloid::Acute_Myeloid_Leukemia_Differentiation_Defined,Peds,1
Peds::Heme::Myeloid::Acute_Myeloid_Leukemia_Genetic_Defined,Peds,1
Peds::Heme::Myeloid::Childhood_Myelodysplastic_Neoplasm_Increased_Blasts,Peds,1
Peds::Heme::Myeloid::Childhood_Myelodysplastic_Neoplasm_Low_Blasts,Peds,1
Peds::Heme::Myeloid::Chronic_Myeloid_Leukemia_CML,Peds,1
Peds::Heme::Myeloid::Juvenile_Myelomonocytic_Leukemia,Peds,1
Peds::Heme::Myeloid::Mastocytosis,Peds,1
Peds::Heme::Myeloid::Myeloid_Neoplasm_Germline_Predisposition,Peds,1
Peds::Heme::Myeloid::Myeloid_Proliferation_Down_Syndrome,Peds,1
Peds::Heme::Myeloid::Refractory_Cytopenia_Of_Childhood,Peds,1
Peds::Neuro::Embryonal::Atypical_Teratoid_Rhabdoid_Tumor_ATRT,Peds,1
Peds::Neuro::Embryonal::CNS_Neuroblastoma_FOXR2_Activated,Peds,1
Peds::Neuro::Embryonal::CNS_Tumor_With_BCOR_ITD,Peds,1
Peds::Neuro::Embryonal::Cribriform_Neuroepithelial_Tumor,Peds,1
Peds::Neuro::Embryonal::Embryonal_Tumor_With_Multilayered_Rosettes,Peds,1
Peds::Neuro::Ependymal::Myxopapillary_Ependymoma,Peds,1
Peds::Neuro::Ependymal::Posterior_Fossa_Group_A_PFA_Ependymoma,Peds,1
Peds::Neuro::Ependymal::Posterior_Fossa_Group_B_PFB_Ependymoma,Peds,1
Peds::Neuro::Ependymal::Supratentorial_Ependymoma_YAP1_Fusion,Peds,1
Peds::Neuro::Ependymal::Supratentorial_Ependymoma_ZFTA_Fusion,Peds,1
Peds::Neuro::Glioma::Angiocentric_Glioma,Peds,1
Peds::Neuro::Glioma::Astroblastoma_MN1_Altered,Peds,1
Peds::Neuro::Glioma::Diffuse_Astrocytoma_MYB_MYBL1_Altered,Peds,1
Peds::Neuro::Glioma::Diffuse_Low_Grade_Glioma_MAPK_Pathway_Altered,Peds,1
Peds::Neuro::Glioma::Diffuse_Midline_Glioma_H3_K27_Altered,Peds,1
Peds::Neuro::Glioma::Diffuse_Pediatric_Type_High_Grade_Glioma_H3_Wildtype,Peds,1
Peds::Neuro::Glioma::High_Grade_Astrocytoma_Piloid_Features,Peds,1
Peds::Neuro::Glioma::Infant_Type_Hemispheric_Glioma,Peds,1
Peds::Neuro::Glioma::Pilocytic_Astrocytoma,Peds,1
Peds::Neuro::Glioma::Pleomorphic_Xanthoastrocytoma,Peds,1
Peds::Neuro::Glioma::Polymorphous_Low_Grade_Neuroepithelial_Tumor_Of_Young,Peds,1
Peds::Neuro::Glioma::Subependymal_Giant_Cell_Astrocytoma,Peds,1
Peds::Neuro::Glioneuronal::Desmoplastic_Infantile_Ganglioglioma_Astrocytoma,Peds,1
Peds::Neuro::Glioneuronal::Diffuse_Glioneuronal_Tumor_Oligodendroglioma_Like,Peds,1
Peds::Neuro::Glioneuronal::Diffuse_Leptomeningeal_Glioneuronal_Tumor,Peds,1
Peds::Neuro::Glioneuronal::Dysembryoplastic_Neuroepithelial_Tumor_DNET,Peds,1
Peds::Neuro::Glioneuronal::Ganglioglioma,Peds,1
Peds::Neuro::Medulloblastoma::Medulloblastoma_Non_WNT_Non_SHH,Peds,1
Peds::Neuro::Medulloblastoma::Medulloblastoma_SHH_Activated_TP53_Mutant,Peds,1
Peds::Neuro::Medulloblastoma::Medulloblastoma_SHH_Activated_TP53_Wildtype,Peds,1
Peds::Neuro::Medulloblastoma::Medulloblastoma_WNT_Activated,Peds,1
Peds::Neuro::Melanocytic::Diffuse_Meningeal_Melanocytosis_Melanomatosis,Peds,1
Peds::Neuro::Pineal::Pineoblastoma,Peds,1
Peds::Neuro::Sellar::Adamantinomatous_Craniopharyngioma,Peds,1
Peds::Neuro::Sellar::Pituitary_Adenoma_PitNET,Peds,1
Peds::Neuroblastic::Ganglioneuroblastoma_Nodular,Peds,1
Peds::Neuroblastic::Neuroblastoma,Peds,1
Peds::Perinatal::Fetal_Pathology::Association,Peds,1
Peds::Perinatal::Fetal_Pathology::Congenital_Infection_Bacterial,Peds,1
Peds::Perinatal::Fetal_Pathology::Congenital_Infection_Fungal,Peds,1
Peds::Perinatal::Fetal_Pathology::Congenital_Infection_Parasitic,Peds,1
Peds::Perinatal::Fetal_Pathology::Congenital_Infection_Viral,Peds,1
Peds::Perinatal::Fetal_Pathology::Deformation,Peds,1
Peds::Perinatal::Fetal_Pathology::Disruption,Peds,1
Peds::Perinatal::Fetal_Pathology::Hydrops_Immune,Peds,1
Peds::Perinatal::Fetal_Pathology::Hydrops_Non_Immune,Peds,1
Peds::Perinatal::Fetal_Pathology::Intrauterine_Growth_Restriction,Peds,1
Peds::Perinatal::Fetal_Pathology::Large_For_Gestational_Age,Peds,1
Peds::Perinatal::Fetal_Pathology::Sequence,Peds,1
Peds::Perinatal::Fetal_Pathology::Syndrome,Peds,1
Peds::Perinatal::Multifetal::Acardiac_Twin,Peds,1
Peds::Perinatal::Multifetal::Conjoined_Twins,Peds,1
Peds::Perinatal::Multifetal::Fetus_In_Fetu,Peds,1
Peds::Perinatal::Multifetal::Intragestational_Fetal_Loss,Peds,1
Peds::Perinatal::Multifetal::Twin_Reversed_Arterial_Perfusion_TRAP,Peds,1
Peds::Perinatal::Multifetal::Twin_Twin_Transfusion_Syndrome,Peds,1
Peds::Perinatal::Placenta::Basal_Plate::Maternal_Vasculopathy,Peds,1
Peds::Perinatal::Placenta::Basal_Plate::Placental_Abruption,Peds,1
Peds::Perinatal::Placenta::Basal_Plate::Retroplacental_Hematoma,Peds,1
Peds::Perinatal::Placenta::Fetal_Vessels::Avascular_Villi,Peds,1
Peds::Perinatal::Placenta::Fetal_Vessels::Fetal_Vascular_Malperfusion,Peds,1
Peds::Perinatal::Placenta::Fetal_Vessels::Thrombi,Peds,1
Peds::Perinatal::Placenta::Implantation::Ectopic_Pregnancy,Peds,1
Peds::Perinatal::Placenta::Implantation::Placenta_Accreta_Spectrum,Peds,1
Peds::Perinatal::Placenta::Implantation::Placenta_Previa,Peds,1
Peds::Perinatal::Placenta::Intervillous::Intervillositis,Peds,1
Peds::Perinatal::Placenta::Intervillous::Massive_Perivillous_Fibrin_Deposition,Peds,1
Peds::Perinatal::Placenta::Intervillous::Massive_Subchorionic_Hematoma,Peds,1
Peds::Perinatal::Placenta::Intervillous::Maternal_Floor_Infarction,Peds,1
Peds::Perinatal::Placenta::Membranes::Amnion_Nodosum,Peds,1
Peds::Perinatal::Placenta::Membranes::Amniotic_Bands,Peds,1
Peds::Perinatal::Placenta::Membranes::Chorioamnionitis,Peds,1
Peds::Perinatal::Placenta::Membranes::Meconium_Staining,Peds,1
Peds::Perinatal::Placenta::Membranes::Squamous_Metaplasia,Peds,1
Peds::Perinatal::Placenta::Tumors::Chorangioma,Peds,1
Peds::Perinatal::Placenta::Tumors::Placental_Metastasis,Peds,1
Peds::Perinatal::Placenta::Umbilical_Cord::Abnormal_Length,Peds,1
Peds::Perinatal::Placenta::Umbilical_Cord::Coiling_Abnormality,Peds,1
Peds::Perinatal::Placenta::Umbilical_Cord::Cord_Rupture,Peds,1
Peds::Perinatal::Placenta::Umbilical_Cord::Funisitis,Peds,1
Peds::Perinatal::Placenta::Umbilical_Cord::Furcate_Insertion,Peds,1
Peds::Perinatal::Placenta::Umbilical_Cord::Single_Umbilical_Artery,Peds,1
Peds::Perinatal::Placenta::Umbilical_Cord::True_Knot,Peds,1
Peds::Perinatal::Placenta::Umbilical_Cord::Vasa_Previa,Peds,1
Peds::Perinatal::Placenta::Umbilical_Cord::Velamentous_Insertion,Peds,1
Peds::Perinatal::Placenta::Villous::Acute_Villitis,Peds,1
Peds::Perinatal::Placenta::Villous::Chorangiosis,Peds,1
Peds::Perinatal::Placenta::Villous::Chronic_Villitis_Of_Unknown_Etiology,Peds,1
Peds::Perinatal::Placenta::Villous::Dysmature_Villous_Maturation,Peds,1
Peds::Perinatal::Placenta::Villous::Hydrops_Placentalis,Peds,1
Peds::Perinatal::Placenta::Villous::Hypermature_Villous_Maturation,Peds,1
Peds::Perinatal::Placenta::Villous::Immature_Villous_Maturation,Peds,1
Peds::Perinatal::Placenta::Villous::Infarct,Peds,1
Peds::Perinatal::Placenta::Villous::Infectious_Villitis,Peds,1
Peds::Perinatal::Placenta::Villous::Placental_Mesenchymal_Dysplasia,Peds,1
Peds::Perinatal::Prematurity::Bronchopulmonary_Dysplasia,Peds,1
Peds::Perinatal::Prematurity::Intraventricular_Hemorrhage,Peds,1
Peds::Perinatal::Prematurity::Necrotizing_Enterocolitis,Peds,1
Peds::Perinatal::Prematurity::Persistent_Pulmonary_Hypertension_Of_Newborn,Peds,1
Peds::Perinatal::Prematurity::Retinopathy_Of_Prematurity,Peds,1
Peds::Perinatal::Trophoblastic::Choriocarcinoma,Peds,1
Peds::Perinatal::Trophoblastic::Complete_Hydatidiform_Mole,Peds,1
Peds::Perinatal::Trophoblastic::Invasive_Mole,Peds,1
Peds::Perinatal::Trophoblastic::Non_Molar_Triploidy,Peds,1
Peds::Perinatal::Trophoblastic::Partial_Hydatidiform_Mole,Peds,1
Peds::Skin::Congenital_Nevus,Peds,1
Peds::Skin::Epidermolysis_Bullosa,Peds,1
Peds::Skin::Incontinentia_Pigmenti,Peds,1
Peds::Skin::Nevus_Reed,Peds,1
Peds::Skin::Pilomatricoma,Peds,1
Peds::Skin::Spitz_Nevus,Peds,1
Peds::Thoracic::Pleuropulmonary_Blastoma,Peds,1
Skin::Congenital_Structural::Cyst::Cutaneous_Keratocyst,Skin,1
Skin::Congenital_Structural::Cyst::HPV_Related_Epidermal_Cyst,Skin,1
Skin::Congenital_Structural::Cyst::Milia_Cysts,Skin,1
Skin::Congenital_Structural::Genodermatosis::Aplasia_Cutis_–_Localized_Partial,Skin,1
Skin::Congenital_Structural::Genodermatosis::Epidermolytic_Ichthyosis,Skin,1
Skin::Congenital_Structural::Genodermatosis::Hair_Disorders,Skin,1
Skin::Congenital_Structural::Genodermatosis::Harlequin_Ichthyosis,Skin,1
Skin::Congenital_Structural::Hamartoma::Accessory_Nipple_Polythelia,Skin,1
Skin::Congenital_Structural::Maturation_Keratinization::Circumscribed_Acral_Hypokeratosis,Skin,1
Skin::Congenital_Structural::Other::Supernumerary_Nipple,Skin,1
Skin::Depositional_Metabolic::Calcification::Calcinosis_Cutis_Metastatic,Skin,1
Skin::Depositional_Metabolic::Crystal::Gout_Urate_Crystal,Skin,1
Skin::Depositional_Metabolic::Metabolic::Polyvinylpyrrolidone_Storage_Disease,Skin,1
Skin::Depositional_Metabolic::Monckebergs_Sclerosis,Skin,1
Skin::Depositional_Metabolic::Xanthoma::Papular_Xanthoma,Skin,1
Skin::Hair_Shaft::Bubble_Hair,Skin,1
Skin::Hair_Shaft::Hair_Cast,Skin,1
Skin::Hair_Shaft::Pili_Annulati,Skin,1
Skin::Infectious::Bacterial::Dermatophilosis,Skin,1
Skin::Infectious::Bacterial::Pseudomonas_Folliculitis,Skin,1
Skin::Infectious::Bacterial::Rickettsial_Infection_Rocky_Mountain_Spotted_Fever,Skin,1
Skin::Infectious::Bacterial::Trichomycosis_Axillaris,Skin,1
Skin::Infectious::Fungal::Aspergillosis_w/_PAS,Skin,1
Skin::Infectious::Fungal::Blastomycosis_w/_PAS,Skin,1
Skin::Infectious::Fungal::Fusariosis,Skin,1
Skin::Infectious::Fungal::Pneumocystosis,Skin,1
Skin::Infectious::Fungal::Talaromycosis_Penicilliosis,Skin,1
Skin::Infectious::Parasitic::Arthropod_Bite_Reaction_Persistent,Skin,1
Skin::Infectious::Parasitic::Cutaneous_Parasitic_Infestation_NOS,Skin,1
Skin::Infectious::Parasitic::Human_Filariasis,Skin,1
Skin::Infectious::Parasitic::Lice_Nit,Skin,1
Skin::Infectious::Parasitic::Pediculosis,Skin,1
Skin::Infectious::Viral::Herpangina,Skin,1
Skin::Infectious::Viral::Measles,Skin,1
Skin::Infectious::Viral::Orf_and_Milker_Nodule,Skin,1
Skin::Inflammatory::Adnexal::Fox_Fordyce_Disease,Skin,1
Skin::Inflammatory::Adnexal::Furuncle,Skin,1
Skin::Inflammatory::Alopecia::Permanent_End_Stage_Alopecia,Skin,1
Skin::Inflammatory::Blistering::Bullosis_Diabeticorum,Skin,1
Skin::Inflammatory::Blistering::Drug_Induced_Bullous_Pemphigoid,Skin,1
Skin::Inflammatory::Drug_Eruption::Psoriasiform_Drug_Eruption,Skin,1
Skin::Inflammatory::Drug_Eruption::Toxic_Erythema_of_Chemotherapy,Skin,1
Skin::Inflammatory::Drug_Reactions::Amiodarone,Skin,1
Skin::Inflammatory::Drug_Reactions::Minocycline,Skin,1
Skin::Inflammatory::Histiocytic::Mucinous_Histiocytoma,Skin,1
Skin::Inflammatory::Infectious::Bacterial::Meningococcal,Skin,1
Skin::Inflammatory::Mucosal::Chronic_Periodontitis,Skin,1
Skin::Inflammatory::Mucosal::Zoons_Balanitis,Skin,1
Skin::Inflammatory::Neutrophilic::Acropustulosis_of_Infancy,Skin,1
Skin::Inflammatory::Neutrophilic::Bowel_Associated_Dermatosis_Arthritis_Syndrome,Skin,1
Skin::Inflammatory::Neutrophilic::Erosive_Pustular_Dermatosis,Skin,1
Skin::Inflammatory::Panniculitis::Lobular_Lipoatrophic_Panniculitis,Skin,1
Skin::Inflammatory::Panniculitis::Sclerosing_Panniculitis,Skin,1
Skin::Inflammatory::Photosensitivity::Phototoxic_Dermatitis,Skin,1
Skin::Inflammatory::Psoriasiform::Reactive_Arthritis,Skin,1
Skin::Inflammatory::Reactive::Adult_Onset_Still_Disease,Skin,1
Skin::Inflammatory::Reactive::Benign_Alveolar_Ridge_Keratosis,Skin,1
Skin::Inflammatory::Reactive::Dermatitis_Artefacta,Skin,1
Skin::Inflammatory::Reactive::Elephantiasis_Nostras_Verrucosa,Skin,1
Skin::Inflammatory::Reactive::Fibroosseous_Pseudotumor_of_Digits,Skin,1
Skin::Inflammatory::Spongiotic::Asteatotic_Eczema,Skin,1
Skin::Inflammatory::Spongiotic::Zoon_Balanitis_Plasma_Cell,Skin,1
Skin::Inflammatory::Vascular::Thrombotic_Disorders,Skin,1
Skin::Inflammatory::Vasculitis::Neutrophil_rich_Urticaria,Skin,1
Skin::Inflammatory::Vasculitis::Urticaria/Angioedema,Skin,1
Skin::Neoplastic::Adnexal::Apocrine::Adenocarcinoma_Mammary_Gland_Type,Skin,1
Skin::Neoplastic::Adnexal::Apocrine::Apocrine_Papillary_Tubular_Adenoma,Skin,1
Skin::Neoplastic::Adnexal::Apocrine::Cribriform_Carcinoma,Skin,1
Skin::Neoplastic::Adnexal::Eccrine::Malignant_Spiradenoma_Cylindroma,Skin,1
Skin::Neoplastic::Adnexal::Eccrine::Signet_Ring_Cell_Histiocytoid_Carcinoma,Skin,1
Skin::Neoplastic::Adnexal::Eccrine::Spiradenocarcinoma,Skin,1
Skin::Neoplastic::Adnexal::Follicular::Desmoplastic_Trichilemmoma,Skin,1
Skin::Neoplastic::Adnexal::Follicular::Nevus_Comedonicus,Skin,1
Skin::Neoplastic::Adnexal::Nail::Onychocytic_Matricoma,Skin,1
Skin::Neoplastic::Adnexal::Nail::Subungual_Lentigo,Skin,1
Skin::Neoplastic::Adnexal::Sebaceous::Superficial_Epithelioma_With_Sebaceous_Differentiation,Skin,1
Skin::Neoplastic::Epidermal::Benign::Pagetoid_Dyskeratosis,Skin,1
Skin::Neoplastic::Epidermal::Benign::Seborrheic_Keratosis_Acanthotic,Skin,1
Skin::Neoplastic::Epidermal::Benign::Seborrheic_Keratosis_Irritated,Skin,1
Skin::Neoplastic::Epidermal::Benign::Seborrheic_Keratosis_Reticulated,Skin,1
Skin::Neoplastic::Epidermal::Malignant::Basal_Cell_Carcinoma_Fibroepithelial,Skin,1
Skin::Neoplastic::Epidermal::Malignant::Basal_Cell_Carcinoma_Micronodular,Skin,1
Skin::Neoplastic::Epidermal::Malignant::Basal_Cell_Carcinoma_Sclerotic,Skin,1
Skin::Neoplastic::Epidermal::Malignant::Squamous_Cell_Carcinoma_Acantholytic,Skin,1
Skin::Neoplastic::Epidermal::Precursor::Actinic_Keratosis_Lichenoid,Skin,1
Skin::Neoplastic::Epidermal::Precursor::Erythroplasia_of_Queyrat,Skin,1
Skin::Neoplastic::Epidermal::Precursor::PUVA_Keratosis,Skin,1
Skin::Neoplastic::Epidermal::Precursor::Porokeratosis_Disseminated_Superficial_Actinic,Skin,1
Skin::Neoplastic::Epidermal::Precursor::VIN_PeIN,Skin,1
Skin::Neoplastic::Hematolymphoid::Angioimmunoblastic_T_Cell_Lymphoma,Skin,1
Skin::Neoplastic::Hematolymphoid::B_Lymphoblastic_Leukemia_Lymphoma,Skin,1
Skin::Neoplastic::Hematolymphoid::Erdheim_Chester_Disease,Skin,1
Skin::Neoplastic::Hematolymphoid::Histiocytic_Sarcoma,Skin,1
Skin::Neoplastic::Hematolymphoid::Lymphomatoid_Granulomatosis,Skin,1
Skin::Neoplastic::Hematolymphoid::Malignant_B_Cell_Lymphoma,Skin,1
Skin::Neoplastic::Hematolymphoid::Mantle_Cell_Lymphoma_Cutaneous,Skin,1
Skin::Neoplastic::Hematolymphoid::Mast_Cell_Sarcoma,Skin,1
Skin::Neoplastic::Hematolymphoid::Non_Langerhans_Cell_Histiocytoses,Skin,1
Skin::Neoplastic::Hematolymphoid::Reactive_B_Cell_Rich_Lymphoid_Proliferation,Skin,1
Skin::Neoplastic::Hematolymphoid::Severe_Mosquito_Bite_Allergy_HMB,Skin,1
Skin::Neoplastic::Hematolymphoid::Systemic_T_Cell_and_NK_Cell_Lymphomas,Skin,1
Skin::Neoplastic::Hematolymphoid::T_Lymphoblastic_Leukemia_Lymphoma,Skin,1
Skin::Neoplastic::Lymphoid::T_Cell::MF_Variant_Poikiloderma,Skin,1
Skin::Neoplastic::Melanocytic::Benign::Blue_Nevus_Epithelioid,Skin,1
Skin::Neoplastic::Melanocytic::Benign::Inverted_Type_A_Nevus,Skin,1
Skin::Neoplastic::Melanocytic::Benign::Meningeal_Melanocytoma_Cutaneous,Skin,1
Skin::Neoplastic::Melanocytic::Benign::Mongolian_Spot,Skin,1
Skin::Neoplastic::Melanocytic::Benign::Mucosal_Melanosis,Skin,1
Skin::Neoplastic::Melanocytic::Benign::Paraganglioma_Like_Dermal_Melanocytic_Tumor,Skin,1
Skin::Neoplastic::Melanocytic::Intermediate::Melanocytoma_PEM,Skin,1
Skin::Neoplastic::Melanocytic::Malignant::Blue_Nevus_Malignant_Cellular,Skin,1
Skin::Neoplastic::Melanocytic::Malignant::Melanoma_Adenoid,Skin,1
Skin::Neoplastic::Melanocytic::Malignant::Melanoma_Angiomatoid,Skin,1
Skin::Neoplastic::Melanocytic::Malignant::Melanoma_Balloon_Cell,Skin,1
Skin::Neoplastic::Melanocytic::Malignant::Melanoma_Childhood,Skin,1
Skin::Neoplastic::Melanocytic::Malignant::Melanoma_Metaplastic,Skin,1
Skin::Neoplastic::Melanocytic::Malignant::Melanoma_Mucosal_Genital,Skin,1
Skin::Neoplastic::Melanocytic::Malignant::Melanoma_Myxoid,Skin,1
Skin::Neoplastic::Melanocytic::Malignant::Melanoma_Primary_Dermal,Skin,1
Skin::Neoplastic::Melanocytic::Malignant::Melanoma_Rhabdoid,Skin,1
Skin::Neoplastic::Melanocytic::Malignant::Melanoma_Sinonasal,Skin,1
Skin::Neoplastic::Melanocytic::Malignant::Melanoma_Small_Cell,Skin,1
Skin::Neoplastic::Melanocytic::Malignant::Melanoma_Variant_Adenoid,Skin,1
Skin::Neoplastic::Melanocytic::Malignant::Melanoma_Variant_Balloon_Cell,Skin,1
Skin::Neoplastic::Melanocytic::Malignant::Melanoma_Variant_Metaplastic,Skin,1
Skin::Neoplastic::Melanocytic::Malignant::Melanoma_Variant_Rhabdoid,Skin,1
Skin::Neoplastic::Melanocytic::Malignant::Melanoma_Variant_Small_Cell,Skin,1
Skin::Neoplastic::Melanocytic::Malignant::Spitz_Tumor_Atypical_Malignant,Skin,1
Skin::Neoplastic::Metastatic::GIST,Skin,1
Skin::Neoplastic::Metastatic::Gastrointestinal_Adenocarcinoma,Skin,1
Skin::Neoplastic::Metastatic::Metastatic_Tonsillar,Skin,1
Skin::Neoplastic::Metastatic::Prostate_Adenocarcinoma,Skin,1
Skin::Neoplastic::Soft_Tissue::Benign::Fibrolipomatous_Tumor,Skin,1
Skin::Neoplastic::Soft_Tissue::Fibroblastic::Collagenous_Fibroma,Skin,1
Skin::Neoplastic::Soft_Tissue::Fibrous::Acral_Fibrokeratoma,Skin,1
Skin::Neoplastic::Soft_Tissue::Fibrous::Adult_Type_Fibrosarcoma,Skin,1
Skin::Neoplastic::Soft_Tissue::Fibrous::Angiomyofibroblastoma,Skin,1
Skin::Neoplastic::Soft_Tissue::Fibrous::Dermatofibroma_Atypical,Skin,1
Skin::Neoplastic::Soft_Tissue::Fibrous::Digital_Fibromatosis_Infantile,Skin,1
Skin::Neoplastic::Soft_Tissue::Fibrous::Keloid_and_Cellular_Scar,Skin,1
Skin::Neoplastic::Soft_Tissue::Fibrous::Localized_Type_Tenosynovial_Giant_Cell_Tumor,Skin,1
Skin::Neoplastic::Soft_Tissue::Fibrous::Plaque_Like_CD34_Positive_Dermal_Fibroma,Skin,1
Skin::Neoplastic::Soft_Tissue::Fibrous::Pseudosarcomatous_Fibroblastic_Proliferations,Skin,1
Skin::Neoplastic::Soft_Tissue::Fibrous::Sclerosing_Epithelioid_Fibrosarcoma,Skin,1
Skin::Neoplastic::Soft_Tissue::Fibrous::Undifferentiated_Pleomorphic_Sarcoma,Skin,1
Skin::Neoplastic::Soft_Tissue::Neural::Hybrid_Nerve_Sheath_Tumor,Skin,1
Skin::Neoplastic::Soft_Tissue::Neural::Non_Neural_Granular_Cell_Tumor,Skin,1
Skin::Neoplastic::Soft_Tissue::Neural::Plexiform_Neurilemmoma,Skin,1
Skin::Neoplastic::Soft_Tissue::Neural::Superficial_Ewing_Sarcoma,Skin,1
Skin::Neoplastic::Soft_Tissue::Vascular::Arteriovenous_Hemangioma_Malformation,Skin,1
Skin::Neoplastic::Soft_Tissue::Vascular::Cellular_Hemangioma,Skin,1
Skin::Neoplastic::Soft_Tissue::Vascular::Congenital_Hemangioma_RICH_NICH,Skin,1
Skin::Neoplastic::Soft_Tissue::Vascular::Glomuvenous_Malformation,Skin,1
Skin::Neoplastic::Soft_Tissue::Vascular::Papillary_Hemangioma,Skin,1
Skin::Neoplastic::Soft_Tissue::Vascular::Pleomorphic_Hyalinizing_Angiectatic_Tumor_PHAT,Skin,1
Skin::Neoplastic::Soft_Tissue::Vascular::Sinusoidal_Hemangioma,Skin,1
Skin::Neoplastic::Uncertain::Distinctive_Dermal_Clear_Cell_Mesenchymal_Tumor,Skin,1
Skin::Neoplastic::Uncertain::Ewing_Sarcoma_Cutaneous,Skin,1
Skin::Neoplastic::Uncertain::Ossifying_Fibromyxoid_Tumor,Skin,1
Skin::Normal_Histology::Overview,Skin,1
Skin::Traumatic::Thermal_Injury,Skin,1
Thorax_Mediastinum::Genetics::Syndromes::BAP1_Tumor_Predisposition_Syndrome,Thorax_Mediastinum,1
Thorax_Mediastinum::Genetics::Syndromes::Carney_Complex,Thorax_Mediastinum,1
Thorax_Mediastinum::Genetics::Syndromes::Li_Fraumeni_Syndrome,Thorax_Mediastinum,1
Thorax_Mediastinum::Heart::Neoplastic::Benign::Adult_Cellular_Rhabdomyoma,Thorax_Mediastinum,1
Thorax_Mediastinum::Heart::Neoplastic::Benign::Cardiac_Fibroma,Thorax_Mediastinum,1
Thorax_Mediastinum::Heart::Neoplastic::Benign::Cardiac_Hemangioma,Thorax_Mediastinum,1
Thorax_Mediastinum::Heart::Neoplastic::Benign::Cardiac_Lipoma,Thorax_Mediastinum,1
Thorax_Mediastinum::Heart::Neoplastic::Benign::Cardiac_Myxoma,Thorax_Mediastinum,1
Thorax_Mediastinum::Heart::Neoplastic::Benign::Cardiac_Rhabdomyoma,Thorax_Mediastinum,1
Thorax_Mediastinum::Heart::Neoplastic::Benign::Conduction_System_Hamartoma,Thorax_Mediastinum,1
Thorax_Mediastinum::Heart::Neoplastic::Benign::Cystic_Tumor_of_Atrioventricular_Node,Thorax_Mediastinum,1
Thorax_Mediastinum::Heart::Neoplastic::Benign::Hamartoma_of_Mature_Cardiac_Myocytes,Thorax_Mediastinum,1
Thorax_Mediastinum::Heart::Neoplastic::Benign::Lipomatous_Hamartoma_of_Atrioventricular_Valve,Thorax_Mediastinum,1
Thorax_Mediastinum::Heart::Neoplastic::Benign::Lipomatous_Hypertrophy_of_Atrial_Septum,Thorax_Mediastinum,1
Thorax_Mediastinum::Heart::Neoplastic::Benign::Mesenchymal_Cardiac_Hamartoma,Thorax_Mediastinum,1
Thorax_Mediastinum::Heart::Neoplastic::Benign::Papillary_Fibroelastoma,Thorax_Mediastinum,1
Thorax_Mediastinum::Heart::Neoplastic::Hematolymphoid::Cardiac_Diffuse_Large_B_Cell_Lymphoma,Thorax_Mediastinum,1
Thorax_Mediastinum::Heart::Neoplastic::Hematolymphoid::Cardiac_Fibrin_Associated_Diffuse_Large_B_Cell_Lymphoma,Thorax_Mediastinum,1
Thorax_Mediastinum::Heart::Neoplastic::Malignant::Cardiac_Angiosarcoma,Thorax_Mediastinum,1
Thorax_Mediastinum::Heart::Neoplastic::Malignant::Cardiac_Leiomyosarcoma,Thorax_Mediastinum,1
Thorax_Mediastinum::Heart::Neoplastic::Malignant::Cardiac_Undifferentiated_Pleomorphic_Sarcoma,Thorax_Mediastinum,1
Thorax_Mediastinum::Lung::Congenital_Structural::Cyst::Congenital_Cystic_Lesion,Thorax_Mediastinum,1
Thorax_Mediastinum::Lung::Inflammatory::Airspace::Pulmonary_Alveolar_Proteinosis,Thorax_Mediastinum,1
Thorax_Mediastinum::Lung::Inflammatory::Airways::Constrictive_Bronchiolitis,Thorax_Mediastinum,1
Thorax_Mediastinum::Lung::Inflammatory::Infectious::Allergic_Bronchopulmonary_Aspergillosis_ABPA,Thorax_Mediastinum,1
Thorax_Mediastinum::Lung::Inflammatory::Lymphocytic::Follicular_Bronchitis,Thorax_Mediastinum,1
Thorax_Mediastinum::Lung::Inflammatory::Transplant::Pulmonary_Transplant_Pathology,Thorax_Mediastinum,1
Thorax_Mediastinum::Lung::Neoplastic::Ectopic_Tissue::Melanoma,Thorax_Mediastinum,1
Thorax_Mediastinum::Lung::Neoplastic::Ectopic_Tissue::Meningioma,Thorax_Mediastinum,1
Thorax_Mediastinum::Lung::Neoplastic::Epithelial::Benign::Alveolar_Adenoma,Thorax_Mediastinum,1
Thorax_Mediastinum::Lung::Neoplastic::Epithelial::Benign::Bronchial_Papilloma,Thorax_Mediastinum,1
Thorax_Mediastinum::Lung::Neoplastic::Epithelial::Benign::Bronchiolar_Adenoma_Ciliated_Muconodular_Papillary_Tumor_CMPT,Thorax_Mediastinum,1
Thorax_Mediastinum::Lung::Neoplastic::Epithelial::Benign::Meningothelial_Like_Nodule,Thorax_Mediastinum,1
Thorax_Mediastinum::Lung::Neoplastic::Epithelial::Benign::Mucinous_Cystadenoma,Thorax_Mediastinum,1
Thorax_Mediastinum::Lung::Neoplastic::Epithelial::Benign::Mucous_Gland_Adenoma,Thorax_Mediastinum,1
Thorax_Mediastinum::Lung::Neoplastic::Epithelial::Benign::Papillary_Adenoma,Thorax_Mediastinum,1
Thorax_Mediastinum::Lung::Neoplastic::Epithelial::Malignant::Adenocarcinoma::Colloid_Adenocarcinoma,Thorax_Mediastinum,1
Thorax_Mediastinum::Lung::Neoplastic::Epithelial::Malignant::Adenocarcinoma::Enteric_Type_Adenocarcinoma,Thorax_Mediastinum,1
Thorax_Mediastinum::Lung::Neoplastic::Epithelial::Malignant::Adenocarcinoma::Fetal_Adenocarcinoma,Thorax_Mediastinum,1
Thorax_Mediastinum::Lung::Neoplastic::Epithelial::Malignant::Adenocarcinoma::Invasive_Nonmucinous_Adenocarcinoma,Thorax_Mediastinum,1
Thorax_Mediastinum::Lung::Neoplastic::Epithelial::Malignant::Adenosquamous_Carcinoma,Thorax_Mediastinum,1
Thorax_Mediastinum::Lung::Neoplastic::Epithelial::Malignant::Large_Cell_Carcinoma,Thorax_Mediastinum,1
Thorax_Mediastinum::Lung::Neoplastic::Epithelial::Malignant::Lymphoepithelial_Carcinoma,Thorax_Mediastinum,1
Thorax_Mediastinum::Lung::Neoplastic::Epithelial::Malignant::Sarcomatoid::Carcinosarcoma,Thorax_Mediastinum,1
Thorax_Mediastinum::Lung::Neoplastic::Epithelial::Malignant::Squamous_Cell_Carcinoma,Thorax_Mediastinum,1
Thorax_Mediastinum::Lung::Neoplastic::Epithelial::Precursor::Adenocarcinoma_in_Situ_AIS,Thorax_Mediastinum,1
Thorax_Mediastinum::Lung::Neoplastic::Epithelial::Precursor::Squamous_Dysplasia_and_Carcinoma_in_Situ,Thorax_Mediastinum,1
Thorax_Mediastinum::Lung::Neoplastic::Epithelial::Salivary_Gland_Type::Hyalinizing_Clear_Cell_Carcinoma,Thorax_Mediastinum,1
Thorax_Mediastinum::Lung::Neoplastic::Epithelial::Salivary_Gland_Type::Mucoepidermoid_Carcinoma,Thorax_Mediastinum,1
Thorax_Mediastinum::Lung::Neoplastic::Epithelial::Salivary_Gland_Type::Myoepithelial_Carcinoma,Thorax_Mediastinum,1
Thorax_Mediastinum::Lung::Neoplastic::Epithelial::Salivary_Gland_Type::Myoepithelioma,Thorax_Mediastinum,1
Thorax_Mediastinum::Lung::Neoplastic::Hematolymphoid::Diffuse_Large_B_Cell_Lymphoma,Thorax_Mediastinum,1
Thorax_Mediastinum::Lung::Neoplastic::Hematolymphoid::Lymphomatoid_Granulomatosis,Thorax_Mediastinum,1
Thorax_Mediastinum::Lung::Neoplastic::Hematolymphoid::MALT_Lymphoma,Thorax_Mediastinum,1
Thorax_Mediastinum::Lung::Neoplastic::Mesenchymal::Congenital_Peribronchial_Myofibroblastic_Tumor,Thorax_Mediastinum,1
Thorax_Mediastinum::Lung::Neoplastic::Mesenchymal::Lymphangioleiomyomatosis_LAM,Thorax_Mediastinum,1
Thorax_Mediastinum::Lung::Neoplastic::Mesenchymal::PEComa,Thorax_Mediastinum,1
Thorax_Mediastinum::Lung::Neoplastic::Mesenchymal::Primary_Pulmonary_Myxoid_Sarcoma_EWSR1_CREB1,Thorax_Mediastinum,1
Thorax_Mediastinum::Lung::Neoplastic::Mesenchymal::Pulmonary_Chondroma,Thorax_Mediastinum,1
Thorax_Mediastinum::Lung::Neoplastic::Neuroendocrine::Poorly_Differentiated::Large_Cell_Neuroendocrine_Carcinoma_LCNEC,Thorax_Mediastinum,1
Thorax_Mediastinum::Lung::Neoplastic::Neuroendocrine::Poorly_Differentiated::Small_Cell_Carcinoma,Thorax_Mediastinum,1
Thorax_Mediastinum::Lung::Neoplastic::Neuroendocrine::Well_Differentiated::Atypical_Carcinoid,Thorax_Mediastinum,1
Thorax_Mediastinum::Lung::Neoplastic::Neuroendocrine::Well_Differentiated::Typical_Carcinoid,Thorax_Mediastinum,1
Thorax_Mediastinum::Mediastinum::Congenital_Structural::Cyst::Mediastinal_Cyst_NOS,Thorax_Mediastinum,1
Thorax_Mediastinum::Mediastinum::Immune::Immunodeficiency,Thorax_Mediastinum,1
Thorax_Mediastinum::Mediastinum::Inflammatory::Mediastinitis,Thorax_Mediastinum,1
Thorax_Mediastinum::Mediastinum::Neoplastic::Epithelial::Thymic_Carcinoma,Thorax_Mediastinum,1
Thorax_Mediastinum::Mediastinum::Neoplastic::Epithelial::Thymoma,Thorax_Mediastinum,1
Thorax_Mediastinum::Mediastinum::Neoplastic::Germ_Cell::Choriocarcinoma,Thorax_Mediastinum,1
Thorax_Mediastinum::Mediastinum::Neoplastic::Germ_Cell::Embryonal_Carcinoma,Thorax_Mediastinum,1
Thorax_Mediastinum::Mediastinum::Neoplastic::Germ_Cell::Germ_Cell_Tumor_With_Associated_Hematologic_Malignancy,Thorax_Mediastinum,1
Thorax_Mediastinum::Mediastinum::Neoplastic::Germ_Cell::Germ_Cell_Tumor_With_Somatic_Type_Malignancy,Thorax_Mediastinum,1
Thorax_Mediastinum::Mediastinum::Neoplastic::Germ_Cell::Mixed_Germ_Cell_Tumor,Thorax_Mediastinum,1
Thorax_Mediastinum::Mediastinum::Neoplastic::Germ_Cell::Seminoma,Thorax_Mediastinum,1
Thorax_Mediastinum::Mediastinum::Neoplastic::Germ_Cell::Teratoma,Thorax_Mediastinum,1
Thorax_Mediastinum::Mediastinum::Neoplastic::Germ_Cell::Yolk_Sac_Tumor,Thorax_Mediastinum,1
Thorax_Mediastinum::Mediastinum::Neoplastic::Hematolymphoid::Classic_Hodgkin_Lymphoma,Thorax_Mediastinum,1
Thorax_Mediastinum::Mediastinum::Neoplastic::Hematolymphoid::MALT_Lymphoma,Thorax_Mediastinum,1
Thorax_Mediastinum::Mediastinum::Neoplastic::Hematolymphoid::Mediastinal_Grey_Zone_Lymphoma,Thorax_Mediastinum,1
Thorax_Mediastinum::Mediastinum::Neoplastic::Hematolymphoid::T_Lymphoblastic_Leukemia_Lymphoma,Thorax_Mediastinum,1
Thorax_Mediastinum::Mediastinum::Neoplastic::Histiocytic_Dendritic::Follicular_Dendritic_Cell_Sarcoma,Thorax_Mediastinum,1
Thorax_Mediastinum::Mediastinum::Neoplastic::Myeloid::Myeloid_Sarcoma,Thorax_Mediastinum,1
Thorax_Mediastinum::Mediastinum::Neoplastic::Neural::Neurogenic_Tumor,Thorax_Mediastinum,1
Thorax_Mediastinum::Mediastinum::Neoplastic::Neuroendocrine::Neuroendocrine_Tumor,Thorax_Mediastinum,1
Thorax_Mediastinum::Mesenchymal::Adipocytic::Liposarcoma,Thorax_Mediastinum,1
Thorax_Mediastinum::Mesenchymal::Fibroblastic_Myofibroblastic::Calcifying_Fibrous_Tumor,Thorax_Mediastinum,1
Thorax_Mediastinum::Mesenchymal::Fibroblastic_Myofibroblastic::Desmoid_Fibromatosis,Thorax_Mediastinum,1
Thorax_Mediastinum::Mesenchymal::Fibroblastic_Myofibroblastic::Myxofibrosarcoma,Thorax_Mediastinum,1
Thorax_Mediastinum::Mesenchymal::Fibroblastic_Myofibroblastic::Solitary_Fibrous_Tumor,Thorax_Mediastinum,1
Thorax_Mediastinum::Mesenchymal::Neural::Granular_Cell_Tumor,Thorax_Mediastinum,1
Thorax_Mediastinum::Mesenchymal::Neural::Malignant_Peripheral_Nerve_Sheath_Tumor,Thorax_Mediastinum,1
Thorax_Mediastinum::Mesenchymal::Neural::Schwannoma,Thorax_Mediastinum,1
Thorax_Mediastinum::Mesenchymal::Neuroblastic::Peripheral_Neuroblastic_Tumor,Thorax_Mediastinum,1
Thorax_Mediastinum::Mesenchymal::Skeletal_Muscle::Rhabdomyosarcoma,Thorax_Mediastinum,1
Thorax_Mediastinum::Mesenchymal::Uncertain_Differentiation::Synovial_Sarcoma,Thorax_Mediastinum,1
Thorax_Mediastinum::Mesenchymal::Uncertain_Differentiation::Undifferentiated_Small_Round_Cell_Sarcoma,Thorax_Mediastinum,1
Thorax_Mediastinum::Mesenchymal::Vascular::Angiosarcoma,Thorax_Mediastinum,1
Thorax_Mediastinum::Mesenchymal::Vascular::Lymphangioma,Thorax_Mediastinum,1
Thorax_Mediastinum::Metastatic::Heart_Pericardium::Metastasis_To_Heart_and_Pericardium,Thorax_Mediastinum,1
Thorax_Mediastinum::Metastatic::Lung::Metastasis_To_Lung,Thorax_Mediastinum,1
Thorax_Mediastinum::Metastatic::Pleura::Metastasis_To_Pleura,Thorax_Mediastinum,1
Thorax_Mediastinum::Metastatic::Thymus_Mediastinal_Lymph_Nodes::Metastasis_To_Thymus_and_Mediastinal_Lymph_Nodes,Thorax_Mediastinum,1
Thorax_Mediastinum::Pleura::Neoplastic::Hematolymphoid::Diffuse_Large_B_Cell_Lymphoma_Associated_with_Chronic_Inflammation,Thorax_Mediastinum,1
Thorax_Mediastinum::Pleura::Neoplastic::Hematolymphoid::Primary_Effusion_Lymphoma,Thorax_Mediastinum,1
Thorax_Mediastinum::Pleura::Neoplastic::Mesenchymal::Solitary_Fibrous_Tumor,Thorax_Mediastinum,1
Thorax_Mediastinum::Pleura::Neoplastic::Mesothelial::Benign::Well_Differentiated_Papillary_Mesothelial_Tumor,Thorax_Mediastinum,1
Thorax_Mediastinum::Thorax::Neoplastic::Epithelial::SMARCA4_Deficient_Undifferentiated_Tumor,Thorax_Mediastinum,1
Thorax_Mediastinum::Thymus::Neoplastic::Epithelial::Carcinoma::Adenocarcinoma_NOS,Thorax_Mediastinum,1
Thorax_Mediastinum::Thymus::Neoplastic::Epithelial::Carcinoma::Adenoid_Cystic_Carcinoma_Like,Thorax_Mediastinum,1
Thorax_Mediastinum::Thymus::Neoplastic::Epithelial::Carcinoma::Adenosquamous_Carcinoma,Thorax_Mediastinum,1
Thorax_Mediastinum::Thymus::Neoplastic::Epithelial::Carcinoma::Basaloid_Carcinoma,Thorax_Mediastinum,1
Thorax_Mediastinum::Thymus::Neoplastic::Epithelial::Carcinoma::Carcinoma_NOS,Thorax_Mediastinum,1
Thorax_Mediastinum::Thymus::Neoplastic::Epithelial::Carcinoma::Clear_Cell_Carcinoma,Thorax_Mediastinum,1
Thorax_Mediastinum::Thymus::Neoplastic::Epithelial::Carcinoma::Enteric_Type_Adenocarcinoma,Thorax_Mediastinum,1
Thorax_Mediastinum::Thymus::Neoplastic::Epithelial::Carcinoma::Low_Grade_Papillary_Adenocarcinoma,Thorax_Mediastinum,1
Thorax_Mediastinum::Thymus::Neoplastic::Epithelial::Carcinoma::Lymphoepithelial_Carcinoma,Thorax_Mediastinum,1
Thorax_Mediastinum::Thymus::Neoplastic::Epithelial::Carcinoma::Sarcomatoid_Carcinoma,Thorax_Mediastinum,1
Thorax_Mediastinum::Thymus::Neoplastic::Epithelial::Carcinoma::Undifferentiated_Carcinoma,Thorax_Mediastinum,1
Thorax_Mediastinum::Thymus::Neoplastic::Epithelial::Thymoma::Lipofibroadenoma,Thorax_Mediastinum,1
Thorax_Mediastinum::Thymus::Neoplastic::Epithelial::Thymoma::Metaplastic,Thorax_Mediastinum,1
Thorax_Mediastinum::Thymus::Neoplastic::Epithelial::Thymoma::Micronodular_With_Lymphoid_Stroma,Thorax_Mediastinum,1
Thorax_Mediastinum::Thymus::Neoplastic::Epithelial::Thymoma::Type_A,Thorax_Mediastinum,1
Thorax_Mediastinum::Thymus::Neoplastic::Epithelial::Thymoma::Type_AB,Thorax_Mediastinum,1
Thorax_Mediastinum::Thymus::Neoplastic::Epithelial::Thymoma::Type_A_Atypical,Thorax_Mediastinum,1
Thorax_Mediastinum::Thymus::Neoplastic::Epithelial::Thymoma::Type_B1,Thorax_Mediastinum,1
Thorax_Mediastinum::Thymus::Neoplastic::Epithelial::Thymoma::Type_B2,Thorax_Mediastinum,1
Thorax_Mediastinum::Thymus::Neoplastic::Epithelial::Thymoma::Type_B3,Thorax_Mediastinum,1
