source,record_id,tag,pattern,title,path
lectures,lecture::gcs_gs_pathology_hub_02_normalized_lectures_lecture_chunks::000000000_000000000_000001,Cyto_Thyroid::Lectures::ASC_Cyto_Thyroid_Rossi::Benign_Cystic_Neck_Mass_Case_01,::Lectures::,Benign Cystic Neck Mass (Case 01),data/curriculum_map_readiness_v0/lecture_timecoded_vector_docstore_STRICT_CYTO_v9.sample5000.jsonl
lectures,lecture::gcs_gs_pathology_hub_02_normalized_lectures_lecture_chunks::000000000_000000000_000002,Cyto_Thyroid::Lectures::ASC_Cyto_Thyroid_Rossi::Video_Conference_Screen,::Lectures::,Benign Cystic Neck Mass (Case 01),data/curriculum_map_readiness_v0/lecture_timecoded_vector_docstore_STRICT_CYTO_v9.sample5000.jsonl
lectures,lecture::gcs_gs_pathology_hub_02_normalized_lectures_lecture_chunks::000000000_000000000_000003,Cyto_Thyroid::Lectures::ASC_Cyto_Thyroid_Rossi::NIS_Elements_F_Current_user_zmaleki1_Live_Fast,::Lectures::,Benign Cystic Neck Mass (Case 01),data/curriculum_map_readiness_v0/lecture_timecoded_vector_docstore_STRICT_CYTO_v9.sample5000.jsonl
lectures,lecture::gcs_gs_pathology_hub_02_normalized_lectures_lecture_chunks::000000000_000000000_000004,Cyto_Thyroid::Lectures::ASC_Cyto_Thyroid_Rossi::NIS_Elements_F_Current_user_zmaleki1_Live_Fast,::Lectures::,Benign Cystic Neck Mass (Case 01),data/curriculum_map_readiness_v0/lecture_timecoded_vector_docstore_STRICT_CYTO_v9.sample5000.jsonl
lectures,lecture::gcs_gs_pathology_hub_02_normalized_lectures_lecture_chunks::000000000_000000000_000005,Cyto_Thyroid::Lectures::ASC_Cyto_Thyroid_Rossi::NIS_Elements_F_Current_user_zmaleki1_Live_Fast,::Lectures::,Benign Cystic Neck Mass (Case 01),data/curriculum_map_readiness_v0/lecture_timecoded_vector_docstore_STRICT_CYTO_v9.sample5000.jsonl
lectures,lecture::gcs_gs_pathology_hub_02_normalized_lectures_lecture_chunks::000000000_000000000_000006,Cyto_Thyroid::Lectures::ASC_Cyto_Thyroid_Rossi::NIS_Elements_F_Current_user_zmaleki1_Live_Fast,::Lectures::,Benign Cystic Neck Mass (Case 01),data/curriculum_map_readiness_v0/lecture_timecoded_vector_docstore_STRICT_CYTO_v9.sample5000.jsonl
lectures,lecture::gcs_gs_pathology_hub_02_normalized_lectures_lecture_chunks::000000000_000000000_000007,Cyto_Thyroid::Lectures::ASC_Cyto_Thyroid_Rossi::Site_of_Pathology_and_the_Paris_System_for_Reporting_Urinary_Cytopathology,::Lectures::,Benign Cystic Neck Mass (Case 01),data/curriculum_map_readiness_v0/lecture_timecoded_vector_docstore_STRICT_CYTO_v9.sample5000.jsonl
lectures,lecture::gcs_gs_pathology_hub_02_normalized_lectures_lecture_chunks::000000000_000000000_000008,Cyto_Thyroid::Lectures::ASC_Cyto_Thyroid_Rossi::NIS_Elements_F_Current_user_zmaleki1_Live_Fast,::Lectures::,Benign Cystic Neck Mass (Case 01),data/curriculum_map_readiness_v0/lecture_timecoded_vector_docstore_STRICT_CYTO_v9.sample5000.jsonl
lectures,lecture::gcs_gs_pathology_hub_02_normalized_lectures_lecture_chunks::000000000_000000000_000009,Cyto_Thyroid::Lectures::ASC_Cyto_Thyroid_Rossi::NIS_Elements_F_Current_user_zmaleki1_Live_Fast,::Lectures::,Benign Cystic Neck Mass (Case 01),data/curriculum_map_readiness_v0/lecture_timecoded_vector_docstore_STRICT_CYTO_v9.sample5000.jsonl
lectures,lecture::gcs_gs_pathology_hub_02_normalized_lectures_lecture_chunks::000000000_000000000_000010,Cyto_Thyroid::Lectures::ASC_Cyto_Thyroid_Rossi::NIS_Elements_F_Current_user_zmaleki1_Live_Fast,::Lectures::,Benign Cystic Neck Mass (Case 01),data/curriculum_map_readiness_v0/lecture_timecoded_vector_docstore_STRICT_CYTO_v9.sample5000.jsonl
lectures,lecture::gcs_gs_pathology_hub_02_normalized_lectures_lecture_chunks::000000000_000000000_000011,Cyto_Thyroid::Lectures::ASC_Cyto_Thyroid_Rossi::NIS_Elements_F_Current_user_zmaleki1_Live_Fast,::Lectures::,Benign Cystic Neck Mass (Case 01),data/curriculum_map_readiness_v0/lecture_timecoded_vector_docstore_STRICT_CYTO_v9.sample5000.jsonl
lectures,lecture::gcs_gs_pathology_hub_02_normalized_lectures_lecture_chunks::000000000_000000000_000012,Cyto_Thyroid::Lectures::ASC_Cyto_Thyroid_Rossi::NIS_Elements_F_Current_user_zmaleki1_Live_Fast,::Lectures::,Benign Cystic Neck Mass (Case 01),data/curriculum_map_readiness_v0/lecture_timecoded_vector_docstore_STRICT_CYTO_v9.sample5000.jsonl
lectures,lecture::gcs_gs_pathology_hub_02_normalized_lectures_lecture_chunks::000000000_000000000_000013,Cyto_Thyroid::Lectures::ASC_Cyto_Thyroid_Rossi::NIS_Elements_F_Current_user_zmaleki1_Live_Fast,::Lectures::,Benign Cystic Neck Mass (Case 01),data/curriculum_map_readiness_v0/lecture_timecoded_vector_docstore_STRICT_CYTO_v9.sample5000.jsonl
lectures,lecture::gcs_gs_pathology_hub_02_normalized_lectures_lecture_chunks::000000000_000000000_000014,Cyto_Thyroid::Lectures::ASC_Cyto_Thyroid_Rossi::NIS_Elements_F_Current_user_zmaleki1_Live_Fast,::Lectures::,Benign Cystic Neck Mass (Case 01),data/curriculum_map_readiness_v0/lecture_timecoded_vector_docstore_STRICT_CYTO_v9.sample5000.jsonl
lectures,lecture::gcs_gs_pathology_hub_02_normalized_lectures_lecture_chunks::000000000_000000000_000015,Cyto_Thyroid::Lectures::ASC_Cyto_Thyroid_Rossi::NIS_Elements_F_Current_user_zmaleki1,::Lectures::,Benign Cystic Neck Mass (Case 01),data/curriculum_map_readiness_v0/lecture_timecoded_vector_docstore_STRICT_CYTO_v9.sample5000.jsonl
lectures,lecture::gcs_gs_pathology_hub_02_normalized_lectures_lecture_chunks::000000000_000000000_000016,Cyto_Thyroid::Lectures::ASC_Cyto_Thyroid_Rossi::NIS_Elements_F_Current_user_zmaleki1,::Lectures::,Benign Cystic Neck Mass (Case 01),data/curriculum_map_readiness_v0/lecture_timecoded_vector_docstore_STRICT_CYTO_v9.sample5000.jsonl
lectures,lecture::gcs_gs_pathology_hub_02_normalized_lectures_lecture_chunks::000000000_000000000_000017,Cyto_Thyroid::Lectures::ASC_Cyto_Thyroid_Rossi::Benign_Cystic_Neck_Mass_Case_01,::Lectures::,Benign Cystic Neck Mass (Case 01),data/curriculum_map_readiness_v0/lecture_timecoded_vector_docstore_STRICT_CYTO_v9.sample5000.jsonl
lectures,lecture::gcs_gs_pathology_hub_02_normalized_lectures_lecture_chunks::000000000_000000000_000018,Cyto_Thyroid::Lectures::ASC_Cyto_Thyroid_Rossi::NIS_Elements_F_Current_user_zmaleki1_Live_Fast,::Lectures::,Benign Cystic Neck Mass (Case 01),data/curriculum_map_readiness_v0/lecture_timecoded_vector_docstore_STRICT_CYTO_v9.sample5000.jsonl
lectures,lecture::gcs_gs_pathology_hub_02_normalized_lectures_lecture_chunks::000000000_000000000_000019,Cyto_Thyroid::Lectures::ASC_Cyto_Thyroid_Rossi::NIS_Elements_F_Current_user_zmaleki1_Live_Fast,::Lectures::,Benign Cystic Neck Mass (Case 01),data/curriculum_map_readiness_v0/lecture_timecoded_vector_docstore_STRICT_CYTO_v9.sample5000.jsonl
lectures,lecture::gcs_gs_pathology_hub_02_normalized_lectures_lecture_chunks::000000000_000000000_000023,BST::Lectures::BST_Lecture_1_Grossing::Session_Commencement,::Lectures::,Benign Cystic Neck Mass (Case 01),data/curriculum_map_readiness_v0/lecture_timecoded_vector_docstore_STRICT_CYTO_v9.sample5000.jsonl
lectures,lecture::gcs_gs_pathology_hub_02_normalized_lectures_lecture_chunks::000000000_000000000_000024,BST::Lectures::BST_Lecture_1_Grossing::Grossing_Bone_and_Soft_Tissue_Specimens_Outline,::Lectures::,Benign Cystic Neck Mass (Case 01),data/curriculum_map_readiness_v0/lecture_timecoded_vector_docstore_STRICT_CYTO_v9.sample5000.jsonl
lectures,lecture::gcs_gs_pathology_hub_02_normalized_lectures_lecture_chunks::000000000_000000000_000025,BST::Lectures::BST_Lecture_1_Grossing::Effective_Grossing_Practices,::Lectures::,Benign Cystic Neck Mass (Case 01),data/curriculum_map_readiness_v0/lecture_timecoded_vector_docstore_STRICT_CYTO_v9.sample5000.jsonl
lectures,lecture::gcs_gs_pathology_hub_02_normalized_lectures_lecture_chunks::000000000_000000000_000026,BST::Lectures::BST_Lecture_1_Grossing::Special_Processing_Methods,::Lectures::,Benign Cystic Neck Mass (Case 01),data/curriculum_map_readiness_v0/lecture_timecoded_vector_docstore_STRICT_CYTO_v9.sample5000.jsonl
lectures,lecture::gcs_gs_pathology_hub_02_normalized_lectures_lecture_chunks::000000000_000000000_000027,BST::Lectures::BST_Lecture_1_Grossing::Karyotyping_for_Soft_Tissue_and_Bone_Tumors_Current_Indications,::Lectures::,Benign Cystic Neck Mass (Case 01),data/curriculum_map_readiness_v0/lecture_timecoded_vector_docstore_STRICT_CYTO_v9.sample5000.jsonl
lectures,lecture::gcs_gs_pathology_hub_02_normalized_lectures_lecture_chunks::000000000_000000000_000028,BST::Lectures::BST_Lecture_1_Grossing::Karyotype_Chromosome_Analysis_Processing,::Lectures::,Benign Cystic Neck Mass (Case 01),data/curriculum_map_readiness_v0/lecture_timecoded_vector_docstore_STRICT_CYTO_v9.sample5000.jsonl
lectures,lecture::gcs_gs_pathology_hub_02_normalized_lectures_lecture_chunks::000000000_000000000_000029,BST::Lectures::BST_Lecture_1_Grossing::Flow_Cytometry_Special_Processing_and_Requirements,::Lectures::,Benign Cystic Neck Mass (Case 01),data/curriculum_map_readiness_v0/lecture_timecoded_vector_docstore_STRICT_CYTO_v9.sample5000.jsonl
lectures,lecture::gcs_gs_pathology_hub_02_normalized_lectures_lecture_chunks::000000000_000000000_000030,BST::Lectures::BST_Lecture_1_Grossing::Flow_Cytometry_Special_Processing,::Lectures::,Benign Cystic Neck Mass (Case 01),data/curriculum_map_readiness_v0/lecture_timecoded_vector_docstore_STRICT_CYTO_v9.sample5000.jsonl
lectures,lecture::gcs_gs_pathology_hub_02_normalized_lectures_lecture_chunks::000000000_000000000_000031,BST::Lectures::BST_Lecture_1_Grossing::Special_Processing_RNA_Tests_RT_PCR,::Lectures::,Benign Cystic Neck Mass (Case 01),data/curriculum_map_readiness_v0/lecture_timecoded_vector_docstore_STRICT_CYTO_v9.sample5000.jsonl
lectures,lecture::gcs_gs_pathology_hub_02_normalized_lectures_lecture_chunks::000000000_000000000_000032,BST::Lectures::BST_Lecture_1_Grossing::Special_Processing_for_DNA_Based_Tests_FISH_PCR_NGS_Methylation,::Lectures::,Benign Cystic Neck Mass (Case 01),data/curriculum_map_readiness_v0/lecture_timecoded_vector_docstore_STRICT_CYTO_v9.sample5000.jsonl
lectures,lecture::gcs_gs_pathology_hub_02_normalized_lectures_lecture_chunks::000000000_000000000_000033,BST::Lectures::BST_Lecture_1_Grossing::Soft_Tissue_Specimen_Types,::Lectures::,Benign Cystic Neck Mass (Case 01),data/curriculum_map_readiness_v0/lecture_timecoded_vector_docstore_STRICT_CYTO_v9.sample5000.jsonl
lectures,lecture::gcs_gs_pathology_hub_02_normalized_lectures_lecture_chunks::000000000_000000000_000034,BST::Lectures::BST_Lecture_1_Grossing::Special_Processing_for_DNA_Based_Tests_FISH_PCR_NGS_Methylation,::Lectures::,Benign Cystic Neck Mass (Case 01),data/curriculum_map_readiness_v0/lecture_timecoded_vector_docstore_STRICT_CYTO_v9.sample5000.jsonl
lectures,lecture::gcs_gs_pathology_hub_02_normalized_lectures_lecture_chunks::000000000_000000000_000035,BST::Lectures::BST_Lecture_1_Grossing::Karyotype_Special_Processing,::Lectures::,Benign Cystic Neck Mass (Case 01),data/curriculum_map_readiness_v0/lecture_timecoded_vector_docstore_STRICT_CYTO_v9.sample5000.jsonl
lectures,lecture::gcs_gs_pathology_hub_02_normalized_lectures_lecture_chunks::000000000_000000000_000036,BST::Lectures::BST_Lecture_1_Grossing::Karyotyping_for_Soft_Tissue_and_Bone_Tumors,::Lectures::,Benign Cystic Neck Mass (Case 01),data/curriculum_map_readiness_v0/lecture_timecoded_vector_docstore_STRICT_CYTO_v9.sample5000.jsonl
lectures,lecture::gcs_gs_pathology_hub_02_normalized_lectures_lecture_chunks::000000000_000000000_000037,BST::Lectures::BST_Lecture_1_Grossing::Flow_Cytometry_Special_Processing_and_Considerations,::Lectures::,Benign Cystic Neck Mass (Case 01),data/curriculum_map_readiness_v0/lecture_timecoded_vector_docstore_STRICT_CYTO_v9.sample5000.jsonl
lectures,lecture::gcs_gs_pathology_hub_02_normalized_lectures_lecture_chunks::000000000_000000000_000038,BST::Lectures::BST_Lecture_1_Grossing::Special_Processing_Flow_Cytometry,::Lectures::,Benign Cystic Neck Mass (Case 01),data/curriculum_map_readiness_v0/lecture_timecoded_vector_docstore_STRICT_CYTO_v9.sample5000.jsonl
lectures,lecture::gcs_gs_pathology_hub_02_normalized_lectures_lecture_chunks::000000000_000000000_000039,BST::Lectures::BST_Lecture_1_Grossing::Special_Processing_for_RNA_Tests_RT_PCR,::Lectures::,Benign Cystic Neck Mass (Case 01),data/curriculum_map_readiness_v0/lecture_timecoded_vector_docstore_STRICT_CYTO_v9.sample5000.jsonl
lectures,lecture::gcs_gs_pathology_hub_02_normalized_lectures_lecture_chunks::000000000_000000000_000040,BST::Lectures::BST_Lecture_1_Grossing::Soft_Tissue_Specimen_Types,::Lectures::,Benign Cystic Neck Mass (Case 01),data/curriculum_map_readiness_v0/lecture_timecoded_vector_docstore_STRICT_CYTO_v9.sample5000.jsonl
lectures,lecture::gcs_gs_pathology_hub_02_normalized_lectures_lecture_chunks::000000000_000000000_000041,BST::Lectures::BST_Lecture_1_Grossing::Core_and_Incisional_Biopsy_Procedures,::Lectures::,Benign Cystic Neck Mass (Case 01),data/curriculum_map_readiness_v0/lecture_timecoded_vector_docstore_STRICT_CYTO_v9.sample5000.jsonl
lectures,lecture::gcs_gs_pathology_hub_02_normalized_lectures_lecture_chunks::000000000_000000000_000042,BST::Lectures::BST_Lecture_1_Grossing::Grossing_Core_and_Incisional_Biopsies,::Lectures::,Benign Cystic Neck Mass (Case 01),data/curriculum_map_readiness_v0/lecture_timecoded_vector_docstore_STRICT_CYTO_v9.sample5000.jsonl
lectures,lecture::gcs_gs_pathology_hub_02_normalized_lectures_lecture_chunks::000000000_000000000_000043,BST::Lectures::BST_Lecture_1_Grossing::Marginal_vs_Wide_Excision,::Lectures::,Benign Cystic Neck Mass (Case 01),data/curriculum_map_readiness_v0/lecture_timecoded_vector_docstore_STRICT_CYTO_v9.sample5000.jsonl
lectures,lecture::gcs_gs_pathology_hub_02_normalized_lectures_lecture_chunks::000000000_000000000_000044,BST::Lectures::BST_Lecture_1_Grossing::Specimen_Processing_Marginal_or_Wide_Excision,::Lectures::,Benign Cystic Neck Mass (Case 01),data/curriculum_map_readiness_v0/lecture_timecoded_vector_docstore_STRICT_CYTO_v9.sample5000.jsonl
lectures,lecture::gcs_gs_pathology_hub_02_normalized_lectures_lecture_chunks::000000000_000000000_000045,BST::Lectures::BST_Lecture_1_Grossing::Inking_and_Sectioning_of_Unoriented_Tissue_Specimens,::Lectures::,Benign Cystic Neck Mass (Case 01),data/curriculum_map_readiness_v0/lecture_timecoded_vector_docstore_STRICT_CYTO_v9.sample5000.jsonl
lectures,lecture::gcs_gs_pathology_hub_02_normalized_lectures_lecture_chunks::000000000_000000000_000046,BST::Lectures::BST_Lecture_1_Grossing::Specimen_Orientation_for_Inking_and_Sectioning,::Lectures::,Benign Cystic Neck Mass (Case 01),data/curriculum_map_readiness_v0/lecture_timecoded_vector_docstore_STRICT_CYTO_v9.sample5000.jsonl
lectures,lecture::gcs_gs_pathology_hub_02_normalized_lectures_lecture_chunks::000000000_000000000_000047,BST::Lectures::BST_Lecture_1_Grossing::Inking_and_Sectioning_Colors_for_Superior_and_Inferior_Identification,::Lectures::,Benign Cystic Neck Mass (Case 01),data/curriculum_map_readiness_v0/lecture_timecoded_vector_docstore_STRICT_CYTO_v9.sample5000.jsonl
lectures,lecture::gcs_gs_pathology_hub_02_normalized_lectures_lecture_chunks::000000000_000000000_000048,BST::Lectures::BST_Lecture_1_Grossing::Inking_and_Sectioning_Colors_Posterior_Surface,::Lectures::,Benign Cystic Neck Mass (Case 01),data/curriculum_map_readiness_v0/lecture_timecoded_vector_docstore_STRICT_CYTO_v9.sample5000.jsonl
lectures,lecture::gcs_gs_pathology_hub_02_normalized_lectures_lecture_chunks::000000000_000000000_000049,BST::Lectures::BST_Lecture_1_Grossing::Oriented_Inking_and_Perpendicular_Sectioning,::Lectures::,Benign Cystic Neck Mass (Case 01),data/curriculum_map_readiness_v0/lecture_timecoded_vector_docstore_STRICT_CYTO_v9.sample5000.jsonl
lectures,lecture::gcs_gs_pathology_hub_02_normalized_lectures_lecture_chunks::000000000_000000000_000050,BST::Lectures::BST_Lecture_1_Grossing::Oriented_Specimen_Inking_and_Sectioning,::Lectures::,Benign Cystic Neck Mass (Case 01),data/curriculum_map_readiness_v0/lecture_timecoded_vector_docstore_STRICT_CYTO_v9.sample5000.jsonl
lectures,lecture::gcs_gs_pathology_hub_02_normalized_lectures_lecture_chunks::000000000_000000000_000051,BST::Lectures::BST_Lecture_1_Grossing::Tumor_Sampling_Quantity_and_Specific_Areas_for_Sectioning,::Lectures::,Benign Cystic Neck Mass (Case 01),data/curriculum_map_readiness_v0/lecture_timecoded_vector_docstore_STRICT_CYTO_v9.sample5000.jsonl
lectures,lecture::gcs_gs_pathology_hub_02_normalized_lectures_lecture_chunks::000000000_000000000_000052,BST::Lectures::BST_Lecture_1_Grossing::Soft_Tissue_Margins_Selection_and_Submission_Guidelines,::Lectures::,Benign Cystic Neck Mass (Case 01),data/curriculum_map_readiness_v0/lecture_timecoded_vector_docstore_STRICT_CYTO_v9.sample5000.jsonl
lectures,lecture::gcs_gs_pathology_hub_02_normalized_lectures_lecture_chunks::000000000_000000000_000053,BST::Lectures::BST_Lecture_1_Grossing::Unoriented_Thigh_Mass_Gross_Examination_and_Margin_Analysis,::Lectures::,Benign Cystic Neck Mass (Case 01),data/curriculum_map_readiness_v0/lecture_timecoded_vector_docstore_STRICT_CYTO_v9.sample5000.jsonl
lectures,lecture::gcs_gs_pathology_hub_02_normalized_lectures_lecture_chunks::000000000_000000000_000054,BST::Lectures::BST_Lecture_1_Grossing::Large_Unoriented_Retroperitoneal_Mass_with_Kidney,::Lectures::,Benign Cystic Neck Mass (Case 01),data/curriculum_map_readiness_v0/lecture_timecoded_vector_docstore_STRICT_CYTO_v9.sample5000.jsonl
lectures,lecture::gcs_gs_pathology_hub_02_normalized_lectures_lecture_chunks::000000000_000000000_000055,BST::Lectures::BST_Lecture_1_Grossing::Pathological_Examination_of_Bone_Specimens,::Lectures::,Benign Cystic Neck Mass (Case 01),data/curriculum_map_readiness_v0/lecture_timecoded_vector_docstore_STRICT_CYTO_v9.sample5000.jsonl
lectures,lecture::gcs_gs_pathology_hub_02_normalized_lectures_lecture_chunks::000000000_000000000_000056,BST::Lectures::BST_Lecture_1_Grossing::Decalcification,::Lectures::,Benign Cystic Neck Mass (Case 01),data/curriculum_map_readiness_v0/lecture_timecoded_vector_docstore_STRICT_CYTO_v9.sample5000.jsonl
lectures,lecture::gcs_gs_pathology_hub_02_normalized_lectures_lecture_chunks::000000000_000000000_000057,BST::Lectures::BST_Lecture_1_Grossing::Decalcification_Process_Steps,::Lectures::,Benign Cystic Neck Mass (Case 01),data/curriculum_map_readiness_v0/lecture_timecoded_vector_docstore_STRICT_CYTO_v9.sample5000.jsonl
lectures,lecture::gcs_gs_pathology_hub_02_normalized_lectures_lecture_chunks::000000000_000000000_000058,BST::Lectures::BST_Lecture_1_Grossing::Approaches_to_Bone_Specimen_Analysis,::Lectures::,Benign Cystic Neck Mass (Case 01),data/curriculum_map_readiness_v0/lecture_timecoded_vector_docstore_STRICT_CYTO_v9.sample5000.jsonl
lectures,lecture::gcs_gs_pathology_hub_02_normalized_lectures_lecture_chunks::000000000_000000000_000061,BST::Lectures::BST_Lecture_1_Grossing::Bone_Pathology_Specimen_Types_for_Diagnosis_and_Therapy,::Lectures::,Benign Cystic Neck Mass (Case 01),data/curriculum_map_readiness_v0/lecture_timecoded_vector_docstore_STRICT_CYTO_v9.sample5000.jsonl
lectures,lecture::gcs_gs_pathology_hub_02_normalized_lectures_lecture_chunks::000000000_000000000_000062,BST::Lectures::BST_Lecture_1_Grossing::Evaluating_Primary_Bone_Pathology_Specimens,::Lectures::,Benign Cystic Neck Mass (Case 01),data/curriculum_map_readiness_v0/lecture_timecoded_vector_docstore_STRICT_CYTO_v9.sample5000.jsonl
lectures,lecture::gcs_gs_pathology_hub_02_normalized_lectures_lecture_chunks::000000000_000000000_000063,BST::Lectures::BST_Lecture_1_Grossing::Biopsy_and_Curettage_Procedures,::Lectures::,Benign Cystic Neck Mass (Case 01),data/curriculum_map_readiness_v0/lecture_timecoded_vector_docstore_STRICT_CYTO_v9.sample5000.jsonl
lectures,lecture::gcs_gs_pathology_hub_02_normalized_lectures_lecture_chunks::000000000_000000000_000064,BST::Lectures::BST_Lecture_1_Grossing::Processing_Biopsy_and_Curettage_Samples_with_Calcification,::Lectures::,Benign Cystic Neck Mass (Case 01),data/curriculum_map_readiness_v0/lecture_timecoded_vector_docstore_STRICT_CYTO_v9.sample5000.jsonl
lectures,lecture::gcs_gs_pathology_hub_02_normalized_lectures_lecture_chunks::000000000_000000000_000066,BST::Lectures::BST_Lecture_1_Grossing::Biopsy_and_Curettage_Procedures,::Lectures::,Benign Cystic Neck Mass (Case 01),data/curriculum_map_readiness_v0/lecture_timecoded_vector_docstore_STRICT_CYTO_v9.sample5000.jsonl
lectures,lecture::gcs_gs_pathology_hub_02_normalized_lectures_lecture_chunks::000000000_000000000_000067,BST::Lectures::BST_Lecture_1_Grossing::Diagnosis_Dependent_Management_of_Large_Bone_Specimens_Wide_Excision_Limb_Sparin,::Lectures::,Benign Cystic Neck Mass (Case 01),data/curriculum_map_readiness_v0/lecture_timecoded_vector_docstore_STRICT_CYTO_v9.sample5000.jsonl
lectures,lecture::gcs_gs_pathology_hub_02_normalized_lectures_lecture_chunks::000000000_000000000_000068,BST::Lectures::BST_Lecture_1_Grossing::Wide_Excision_and_Limb_Sparing_Procedures,::Lectures::,Benign Cystic Neck Mass (Case 01),data/curriculum_map_readiness_v0/lecture_timecoded_vector_docstore_STRICT_CYTO_v9.sample5000.jsonl
lectures,lecture::gcs_gs_pathology_hub_02_normalized_lectures_lecture_chunks::000000000_000000000_000069,BST::Lectures::BST_Lecture_1_Grossing::Processing_and_Sampling_Wide_Excision_Limb_Sparing_Bone_Specimens,::Lectures::,Benign Cystic Neck Mass (Case 01),data/curriculum_map_readiness_v0/lecture_timecoded_vector_docstore_STRICT_CYTO_v9.sample5000.jsonl
lectures,lecture::gcs_gs_pathology_hub_02_normalized_lectures_lecture_chunks::000000000_000000000_000070,BST::Lectures::BST_Lecture_1_Grossing::Sampling_Soft_Tissue_Margins_Avoiding_Excess,::Lectures::,Benign Cystic Neck Mass (Case 01),data/curriculum_map_readiness_v0/lecture_timecoded_vector_docstore_STRICT_CYTO_v9.sample5000.jsonl
lectures,lecture::gcs_gs_pathology_hub_02_normalized_lectures_lecture_chunks::000000000_000000000_000071,BST::Lectures::BST_Lecture_1_Grossing::Medical_Saws,::Lectures::,Benign Cystic Neck Mass (Case 01),data/curriculum_map_readiness_v0/lecture_timecoded_vector_docstore_STRICT_CYTO_v9.sample5000.jsonl
lectures,lecture::gcs_gs_pathology_hub_02_normalized_lectures_lecture_chunks::000000000_000000000_000072,BST::Lectures::BST_Lecture_1_Grossing::Ink_and_Sampling_Soft_Tissue_Margins,::Lectures::,Benign Cystic Neck Mass (Case 01),data/curriculum_map_readiness_v0/lecture_timecoded_vector_docstore_STRICT_CYTO_v9.sample5000.jsonl
lectures,lecture::gcs_gs_pathology_hub_02_normalized_lectures_lecture_chunks::000000000_000000000_000073,BST::Lectures::BST_Lecture_1_Grossing::Medical_Saws_for_Bone,::Lectures::,Benign Cystic Neck Mass (Case 01),data/curriculum_map_readiness_v0/lecture_timecoded_vector_docstore_STRICT_CYTO_v9.sample5000.jsonl
lectures,lecture::gcs_gs_pathology_hub_02_normalized_lectures_lecture_chunks::000000000_000000000_000074,BST::Lectures::BST_Lecture_1_Grossing::Fixation_and_Decalcification_of_Bone_Specimens,::Lectures::,Benign Cystic Neck Mass (Case 01),data/curriculum_map_readiness_v0/lecture_timecoded_vector_docstore_STRICT_CYTO_v9.sample5000.jsonl
lectures,lecture::gcs_gs_pathology_hub_02_normalized_lectures_lecture_chunks::000000000_000000000_000077,BST::Lectures::BST_Lecture_1_Grossing::General_Tissue_Sampling_Guidelines,::Lectures::,Benign Cystic Neck Mass (Case 01),data/curriculum_map_readiness_v0/lecture_timecoded_vector_docstore_STRICT_CYTO_v9.sample5000.jsonl
lectures,lecture::gcs_gs_pathology_hub_02_normalized_lectures_lecture_chunks::000000000_000000000_000079,BST::Lectures::BST_Lecture_1_Grossing::Processing_Amputation_Specimens,::Lectures::,Benign Cystic Neck Mass (Case 01),data/curriculum_map_readiness_v0/lecture_timecoded_vector_docstore_STRICT_CYTO_v9.sample5000.jsonl
lectures,lecture::gcs_gs_pathology_hub_02_normalized_lectures_lecture_chunks::000000000_000000000_000080,BST::Lectures::BST_Lecture_1_Grossing::Amputation_for_Recurrent_Soft_Tissue_Tumor_with_No_Bone_Involvement,::Lectures::,Benign Cystic Neck Mass (Case 01),data/curriculum_map_readiness_v0/lecture_timecoded_vector_docstore_STRICT_CYTO_v9.sample5000.jsonl
lectures,lecture::gcs_gs_pathology_hub_02_normalized_lectures_lecture_chunks::000000000_000000000_000081,BST::Lectures::BST_Lecture_1_Grossing::Gross_Examination_and_Dissection_of_Amputation_Specimen_with_Soft_Tissue_Tumor,::Lectures::,Benign Cystic Neck Mass (Case 01),data/curriculum_map_readiness_v0/lecture_timecoded_vector_docstore_STRICT_CYTO_v9.sample5000.jsonl
lectures,lecture::gcs_gs_pathology_hub_02_normalized_lectures_lecture_chunks::000000000_000000000_000082,BST::Lectures::BST_Lecture_1_Grossing::Amputation_for_Soft_Tissue_Tumor,::Lectures::,Benign Cystic Neck Mass (Case 01),data/curriculum_map_readiness_v0/lecture_timecoded_vector_docstore_STRICT_CYTO_v9.sample5000.jsonl
lectures,lecture::gcs_gs_pathology_hub_02_normalized_lectures_lecture_chunks::000000000_000000000_000083,BST::Lectures::BST_Lecture_1_Grossing::Above_Knee_Amputation_for_Soft_Tissue_Tumor_Gross_Assessment,::Lectures::,Benign Cystic Neck Mass (Case 01),data/curriculum_map_readiness_v0/lecture_timecoded_vector_docstore_STRICT_CYTO_v9.sample5000.jsonl
lectures,lecture::gcs_gs_pathology_hub_02_normalized_lectures_lecture_chunks::000000000_000000000_000084,BST::Lectures::BST_Lecture_1_Grossing::Amputation_for_Bone_Tumor_Gross_Pathology_of_a_Femoral_Specimen,::Lectures::,Benign Cystic Neck Mass (Case 01),data/curriculum_map_readiness_v0/lecture_timecoded_vector_docstore_STRICT_CYTO_v9.sample5000.jsonl
lectures,lecture::gcs_gs_pathology_hub_02_normalized_lectures_lecture_chunks::000000000_000000000_000085,BST::Lectures::BST_Lecture_1_Grossing::Alternative_Specimen_Processing_Freezing_Entire_Specimen_at_80_C_for_PA_Sawing_a,::Lectures::,Benign Cystic Neck Mass (Case 01),data/curriculum_map_readiness_v0/lecture_timecoded_vector_docstore_STRICT_CYTO_v9.sample5000.jsonl
lectures,lecture::gcs_gs_pathology_hub_02_normalized_lectures_lecture_chunks::000000000_000000000_000086,BST::Lectures::BST_Lecture_1_Grossing::Q_and_A_Bony_Margin_Assessment,::Lectures::,Benign Cystic Neck Mass (Case 01),data/curriculum_map_readiness_v0/lecture_timecoded_vector_docstore_STRICT_CYTO_v9.sample5000.jsonl
lectures,lecture::gcs_gs_pathology_hub_02_normalized_lectures_lecture_chunks::000000000_000000000_000087,BST::Lectures::BST_Lecture_1_Grossing::Accessing_Epic_Hyperspace_for_UCSF_Production,::Lectures::,Benign Cystic Neck Mass (Case 01),data/curriculum_map_readiness_v0/lecture_timecoded_vector_docstore_STRICT_CYTO_v9.sample5000.jsonl
lectures,lecture::gcs_gs_pathology_hub_02_normalized_lectures_lecture_chunks::000000000_000000000_000088,BST::Lectures::BST_Lecture_2_SoftTissue1::Principles_of_Therapy_for_Diagnosing_Soft_Tissue_Tumors,::Lectures::,Benign Cystic Neck Mass (Case 01),data/curriculum_map_readiness_v0/lecture_timecoded_vector_docstore_STRICT_CYTO_v9.sample5000.jsonl
lectures,lecture::gcs_gs_pathology_hub_02_normalized_lectures_lecture_chunks::000000000_000000000_000089,BST::Lectures::BST_Lecture_2_SoftTissue1::Genetics_of_Sarcoma_Identified_Genetic_Events,::Lectures::,Benign Cystic Neck Mass (Case 01),data/curriculum_map_readiness_v0/lecture_timecoded_vector_docstore_STRICT_CYTO_v9.sample5000.jsonl
lectures,lecture::gcs_gs_pathology_hub_02_normalized_lectures_lecture_chunks::000000000_000000000_000090,BST::Lectures::BST_Lecture_2_SoftTissue1::Approaches_to_Sarcoma_Classification_Histotype_and_Grade,::Lectures::,Benign Cystic Neck Mass (Case 01),data/curriculum_map_readiness_v0/lecture_timecoded_vector_docstore_STRICT_CYTO_v9.sample5000.jsonl
lectures,lecture::gcs_gs_pathology_hub_02_normalized_lectures_lecture_chunks::000000000_000000000_000091,BST::Lectures::BST_Lecture_2_SoftTissue1::Pathologic_Diagnosis_Recognizable_vs_Unrecognizable_Differentiation,::Lectures::,Benign Cystic Neck Mass (Case 01),data/curriculum_map_readiness_v0/lecture_timecoded_vector_docstore_STRICT_CYTO_v9.sample5000.jsonl
lectures,lecture::gcs_gs_pathology_hub_02_normalized_lectures_lecture_chunks::000000000_000000000_000092,BST::Lectures::BST_Lecture_2_SoftTissue1::Distinguishing_Malignant_vs_Benign_Lesions,::Lectures::,Benign Cystic Neck Mass (Case 01),data/curriculum_map_readiness_v0/lecture_timecoded_vector_docstore_STRICT_CYTO_v9.sample5000.jsonl
lectures,lecture::gcs_gs_pathology_hub_02_normalized_lectures_lecture_chunks::000000000_000000000_000093,BST::Lectures::BST_Lecture_2_SoftTissue1::Histological_Differentiation_Lipoma_vs_Liposarcoma,::Lectures::,Benign Cystic Neck Mass (Case 01),data/curriculum_map_readiness_v0/lecture_timecoded_vector_docstore_STRICT_CYTO_v9.sample5000.jsonl
lectures,lecture::gcs_gs_pathology_hub_02_normalized_lectures_lecture_chunks::000000000_000000000_000096,BST::Lectures::BST_Lecture_2_SoftTissue1::Secondary_Features_for_Diagnosing_Undifferentiated_Tumors,::Lectures::,Benign Cystic Neck Mass (Case 01),data/curriculum_map_readiness_v0/lecture_timecoded_vector_docstore_STRICT_CYTO_v9.sample5000.jsonl
lectures,lecture::gcs_gs_pathology_hub_02_normalized_lectures_lecture_chunks::000000000_000000000_000098,BST::Lectures::BST_Lecture_2_SoftTissue1::Storiform_Growth_Pattern_Spokes_of_a_Wheel,::Lectures::,Benign Cystic Neck Mass (Case 01),data/curriculum_map_readiness_v0/lecture_timecoded_vector_docstore_STRICT_CYTO_v9.sample5000.jsonl
lectures,lecture::gcs_gs_pathology_hub_02_normalized_lectures_lecture_chunks::000000000_000000000_000099,BST::Lectures::BST_Lecture_2_SoftTissue1::Storia_Latin_for_Mat_featuring_a_straw_mat,::Lectures::,Benign Cystic Neck Mass (Case 01),data/curriculum_map_readiness_v0/lecture_timecoded_vector_docstore_STRICT_CYTO_v9.sample5000.jsonl
lectures,lecture::gcs_gs_pathology_hub_02_normalized_lectures_lecture_chunks::000000000_000000000_000102,BST::Lectures::BST_Lecture_2_SoftTissue1::Assessing_Tumors_Growth_Vascular_Patterns_and_Differentiation,::Lectures::,Benign Cystic Neck Mass (Case 01),data/curriculum_map_readiness_v0/lecture_timecoded_vector_docstore_STRICT_CYTO_v9.sample5000.jsonl
lectures,lecture::gcs_gs_pathology_hub_02_normalized_lectures_lecture_chunks::000000000_000000000_000107,BST::Lectures::BST_Lecture_2_SoftTissue1::Assessing_Tissue_Differentiation_Growth_Vascular_Cytomorphology_and_Matrix,::Lectures::,Benign Cystic Neck Mass (Case 01),data/curriculum_map_readiness_v0/lecture_timecoded_vector_docstore_STRICT_CYTO_v9.sample5000.jsonl
lectures,lecture::gcs_gs_pathology_hub_02_normalized_lectures_lecture_chunks::000000000_000000000_000108,BST::Lectures::BST_Lecture_2_SoftTissue1::Cytomorphology_of_Small_Round_Blue_Cell_Tumors,::Lectures::,Benign Cystic Neck Mass (Case 01),data/curriculum_map_readiness_v0/lecture_timecoded_vector_docstore_STRICT_CYTO_v9.sample5000.jsonl
lectures,lecture::gcs_gs_pathology_hub_02_normalized_lectures_lecture_chunks::000000000_000000000_000110,BST::Lectures::BST_Lecture_2_SoftTissue1::Rhabdoid_Cytomorphology_in_Tumors,::Lectures::,Benign Cystic Neck Mass (Case 01),data/curriculum_map_readiness_v0/lecture_timecoded_vector_docstore_STRICT_CYTO_v9.sample5000.jsonl
lectures,lecture::gcs_gs_pathology_hub_02_normalized_lectures_lecture_chunks::000000000_000000000_000111,BST::Lectures::BST_Lecture_2_SoftTissue1::Differentiating_Rhabdoid_from_Rhabdomyoblastic_Differentiation,::Lectures::,Benign Cystic Neck Mass (Case 01),data/curriculum_map_readiness_v0/lecture_timecoded_vector_docstore_STRICT_CYTO_v9.sample5000.jsonl
lectures,lecture::gcs_gs_pathology_hub_02_normalized_lectures_lecture_chunks::000000000_000000000_000116,BST::Lectures::BST_Lecture_2_SoftTissue1::Factors_in_Tumor_Diagnosis_Growth_Vascularity_and_Matrix,::Lectures::,Benign Cystic Neck Mass (Case 01),data/curriculum_map_readiness_v0/lecture_timecoded_vector_docstore_STRICT_CYTO_v9.sample5000.jsonl
lectures,lecture::gcs_gs_pathology_hub_02_normalized_lectures_lecture_chunks::000000000_000000000_000118,BST::Lectures::BST_Lecture_2_SoftTissue1::Dense_Collagenous_Matrix_in_Tumors_Superficial_and_Desmoid_Fibromatosis,::Lectures::,Benign Cystic Neck Mass (Case 01),data/curriculum_map_readiness_v0/lecture_timecoded_vector_docstore_STRICT_CYTO_v9.sample5000.jsonl
lectures,lecture::gcs_gs_pathology_hub_02_normalized_lectures_lecture_chunks::000000000_000000000_000120,BST::Lectures::BST_Lecture_2_SoftTissue1::Pause_for_questions_before_discussing_myphibolastic_proliferation,::Lectures::,Benign Cystic Neck Mass (Case 01),data/curriculum_map_readiness_v0/lecture_timecoded_vector_docstore_STRICT_CYTO_v9.sample5000.jsonl
lectures,lecture::gcs_gs_pathology_hub_02_normalized_lectures_lecture_chunks::000000000_000000000_000124,BST::Lectures::BST_Lecture_2_SoftTissue1::Understanding_Zonations_in_Histological_Samples,::Lectures::,Benign Cystic Neck Mass (Case 01),data/curriculum_map_readiness_v0/lecture_timecoded_vector_docstore_STRICT_CYTO_v9.sample5000.jsonl
lectures,lecture::gcs_gs_pathology_hub_02_normalized_lectures_lecture_chunks::000000000_000000000_000126,BST::Lectures::BST_Lecture_2_SoftTissue1::USP6_Genetics_in_Various_Tumors_and_Conditions,::Lectures::,Benign Cystic Neck Mass (Case 01),data/curriculum_map_readiness_v0/lecture_timecoded_vector_docstore_STRICT_CYTO_v9.sample5000.jsonl
lectures,lecture::gcs_gs_pathology_hub_02_normalized_lectures_lecture_chunks::000000000_000000000_000142,BST::Lectures::BST_Lecture_3_SofTissue2::Error_Image_Missing,::Lectures::,Benign Cystic Neck Mass (Case 01),data/curriculum_map_readiness_v0/lecture_timecoded_vector_docstore_STRICT_CYTO_v9.sample5000.jsonl
lectures,lecture::gcs_gs_pathology_hub_02_normalized_lectures_lecture_chunks::000000000_000000000_000142,BST::Lectures::BST_Lecture_3_SofTissue2::Error_Image_Missing,::Error,Benign Cystic Neck Mass (Case 01),data/curriculum_map_readiness_v0/lecture_timecoded_vector_docstore_STRICT_CYTO_v9.sample5000.jsonl
lectures,lecture::gcs_gs_pathology_hub_02_normalized_lectures_lecture_chunks::000000000_000000000_000143,BST::Lectures::BST_Lecture_3_SofTissue2::Overview_of_Soft_Tissue_Tumors_Vascular_and_Adipocytic,::Lectures::,Benign Cystic Neck Mass (Case 01),data/curriculum_map_readiness_v0/lecture_timecoded_vector_docstore_STRICT_CYTO_v9.sample5000.jsonl
lectures,lecture::gcs_gs_pathology_hub_02_normalized_lectures_lecture_chunks::000000000_000000000_000144,BST::Lectures::BST_Lecture_3_SofTissue2::Distinguishing_Benign_from_Malignant_Vascular_Tumors,::Lectures::,Benign Cystic Neck Mass (Case 01),data/curriculum_map_readiness_v0/lecture_timecoded_vector_docstore_STRICT_CYTO_v9.sample5000.jsonl
lectures,lecture::gcs_gs_pathology_hub_02_normalized_lectures_lecture_chunks::000000000_000000000_000145,BST::Lectures::BST_Lecture_3_SofTissue2::Vascular_Tumors_Terminology_and_Definitions,::Lectures::,Benign Cystic Neck Mass (Case 01),data/curriculum_map_readiness_v0/lecture_timecoded_vector_docstore_STRICT_CYTO_v9.sample5000.jsonl
lectures,lecture::gcs_gs_pathology_hub_02_normalized_lectures_lecture_chunks::000000000_000000000_000146,BST::Lectures::BST_Lecture_3_SofTissue2::Classification_of_Vascular_Anomalies_Angioma_vs_Malformation,::Lectures::,Benign Cystic Neck Mass (Case 01),data/curriculum_map_readiness_v0/lecture_timecoded_vector_docstore_STRICT_CYTO_v9.sample5000.jsonl
lectures,lecture::gcs_gs_pathology_hub_02_normalized_lectures_lecture_chunks::000000000_000000000_000147,BST::Lectures::BST_Lecture_3_SofTissue2::Vascular_Tumor_Terminology_Benign_to_Malignant,::Lectures::,Benign Cystic Neck Mass (Case 01),data/curriculum_map_readiness_v0/lecture_timecoded_vector_docstore_STRICT_CYTO_v9.sample5000.jsonl
lectures,lecture::gcs_gs_pathology_hub_02_normalized_lectures_lecture_chunks::000000000_000000000_000148,BST::Lectures::BST_Lecture_3_SofTissue2::Vascular_Tumor_Classification_A_Detailed_Overview,::Lectures::,Benign Cystic Neck Mass (Case 01),data/curriculum_map_readiness_v0/lecture_timecoded_vector_docstore_STRICT_CYTO_v9.sample5000.jsonl
lectures,lecture::gcs_gs_pathology_hub_02_normalized_lectures_lecture_chunks::000000000_000000000_000149,BST::Lectures::BST_Lecture_3_SofTissue2::Immunohistochemistry_Markers_for_Vascular_Tumors,::Lectures::,Benign Cystic Neck Mass (Case 01),data/curriculum_map_readiness_v0/lecture_timecoded_vector_docstore_STRICT_CYTO_v9.sample5000.jsonl
lectures,lecture::gcs_gs_pathology_hub_02_normalized_lectures_lecture_chunks::000000000_000000000_000151,BST::Lectures::BST_Lecture_3_SofTissue2::Vascular_Malformations_Clinical_Presentation_and_Subtypes,::Lectures::,Benign Cystic Neck Mass (Case 01),data/curriculum_map_readiness_v0/lecture_timecoded_vector_docstore_STRICT_CYTO_v9.sample5000.jsonl
lectures,lecture::gcs_gs_pathology_hub_02_normalized_lectures_lecture_chunks::000000000_000000000_000152,BST::Lectures::BST_Lecture_3_SofTissue2::Overview_of_Selected_Malformation_Syndromes_and_Genetics,::Lectures::,Benign Cystic Neck Mass (Case 01),data/curriculum_map_readiness_v0/lecture_timecoded_vector_docstore_STRICT_CYTO_v9.sample5000.jsonl
lectures,lecture::gcs_gs_pathology_hub_02_normalized_lectures_lecture_chunks::000000000_000000000_000153,BST::Lectures::BST_Lecture_3_SofTissue2::Microscopic_Features_of_Venous_Malformation,::Lectures::,Benign Cystic Neck Mass (Case 01),data/curriculum_map_readiness_v0/lecture_timecoded_vector_docstore_STRICT_CYTO_v9.sample5000.jsonl
lectures,lecture::gcs_gs_pathology_hub_02_normalized_lectures_lecture_chunks::000000000_000000000_000156,BST::Lectures::BST_Lecture_3_SofTissue2::Summary_Table_of_Vascular_Malformations,::Lectures::,Benign Cystic Neck Mass (Case 01),data/curriculum_map_readiness_v0/lecture_timecoded_vector_docstore_STRICT_CYTO_v9.sample5000.jsonl
lectures,lecture::gcs_gs_pathology_hub_02_normalized_lectures_lecture_chunks::000000000_000000000_000157,BST::Lectures::BST_Lecture_3_SofTissue2::Overview_of_Hemangioma_Types_and_Characteristics,::Lectures::,Benign Cystic Neck Mass (Case 01),data/curriculum_map_readiness_v0/lecture_timecoded_vector_docstore_STRICT_CYTO_v9.sample5000.jsonl
lectures,lecture::gcs_gs_pathology_hub_02_normalized_lectures_lecture_chunks::000000000_000000000_000160,BST::Lectures::BST_Lecture_3_SofTissue2::Distinguishing_Congenital_from_Infantile_Hemangiomas_Microscopically,::Lectures::,Benign Cystic Neck Mass (Case 01),data/curriculum_map_readiness_v0/lecture_timecoded_vector_docstore_STRICT_CYTO_v9.sample5000.jsonl
lectures,lecture::gcs_gs_pathology_hub_02_normalized_lectures_lecture_chunks::000000000_000000000_000161,BST::Lectures::BST_Lecture_3_SofTissue2::GLUT1_Staining_Distinguishes_Juvenile_from_Congenital_Hemangiomas,::Lectures::,Benign Cystic Neck Mass (Case 01),data/curriculum_map_readiness_v0/lecture_timecoded_vector_docstore_STRICT_CYTO_v9.sample5000.jsonl
lectures,lecture::gcs_gs_pathology_hub_02_normalized_lectures_lecture_chunks::000000000_000000000_000168,BST::Lectures::BST_Lecture_3_SofTissue2::Comparison_of_Hemangioma_Subtypes,::Lectures::,Benign Cystic Neck Mass (Case 01),data/curriculum_map_readiness_v0/lecture_timecoded_vector_docstore_STRICT_CYTO_v9.sample5000.jsonl
lectures,lecture::gcs_gs_pathology_hub_02_normalized_lectures_lecture_chunks::000000000_000000000_000171,BST::Lectures::BST_Lecture_3_SofTissue2::Hemangioendothelioma_Epithelioid_Kaposiform_Hobnail_and_Pseudomyogenic,::Lectures::,Benign Cystic Neck Mass (Case 01),data/curriculum_map_readiness_v0/lecture_timecoded_vector_docstore_STRICT_CYTO_v9.sample5000.jsonl
lectures,lecture::gcs_gs_pathology_hub_02_normalized_lectures_lecture_chunks::000000000_000000000_000175,BST::Lectures::BST_Lecture_3_SofTissue2::Epithelioid_Vascular_Tumors_Genetics_and_Classification,::Lectures::,Benign Cystic Neck Mass (Case 01),data/curriculum_map_readiness_v0/lecture_timecoded_vector_docstore_STRICT_CYTO_v9.sample5000.jsonl
lectures,lecture::gcs_gs_pathology_hub_02_normalized_lectures_lecture_chunks::000000000_000000000_000179,BST::Lectures::BST_Lecture_3_SofTissue2::Diagnosing_Liposarcoma_Key_Principles_and_Subtypes,::Lectures::,Benign Cystic Neck Mass (Case 01),data/curriculum_map_readiness_v0/lecture_timecoded_vector_docstore_STRICT_CYTO_v9.sample5000.jsonl
lectures,lecture::gcs_gs_pathology_hub_02_normalized_lectures_lecture_chunks::000000000_000000000_000180,BST::Lectures::BST_Lecture_3_SofTissue2::Identifying_Lipoma_Subtypes_Angiolipoma_and_Lipoblasts,::Lectures::,Benign Cystic Neck Mass (Case 01),data/curriculum_map_readiness_v0/lecture_timecoded_vector_docstore_STRICT_CYTO_v9.sample5000.jsonl
lectures,lecture::gcs_gs_pathology_hub_02_normalized_lectures_lecture_chunks::000000000_000000000_000187,BST::Lectures::BST_Lecture_3_SofTissue2::Comparison_of_Benign_Lipogenic_Tumors,::Lectures::,Benign Cystic Neck Mass (Case 01),data/curriculum_map_readiness_v0/lecture_timecoded_vector_docstore_STRICT_CYTO_v9.sample5000.jsonl
lectures,lecture::gcs_gs_pathology_hub_02_normalized_lectures_lecture_chunks::000000000_000000000_000206,BST::Lectures::BST_Lecture_3_SofTissue2::Genetics_of_Malignant_Lipogenic_Tumors,::Lectures::,Benign Cystic Neck Mass (Case 01),data/curriculum_map_readiness_v0/lecture_timecoded_vector_docstore_STRICT_CYTO_v9.sample5000.jsonl
lectures,lecture::gcs_gs_pathology_hub_02_normalized_lectures_lecture_chunks::000000000_000000000_000209,BST::Lectures::BST_Lecture_3_SofTissue2::Introduction_to_Lyubov_Loza,::Lectures::,Benign Cystic Neck Mass (Case 01),data/curriculum_map_readiness_v0/lecture_timecoded_vector_docstore_STRICT_CYTO_v9.sample5000.jsonl
lectures,lecture::gcs_gs_pathology_hub_02_normalized_lectures_lecture_chunks::000000000_000000000_000210,BST::Lectures::BST_Lecture_4_SoftTissue3::Error_Image_Missing,::Lectures::,Benign Cystic Neck Mass (Case 01),data/curriculum_map_readiness_v0/lecture_timecoded_vector_docstore_STRICT_CYTO_v9.sample5000.jsonl
lectures,lecture::gcs_gs_pathology_hub_02_normalized_lectures_lecture_chunks::000000000_000000000_000210,BST::Lectures::BST_Lecture_4_SoftTissue3::Error_Image_Missing,::Error,Benign Cystic Neck Mass (Case 01),data/curriculum_map_readiness_v0/lecture_timecoded_vector_docstore_STRICT_CYTO_v9.sample5000.jsonl
lectures,lecture::gcs_gs_pathology_hub_02_normalized_lectures_lecture_chunks::000000000_000000000_000211,BST::Lectures::BST_Lecture_4_SoftTissue3::Outline_of_Soft_Tissue_Tumor_Categories,::Lectures::,Benign Cystic Neck Mass (Case 01),data/curriculum_map_readiness_v0/lecture_timecoded_vector_docstore_STRICT_CYTO_v9.sample5000.jsonl
lectures,lecture::gcs_gs_pathology_hub_02_normalized_lectures_lecture_chunks::000000000_000000000_000212,BST::Lectures::BST_Lecture_4_SoftTissue3::History_of_Fibrohistiocytic_Lesions_Not_a_Specific_Cell_Type,::Lectures::,Benign Cystic Neck Mass (Case 01),data/curriculum_map_readiness_v0/lecture_timecoded_vector_docstore_STRICT_CYTO_v9.sample5000.jsonl
lectures,lecture::gcs_gs_pathology_hub_02_normalized_lectures_lecture_chunks::000000000_000000000_000213,BST::Lectures::BST_Lecture_4_SoftTissue3::Fibrohistiocytoma_Morphology_Behavior_and_Differential_Diagnosis,::Lectures::,Benign Cystic Neck Mass (Case 01),data/curriculum_map_readiness_v0/lecture_timecoded_vector_docstore_STRICT_CYTO_v9.sample5000.jsonl
lectures,lecture::gcs_gs_pathology_hub_02_normalized_lectures_lecture_chunks::000000000_000000000_000214,BST::Lectures::BST_Lecture_4_SoftTissue3::Cutaneous_Fibrous_Histiocytoma_and_DFSP_Unrelated_Fibrohistiocytic_Lesions,::Lectures::,Benign Cystic Neck Mass (Case 01),data/curriculum_map_readiness_v0/lecture_timecoded_vector_docstore_STRICT_CYTO_v9.sample5000.jsonl
lectures,lecture::gcs_gs_pathology_hub_02_normalized_lectures_lecture_chunks::000000000_000000000_000221,BST::Lectures::BST_Lecture_4_SoftTissue3::Distinguishing_Superficial_Spindle_Cell_Lesions,::Lectures::,Benign Cystic Neck Mass (Case 01),data/curriculum_map_readiness_v0/lecture_timecoded_vector_docstore_STRICT_CYTO_v9.sample5000.jsonl
lectures,lecture::gcs_gs_pathology_hub_02_normalized_lectures_lecture_chunks::000000000_000000000_000225,BST::Lectures::BST_Lecture_4_SoftTissue3::PDGFB_COL1A1_fusion_in_fibroid_lesions,::Lectures::,Benign Cystic Neck Mass (Case 01),data/curriculum_map_readiness_v0/lecture_timecoded_vector_docstore_STRICT_CYTO_v9.sample5000.jsonl
lectures,lecture::gcs_gs_pathology_hub_02_normalized_lectures_lecture_chunks::000000000_000000000_000226,BST::Lectures::BST_Lecture_4_SoftTissue3::Overview_of_Benign_Fibroblastic_Fibrosing_Lesions,::Lectures::,Benign Cystic Neck Mass (Case 01),data/curriculum_map_readiness_v0/lecture_timecoded_vector_docstore_STRICT_CYTO_v9.sample5000.jsonl
lectures,lecture::gcs_gs_pathology_hub_02_normalized_lectures_lecture_chunks::000000000_000000000_000231,BST::Lectures::BST_Lecture_4_SoftTissue3::Distinguishing_Myxofibrosarcoma_and_Low_Grade_Fibromyxoid_Sarcoma,::Lectures::,Benign Cystic Neck Mass (Case 01),data/curriculum_map_readiness_v0/lecture_timecoded_vector_docstore_STRICT_CYTO_v9.sample5000.jsonl
lectures,lecture::gcs_gs_pathology_hub_02_normalized_lectures_lecture_chunks::000000000_000000000_000240,BST::Lectures::BST_Lecture_4_SoftTissue3::Summary_of_Malignant_Fibroblastic_Lesions,::Lectures::,Benign Cystic Neck Mass (Case 01),data/curriculum_map_readiness_v0/lecture_timecoded_vector_docstore_STRICT_CYTO_v9.sample5000.jsonl
lectures,lecture::gcs_gs_pathology_hub_02_normalized_lectures_lecture_chunks::000000000_000000000_000241,BST::Lectures::BST_Lecture_4_SoftTissue3::Distinguishing_Smooth_Muscle_Tumors_and_Mimics,::Lectures::,Benign Cystic Neck Mass (Case 01),data/curriculum_map_readiness_v0/lecture_timecoded_vector_docstore_STRICT_CYTO_v9.sample5000.jsonl
lectures,lecture::gcs_gs_pathology_hub_02_normalized_lectures_lecture_chunks::000000000_000000000_000242,BST::Lectures::BST_Lecture_4_SoftTissue3::Immunohistochemistry_Markers_for_Muscle_Tumor_Classification,::Lectures::,Benign Cystic Neck Mass (Case 01),data/curriculum_map_readiness_v0/lecture_timecoded_vector_docstore_STRICT_CYTO_v9.sample5000.jsonl
lectures,lecture::gcs_gs_pathology_hub_02_normalized_lectures_lecture_chunks::000000000_000000000_000243,BST::Lectures::BST_Lecture_4_SoftTissue3::Desmin_staining_Use_with_caution_for_muscle_cell_identification,::Lectures::,Benign Cystic Neck Mass (Case 01),data/curriculum_map_readiness_v0/lecture_timecoded_vector_docstore_STRICT_CYTO_v9.sample5000.jsonl
lectures,lecture::gcs_gs_pathology_hub_02_normalized_lectures_lecture_chunks::000000000_000000000_000244,BST::Lectures::BST_Lecture_4_SoftTissue3::Overview_of_Benign_Smooth_Muscle_Tumors,::Lectures::,Benign Cystic Neck Mass (Case 01),data/curriculum_map_readiness_v0/lecture_timecoded_vector_docstore_STRICT_CYTO_v9.sample5000.jsonl
lectures,lecture::gcs_gs_pathology_hub_02_normalized_lectures_lecture_chunks::000000000_000000000_000246,BST::Lectures::BST_Lecture_4_SoftTissue3::Angioleiomyoma_and_Malignant_Smooth_Muscle_Tumor_Classification,::Lectures::,Benign Cystic Neck Mass (Case 01),data/curriculum_map_readiness_v0/lecture_timecoded_vector_docstore_STRICT_CYTO_v9.sample5000.jsonl
lectures,lecture::gcs_gs_pathology_hub_02_normalized_lectures_lecture_chunks::000000000_000000000_000248,BST::Lectures::BST_Lecture_4_SoftTissue3::Uterine_Smooth_Muscle_Tumors_WHO_Classification_Criteria,::Lectures::,Benign Cystic Neck Mass (Case 01),data/curriculum_map_readiness_v0/lecture_timecoded_vector_docstore_STRICT_CYTO_v9.sample5000.jsonl
lectures,lecture::gcs_gs_pathology_hub_02_normalized_lectures_lecture_chunks::000000000_000000000_000249,BST::Lectures::BST_Lecture_4_SoftTissue3::GI_Smooth_Muscle_Tumors_Mitotic_Rate_Size_and_Diagnosis,::Lectures::,Benign Cystic Neck Mass (Case 01),data/curriculum_map_readiness_v0/lecture_timecoded_vector_docstore_STRICT_CYTO_v9.sample5000.jsonl
lectures,lecture::gcs_gs_pathology_hub_02_normalized_lectures_lecture_chunks::000000000_000000000_000251,BST::Lectures::BST_Lecture_4_SoftTissue3::Histological_features_of_atypical_smooth_muscle_neoplasm,::Lectures::,Benign Cystic Neck Mass (Case 01),data/curriculum_map_readiness_v0/lecture_timecoded_vector_docstore_STRICT_CYTO_v9.sample5000.jsonl
lectures,lecture::gcs_gs_pathology_hub_02_normalized_lectures_lecture_chunks::000000000_000000000_000252,BST::Lectures::BST_Lecture_4_SoftTissue3::Intradermal_Atypical_Smooth_Muscle_Neoplasm_vs_Deeper_Tumors,::Lectures::,Benign Cystic Neck Mass (Case 01),data/curriculum_map_readiness_v0/lecture_timecoded_vector_docstore_STRICT_CYTO_v9.sample5000.jsonl
lectures,lecture::gcs_gs_pathology_hub_02_normalized_lectures_lecture_chunks::000000000_000000000_000259,BST::Lectures::BST_Lecture_4_SoftTissue3::Benign_Skeletal_Muscle_Tumors_A_Comparative_Overview,::Lectures::,Benign Cystic Neck Mass (Case 01),data/curriculum_map_readiness_v0/lecture_timecoded_vector_docstore_STRICT_CYTO_v9.sample5000.jsonl
lectures,lecture::gcs_gs_pathology_hub_02_normalized_lectures_lecture_chunks::000000000_000000000_000271,BST::Lectures::BST_Lecture_4_SoftTissue3::Malignant_Skeletal_Muscle_Tumors_Classification_and_Characteristics,::Lectures::,Benign Cystic Neck Mass (Case 01),data/curriculum_map_readiness_v0/lecture_timecoded_vector_docstore_STRICT_CYTO_v9.sample5000.jsonl
lectures,lecture::gcs_gs_pathology_hub_02_normalized_lectures_lecture_chunks::000000000_000000000_000272,BST::Lectures::BST_Lecture_4_SoftTissue3::Overview_of_Tumors_of_Uncertain_Histotype,::Lectures::,Benign Cystic Neck Mass (Case 01),data/curriculum_map_readiness_v0/lecture_timecoded_vector_docstore_STRICT_CYTO_v9.sample5000.jsonl
lectures,lecture::gcs_gs_pathology_hub_02_normalized_lectures_lecture_chunks::000000000_000000000_000286,BST::Lectures::BST_Lecture_4_SoftTissue3::Table_of_Tumors_with_Uncertain_Histotype,::Lectures::,Benign Cystic Neck Mass (Case 01),data/curriculum_map_readiness_v0/lecture_timecoded_vector_docstore_STRICT_CYTO_v9.sample5000.jsonl
lectures,lecture::gcs_gs_pathology_hub_02_normalized_lectures_lecture_chunks::000000000_000000000_000287,BST::Lectures::BST_Lecture_4_SoftTissue3::Tumors_of_Uncertain_Histotype_Characteristics_and_DDx,::Lectures::,Benign Cystic Neck Mass (Case 01),data/curriculum_map_readiness_v0/lecture_timecoded_vector_docstore_STRICT_CYTO_v9.sample5000.jsonl
lectures,lecture::gcs_gs_pathology_hub_02_normalized_lectures_lecture_chunks::000000000_000000000_000288,BST::Lectures::BST_Lecture_4_SoftTissue3::Man_in_a_hat_and_jacket_smiling_outdoors,::Lectures::,Benign Cystic Neck Mass (Case 01),data/curriculum_map_readiness_v0/lecture_timecoded_vector_docstore_STRICT_CYTO_v9.sample5000.jsonl
lectures,lecture::gcs_gs_pathology_hub_02_normalized_lectures_lecture_chunks::000000000_000000000_000289,BST::Lectures::BST_Lecture_5_Bone1::General_Principles_of_Bone_Tumors_and_Lesions,::Lectures::,Benign Cystic Neck Mass (Case 01),data/curriculum_map_readiness_v0/lecture_timecoded_vector_docstore_STRICT_CYTO_v9.sample5000.jsonl
lectures,lecture::gcs_gs_pathology_hub_02_normalized_lectures_lecture_chunks::000000000_000000000_000290,BST::Lectures::BST_Lecture_5_Bone1::General_Principles_of_Bone_Tumors_and_Lesions,::Lectures::,Benign Cystic Neck Mass (Case 01),data/curriculum_map_readiness_v0/lecture_timecoded_vector_docstore_STRICT_CYTO_v9.sample5000.jsonl
lectures,lecture::gcs_gs_pathology_hub_02_normalized_lectures_lecture_chunks::000000000_000000000_000297,BST::Lectures::BST_Lecture_5_Bone1::Key_factors_for_diagnosing_bone_lesions,::Lectures::,Benign Cystic Neck Mass (Case 01),data/curriculum_map_readiness_v0/lecture_timecoded_vector_docstore_STRICT_CYTO_v9.sample5000.jsonl
lectures,lecture::gcs_gs_pathology_hub_02_normalized_lectures_lecture_chunks::000000000_000000000_000298,BST::Lectures::BST_Lecture_5_Bone1::Clinical_Correlation_of_Bone_Tumors_by_Age,::Lectures::,Benign Cystic Neck Mass (Case 01),data/curriculum_map_readiness_v0/lecture_timecoded_vector_docstore_STRICT_CYTO_v9.sample5000.jsonl
lectures,lecture::gcs_gs_pathology_hub_02_normalized_lectures_lecture_chunks::000000000_000000000_000299,BST::Lectures::BST_Lecture_5_Bone1::Clinical_presentation_of_bone_lesions_Pain_characteristics,::Lectures::,Benign Cystic Neck Mass (Case 01),data/curriculum_map_readiness_v0/lecture_timecoded_vector_docstore_STRICT_CYTO_v9.sample5000.jsonl
lectures,lecture::gcs_gs_pathology_hub_02_normalized_lectures_lecture_chunks::000000000_000000000_000300,BST::Lectures::BST_Lecture_5_Bone1::Bone_Tumor_Location_and_Associated_Diagnoses,::Lectures::,Benign Cystic Neck Mass (Case 01),data/curriculum_map_readiness_v0/lecture_timecoded_vector_docstore_STRICT_CYTO_v9.sample5000.jsonl
lectures,lecture::gcs_gs_pathology_hub_02_normalized_lectures_lecture_chunks::000000000_000000000_000309,BST::Lectures::BST_Lecture_5_Bone1::Abnormal_Bone_Marrow_Replacement_Neoplasms_and_Other_Causes,::Lectures::,Benign Cystic Neck Mass (Case 01),data/curriculum_map_readiness_v0/lecture_timecoded_vector_docstore_STRICT_CYTO_v9.sample5000.jsonl
lectures,lecture::gcs_gs_pathology_hub_02_normalized_lectures_lecture_chunks::000000000_000000000_000312,BST::Lectures::BST_Lecture_5_Bone1::Abnormal_Cartilage_Chondrocyte_and_Matrix_Characteristics,::Lectures::,Benign Cystic Neck Mass (Case 01),data/curriculum_map_readiness_v0/lecture_timecoded_vector_docstore_STRICT_CYTO_v9.sample5000.jsonl
lectures,lecture::gcs_gs_pathology_hub_02_normalized_lectures_lecture_chunks::000000000_000000000_000313,BST::Lectures::BST_Lecture_5_Bone1::Overview_of_Non_Neoplastic_Bone_Conditions,::Lectures::,Benign Cystic Neck Mass (Case 01),data/curriculum_map_readiness_v0/lecture_timecoded_vector_docstore_STRICT_CYTO_v9.sample5000.jsonl
lectures,lecture::gcs_gs_pathology_hub_02_normalized_lectures_lecture_chunks::000000000_000000000_000328,BST::Lectures::BST_Lecture_5_Bone1::Infected_Arthroplasty_Early_vs_Late_Presentation_Comparison,::Lectures::,Benign Cystic Neck Mass (Case 01),data/curriculum_map_readiness_v0/lecture_timecoded_vector_docstore_STRICT_CYTO_v9.sample5000.jsonl
lectures,lecture::gcs_gs_pathology_hub_02_normalized_lectures_lecture_chunks::000000000_000000000_000329,BST::Lectures::BST_Lecture_5_Bone1::Aseptic_vs_Septic_Prosthesis_Loosening_and_Treatment,::Lectures::,Benign Cystic Neck Mass (Case 01),data/curriculum_map_readiness_v0/lecture_timecoded_vector_docstore_STRICT_CYTO_v9.sample5000.jsonl
lectures,lecture::gcs_gs_pathology_hub_02_normalized_lectures_lecture_chunks::000000000_000000000_000330,BST::Lectures::BST_Lecture_5_Bone1::Septic_Loosening_Diagnosis_Intraoperative_Neutrophil_Evaluation,::Lectures::,Benign Cystic Neck Mass (Case 01),data/curriculum_map_readiness_v0/lecture_timecoded_vector_docstore_STRICT_CYTO_v9.sample5000.jsonl
lectures,lecture::gcs_gs_pathology_hub_02_normalized_lectures_lecture_chunks::000000000_000000000_000331,BST::Lectures::BST_Lecture_5_Bone1::Identifying_Neutrophils_in_Synovium_or_Granulation_Tissue,::Lectures::,Benign Cystic Neck Mass (Case 01),data/curriculum_map_readiness_v0/lecture_timecoded_vector_docstore_STRICT_CYTO_v9.sample5000.jsonl
lectures,lecture::gcs_gs_pathology_hub_02_normalized_lectures_lecture_chunks::000000000_000000000_000332,BST::Lectures::BST_Lecture_5_Bone1::Neutrophils_in_Fibrin_Are_Not_a_Valid_Indicator,::Lectures::,Benign Cystic Neck Mass (Case 01),data/curriculum_map_readiness_v0/lecture_timecoded_vector_docstore_STRICT_CYTO_v9.sample5000.jsonl
lectures,lecture::gcs_gs_pathology_hub_02_normalized_lectures_lecture_chunks::000000000_000000000_000333,BST::Lectures::BST_Lecture_5_Bone1::Counting_Neutrophils_What_to_Count_and_What_to_Exclude,::Lectures::,Benign Cystic Neck Mass (Case 01),data/curriculum_map_readiness_v0/lecture_timecoded_vector_docstore_STRICT_CYTO_v9.sample5000.jsonl
lectures,lecture::gcs_gs_pathology_hub_02_normalized_lectures_lecture_chunks::000000000_000000000_000334,BST::Lectures::BST_Lecture_5_Bone1::Common_findings_in_revision_arthroplasty_methylmethacrylate_and_foam_cells,::Lectures::,Benign Cystic Neck Mass (Case 01),data/curriculum_map_readiness_v0/lecture_timecoded_vector_docstore_STRICT_CYTO_v9.sample5000.jsonl
lectures,lecture::gcs_gs_pathology_hub_02_normalized_lectures_lecture_chunks::000000000_000000000_000335,BST::Lectures::BST_Lecture_5_Bone1::Wear_Debris_Reaction_in_Arthroplasty_Findings,::Lectures::,Benign Cystic Neck Mass (Case 01),data/curriculum_map_readiness_v0/lecture_timecoded_vector_docstore_STRICT_CYTO_v9.sample5000.jsonl
lectures,lecture::gcs_gs_pathology_hub_02_normalized_lectures_lecture_chunks::000000000_000000000_000346,BST::Lectures::BST_Lecture_5_Bone1::Concluding_Remarks_and_Farewell_from_Aubrey_admin,::Lectures::,Benign Cystic Neck Mass (Case 01),data/curriculum_map_readiness_v0/lecture_timecoded_vector_docstore_STRICT_CYTO_v9.sample5000.jsonl
lectures,lecture::gcs_gs_pathology_hub_02_normalized_lectures_lecture_chunks::000000000_000000000_000347,BST::Lectures::BST_Lecture_6_Bone2::Approach_to_Bone_Diagnosis_Part_2,::Lectures::,Benign Cystic Neck Mass (Case 01),data/curriculum_map_readiness_v0/lecture_timecoded_vector_docstore_STRICT_CYTO_v9.sample5000.jsonl
lectures,lecture::gcs_gs_pathology_hub_02_normalized_lectures_lecture_chunks::000000000_000000000_000354,BST::Lectures::BST_Lecture_6_Bone2::Introduction_to_The_Starry_Night_by_Vincent_van_Gogh,::Lectures::,Benign Cystic Neck Mass (Case 01),data/curriculum_map_readiness_v0/lecture_timecoded_vector_docstore_STRICT_CYTO_v9.sample5000.jsonl
lectures,lecture::gcs_gs_pathology_hub_02_normalized_lectures_lecture_chunks::000000000_000000000_000355,BST::Lectures::BST_Lecture_6_Bone2::Approach_to_Bone_Diagnosis_Part_2,::Lectures::,Benign Cystic Neck Mass (Case 01),data/curriculum_map_readiness_v0/lecture_timecoded_vector_docstore_STRICT_CYTO_v9.sample5000.jsonl
lectures,lecture::gcs_gs_pathology_hub_02_normalized_lectures_lecture_chunks::000000000_000000000_000356,BST::Lectures::BST_Lecture_6_Bone2::Recap_of_Always_Abnormal_Bone_Biopsy_Features,::Lectures::,Benign Cystic Neck Mass (Case 01),data/curriculum_map_readiness_v0/lecture_timecoded_vector_docstore_STRICT_CYTO_v9.sample5000.jsonl
lectures,lecture::gcs_gs_pathology_hub_02_normalized_lectures_lecture_chunks::000000000_000000000_000357,BST::Lectures::BST_Lecture_6_Bone2::Hyaline_Cartilage_Composition_Properties_and_Neoplasm_Indicators,::Lectures::,Benign Cystic Neck Mass (Case 01),data/curriculum_map_readiness_v0/lecture_timecoded_vector_docstore_STRICT_CYTO_v9.sample5000.jsonl
lectures,lecture::gcs_gs_pathology_hub_02_normalized_lectures_lecture_chunks::000000000_000000000_000358,BST::Lectures::BST_Lecture_6_Bone2::Treatment_Principles_for_Cartilage_Tumors,::Lectures::,Benign Cystic Neck Mass (Case 01),data/curriculum_map_readiness_v0/lecture_timecoded_vector_docstore_STRICT_CYTO_v9.sample5000.jsonl
lectures,lecture::gcs_gs_pathology_hub_02_normalized_lectures_lecture_chunks::000000000_000000000_000359,BST::Lectures::BST_Lecture_6_Bone2::Overview_of_Syndromes_Associated_with_Cartilage_Tumors,::Lectures::,Benign Cystic Neck Mass (Case 01),data/curriculum_map_readiness_v0/lecture_timecoded_vector_docstore_STRICT_CYTO_v9.sample5000.jsonl
lectures,lecture::gcs_gs_pathology_hub_02_normalized_lectures_lecture_chunks::000000000_000000000_000361,BST::Lectures::BST_Lecture_6_Bone2::Principles_Syndromes_and_Malignant_Transformation_Risk,::Lectures::,Benign Cystic Neck Mass (Case 01),data/curriculum_map_readiness_v0/lecture_timecoded_vector_docstore_STRICT_CYTO_v9.sample5000.jsonl
lectures,lecture::gcs_gs_pathology_hub_02_normalized_lectures_lecture_chunks::000000000_000000000_000365,BST::Lectures::BST_Lecture_6_Bone2::Malignant_Transformation_of_Sporadic_Cartilage_Tumors,::Lectures::,Benign Cystic Neck Mass (Case 01),data/curriculum_map_readiness_v0/lecture_timecoded_vector_docstore_STRICT_CYTO_v9.sample5000.jsonl
lectures,lecture::gcs_gs_pathology_hub_02_normalized_lectures_lecture_chunks::000000000_000000000_000366,BST::Lectures::BST_Lecture_6_Bone2::Overview_of_Benign_Cartilage_Neoplasms_and_Lesions,::Lectures::,Benign Cystic Neck Mass (Case 01),data/curriculum_map_readiness_v0/lecture_timecoded_vector_docstore_STRICT_CYTO_v9.sample5000.jsonl
lectures,lecture::gcs_gs_pathology_hub_02_normalized_lectures_lecture_chunks::000000000_000000000_000370,BST::Lectures::BST_Lecture_6_Bone2::Distinguishing_Benign_and_Malignant_Tumors_Cartilage_Lesions,::Lectures::,Benign Cystic Neck Mass (Case 01),data/curriculum_map_readiness_v0/lecture_timecoded_vector_docstore_STRICT_CYTO_v9.sample5000.jsonl
lectures,lecture::gcs_gs_pathology_hub_02_normalized_lectures_lecture_chunks::000000000_000000000_000373,BST::Lectures::BST_Lecture_6_Bone2::Chondro_osseous_Loose_Body_Characteristics_and_Differentiation,::Lectures::,Benign Cystic Neck Mass (Case 01),data/curriculum_map_readiness_v0/lecture_timecoded_vector_docstore_STRICT_CYTO_v9.sample5000.jsonl
lectures,lecture::gcs_gs_pathology_hub_02_normalized_lectures_lecture_chunks::000000000_000000000_000374,BST::Lectures::BST_Lecture_6_Bone2::Chondro_osseous_Loose_Body_Characteristics_and_Differentiation,::Lectures::,Benign Cystic Neck Mass (Case 01),data/curriculum_map_readiness_v0/lecture_timecoded_vector_docstore_STRICT_CYTO_v9.sample5000.jsonl
lectures,lecture::gcs_gs_pathology_hub_02_normalized_lectures_lecture_chunks::000000000_000000000_000375,BST::Lectures::BST_Lecture_6_Bone2::Histologic_Identification_of_Chondro_osseous_Loose_Bodies,::Lectures::,Benign Cystic Neck Mass (Case 01),data/curriculum_map_readiness_v0/lecture_timecoded_vector_docstore_STRICT_CYTO_v9.sample5000.jsonl
lectures,lecture::gcs_gs_pathology_hub_02_normalized_lectures_lecture_chunks::000000000_000000000_000387,BST::Lectures::BST_Lecture_6_Bone2::Comparison_of_Benign_Cartilage_Lesions,::Lectures::,Benign Cystic Neck Mass (Case 01),data/curriculum_map_readiness_v0/lecture_timecoded_vector_docstore_STRICT_CYTO_v9.sample5000.jsonl
lectures,lecture::gcs_gs_pathology_hub_02_normalized_lectures_lecture_chunks::000000000_000000000_000388,BST::Lectures::BST_Lecture_6_Bone2::Overview_of_Malignant_Cartilage_Tumors,::Lectures::,Benign Cystic Neck Mass (Case 01),data/curriculum_map_readiness_v0/lecture_timecoded_vector_docstore_STRICT_CYTO_v9.sample5000.jsonl
lectures,lecture::gcs_gs_pathology_hub_02_normalized_lectures_lecture_chunks::000000000_000000000_000392,BST::Lectures::BST_Lecture_6_Bone2::Permeation_in_Bone_Histology_and_Analogy,::Lectures::,Benign Cystic Neck Mass (Case 01),data/curriculum_map_readiness_v0/lecture_timecoded_vector_docstore_STRICT_CYTO_v9.sample5000.jsonl
lectures,lecture::gcs_gs_pathology_hub_02_normalized_lectures_lecture_chunks::000000000_000000000_000408,BST::Lectures::BST_Lecture_6_Bone2::Malignant_cartilage_neoplasms_diagnosis_and_genetics,::Lectures::,Benign Cystic Neck Mass (Case 01),data/curriculum_map_readiness_v0/lecture_timecoded_vector_docstore_STRICT_CYTO_v9.sample5000.jsonl
lectures,lecture::gcs_gs_pathology_hub_02_normalized_lectures_lecture_chunks::000000000_000000000_000422,Breast::Lectures::Breast_Lecture_Epithelial::Error_Image_Missing,::Lectures::,Benign Cystic Neck Mass (Case 01),data/curriculum_map_readiness_v0/lecture_timecoded_vector_docstore_STRICT_CYTO_v9.sample5000.jsonl
lectures,lecture::gcs_gs_pathology_hub_02_normalized_lectures_lecture_chunks::000000000_000000000_000422,Breast::Lectures::Breast_Lecture_Epithelial::Error_Image_Missing,::Error,Benign Cystic Neck Mass (Case 01),data/curriculum_map_readiness_v0/lecture_timecoded_vector_docstore_STRICT_CYTO_v9.sample5000.jsonl
lectures,lecture::gcs_gs_pathology_hub_02_normalized_lectures_lecture_chunks::000000000_000000000_000425,Breast::Lectures::Breast_Lecture_Epithelial::Breast_Epithelial_Tumors_Benign_vs_Malignant,::Lectures::,Benign Cystic Neck Mass (Case 01),data/curriculum_map_readiness_v0/lecture_timecoded_vector_docstore_STRICT_CYTO_v9.sample5000.jsonl
lectures,lecture::gcs_gs_pathology_hub_02_normalized_lectures_lecture_chunks::000000000_000000000_000426,Breast::Lectures::Breast_Lecture_Epithelial::Benign_Breast_Disease_and_Breast_Cancer_Risk_Studies,::Lectures::,Benign Cystic Neck Mass (Case 01),data/curriculum_map_readiness_v0/lecture_timecoded_vector_docstore_STRICT_CYTO_v9.sample5000.jsonl
lectures,lecture::gcs_gs_pathology_hub_02_normalized_lectures_lecture_chunks::000000000_000000000_000427,Breast::Lectures::Breast_Lecture_Epithelial::Diagnosing_Ductal_Proliferative_Lesions_Architecture_and_Cytology,::Lectures::,Benign Cystic Neck Mass (Case 01),data/curriculum_map_readiness_v0/lecture_timecoded_vector_docstore_STRICT_CYTO_v9.sample5000.jsonl
lectures,lecture::gcs_gs_pathology_hub_02_normalized_lectures_lecture_chunks::000000000_000000000_000436,Breast::Lectures::Breast_Lecture_Epithelial::Low_Power_Micrograph_Glandular_Proliferation,::Lectures::,Benign Cystic Neck Mass (Case 01),data/curriculum_map_readiness_v0/lecture_timecoded_vector_docstore_STRICT_CYTO_v9.sample5000.jsonl
lectures,lecture::gcs_gs_pathology_hub_02_normalized_lectures_lecture_chunks::000000000_000000000_000455,Breast::Lectures::Breast_Lecture_Epithelial::Approach_to_Borderline_Ductal_Lesions_in_Biology,::Lectures::,Benign Cystic Neck Mass (Case 01),data/curriculum_map_readiness_v0/lecture_timecoded_vector_docstore_STRICT_CYTO_v9.sample5000.jsonl
lectures,lecture::gcs_gs_pathology_hub_02_normalized_lectures_lecture_chunks::000000000_000000000_000457,Breast::Lectures::Breast_Lecture_Epithelial::Improved_Interobserver_Reproducibility_in_Breast_Lesion_Diagnosis,::Lectures::,Benign Cystic Neck Mass (Case 01),data/curriculum_map_readiness_v0/lecture_timecoded_vector_docstore_STRICT_CYTO_v9.sample5000.jsonl
lectures,lecture::gcs_gs_pathology_hub_02_normalized_lectures_lecture_chunks::000000000_000000000_000458,Breast::Lectures::Breast_Lecture_Epithelial::Microscopic_Pathology_Diagnosing_Irregular_Spaces,::Lectures::,Benign Cystic Neck Mass (Case 01),data/curriculum_map_readiness_v0/lecture_timecoded_vector_docstore_STRICT_CYTO_v9.sample5000.jsonl
lectures,lecture::gcs_gs_pathology_hub_02_normalized_lectures_lecture_chunks::000000000_000000000_000459,Breast::Lectures::Breast_Lecture_Epithelial::Microscopic_Image_ADHD_and_Partial_Involvement,::Lectures::,Benign Cystic Neck Mass (Case 01),data/curriculum_map_readiness_v0/lecture_timecoded_vector_docstore_STRICT_CYTO_v9.sample5000.jsonl
lectures,lecture::gcs_gs_pathology_hub_02_normalized_lectures_lecture_chunks::000000000_000000000_000460,Breast::Lectures::Breast_Lecture_Epithelial::Microscopic_Brain_Structure_and_ADHD,::Lectures::,Benign Cystic Neck Mass (Case 01),data/curriculum_map_readiness_v0/lecture_timecoded_vector_docstore_STRICT_CYTO_v9.sample5000.jsonl
lectures,lecture::gcs_gs_pathology_hub_02_normalized_lectures_lecture_chunks::000000000_000000000_000462,Breast::Lectures::Breast_Lecture_Epithelial::Microscopic_Image_ADHD_Indication,::Lectures::,Benign Cystic Neck Mass (Case 01),data/curriculum_map_readiness_v0/lecture_timecoded_vector_docstore_STRICT_CYTO_v9.sample5000.jsonl
lectures,lecture::gcs_gs_pathology_hub_02_normalized_lectures_lecture_chunks::000000000_000000000_000463,Breast::Lectures::Breast_Lecture_Epithelial::Poorly_Developed_Glandular_Architecture_in_Pathology,::Lectures::,Benign Cystic Neck Mass (Case 01),data/curriculum_map_readiness_v0/lecture_timecoded_vector_docstore_STRICT_CYTO_v9.sample5000.jsonl
lectures,lecture::gcs_gs_pathology_hub_02_normalized_lectures_lecture_chunks::000000000_000000000_000467,Breast::Lectures::Breast_Lecture_Epithelial::Breast_Cancer_Histopathology_Uniform_Cell_Structure,::Lectures::,Benign Cystic Neck Mass (Case 01),data/curriculum_map_readiness_v0/lecture_timecoded_vector_docstore_STRICT_CYTO_v9.sample5000.jsonl
lectures,lecture::gcs_gs_pathology_hub_02_normalized_lectures_lecture_chunks::000000000_000000000_000471,Breast::Lectures::Breast_Lecture_Epithelial::Pathologist_Diagnostic_Concordance_in_Breast_Biopsy_Specimens,::Lectures::,Benign Cystic Neck Mass (Case 01),data/curriculum_map_readiness_v0/lecture_timecoded_vector_docstore_STRICT_CYTO_v9.sample5000.jsonl
lectures,lecture::gcs_gs_pathology_hub_02_normalized_lectures_lecture_chunks::000000000_000000000_000472,Breast::Lectures::Breast_Lecture_Epithelial::Variability_and_Uncertainty_in_Breast_Cancer_Diagnosis_and_Treatment,::Lectures::,Benign Cystic Neck Mass (Case 01),data/curriculum_map_readiness_v0/lecture_timecoded_vector_docstore_STRICT_CYTO_v9.sample5000.jsonl
lectures,lecture::gcs_gs_pathology_hub_02_normalized_lectures_lecture_chunks::000000000_000000000_000476,Breast::Lectures::Breast_Lecture_Epithelial::High_Molecular_Weight_Cytokeratin_in_Ductal_Lesions,::Lectures::,Benign Cystic Neck Mass (Case 01),data/curriculum_map_readiness_v0/lecture_timecoded_vector_docstore_STRICT_CYTO_v9.sample5000.jsonl
lectures,lecture::gcs_gs_pathology_hub_02_normalized_lectures_lecture_chunks::000000000_000000000_000483,Breast::Lectures::Breast_Lecture_Epithelial::Uterine_Ductal_Adenocarcinoma_UDA_Diagnosis_with_CK5_6_and_ER,::Lectures::,Benign Cystic Neck Mass (Case 01),data/curriculum_map_readiness_v0/lecture_timecoded_vector_docstore_STRICT_CYTO_v9.sample5000.jsonl
lectures,lecture::gcs_gs_pathology_hub_02_normalized_lectures_lecture_chunks::000000000_000000000_000491,Breast::Lectures::Breast_Lecture_Epithelial::Team_Member_Introductions,::Lectures::,Benign Cystic Neck Mass (Case 01),data/curriculum_map_readiness_v0/lecture_timecoded_vector_docstore_STRICT_CYTO_v9.sample5000.jsonl
lectures,lecture::gcs_gs_pathology_hub_02_normalized_lectures_lecture_chunks::000000000_000000000_000492,Breast::Lectures::Breast_Lecture_Epithelial::Team_Member_Introductions,::Lectures::,Benign Cystic Neck Mass (Case 01),data/curriculum_map_readiness_v0/lecture_timecoded_vector_docstore_STRICT_CYTO_v9.sample5000.jsonl
lectures,lecture::gcs_gs_pathology_hub_02_normalized_lectures_lecture_chunks::000000000_000000000_000499,Breast::Lectures::Breast_Lecture_Epithelial::Cytological_Features_in_Chronic_Lymphocytic_Leukemia,::Lectures::,Benign Cystic Neck Mass (Case 01),data/curriculum_map_readiness_v0/lecture_timecoded_vector_docstore_STRICT_CYTO_v9.sample5000.jsonl
lectures,lecture::gcs_gs_pathology_hub_02_normalized_lectures_lecture_chunks::000000000_000000000_000502,Breast::Lectures::Breast_Lecture_Epithelial::Cytologic_Features_in_Chronic_Lymphocytic_Leukemia_CLL,::Lectures::,Benign Cystic Neck Mass (Case 01),data/curriculum_map_readiness_v0/lecture_timecoded_vector_docstore_STRICT_CYTO_v9.sample5000.jsonl
lectures,lecture::gcs_gs_pathology_hub_02_normalized_lectures_lecture_chunks::000000000_000000000_000504,Breast::Lectures::Breast_Lecture_Epithelial::Snouts_Comparing_Animal_Features,::Lectures::,Benign Cystic Neck Mass (Case 01),data/curriculum_map_readiness_v0/lecture_timecoded_vector_docstore_STRICT_CYTO_v9.sample5000.jsonl
lectures,lecture::gcs_gs_pathology_hub_02_normalized_lectures_lecture_chunks::000000000_000000000_000506,Breast::Lectures::Breast_Lecture_Epithelial::Microscopic_Analysis_Low_N_C_Ratio_and_Cellular_Features,::Lectures::,Benign Cystic Neck Mass (Case 01),data/curriculum_map_readiness_v0/lecture_timecoded_vector_docstore_STRICT_CYTO_v9.sample5000.jsonl
lectures,lecture::gcs_gs_pathology_hub_02_normalized_lectures_lecture_chunks::000000000_000000000_000527,Breast::Lectures::Breast_Lecture_Epithelial::Similar_Psychology_of_Low_Grade_Breast_Lesions,::Lectures::,Benign Cystic Neck Mass (Case 01),data/curriculum_map_readiness_v0/lecture_timecoded_vector_docstore_STRICT_CYTO_v9.sample5000.jsonl
lectures,lecture::gcs_gs_pathology_hub_02_normalized_lectures_lecture_chunks::000000000_000000000_000533,Breast::Lectures::Breast_Lecture_Epithelial::Historical_Perspective_of_Breast_Cancer_Progression,::Lectures::,Benign Cystic Neck Mass (Case 01),data/curriculum_map_readiness_v0/lecture_timecoded_vector_docstore_STRICT_CYTO_v9.sample5000.jsonl
lectures,lecture::gcs_gs_pathology_hub_02_normalized_lectures_lecture_chunks::000000000_000000000_000535,Breast::Lectures::Breast_Lecture_Epithelial::Lobular_Pathways_and_Cellular_Development,::Lectures::,Benign Cystic Neck Mass (Case 01),data/curriculum_map_readiness_v0/lecture_timecoded_vector_docstore_STRICT_CYTO_v9.sample5000.jsonl
lectures,lecture::gcs_gs_pathology_hub_02_normalized_lectures_lecture_chunks::000000000_000000000_000539,Breast::Lectures::Breast_Lecture_Epithelial::Breast_Biopsy_Lesion_Management_Guidelines,::Lectures::,Benign Cystic Neck Mass (Case 01),data/curriculum_map_readiness_v0/lecture_timecoded_vector_docstore_STRICT_CYTO_v9.sample5000.jsonl
lectures,lecture::gcs_gs_pathology_hub_02_normalized_lectures_lecture_chunks::000000000_000000000_000555,Breast::Lectures::Breast_Lecture_Epithelial::Diagnosing_Architectural_Patterns_Grade_and_Structure,::Lectures::,Benign Cystic Neck Mass (Case 01),data/curriculum_map_readiness_v0/lecture_timecoded_vector_docstore_STRICT_CYTO_v9.sample5000.jsonl
lectures,lecture::gcs_gs_pathology_hub_02_normalized_lectures_lecture_chunks::000000000_000000000_000581,Breast::Lectures::Breast_Lecture_Epithelial::Radiation_Therapy_and_Breast_Cancer_Recurrence,::Lectures::,Benign Cystic Neck Mass (Case 01),data/curriculum_map_readiness_v0/lecture_timecoded_vector_docstore_STRICT_CYTO_v9.sample5000.jsonl
lectures,lecture::gcs_gs_pathology_hub_02_normalized_lectures_lecture_chunks::000000000_000000000_000582,Breast::Lectures::Breast_Lecture_Epithelial::Tamoxifen_s_Role_in_Reducing_Breast_Cancer_Recurrence_NSABP_24,::Lectures::,Benign Cystic Neck Mass (Case 01),data/curriculum_map_readiness_v0/lecture_timecoded_vector_docstore_STRICT_CYTO_v9.sample5000.jsonl
lectures,lecture::gcs_gs_pathology_hub_02_normalized_lectures_lecture_chunks::000000000_000000000_000585,Breast::Lectures::Breast_Lecture_Epithelial::Dimension_Size_and_Proximity_in_Comminution,::Lectures::,Benign Cystic Neck Mass (Case 01),data/curriculum_map_readiness_v0/lecture_timecoded_vector_docstore_STRICT_CYTO_v9.sample5000.jsonl
lectures,lecture::gcs_gs_pathology_hub_02_normalized_lectures_lecture_chunks::000000000_000000000_000593,Breast::Lectures::Breast_Lecture_Epithelial::Team_Member_Introductions,::Lectures::,Benign Cystic Neck Mass (Case 01),data/curriculum_map_readiness_v0/lecture_timecoded_vector_docstore_STRICT_CYTO_v9.sample5000.jsonl
lectures,lecture::gcs_gs_pathology_hub_02_normalized_lectures_lecture_chunks::000000000_000000000_000594,Breast::Lectures::Breast_Lecture_Epithelial::Team_Member_Introductions,::Lectures::,Benign Cystic Neck Mass (Case 01),data/curriculum_map_readiness_v0/lecture_timecoded_vector_docstore_STRICT_CYTO_v9.sample5000.jsonl
lectures,lecture::gcs_gs_pathology_hub_02_normalized_lectures_lecture_chunks::000000000_000000000_000595,Breast::Lectures::Breast_Lecture_Epithelial::Hannah_Lee_and_Lyubov_Loza_Presenters,::Lectures::,Benign Cystic Neck Mass (Case 01),data/curriculum_map_readiness_v0/lecture_timecoded_vector_docstore_STRICT_CYTO_v9.sample5000.jsonl
lectures,lecture::gcs_gs_pathology_hub_02_normalized_lectures_lecture_chunks::000000000_000000000_000596,Breast::Lectures::Breast_Lecture_Fibroepithelial::Review_Epithelial_Regions_in_Previous_Lectures,::Lectures::,Benign Cystic Neck Mass (Case 01),data/curriculum_map_readiness_v0/lecture_timecoded_vector_docstore_STRICT_CYTO_v9.sample5000.jsonl
lectures,lecture::gcs_gs_pathology_hub_02_normalized_lectures_lecture_chunks::000000000_000000000_000603,Breast::Lectures::Breast_Lecture_Fibroepithelial::Gross_Pathology_Lobulated_Mass_with_Slit_like_Spaces,::Lectures::,Benign Cystic Neck Mass (Case 01),data/curriculum_map_readiness_v0/lecture_timecoded_vector_docstore_STRICT_CYTO_v9.sample5000.jsonl
lectures,lecture::gcs_gs_pathology_hub_02_normalized_lectures_lecture_chunks::000000000_000000000_000626,Breast::Lectures::Breast_Lecture_Fibroepithelial::Giant_Breast_Mass_in_a_17_Year_Old_Case_Study,::Lectures::,Benign Cystic Neck Mass (Case 01),data/curriculum_map_readiness_v0/lecture_timecoded_vector_docstore_STRICT_CYTO_v9.sample5000.jsonl
lectures,lecture::gcs_gs_pathology_hub_02_normalized_lectures_lecture_chunks::000000000_000000000_000637,Breast::Lectures::Breast_Lecture_Fibroepithelial::Breast_Ultrasound_Hypoechoic_Lesion_with_Hyperechoic_Striations,::Lectures::,Benign Cystic Neck Mass (Case 01),data/curriculum_map_readiness_v0/lecture_timecoded_vector_docstore_STRICT_CYTO_v9.sample5000.jsonl
lectures,lecture::gcs_gs_pathology_hub_02_normalized_lectures_lecture_chunks::000000000_000000000_000652,Breast::Lectures::Breast_Lecture_Fibroepithelial::Infiltrative_Borders_of_Malignant_Thyroid_Tumor,::Lectures::,Benign Cystic Neck Mass (Case 01),data/curriculum_map_readiness_v0/lecture_timecoded_vector_docstore_STRICT_CYTO_v9.sample5000.jsonl
lectures,lecture::gcs_gs_pathology_hub_02_normalized_lectures_lecture_chunks::000000000_000000000_000654,Breast::Lectures::Breast_Lecture_Fibroepithelial::Infiltrative_Borders_in_Histopathology,::Lectures::,Benign Cystic Neck Mass (Case 01),data/curriculum_map_readiness_v0/lecture_timecoded_vector_docstore_STRICT_CYTO_v9.sample5000.jsonl
lectures,lecture::gcs_gs_pathology_hub_02_normalized_lectures_lecture_chunks::000000000_000000000_000662,Breast::Lectures::Breast_Lecture_Fibroepithelial::Tumor_Recurrence_and_Grade_Progression,::Lectures::,Benign Cystic Neck Mass (Case 01),data/curriculum_map_readiness_v0/lecture_timecoded_vector_docstore_STRICT_CYTO_v9.sample5000.jsonl
lectures,lecture::gcs_gs_pathology_hub_02_normalized_lectures_lecture_chunks::000000000_000000000_000666,Breast::Lectures::Breast_Lecture_Fibroepithelial::Metastatic_Small_Cell_Carcinoma_Lung_and_Vulva,::Lectures::,Benign Cystic Neck Mass (Case 01),data/curriculum_map_readiness_v0/lecture_timecoded_vector_docstore_STRICT_CYTO_v9.sample5000.jsonl
lectures,lecture::gcs_gs_pathology_hub_02_normalized_lectures_lecture_chunks::000000000_000000000_000678,Breast::Lectures::Breast_Lecture_Fibroepithelial::Team_Member_Introductions_and_Project_Discussion,::Lectures::,Benign Cystic Neck Mass (Case 01),data/curriculum_map_readiness_v0/lecture_timecoded_vector_docstore_STRICT_CYTO_v9.sample5000.jsonl
lectures,lecture::gcs_gs_pathology_hub_02_normalized_lectures_lecture_chunks::000000000_000000000_000680,Breast::Lectures::Breast_Lecture_Fibroepithelial::Team_Member_Introductions_Project_Team,::Lectures::,Benign Cystic Neck Mass (Case 01),data/curriculum_map_readiness_v0/lecture_timecoded_vector_docstore_STRICT_CYTO_v9.sample5000.jsonl
lectures,lecture::gcs_gs_pathology_hub_02_normalized_lectures_lecture_chunks::000000000_000000000_000681,Breast::Lectures::Breast_Lecture_Grossing::Error_Image_Missing,::Lectures::,Benign Cystic Neck Mass (Case 01),data/curriculum_map_readiness_v0/lecture_timecoded_vector_docstore_STRICT_CYTO_v9.sample5000.jsonl
lectures,lecture::gcs_gs_pathology_hub_02_normalized_lectures_lecture_chunks::000000000_000000000_000681,Breast::Lectures::Breast_Lecture_Grossing::Error_Image_Missing,::Error,Benign Cystic Neck Mass (Case 01),data/curriculum_map_readiness_v0/lecture_timecoded_vector_docstore_STRICT_CYTO_v9.sample5000.jsonl
lectures,lecture::gcs_gs_pathology_hub_02_normalized_lectures_lecture_chunks::000000000_000000000_000685,Breast::Lectures::Breast_Lecture_Grossing::General_Indications_for_Breast_Surgery,::Lectures::,Benign Cystic Neck Mass (Case 01),data/curriculum_map_readiness_v0/lecture_timecoded_vector_docstore_STRICT_CYTO_v9.sample5000.jsonl
lectures,lecture::gcs_gs_pathology_hub_02_normalized_lectures_lecture_chunks::000000000_000000000_000686,Breast::Lectures::Breast_Lecture_Grossing::Breast_Specimen_Types_Indications_and_Procedures,::Lectures::,Benign Cystic Neck Mass (Case 01),data/curriculum_map_readiness_v0/lecture_timecoded_vector_docstore_STRICT_CYTO_v9.sample5000.jsonl
lectures,lecture::gcs_gs_pathology_hub_02_normalized_lectures_lecture_chunks::000000000_000000000_000687,Breast::Lectures::Breast_Lecture_Grossing::Breast_Cancer_Treatment_Modalities,::Lectures::,Benign Cystic Neck Mass (Case 01),data/curriculum_map_readiness_v0/lecture_timecoded_vector_docstore_STRICT_CYTO_v9.sample5000.jsonl
lectures,lecture::gcs_gs_pathology_hub_02_normalized_lectures_lecture_chunks::000000000_000000000_000689,Breast::Lectures::Breast_Lecture_Grossing::Breast_Cancer_Tracking_Sheet_Example,::Lectures::,Benign Cystic Neck Mass (Case 01),data/curriculum_map_readiness_v0/lecture_timecoded_vector_docstore_STRICT_CYTO_v9.sample5000.jsonl
lectures,lecture::gcs_gs_pathology_hub_02_normalized_lectures_lecture_chunks::000000000_000000000_000713,Breast::Lectures::Breast_Lecture_Grossing::Gross_Photo_Indications_Breast_Specimens,::Lectures::,Benign Cystic Neck Mass (Case 01),data/curriculum_map_readiness_v0/lecture_timecoded_vector_docstore_STRICT_CYTO_v9.sample5000.jsonl
lectures,lecture::gcs_gs_pathology_hub_02_normalized_lectures_lecture_chunks::000000000_000000000_000714,Breast::Lectures::Breast_Lecture_Grossing::Gross_Photo_Indications_Breast_Specimens,::Lectures::,Benign Cystic Neck Mass (Case 01),data/curriculum_map_readiness_v0/lecture_timecoded_vector_docstore_STRICT_CYTO_v9.sample5000.jsonl
lectures,lecture::gcs_gs_pathology_hub_02_normalized_lectures_lecture_chunks::000000000_000000000_000716,Breast::Lectures::Breast_Lecture_Grossing::Gross_Pathology_of_Breast_Tissue_Normal_Variations_and_Lesion_Description,::Lectures::,Benign Cystic Neck Mass (Case 01),data/curriculum_map_readiness_v0/lecture_timecoded_vector_docstore_STRICT_CYTO_v9.sample5000.jsonl
lectures,lecture::gcs_gs_pathology_hub_02_normalized_lectures_lecture_chunks::000000000_000000000_000717,Breast::Lectures::Breast_Lecture_Grossing::Fibrosystem_Change_Example_Case_Study,::Lectures::,Benign Cystic Neck Mass (Case 01),data/curriculum_map_readiness_v0/lecture_timecoded_vector_docstore_STRICT_CYTO_v9.sample5000.jsonl
lectures,lecture::gcs_gs_pathology_hub_02_normalized_lectures_lecture_chunks::000000000_000000000_000745,Breast::Lectures::Breast_Lecture_Grossing::Submitting_Tissue_for_Pathological_Examination,::Lectures::,Benign Cystic Neck Mass (Case 01),data/curriculum_map_readiness_v0/lecture_timecoded_vector_docstore_STRICT_CYTO_v9.sample5000.jsonl
lectures,lecture::gcs_gs_pathology_hub_02_normalized_lectures_lecture_chunks::000000000_000000000_000762,Breast::Lectures::Breast_Lecture_Grossing::Patterns_of_Residual_Tumor_Concentric_Reduction,::Lectures::,Benign Cystic Neck Mass (Case 01),data/curriculum_map_readiness_v0/lecture_timecoded_vector_docstore_STRICT_CYTO_v9.sample5000.jsonl
lectures,lecture::gcs_gs_pathology_hub_02_normalized_lectures_lecture_chunks::000000000_000000000_000763,Breast::Lectures::Breast_Lecture_Grossing::Residual_Gross_Mass_Post_Surgical_Pathology_Images,::Lectures::,Benign Cystic Neck Mass (Case 01),data/curriculum_map_readiness_v0/lecture_timecoded_vector_docstore_STRICT_CYTO_v9.sample5000.jsonl
lectures,lecture::gcs_gs_pathology_hub_02_normalized_lectures_lecture_chunks::000000000_000000000_000764,Breast::Lectures::Breast_Lecture_Grossing::Patterns_of_Residual_Tumor_After_Treatment,::Lectures::,Benign Cystic Neck Mass (Case 01),data/curriculum_map_readiness_v0/lecture_timecoded_vector_docstore_STRICT_CYTO_v9.sample5000.jsonl
lectures,lecture::gcs_gs_pathology_hub_02_normalized_lectures_lecture_chunks::000000000_000000000_000765,Breast::Lectures::Breast_Lecture_Grossing::Team_Members_SFGH_Project,::Lectures::,Benign Cystic Neck Mass (Case 01),data/curriculum_map_readiness_v0/lecture_timecoded_vector_docstore_STRICT_CYTO_v9.sample5000.jsonl
lectures,lecture::gcs_gs_pathology_hub_02_normalized_lectures_lecture_chunks::000000000_000000000_000766,Breast::Lectures::Breast_Lecture_IHC::Error_Image_Missing,::Lectures::,Benign Cystic Neck Mass (Case 01),data/curriculum_map_readiness_v0/lecture_timecoded_vector_docstore_STRICT_CYTO_v9.sample5000.jsonl
lectures,lecture::gcs_gs_pathology_hub_02_normalized_lectures_lecture_chunks::000000000_000000000_000766,Breast::Lectures::Breast_Lecture_IHC::Error_Image_Missing,::Error,Benign Cystic Neck Mass (Case 01),data/curriculum_map_readiness_v0/lecture_timecoded_vector_docstore_STRICT_CYTO_v9.sample5000.jsonl
lectures,lecture::gcs_gs_pathology_hub_02_normalized_lectures_lecture_chunks::000000000_000000000_000767,Breast::Lectures::Breast_Lecture_IHC::Practical_Immunohistochemistry_in_Breast_Pathology,::Lectures::,Benign Cystic Neck Mass (Case 01),data/curriculum_map_readiness_v0/lecture_timecoded_vector_docstore_STRICT_CYTO_v9.sample5000.jsonl
lectures,lecture::gcs_gs_pathology_hub_02_normalized_lectures_lecture_chunks::000000000_000000000_000768,Breast::Lectures::Breast_Lecture_IHC::Immunohistochemistry_in_Breast_Pathology,::Lectures::,Benign Cystic Neck Mass (Case 01),data/curriculum_map_readiness_v0/lecture_timecoded_vector_docstore_STRICT_CYTO_v9.sample5000.jsonl
lectures,lecture::gcs_gs_pathology_hub_02_normalized_lectures_lecture_chunks::000000000_000000000_000769,Breast::Lectures::Breast_Lecture_IHC::Stromal_Invasion_vs_Sclerosing_Lesion_A_Diagnostic_Challenge,::Lectures::,Benign Cystic Neck Mass (Case 01),data/curriculum_map_readiness_v0/lecture_timecoded_vector_docstore_STRICT_CYTO_v9.sample5000.jsonl
lectures,lecture::gcs_gs_pathology_hub_02_normalized_lectures_lecture_chunks::000000000_000000000_000779,Breast::Lectures::Breast_Lecture_IHC::Microscopic_Analysis_Epithelial_Cells_and_Calponin_Staining,::Lectures::,Benign Cystic Neck Mass (Case 01),data/curriculum_map_readiness_v0/lecture_timecoded_vector_docstore_STRICT_CYTO_v9.sample5000.jsonl
lectures,lecture::gcs_gs_pathology_hub_02_normalized_lectures_lecture_chunks::000000000_000000000_000784,Breast::Lectures::Breast_Lecture_IHC::Tumor_Cell_Staining_SMM_and_P63_Immunohistochemistry,::Lectures::,Benign Cystic Neck Mass (Case 01),data/curriculum_map_readiness_v0/lecture_timecoded_vector_docstore_STRICT_CYTO_v9.sample5000.jsonl
lectures,lecture::gcs_gs_pathology_hub_02_normalized_lectures_lecture_chunks::000000000_000000000_000786,Breast::Lectures::Breast_Lecture_IHC::Problems_with_MEC_Marker_Evaluation_in_Cancer_Diagnosis,::Lectures::,Benign Cystic Neck Mass (Case 01),data/curriculum_map_readiness_v0/lecture_timecoded_vector_docstore_STRICT_CYTO_v9.sample5000.jsonl
lectures,lecture::gcs_gs_pathology_hub_02_normalized_lectures_lecture_chunks::000000000_000000000_000788,Breast::Lectures::Breast_Lecture_IHC::p63_Reactivity_in_Invasive_Basal_Like_Cancers,::Lectures::,Benign Cystic Neck Mass (Case 01),data/curriculum_map_readiness_v0/lecture_timecoded_vector_docstore_STRICT_CYTO_v9.sample5000.jsonl
lectures,lecture::gcs_gs_pathology_hub_02_normalized_lectures_lecture_chunks::000000000_000000000_000790,Breast::Lectures::Breast_Lecture_IHC::Tumor_Cell_Staining_p63_Immunohistochemistry,::Lectures::,Benign Cystic Neck Mass (Case 01),data/curriculum_map_readiness_v0/lecture_timecoded_vector_docstore_STRICT_CYTO_v9.sample5000.jsonl
lectures,lecture::gcs_gs_pathology_hub_02_normalized_lectures_lecture_chunks::000000000_000000000_000798,Breast::Lectures::Breast_Lecture_IHC::Microscopic_Images_Comparing_SMM_Staining,::Lectures::,Benign Cystic Neck Mass (Case 01),data/curriculum_map_readiness_v0/lecture_timecoded_vector_docstore_STRICT_CYTO_v9.sample5000.jsonl
lectures,lecture::gcs_gs_pathology_hub_02_normalized_lectures_lecture_chunks::000000000_000000000_000810,Breast::Lectures::Breast_Lecture_IHC::Practical_Immunohistochemistry_in_Breast_Pathology,::Lectures::,Benign Cystic Neck Mass (Case 01),data/curriculum_map_readiness_v0/lecture_timecoded_vector_docstore_STRICT_CYTO_v9.sample5000.jsonl
lectures,lecture::gcs_gs_pathology_hub_02_normalized_lectures_lecture_chunks::000000000_000000000_000819,Breast::Lectures::Breast_Lecture_IHC::Immunohistochemistry_in_Breast_Pathology,::Lectures::,Benign Cystic Neck Mass (Case 01),data/curriculum_map_readiness_v0/lecture_timecoded_vector_docstore_STRICT_CYTO_v9.sample5000.jsonl
lectures,lecture::gcs_gs_pathology_hub_02_normalized_lectures_lecture_chunks::000000000_000000000_000836,Breast::Lectures::Breast_Lecture_IHC::Biomarker_Assessment_in_Breast_Pathology,::Lectures::,Benign Cystic Neck Mass (Case 01),data/curriculum_map_readiness_v0/lecture_timecoded_vector_docstore_STRICT_CYTO_v9.sample5000.jsonl
lectures,lecture::gcs_gs_pathology_hub_02_normalized_lectures_lecture_chunks::000000000_000000000_000839,Breast::Lectures::Breast_Lecture_IHC::Biomarker_Evaluation_in_Breast_Cancer_Optimal_Fixation_and_IHC,::Lectures::,Benign Cystic Neck Mass (Case 01),data/curriculum_map_readiness_v0/lecture_timecoded_vector_docstore_STRICT_CYTO_v9.sample5000.jsonl
lectures,lecture::gcs_gs_pathology_hub_02_normalized_lectures_lecture_chunks::000000000_000000000_000841,Breast::Lectures::Breast_Lecture_IHC::Optimal_Fixation_Importance_in_Histopathology,::Lectures::,Benign Cystic Neck Mass (Case 01),data/curriculum_map_readiness_v0/lecture_timecoded_vector_docstore_STRICT_CYTO_v9.sample5000.jsonl
lectures,lecture::gcs_gs_pathology_hub_02_normalized_lectures_lecture_chunks::000000000_000000000_000842,Breast::Lectures::Breast_Lecture_IHC::Optimal_Fixation_in_Histopathology_Importance_and_Impact_on_ER_Staining,::Lectures::,Benign Cystic Neck Mass (Case 01),data/curriculum_map_readiness_v0/lecture_timecoded_vector_docstore_STRICT_CYTO_v9.sample5000.jsonl
lectures,lecture::gcs_gs_pathology_hub_02_normalized_lectures_lecture_chunks::000000000_000000000_000843,Breast::Lectures::Breast_Lecture_IHC::Optimal_Tissue_Fixation_Importance_in_Pathology,::Lectures::,Benign Cystic Neck Mass (Case 01),data/curriculum_map_readiness_v0/lecture_timecoded_vector_docstore_STRICT_CYTO_v9.sample5000.jsonl
lectures,lecture::gcs_gs_pathology_hub_02_normalized_lectures_lecture_chunks::000000000_000000000_000844,Breast::Lectures::Breast_Lecture_IHC::ER_Immunohistochemistry_Positive_Internal_Control,::Lectures::,Benign Cystic Neck Mass (Case 01),data/curriculum_map_readiness_v0/lecture_timecoded_vector_docstore_STRICT_CYTO_v9.sample5000.jsonl
lectures,lecture::gcs_gs_pathology_hub_02_normalized_lectures_lecture_chunks::000000000_000000000_000852,Breast::Lectures::Breast_Lecture_IHC::Breast_Cancer_Molecular_Subgroups_and_Immunohistochemical_Surrogates,::Lectures::,Benign Cystic Neck Mass (Case 01),data/curriculum_map_readiness_v0/lecture_timecoded_vector_docstore_STRICT_CYTO_v9.sample5000.jsonl
lectures,lecture::gcs_gs_pathology_hub_02_normalized_lectures_lecture_chunks::000000000_000000000_000853,Breast::Lectures::Breast_Lecture_IHC::Immunohistochemistry_in_Breast_Pathology,::Lectures::,Benign Cystic Neck Mass (Case 01),data/curriculum_map_readiness_v0/lecture_timecoded_vector_docstore_STRICT_CYTO_v9.sample5000.jsonl
lectures,lecture::gcs_gs_pathology_hub_02_normalized_lectures_lecture_chunks::000000000_000000000_000854,Breast::Lectures::Breast_Lecture_IHC::Immunohistochemical_Markers_for_Metastatic_Breast_Cancer,::Lectures::,Benign Cystic Neck Mass (Case 01),data/curriculum_map_readiness_v0/lecture_timecoded_vector_docstore_STRICT_CYTO_v9.sample5000.jsonl
lectures,lecture::gcs_gs_pathology_hub_02_normalized_lectures_lecture_chunks::000000000_000000000_000855,Breast::Lectures::Breast_Lecture_IHC::Common_Markers_in_Breast_Carcinoma,::Lectures::,Benign Cystic Neck Mass (Case 01),data/curriculum_map_readiness_v0/lecture_timecoded_vector_docstore_STRICT_CYTO_v9.sample5000.jsonl
lectures,lecture::gcs_gs_pathology_hub_02_normalized_lectures_lecture_chunks::000000000_000000000_000856,Breast::Lectures::Breast_Lecture_IHC::Differential_Expression_of_Mammaglobin_and_GCDFP_15_in_Tumors,::Lectures::,Benign Cystic Neck Mass (Case 01),data/curriculum_map_readiness_v0/lecture_timecoded_vector_docstore_STRICT_CYTO_v9.sample5000.jsonl
lectures,lecture::gcs_gs_pathology_hub_02_normalized_lectures_lecture_chunks::000000000_000000000_000857,Breast::Lectures::Breast_Lecture_IHC::Apocrine_Tumor_Morphology_Mammaglobin_and_GCDFP_15_Expression,::Lectures::,Benign Cystic Neck Mass (Case 01),data/curriculum_map_readiness_v0/lecture_timecoded_vector_docstore_STRICT_CYTO_v9.sample5000.jsonl
lectures,lecture::gcs_gs_pathology_hub_02_normalized_lectures_lecture_chunks::000000000_000000000_000858,Breast::Lectures::Breast_Lecture_IHC::GATA3_A_Useful_Marker_in_Surgical_Pathology,::Lectures::,Benign Cystic Neck Mass (Case 01),data/curriculum_map_readiness_v0/lecture_timecoded_vector_docstore_STRICT_CYTO_v9.sample5000.jsonl
lectures,lecture::gcs_gs_pathology_hub_02_normalized_lectures_lecture_chunks::000000000_000000000_000859,Breast::Lectures::Breast_Lecture_IHC::GATA3_in_Tumor_Diagnosis_Discriminatory_Uses,::Lectures::,Benign Cystic Neck Mass (Case 01),data/curriculum_map_readiness_v0/lecture_timecoded_vector_docstore_STRICT_CYTO_v9.sample5000.jsonl
lectures,lecture::gcs_gs_pathology_hub_02_normalized_lectures_lecture_chunks::000000000_000000000_000860,Breast::Lectures::Breast_Lecture_IHC::GATA3_Expression_in_Breast_Cancer_Subtypes,::Lectures::,Benign Cystic Neck Mass (Case 01),data/curriculum_map_readiness_v0/lecture_timecoded_vector_docstore_STRICT_CYTO_v9.sample5000.jsonl
lectures,lecture::gcs_gs_pathology_hub_02_normalized_lectures_lecture_chunks::000000000_000000000_000861,Breast::Lectures::Breast_Lecture_IHC::GATA3_as_a_Diagnostic_Marker_in_Triple_Negative_Breast_Cancer,::Lectures::,Benign Cystic Neck Mass (Case 01),data/curriculum_map_readiness_v0/lecture_timecoded_vector_docstore_STRICT_CYTO_v9.sample5000.jsonl
lectures,lecture::gcs_gs_pathology_hub_02_normalized_lectures_lecture_chunks::000000000_000000000_000862,Breast::Lectures::Breast_Lecture_IHC::SOX10_Marker_for_Breast_and_Salivary_Gland_Tumors,::Lectures::,Benign Cystic Neck Mass (Case 01),data/curriculum_map_readiness_v0/lecture_timecoded_vector_docstore_STRICT_CYTO_v9.sample5000.jsonl
lectures,lecture::gcs_gs_pathology_hub_02_normalized_lectures_lecture_chunks::000000000_000000000_000865,Breast::Lectures::Breast_Lecture_IHC::IHC_Markers_for_Metastatic_Breast_Cancer_Diagnosis,::Lectures::,Benign Cystic Neck Mass (Case 01),data/curriculum_map_readiness_v0/lecture_timecoded_vector_docstore_STRICT_CYTO_v9.sample5000.jsonl
lectures,lecture::gcs_gs_pathology_hub_02_normalized_lectures_lecture_chunks::000000000_000000000_000866,Breast::Lectures::Breast_Lecture_IHC::Distinguishing_Breast_Cancer_from_Lung_Primary_Cancer,::Lectures::,Benign Cystic Neck Mass (Case 01),data/curriculum_map_readiness_v0/lecture_timecoded_vector_docstore_STRICT_CYTO_v9.sample5000.jsonl
lectures,lecture::gcs_gs_pathology_hub_02_normalized_lectures_lecture_chunks::000000000_000000000_000867,Breast::Lectures::Breast_Lecture_IHC::Adenocarcinoma_Distinguishing_Breast_vs_Lung_Origin,::Lectures::,Benign Cystic Neck Mass (Case 01),data/curriculum_map_readiness_v0/lecture_timecoded_vector_docstore_STRICT_CYTO_v9.sample5000.jsonl
lectures,lecture::gcs_gs_pathology_hub_02_normalized_lectures_lecture_chunks::000000000_000000000_000868,Breast::Lectures::Breast_Lecture_IHC::Adenocarcinoma_Differential_Diagnosis_in_Breast_vs_Lung,::Lectures::,Benign Cystic Neck Mass (Case 01),data/curriculum_map_readiness_v0/lecture_timecoded_vector_docstore_STRICT_CYTO_v9.sample5000.jsonl
lectures,lecture::gcs_gs_pathology_hub_02_normalized_lectures_lecture_chunks::000000000_000000000_000869,Breast::Lectures::Breast_Lecture_IHC::Adenocarcinoma_Comparing_Breast_and_Lung_Cancer,::Lectures::,Benign Cystic Neck Mass (Case 01),data/curriculum_map_readiness_v0/lecture_timecoded_vector_docstore_STRICT_CYTO_v9.sample5000.jsonl
lectures,lecture::gcs_gs_pathology_hub_02_normalized_lectures_lecture_chunks::000000000_000000000_000870,Breast::Lectures::Breast_Lecture_IHC::Adenocarcinoma_Differential_Diagnosis_of_Breast_vs_Lung_Cancer,::Lectures::,Benign Cystic Neck Mass (Case 01),data/curriculum_map_readiness_v0/lecture_timecoded_vector_docstore_STRICT_CYTO_v9.sample5000.jsonl
lectures,lecture::gcs_gs_pathology_hub_02_normalized_lectures_lecture_chunks::000000000_000000000_000871,Breast::Lectures::Breast_Lecture_IHC::ER_Expression_in_Lung_Adenocarcinomas_A_Comparative_Study,::Lectures::,Benign Cystic Neck Mass (Case 01),data/curriculum_map_readiness_v0/lecture_timecoded_vector_docstore_STRICT_CYTO_v9.sample5000.jsonl
lectures,lecture::gcs_gs_pathology_hub_02_normalized_lectures_lecture_chunks::000000000_000000000_000872,Breast::Lectures::Breast_Lecture_IHC::TTF_1_Expression_in_Breast_Carcinomas_Prevalence_and_Clinical_Correlations,::Lectures::,Benign Cystic Neck Mass (Case 01),data/curriculum_map_readiness_v0/lecture_timecoded_vector_docstore_STRICT_CYTO_v9.sample5000.jsonl
lectures,lecture::gcs_gs_pathology_hub_02_normalized_lectures_lecture_chunks::000000000_000000000_000873,Breast::Lectures::Breast_Lecture_IHC::Adenocarcinoma_Distinguishing_Breast_vs_Lung_Primary,::Lectures::,Benign Cystic Neck Mass (Case 01),data/curriculum_map_readiness_v0/lecture_timecoded_vector_docstore_STRICT_CYTO_v9.sample5000.jsonl
lectures,lecture::gcs_gs_pathology_hub_02_normalized_lectures_lecture_chunks::000000000_000000000_000874,Breast::Lectures::Breast_Lecture_IHC::Metastatic_Breast_Cancer_Diagnosis_Immunohistochemical_Markers,::Lectures::,Benign Cystic Neck Mass (Case 01),data/curriculum_map_readiness_v0/lecture_timecoded_vector_docstore_STRICT_CYTO_v9.sample5000.jsonl
lectures,lecture::gcs_gs_pathology_hub_02_normalized_lectures_lecture_chunks::000000000_000000000_000875,Breast::Lectures::Breast_Lecture_IHC::Triple_Negative_Breast_Cancer_vs_Lung_Adenocarcinoma_SOX10_Diagnostic_Utility,::Lectures::,Benign Cystic Neck Mass (Case 01),data/curriculum_map_readiness_v0/lecture_timecoded_vector_docstore_STRICT_CYTO_v9.sample5000.jsonl
lectures,lecture::gcs_gs_pathology_hub_02_normalized_lectures_lecture_chunks::000000000_000000000_000877,Breast::Lectures::Breast_Lecture_IHC::Additional_Markers_for_Metastatic_Workup_of_Breast_Cancer,::Lectures::,Benign Cystic Neck Mass (Case 01),data/curriculum_map_readiness_v0/lecture_timecoded_vector_docstore_STRICT_CYTO_v9.sample5000.jsonl
lectures,lecture::gcs_gs_pathology_hub_02_normalized_lectures_lecture_chunks::000000000_000000000_000881,Breast::Lectures::Breast_Lecture_IHC::Immunohistochemistry_in_Ovarian_Cancer_Diagnosis,::Lectures::,Benign Cystic Neck Mass (Case 01),data/curriculum_map_readiness_v0/lecture_timecoded_vector_docstore_STRICT_CYTO_v9.sample5000.jsonl
lectures,lecture::gcs_gs_pathology_hub_02_normalized_lectures_lecture_chunks::000000000_000000000_000882,Breast::Lectures::Breast_Lecture_IHC::Metastatic_Melanoma_Mimicking_Breast_Carcinoma,::Lectures::,Benign Cystic Neck Mass (Case 01),data/curriculum_map_readiness_v0/lecture_timecoded_vector_docstore_STRICT_CYTO_v9.sample5000.jsonl
lectures,lecture::gcs_gs_pathology_hub_02_normalized_lectures_lecture_chunks::000000000_000000000_000883,Breast::Lectures::Breast_Lecture_IHC::Metastatic_Melanoma_to_Breast_IHC_Markers,::Lectures::,Benign Cystic Neck Mass (Case 01),data/curriculum_map_readiness_v0/lecture_timecoded_vector_docstore_STRICT_CYTO_v9.sample5000.jsonl
lectures,lecture::gcs_gs_pathology_hub_02_normalized_lectures_lecture_chunks::000000000_000000000_000884,Breast::Lectures::Breast_Lecture_IHC::Key_Considerations_for_Metastatic_Tumor_Analysis,::Lectures::,Benign Cystic Neck Mass (Case 01),data/curriculum_map_readiness_v0/lecture_timecoded_vector_docstore_STRICT_CYTO_v9.sample5000.jsonl
lectures,lecture::gcs_gs_pathology_hub_02_normalized_lectures_lecture_chunks::000000000_000000000_000885,Breast::Lectures::Breast_Lecture_IHC::Immunohistochemistry_in_Breast_Pathology,::Lectures::,Benign Cystic Neck Mass (Case 01),data/curriculum_map_readiness_v0/lecture_timecoded_vector_docstore_STRICT_CYTO_v9.sample5000.jsonl
lectures,lecture::gcs_gs_pathology_hub_02_normalized_lectures_lecture_chunks::000000000_000000000_000887,Breast::Lectures::Breast_Lecture_IHC::Occult_Metastases_IHC_Impact_on_Survival,::Lectures::,Benign Cystic Neck Mass (Case 01),data/curriculum_map_readiness_v0/lecture_timecoded_vector_docstore_STRICT_CYTO_v9.sample5000.jsonl
lectures,lecture::gcs_gs_pathology_hub_02_normalized_lectures_lecture_chunks::000000000_000000000_000889,Breast::Lectures::Breast_Lecture_IHC::Immunohistochemistry_in_Breast_Pathology,::Lectures::,Benign Cystic Neck Mass (Case 01),data/curriculum_map_readiness_v0/lecture_timecoded_vector_docstore_STRICT_CYTO_v9.sample5000.jsonl
lectures,lecture::gcs_gs_pathology_hub_02_normalized_lectures_lecture_chunks::000000000_000000000_000890,Breast::Lectures::Breast_Lecture_IHC::Practical_Immunohistochemistry_in_Breast_Pathology,::Lectures::,Benign Cystic Neck Mass (Case 01),data/curriculum_map_readiness_v0/lecture_timecoded_vector_docstore_STRICT_CYTO_v9.sample5000.jsonl
lectures,lecture::gcs_gs_pathology_hub_02_normalized_lectures_lecture_chunks::000000000_000000000_000891,Breast::Lectures::Breast_Lecture_IHC::Pathology_Resident_Team_Introduction,::Lectures::,Benign Cystic Neck Mass (Case 01),data/curriculum_map_readiness_v0/lecture_timecoded_vector_docstore_STRICT_CYTO_v9.sample5000.jsonl
lectures,lecture::gcs_gs_pathology_hub_02_normalized_lectures_lecture_chunks::000000000_000000000_000892,Breast::Lectures::Breast_Lecture_IHC::Practical_Immunohistochemistry_in_Breast_Pathology,::Lectures::,Benign Cystic Neck Mass (Case 01),data/curriculum_map_readiness_v0/lecture_timecoded_vector_docstore_STRICT_CYTO_v9.sample5000.jsonl
lectures,lecture::gcs_gs_pathology_hub_02_normalized_lectures_lecture_chunks::000000000_000000000_000893,Breast::Lectures::Breast_Lecture_IHC::Practical_Immunohistochemistry_in_Breast_Pathology,::Lectures::,Benign Cystic Neck Mass (Case 01),data/curriculum_map_readiness_v0/lecture_timecoded_vector_docstore_STRICT_CYTO_v9.sample5000.jsonl
lectures,lecture::gcs_gs_pathology_hub_02_normalized_lectures_lecture_chunks::000000000_000000000_000894,Breast::Lectures::Breast_Lecture_IHC::PGY1_Pathology_Team_Members,::Lectures::,Benign Cystic Neck Mass (Case 01),data/curriculum_map_readiness_v0/lecture_timecoded_vector_docstore_STRICT_CYTO_v9.sample5000.jsonl
lectures,lecture::gcs_gs_pathology_hub_02_normalized_lectures_lecture_chunks::000000000_000000000_000895,Breast::Lectures::Breast_Lecture_IHC::Team_Introduction_Slide,::Lectures::,Benign Cystic Neck Mass (Case 01),data/curriculum_map_readiness_v0/lecture_timecoded_vector_docstore_STRICT_CYTO_v9.sample5000.jsonl
lectures,lecture::gcs_gs_pathology_hub_02_normalized_lectures_lecture_chunks::000000000_000000000_000896,Breast::Lectures::Breast_Lecture_IHC::Team_Introductions_Poonam_Vohra_Nesli_Kayraklioglu_et_al,::Lectures::,Benign Cystic Neck Mass (Case 01),data/curriculum_map_readiness_v0/lecture_timecoded_vector_docstore_STRICT_CYTO_v9.sample5000.jsonl
lectures,lecture::gcs_gs_pathology_hub_02_normalized_lectures_lecture_chunks::000000000_000000000_000897,Breast::Lectures::Breast_Lecture_Invasive::Error_Image_Missing,::Lectures::,Benign Cystic Neck Mass (Case 01),data/curriculum_map_readiness_v0/lecture_timecoded_vector_docstore_STRICT_CYTO_v9.sample5000.jsonl
lectures,lecture::gcs_gs_pathology_hub_02_normalized_lectures_lecture_chunks::000000000_000000000_000897,Breast::Lectures::Breast_Lecture_Invasive::Error_Image_Missing,::Error,Benign Cystic Neck Mass (Case 01),data/curriculum_map_readiness_v0/lecture_timecoded_vector_docstore_STRICT_CYTO_v9.sample5000.jsonl
lectures,lecture::gcs_gs_pathology_hub_02_normalized_lectures_lecture_chunks::000000000_000000000_000903,Breast::Lectures::Breast_Lecture_Invasive::Rare_Breast_Tumor_Subtypes_Salivary_Gland_and_Neuroendocrine,::Lectures::,Benign Cystic Neck Mass (Case 01),data/curriculum_map_readiness_v0/lecture_timecoded_vector_docstore_STRICT_CYTO_v9.sample5000.jsonl
lectures,lecture::gcs_gs_pathology_hub_02_normalized_lectures_lecture_chunks::000000000_000000000_000904,Breast::Lectures::Breast_Lecture_Invasive::Histologic_Types_of_Breast_Tumors,::Lectures::,Benign Cystic Neck Mass (Case 01),data/curriculum_map_readiness_v0/lecture_timecoded_vector_docstore_STRICT_CYTO_v9.sample5000.jsonl
lectures,lecture::gcs_gs_pathology_hub_02_normalized_lectures_lecture_chunks::000000000_000000000_000915,Breast::Lectures::Breast_Lecture_Invasive::Breast_Cancer_Recurrence_Risk_and_Treatment,::Lectures::,Benign Cystic Neck Mass (Case 01),data/curriculum_map_readiness_v0/lecture_timecoded_vector_docstore_STRICT_CYTO_v9.sample5000.jsonl
lectures,lecture::gcs_gs_pathology_hub_02_normalized_lectures_lecture_chunks::000000000_000000000_000918,Breast::Lectures::Breast_Lecture_Invasive::21st_Century_Breast_Cancer_Prognosis_and_Subtypes,::Lectures::,Benign Cystic Neck Mass (Case 01),data/curriculum_map_readiness_v0/lecture_timecoded_vector_docstore_STRICT_CYTO_v9.sample5000.jsonl
lectures,lecture::gcs_gs_pathology_hub_02_normalized_lectures_lecture_chunks::000000000_000000000_000920,Breast::Lectures::Breast_Lecture_Invasive::Diagnosing_Special_Type_Breast_Cancer_Percentage_Guidelines,::Lectures::,Benign Cystic Neck Mass (Case 01),data/curriculum_map_readiness_v0/lecture_timecoded_vector_docstore_STRICT_CYTO_v9.sample5000.jsonl
lectures,lecture::gcs_gs_pathology_hub_02_normalized_lectures_lecture_chunks::000000000_000000000_000926,Breast::Lectures::Breast_Lecture_Invasive::Lobular_Carcinoma_Macroscopic_and_Microscopic_Disease,::Lectures::,Benign Cystic Neck Mass (Case 01),data/curriculum_map_readiness_v0/lecture_timecoded_vector_docstore_STRICT_CYTO_v9.sample5000.jsonl
lectures,lecture::gcs_gs_pathology_hub_02_normalized_lectures_lecture_chunks::000000000_000000000_000952,Breast::Lectures::Breast_Lecture_Invasive::Invasive_Mixed_Ductal_and_Lobular_Carcinoma_Diagnosis_and_Terminology,::Lectures::,Benign Cystic Neck Mass (Case 01),data/curriculum_map_readiness_v0/lecture_timecoded_vector_docstore_STRICT_CYTO_v9.sample5000.jsonl
lectures,lecture::gcs_gs_pathology_hub_02_normalized_lectures_lecture_chunks::000000000_000000000_000961,Breast::Lectures::Breast_Lecture_Invasive::Radial_Sclerosing_Lesion_Histological_Example,::Lectures::,Benign Cystic Neck Mass (Case 01),data/curriculum_map_readiness_v0/lecture_timecoded_vector_docstore_STRICT_CYTO_v9.sample5000.jsonl
lectures,lecture::gcs_gs_pathology_hub_02_normalized_lectures_lecture_chunks::000000000_000000000_000962,Breast::Lectures::Breast_Lecture_Invasive::Radial_Sclerosing_Lesion_p63_Stain_and_Diagnosis,::Lectures::,Benign Cystic Neck Mass (Case 01),data/curriculum_map_readiness_v0/lecture_timecoded_vector_docstore_STRICT_CYTO_v9.sample5000.jsonl
lectures,lecture::gcs_gs_pathology_hub_02_normalized_lectures_lecture_chunks::000000000_000000000_000965,Breast::Lectures::Breast_Lecture_Invasive::Well_Differentiated_IDC_Microscopic_Image,::Lectures::,Benign Cystic Neck Mass (Case 01),data/curriculum_map_readiness_v0/lecture_timecoded_vector_docstore_STRICT_CYTO_v9.sample5000.jsonl
lectures,lecture::gcs_gs_pathology_hub_02_normalized_lectures_lecture_chunks::000000000_000000000_000978,Breast::Lectures::Breast_Lecture_Invasive::Mucinous_Colloid_Carcinoma_of_the_Breast,::Lectures::,Benign Cystic Neck Mass (Case 01),data/curriculum_map_readiness_v0/lecture_timecoded_vector_docstore_STRICT_CYTO_v9.sample5000.jsonl
lectures,lecture::gcs_gs_pathology_hub_02_normalized_lectures_lecture_chunks::000000000_000000000_000980,Breast::Lectures::Breast_Lecture_Invasive::Mixed_Mucinous_and_Ductal_Carcinoma_Gross_Pathology,::Lectures::,Benign Cystic Neck Mass (Case 01),data/curriculum_map_readiness_v0/lecture_timecoded_vector_docstore_STRICT_CYTO_v9.sample5000.jsonl
lectures,lecture::gcs_gs_pathology_hub_02_normalized_lectures_lecture_chunks::000000000_000000000_000990,Breast::Lectures::Breast_Lecture_Invasive::Tumor_Typing_and_Grading_Prognostic_Significance,::Lectures::,Benign Cystic Neck Mass (Case 01),data/curriculum_map_readiness_v0/lecture_timecoded_vector_docstore_STRICT_CYTO_v9.sample5000.jsonl
lectures,lecture::gcs_gs_pathology_hub_02_normalized_lectures_lecture_chunks::000000000_000000000_001004,Breast::Lectures::Breast_Lecture_Lobular::Error_Image_Missing,::Lectures::,Benign Cystic Neck Mass (Case 01),data/curriculum_map_readiness_v0/lecture_timecoded_vector_docstore_STRICT_CYTO_v9.sample5000.jsonl
lectures,lecture::gcs_gs_pathology_hub_02_normalized_lectures_lecture_chunks::000000000_000000000_001004,Breast::Lectures::Breast_Lecture_Lobular::Error_Image_Missing,::Error,Benign Cystic Neck Mass (Case 01),data/curriculum_map_readiness_v0/lecture_timecoded_vector_docstore_STRICT_CYTO_v9.sample5000.jsonl
lectures,lecture::gcs_gs_pathology_hub_02_normalized_lectures_lecture_chunks::000000000_000000000_001006,Breast::Lectures::Breast_Lecture_Lobular::Dr_James_Ewing_TIME_Magazine_s_Cancer_Man,::Lectures::,Benign Cystic Neck Mass (Case 01),data/curriculum_map_readiness_v0/lecture_timecoded_vector_docstore_STRICT_CYTO_v9.sample5000.jsonl
lectures,lecture::gcs_gs_pathology_hub_02_normalized_lectures_lecture_chunks::000000000_000000000_001007,Breast::Lectures::Breast_Lecture_Lobular::Dr_James_Ewing_and_Neoplastic_Diseases_1919,::Lectures::,Benign Cystic Neck Mass (Case 01),data/curriculum_map_readiness_v0/lecture_timecoded_vector_docstore_STRICT_CYTO_v9.sample5000.jsonl
lectures,lecture::gcs_gs_pathology_hub_02_normalized_lectures_lecture_chunks::000000000_000000000_001008,Breast::Lectures::Breast_Lecture_Lobular::Ewing_s_1919_Research_Precancerous_Breast_Changes,::Lectures::,Benign Cystic Neck Mass (Case 01),data/curriculum_map_readiness_v0/lecture_timecoded_vector_docstore_STRICT_CYTO_v9.sample5000.jsonl
lectures,lecture::gcs_gs_pathology_hub_02_normalized_lectures_lecture_chunks::000000000_000000000_001024,Breast::Lectures::Breast_Lecture_Lobular::Breast_Biopsy_Outcomes_Concordant_vs_Discordant_Lesions,::Lectures::,Benign Cystic Neck Mass (Case 01),data/curriculum_map_readiness_v0/lecture_timecoded_vector_docstore_STRICT_CYTO_v9.sample5000.jsonl
lectures,lecture::gcs_gs_pathology_hub_02_normalized_lectures_lecture_chunks::000000000_000000000_001032,Breast::Lectures::Breast_Lecture_Lobular::Overdiagnosis_and_Underdiagnosis_in_Differential_Diagnosis,::Lectures::,Benign Cystic Neck Mass (Case 01),data/curriculum_map_readiness_v0/lecture_timecoded_vector_docstore_STRICT_CYTO_v9.sample5000.jsonl
lectures,lecture::gcs_gs_pathology_hub_02_normalized_lectures_lecture_chunks::000000000_000000000_001033,Breast::Lectures::Breast_Lecture_Lobular::Identifying_AOH_Loss_of_Lumen_at_Low_Power,::Lectures::,Benign Cystic Neck Mass (Case 01),data/curriculum_map_readiness_v0/lecture_timecoded_vector_docstore_STRICT_CYTO_v9.sample5000.jsonl
lectures,lecture::gcs_gs_pathology_hub_02_normalized_lectures_lecture_chunks::000000000_000000000_001069,Breast::Lectures::Breast_Lecture_Lobular::Interpreting_and_Managing_Pituitary_Adenomas,::Lectures::,Benign Cystic Neck Mass (Case 01),data/curriculum_map_readiness_v0/lecture_timecoded_vector_docstore_STRICT_CYTO_v9.sample5000.jsonl
lectures,lecture::gcs_gs_pathology_hub_02_normalized_lectures_lecture_chunks::000000000_000000000_001070,Breast::Lectures::Breast_Lecture_Lobular::Population_Legion_Discussion_Wednesday,::Lectures::,Benign Cystic Neck Mass (Case 01),data/curriculum_map_readiness_v0/lecture_timecoded_vector_docstore_STRICT_CYTO_v9.sample5000.jsonl
lectures,lecture::gcs_gs_pathology_hub_02_normalized_lectures_lecture_chunks::000000000_000000000_001071,Breast::Lectures::Breast_Lecture_Normal::Error_Image_Missing,::Lectures::,Benign Cystic Neck Mass (Case 01),data/curriculum_map_readiness_v0/lecture_timecoded_vector_docstore_STRICT_CYTO_v9.sample5000.jsonl
lectures,lecture::gcs_gs_pathology_hub_02_normalized_lectures_lecture_chunks::000000000_000000000_001071,Breast::Lectures::Breast_Lecture_Normal::Error_Image_Missing,::Error,Benign Cystic Neck Mass (Case 01),data/curriculum_map_readiness_v0/lecture_timecoded_vector_docstore_STRICT_CYTO_v9.sample5000.jsonl
lectures,lecture::gcs_gs_pathology_hub_02_normalized_lectures_lecture_chunks::000000000_000000000_001073,Breast::Lectures::Breast_Lecture_Normal::Breast_Pathology_Lecture_Series_Schedule,::Lectures::,Benign Cystic Neck Mass (Case 01),data/curriculum_map_readiness_v0/lecture_timecoded_vector_docstore_STRICT_CYTO_v9.sample5000.jsonl
lectures,lecture::gcs_gs_pathology_hub_02_normalized_lectures_lecture_chunks::000000000_000000000_001074,Breast::Lectures::Breast_Lecture_Normal::Breast_Pathology_Course_Outline,::Lectures::,Benign Cystic Neck Mass (Case 01),data/curriculum_map_readiness_v0/lecture_timecoded_vector_docstore_STRICT_CYTO_v9.sample5000.jsonl
lectures,lecture::gcs_gs_pathology_hub_02_normalized_lectures_lecture_chunks::000000000_000000000_001075,Breast::Lectures::Breast_Lecture_Normal::Recommended_Resources_for_Breast_Pathology,::Lectures::,Benign Cystic Neck Mass (Case 01),data/curriculum_map_readiness_v0/lecture_timecoded_vector_docstore_STRICT_CYTO_v9.sample5000.jsonl
lectures,lecture::gcs_gs_pathology_hub_02_normalized_lectures_lecture_chunks::000000000_000000000_001076,Breast::Lectures::Breast_Lecture_Normal::Scope_of_Breast_Cancer_in_the_USA,::Lectures::,Benign Cystic Neck Mass (Case 01),data/curriculum_map_readiness_v0/lecture_timecoded_vector_docstore_STRICT_CYTO_v9.sample5000.jsonl
lectures,lecture::gcs_gs_pathology_hub_02_normalized_lectures_lecture_chunks::000000000_000000000_001077,Breast::Lectures::Breast_Lecture_Normal::Increased_Breast_Cancer_Diagnosis_and_the_Overdiagnosis_Problem,::Lectures::,Benign Cystic Neck Mass (Case 01),data/curriculum_map_readiness_v0/lecture_timecoded_vector_docstore_STRICT_CYTO_v9.sample5000.jsonl
lectures,lecture::gcs_gs_pathology_hub_02_normalized_lectures_lecture_chunks::000000000_000000000_001078,Breast::Lectures::Breast_Lecture_Normal::Benign_Breast_Lesions_Atypia_and_Cancer_Risk,::Lectures::,Benign Cystic Neck Mass (Case 01),data/curriculum_map_readiness_v0/lecture_timecoded_vector_docstore_STRICT_CYTO_v9.sample5000.jsonl
lectures,lecture::gcs_gs_pathology_hub_02_normalized_lectures_lecture_chunks::000000000_000000000_001079,Breast::Lectures::Breast_Lecture_Normal::Evolution_of_Breast_Cancer_Treatment,::Lectures::,Benign Cystic Neck Mass (Case 01),data/curriculum_map_readiness_v0/lecture_timecoded_vector_docstore_STRICT_CYTO_v9.sample5000.jsonl
lectures,lecture::gcs_gs_pathology_hub_02_normalized_lectures_lecture_chunks::000000000_000000000_001080,Breast::Lectures::Breast_Lecture_Normal::Breast_Cancer_Treatment_Overview,::Lectures::,Benign Cystic Neck Mass (Case 01),data/curriculum_map_readiness_v0/lecture_timecoded_vector_docstore_STRICT_CYTO_v9.sample5000.jsonl
lectures,lecture::gcs_gs_pathology_hub_02_normalized_lectures_lecture_chunks::000000000_000000000_001081,Breast::Lectures::Breast_Lecture_Normal::Evolution_of_Cancer_Treatment_Decision_Analysis,::Lectures::,Benign Cystic Neck Mass (Case 01),data/curriculum_map_readiness_v0/lecture_timecoded_vector_docstore_STRICT_CYTO_v9.sample5000.jsonl
lectures,lecture::gcs_gs_pathology_hub_02_normalized_lectures_lecture_chunks::000000000_000000000_001082,Breast::Lectures::Breast_Lecture_Normal::The_Expanding_Role_of_the_Pathologist,::Lectures::,Benign Cystic Neck Mass (Case 01),data/curriculum_map_readiness_v0/lecture_timecoded_vector_docstore_STRICT_CYTO_v9.sample5000.jsonl
lectures,lecture::gcs_gs_pathology_hub_02_normalized_lectures_lecture_chunks::000000000_000000000_001083,Breast::Lectures::Breast_Lecture_Normal::Breast_Specimen_Types_Indications_and_Procedures,::Lectures::,Benign Cystic Neck Mass (Case 01),data/curriculum_map_readiness_v0/lecture_timecoded_vector_docstore_STRICT_CYTO_v9.sample5000.jsonl
lectures,lecture::gcs_gs_pathology_hub_02_normalized_lectures_lecture_chunks::000000000_000000000_001091,Breast::Lectures::Breast_Lecture_Normal::Polarization_Microscopy_Enhancing_H_and_N_Visibility,::Lectures::,Benign Cystic Neck Mass (Case 01),data/curriculum_map_readiness_v0/lecture_timecoded_vector_docstore_STRICT_CYTO_v9.sample5000.jsonl
lectures,lecture::gcs_gs_pathology_hub_02_normalized_lectures_lecture_chunks::000000000_000000000_001096,Breast::Lectures::Breast_Lecture_Normal::Mammogram_Image_Segmental_Duct_System_in_Right_Breast,::Lectures::,Benign Cystic Neck Mass (Case 01),data/curriculum_map_readiness_v0/lecture_timecoded_vector_docstore_STRICT_CYTO_v9.sample5000.jsonl
lectures,lecture::gcs_gs_pathology_hub_02_normalized_lectures_lecture_chunks::000000000_000000000_001097,Breast::Lectures::Breast_Lecture_Normal::Breast_Quadrant_Analysis_in_Pathology,::Lectures::,Benign Cystic Neck Mass (Case 01),data/curriculum_map_readiness_v0/lecture_timecoded_vector_docstore_STRICT_CYTO_v9.sample5000.jsonl
lectures,lecture::gcs_gs_pathology_hub_02_normalized_lectures_lecture_chunks::000000000_000000000_001099,Breast::Lectures::Breast_Lecture_Normal::Breast_Cancer_Lymphatic_Drainage_and_Nodal_Involvement,::Lectures::,Benign Cystic Neck Mass (Case 01),data/curriculum_map_readiness_v0/lecture_timecoded_vector_docstore_STRICT_CYTO_v9.sample5000.jsonl
lectures,lecture::gcs_gs_pathology_hub_02_normalized_lectures_lecture_chunks::000000000_000000000_001103,Breast::Lectures::Breast_Lecture_Normal::Microscopic_Image_Lobules_and_Fibroid_Tissue,::Lectures::,Benign Cystic Neck Mass (Case 01),data/curriculum_map_readiness_v0/lecture_timecoded_vector_docstore_STRICT_CYTO_v9.sample5000.jsonl
lectures,lecture::gcs_gs_pathology_hub_02_normalized_lectures_lecture_chunks::000000000_000000000_001105,Breast::Lectures::Breast_Lecture_Normal::Epithelial_Component_in_Histological_Sample,::Lectures::,Benign Cystic Neck Mass (Case 01),data/curriculum_map_readiness_v0/lecture_timecoded_vector_docstore_STRICT_CYTO_v9.sample5000.jsonl
lectures,lecture::gcs_gs_pathology_hub_02_normalized_lectures_lecture_chunks::000000000_000000000_001106,Breast::Lectures::Breast_Lecture_Normal::Breast_Epithelial_Cell_Morphology_and_Hormonal_Changes,::Lectures::,Benign Cystic Neck Mass (Case 01),data/curriculum_map_readiness_v0/lecture_timecoded_vector_docstore_STRICT_CYTO_v9.sample5000.jsonl
lectures,lecture::gcs_gs_pathology_hub_02_normalized_lectures_lecture_chunks::000000000_000000000_001107,Breast::Lectures::Breast_Lecture_Normal::Hormonal_Effects_on_Epithelial_Cell_Cytomorphology,::Lectures::,Benign Cystic Neck Mass (Case 01),data/curriculum_map_readiness_v0/lecture_timecoded_vector_docstore_STRICT_CYTO_v9.sample5000.jsonl
lectures,lecture::gcs_gs_pathology_hub_02_normalized_lectures_lecture_chunks::000000000_000000000_001108,Breast::Lectures::Breast_Lecture_Normal::Lactational_Secretory_Breast_Changes_Microscopic_Images,::Lectures::,Benign Cystic Neck Mass (Case 01),data/curriculum_map_readiness_v0/lecture_timecoded_vector_docstore_STRICT_CYTO_v9.sample5000.jsonl
lectures,lecture::gcs_gs_pathology_hub_02_normalized_lectures_lecture_chunks::000000000_000000000_001109,Breast::Lectures::Breast_Lecture_Normal::Apocrine_Metaplasia_in_Breast_Biopsies,::Lectures::,Benign Cystic Neck Mass (Case 01),data/curriculum_map_readiness_v0/lecture_timecoded_vector_docstore_STRICT_CYTO_v9.sample5000.jsonl
lectures,lecture::gcs_gs_pathology_hub_02_normalized_lectures_lecture_chunks::000000000_000000000_001110,Breast::Lectures::Breast_Lecture_Normal::Postmenopausal_Breast_Atrophy_Microscopic_Appearance,::Lectures::,Benign Cystic Neck Mass (Case 01),data/curriculum_map_readiness_v0/lecture_timecoded_vector_docstore_STRICT_CYTO_v9.sample5000.jsonl
lectures,lecture::gcs_gs_pathology_hub_02_normalized_lectures_lecture_chunks::000000000_000000000_001111,Breast::Lectures::Breast_Lecture_Normal::Radiation_Effect_on_Tissue_Colonization,::Lectures::,Benign Cystic Neck Mass (Case 01),data/curriculum_map_readiness_v0/lecture_timecoded_vector_docstore_STRICT_CYTO_v9.sample5000.jsonl
lectures,lecture::gcs_gs_pathology_hub_02_normalized_lectures_lecture_chunks::000000000_000000000_001112,Breast::Lectures::Breast_Lecture_Normal::Radiation_Effects_on_the_Terminal_Ductal_System,::Lectures::,Benign Cystic Neck Mass (Case 01),data/curriculum_map_readiness_v0/lecture_timecoded_vector_docstore_STRICT_CYTO_v9.sample5000.jsonl
lectures,lecture::gcs_gs_pathology_hub_02_normalized_lectures_lecture_chunks::000000000_000000000_001114,Breast::Lectures::Breast_Lecture_Normal::Radiation_Induced_Stromal_Atypia_Microscopic_Images,::Lectures::,Benign Cystic Neck Mass (Case 01),data/curriculum_map_readiness_v0/lecture_timecoded_vector_docstore_STRICT_CYTO_v9.sample5000.jsonl
lectures,lecture::gcs_gs_pathology_hub_02_normalized_lectures_lecture_chunks::000000000_000000000_001115,Breast::Lectures::Breast_Lecture_Normal::Comparison_of_Intralobular_and_Extralobular_Stroma,::Lectures::,Benign Cystic Neck Mass (Case 01),data/curriculum_map_readiness_v0/lecture_timecoded_vector_docstore_STRICT_CYTO_v9.sample5000.jsonl
lectures,lecture::gcs_gs_pathology_hub_02_normalized_lectures_lecture_chunks::000000000_000000000_001117,Breast::Lectures::Breast_Lecture_Normal::Microscopic_View_of_Laciferous_Ducts,::Lectures::,Benign Cystic Neck Mass (Case 01),data/curriculum_map_readiness_v0/lecture_timecoded_vector_docstore_STRICT_CYTO_v9.sample5000.jsonl
lectures,lecture::gcs_gs_pathology_hub_02_normalized_lectures_lecture_chunks::000000000_000000000_001119,Breast::Lectures::Breast_Lecture_Normal::Microscopic_View_of_Lactifurous_Sinus_and_Squamous_Epithelium,::Lectures::,Benign Cystic Neck Mass (Case 01),data/curriculum_map_readiness_v0/lecture_timecoded_vector_docstore_STRICT_CYTO_v9.sample5000.jsonl
lectures,lecture::gcs_gs_pathology_hub_02_normalized_lectures_lecture_chunks::000000000_000000000_001120,Breast::Lectures::Breast_Lecture_Normal::Squamo_Columnar_Junction_in_the_Nipple,::Lectures::,Benign Cystic Neck Mass (Case 01),data/curriculum_map_readiness_v0/lecture_timecoded_vector_docstore_STRICT_CYTO_v9.sample5000.jsonl
lectures,lecture::gcs_gs_pathology_hub_02_normalized_lectures_lecture_chunks::000000000_000000000_001121,Breast::Lectures::Breast_Lecture_Normal::Breast_Tissue_Pathology_Normal_Cells_vs_Diseases,::Lectures::,Benign Cystic Neck Mass (Case 01),data/curriculum_map_readiness_v0/lecture_timecoded_vector_docstore_STRICT_CYTO_v9.sample5000.jsonl
lectures,lecture::gcs_gs_pathology_hub_02_normalized_lectures_lecture_chunks::000000000_000000000_001122,Breast::Lectures::Breast_Lecture_Normal::CK7_and_CK20_Immunohistochemistry_in_Breast_Epithelium,::Lectures::,Benign Cystic Neck Mass (Case 01),data/curriculum_map_readiness_v0/lecture_timecoded_vector_docstore_STRICT_CYTO_v9.sample5000.jsonl
lectures,lecture::gcs_gs_pathology_hub_02_normalized_lectures_lecture_chunks::000000000_000000000_001123,Breast::Lectures::Breast_Lecture_Normal::High_Molecular_Weight_Keratin_CK5_6_Immunohistochemistry,::Lectures::,Benign Cystic Neck Mass (Case 01),data/curriculum_map_readiness_v0/lecture_timecoded_vector_docstore_STRICT_CYTO_v9.sample5000.jsonl
lectures,lecture::gcs_gs_pathology_hub_02_normalized_lectures_lecture_chunks::000000000_000000000_001124,Breast::Lectures::Breast_Lecture_Normal::Breast_Epithelial_Specific_Markers_Mammaglobin_GCDFP_15_and_GATA3,::Lectures::,Benign Cystic Neck Mass (Case 01),data/curriculum_map_readiness_v0/lecture_timecoded_vector_docstore_STRICT_CYTO_v9.sample5000.jsonl
lectures,lecture::gcs_gs_pathology_hub_02_normalized_lectures_lecture_chunks::000000000_000000000_001125,Breast::Lectures::Breast_Lecture_Normal::Differential_Expression_of_Mammaglobin_and_GCDFP_15_in_Breast_Tissue,::Lectures::,Benign Cystic Neck Mass (Case 01),data/curriculum_map_readiness_v0/lecture_timecoded_vector_docstore_STRICT_CYTO_v9.sample5000.jsonl
lectures,lecture::gcs_gs_pathology_hub_02_normalized_lectures_lecture_chunks::000000000_000000000_001130,Breast::Lectures::Breast_Lecture_Normal::Immunohistochemical_Markers_for_Endothelial_Cells,::Lectures::,Benign Cystic Neck Mass (Case 01),data/curriculum_map_readiness_v0/lecture_timecoded_vector_docstore_STRICT_CYTO_v9.sample5000.jsonl
lectures,lecture::gcs_gs_pathology_hub_02_normalized_lectures_lecture_chunks::000000000_000000000_001131,Breast::Lectures::Breast_Lecture_Normal::CD34_and_D240_Immunohistochemistry_in_Breast_Stroma,::Lectures::,Benign Cystic Neck Mass (Case 01),data/curriculum_map_readiness_v0/lecture_timecoded_vector_docstore_STRICT_CYTO_v9.sample5000.jsonl
lectures,lecture::gcs_gs_pathology_hub_02_normalized_lectures_lecture_chunks::000000000_000000000_001132,Breast::Lectures::Breast_Lecture_Normal::D2_40_Immunostaining_in_Lymphatic_Endothelium_and_Myoepithelium,::Lectures::,Benign Cystic Neck Mass (Case 01),data/curriculum_map_readiness_v0/lecture_timecoded_vector_docstore_STRICT_CYTO_v9.sample5000.jsonl
lectures,lecture::gcs_gs_pathology_hub_02_normalized_lectures_lecture_chunks::000000000_000000000_001133,Breast::Lectures::Breast_Lecture_Normal::D2_40_Staining_Patterns_Endothelium_vs_Myoepithelium,::Lectures::,Benign Cystic Neck Mass (Case 01),data/curriculum_map_readiness_v0/lecture_timecoded_vector_docstore_STRICT_CYTO_v9.sample5000.jsonl
lectures,lecture::gcs_gs_pathology_hub_02_normalized_lectures_lecture_chunks::000000000_000000000_001134,Breast::Lectures::Breast_Lecture_Normal::D2_40_Staining_Patterns_in_Stromal_Cell_Background,::Lectures::,Benign Cystic Neck Mass (Case 01),data/curriculum_map_readiness_v0/lecture_timecoded_vector_docstore_STRICT_CYTO_v9.sample5000.jsonl
lectures,lecture::gcs_gs_pathology_hub_02_normalized_lectures_lecture_chunks::000000000_000000000_001135,Breast::Lectures::Breast_Lecture_Normal::D2_40_Staining_Patterns_Endothelium_vs_Myoepithelium,::Lectures::,Benign Cystic Neck Mass (Case 01),data/curriculum_map_readiness_v0/lecture_timecoded_vector_docstore_STRICT_CYTO_v9.sample5000.jsonl
lectures,lecture::gcs_gs_pathology_hub_02_normalized_lectures_lecture_chunks::000000000_000000000_001136,Breast::Lectures::Breast_Lecture_Normal::Approach_to_Diagnosis_of_Breast_Pathology,::Lectures::,Benign Cystic Neck Mass (Case 01),data/curriculum_map_readiness_v0/lecture_timecoded_vector_docstore_STRICT_CYTO_v9.sample5000.jsonl
lectures,lecture::gcs_gs_pathology_hub_02_normalized_lectures_lecture_chunks::000000000_000000000_001137,Breast::Lectures::Breast_Lecture_Normal::Categorizing_Breast_Pathology_Abnormalities,::Lectures::,Benign Cystic Neck Mass (Case 01),data/curriculum_map_readiness_v0/lecture_timecoded_vector_docstore_STRICT_CYTO_v9.sample5000.jsonl
lectures,lecture::gcs_gs_pathology_hub_02_normalized_lectures_lecture_chunks::000000000_000000000_001138,Breast::Lectures::Breast_Lecture_Normal::Basic_Approach_to_Pathology_Classification,::Lectures::,Benign Cystic Neck Mass (Case 01),data/curriculum_map_readiness_v0/lecture_timecoded_vector_docstore_STRICT_CYTO_v9.sample5000.jsonl
lectures,lecture::gcs_gs_pathology_hub_02_normalized_lectures_lecture_chunks::000000000_000000000_001139,Breast::Lectures::Breast_Lecture_Normal::Categorizing_Breast_Abnormalities_A_Diagnostic_Approach,::Lectures::,Benign Cystic Neck Mass (Case 01),data/curriculum_map_readiness_v0/lecture_timecoded_vector_docstore_STRICT_CYTO_v9.sample5000.jsonl
lectures,lecture::gcs_gs_pathology_hub_02_normalized_lectures_lecture_chunks::000000000_000000000_001140,Breast::Lectures::Breast_Lecture_Normal::Histological_Features_of_Ductal_Changes_in_Breast_Tissue,::Lectures::,Benign Cystic Neck Mass (Case 01),data/curriculum_map_readiness_v0/lecture_timecoded_vector_docstore_STRICT_CYTO_v9.sample5000.jsonl
lectures,lecture::gcs_gs_pathology_hub_02_normalized_lectures_lecture_chunks::000000000_000000000_001142,Breast::Lectures::Breast_Lecture_Normal::Glandular_Ductular_Proliferation_Microscopic_Images,::Lectures::,Benign Cystic Neck Mass (Case 01),data/curriculum_map_readiness_v0/lecture_timecoded_vector_docstore_STRICT_CYTO_v9.sample5000.jsonl
lectures,lecture::gcs_gs_pathology_hub_02_normalized_lectures_lecture_chunks::000000000_000000000_001143,Breast::Lectures::Breast_Lecture_Normal::Breast_Pathology_Overview_of_Epithelial_Proliferation,::Lectures::,Benign Cystic Neck Mass (Case 01),data/curriculum_map_readiness_v0/lecture_timecoded_vector_docstore_STRICT_CYTO_v9.sample5000.jsonl
lectures,lecture::gcs_gs_pathology_hub_02_normalized_lectures_lecture_chunks::000000000_000000000_001144,Breast::Lectures::Breast_Lecture_Normal::Questions_and_Answers_Session,::Lectures::,Benign Cystic Neck Mass (Case 01),data/curriculum_map_readiness_v0/lecture_timecoded_vector_docstore_STRICT_CYTO_v9.sample5000.jsonl
lectures,lecture::gcs_gs_pathology_hub_02_normalized_lectures_lecture_chunks::000000000_000000000_001145,Breast::Lectures::Breast_Lecture_Papillary::Error_Image_Missing,::Lectures::,Benign Cystic Neck Mass (Case 01),data/curriculum_map_readiness_v0/lecture_timecoded_vector_docstore_STRICT_CYTO_v9.sample5000.jsonl
lectures,lecture::gcs_gs_pathology_hub_02_normalized_lectures_lecture_chunks::000000000_000000000_001145,Breast::Lectures::Breast_Lecture_Papillary::Error_Image_Missing,::Error,Benign Cystic Neck Mass (Case 01),data/curriculum_map_readiness_v0/lecture_timecoded_vector_docstore_STRICT_CYTO_v9.sample5000.jsonl
lectures,lecture::gcs_gs_pathology_hub_02_normalized_lectures_lecture_chunks::000000000_000000000_001151,Breast::Lectures::Breast_Lecture_Papillary::Microscopic_Appearance_of_Pink_appearing_Tissue,::Lectures::,Benign Cystic Neck Mass (Case 01),data/curriculum_map_readiness_v0/lecture_timecoded_vector_docstore_STRICT_CYTO_v9.sample5000.jsonl
lectures,lecture::gcs_gs_pathology_hub_02_normalized_lectures_lecture_chunks::000000000_000000000_001153,Breast::Lectures::Breast_Lecture_Papillary::Microscopic_Appearance_of_Fibrovascular_Tissue,::Lectures::,Benign Cystic Neck Mass (Case 01),data/curriculum_map_readiness_v0/lecture_timecoded_vector_docstore_STRICT_CYTO_v9.sample5000.jsonl
lectures,lecture::gcs_gs_pathology_hub_02_normalized_lectures_lecture_chunks::000000000_000000000_001159,Breast::Lectures::Breast_Lecture_Papillary::Microscopic_Features_of_Benign_Prostatic_Hyperplasia,::Lectures::,Benign Cystic Neck Mass (Case 01),data/curriculum_map_readiness_v0/lecture_timecoded_vector_docstore_STRICT_CYTO_v9.sample5000.jsonl
lectures,lecture::gcs_gs_pathology_hub_02_normalized_lectures_lecture_chunks::000000000_000000000_001171,Breast::Lectures::Breast_Lecture_Papillary::Pitfalls_in_Interpreting_MEC_Markers_in_Pathology,::Lectures::,Benign Cystic Neck Mass (Case 01),data/curriculum_map_readiness_v0/lecture_timecoded_vector_docstore_STRICT_CYTO_v9.sample5000.jsonl
lectures,lecture::gcs_gs_pathology_hub_02_normalized_lectures_lecture_chunks::000000000_000000000_001172,Breast::Lectures::Breast_Lecture_Papillary::SMM_Stain_Hair_Follicle_Origin_Determination,::Lectures::,Benign Cystic Neck Mass (Case 01),data/curriculum_map_readiness_v0/lecture_timecoded_vector_docstore_STRICT_CYTO_v9.sample5000.jsonl
lectures,lecture::gcs_gs_pathology_hub_02_normalized_lectures_lecture_chunks::000000000_000000000_001174,Breast::Lectures::Breast_Lecture_Papillary::CK5_6_Stain_Tumor_Cell_Markers_in_Diagnosis,::Lectures::,Benign Cystic Neck Mass (Case 01),data/curriculum_map_readiness_v0/lecture_timecoded_vector_docstore_STRICT_CYTO_v9.sample5000.jsonl
lectures,lecture::gcs_gs_pathology_hub_02_normalized_lectures_lecture_chunks::000000000_000000000_001182,Breast::Lectures::Breast_Lecture_Papillary::Myopathology_Calponin_Immunohistochemistry,::Lectures::,Benign Cystic Neck Mass (Case 01),data/curriculum_map_readiness_v0/lecture_timecoded_vector_docstore_STRICT_CYTO_v9.sample5000.jsonl
lectures,lecture::gcs_gs_pathology_hub_02_normalized_lectures_lecture_chunks::000000000_000000000_001184,Breast::Lectures::Breast_Lecture_Papillary::Biopsy_Analysis_Invasive_vs_Non_Invasive_Glandular_Tissue,::Lectures::,Benign Cystic Neck Mass (Case 01),data/curriculum_map_readiness_v0/lecture_timecoded_vector_docstore_STRICT_CYTO_v9.sample5000.jsonl
lectures,lecture::gcs_gs_pathology_hub_02_normalized_lectures_lecture_chunks::000000000_000000000_001189,Breast::Lectures::Breast_Lecture_Papillary::Microscopic_Analysis_Adenosis_and_Myopathylios_Cells,::Lectures::,Benign Cystic Neck Mass (Case 01),data/curriculum_map_readiness_v0/lecture_timecoded_vector_docstore_STRICT_CYTO_v9.sample5000.jsonl
lectures,lecture::gcs_gs_pathology_hub_02_normalized_lectures_lecture_chunks::000000000_000000000_001190,Breast::Lectures::Breast_Lecture_Papillary::Microscopic_Pathology_Slide_High_Power_View_of_Tissue,::Lectures::,Benign Cystic Neck Mass (Case 01),data/curriculum_map_readiness_v0/lecture_timecoded_vector_docstore_STRICT_CYTO_v9.sample5000.jsonl
lectures,lecture::gcs_gs_pathology_hub_02_normalized_lectures_lecture_chunks::000000000_000000000_001190,Breast::Lectures::Breast_Lecture_Papillary::Microscopic_Pathology_Slide_High_Power_View_of_Tissue,Slide_,Benign Cystic Neck Mass (Case 01),data/curriculum_map_readiness_v0/lecture_timecoded_vector_docstore_STRICT_CYTO_v9.sample5000.jsonl
lectures,lecture::gcs_gs_pathology_hub_02_normalized_lectures_lecture_chunks::000000000_000000000_001190,Breast::Lectures::Breast_Lecture_Papillary::Microscopic_Pathology_Slide_High_Power_View_of_Tissue,Pathology_Slide,Benign Cystic Neck Mass (Case 01),data/curriculum_map_readiness_v0/lecture_timecoded_vector_docstore_STRICT_CYTO_v9.sample5000.jsonl
lectures,lecture::gcs_gs_pathology_hub_02_normalized_lectures_lecture_chunks::000000000_000000000_001191,Breast::Lectures::Breast_Lecture_Papillary::Microscopic_View_Cellular_Monotony_and_Proliferation,::Lectures::,Benign Cystic Neck Mass (Case 01),data/curriculum_map_readiness_v0/lecture_timecoded_vector_docstore_STRICT_CYTO_v9.sample5000.jsonl
lectures,lecture::gcs_gs_pathology_hub_02_normalized_lectures_lecture_chunks::000000000_000000000_001204,Breast::Lectures::Breast_Lecture_Papillary::Patient_Case_Study_Microscopic_Image_of_an_Incisive_Lesion,::Lectures::,Benign Cystic Neck Mass (Case 01),data/curriculum_map_readiness_v0/lecture_timecoded_vector_docstore_STRICT_CYTO_v9.sample5000.jsonl
lectures,lecture::gcs_gs_pathology_hub_02_normalized_lectures_lecture_chunks::000000000_000000000_001216,Breast::Lectures::Breast_Lecture_Papillary::Evaluating_Invasion_in_Endometrial_Polyp_Pathology,::Lectures::,Benign Cystic Neck Mass (Case 01),data/curriculum_map_readiness_v0/lecture_timecoded_vector_docstore_STRICT_CYTO_v9.sample5000.jsonl
lectures,lecture::gcs_gs_pathology_hub_02_normalized_lectures_lecture_chunks::000000000_000000000_001217,Breast::Lectures::Breast_Lecture_Papillary::Evaluating_Cancer_Invasion_in_Endocervical_Polyp,::Lectures::,Benign Cystic Neck Mass (Case 01),data/curriculum_map_readiness_v0/lecture_timecoded_vector_docstore_STRICT_CYTO_v9.sample5000.jsonl
lectures,lecture::gcs_gs_pathology_hub_02_normalized_lectures_lecture_chunks::000000000_000000000_001218,Breast::Lectures::Breast_Lecture_Papillary::Evaluation_of_Invasion_in_Endometrial_Polyp,::Lectures::,Benign Cystic Neck Mass (Case 01),data/curriculum_map_readiness_v0/lecture_timecoded_vector_docstore_STRICT_CYTO_v9.sample5000.jsonl
lectures,lecture::gcs_gs_pathology_hub_02_normalized_lectures_lecture_chunks::000000000_000000000_001246,Breast::Lectures::Breast_Lecture_Papillary::Palpable_Mass_in_34_Year_Old_Female_Histopathology,::Lectures::,Benign Cystic Neck Mass (Case 01),data/curriculum_map_readiness_v0/lecture_timecoded_vector_docstore_STRICT_CYTO_v9.sample5000.jsonl
lectures,lecture::gcs_gs_pathology_hub_02_normalized_lectures_lecture_chunks::000000000_000000000_001247,Breast::Lectures::Breast_Lecture_Papillary::High_Grade_Histologic_Features_of_Palpable_Mass,::Lectures::,Benign Cystic Neck Mass (Case 01),data/curriculum_map_readiness_v0/lecture_timecoded_vector_docstore_STRICT_CYTO_v9.sample5000.jsonl
lectures,lecture::gcs_gs_pathology_hub_02_normalized_lectures_lecture_chunks::000000000_000000000_001261,Breast::Lectures::Breast_Lecture_Papillary::Team_Member_Introductions,::Lectures::,Benign Cystic Neck Mass (Case 01),data/curriculum_map_readiness_v0/lecture_timecoded_vector_docstore_STRICT_CYTO_v9.sample5000.jsonl
lectures,lecture::gcs_gs_pathology_hub_02_normalized_lectures_lecture_chunks::000000000_000000000_001262,Breast::Lectures::Breast_Lecture_Papillary::Team_Introduction_Breast_Epithelial_Tissue,::Lectures::,Benign Cystic Neck Mass (Case 01),data/curriculum_map_readiness_v0/lecture_timecoded_vector_docstore_STRICT_CYTO_v9.sample5000.jsonl
lectures,lecture::gcs_gs_pathology_hub_02_normalized_lectures_lecture_chunks::000000000_000000000_001264,Breast::Lectures::Breast_Lecture_Prognostics::Error_Image_Missing,::Lectures::,Benign Cystic Neck Mass (Case 01),data/curriculum_map_readiness_v0/lecture_timecoded_vector_docstore_STRICT_CYTO_v9.sample5000.jsonl
lectures,lecture::gcs_gs_pathology_hub_02_normalized_lectures_lecture_chunks::000000000_000000000_001264,Breast::Lectures::Breast_Lecture_Prognostics::Error_Image_Missing,::Error,Benign Cystic Neck Mass (Case 01),data/curriculum_map_readiness_v0/lecture_timecoded_vector_docstore_STRICT_CYTO_v9.sample5000.jsonl
lectures,lecture::gcs_gs_pathology_hub_02_normalized_lectures_lecture_chunks::000000000_000000000_001265,Breast::Lectures::Breast_Lecture_Prognostics::Prognostic_vs_Predictive_Biomarkers_in_Oncology,::Lectures::,Benign Cystic Neck Mass (Case 01),data/curriculum_map_readiness_v0/lecture_timecoded_vector_docstore_STRICT_CYTO_v9.sample5000.jsonl
lectures,lecture::gcs_gs_pathology_hub_02_normalized_lectures_lecture_chunks::000000000_000000000_001266,Breast::Lectures::Breast_Lecture_Prognostics::Prognostic_vs_Predictive_Biomarkers_in_Oncology,::Lectures::,Benign Cystic Neck Mass (Case 01),data/curriculum_map_readiness_v0/lecture_timecoded_vector_docstore_STRICT_CYTO_v9.sample5000.jsonl
lectures,lecture::gcs_gs_pathology_hub_02_normalized_lectures_lecture_chunks::000000000_000000000_001267,Breast::Lectures::Breast_Lecture_Prognostics::Prognostic_vs_Predictive_Biomarkers_in_Clinical_Trials,::Lectures::,Benign Cystic Neck Mass (Case 01),data/curriculum_map_readiness_v0/lecture_timecoded_vector_docstore_STRICT_CYTO_v9.sample5000.jsonl
lectures,lecture::gcs_gs_pathology_hub_02_normalized_lectures_lecture_chunks::000000000_000000000_001268,Breast::Lectures::Breast_Lecture_Prognostics::Level_of_Evidence_in_Tumor_Marker_Studies,::Lectures::,Benign Cystic Neck Mass (Case 01),data/curriculum_map_readiness_v0/lecture_timecoded_vector_docstore_STRICT_CYTO_v9.sample5000.jsonl
lectures,lecture::gcs_gs_pathology_hub_02_normalized_lectures_lecture_chunks::000000000_000000000_001277,Breast::Lectures::Breast_Lecture_Prognostics::Occult_Metastases_in_Node_Negative_Breast_Cancer_NSABP_B_32_Trial,::Lectures::,Benign Cystic Neck Mass (Case 01),data/curriculum_map_readiness_v0/lecture_timecoded_vector_docstore_STRICT_CYTO_v9.sample5000.jsonl
lectures,lecture::gcs_gs_pathology_hub_02_normalized_lectures_lecture_chunks::000000000_000000000_001290,Breast::Lectures::Breast_Lecture_Prognostics::NCCN_Guidelines_Accessing_and_Utilizing_Cancer_Treatment_Information,::Lectures::,Benign Cystic Neck Mass (Case 01),data/curriculum_map_readiness_v0/lecture_timecoded_vector_docstore_STRICT_CYTO_v9.sample5000.jsonl
lectures,lecture::gcs_gs_pathology_hub_02_normalized_lectures_lecture_chunks::000000000_000000000_001291,Breast::Lectures::Breast_Lecture_Prognostics::Lymphovascular_Invasion_LVI_in_Tumors,::Lectures::,Benign Cystic Neck Mass (Case 01),data/curriculum_map_readiness_v0/lecture_timecoded_vector_docstore_STRICT_CYTO_v9.sample5000.jsonl
lectures,lecture::gcs_gs_pathology_hub_02_normalized_lectures_lecture_chunks::000000000_000000000_001292,Breast::Lectures::Breast_Lecture_Prognostics::Lymphovascular_Invasion_Locoregional_Treatment_Guidelines,::Lectures::,Benign Cystic Neck Mass (Case 01),data/curriculum_map_readiness_v0/lecture_timecoded_vector_docstore_STRICT_CYTO_v9.sample5000.jsonl
lectures,lecture::gcs_gs_pathology_hub_02_normalized_lectures_lecture_chunks::000000000_000000000_001293,Breast::Lectures::Breast_Lecture_Prognostics::Lymphovascular_Invasion_in_Breast_Cancer,::Lectures::,Benign Cystic Neck Mass (Case 01),data/curriculum_map_readiness_v0/lecture_timecoded_vector_docstore_STRICT_CYTO_v9.sample5000.jsonl
lectures,lecture::gcs_gs_pathology_hub_02_normalized_lectures_lecture_chunks::000000000_000000000_001306,Breast::Lectures::Breast_Lecture_Prognostics::Clinical_Significance_of_ER_Semi_Quantification_in_Endocrine_Therapy,::Lectures::,Benign Cystic Neck Mass (Case 01),data/curriculum_map_readiness_v0/lecture_timecoded_vector_docstore_STRICT_CYTO_v9.sample5000.jsonl
lectures,lecture::gcs_gs_pathology_hub_02_normalized_lectures_lecture_chunks::000000000_000000000_001307,Breast::Lectures::Breast_Lecture_Prognostics::Breast_Cancer_ER_PR_and_Endocrine_Therapy_Response,::Lectures::,Benign Cystic Neck Mass (Case 01),data/curriculum_map_readiness_v0/lecture_timecoded_vector_docstore_STRICT_CYTO_v9.sample5000.jsonl
lectures,lecture::gcs_gs_pathology_hub_02_normalized_lectures_lecture_chunks::000000000_000000000_001308,Breast::Lectures::Breast_Lecture_Prognostics::ASCO_CAP_ER_and_PR_Testing_in_Breast_Cancer_2019_Guidelines,::Lectures::,Benign Cystic Neck Mass (Case 01),data/curriculum_map_readiness_v0/lecture_timecoded_vector_docstore_STRICT_CYTO_v9.sample5000.jsonl
lectures,lecture::gcs_gs_pathology_hub_02_normalized_lectures_lecture_chunks::000000000_000000000_001313,Breast::Lectures::Breast_Lecture_Prognostics::TAILORx_Trial_Treatment_Assignment_and_Randomization,::Lectures::,Benign Cystic Neck Mass (Case 01),data/curriculum_map_readiness_v0/lecture_timecoded_vector_docstore_STRICT_CYTO_v9.sample5000.jsonl
lectures,lecture::gcs_gs_pathology_hub_02_normalized_lectures_lecture_chunks::000000000_000000000_001314,Breast::Lectures::Breast_Lecture_Prognostics::TAILORx_Trial_Endocrine_Therapy_Alone_vs_Chemoendocrine_Therapy,::Lectures::,Benign Cystic Neck Mass (Case 01),data/curriculum_map_readiness_v0/lecture_timecoded_vector_docstore_STRICT_CYTO_v9.sample5000.jsonl
lectures,lecture::gcs_gs_pathology_hub_02_normalized_lectures_lecture_chunks::000000000_000000000_001315,Breast::Lectures::Breast_Lecture_Prognostics::Breast_Cancer_Prognostic_Factors_Patient_Age,::Lectures::,Benign Cystic Neck Mass (Case 01),data/curriculum_map_readiness_v0/lecture_timecoded_vector_docstore_STRICT_CYTO_v9.sample5000.jsonl
lectures,lecture::gcs_gs_pathology_hub_02_normalized_lectures_lecture_chunks::000000000_000000000_001317,Breast::Lectures::Breast_Lecture_Prognostics::IDFS_Stratified_by_Menopausal_Status_in_Breast_Cancer,::Lectures::,Benign Cystic Neck Mass (Case 01),data/curriculum_map_readiness_v0/lecture_timecoded_vector_docstore_STRICT_CYTO_v9.sample5000.jsonl
lectures,lecture::gcs_gs_pathology_hub_02_normalized_lectures_lecture_chunks::000000000_000000000_001318,Breast::Lectures::Breast_Lecture_Prognostics::Mammaprint_70_Gene_Breast_Cancer_Prognosis_Profile,::Lectures::,Benign Cystic Neck Mass (Case 01),data/curriculum_map_readiness_v0/lecture_timecoded_vector_docstore_STRICT_CYTO_v9.sample5000.jsonl
lectures,lecture::gcs_gs_pathology_hub_02_normalized_lectures_lecture_chunks::000000000_000000000_001319,Breast::Lectures::Breast_Lecture_Prognostics::Mammaprint_Metastasis_Free_and_Overall_Survival,::Lectures::,Benign Cystic Neck Mass (Case 01),data/curriculum_map_readiness_v0/lecture_timecoded_vector_docstore_STRICT_CYTO_v9.sample5000.jsonl
lectures,lecture::gcs_gs_pathology_hub_02_normalized_lectures_lecture_chunks::000000000_000000000_001320,Breast::Lectures::Breast_Lecture_Prognostics::MINDACT_Study_Biology_Informs_High_Risk_Breast_Cancer_Treatment,::Lectures::,Benign Cystic Neck Mass (Case 01),data/curriculum_map_readiness_v0/lecture_timecoded_vector_docstore_STRICT_CYTO_v9.sample5000.jsonl
lectures,lecture::gcs_gs_pathology_hub_02_normalized_lectures_lecture_chunks::000000000_000000000_001323,Breast::Lectures::Breast_Lecture_Prognostics::End_of_Presentation_Thank_You,::Lectures::,Benign Cystic Neck Mass (Case 01),data/curriculum_map_readiness_v0/lecture_timecoded_vector_docstore_STRICT_CYTO_v9.sample5000.jsonl
lectures,lecture::gcs_gs_pathology_hub_02_normalized_lectures_lecture_chunks::000000000_000000000_001324,Breast::Lectures::Breast_Lecture_Prognostics::Instructor_Profile_Dr_Name,::Lectures::,Benign Cystic Neck Mass (Case 01),data/curriculum_map_readiness_v0/lecture_timecoded_vector_docstore_STRICT_CYTO_v9.sample5000.jsonl
lectures,lecture::gcs_gs_pathology_hub_02_normalized_lectures_lecture_chunks::000000000_000000000_001325,Breast::Lectures::Breast_Lecture_Prognostics::Placeholder_Image_for_Presentation,::Lectures::,Benign Cystic Neck Mass (Case 01),data/curriculum_map_readiness_v0/lecture_timecoded_vector_docstore_STRICT_CYTO_v9.sample5000.jsonl
lectures,lecture::gcs_gs_pathology_hub_02_normalized_lectures_lecture_chunks::000000000_000000000_001326,Breast::Lectures::Breast_Lecture_Rad_Path::Error_Image_Missing,::Lectures::,Benign Cystic Neck Mass (Case 01),data/curriculum_map_readiness_v0/lecture_timecoded_vector_docstore_STRICT_CYTO_v9.sample5000.jsonl
lectures,lecture::gcs_gs_pathology_hub_02_normalized_lectures_lecture_chunks::000000000_000000000_001326,Breast::Lectures::Breast_Lecture_Rad_Path::Error_Image_Missing,::Error,Benign Cystic Neck Mass (Case 01),data/curriculum_map_readiness_v0/lecture_timecoded_vector_docstore_STRICT_CYTO_v9.sample5000.jsonl
lectures,lecture::gcs_gs_pathology_hub_02_normalized_lectures_lecture_chunks::000000000_000000000_001330,Breast::Lectures::Breast_Lecture_Rad_Path::Breast_Imaging_for_Pathologists_Interdisciplinary_Collaboration,::Lectures::,Benign Cystic Neck Mass (Case 01),data/curriculum_map_readiness_v0/lecture_timecoded_vector_docstore_STRICT_CYTO_v9.sample5000.jsonl
lectures,lecture::gcs_gs_pathology_hub_02_normalized_lectures_lecture_chunks::000000000_000000000_001333,Breast::Lectures::Breast_Lecture_Rad_Path::Screen_Detected_Left_Breast_Mass_Mammogram_and_Ultrasound_Findings,::Lectures::,Benign Cystic Neck Mass (Case 01),data/curriculum_map_readiness_v0/lecture_timecoded_vector_docstore_STRICT_CYTO_v9.sample5000.jsonl
lectures,lecture::gcs_gs_pathology_hub_02_normalized_lectures_lecture_chunks::000000000_000000000_001335,Breast::Lectures::Breast_Lecture_Rad_Path::Rad_Path_Discordance_in_Screen_Detected_Breast_Mass,::Lectures::,Benign Cystic Neck Mass (Case 01),data/curriculum_map_readiness_v0/lecture_timecoded_vector_docstore_STRICT_CYTO_v9.sample5000.jsonl
lectures,lecture::gcs_gs_pathology_hub_02_normalized_lectures_lecture_chunks::000000000_000000000_001338,Breast::Lectures::Breast_Lecture_Rad_Path::Biopsy_Needles_9_Gauge_vs_14_Gauge,::Lectures::,Benign Cystic Neck Mass (Case 01),data/curriculum_map_readiness_v0/lecture_timecoded_vector_docstore_STRICT_CYTO_v9.sample5000.jsonl
lectures,lecture::gcs_gs_pathology_hub_02_normalized_lectures_lecture_chunks::000000000_000000000_001341,Breast::Lectures::Breast_Lecture_Rad_Path::Biopsy_Sample_Sizes_in_Cancer_Treatment,::Lectures::,Benign Cystic Neck Mass (Case 01),data/curriculum_map_readiness_v0/lecture_timecoded_vector_docstore_STRICT_CYTO_v9.sample5000.jsonl
lectures,lecture::gcs_gs_pathology_hub_02_normalized_lectures_lecture_chunks::000000000_000000000_001345,Breast::Lectures::Breast_Lecture_Rad_Path::College_of_American_Breast_Surgeons_Breast_Biopsy_Position_Statement,::Lectures::,Benign Cystic Neck Mass (Case 01),data/curriculum_map_readiness_v0/lecture_timecoded_vector_docstore_STRICT_CYTO_v9.sample5000.jsonl
lectures,lecture::gcs_gs_pathology_hub_02_normalized_lectures_lecture_chunks::000000000_000000000_001346,Breast::Lectures::Breast_Lecture_Rad_Path::Epithelial_Displacement_in_Surgical_Breast_Specimens,::Lectures::,Benign Cystic Neck Mass (Case 01),data/curriculum_map_readiness_v0/lecture_timecoded_vector_docstore_STRICT_CYTO_v9.sample5000.jsonl
lectures,lecture::gcs_gs_pathology_hub_02_normalized_lectures_lecture_chunks::000000000_000000000_001350,Breast::Lectures::Breast_Lecture_Rad_Path::Epithelial_Displacement_Post_Biopsy_Imaging_Considerations,::Lectures::,Benign Cystic Neck Mass (Case 01),data/curriculum_map_readiness_v0/lecture_timecoded_vector_docstore_STRICT_CYTO_v9.sample5000.jsonl
lectures,lecture::gcs_gs_pathology_hub_02_normalized_lectures_lecture_chunks::000000000_000000000_001351,Breast::Lectures::Breast_Lecture_Rad_Path::Microscopic_View_of_Epithelial_Nests,::Lectures::,Benign Cystic Neck Mass (Case 01),data/curriculum_map_readiness_v0/lecture_timecoded_vector_docstore_STRICT_CYTO_v9.sample5000.jsonl
lectures,lecture::gcs_gs_pathology_hub_02_normalized_lectures_lecture_chunks::000000000_000000000_001352,Breast::Lectures::Breast_Lecture_Rad_Path::Epithelial_Displacement_Tumor_Cells_and_Granulation_Tissue,::Lectures::,Benign Cystic Neck Mass (Case 01),data/curriculum_map_readiness_v0/lecture_timecoded_vector_docstore_STRICT_CYTO_v9.sample5000.jsonl
lectures,lecture::gcs_gs_pathology_hub_02_normalized_lectures_lecture_chunks::000000000_000000000_001354,Breast::Lectures::Breast_Lecture_Rad_Path::Microscopic_Image_of_Epithelioid_Hemangioendothelioma,::Lectures::,Benign Cystic Neck Mass (Case 01),data/curriculum_map_readiness_v0/lecture_timecoded_vector_docstore_STRICT_CYTO_v9.sample5000.jsonl
lectures,lecture::gcs_gs_pathology_hub_02_normalized_lectures_lecture_chunks::000000000_000000000_001357,Breast::Lectures::Breast_Lecture_Rad_Path::Microscopic_Image_Fatty_Tissue_and_Cancer_Misdiagnosis,::Lectures::,Benign Cystic Neck Mass (Case 01),data/curriculum_map_readiness_v0/lecture_timecoded_vector_docstore_STRICT_CYTO_v9.sample5000.jsonl
lectures,lecture::gcs_gs_pathology_hub_02_normalized_lectures_lecture_chunks::000000000_000000000_001359,Breast::Lectures::Breast_Lecture_Rad_Path::Post_Biopsy_Epithelial_Changes_Mimicking_Carcinoma,::Lectures::,Benign Cystic Neck Mass (Case 01),data/curriculum_map_readiness_v0/lecture_timecoded_vector_docstore_STRICT_CYTO_v9.sample5000.jsonl
lectures,lecture::gcs_gs_pathology_hub_02_normalized_lectures_lecture_chunks::000000000_000000000_001362,Breast::Lectures::Breast_Lecture_Rad_Path::Microscopic_Tissue_Sample_Giant_Cell_Reaction_and_Inflammatory_Changes,::Lectures::,Benign Cystic Neck Mass (Case 01),data/curriculum_map_readiness_v0/lecture_timecoded_vector_docstore_STRICT_CYTO_v9.sample5000.jsonl
lectures,lecture::gcs_gs_pathology_hub_02_normalized_lectures_lecture_chunks::000000000_000000000_001363,Breast::Lectures::Breast_Lecture_Rad_Path::Microscopic_Image_Granulation_Tissue_in_Wound_Healing,::Lectures::,Benign Cystic Neck Mass (Case 01),data/curriculum_map_readiness_v0/lecture_timecoded_vector_docstore_STRICT_CYTO_v9.sample5000.jsonl
lectures,lecture::gcs_gs_pathology_hub_02_normalized_lectures_lecture_chunks::000000000_000000000_001364,Breast::Lectures::Breast_Lecture_Rad_Path::Reporting_Cancer_in_COVID_19_Patients_Microscopic_Analysis,::Lectures::,Benign Cystic Neck Mass (Case 01),data/curriculum_map_readiness_v0/lecture_timecoded_vector_docstore_STRICT_CYTO_v9.sample5000.jsonl
lectures,lecture::gcs_gs_pathology_hub_02_normalized_lectures_lecture_chunks::000000000_000000000_001368,Breast::Lectures::Breast_Lecture_Rad_Path::IDC_with_Heterogeneous_Differentiation_Grade_1_vs_Grade_2,::Lectures::,Benign Cystic Neck Mass (Case 01),data/curriculum_map_readiness_v0/lecture_timecoded_vector_docstore_STRICT_CYTO_v9.sample5000.jsonl
lectures,lecture::gcs_gs_pathology_hub_02_normalized_lectures_lecture_chunks::000000000_000000000_001369,Breast::Lectures::Breast_Lecture_Rad_Path::Tumor_Typing_on_Core_and_Excision_A_Comparison,::Lectures::,Benign Cystic Neck Mass (Case 01),data/curriculum_map_readiness_v0/lecture_timecoded_vector_docstore_STRICT_CYTO_v9.sample5000.jsonl
lectures,lecture::gcs_gs_pathology_hub_02_normalized_lectures_lecture_chunks::000000000_000000000_001371,Breast::Lectures::Breast_Lecture_Rad_Path::Breast_Cancer_Histopathology_Invasive_Ductal_vs_Lobular_Carcinoma,::Lectures::,Benign Cystic Neck Mass (Case 01),data/curriculum_map_readiness_v0/lecture_timecoded_vector_docstore_STRICT_CYTO_v9.sample5000.jsonl
lectures,lecture::gcs_gs_pathology_hub_02_normalized_lectures_lecture_chunks::000000000_000000000_001374,Breast::Lectures::Breast_Lecture_Rad_Path::Biomarker_Repetition_in_Excisional_Biopsies,::Lectures::,Benign Cystic Neck Mass (Case 01),data/curriculum_map_readiness_v0/lecture_timecoded_vector_docstore_STRICT_CYTO_v9.sample5000.jsonl
lectures,lecture::gcs_gs_pathology_hub_02_normalized_lectures_lecture_chunks::000000000_000000000_001375,Breast::Lectures::Breast_Lecture_Rad_Path::Heterogeneous_Biomarker_Expression_in_Cancer,::Lectures::,Benign Cystic Neck Mass (Case 01),data/curriculum_map_readiness_v0/lecture_timecoded_vector_docstore_STRICT_CYTO_v9.sample5000.jsonl
lectures,lecture::gcs_gs_pathology_hub_02_normalized_lectures_lecture_chunks::000000000_000000000_001379,Breast::Lectures::Breast_Lecture_Rad_Path::Breast_Cancer_Pathology_Reporting_Guidelines,::Lectures::,Benign Cystic Neck Mass (Case 01),data/curriculum_map_readiness_v0/lecture_timecoded_vector_docstore_STRICT_CYTO_v9.sample5000.jsonl
lectures,lecture::gcs_gs_pathology_hub_02_normalized_lectures_lecture_chunks::000000000_000000000_001380,Breast::Lectures::Breast_Lecture_Rad_Path::Breast_Biopsy_Managing_Borderline_or_High_Risk_Lesions,::Lectures::,Benign Cystic Neck Mass (Case 01),data/curriculum_map_readiness_v0/lecture_timecoded_vector_docstore_STRICT_CYTO_v9.sample5000.jsonl
lectures,lecture::gcs_gs_pathology_hub_02_normalized_lectures_lecture_chunks::000000000_000000000_001381,Breast::Lectures::Breast_Lecture_Rad_Path::American_Society_of_Breast_Surgeons_Official_Statements_and_Guidelines,::Lectures::,Benign Cystic Neck Mass (Case 01),data/curriculum_map_readiness_v0/lecture_timecoded_vector_docstore_STRICT_CYTO_v9.sample5000.jsonl
lectures,lecture::gcs_gs_pathology_hub_02_normalized_lectures_lecture_chunks::000000000_000000000_001383,Breast::Lectures::Breast_Lecture_Rad_Path::Managing_Borderline_High_Risk_Breast_Lesions,::Lectures::,Benign Cystic Neck Mass (Case 01),data/curriculum_map_readiness_v0/lecture_timecoded_vector_docstore_STRICT_CYTO_v9.sample5000.jsonl
lectures,lecture::gcs_gs_pathology_hub_02_normalized_lectures_lecture_chunks::000000000_000000000_001384,Breast::Lectures::Breast_Lecture_Rad_Path::Borderline_Nonmalignant_Breast_Lesions_To_Excise_or_Not,::Lectures::,Benign Cystic Neck Mass (Case 01),data/curriculum_map_readiness_v0/lecture_timecoded_vector_docstore_STRICT_CYTO_v9.sample5000.jsonl
lectures,lecture::gcs_gs_pathology_hub_02_normalized_lectures_lecture_chunks::000000000_000000000_001385,Breast::Lectures::Breast_Lecture_Rad_Path::Breast_Lesion_Upgrade_Rates_to_Carcinoma,::Lectures::,Benign Cystic Neck Mass (Case 01),data/curriculum_map_readiness_v0/lecture_timecoded_vector_docstore_STRICT_CYTO_v9.sample5000.jsonl
lectures,lecture::gcs_gs_pathology_hub_02_normalized_lectures_lecture_chunks::000000000_000000000_001398,Breast::Lectures::Breast_Lecture_Rad_Path::Breast_Biopsy_Outcomes_Concordant_vs_Discordant_Lesions,::Lectures::,Benign Cystic Neck Mass (Case 01),data/curriculum_map_readiness_v0/lecture_timecoded_vector_docstore_STRICT_CYTO_v9.sample5000.jsonl
lectures,lecture::gcs_gs_pathology_hub_02_normalized_lectures_lecture_chunks::000000000_000000000_001410,Breast::Lectures::Breast_Lecture_Rad_Path::Mucocele_like_Lesions_Pathology_and_Biopsy,::Lectures::,Benign Cystic Neck Mass (Case 01),data/curriculum_map_readiness_v0/lecture_timecoded_vector_docstore_STRICT_CYTO_v9.sample5000.jsonl
lectures,lecture::gcs_gs_pathology_hub_02_normalized_lectures_lecture_chunks::000000000_000000000_001411,Breast::Lectures::Breast_Lecture_Rad_Path::Mucocele_like_Lesions_Clinical_Features_and_Characteristics,::Lectures::,Benign Cystic Neck Mass (Case 01),data/curriculum_map_readiness_v0/lecture_timecoded_vector_docstore_STRICT_CYTO_v9.sample5000.jsonl
lectures,lecture::gcs_gs_pathology_hub_02_normalized_lectures_lecture_chunks::000000000_000000000_001412,Breast::Lectures::Breast_Lecture_Rad_Path::Mucocele_like_Lesions_Evaluation_and_Differential_Diagnosis,::Lectures::,Benign Cystic Neck Mass (Case 01),data/curriculum_map_readiness_v0/lecture_timecoded_vector_docstore_STRICT_CYTO_v9.sample5000.jsonl
lectures,lecture::gcs_gs_pathology_hub_02_normalized_lectures_lecture_chunks::000000000_000000000_001418,Breast::Lectures::Breast_Lecture_Rad_Path::MLL_Excision_Findings_Atypia_and_Malignancy_Upgrade_Rates,::Lectures::,Benign Cystic Neck Mass (Case 01),data/curriculum_map_readiness_v0/lecture_timecoded_vector_docstore_STRICT_CYTO_v9.sample5000.jsonl
lectures,lecture::gcs_gs_pathology_hub_02_normalized_lectures_lecture_chunks::000000000_000000000_001421,Breast::Lectures::Breast_Lecture_SpindleCell::Error_Image_Missing,::Lectures::,Benign Cystic Neck Mass (Case 01),data/curriculum_map_readiness_v0/lecture_timecoded_vector_docstore_STRICT_CYTO_v9.sample5000.jsonl
lectures,lecture::gcs_gs_pathology_hub_02_normalized_lectures_lecture_chunks::000000000_000000000_001421,Breast::Lectures::Breast_Lecture_SpindleCell::Error_Image_Missing,::Error,Benign Cystic Neck Mass (Case 01),data/curriculum_map_readiness_v0/lecture_timecoded_vector_docstore_STRICT_CYTO_v9.sample5000.jsonl
lectures,lecture::gcs_gs_pathology_hub_02_normalized_lectures_lecture_chunks::000000000_000000000_001438,Breast::Lectures::Breast_Lecture_SpindleCell::Comparing_Benign_and_Atypical_Stromal_Cells_in_Breast_Tumors,::Lectures::,Benign Cystic Neck Mass (Case 01),data/curriculum_map_readiness_v0/lecture_timecoded_vector_docstore_STRICT_CYTO_v9.sample5000.jsonl
lectures,lecture::gcs_gs_pathology_hub_02_normalized_lectures_lecture_chunks::000000000_000000000_001439,Breast::Lectures::Breast_Lecture_SpindleCell::Interobserver_Variability_in_Diagnosing_Breast_Tumors,::Lectures::,Benign Cystic Neck Mass (Case 01),data/curriculum_map_readiness_v0/lecture_timecoded_vector_docstore_STRICT_CYTO_v9.sample5000.jsonl
lectures,lecture::gcs_gs_pathology_hub_02_normalized_lectures_lecture_chunks::000000000_000000000_001440,Breast::Lectures::Breast_Lecture_SpindleCell::Classifying_Fibroepithelial_Lesions_A_Diagnostic_Approach,::Lectures::,Benign Cystic Neck Mass (Case 01),data/curriculum_map_readiness_v0/lecture_timecoded_vector_docstore_STRICT_CYTO_v9.sample5000.jsonl
lectures,lecture::gcs_gs_pathology_hub_02_normalized_lectures_lecture_chunks::000000000_000000000_001451,Breast::Lectures::Breast_Lecture_SpindleCell::Spindle_Cell_Lesions_of_the_Breast_Microscopic_vs_Gross_Findings,::Lectures::,Benign Cystic Neck Mass (Case 01),data/curriculum_map_readiness_v0/lecture_timecoded_vector_docstore_STRICT_CYTO_v9.sample5000.jsonl
lectures,lecture::gcs_gs_pathology_hub_02_normalized_lectures_lecture_chunks::000000000_000000000_001452,Breast::Lectures::Breast_Lecture_SpindleCell::Spindle_Cell_Lesions_in_the_Breast_A_Diagnostic_Challenge,::Lectures::,Benign Cystic Neck Mass (Case 01),data/curriculum_map_readiness_v0/lecture_timecoded_vector_docstore_STRICT_CYTO_v9.sample5000.jsonl
lectures,lecture::gcs_gs_pathology_hub_02_normalized_lectures_lecture_chunks::000000000_000000000_001453,Breast::Lectures::Breast_Lecture_SpindleCell::Breast_Spindle_Cell_Lesions_High_vs_Low_Grade_Features,::Lectures::,Benign Cystic Neck Mass (Case 01),data/curriculum_map_readiness_v0/lecture_timecoded_vector_docstore_STRICT_CYTO_v9.sample5000.jsonl
lectures,lecture::gcs_gs_pathology_hub_02_normalized_lectures_lecture_chunks::000000000_000000000_001459,Breast::Lectures::Breast_Lecture_SpindleCell::Microscopic_View_of_High_Grade_Nuclei_and_Mitosis,::Lectures::,Benign Cystic Neck Mass (Case 01),data/curriculum_map_readiness_v0/lecture_timecoded_vector_docstore_STRICT_CYTO_v9.sample5000.jsonl
lectures,lecture::gcs_gs_pathology_hub_02_normalized_lectures_lecture_chunks::000000000_000000000_001460,Breast::Lectures::Breast_Lecture_SpindleCell::Moderate_or_Marked_Nuclear_Atypia_in_Carcinoma,::Lectures::,Benign Cystic Neck Mass (Case 01),data/curriculum_map_readiness_v0/lecture_timecoded_vector_docstore_STRICT_CYTO_v9.sample5000.jsonl
lectures,lecture::gcs_gs_pathology_hub_02_normalized_lectures_lecture_chunks::000000000_000000000_001461,Breast::Lectures::Breast_Lecture_SpindleCell::Microscopic_Examination_of_Carcinoma_Cells_and_Keratin,::Lectures::,Benign Cystic Neck Mass (Case 01),data/curriculum_map_readiness_v0/lecture_timecoded_vector_docstore_STRICT_CYTO_v9.sample5000.jsonl
lectures,lecture::gcs_gs_pathology_hub_02_normalized_lectures_lecture_chunks::000000000_000000000_001462,Breast::Lectures::Breast_Lecture_SpindleCell::Microscopic_Clues_in_Vascular_Tumor_Diagnosis,::Lectures::,Benign Cystic Neck Mass (Case 01),data/curriculum_map_readiness_v0/lecture_timecoded_vector_docstore_STRICT_CYTO_v9.sample5000.jsonl
lectures,lecture::gcs_gs_pathology_hub_02_normalized_lectures_lecture_chunks::000000000_000000000_001463,Breast::Lectures::Breast_Lecture_SpindleCell::Epithelioid_Tumor_Cell_Aggregates_Histological_Image,::Lectures::,Benign Cystic Neck Mass (Case 01),data/curriculum_map_readiness_v0/lecture_timecoded_vector_docstore_STRICT_CYTO_v9.sample5000.jsonl
lectures,lecture::gcs_gs_pathology_hub_02_normalized_lectures_lecture_chunks::000000000_000000000_001464,Breast::Lectures::Breast_Lecture_SpindleCell::Microscopic_View_Glandular_Foci_in_Tissue_Sample,::Lectures::,Benign Cystic Neck Mass (Case 01),data/curriculum_map_readiness_v0/lecture_timecoded_vector_docstore_STRICT_CYTO_v9.sample5000.jsonl
lectures,lecture::gcs_gs_pathology_hub_02_normalized_lectures_lecture_chunks::000000000_000000000_001475,Breast::Lectures::Breast_Lecture_SpindleCell::Genetic_Differences_in_Metaplastic_vs_Other_Triple_Negative_Breast_Carcinomas,::Lectures::,Benign Cystic Neck Mass (Case 01),data/curriculum_map_readiness_v0/lecture_timecoded_vector_docstore_STRICT_CYTO_v9.sample5000.jsonl
lectures,lecture::gcs_gs_pathology_hub_02_normalized_lectures_lecture_chunks::000000000_000000000_001477,Breast::Lectures::Breast_Lecture_SpindleCell::High_Grade_Spindle_Cell_Lesions_Differential_Diagnosis,::Lectures::,Benign Cystic Neck Mass (Case 01),data/curriculum_map_readiness_v0/lecture_timecoded_vector_docstore_STRICT_CYTO_v9.sample5000.jsonl
lectures,lecture::gcs_gs_pathology_hub_02_normalized_lectures_lecture_chunks::000000000_000000000_001481,Breast::Lectures::Breast_Lecture_SpindleCell::Rapidly_Growing_Breast_Mass_Histopathological_Analysis,::Lectures::,Benign Cystic Neck Mass (Case 01),data/curriculum_map_readiness_v0/lecture_timecoded_vector_docstore_STRICT_CYTO_v9.sample5000.jsonl
lectures,lecture::gcs_gs_pathology_hub_02_normalized_lectures_lecture_chunks::000000000_000000000_001485,Breast::Lectures::Breast_Lecture_SpindleCell::Breast_Neoplasm_Differential_Diagnosis_and_Management,::Lectures::,Benign Cystic Neck Mass (Case 01),data/curriculum_map_readiness_v0/lecture_timecoded_vector_docstore_STRICT_CYTO_v9.sample5000.jsonl
lectures,lecture::gcs_gs_pathology_hub_02_normalized_lectures_lecture_chunks::000000000_000000000_001493,Breast::Lectures::Breast_Lecture_SpindleCell::Primary_Breast_Sarcomas_Diagnosis_and_Characteristics,::Lectures::,Benign Cystic Neck Mass (Case 01),data/curriculum_map_readiness_v0/lecture_timecoded_vector_docstore_STRICT_CYTO_v9.sample5000.jsonl
lectures,lecture::gcs_gs_pathology_hub_02_normalized_lectures_lecture_chunks::000000000_000000000_001497,Breast::Lectures::Breast_Lecture_SpindleCell::Malignant_Spindle_Cell_Neoplasms_Key_Diagnostic_Considerations,::Lectures::,Benign Cystic Neck Mass (Case 01),data/curriculum_map_readiness_v0/lecture_timecoded_vector_docstore_STRICT_CYTO_v9.sample5000.jsonl
lectures,lecture::gcs_gs_pathology_hub_02_normalized_lectures_lecture_chunks::000000000_000000000_001499,Breast::Lectures::Breast_Lecture_SpindleCell::Microscopic_Image_Abundant_Collagenous_Stormers,::Lectures::,Benign Cystic Neck Mass (Case 01),data/curriculum_map_readiness_v0/lecture_timecoded_vector_docstore_STRICT_CYTO_v9.sample5000.jsonl
lectures,lecture::gcs_gs_pathology_hub_02_normalized_lectures_lecture_chunks::000000000_000000000_001500,Breast::Lectures::Breast_Lecture_SpindleCell::Microscopic_Images_CK5_p63_and_Histological_Findings,::Lectures::,Benign Cystic Neck Mass (Case 01),data/curriculum_map_readiness_v0/lecture_timecoded_vector_docstore_STRICT_CYTO_v9.sample5000.jsonl
lectures,lecture::gcs_gs_pathology_hub_02_normalized_lectures_lecture_chunks::000000000_000000000_001501,Breast::Lectures::Breast_Lecture_SpindleCell::Microscopic_Pathology_Collagenous_Stromal_Pattern,::Lectures::,Benign Cystic Neck Mass (Case 01),data/curriculum_map_readiness_v0/lecture_timecoded_vector_docstore_STRICT_CYTO_v9.sample5000.jsonl
lectures,lecture::gcs_gs_pathology_hub_02_normalized_lectures_lecture_chunks::000000000_000000000_001502,Breast::Lectures::Breast_Lecture_SpindleCell::CK5_CD34_Immunohistochemistry_in_Low_Grade_Tumors,::Lectures::,Benign Cystic Neck Mass (Case 01),data/curriculum_map_readiness_v0/lecture_timecoded_vector_docstore_STRICT_CYTO_v9.sample5000.jsonl
lectures,lecture::gcs_gs_pathology_hub_02_normalized_lectures_lecture_chunks::000000000_000000000_001503,Breast::Lectures::Breast_Lecture_SpindleCell::Microscopic_Pathology_Identifying_Glandular_Foci,::Lectures::,Benign Cystic Neck Mass (Case 01),data/curriculum_map_readiness_v0/lecture_timecoded_vector_docstore_STRICT_CYTO_v9.sample5000.jsonl
lectures,lecture::gcs_gs_pathology_hub_02_normalized_lectures_lecture_chunks::000000000_000000000_001505,Breast::Lectures::Breast_Lecture_SpindleCell::Microscopic_Examination_Low_Grade_Cellular_Area,::Lectures::,Benign Cystic Neck Mass (Case 01),data/curriculum_map_readiness_v0/lecture_timecoded_vector_docstore_STRICT_CYTO_v9.sample5000.jsonl
lectures,lecture::gcs_gs_pathology_hub_02_normalized_lectures_lecture_chunks::000000000_000000000_001520,Breast::Lectures::Breast_Lecture_SpindleCell::Reactive_Spindle_Cell_Nodule_Post_Biopsy_Findings,::Lectures::,Benign Cystic Neck Mass (Case 01),data/curriculum_map_readiness_v0/lecture_timecoded_vector_docstore_STRICT_CYTO_v9.sample5000.jsonl
lectures,lecture::gcs_gs_pathology_hub_02_normalized_lectures_lecture_chunks::000000000_000000000_001521,Breast::Lectures::Breast_Lecture_SpindleCell::Reactive_Spindle_Cell_Nodule_Morphologic_Diagnosis,::Lectures::,Benign Cystic Neck Mass (Case 01),data/curriculum_map_readiness_v0/lecture_timecoded_vector_docstore_STRICT_CYTO_v9.sample5000.jsonl
lectures,lecture::gcs_gs_pathology_hub_02_normalized_lectures_lecture_chunks::000000000_000000000_001525,Breast::Lectures::Breast_Lecture_SpindleCell::Histopathology_Well_Circumscribed_Border_No_Epithelial_Entrapment,::Lectures::,Benign Cystic Neck Mass (Case 01),data/curriculum_map_readiness_v0/lecture_timecoded_vector_docstore_STRICT_CYTO_v9.sample5000.jsonl
lectures,lecture::gcs_gs_pathology_hub_02_normalized_lectures_lecture_chunks::000000000_000000000_001526,Breast::Lectures::Breast_Lecture_SpindleCell::Classic_Features_of_a_Soft_Tissue_Tumor,::Lectures::,Benign Cystic Neck Mass (Case 01),data/curriculum_map_readiness_v0/lecture_timecoded_vector_docstore_STRICT_CYTO_v9.sample5000.jsonl
lectures,lecture::gcs_gs_pathology_hub_02_normalized_lectures_lecture_chunks::000000000_000000000_001531,Breast::Lectures::Breast_Lecture_SpindleCell::Epithelioid_MFB_vs_ER_Microscopic_Diagnosis,::Lectures::,Benign Cystic Neck Mass (Case 01),data/curriculum_map_readiness_v0/lecture_timecoded_vector_docstore_STRICT_CYTO_v9.sample5000.jsonl
lectures,lecture::gcs_gs_pathology_hub_02_normalized_lectures_lecture_chunks::000000000_000000000_001532,Breast::Lectures::Breast_Lecture_SpindleCell::Immunohistochemical_Staining_ER_Keratin_and_CD34,::Lectures::,Benign Cystic Neck Mass (Case 01),data/curriculum_map_readiness_v0/lecture_timecoded_vector_docstore_STRICT_CYTO_v9.sample5000.jsonl
lectures,lecture::gcs_gs_pathology_hub_02_normalized_lectures_lecture_chunks::000000000_000000000_001536,Breast::Lectures::Breast_Lecture_SpindleCell::Patterns_Differential_Diagnosis_and_Biomarkers,::Lectures::,Benign Cystic Neck Mass (Case 01),data/curriculum_map_readiness_v0/lecture_timecoded_vector_docstore_STRICT_CYTO_v9.sample5000.jsonl
lectures,lecture::gcs_gs_pathology_hub_02_normalized_lectures_lecture_chunks::000000000_000000000_001537,Breast::Lectures::Breast_Lecture_SpindleCell::Osteosarcoma_and_Malignant_Fibrous_Tumor_Differentiation,::Lectures::,Benign Cystic Neck Mass (Case 01),data/curriculum_map_readiness_v0/lecture_timecoded_vector_docstore_STRICT_CYTO_v9.sample5000.jsonl
lectures,lecture::gcs_gs_pathology_hub_02_normalized_lectures_lecture_chunks::000000000_000000000_001538,Breast::Lectures::Breast_Lecture_Treated::Error_Image_Missing,::Lectures::,Benign Cystic Neck Mass (Case 01),data/curriculum_map_readiness_v0/lecture_timecoded_vector_docstore_STRICT_CYTO_v9.sample5000.jsonl
lectures,lecture::gcs_gs_pathology_hub_02_normalized_lectures_lecture_chunks::000000000_000000000_001538,Breast::Lectures::Breast_Lecture_Treated::Error_Image_Missing,::Error,Benign Cystic Neck Mass (Case 01),data/curriculum_map_readiness_v0/lecture_timecoded_vector_docstore_STRICT_CYTO_v9.sample5000.jsonl
lectures,lecture::gcs_gs_pathology_hub_02_normalized_lectures_lecture_chunks::000000000_000000000_001554,Breast::Lectures::Breast_Lecture_Treated::Grossly_Altered_Stroma_Pathology_Specimen_Images,::Lectures::,Benign Cystic Neck Mass (Case 01),data/curriculum_map_readiness_v0/lecture_timecoded_vector_docstore_STRICT_CYTO_v9.sample5000.jsonl
lectures,lecture::gcs_gs_pathology_hub_02_normalized_lectures_lecture_chunks::000000000_000000000_001562,Breast::Lectures::Breast_Lecture_Treated::Microscopic_View_of_Fibroblasts_in_Stroma,::Lectures::,Benign Cystic Neck Mass (Case 01),data/curriculum_map_readiness_v0/lecture_timecoded_vector_docstore_STRICT_CYTO_v9.sample5000.jsonl
lectures,lecture::gcs_gs_pathology_hub_02_normalized_lectures_lecture_chunks::000000000_000000000_001563,Breast::Lectures::Breast_Lecture_Treated::Microscopic_Tissue_Patterns_High_Power_View,::Lectures::,Benign Cystic Neck Mass (Case 01),data/curriculum_map_readiness_v0/lecture_timecoded_vector_docstore_STRICT_CYTO_v9.sample5000.jsonl
lectures,lecture::gcs_gs_pathology_hub_02_normalized_lectures_lecture_chunks::000000000_000000000_001569,Breast::Lectures::Breast_Lecture_Treated::High_Power_View_of_Tumor_Nuclei_and_Atypical_Mitosis,::Lectures::,Benign Cystic Neck Mass (Case 01),data/curriculum_map_readiness_v0/lecture_timecoded_vector_docstore_STRICT_CYTO_v9.sample5000.jsonl
lectures,lecture::gcs_gs_pathology_hub_02_normalized_lectures_lecture_chunks::000000000_000000000_001570,Breast::Lectures::Breast_Lecture_Treated::Treatment_Effects_on_Cellular_Morphology_A_Case_Study,::Lectures::,Benign Cystic Neck Mass (Case 01),data/curriculum_map_readiness_v0/lecture_timecoded_vector_docstore_STRICT_CYTO_v9.sample5000.jsonl
lectures,lecture::gcs_gs_pathology_hub_02_normalized_lectures_lecture_chunks::000000000_000000000_001573,Breast::Lectures::Breast_Lecture_Treated::Microscopic_Identification_of_Tumor_Cells,::Lectures::,Benign Cystic Neck Mass (Case 01),data/curriculum_map_readiness_v0/lecture_timecoded_vector_docstore_STRICT_CYTO_v9.sample5000.jsonl
lectures,lecture::gcs_gs_pathology_hub_02_normalized_lectures_lecture_chunks::000000000_000000000_001575,Breast::Lectures::Breast_Lecture_Treated::Microscopic_View_of_Multinucleated_Giant_Cells_in_Tumor,::Lectures::,Benign Cystic Neck Mass (Case 01),data/curriculum_map_readiness_v0/lecture_timecoded_vector_docstore_STRICT_CYTO_v9.sample5000.jsonl
lectures,lecture::gcs_gs_pathology_hub_02_normalized_lectures_lecture_chunks::000000000_000000000_001576,Breast::Lectures::Breast_Lecture_Treated::Histocyte_Identification_Microscopic_Analysis_and_Cytokeratin_Staining,::Lectures::,Benign Cystic Neck Mass (Case 01),data/curriculum_map_readiness_v0/lecture_timecoded_vector_docstore_STRICT_CYTO_v9.sample5000.jsonl
lectures,lecture::gcs_gs_pathology_hub_02_normalized_lectures_lecture_chunks::000000000_000000000_001578,Breast::Lectures::Breast_Lecture_Treated::Mucinous_Changes_in_Residual_Tumor_High_Power_View,::Lectures::,Benign Cystic Neck Mass (Case 01),data/curriculum_map_readiness_v0/lecture_timecoded_vector_docstore_STRICT_CYTO_v9.sample5000.jsonl
lectures,lecture::gcs_gs_pathology_hub_02_normalized_lectures_lecture_chunks::000000000_000000000_001591,Breast::Lectures::Breast_Lecture_Treated::Microscopic_Pathology_Slide_Inflammatory_Changes,::Lectures::,Benign Cystic Neck Mass (Case 01),data/curriculum_map_readiness_v0/lecture_timecoded_vector_docstore_STRICT_CYTO_v9.sample5000.jsonl
lectures,lecture::gcs_gs_pathology_hub_02_normalized_lectures_lecture_chunks::000000000_000000000_001591,Breast::Lectures::Breast_Lecture_Treated::Microscopic_Pathology_Slide_Inflammatory_Changes,Slide_,Benign Cystic Neck Mass (Case 01),data/curriculum_map_readiness_v0/lecture_timecoded_vector_docstore_STRICT_CYTO_v9.sample5000.jsonl
lectures,lecture::gcs_gs_pathology_hub_02_normalized_lectures_lecture_chunks::000000000_000000000_001591,Breast::Lectures::Breast_Lecture_Treated::Microscopic_Pathology_Slide_Inflammatory_Changes,Pathology_Slide,Benign Cystic Neck Mass (Case 01),data/curriculum_map_readiness_v0/lecture_timecoded_vector_docstore_STRICT_CYTO_v9.sample5000.jsonl
lectures,lecture::gcs_gs_pathology_hub_02_normalized_lectures_lecture_chunks::000000000_000000000_001601,Breast::Lectures::Breast_Lecture_Treated::Hemorrhagic_vs_Fibrotic_Tumor_Microscopy,::Lectures::,Benign Cystic Neck Mass (Case 01),data/curriculum_map_readiness_v0/lecture_timecoded_vector_docstore_STRICT_CYTO_v9.sample5000.jsonl
lectures,lecture::gcs_gs_pathology_hub_02_normalized_lectures_lecture_chunks::000000000_000000000_001602,Breast::Lectures::Breast_Lecture_Treated::Keratin_Stains_in_Tumor_Diagnosis,::Lectures::,Benign Cystic Neck Mass (Case 01),data/curriculum_map_readiness_v0/lecture_timecoded_vector_docstore_STRICT_CYTO_v9.sample5000.jsonl
lectures,lecture::gcs_gs_pathology_hub_02_normalized_lectures_lecture_chunks::000000000_000000000_001603,Breast::Lectures::Breast_Lecture_Treated::Necrotic_Tumor_Guest_Cells_Reticular_Keratin,::Lectures::,Benign Cystic Neck Mass (Case 01),data/curriculum_map_readiness_v0/lecture_timecoded_vector_docstore_STRICT_CYTO_v9.sample5000.jsonl
lectures,lecture::gcs_gs_pathology_hub_02_normalized_lectures_lecture_chunks::000000000_000000000_001604,Breast::Lectures::Breast_Lecture_Treated::Necrotic_Tumor_Ghost_Cells_Histopathology,::Lectures::,Benign Cystic Neck Mass (Case 01),data/curriculum_map_readiness_v0/lecture_timecoded_vector_docstore_STRICT_CYTO_v9.sample5000.jsonl
lectures,lecture::gcs_gs_pathology_hub_02_normalized_lectures_lecture_chunks::000000000_000000000_001606,Breast::Lectures::Breast_Lecture_Treated::Necrotic_Tumor_Pan_Keratin_Staining,::Lectures::,Benign Cystic Neck Mass (Case 01),data/curriculum_map_readiness_v0/lecture_timecoded_vector_docstore_STRICT_CYTO_v9.sample5000.jsonl
lectures,lecture::gcs_gs_pathology_hub_02_normalized_lectures_lecture_chunks::000000000_000000000_001612,Breast::Lectures::Breast_Lecture_Treated::RCB_Predicts_Breast_Cancer_Outcomes_Across_Subtypes,::Lectures::,Benign Cystic Neck Mass (Case 01),data/curriculum_map_readiness_v0/lecture_timecoded_vector_docstore_STRICT_CYTO_v9.sample5000.jsonl
lectures,lecture::gcs_gs_pathology_hub_02_normalized_lectures_lecture_chunks::000000000_000000000_001616,Breast::Lectures::Breast_Lecture_Treated::Microscopic_Tumor_Sectioning_and_Cellularity_Analysis,::Lectures::,Benign Cystic Neck Mass (Case 01),data/curriculum_map_readiness_v0/lecture_timecoded_vector_docstore_STRICT_CYTO_v9.sample5000.jsonl
lectures,lecture::gcs_gs_pathology_hub_02_normalized_lectures_lecture_chunks::000000000_000000000_002064,Heme::Lectures::gcs_gs_pathology_hub_02_normalized_lectures_lecture_chunks::Benign_Cystic_Neck_Mass_Case_01,::Lectures::,Benign Cystic Neck Mass (Case 01),data/curriculum_map_readiness_v0/lecture_timecoded_vector_docstore_STRICT_CYTO_v9.sample5000.jsonl
lectures,lecture::gcs_gs_pathology_hub_02_normalized_lectures_lecture_chunks::000000000_000000000_002073,Heme::Lectures::gcs_gs_pathology_hub_02_normalized_lectures_lecture_chunks::Benign_Cystic_Neck_Mass_Case_01,::Lectures::,Benign Cystic Neck Mass (Case 01),data/curriculum_map_readiness_v0/lecture_timecoded_vector_docstore_STRICT_CYTO_v9.sample5000.jsonl
lectures,lecture::gcs_gs_pathology_hub_02_normalized_lectures_lecture_chunks::000000000_000000000_002076,Skin::Lectures::Derm_Lecture_13_pigment_disorders::Benign_Cystic_Neck_Mass_Case_01,::Lectures::,Benign Cystic Neck Mass (Case 01),data/curriculum_map_readiness_v0/lecture_timecoded_vector_docstore_STRICT_CYTO_v9.sample5000.jsonl
lectures,lecture::gcs_gs_pathology_hub_02_normalized_lectures_lecture_chunks::000000000_000000000_002077,Skin::Lectures::Derm_Lecture_13_pigment_disorders::Disorders_of_Pigmentation,::Lectures::,Benign Cystic Neck Mass (Case 01),data/curriculum_map_readiness_v0/lecture_timecoded_vector_docstore_STRICT_CYTO_v9.sample5000.jsonl
lectures,lecture::gcs_gs_pathology_hub_02_normalized_lectures_lecture_chunks::000000000_000000000_002080,Skin::Lectures::Derm_Lecture_13_pigment_disorders::Stages_of_melanosomes,::Lectures::,Benign Cystic Neck Mass (Case 01),data/curriculum_map_readiness_v0/lecture_timecoded_vector_docstore_STRICT_CYTO_v9.sample5000.jsonl
lectures,lecture::gcs_gs_pathology_hub_02_normalized_lectures_lecture_chunks::000000000_000000000_002095,Skin::Lectures::Derm_Lecture_13_pigment_disorders::Pigmentary_Incontinence_in_Skin_Histology,::Lectures::,Benign Cystic Neck Mass (Case 01),data/curriculum_map_readiness_v0/lecture_timecoded_vector_docstore_STRICT_CYTO_v9.sample5000.jsonl
lectures,lecture::gcs_gs_pathology_hub_02_normalized_lectures_lecture_chunks::000000000_000000000_002099,Skin::Lectures::Derm_Lecture_13_pigment_disorders::Melanophages,::Lectures::,Benign Cystic Neck Mass (Case 01),data/curriculum_map_readiness_v0/lecture_timecoded_vector_docstore_STRICT_CYTO_v9.sample5000.jsonl
lectures,lecture::gcs_gs_pathology_hub_02_normalized_lectures_lecture_chunks::000000000_000000000_002101,Skin::Lectures::Derm_Lecture_13_pigment_disorders::H_and_E_and_Electron_Microscopy_Findings_in_a_Hypopigmentary_Condition,::Lectures::,Benign Cystic Neck Mass (Case 01),data/curriculum_map_readiness_v0/lecture_timecoded_vector_docstore_STRICT_CYTO_v9.sample5000.jsonl
lectures,lecture::gcs_gs_pathology_hub_02_normalized_lectures_lecture_chunks::000000000_000000000_002102,Skin::Lectures::Derm_Lecture_13_pigment_disorders::Nevus_Depigmentosus,::Lectures::,Benign Cystic Neck Mass (Case 01),data/curriculum_map_readiness_v0/lecture_timecoded_vector_docstore_STRICT_CYTO_v9.sample5000.jsonl
lectures,lecture::gcs_gs_pathology_hub_02_normalized_lectures_lecture_chunks::000000000_000000000_002103,Skin::Lectures::Derm_Lecture_13_pigment_disorders::Histological_and_Ultrastructural_Analysis_of_Hypopigmentation,::Lectures::,Benign Cystic Neck Mass (Case 01),data/curriculum_map_readiness_v0/lecture_timecoded_vector_docstore_STRICT_CYTO_v9.sample5000.jsonl
lectures,lecture::gcs_gs_pathology_hub_02_normalized_lectures_lecture_chunks::000000000_000000000_002106,Skin::Lectures::Derm_Lecture_13_pigment_disorders::Patterns_of_Hypopigmentation,::Lectures::,Benign Cystic Neck Mass (Case 01),data/curriculum_map_readiness_v0/lecture_timecoded_vector_docstore_STRICT_CYTO_v9.sample5000.jsonl
lectures,lecture::gcs_gs_pathology_hub_02_normalized_lectures_lecture_chunks::000000000_000000000_002111,Skin::Lectures::Derm_Lecture_13_pigment_disorders::Histology,::Lectures::,Benign Cystic Neck Mass (Case 01),data/curriculum_map_readiness_v0/lecture_timecoded_vector_docstore_STRICT_CYTO_v9.sample5000.jsonl
lectures,lecture::gcs_gs_pathology_hub_02_normalized_lectures_lecture_chunks::000000000_000000000_002112,Skin::Lectures::Derm_Lecture_13_pigment_disorders::Fontana_masson,::Lectures::,Benign Cystic Neck Mass (Case 01),data/curriculum_map_readiness_v0/lecture_timecoded_vector_docstore_STRICT_CYTO_v9.sample5000.jsonl
lectures,lecture::gcs_gs_pathology_hub_02_normalized_lectures_lecture_chunks::000000000_000000000_002118,Skin::Lectures::Derm_Lecture_13_pigment_disorders::Let_s_Recap,::Lectures::,Benign Cystic Neck Mass (Case 01),data/curriculum_map_readiness_v0/lecture_timecoded_vector_docstore_STRICT_CYTO_v9.sample5000.jsonl
lectures,lecture::gcs_gs_pathology_hub_02_normalized_lectures_lecture_chunks::000000000_000000000_002126,Skin::Lectures::Derm_Lecture_13_pigment_disorders::Stage_2_Verrucous,::Lectures::,Benign Cystic Neck Mass (Case 01),data/curriculum_map_readiness_v0/lecture_timecoded_vector_docstore_STRICT_CYTO_v9.sample5000.jsonl
lectures,lecture::gcs_gs_pathology_hub_02_normalized_lectures_lecture_chunks::000000000_000000000_002127,Skin::Lectures::Derm_Lecture_13_pigment_disorders::Stage_2_Verrucous,::Lectures::,Benign Cystic Neck Mass (Case 01),data/curriculum_map_readiness_v0/lecture_timecoded_vector_docstore_STRICT_CYTO_v9.sample5000.jsonl
lectures,lecture::gcs_gs_pathology_hub_02_normalized_lectures_lecture_chunks::000000000_000000000_002128,Skin::Lectures::Derm_Lecture_13_pigment_disorders::Stage_3_Hyperpigmented,::Lectures::,Benign Cystic Neck Mass (Case 01),data/curriculum_map_readiness_v0/lecture_timecoded_vector_docstore_STRICT_CYTO_v9.sample5000.jsonl
lectures,lecture::gcs_gs_pathology_hub_02_normalized_lectures_lecture_chunks::000000000_000000000_002129,Skin::Lectures::Derm_Lecture_13_pigment_disorders::Sage_4_Hypopigmented,::Lectures::,Benign Cystic Neck Mass (Case 01),data/curriculum_map_readiness_v0/lecture_timecoded_vector_docstore_STRICT_CYTO_v9.sample5000.jsonl
lectures,lecture::gcs_gs_pathology_hub_02_normalized_lectures_lecture_chunks::000000000_000000000_002132,Skin::Lectures::Derm_Lecture_13_pigment_disorders::Benign_Cystic_Neck_Mass_Case_01,::Lectures::,Benign Cystic Neck Mass (Case 01),data/curriculum_map_readiness_v0/lecture_timecoded_vector_docstore_STRICT_CYTO_v9.sample5000.jsonl
lectures,lecture::gcs_gs_pathology_hub_02_normalized_lectures_lecture_chunks::000000000_000000000_002139,Skin::Lectures::Derm_Lecture_13_pigment_disorders::6_Hemochromatosis,::Lectures::,Benign Cystic Neck Mass (Case 01),data/curriculum_map_readiness_v0/lecture_timecoded_vector_docstore_STRICT_CYTO_v9.sample5000.jsonl
lectures,lecture::gcs_gs_pathology_hub_02_normalized_lectures_lecture_chunks::000000000_000000000_002140,Skin::Lectures::Derm_Lecture_13_pigment_disorders::Histological_Analysis_of_Hyperpigmentation,::Lectures::,Benign Cystic Neck Mass (Case 01),data/curriculum_map_readiness_v0/lecture_timecoded_vector_docstore_STRICT_CYTO_v9.sample5000.jsonl
lectures,lecture::gcs_gs_pathology_hub_02_normalized_lectures_lecture_chunks::000000000_000000000_002141,Skin::Lectures::Derm_Lecture_13_pigment_disorders::Fontana_Masson,::Lectures::,Benign Cystic Neck Mass (Case 01),data/curriculum_map_readiness_v0/lecture_timecoded_vector_docstore_STRICT_CYTO_v9.sample5000.jsonl
lectures,lecture::gcs_gs_pathology_hub_02_normalized_lectures_lecture_chunks::000000000_000000000_002142,Skin::Lectures::Derm_Lecture_13_pigment_disorders::Pearl,::Lectures::,Benign Cystic Neck Mass (Case 01),data/curriculum_map_readiness_v0/lecture_timecoded_vector_docstore_STRICT_CYTO_v9.sample5000.jsonl
lectures,lecture::gcs_gs_pathology_hub_02_normalized_lectures_lecture_chunks::000000000_000000000_002145,Skin::Lectures::Derm_Lecture_13_pigment_disorders::Fontana_Masson_and_Pearl,::Lectures::,Benign Cystic Neck Mass (Case 01),data/curriculum_map_readiness_v0/lecture_timecoded_vector_docstore_STRICT_CYTO_v9.sample5000.jsonl
lectures,lecture::gcs_gs_pathology_hub_02_normalized_lectures_lecture_chunks::000000000_000000000_002148,Skin::Lectures::Derm_Lecture_13_pigment_disorders::9_Ochronosis,::Lectures::,Benign Cystic Neck Mass (Case 01),data/curriculum_map_readiness_v0/lecture_timecoded_vector_docstore_STRICT_CYTO_v9.sample5000.jsonl
lectures,lecture::gcs_gs_pathology_hub_02_normalized_lectures_lecture_chunks::000000000_000000000_002149,Skin::Lectures::Derm_Lecture_13_pigment_disorders::Hypothesis_Pathogenesis_of_EO_Exogenous_Ochronosis,::Lectures::,Benign Cystic Neck Mass (Case 01),data/curriculum_map_readiness_v0/lecture_timecoded_vector_docstore_STRICT_CYTO_v9.sample5000.jsonl
lectures,lecture::gcs_gs_pathology_hub_02_normalized_lectures_lecture_chunks::000000000_000000000_002150,Skin::Lectures::Derm_Lecture_13_pigment_disorders::Histology,::Lectures::,Benign Cystic Neck Mass (Case 01),data/curriculum_map_readiness_v0/lecture_timecoded_vector_docstore_STRICT_CYTO_v9.sample5000.jsonl
lectures,lecture::gcs_gs_pathology_hub_02_normalized_lectures_lecture_chunks::000000000_000000000_002152,Skin::Lectures::Derm_Lecture_13_pigment_disorders::10_Tattoo_and_reactions_to_tattoo,::Lectures::,Benign Cystic Neck Mass (Case 01),data/curriculum_map_readiness_v0/lecture_timecoded_vector_docstore_STRICT_CYTO_v9.sample5000.jsonl
lectures,lecture::gcs_gs_pathology_hub_02_normalized_lectures_lecture_chunks::000000000_000000000_002154,Skin::Lectures::Derm_Lecture_13_pigment_disorders::Histopathology_of_Dense_Cellular_Infiltrate_with_Pigment_Deposition,::Lectures::,Benign Cystic Neck Mass (Case 01),data/curriculum_map_readiness_v0/lecture_timecoded_vector_docstore_STRICT_CYTO_v9.sample5000.jsonl
lectures,lecture::gcs_gs_pathology_hub_02_normalized_lectures_lecture_chunks::000000000_000000000_002164,Skin::Lectures::Derm_Lecture_13_pigment_disorders::QUESTIONS,::Lectures::,Benign Cystic Neck Mass (Case 01),data/curriculum_map_readiness_v0/lecture_timecoded_vector_docstore_STRICT_CYTO_v9.sample5000.jsonl
lectures,lecture::gcs_gs_pathology_hub_02_normalized_lectures_lecture_chunks::000000000_000000000_002173,Heme::Lectures::gcs_gs_pathology_hub_02_normalized_lectures_lecture_chunks::Benign_Cystic_Neck_Mass_Case_01,::Lectures::,Benign Cystic Neck Mass (Case 01),data/curriculum_map_readiness_v0/lecture_timecoded_vector_docstore_STRICT_CYTO_v9.sample5000.jsonl
lectures,lecture::gcs_gs_pathology_hub_02_normalized_lectures_lecture_chunks::000000000_000000000_002457,Skin::Lectures::Derm_Lecture_17_intro_to_dermpath::Benign_Cystic_Neck_Mass_Case_01,::Lectures::,Benign Cystic Neck Mass (Case 01),data/curriculum_map_readiness_v0/lecture_timecoded_vector_docstore_STRICT_CYTO_v9.sample5000.jsonl
lectures,lecture::gcs_gs_pathology_hub_02_normalized_lectures_lecture_chunks::000000000_000000000_002459,Skin::Lectures::Derm_Lecture_17_intro_to_dermpath::Virtual_Meeting,::Lectures::,Benign Cystic Neck Mass (Case 01),data/curriculum_map_readiness_v0/lecture_timecoded_vector_docstore_STRICT_CYTO_v9.sample5000.jsonl
lectures,lecture::gcs_gs_pathology_hub_02_normalized_lectures_lecture_chunks::000000000_000000000_002460,Skin::Lectures::Derm_Lecture_17_intro_to_dermpath::Virtual_Meeting_Participants,::Lectures::,Benign Cystic Neck Mass (Case 01),data/curriculum_map_readiness_v0/lecture_timecoded_vector_docstore_STRICT_CYTO_v9.sample5000.jsonl
lectures,lecture::gcs_gs_pathology_hub_02_normalized_lectures_lecture_chunks::000000000_000000000_002461,Skin::Lectures::Derm_Lecture_17_intro_to_dermpath::Virtual_Meeting_Participants,::Lectures::,Benign Cystic Neck Mass (Case 01),data/curriculum_map_readiness_v0/lecture_timecoded_vector_docstore_STRICT_CYTO_v9.sample5000.jsonl
lectures,lecture::gcs_gs_pathology_hub_02_normalized_lectures_lecture_chunks::000000000_000000000_002462,Skin::Lectures::Derm_Lecture_17_intro_to_dermpath::Virtual_Meeting_Participants,::Lectures::,Benign Cystic Neck Mass (Case 01),data/curriculum_map_readiness_v0/lecture_timecoded_vector_docstore_STRICT_CYTO_v9.sample5000.jsonl
lectures,lecture::gcs_gs_pathology_hub_02_normalized_lectures_lecture_chunks::000000000_000000000_002463,Skin::Lectures::Derm_Lecture_17_intro_to_dermpath::Virtual_Team_Meeting,::Lectures::,Benign Cystic Neck Mass (Case 01),data/curriculum_map_readiness_v0/lecture_timecoded_vector_docstore_STRICT_CYTO_v9.sample5000.jsonl
lectures,lecture::gcs_gs_pathology_hub_02_normalized_lectures_lecture_chunks::000000000_000000000_002464,Skin::Lectures::Derm_Lecture_17_intro_to_dermpath::Your_teachers_and_administrative_support,::Lectures::,Benign Cystic Neck Mass (Case 01),data/curriculum_map_readiness_v0/lecture_timecoded_vector_docstore_STRICT_CYTO_v9.sample5000.jsonl
lectures,lecture::gcs_gs_pathology_hub_02_normalized_lectures_lecture_chunks::000000000_000000000_002465,Skin::Lectures::Derm_Lecture_17_intro_to_dermpath::Your_teachers_and_administrative_support,::Lectures::,Benign Cystic Neck Mass (Case 01),data/curriculum_map_readiness_v0/lecture_timecoded_vector_docstore_STRICT_CYTO_v9.sample5000.jsonl
lectures,lecture::gcs_gs_pathology_hub_02_normalized_lectures_lecture_chunks::000000000_000000000_002466,Skin::Lectures::Derm_Lecture_17_intro_to_dermpath::Welcome_to_dermatopathology,::Lectures::,Benign Cystic Neck Mass (Case 01),data/curriculum_map_readiness_v0/lecture_timecoded_vector_docstore_STRICT_CYTO_v9.sample5000.jsonl
lectures,lecture::gcs_gs_pathology_hub_02_normalized_lectures_lecture_chunks::000000000_000000000_002467,Skin::Lectures::Derm_Lecture_17_intro_to_dermpath::Your_teachers_and_administrative_support,::Lectures::,Benign Cystic Neck Mass (Case 01),data/curriculum_map_readiness_v0/lecture_timecoded_vector_docstore_STRICT_CYTO_v9.sample5000.jsonl
lectures,lecture::gcs_gs_pathology_hub_02_normalized_lectures_lecture_chunks::000000000_000000000_002468,Skin::Lectures::Derm_Lecture_17_intro_to_dermpath::Your_dermatopathology_education,::Lectures::,Benign Cystic Neck Mass (Case 01),data/curriculum_map_readiness_v0/lecture_timecoded_vector_docstore_STRICT_CYTO_v9.sample5000.jsonl
lectures,lecture::gcs_gs_pathology_hub_02_normalized_lectures_lecture_chunks::000000000_000000000_002469,Skin::Lectures::Derm_Lecture_17_intro_to_dermpath::Your_dermatopathology_education,::Lectures::,Benign Cystic Neck Mass (Case 01),data/curriculum_map_readiness_v0/lecture_timecoded_vector_docstore_STRICT_CYTO_v9.sample5000.jsonl
lectures,lecture::gcs_gs_pathology_hub_02_normalized_lectures_lecture_chunks::000000000_000000000_002470,Skin::Lectures::Derm_Lecture_17_intro_to_dermpath::Weekly_morning_lecture_Tuesdays_8_9_am,::Lectures::,Benign Cystic Neck Mass (Case 01),data/curriculum_map_readiness_v0/lecture_timecoded_vector_docstore_STRICT_CYTO_v9.sample5000.jsonl
lectures,lecture::gcs_gs_pathology_hub_02_normalized_lectures_lecture_chunks::000000000_000000000_002471,Skin::Lectures::Derm_Lecture_17_intro_to_dermpath::Weekly_morning_lecture_Tuesdays_8_9_am,::Lectures::,Benign Cystic Neck Mass (Case 01),data/curriculum_map_readiness_v0/lecture_timecoded_vector_docstore_STRICT_CYTO_v9.sample5000.jsonl
lectures,lecture::gcs_gs_pathology_hub_02_normalized_lectures_lecture_chunks::000000000_000000000_002473,Skin::Lectures::Derm_Lecture_17_intro_to_dermpath::2023_24_Dermpath_Teaching_Schedule,::Lectures::,Benign Cystic Neck Mass (Case 01),data/curriculum_map_readiness_v0/lecture_timecoded_vector_docstore_STRICT_CYTO_v9.sample5000.jsonl
lectures,lecture::gcs_gs_pathology_hub_02_normalized_lectures_lecture_chunks::000000000_000000000_002476,Skin::Lectures::Derm_Lecture_17_intro_to_dermpath::2023_24_Dermpath_Teaching_Schedule,::Lectures::,Benign Cystic Neck Mass (Case 01),data/curriculum_map_readiness_v0/lecture_timecoded_vector_docstore_STRICT_CYTO_v9.sample5000.jsonl
lectures,lecture::gcs_gs_pathology_hub_02_normalized_lectures_lecture_chunks::000000000_000000000_002478,Skin::Lectures::Derm_Lecture_17_intro_to_dermpath::Your_dermatopathology_education,::Lectures::,Benign Cystic Neck Mass (Case 01),data/curriculum_map_readiness_v0/lecture_timecoded_vector_docstore_STRICT_CYTO_v9.sample5000.jsonl
lectures,lecture::gcs_gs_pathology_hub_02_normalized_lectures_lecture_chunks::000000000_000000000_002479,Skin::Lectures::Derm_Lecture_17_intro_to_dermpath::Welcome_to_Dermatopathology,::Lectures::,Benign Cystic Neck Mass (Case 01),data/curriculum_map_readiness_v0/lecture_timecoded_vector_docstore_STRICT_CYTO_v9.sample5000.jsonl
lectures,lecture::gcs_gs_pathology_hub_02_normalized_lectures_lecture_chunks::000000000_000000000_002480,Skin::Lectures::Derm_Lecture_17_intro_to_dermpath::Your_dermatopathology_education,::Lectures::,Benign Cystic Neck Mass (Case 01),data/curriculum_map_readiness_v0/lecture_timecoded_vector_docstore_STRICT_CYTO_v9.sample5000.jsonl
lectures,lecture::gcs_gs_pathology_hub_02_normalized_lectures_lecture_chunks::000000000_000000000_002481,Skin::Lectures::Derm_Lecture_17_intro_to_dermpath::Weekly_core_exam_preparation_Tuesdays_7_30,::Lectures::,Benign Cystic Neck Mass (Case 01),data/curriculum_map_readiness_v0/lecture_timecoded_vector_docstore_STRICT_CYTO_v9.sample5000.jsonl
lectures,lecture::gcs_gs_pathology_hub_02_normalized_lectures_lecture_chunks::000000000_000000000_002482,Skin::Lectures::Derm_Lecture_17_intro_to_dermpath::Your_dermatopathology_education,::Lectures::,Benign Cystic Neck Mass (Case 01),data/curriculum_map_readiness_v0/lecture_timecoded_vector_docstore_STRICT_CYTO_v9.sample5000.jsonl
lectures,lecture::gcs_gs_pathology_hub_02_normalized_lectures_lecture_chunks::000000000_000000000_002483,Skin::Lectures::Derm_Lecture_17_intro_to_dermpath::Weekly_core_exam_preparation_Tuesdays_7_30,::Lectures::,Benign Cystic Neck Mass (Case 01),data/curriculum_map_readiness_v0/lecture_timecoded_vector_docstore_STRICT_CYTO_v9.sample5000.jsonl
lectures,lecture::gcs_gs_pathology_hub_02_normalized_lectures_lecture_chunks::000000000_000000000_002484,Skin::Lectures::Derm_Lecture_17_intro_to_dermpath::Weekly_core_exam_preparation_Tuesdays_7_30,::Lectures::,Benign Cystic Neck Mass (Case 01),data/curriculum_map_readiness_v0/lecture_timecoded_vector_docstore_STRICT_CYTO_v9.sample5000.jsonl
lectures,lecture::gcs_gs_pathology_hub_02_normalized_lectures_lecture_chunks::000000000_000000000_002488,Skin::Lectures::Derm_Lecture_17_intro_to_dermpath::Inflammatory_Skin_Diseases,::Lectures::,Benign Cystic Neck Mass (Case 01),data/curriculum_map_readiness_v0/lecture_timecoded_vector_docstore_STRICT_CYTO_v9.sample5000.jsonl
lectures,lecture::gcs_gs_pathology_hub_02_normalized_lectures_lecture_chunks::000000000_000000000_002493,Skin::Lectures::Derm_Lecture_17_intro_to_dermpath::Superficial_and_Deep_Perivascular_Dermatitis,::Lectures::,Benign Cystic Neck Mass (Case 01),data/curriculum_map_readiness_v0/lecture_timecoded_vector_docstore_STRICT_CYTO_v9.sample5000.jsonl
lectures,lecture::gcs_gs_pathology_hub_02_normalized_lectures_lecture_chunks::000000000_000000000_002496,Skin::Lectures::Derm_Lecture_17_intro_to_dermpath::Subepidermal_Vesicular_Dermatitis,::Lectures::,Benign Cystic Neck Mass (Case 01),data/curriculum_map_readiness_v0/lecture_timecoded_vector_docstore_STRICT_CYTO_v9.sample5000.jsonl
lectures,lecture::gcs_gs_pathology_hub_02_normalized_lectures_lecture_chunks::000000000_000000000_002497,Skin::Lectures::Derm_Lecture_17_intro_to_dermpath::Weekly_core_exam_preparation_Tuesdays_7_30,::Lectures::,Benign Cystic Neck Mass (Case 01),data/curriculum_map_readiness_v0/lecture_timecoded_vector_docstore_STRICT_CYTO_v9.sample5000.jsonl
lectures,lecture::gcs_gs_pathology_hub_02_normalized_lectures_lecture_chunks::000000000_000000000_002498,Skin::Lectures::Derm_Lecture_17_intro_to_dermpath::Weekly_core_exam_preparation_Tuesdays_7_30,::Lectures::,Benign Cystic Neck Mass (Case 01),data/curriculum_map_readiness_v0/lecture_timecoded_vector_docstore_STRICT_CYTO_v9.sample5000.jsonl
lectures,lecture::gcs_gs_pathology_hub_02_normalized_lectures_lecture_chunks::000000000_000000000_002499,Skin::Lectures::Derm_Lecture_17_intro_to_dermpath::Your_dermatopathology_education,::Lectures::,Benign Cystic Neck Mass (Case 01),data/curriculum_map_readiness_v0/lecture_timecoded_vector_docstore_STRICT_CYTO_v9.sample5000.jsonl
lectures,lecture::gcs_gs_pathology_hub_02_normalized_lectures_lecture_chunks::000000000_000000000_002501,Skin::Lectures::Derm_Lecture_17_intro_to_dermpath::Month_long_dermpath_rotation_year,::Lectures::,Benign Cystic Neck Mass (Case 01),data/curriculum_map_readiness_v0/lecture_timecoded_vector_docstore_STRICT_CYTO_v9.sample5000.jsonl
lectures,lecture::gcs_gs_pathology_hub_02_normalized_lectures_lecture_chunks::000000000_000000000_002503,Skin::Lectures::Derm_Lecture_17_intro_to_dermpath::Your_dermatopathology_education,::Lectures::,Benign Cystic Neck Mass (Case 01),data/curriculum_map_readiness_v0/lecture_timecoded_vector_docstore_STRICT_CYTO_v9.sample5000.jsonl
lectures,lecture::gcs_gs_pathology_hub_02_normalized_lectures_lecture_chunks::000000000_000000000_002504,Skin::Lectures::Derm_Lecture_17_intro_to_dermpath::Boot_camp_for_1st_years,::Lectures::,Benign Cystic Neck Mass (Case 01),data/curriculum_map_readiness_v0/lecture_timecoded_vector_docstore_STRICT_CYTO_v9.sample5000.jsonl
lectures,lecture::gcs_gs_pathology_hub_02_normalized_lectures_lecture_chunks::000000000_000000000_002505,Skin::Lectures::Derm_Lecture_17_intro_to_dermpath::Your_dermatopathology_education,::Lectures::,Benign Cystic Neck Mass (Case 01),data/curriculum_map_readiness_v0/lecture_timecoded_vector_docstore_STRICT_CYTO_v9.sample5000.jsonl
lectures,lecture::gcs_gs_pathology_hub_02_normalized_lectures_lecture_chunks::000000000_000000000_002506,Skin::Lectures::Derm_Lecture_17_intro_to_dermpath::Unknowns,::Lectures::,Benign Cystic Neck Mass (Case 01),data/curriculum_map_readiness_v0/lecture_timecoded_vector_docstore_STRICT_CYTO_v9.sample5000.jsonl
lectures,lecture::gcs_gs_pathology_hub_02_normalized_lectures_lecture_chunks::000000000_000000000_002507,Skin::Lectures::Derm_Lecture_17_intro_to_dermpath::Your_dermatopathology_education,::Lectures::,Benign Cystic Neck Mass (Case 01),data/curriculum_map_readiness_v0/lecture_timecoded_vector_docstore_STRICT_CYTO_v9.sample5000.jsonl
lectures,lecture::gcs_gs_pathology_hub_02_normalized_lectures_lecture_chunks::000000000_000000000_002508,Skin::Lectures::Derm_Lecture_17_intro_to_dermpath::2023_2024_Slide_review,::Lectures::,Benign Cystic Neck Mass (Case 01),data/curriculum_map_readiness_v0/lecture_timecoded_vector_docstore_STRICT_CYTO_v9.sample5000.jsonl
lectures,lecture::gcs_gs_pathology_hub_02_normalized_lectures_lecture_chunks::000000000_000000000_002508,Skin::Lectures::Derm_Lecture_17_intro_to_dermpath::2023_2024_Slide_review,Slide_,Benign Cystic Neck Mass (Case 01),data/curriculum_map_readiness_v0/lecture_timecoded_vector_docstore_STRICT_CYTO_v9.sample5000.jsonl
lectures,lecture::gcs_gs_pathology_hub_02_normalized_lectures_lecture_chunks::000000000_000000000_002509,Skin::Lectures::Derm_Lecture_17_intro_to_dermpath::Other_perks,::Lectures::,Benign Cystic Neck Mass (Case 01),data/curriculum_map_readiness_v0/lecture_timecoded_vector_docstore_STRICT_CYTO_v9.sample5000.jsonl
lectures,lecture::gcs_gs_pathology_hub_02_normalized_lectures_lecture_chunks::000000000_000000000_002510,Skin::Lectures::Derm_Lecture_17_intro_to_dermpath::Misc,::Lectures::,Benign Cystic Neck Mass (Case 01),data/curriculum_map_readiness_v0/lecture_timecoded_vector_docstore_STRICT_CYTO_v9.sample5000.jsonl
lectures,lecture::gcs_gs_pathology_hub_02_normalized_lectures_lecture_chunks::000000000_000000000_002619,Skin::Lectures::Derm_Lecture_20_margins_and_levels::Blank_Slide,::Lectures::,Benign Cystic Neck Mass (Case 01),data/curriculum_map_readiness_v0/lecture_timecoded_vector_docstore_STRICT_CYTO_v9.sample5000.jsonl
lectures,lecture::gcs_gs_pathology_hub_02_normalized_lectures_lecture_chunks::000000000_000000000_002620,Skin::Lectures::Derm_Lecture_20_margins_and_levels::Margins_and_Levels_in_Surgical_Pathology,::Lectures::,Benign Cystic Neck Mass (Case 01),data/curriculum_map_readiness_v0/lecture_timecoded_vector_docstore_STRICT_CYTO_v9.sample5000.jsonl
lectures,lecture::gcs_gs_pathology_hub_02_normalized_lectures_lecture_chunks::000000000_000000000_002621,Skin::Lectures::Derm_Lecture_20_margins_and_levels::Margins_and_Levels,::Lectures::,Benign Cystic Neck Mass (Case 01),data/curriculum_map_readiness_v0/lecture_timecoded_vector_docstore_STRICT_CYTO_v9.sample5000.jsonl
lectures,lecture::gcs_gs_pathology_hub_02_normalized_lectures_lecture_chunks::000000000_000000000_002622,Skin::Lectures::Derm_Lecture_20_margins_and_levels::Surgical_pathology,::Lectures::,Benign Cystic Neck Mass (Case 01),data/curriculum_map_readiness_v0/lecture_timecoded_vector_docstore_STRICT_CYTO_v9.sample5000.jsonl
lectures,lecture::gcs_gs_pathology_hub_02_normalized_lectures_lecture_chunks::000000000_000000000_002623,Skin::Lectures::Derm_Lecture_20_margins_and_levels::Surgical_Pathology,::Lectures::,Benign Cystic Neck Mass (Case 01),data/curriculum_map_readiness_v0/lecture_timecoded_vector_docstore_STRICT_CYTO_v9.sample5000.jsonl
lectures,lecture::gcs_gs_pathology_hub_02_normalized_lectures_lecture_chunks::000000000_000000000_002624,Skin::Lectures::Derm_Lecture_20_margins_and_levels::Margins_and_Levels_II,::Lectures::,Benign Cystic Neck Mass (Case 01),data/curriculum_map_readiness_v0/lecture_timecoded_vector_docstore_STRICT_CYTO_v9.sample5000.jsonl
lectures,lecture::gcs_gs_pathology_hub_02_normalized_lectures_lecture_chunks::000000000_000000000_002625,Skin::Lectures::Derm_Lecture_20_margins_and_levels::Slide_preparation_and_the_diagnostic_workflow,::Lectures::,Benign Cystic Neck Mass (Case 01),data/curriculum_map_readiness_v0/lecture_timecoded_vector_docstore_STRICT_CYTO_v9.sample5000.jsonl
lectures,lecture::gcs_gs_pathology_hub_02_normalized_lectures_lecture_chunks::000000000_000000000_002625,Skin::Lectures::Derm_Lecture_20_margins_and_levels::Slide_preparation_and_the_diagnostic_workflow,Slide_,Benign Cystic Neck Mass (Case 01),data/curriculum_map_readiness_v0/lecture_timecoded_vector_docstore_STRICT_CYTO_v9.sample5000.jsonl
lectures,lecture::gcs_gs_pathology_hub_02_normalized_lectures_lecture_chunks::000000000_000000000_002626,Skin::Lectures::Derm_Lecture_20_margins_and_levels::Margins_and_Levels_II,::Lectures::,Benign Cystic Neck Mass (Case 01),data/curriculum_map_readiness_v0/lecture_timecoded_vector_docstore_STRICT_CYTO_v9.sample5000.jsonl
lectures,lecture::gcs_gs_pathology_hub_02_normalized_lectures_lecture_chunks::000000000_000000000_002627,Skin::Lectures::Derm_Lecture_20_margins_and_levels::Margins_and_Levels_II_pptx,::Lectures::,Benign Cystic Neck Mass (Case 01),data/curriculum_map_readiness_v0/lecture_timecoded_vector_docstore_STRICT_CYTO_v9.sample5000.jsonl
lectures,lecture::gcs_gs_pathology_hub_02_normalized_lectures_lecture_chunks::000000000_000000000_002628,Skin::Lectures::Derm_Lecture_20_margins_and_levels::Margins_and_Levels_II,::Lectures::,Benign Cystic Neck Mass (Case 01),data/curriculum_map_readiness_v0/lecture_timecoded_vector_docstore_STRICT_CYTO_v9.sample5000.jsonl
lectures,lecture::gcs_gs_pathology_hub_02_normalized_lectures_lecture_chunks::000000000_000000000_002629,Skin::Lectures::Derm_Lecture_20_margins_and_levels::SP_and_D,::Lectures::,Benign Cystic Neck Mass (Case 01),data/curriculum_map_readiness_v0/lecture_timecoded_vector_docstore_STRICT_CYTO_v9.sample5000.jsonl
lectures,lecture::gcs_gs_pathology_hub_02_normalized_lectures_lecture_chunks::000000000_000000000_002630,Skin::Lectures::Derm_Lecture_20_margins_and_levels::Margins_and_Levels_II,::Lectures::,Benign Cystic Neck Mass (Case 01),data/curriculum_map_readiness_v0/lecture_timecoded_vector_docstore_STRICT_CYTO_v9.sample5000.jsonl
lectures,lecture::gcs_gs_pathology_hub_02_normalized_lectures_lecture_chunks::000000000_000000000_002631,Skin::Lectures::Derm_Lecture_20_margins_and_levels::Margins_and_Levels_II,::Lectures::,Benign Cystic Neck Mass (Case 01),data/curriculum_map_readiness_v0/lecture_timecoded_vector_docstore_STRICT_CYTO_v9.sample5000.jsonl
lectures,lecture::gcs_gs_pathology_hub_02_normalized_lectures_lecture_chunks::000000000_000000000_002632,Skin::Lectures::Derm_Lecture_20_margins_and_levels::Margins_and_Levels_II,::Lectures::,Benign Cystic Neck Mass (Case 01),data/curriculum_map_readiness_v0/lecture_timecoded_vector_docstore_STRICT_CYTO_v9.sample5000.jsonl
lectures,lecture::gcs_gs_pathology_hub_02_normalized_lectures_lecture_chunks::000000000_000000000_002633,Skin::Lectures::Derm_Lecture_20_margins_and_levels::Remember,::Lectures::,Benign Cystic Neck Mass (Case 01),data/curriculum_map_readiness_v0/lecture_timecoded_vector_docstore_STRICT_CYTO_v9.sample5000.jsonl
lectures,lecture::gcs_gs_pathology_hub_02_normalized_lectures_lecture_chunks::000000000_000000000_002634,Skin::Lectures::Derm_Lecture_20_margins_and_levels::Specimen_types_and_their_appropriate_use_in_dermatopathology,::Lectures::,Benign Cystic Neck Mass (Case 01),data/curriculum_map_readiness_v0/lecture_timecoded_vector_docstore_STRICT_CYTO_v9.sample5000.jsonl
lectures,lecture::gcs_gs_pathology_hub_02_normalized_lectures_lecture_chunks::000000000_000000000_002635,Skin::Lectures::Derm_Lecture_20_margins_and_levels::Remember,::Lectures::,Benign Cystic Neck Mass (Case 01),data/curriculum_map_readiness_v0/lecture_timecoded_vector_docstore_STRICT_CYTO_v9.sample5000.jsonl
lectures,lecture::gcs_gs_pathology_hub_02_normalized_lectures_lecture_chunks::000000000_000000000_002636,Skin::Lectures::Derm_Lecture_20_margins_and_levels::Error_Text_Step_Exception,::Lectures::,Benign Cystic Neck Mass (Case 01),data/curriculum_map_readiness_v0/lecture_timecoded_vector_docstore_STRICT_CYTO_v9.sample5000.jsonl
lectures,lecture::gcs_gs_pathology_hub_02_normalized_lectures_lecture_chunks::000000000_000000000_002636,Skin::Lectures::Derm_Lecture_20_margins_and_levels::Error_Text_Step_Exception,::Error,Benign Cystic Neck Mass (Case 01),data/curriculum_map_readiness_v0/lecture_timecoded_vector_docstore_STRICT_CYTO_v9.sample5000.jsonl
lectures,lecture::gcs_gs_pathology_hub_02_normalized_lectures_lecture_chunks::000000000_000000000_002637,Skin::Lectures::Derm_Lecture_20_margins_and_levels::Margins_and_Levels_II_pptx,::Lectures::,Benign Cystic Neck Mass (Case 01),data/curriculum_map_readiness_v0/lecture_timecoded_vector_docstore_STRICT_CYTO_v9.sample5000.jsonl
lectures,lecture::gcs_gs_pathology_hub_02_normalized_lectures_lecture_chunks::000000000_000000000_002638,Skin::Lectures::Derm_Lecture_20_margins_and_levels::Margins_and_Levels_II,::Lectures::,Benign Cystic Neck Mass (Case 01),data/curriculum_map_readiness_v0/lecture_timecoded_vector_docstore_STRICT_CYTO_v9.sample5000.jsonl
lectures,lecture::gcs_gs_pathology_hub_02_normalized_lectures_lecture_chunks::000000000_000000000_002641,Skin::Lectures::Derm_Lecture_20_margins_and_levels::Margins_and_Levels_II,::Lectures::,Benign Cystic Neck Mass (Case 01),data/curriculum_map_readiness_v0/lecture_timecoded_vector_docstore_STRICT_CYTO_v9.sample5000.jsonl
lectures,lecture::gcs_gs_pathology_hub_02_normalized_lectures_lecture_chunks::000000000_000000000_002642,Skin::Lectures::Derm_Lecture_20_margins_and_levels::Margins_and_Levels_II,::Lectures::,Benign Cystic Neck Mass (Case 01),data/curriculum_map_readiness_v0/lecture_timecoded_vector_docstore_STRICT_CYTO_v9.sample5000.jsonl
lectures,lecture::gcs_gs_pathology_hub_02_normalized_lectures_lecture_chunks::000000000_000000000_002643,Skin::Lectures::Derm_Lecture_20_margins_and_levels::Levels,::Lectures::,Benign Cystic Neck Mass (Case 01),data/curriculum_map_readiness_v0/lecture_timecoded_vector_docstore_STRICT_CYTO_v9.sample5000.jsonl
lectures,lecture::gcs_gs_pathology_hub_02_normalized_lectures_lecture_chunks::000000000_000000000_002644,Skin::Lectures::Derm_Lecture_20_margins_and_levels::Margins_and_Levels_II,::Lectures::,Benign Cystic Neck Mass (Case 01),data/curriculum_map_readiness_v0/lecture_timecoded_vector_docstore_STRICT_CYTO_v9.sample5000.jsonl
lectures,lecture::gcs_gs_pathology_hub_02_normalized_lectures_lecture_chunks::000000000_000000000_002645,Skin::Lectures::Derm_Lecture_20_margins_and_levels::Levels,::Lectures::,Benign Cystic Neck Mass (Case 01),data/curriculum_map_readiness_v0/lecture_timecoded_vector_docstore_STRICT_CYTO_v9.sample5000.jsonl
lectures,lecture::gcs_gs_pathology_hub_02_normalized_lectures_lecture_chunks::000000000_000000000_002777,Heme::Lectures::gcs_gs_pathology_hub_02_normalized_lectures_lecture_chunks::Benign_Cystic_Neck_Mass_Case_01,::Lectures::,Benign Cystic Neck Mass (Case 01),data/curriculum_map_readiness_v0/lecture_timecoded_vector_docstore_STRICT_CYTO_v9.sample5000.jsonl
lectures,lecture::gcs_gs_pathology_hub_02_normalized_lectures_lecture_chunks::000000000_000000000_002784,Heme::Lectures::gcs_gs_pathology_hub_02_normalized_lectures_lecture_chunks::Benign_Cystic_Neck_Mass_Case_01,::Lectures::,Benign Cystic Neck Mass (Case 01),data/curriculum_map_readiness_v0/lecture_timecoded_vector_docstore_STRICT_CYTO_v9.sample5000.jsonl
lectures,lecture::gcs_gs_pathology_hub_02_normalized_lectures_lecture_chunks::000000000_000000000_003201,Skin::Lectures::gcs_gs_pathology_hub_02_normalized_lectures_lecture_chunks::Benign_Cystic_Neck_Mass_Case_01,::Lectures::,Benign Cystic Neck Mass (Case 01),data/curriculum_map_readiness_v0/lecture_timecoded_vector_docstore_STRICT_CYTO_v9.sample5000.jsonl
lectures,lecture::gcs_gs_pathology_hub_02_normalized_lectures_lecture_chunks::000000000_000000000_003412,Skin::Lectures::Derm_Lecture_28_oral::Benign_Cystic_Neck_Mass_Case_01,::Lectures::,Benign Cystic Neck Mass (Case 01),data/curriculum_map_readiness_v0/lecture_timecoded_vector_docstore_STRICT_CYTO_v9.sample5000.jsonl
lectures,lecture::gcs_gs_pathology_hub_02_normalized_lectures_lecture_chunks::000000000_000000000_003413,Skin::Lectures::Derm_Lecture_28_oral::Video_Conference_Call_with_Multiple_Participants,::Lectures::,Benign Cystic Neck Mass (Case 01),data/curriculum_map_readiness_v0/lecture_timecoded_vector_docstore_STRICT_CYTO_v9.sample5000.jsonl
lectures,lecture::gcs_gs_pathology_hub_02_normalized_lectures_lecture_chunks::000000000_000000000_003414,Skin::Lectures::Derm_Lecture_28_oral::ORAL_PATHOLOGY_FOR_DERMATOLOGISTS_PARTS_1_and_2,::Lectures::,Benign Cystic Neck Mass (Case 01),data/curriculum_map_readiness_v0/lecture_timecoded_vector_docstore_STRICT_CYTO_v9.sample5000.jsonl
lectures,lecture::gcs_gs_pathology_hub_02_normalized_lectures_lecture_chunks::000000000_000000000_003415,Skin::Lectures::Derm_Lecture_28_oral::Anatomy_of_the_Oral_Cavity,::Lectures::,Benign Cystic Neck Mass (Case 01),data/curriculum_map_readiness_v0/lecture_timecoded_vector_docstore_STRICT_CYTO_v9.sample5000.jsonl
lectures,lecture::gcs_gs_pathology_hub_02_normalized_lectures_lecture_chunks::000000000_000000000_003416,Skin::Lectures::Derm_Lecture_28_oral::ORAL_PATHOLOGY_FOR_DERMATOLOGISTS_PARTS_1_and_2,::Lectures::,Benign Cystic Neck Mass (Case 01),data/curriculum_map_readiness_v0/lecture_timecoded_vector_docstore_STRICT_CYTO_v9.sample5000.jsonl
lectures,lecture::gcs_gs_pathology_hub_02_normalized_lectures_lecture_chunks::000000000_000000000_003417,Skin::Lectures::Derm_Lecture_28_oral::Anatomy_of_the_Mouth,::Lectures::,Benign Cystic Neck Mass (Case 01),data/curriculum_map_readiness_v0/lecture_timecoded_vector_docstore_STRICT_CYTO_v9.sample5000.jsonl
lectures,lecture::gcs_gs_pathology_hub_02_normalized_lectures_lecture_chunks::000000000_000000000_003418,Skin::Lectures::Derm_Lecture_28_oral::Who_you_gonna_call,::Lectures::,Benign Cystic Neck Mass (Case 01),data/curriculum_map_readiness_v0/lecture_timecoded_vector_docstore_STRICT_CYTO_v9.sample5000.jsonl
lectures,lecture::gcs_gs_pathology_hub_02_normalized_lectures_lecture_chunks::000000000_000000000_003419,Skin::Lectures::Derm_Lecture_28_oral::Teeth_Numbering_System_in_the_United_States,::Lectures::,Benign Cystic Neck Mass (Case 01),data/curriculum_map_readiness_v0/lecture_timecoded_vector_docstore_STRICT_CYTO_v9.sample5000.jsonl
lectures,lecture::gcs_gs_pathology_hub_02_normalized_lectures_lecture_chunks::000000000_000000000_003420,Skin::Lectures::Derm_Lecture_28_oral::Demonstration_of_an_Oral_Punch_Biopsy_Technique,::Lectures::,Benign Cystic Neck Mass (Case 01),data/curriculum_map_readiness_v0/lecture_timecoded_vector_docstore_STRICT_CYTO_v9.sample5000.jsonl
lectures,lecture::gcs_gs_pathology_hub_02_normalized_lectures_lecture_chunks::000000000_000000000_003421,Skin::Lectures::Derm_Lecture_28_oral::Analysis_of_Mucosa_Specimen_Curling,::Lectures::,Benign Cystic Neck Mass (Case 01),data/curriculum_map_readiness_v0/lecture_timecoded_vector_docstore_STRICT_CYTO_v9.sample5000.jsonl
lectures,lecture::gcs_gs_pathology_hub_02_normalized_lectures_lecture_chunks::000000000_000000000_003422,Skin::Lectures::Derm_Lecture_28_oral::Use_of_Silver_Nitrates_for_Hemostasis_after_a_Punch_Biopsy,::Lectures::,Benign Cystic Neck Mass (Case 01),data/curriculum_map_readiness_v0/lecture_timecoded_vector_docstore_STRICT_CYTO_v9.sample5000.jsonl
lectures,lecture::gcs_gs_pathology_hub_02_normalized_lectures_lecture_chunks::000000000_000000000_003425,Skin::Lectures::Derm_Lecture_28_oral::17_yo_female_primary_herpes,::Lectures::,Benign Cystic Neck Mass (Case 01),data/curriculum_map_readiness_v0/lecture_timecoded_vector_docstore_STRICT_CYTO_v9.sample5000.jsonl
lectures,lecture::gcs_gs_pathology_hub_02_normalized_lectures_lecture_chunks::000000000_000000000_003426,Skin::Lectures::Derm_Lecture_28_oral::Secondary_herpes,::Lectures::,Benign Cystic Neck Mass (Case 01),data/curriculum_map_readiness_v0/lecture_timecoded_vector_docstore_STRICT_CYTO_v9.sample5000.jsonl
lectures,lecture::gcs_gs_pathology_hub_02_normalized_lectures_lecture_chunks::000000000_000000000_003427,Skin::Lectures::Derm_Lecture_28_oral::Secondary_herpes,::Lectures::,Benign Cystic Neck Mass (Case 01),data/curriculum_map_readiness_v0/lecture_timecoded_vector_docstore_STRICT_CYTO_v9.sample5000.jsonl
lectures,lecture::gcs_gs_pathology_hub_02_normalized_lectures_lecture_chunks::000000000_000000000_003428,Skin::Lectures::Derm_Lecture_28_oral::Wet_fingered_dentistry,::Lectures::,Benign Cystic Neck Mass (Case 01),data/curriculum_map_readiness_v0/lecture_timecoded_vector_docstore_STRICT_CYTO_v9.sample5000.jsonl
lectures,lecture::gcs_gs_pathology_hub_02_normalized_lectures_lecture_chunks::000000000_000000000_003430,Skin::Lectures::Derm_Lecture_28_oral::Herpes_keratitis,::Lectures::,Benign Cystic Neck Mass (Case 01),data/curriculum_map_readiness_v0/lecture_timecoded_vector_docstore_STRICT_CYTO_v9.sample5000.jsonl
lectures,lecture::gcs_gs_pathology_hub_02_normalized_lectures_lecture_chunks::000000000_000000000_003435,Skin::Lectures::Derm_Lecture_28_oral::Clinical_Presentation_of_Poor_Oral_Hygiene_and_Oral_Lesions,::Lectures::,Benign Cystic Neck Mass (Case 01),data/curriculum_map_readiness_v0/lecture_timecoded_vector_docstore_STRICT_CYTO_v9.sample5000.jsonl
lectures,lecture::gcs_gs_pathology_hub_02_normalized_lectures_lecture_chunks::000000000_000000000_003448,Skin::Lectures::Derm_Lecture_28_oral::The_flange_of_the_tray_has_to_cover_the_gingiva_completely,::Lectures::,Benign Cystic Neck Mass (Case 01),data/curriculum_map_readiness_v0/lecture_timecoded_vector_docstore_STRICT_CYTO_v9.sample5000.jsonl
lectures,lecture::gcs_gs_pathology_hub_02_normalized_lectures_lecture_chunks::000000000_000000000_003449,Skin::Lectures::Derm_Lecture_28_oral::Intralesional_steroid_injections,::Lectures::,Benign Cystic Neck Mass (Case 01),data/curriculum_map_readiness_v0/lecture_timecoded_vector_docstore_STRICT_CYTO_v9.sample5000.jsonl
lectures,lecture::gcs_gs_pathology_hub_02_normalized_lectures_lecture_chunks::000000000_000000000_003450,Skin::Lectures::Derm_Lecture_28_oral::Intralesional_Injection_for_an_Oral_Lesion,::Lectures::,Benign Cystic Neck Mass (Case 01),data/curriculum_map_readiness_v0/lecture_timecoded_vector_docstore_STRICT_CYTO_v9.sample5000.jsonl
lectures,lecture::gcs_gs_pathology_hub_02_normalized_lectures_lecture_chunks::000000000_000000000_003451,Skin::Lectures::Derm_Lecture_28_oral::Patient_with_a_Cheek_Lesion_Treated_with_Kenalog_40_Injection,::Lectures::,Benign Cystic Neck Mass (Case 01),data/curriculum_map_readiness_v0/lecture_timecoded_vector_docstore_STRICT_CYTO_v9.sample5000.jsonl
lectures,lecture::gcs_gs_pathology_hub_02_normalized_lectures_lecture_chunks::000000000_000000000_003454,Skin::Lectures::Derm_Lecture_28_oral::Acute_oral_ulceration_secondary_to_trauma_food_burns,::Lectures::,Benign Cystic Neck Mass (Case 01),data/curriculum_map_readiness_v0/lecture_timecoded_vector_docstore_STRICT_CYTO_v9.sample5000.jsonl
lectures,lecture::gcs_gs_pathology_hub_02_normalized_lectures_lecture_chunks::000000000_000000000_003459,Skin::Lectures::Derm_Lecture_28_oral::Rate_per_100_000_population,::Lectures::,Benign Cystic Neck Mass (Case 01),data/curriculum_map_readiness_v0/lecture_timecoded_vector_docstore_STRICT_CYTO_v9.sample5000.jsonl
lectures,lecture::gcs_gs_pathology_hub_02_normalized_lectures_lecture_chunks::000000000_000000000_003461,Skin::Lectures::Derm_Lecture_28_oral::Syphilitic_Chancres_of_the_Lips,::Lectures::,Benign Cystic Neck Mass (Case 01),data/curriculum_map_readiness_v0/lecture_timecoded_vector_docstore_STRICT_CYTO_v9.sample5000.jsonl
lectures,lecture::gcs_gs_pathology_hub_02_normalized_lectures_lecture_chunks::000000000_000000000_003467,Skin::Lectures::Derm_Lecture_28_oral::Aphthous_ulceration_non_keratinized_mucosa_single_or_multiple_short_lasting_shal,::Lectures::,Benign Cystic Neck Mass (Case 01),data/curriculum_map_readiness_v0/lecture_timecoded_vector_docstore_STRICT_CYTO_v9.sample5000.jsonl
lectures,lecture::gcs_gs_pathology_hub_02_normalized_lectures_lecture_chunks::000000000_000000000_003468,Skin::Lectures::Derm_Lecture_28_oral::Recurrent_minor_aphthous_ulceration_stomatitis,::Lectures::,Benign Cystic Neck Mass (Case 01),data/curriculum_map_readiness_v0/lecture_timecoded_vector_docstore_STRICT_CYTO_v9.sample5000.jsonl
lectures,lecture::gcs_gs_pathology_hub_02_normalized_lectures_lecture_chunks::000000000_000000000_003469,Skin::Lectures::Derm_Lecture_28_oral::Major_aphthous_ulceration_stomatitis,::Lectures::,Benign Cystic Neck Mass (Case 01),data/curriculum_map_readiness_v0/lecture_timecoded_vector_docstore_STRICT_CYTO_v9.sample5000.jsonl
lectures,lecture::gcs_gs_pathology_hub_02_normalized_lectures_lecture_chunks::000000000_000000000_003475,Skin::Lectures::Derm_Lecture_28_oral::TB_Caseating_granulomas_containing_Langhans_giant_cells_arrow,::Lectures::,Benign Cystic Neck Mass (Case 01),data/curriculum_map_readiness_v0/lecture_timecoded_vector_docstore_STRICT_CYTO_v9.sample5000.jsonl
lectures,lecture::gcs_gs_pathology_hub_02_normalized_lectures_lecture_chunks::000000000_000000000_003476,Skin::Lectures::Derm_Lecture_28_oral::Using_a_Fite_stain_to_show_Mycobacteria_in_tissue_section,::Lectures::,Benign Cystic Neck Mass (Case 01),data/curriculum_map_readiness_v0/lecture_timecoded_vector_docstore_STRICT_CYTO_v9.sample5000.jsonl
lectures,lecture::gcs_gs_pathology_hub_02_normalized_lectures_lecture_chunks::000000000_000000000_003477,Skin::Lectures::Derm_Lecture_28_oral::Title_Unknown,::Lectures::,Benign Cystic Neck Mass (Case 01),data/curriculum_map_readiness_v0/lecture_timecoded_vector_docstore_STRICT_CYTO_v9.sample5000.jsonl
lectures,lecture::gcs_gs_pathology_hub_02_normalized_lectures_lecture_chunks::000000000_000000000_003480,Skin::Lectures::Derm_Lecture_28_oral::Oral_Cancer_Etiology,::Lectures::,Benign Cystic Neck Mass (Case 01),data/curriculum_map_readiness_v0/lecture_timecoded_vector_docstore_STRICT_CYTO_v9.sample5000.jsonl
lectures,lecture::gcs_gs_pathology_hub_02_normalized_lectures_lecture_chunks::000000000_000000000_003481,Skin::Lectures::Derm_Lecture_28_oral::Oral_cancer_As_we_have_known_it,::Lectures::,Benign Cystic Neck Mass (Case 01),data/curriculum_map_readiness_v0/lecture_timecoded_vector_docstore_STRICT_CYTO_v9.sample5000.jsonl
lectures,lecture::gcs_gs_pathology_hub_02_normalized_lectures_lecture_chunks::000000000_000000000_003482,Skin::Lectures::Derm_Lecture_28_oral::Oral_cancer_presents_in_one_of_4_ways,::Lectures::,Benign Cystic Neck Mass (Case 01),data/curriculum_map_readiness_v0/lecture_timecoded_vector_docstore_STRICT_CYTO_v9.sample5000.jsonl
lectures,lecture::gcs_gs_pathology_hub_02_normalized_lectures_lecture_chunks::000000000_000000000_003483,Skin::Lectures::Derm_Lecture_28_oral::Various_Forms_of_Tongue_Lesions,::Lectures::,Benign Cystic Neck Mass (Case 01),data/curriculum_map_readiness_v0/lecture_timecoded_vector_docstore_STRICT_CYTO_v9.sample5000.jsonl
lectures,lecture::gcs_gs_pathology_hub_02_normalized_lectures_lecture_chunks::000000000_000000000_003485,Skin::Lectures::Derm_Lecture_28_oral::Cancers_Involving_the_Floor_of_Mouth,::Lectures::,Benign Cystic Neck Mass (Case 01),data/curriculum_map_readiness_v0/lecture_timecoded_vector_docstore_STRICT_CYTO_v9.sample5000.jsonl
lectures,lecture::gcs_gs_pathology_hub_02_normalized_lectures_lecture_chunks::000000000_000000000_003488,Skin::Lectures::Derm_Lecture_28_oral::Michael_Douglas_Shocker_Sex_Gave_Me_Cancer,::Lectures::,Benign Cystic Neck Mass (Case 01),data/curriculum_map_readiness_v0/lecture_timecoded_vector_docstore_STRICT_CYTO_v9.sample5000.jsonl
lectures,lecture::gcs_gs_pathology_hub_02_normalized_lectures_lecture_chunks::000000000_000000000_003489,Skin::Lectures::Derm_Lecture_28_oral::Two_types_of_oral_cancer,::Lectures::,Benign Cystic Neck Mass (Case 01),data/curriculum_map_readiness_v0/lecture_timecoded_vector_docstore_STRICT_CYTO_v9.sample5000.jsonl
lectures,lecture::gcs_gs_pathology_hub_02_normalized_lectures_lecture_chunks::000000000_000000000_003490,Skin::Lectures::Derm_Lecture_28_oral::Two_types_of_oral_cancer,::Lectures::,Benign Cystic Neck Mass (Case 01),data/curriculum_map_readiness_v0/lecture_timecoded_vector_docstore_STRICT_CYTO_v9.sample5000.jsonl
lectures,lecture::gcs_gs_pathology_hub_02_normalized_lectures_lecture_chunks::000000000_000000000_003491,Skin::Lectures::Derm_Lecture_28_oral::Association_of_Number_of_Lifetime_Sexual_Partners_With_Prevalent_Oral_HPV_Infect,::Lectures::,Benign Cystic Neck Mass (Case 01),data/curriculum_map_readiness_v0/lecture_timecoded_vector_docstore_STRICT_CYTO_v9.sample5000.jsonl
lectures,lecture::gcs_gs_pathology_hub_02_normalized_lectures_lecture_chunks::000000000_000000000_003499,Skin::Lectures::Derm_Lecture_28_oral::Dental_Trays_for_Effective_Treatment,::Lectures::,Benign Cystic Neck Mass (Case 01),data/curriculum_map_readiness_v0/lecture_timecoded_vector_docstore_STRICT_CYTO_v9.sample5000.jsonl
lectures,lecture::gcs_gs_pathology_hub_02_normalized_lectures_lecture_chunks::000000000_000000000_003503,Skin::Lectures::Derm_Lecture_28_oral::Video_Conference_Participants,::Lectures::,Benign Cystic Neck Mass (Case 01),data/curriculum_map_readiness_v0/lecture_timecoded_vector_docstore_STRICT_CYTO_v9.sample5000.jsonl
lectures,lecture::gcs_gs_pathology_hub_02_normalized_lectures_lecture_chunks::000000000_000000000_003504,Skin::Lectures::Derm_Lecture_28_oral::Virtual_Meeting_Participants,::Lectures::,Benign Cystic Neck Mass (Case 01),data/curriculum_map_readiness_v0/lecture_timecoded_vector_docstore_STRICT_CYTO_v9.sample5000.jsonl
lectures,lecture::gcs_gs_pathology_hub_02_normalized_lectures_lecture_chunks::000000000_000000000_003664,Skin::Lectures::Derm_Lecture_30_miscellaneous::Benign_Cystic_Neck_Mass_Case_01,::Lectures::,Benign Cystic Neck Mass (Case 01),data/curriculum_map_readiness_v0/lecture_timecoded_vector_docstore_STRICT_CYTO_v9.sample5000.jsonl
lectures,lecture::gcs_gs_pathology_hub_02_normalized_lectures_lecture_chunks::000000000_000000000_003665,Skin::Lectures::Derm_Lecture_30_miscellaneous::A_practical_approach_to_malignant_adnexal_neoplasms,::Lectures::,Benign Cystic Neck Mass (Case 01),data/curriculum_map_readiness_v0/lecture_timecoded_vector_docstore_STRICT_CYTO_v9.sample5000.jsonl
lectures,lecture::gcs_gs_pathology_hub_02_normalized_lectures_lecture_chunks::000000000_000000000_003666,Skin::Lectures::Derm_Lecture_30_miscellaneous::Conflict_of_interest,::Lectures::,Benign Cystic Neck Mass (Case 01),data/curriculum_map_readiness_v0/lecture_timecoded_vector_docstore_STRICT_CYTO_v9.sample5000.jsonl
lectures,lecture::gcs_gs_pathology_hub_02_normalized_lectures_lecture_chunks::000000000_000000000_003667,Skin::Lectures::Derm_Lecture_30_miscellaneous::Case_example,::Lectures::,Benign Cystic Neck Mass (Case 01),data/curriculum_map_readiness_v0/lecture_timecoded_vector_docstore_STRICT_CYTO_v9.sample5000.jsonl
lectures,lecture::gcs_gs_pathology_hub_02_normalized_lectures_lecture_chunks::000000000_000000000_003668,Skin::Lectures::Derm_Lecture_30_miscellaneous::Histology_of_a_Poorly_Differentiated_Malignant_Neoplasm_with_a_Brisk_Lymphocytic,::Lectures::,Benign Cystic Neck Mass (Case 01),data/curriculum_map_readiness_v0/lecture_timecoded_vector_docstore_STRICT_CYTO_v9.sample5000.jsonl
lectures,lecture::gcs_gs_pathology_hub_02_normalized_lectures_lecture_chunks::000000000_000000000_003669,Skin::Lectures::Derm_Lecture_30_miscellaneous::High_Grade_Neuroendocrine_Carcinoma_Small_Cell_Type,::Lectures::,Benign Cystic Neck Mass (Case 01),data/curriculum_map_readiness_v0/lecture_timecoded_vector_docstore_STRICT_CYTO_v9.sample5000.jsonl
lectures,lecture::gcs_gs_pathology_hub_02_normalized_lectures_lecture_chunks::000000000_000000000_003670,Skin::Lectures::Derm_Lecture_30_miscellaneous::Histopathology_of_a_Small_Cell_Carcinoma,::Lectures::,Benign Cystic Neck Mass (Case 01),data/curriculum_map_readiness_v0/lecture_timecoded_vector_docstore_STRICT_CYTO_v9.sample5000.jsonl
lectures,lecture::gcs_gs_pathology_hub_02_normalized_lectures_lecture_chunks::000000000_000000000_003671,Skin::Lectures::Derm_Lecture_30_miscellaneous::Small_Cell_Carcinoma,::Lectures::,Benign Cystic Neck Mass (Case 01),data/curriculum_map_readiness_v0/lecture_timecoded_vector_docstore_STRICT_CYTO_v9.sample5000.jsonl
lectures,lecture::gcs_gs_pathology_hub_02_normalized_lectures_lecture_chunks::000000000_000000000_003672,Skin::Lectures::Derm_Lecture_30_miscellaneous::Comparison_of_Cam5_2_and_CK20_Immunohistochemical_Staining,::Lectures::,Benign Cystic Neck Mass (Case 01),data/curriculum_map_readiness_v0/lecture_timecoded_vector_docstore_STRICT_CYTO_v9.sample5000.jsonl
lectures,lecture::gcs_gs_pathology_hub_02_normalized_lectures_lecture_chunks::000000000_000000000_003673,Skin::Lectures::Derm_Lecture_30_miscellaneous::Immunohistochemical_Staining_for_Neuroendocrine_Markers_CHG_and_Synaptophysin,::Lectures::,Benign Cystic Neck Mass (Case 01),data/curriculum_map_readiness_v0/lecture_timecoded_vector_docstore_STRICT_CYTO_v9.sample5000.jsonl
lectures,lecture::gcs_gs_pathology_hub_02_normalized_lectures_lecture_chunks::000000000_000000000_003674,Skin::Lectures::Derm_Lecture_30_miscellaneous::Immunohistochemical_Staining_for_CD45_LCA_and_TTF_1,::Lectures::,Benign Cystic Neck Mass (Case 01),data/curriculum_map_readiness_v0/lecture_timecoded_vector_docstore_STRICT_CYTO_v9.sample5000.jsonl
lectures,lecture::gcs_gs_pathology_hub_02_normalized_lectures_lecture_chunks::000000000_000000000_003681,Skin::Lectures::Derm_Lecture_30_miscellaneous::Literature_Summary_of_CK20_TTF_1_and_NF_Expression,::Lectures::,Benign Cystic Neck Mass (Case 01),data/curriculum_map_readiness_v0/lecture_timecoded_vector_docstore_STRICT_CYTO_v9.sample5000.jsonl
lectures,lecture::gcs_gs_pathology_hub_02_normalized_lectures_lecture_chunks::000000000_000000000_003682,Skin::Lectures::Derm_Lecture_30_miscellaneous::Analysis_of_Immunohistochemical_Marker_Expression_from_Multiple_Studies,::Lectures::,Benign Cystic Neck Mass (Case 01),data/curriculum_map_readiness_v0/lecture_timecoded_vector_docstore_STRICT_CYTO_v9.sample5000.jsonl
lectures,lecture::gcs_gs_pathology_hub_02_normalized_lectures_lecture_chunks::000000000_000000000_003754,Skin::Lectures::Derm_Lecture_30_miscellaneous::Histopathology_of_Perineural_Invasion_by_a_Malignant_Neoplasm,::Lectures::,Benign Cystic Neck Mass (Case 01),data/curriculum_map_readiness_v0/lecture_timecoded_vector_docstore_STRICT_CYTO_v9.sample5000.jsonl
lectures,lecture::gcs_gs_pathology_hub_02_normalized_lectures_lecture_chunks::000000000_000000000_003757,Skin::Lectures::Derm_Lecture_30_miscellaneous::Keratin_cysts,::Lectures::,Benign Cystic Neck Mass (Case 01),data/curriculum_map_readiness_v0/lecture_timecoded_vector_docstore_STRICT_CYTO_v9.sample5000.jsonl
lectures,lecture::gcs_gs_pathology_hub_02_normalized_lectures_lecture_chunks::000000000_000000000_003758,Skin::Lectures::Derm_Lecture_30_miscellaneous::Histopathology_of_Infiltrating_Small_Glands,::Lectures::,Benign Cystic Neck Mass (Case 01),data/curriculum_map_readiness_v0/lecture_timecoded_vector_docstore_STRICT_CYTO_v9.sample5000.jsonl
lectures,lecture::gcs_gs_pathology_hub_02_normalized_lectures_lecture_chunks::000000000_000000000_003762,Skin::Lectures::Derm_Lecture_30_miscellaneous::Histopathology_Showing_Cribriform_Architecture_and_Basophilic_Matrix,::Lectures::,Benign Cystic Neck Mass (Case 01),data/curriculum_map_readiness_v0/lecture_timecoded_vector_docstore_STRICT_CYTO_v9.sample5000.jsonl
lectures,lecture::gcs_gs_pathology_hub_02_normalized_lectures_lecture_chunks::000000000_000000000_003766,Skin::Lectures::Derm_Lecture_30_miscellaneous::Comparison_of_Cribriform_and_Tubular_Histological_Patterns,::Lectures::,Benign Cystic Neck Mass (Case 01),data/curriculum_map_readiness_v0/lecture_timecoded_vector_docstore_STRICT_CYTO_v9.sample5000.jsonl
lectures,lecture::gcs_gs_pathology_hub_02_normalized_lectures_lecture_chunks::000000000_000000000_003767,Skin::Lectures::Derm_Lecture_30_miscellaneous::Comparison_of_Cribriform_and_Solid_Histological_Patterns,::Lectures::,Benign Cystic Neck Mass (Case 01),data/curriculum_map_readiness_v0/lecture_timecoded_vector_docstore_STRICT_CYTO_v9.sample5000.jsonl
lectures,lecture::gcs_gs_pathology_hub_02_normalized_lectures_lecture_chunks::000000000_000000000_003775,Skin::Lectures::Derm_Lecture_30_miscellaneous::High_Grade_Pleomorphic_Sarcoma_with_Surface_Ulceration,::Lectures::,Benign Cystic Neck Mass (Case 01),data/curriculum_map_readiness_v0/lecture_timecoded_vector_docstore_STRICT_CYTO_v9.sample5000.jsonl
lectures,lecture::gcs_gs_pathology_hub_02_normalized_lectures_lecture_chunks::000000000_000000000_003776,Skin::Lectures::Derm_Lecture_30_miscellaneous::High_Power_View_of_a_Pleomorphic_Cellular_Neoplasm,::Lectures::,Benign Cystic Neck Mass (Case 01),data/curriculum_map_readiness_v0/lecture_timecoded_vector_docstore_STRICT_CYTO_v9.sample5000.jsonl
lectures,lecture::gcs_gs_pathology_hub_02_normalized_lectures_lecture_chunks::000000000_000000000_003777,Skin::Lectures::Derm_Lecture_30_miscellaneous::Comparison_of_CD10_and_p53_Immunohistochemistry_Stains,::Lectures::,Benign Cystic Neck Mass (Case 01),data/curriculum_map_readiness_v0/lecture_timecoded_vector_docstore_STRICT_CYTO_v9.sample5000.jsonl
lectures,lecture::gcs_gs_pathology_hub_02_normalized_lectures_lecture_chunks::000000000_000000000_003778,Skin::Lectures::Derm_Lecture_30_miscellaneous::Immunohistochemistry_Panel_for_a_Skin_Lesion,::Lectures::,Benign Cystic Neck Mass (Case 01),data/curriculum_map_readiness_v0/lecture_timecoded_vector_docstore_STRICT_CYTO_v9.sample5000.jsonl
lectures,lecture::gcs_gs_pathology_hub_02_normalized_lectures_lecture_chunks::000000000_000000000_003779,Skin::Lectures::Derm_Lecture_30_miscellaneous::Immunohistochemistry_Panel,::Lectures::,Benign Cystic Neck Mass (Case 01),data/curriculum_map_readiness_v0/lecture_timecoded_vector_docstore_STRICT_CYTO_v9.sample5000.jsonl
lectures,lecture::gcs_gs_pathology_hub_02_normalized_lectures_lecture_chunks::000000000_000000000_003787,Skin::Lectures::Derm_Lecture_30_miscellaneous::Breast_metastasis,::Lectures::,Benign Cystic Neck Mass (Case 01),data/curriculum_map_readiness_v0/lecture_timecoded_vector_docstore_STRICT_CYTO_v9.sample5000.jsonl
lectures,lecture::gcs_gs_pathology_hub_02_normalized_lectures_lecture_chunks::000000000_000000000_003788,Skin::Lectures::Derm_Lecture_30_miscellaneous::Breast_metastasis_ductal_carcinoma,::Lectures::,Benign Cystic Neck Mass (Case 01),data/curriculum_map_readiness_v0/lecture_timecoded_vector_docstore_STRICT_CYTO_v9.sample5000.jsonl
lectures,lecture::gcs_gs_pathology_hub_02_normalized_lectures_lecture_chunks::000000000_000000000_003789,Skin::Lectures::Derm_Lecture_30_miscellaneous::Breast_Metastasis_Lobular_Carcinoma,::Lectures::,Benign Cystic Neck Mass (Case 01),data/curriculum_map_readiness_v0/lecture_timecoded_vector_docstore_STRICT_CYTO_v9.sample5000.jsonl
lectures,lecture::gcs_gs_pathology_hub_02_normalized_lectures_lecture_chunks::000000000_000000000_003790,Skin::Lectures::Derm_Lecture_30_miscellaneous::Breast_metastasis_ductal_carcinoma,::Lectures::,Benign Cystic Neck Mass (Case 01),data/curriculum_map_readiness_v0/lecture_timecoded_vector_docstore_STRICT_CYTO_v9.sample5000.jsonl
lectures,lecture::gcs_gs_pathology_hub_02_normalized_lectures_lecture_chunks::000000000_000000000_003791,Skin::Lectures::Derm_Lecture_30_miscellaneous::Breast_metastasis_lobular,::Lectures::,Benign Cystic Neck Mass (Case 01),data/curriculum_map_readiness_v0/lecture_timecoded_vector_docstore_STRICT_CYTO_v9.sample5000.jsonl
lectures,lecture::gcs_gs_pathology_hub_02_normalized_lectures_lecture_chunks::000000000_000000000_003792,Skin::Lectures::Derm_Lecture_30_miscellaneous::Lung_metastasis_Adenocarcinoma,::Lectures::,Benign Cystic Neck Mass (Case 01),data/curriculum_map_readiness_v0/lecture_timecoded_vector_docstore_STRICT_CYTO_v9.sample5000.jsonl
lectures,lecture::gcs_gs_pathology_hub_02_normalized_lectures_lecture_chunks::000000000_000000000_003794,Skin::Lectures::Derm_Lecture_30_miscellaneous::Metastatic_colorectal_adenocarcinoma,::Lectures::,Benign Cystic Neck Mass (Case 01),data/curriculum_map_readiness_v0/lecture_timecoded_vector_docstore_STRICT_CYTO_v9.sample5000.jsonl
lectures,lecture::gcs_gs_pathology_hub_02_normalized_lectures_lecture_chunks::000000000_000000000_003795,Skin::Lectures::Derm_Lecture_30_miscellaneous::Metastatic_colorectal_adenocarcinoma,::Lectures::,Benign Cystic Neck Mass (Case 01),data/curriculum_map_readiness_v0/lecture_timecoded_vector_docstore_STRICT_CYTO_v9.sample5000.jsonl
lectures,lecture::gcs_gs_pathology_hub_02_normalized_lectures_lecture_chunks::000000000_000000000_003797,Skin::Lectures::Derm_Lecture_30_miscellaneous::Michael_Tetzlaff_UCSF,::Lectures::,Benign Cystic Neck Mass (Case 01),data/curriculum_map_readiness_v0/lecture_timecoded_vector_docstore_STRICT_CYTO_v9.sample5000.jsonl
lectures,lecture::gcs_gs_pathology_hub_02_normalized_lectures_lecture_chunks::000000000_000000000_003798,Skin::Lectures::Derm_Lecture_30_miscellaneous::Video_Conference,::Lectures::,Benign Cystic Neck Mass (Case 01),data/curriculum_map_readiness_v0/lecture_timecoded_vector_docstore_STRICT_CYTO_v9.sample5000.jsonl
lectures,lecture::gcs_gs_pathology_hub_02_normalized_lectures_lecture_chunks::000000000_000000000_003814,Skin::Lectures::Derm_Lecture_30_miscellaneous::Benign_Cystic_Neck_Mass_Case_01,::Lectures::,Benign Cystic Neck Mass (Case 01),data/curriculum_map_readiness_v0/lecture_timecoded_vector_docstore_STRICT_CYTO_v9.sample5000.jsonl
lectures,lecture::gcs_gs_pathology_hub_02_normalized_lectures_lecture_chunks::000000000_000000000_003815,Skin::Lectures::Derm_Lecture_30_miscellaneous::Benign_Cystic_Neck_Mass_Case_01,::Lectures::,Benign Cystic Neck Mass (Case 01),data/curriculum_map_readiness_v0/lecture_timecoded_vector_docstore_STRICT_CYTO_v9.sample5000.jsonl
lectures,lecture::gcs_gs_pathology_hub_02_normalized_lectures_lecture_chunks::000000000_000000000_003816,Skin::Lectures::Derm_Lecture_30_miscellaneous::Benign_Cystic_Neck_Mass_Case_01,::Lectures::,Benign Cystic Neck Mass (Case 01),data/curriculum_map_readiness_v0/lecture_timecoded_vector_docstore_STRICT_CYTO_v9.sample5000.jsonl
lectures,lecture::gcs_gs_pathology_hub_02_normalized_lectures_lecture_chunks::000000000_000000000_003817,Skin::Lectures::Derm_Lecture_30_miscellaneous::Benign_Cystic_Neck_Mass_Case_01,::Lectures::,Benign Cystic Neck Mass (Case 01),data/curriculum_map_readiness_v0/lecture_timecoded_vector_docstore_STRICT_CYTO_v9.sample5000.jsonl
lectures,lecture::gcs_gs_pathology_hub_02_normalized_lectures_lecture_chunks::000000000_000000000_003818,Skin::Lectures::Derm_Lecture_30_miscellaneous::Benign_Cystic_Neck_Mass_Case_01,::Lectures::,Benign Cystic Neck Mass (Case 01),data/curriculum_map_readiness_v0/lecture_timecoded_vector_docstore_STRICT_CYTO_v9.sample5000.jsonl
lectures,lecture::gcs_gs_pathology_hub_02_normalized_lectures_lecture_chunks::000000000_000000000_003819,Skin::Lectures::Derm_Lecture_30_miscellaneous::Benign_Cystic_Neck_Mass_Case_01,::Lectures::,Benign Cystic Neck Mass (Case 01),data/curriculum_map_readiness_v0/lecture_timecoded_vector_docstore_STRICT_CYTO_v9.sample5000.jsonl
lectures,lecture::gcs_gs_pathology_hub_02_normalized_lectures_lecture_chunks::000000000_000000000_003820,Skin::Lectures::Derm_Lecture_30_miscellaneous::Benign_Cystic_Neck_Mass_Case_01,::Lectures::,Benign Cystic Neck Mass (Case 01),data/curriculum_map_readiness_v0/lecture_timecoded_vector_docstore_STRICT_CYTO_v9.sample5000.jsonl
lectures,lecture::gcs_gs_pathology_hub_02_normalized_lectures_lecture_chunks::000000000_000000000_003821,Skin::Lectures::Derm_Lecture_30_miscellaneous::Benign_Cystic_Neck_Mass_Case_01,::Lectures::,Benign Cystic Neck Mass (Case 01),data/curriculum_map_readiness_v0/lecture_timecoded_vector_docstore_STRICT_CYTO_v9.sample5000.jsonl
lectures,lecture::gcs_gs_pathology_hub_02_normalized_lectures_lecture_chunks::000000000_000000000_003822,Skin::Lectures::Derm_Lecture_30_miscellaneous::Benign_Cystic_Neck_Mass_Case_01,::Lectures::,Benign Cystic Neck Mass (Case 01),data/curriculum_map_readiness_v0/lecture_timecoded_vector_docstore_STRICT_CYTO_v9.sample5000.jsonl
lectures,lecture::gcs_gs_pathology_hub_02_normalized_lectures_lecture_chunks::000000000_000000000_003823,Skin::Lectures::Derm_Lecture_30_miscellaneous::Benign_Cystic_Neck_Mass_Case_01,::Lectures::,Benign Cystic Neck Mass (Case 01),data/curriculum_map_readiness_v0/lecture_timecoded_vector_docstore_STRICT_CYTO_v9.sample5000.jsonl
lectures,lecture::gcs_gs_pathology_hub_02_normalized_lectures_lecture_chunks::000000000_000000000_003824,Skin::Lectures::Derm_Lecture_30_miscellaneous::Benign_Cystic_Neck_Mass_Case_01,::Lectures::,Benign Cystic Neck Mass (Case 01),data/curriculum_map_readiness_v0/lecture_timecoded_vector_docstore_STRICT_CYTO_v9.sample5000.jsonl
lectures,lecture::gcs_gs_pathology_hub_02_normalized_lectures_lecture_chunks::000000000_000000000_003825,Skin::Lectures::Derm_Lecture_30_miscellaneous::Benign_Cystic_Neck_Mass_Case_01,::Lectures::,Benign Cystic Neck Mass (Case 01),data/curriculum_map_readiness_v0/lecture_timecoded_vector_docstore_STRICT_CYTO_v9.sample5000.jsonl
lectures,lecture::gcs_gs_pathology_hub_02_normalized_lectures_lecture_chunks::000000000_000000000_003826,Skin::Lectures::Derm_Lecture_30_miscellaneous::Benign_Cystic_Neck_Mass_Case_01,::Lectures::,Benign Cystic Neck Mass (Case 01),data/curriculum_map_readiness_v0/lecture_timecoded_vector_docstore_STRICT_CYTO_v9.sample5000.jsonl
lectures,lecture::gcs_gs_pathology_hub_02_normalized_lectures_lecture_chunks::000000000_000000000_003827,Skin::Lectures::Derm_Lecture_30_miscellaneous::Benign_Cystic_Neck_Mass_Case_01,::Lectures::,Benign Cystic Neck Mass (Case 01),data/curriculum_map_readiness_v0/lecture_timecoded_vector_docstore_STRICT_CYTO_v9.sample5000.jsonl
lectures,lecture::gcs_gs_pathology_hub_02_normalized_lectures_lecture_chunks::000000000_000000000_003828,Skin::Lectures::Derm_Lecture_30_miscellaneous::Benign_Cystic_Neck_Mass_Case_01,::Lectures::,Benign Cystic Neck Mass (Case 01),data/curriculum_map_readiness_v0/lecture_timecoded_vector_docstore_STRICT_CYTO_v9.sample5000.jsonl
lectures,lecture::gcs_gs_pathology_hub_02_normalized_lectures_lecture_chunks::000000000_000000000_003829,Skin::Lectures::Derm_Lecture_30_miscellaneous::Benign_Cystic_Neck_Mass_Case_01,::Lectures::,Benign Cystic Neck Mass (Case 01),data/curriculum_map_readiness_v0/lecture_timecoded_vector_docstore_STRICT_CYTO_v9.sample5000.jsonl
lectures,lecture::gcs_gs_pathology_hub_02_normalized_lectures_lecture_chunks::000000000_000000000_003830,Skin::Lectures::Derm_Lecture_30_miscellaneous::Benign_Cystic_Neck_Mass_Case_01,::Lectures::,Benign Cystic Neck Mass (Case 01),data/curriculum_map_readiness_v0/lecture_timecoded_vector_docstore_STRICT_CYTO_v9.sample5000.jsonl
lectures,lecture::gcs_gs_pathology_hub_02_normalized_lectures_lecture_chunks::000000000_000000000_003831,Skin::Lectures::Derm_Lecture_30_miscellaneous::Benign_Cystic_Neck_Mass_Case_01,::Lectures::,Benign Cystic Neck Mass (Case 01),data/curriculum_map_readiness_v0/lecture_timecoded_vector_docstore_STRICT_CYTO_v9.sample5000.jsonl
lectures,lecture::gcs_gs_pathology_hub_02_normalized_lectures_lecture_chunks::000000000_000000000_003832,Skin::Lectures::Derm_Lecture_30_miscellaneous::Benign_Cystic_Neck_Mass_Case_01,::Lectures::,Benign Cystic Neck Mass (Case 01),data/curriculum_map_readiness_v0/lecture_timecoded_vector_docstore_STRICT_CYTO_v9.sample5000.jsonl
lectures,lecture::gcs_gs_pathology_hub_02_normalized_lectures_lecture_chunks::000000000_000000000_003833,Skin::Lectures::Derm_Lecture_30_miscellaneous::Benign_Cystic_Neck_Mass_Case_01,::Lectures::,Benign Cystic Neck Mass (Case 01),data/curriculum_map_readiness_v0/lecture_timecoded_vector_docstore_STRICT_CYTO_v9.sample5000.jsonl
lectures,lecture::gcs_gs_pathology_hub_02_normalized_lectures_lecture_chunks::000000000_000000000_003835,Skin::Lectures::Derm_Lecture_30_miscellaneous::Benign_Cystic_Neck_Mass_Case_01,::Lectures::,Benign Cystic Neck Mass (Case 01),data/curriculum_map_readiness_v0/lecture_timecoded_vector_docstore_STRICT_CYTO_v9.sample5000.jsonl
lectures,lecture::gcs_gs_pathology_hub_02_normalized_lectures_lecture_chunks::000000000_000000000_003836,Skin::Lectures::Derm_Lecture_30_miscellaneous::Benign_Cystic_Neck_Mass_Case_01,::Lectures::,Benign Cystic Neck Mass (Case 01),data/curriculum_map_readiness_v0/lecture_timecoded_vector_docstore_STRICT_CYTO_v9.sample5000.jsonl
lectures,lecture::gcs_gs_pathology_hub_02_normalized_lectures_lecture_chunks::000000000_000000000_003837,Skin::Lectures::Derm_Lecture_30_miscellaneous::Benign_Cystic_Neck_Mass_Case_01,::Lectures::,Benign Cystic Neck Mass (Case 01),data/curriculum_map_readiness_v0/lecture_timecoded_vector_docstore_STRICT_CYTO_v9.sample5000.jsonl
lectures,lecture::gcs_gs_pathology_hub_02_normalized_lectures_lecture_chunks::000000000_000000000_003838,Skin::Lectures::Derm_Lecture_30_miscellaneous::Benign_Cystic_Neck_Mass_Case_01,::Lectures::,Benign Cystic Neck Mass (Case 01),data/curriculum_map_readiness_v0/lecture_timecoded_vector_docstore_STRICT_CYTO_v9.sample5000.jsonl
lectures,lecture::gcs_gs_pathology_hub_02_normalized_lectures_lecture_chunks::000000000_000000000_003839,Skin::Lectures::Derm_Lecture_30_miscellaneous::Benign_Cystic_Neck_Mass_Case_01,::Lectures::,Benign Cystic Neck Mass (Case 01),data/curriculum_map_readiness_v0/lecture_timecoded_vector_docstore_STRICT_CYTO_v9.sample5000.jsonl
lectures,lecture::gcs_gs_pathology_hub_02_normalized_lectures_lecture_chunks::000000000_000000000_003840,Skin::Lectures::Derm_Lecture_30_miscellaneous::Benign_Cystic_Neck_Mass_Case_01,::Lectures::,Benign Cystic Neck Mass (Case 01),data/curriculum_map_readiness_v0/lecture_timecoded_vector_docstore_STRICT_CYTO_v9.sample5000.jsonl
lectures,lecture::gcs_gs_pathology_hub_02_normalized_lectures_lecture_chunks::000000000_000000000_003841,Skin::Lectures::Derm_Lecture_30_miscellaneous::Benign_Cystic_Neck_Mass_Case_01,::Lectures::,Benign Cystic Neck Mass (Case 01),data/curriculum_map_readiness_v0/lecture_timecoded_vector_docstore_STRICT_CYTO_v9.sample5000.jsonl
lectures,lecture::gcs_gs_pathology_hub_02_normalized_lectures_lecture_chunks::000000000_000000000_003842,Skin::Lectures::Derm_Lecture_30_miscellaneous::Benign_Cystic_Neck_Mass_Case_01,::Lectures::,Benign Cystic Neck Mass (Case 01),data/curriculum_map_readiness_v0/lecture_timecoded_vector_docstore_STRICT_CYTO_v9.sample5000.jsonl
lectures,lecture::gcs_gs_pathology_hub_02_normalized_lectures_lecture_chunks::000000000_000000000_003843,Skin::Lectures::Derm_Lecture_30_miscellaneous::Benign_Cystic_Neck_Mass_Case_01,::Lectures::,Benign Cystic Neck Mass (Case 01),data/curriculum_map_readiness_v0/lecture_timecoded_vector_docstore_STRICT_CYTO_v9.sample5000.jsonl
lectures,lecture::gcs_gs_pathology_hub_02_normalized_lectures_lecture_chunks::000000000_000000000_003844,Skin::Lectures::Derm_Lecture_30_miscellaneous::Benign_Cystic_Neck_Mass_Case_01,::Lectures::,Benign Cystic Neck Mass (Case 01),data/curriculum_map_readiness_v0/lecture_timecoded_vector_docstore_STRICT_CYTO_v9.sample5000.jsonl
lectures,lecture::gcs_gs_pathology_hub_02_normalized_lectures_lecture_chunks::000000000_000000000_003845,Skin::Lectures::Derm_Lecture_30_miscellaneous::Benign_Cystic_Neck_Mass_Case_01,::Lectures::,Benign Cystic Neck Mass (Case 01),data/curriculum_map_readiness_v0/lecture_timecoded_vector_docstore_STRICT_CYTO_v9.sample5000.jsonl
lectures,lecture::gcs_gs_pathology_hub_02_normalized_lectures_lecture_chunks::000000000_000000000_003846,Skin::Lectures::Derm_Lecture_30_miscellaneous::Benign_Cystic_Neck_Mass_Case_01,::Lectures::,Benign Cystic Neck Mass (Case 01),data/curriculum_map_readiness_v0/lecture_timecoded_vector_docstore_STRICT_CYTO_v9.sample5000.jsonl
lectures,lecture::gcs_gs_pathology_hub_02_normalized_lectures_lecture_chunks::000000000_000000000_003847,Skin::Lectures::Derm_Lecture_30_miscellaneous::Benign_Cystic_Neck_Mass_Case_01,::Lectures::,Benign Cystic Neck Mass (Case 01),data/curriculum_map_readiness_v0/lecture_timecoded_vector_docstore_STRICT_CYTO_v9.sample5000.jsonl
lectures,lecture::gcs_gs_pathology_hub_02_normalized_lectures_lecture_chunks::000000000_000000000_003848,Skin::Lectures::Derm_Lecture_30_miscellaneous::Benign_Cystic_Neck_Mass_Case_01,::Lectures::,Benign Cystic Neck Mass (Case 01),data/curriculum_map_readiness_v0/lecture_timecoded_vector_docstore_STRICT_CYTO_v9.sample5000.jsonl
lectures,lecture::gcs_gs_pathology_hub_02_normalized_lectures_lecture_chunks::000000000_000000000_003849,Skin::Lectures::Derm_Lecture_30_miscellaneous::Benign_Cystic_Neck_Mass_Case_01,::Lectures::,Benign Cystic Neck Mass (Case 01),data/curriculum_map_readiness_v0/lecture_timecoded_vector_docstore_STRICT_CYTO_v9.sample5000.jsonl
lectures,lecture::gcs_gs_pathology_hub_02_normalized_lectures_lecture_chunks::000000000_000000000_003850,Skin::Lectures::Derm_Lecture_30_miscellaneous::Benign_Cystic_Neck_Mass_Case_01,::Lectures::,Benign Cystic Neck Mass (Case 01),data/curriculum_map_readiness_v0/lecture_timecoded_vector_docstore_STRICT_CYTO_v9.sample5000.jsonl
lectures,lecture::gcs_gs_pathology_hub_02_normalized_lectures_lecture_chunks::000000000_000000000_003851,Skin::Lectures::Derm_Lecture_30_miscellaneous::Benign_Cystic_Neck_Mass_Case_01,::Lectures::,Benign Cystic Neck Mass (Case 01),data/curriculum_map_readiness_v0/lecture_timecoded_vector_docstore_STRICT_CYTO_v9.sample5000.jsonl
lectures,lecture::gcs_gs_pathology_hub_02_normalized_lectures_lecture_chunks::000000000_000000000_003852,Skin::Lectures::Derm_Lecture_30_miscellaneous::Benign_Cystic_Neck_Mass_Case_01,::Lectures::,Benign Cystic Neck Mass (Case 01),data/curriculum_map_readiness_v0/lecture_timecoded_vector_docstore_STRICT_CYTO_v9.sample5000.jsonl
lectures,lecture::gcs_gs_pathology_hub_02_normalized_lectures_lecture_chunks::000000000_000000000_003853,Skin::Lectures::Derm_Lecture_30_miscellaneous::Benign_Cystic_Neck_Mass_Case_01,::Lectures::,Benign Cystic Neck Mass (Case 01),data/curriculum_map_readiness_v0/lecture_timecoded_vector_docstore_STRICT_CYTO_v9.sample5000.jsonl
lectures,lecture::gcs_gs_pathology_hub_02_normalized_lectures_lecture_chunks::000000000_000000000_003855,Skin::Lectures::Derm_Lecture_30_miscellaneous::Benign_Cystic_Neck_Mass_Case_01,::Lectures::,Benign Cystic Neck Mass (Case 01),data/curriculum_map_readiness_v0/lecture_timecoded_vector_docstore_STRICT_CYTO_v9.sample5000.jsonl
lectures,lecture::gcs_gs_pathology_hub_02_normalized_lectures_lecture_chunks::000000000_000000000_003856,Skin::Lectures::Derm_Lecture_30_miscellaneous::Benign_Cystic_Neck_Mass_Case_01,::Lectures::,Benign Cystic Neck Mass (Case 01),data/curriculum_map_readiness_v0/lecture_timecoded_vector_docstore_STRICT_CYTO_v9.sample5000.jsonl
lectures,lecture::gcs_gs_pathology_hub_02_normalized_lectures_lecture_chunks::000000000_000000000_003857,Skin::Lectures::Derm_Lecture_30_miscellaneous::Benign_Cystic_Neck_Mass_Case_01,::Lectures::,Benign Cystic Neck Mass (Case 01),data/curriculum_map_readiness_v0/lecture_timecoded_vector_docstore_STRICT_CYTO_v9.sample5000.jsonl
lectures,lecture::gcs_gs_pathology_hub_02_normalized_lectures_lecture_chunks::000000000_000000000_003858,Skin::Lectures::Derm_Lecture_30_miscellaneous::Benign_Cystic_Neck_Mass_Case_01,::Lectures::,Benign Cystic Neck Mass (Case 01),data/curriculum_map_readiness_v0/lecture_timecoded_vector_docstore_STRICT_CYTO_v9.sample5000.jsonl
lectures,lecture::gcs_gs_pathology_hub_02_normalized_lectures_lecture_chunks::000000000_000000000_003859,Skin::Lectures::Derm_Lecture_30_miscellaneous::Benign_Cystic_Neck_Mass_Case_01,::Lectures::,Benign Cystic Neck Mass (Case 01),data/curriculum_map_readiness_v0/lecture_timecoded_vector_docstore_STRICT_CYTO_v9.sample5000.jsonl
lectures,lecture::gcs_gs_pathology_hub_02_normalized_lectures_lecture_chunks::000000000_000000000_003860,Skin::Lectures::Derm_Lecture_30_miscellaneous::Benign_Cystic_Neck_Mass_Case_01,::Lectures::,Benign Cystic Neck Mass (Case 01),data/curriculum_map_readiness_v0/lecture_timecoded_vector_docstore_STRICT_CYTO_v9.sample5000.jsonl
lectures,lecture::gcs_gs_pathology_hub_02_normalized_lectures_lecture_chunks::000000000_000000000_003861,Skin::Lectures::Derm_Lecture_30_miscellaneous::Benign_Cystic_Neck_Mass_Case_01,::Lectures::,Benign Cystic Neck Mass (Case 01),data/curriculum_map_readiness_v0/lecture_timecoded_vector_docstore_STRICT_CYTO_v9.sample5000.jsonl
lectures,lecture::gcs_gs_pathology_hub_02_normalized_lectures_lecture_chunks::000000000_000000000_003862,Skin::Lectures::Derm_Lecture_30_miscellaneous::Benign_Cystic_Neck_Mass_Case_01,::Lectures::,Benign Cystic Neck Mass (Case 01),data/curriculum_map_readiness_v0/lecture_timecoded_vector_docstore_STRICT_CYTO_v9.sample5000.jsonl
lectures,lecture::gcs_gs_pathology_hub_02_normalized_lectures_lecture_chunks::000000000_000000000_003863,Skin::Lectures::Derm_Lecture_30_miscellaneous::Benign_Cystic_Neck_Mass_Case_01,::Lectures::,Benign Cystic Neck Mass (Case 01),data/curriculum_map_readiness_v0/lecture_timecoded_vector_docstore_STRICT_CYTO_v9.sample5000.jsonl
lectures,lecture::gcs_gs_pathology_hub_02_normalized_lectures_lecture_chunks::000000000_000000000_003864,Skin::Lectures::Derm_Lecture_30_miscellaneous::Benign_Cystic_Neck_Mass_Case_01,::Lectures::,Benign Cystic Neck Mass (Case 01),data/curriculum_map_readiness_v0/lecture_timecoded_vector_docstore_STRICT_CYTO_v9.sample5000.jsonl
lectures,lecture::gcs_gs_pathology_hub_02_normalized_lectures_lecture_chunks::000000000_000000000_003865,Skin::Lectures::Derm_Lecture_30_miscellaneous::Benign_Cystic_Neck_Mass_Case_01,::Lectures::,Benign Cystic Neck Mass (Case 01),data/curriculum_map_readiness_v0/lecture_timecoded_vector_docstore_STRICT_CYTO_v9.sample5000.jsonl
lectures,lecture::gcs_gs_pathology_hub_02_normalized_lectures_lecture_chunks::000000000_000000000_003867,Skin::Lectures::Derm_Lecture_30_miscellaneous::Benign_Cystic_Neck_Mass_Case_01,::Lectures::,Benign Cystic Neck Mass (Case 01),data/curriculum_map_readiness_v0/lecture_timecoded_vector_docstore_STRICT_CYTO_v9.sample5000.jsonl
lectures,lecture::gcs_gs_pathology_hub_02_normalized_lectures_lecture_chunks::000000000_000000000_003868,Skin::Lectures::Derm_Lecture_30_miscellaneous::Benign_Cystic_Neck_Mass_Case_01,::Lectures::,Benign Cystic Neck Mass (Case 01),data/curriculum_map_readiness_v0/lecture_timecoded_vector_docstore_STRICT_CYTO_v9.sample5000.jsonl
lectures,lecture::gcs_gs_pathology_hub_02_normalized_lectures_lecture_chunks::000000000_000000000_003869,Skin::Lectures::Derm_Lecture_30_miscellaneous::Benign_Cystic_Neck_Mass_Case_01,::Lectures::,Benign Cystic Neck Mass (Case 01),data/curriculum_map_readiness_v0/lecture_timecoded_vector_docstore_STRICT_CYTO_v9.sample5000.jsonl
lectures,lecture::gcs_gs_pathology_hub_02_normalized_lectures_lecture_chunks::000000000_000000000_003870,Skin::Lectures::Derm_Lecture_30_miscellaneous::Benign_Cystic_Neck_Mass_Case_01,::Lectures::,Benign Cystic Neck Mass (Case 01),data/curriculum_map_readiness_v0/lecture_timecoded_vector_docstore_STRICT_CYTO_v9.sample5000.jsonl
lectures,lecture::gcs_gs_pathology_hub_02_normalized_lectures_lecture_chunks::000000000_000000000_003871,Skin::Lectures::Derm_Lecture_30_miscellaneous::Benign_Cystic_Neck_Mass_Case_01,::Lectures::,Benign Cystic Neck Mass (Case 01),data/curriculum_map_readiness_v0/lecture_timecoded_vector_docstore_STRICT_CYTO_v9.sample5000.jsonl
lectures,lecture::gcs_gs_pathology_hub_02_normalized_lectures_lecture_chunks::000000000_000000000_003872,Skin::Lectures::Derm_Lecture_30_miscellaneous::Benign_Cystic_Neck_Mass_Case_01,::Lectures::,Benign Cystic Neck Mass (Case 01),data/curriculum_map_readiness_v0/lecture_timecoded_vector_docstore_STRICT_CYTO_v9.sample5000.jsonl
lectures,lecture::gcs_gs_pathology_hub_02_normalized_lectures_lecture_chunks::000000000_000000000_003873,Skin::Lectures::Derm_Lecture_30_miscellaneous::Benign_Cystic_Neck_Mass_Case_01,::Lectures::,Benign Cystic Neck Mass (Case 01),data/curriculum_map_readiness_v0/lecture_timecoded_vector_docstore_STRICT_CYTO_v9.sample5000.jsonl
lectures,lecture::gcs_gs_pathology_hub_02_normalized_lectures_lecture_chunks::000000000_000000000_003874,Skin::Lectures::Derm_Lecture_30_miscellaneous::Benign_Cystic_Neck_Mass_Case_01,::Lectures::,Benign Cystic Neck Mass (Case 01),data/curriculum_map_readiness_v0/lecture_timecoded_vector_docstore_STRICT_CYTO_v9.sample5000.jsonl
lectures,lecture::gcs_gs_pathology_hub_02_normalized_lectures_lecture_chunks::000000000_000000000_003875,Skin::Lectures::Derm_Lecture_30_miscellaneous::Benign_Cystic_Neck_Mass_Case_01,::Lectures::,Benign Cystic Neck Mass (Case 01),data/curriculum_map_readiness_v0/lecture_timecoded_vector_docstore_STRICT_CYTO_v9.sample5000.jsonl
lectures,lecture::gcs_gs_pathology_hub_02_normalized_lectures_lecture_chunks::000000000_000000000_003876,Skin::Lectures::Derm_Lecture_30_miscellaneous::Benign_Cystic_Neck_Mass_Case_01,::Lectures::,Benign Cystic Neck Mass (Case 01),data/curriculum_map_readiness_v0/lecture_timecoded_vector_docstore_STRICT_CYTO_v9.sample5000.jsonl
lectures,lecture::gcs_gs_pathology_hub_02_normalized_lectures_lecture_chunks::000000000_000000000_003877,Skin::Lectures::Derm_Lecture_30_miscellaneous::Benign_Cystic_Neck_Mass_Case_01,::Lectures::,Benign Cystic Neck Mass (Case 01),data/curriculum_map_readiness_v0/lecture_timecoded_vector_docstore_STRICT_CYTO_v9.sample5000.jsonl
lectures,lecture::gcs_gs_pathology_hub_02_normalized_lectures_lecture_chunks::000000000_000000000_003878,Skin::Lectures::Derm_Lecture_30_miscellaneous::Benign_Cystic_Neck_Mass_Case_01,::Lectures::,Benign Cystic Neck Mass (Case 01),data/curriculum_map_readiness_v0/lecture_timecoded_vector_docstore_STRICT_CYTO_v9.sample5000.jsonl
lectures,lecture::gcs_gs_pathology_hub_02_normalized_lectures_lecture_chunks::000000000_000000000_003881,Skin::Lectures::Derm_Lecture_30_miscellaneous::Benign_Cystic_Neck_Mass_Case_01,::Lectures::,Benign Cystic Neck Mass (Case 01),data/curriculum_map_readiness_v0/lecture_timecoded_vector_docstore_STRICT_CYTO_v9.sample5000.jsonl
lectures,lecture::gcs_gs_pathology_hub_02_normalized_lectures_lecture_chunks::000000000_000000000_003882,Skin::Lectures::Derm_Lecture_30_miscellaneous::Benign_Cystic_Neck_Mass_Case_01,::Lectures::,Benign Cystic Neck Mass (Case 01),data/curriculum_map_readiness_v0/lecture_timecoded_vector_docstore_STRICT_CYTO_v9.sample5000.jsonl
lectures,lecture::gcs_gs_pathology_hub_02_normalized_lectures_lecture_chunks::000000000_000000000_003884,Skin::Lectures::Derm_Lecture_30_miscellaneous::Benign_Cystic_Neck_Mass_Case_01,::Lectures::,Benign Cystic Neck Mass (Case 01),data/curriculum_map_readiness_v0/lecture_timecoded_vector_docstore_STRICT_CYTO_v9.sample5000.jsonl
lectures,lecture::gcs_gs_pathology_hub_02_normalized_lectures_lecture_chunks::000000000_000000000_003885,Skin::Lectures::Derm_Lecture_30_miscellaneous::Benign_Cystic_Neck_Mass_Case_01,::Lectures::,Benign Cystic Neck Mass (Case 01),data/curriculum_map_readiness_v0/lecture_timecoded_vector_docstore_STRICT_CYTO_v9.sample5000.jsonl
lectures,lecture::gcs_gs_pathology_hub_02_normalized_lectures_lecture_chunks::000000000_000000000_003886,Skin::Lectures::Derm_Lecture_30_miscellaneous::Benign_Cystic_Neck_Mass_Case_01,::Lectures::,Benign Cystic Neck Mass (Case 01),data/curriculum_map_readiness_v0/lecture_timecoded_vector_docstore_STRICT_CYTO_v9.sample5000.jsonl
lectures,lecture::gcs_gs_pathology_hub_02_normalized_lectures_lecture_chunks::000000000_000000000_003887,Skin::Lectures::Derm_Lecture_30_miscellaneous::Benign_Cystic_Neck_Mass_Case_01,::Lectures::,Benign Cystic Neck Mass (Case 01),data/curriculum_map_readiness_v0/lecture_timecoded_vector_docstore_STRICT_CYTO_v9.sample5000.jsonl
lectures,lecture::gcs_gs_pathology_hub_02_normalized_lectures_lecture_chunks::000000000_000000000_003888,Skin::Lectures::Derm_Lecture_30_miscellaneous::Benign_Cystic_Neck_Mass_Case_01,::Lectures::,Benign Cystic Neck Mass (Case 01),data/curriculum_map_readiness_v0/lecture_timecoded_vector_docstore_STRICT_CYTO_v9.sample5000.jsonl
lectures,lecture::gcs_gs_pathology_hub_02_normalized_lectures_lecture_chunks::000000000_000000000_003891,Skin::Lectures::Derm_Lecture_30_miscellaneous::Benign_Cystic_Neck_Mass_Case_01,::Lectures::,Benign Cystic Neck Mass (Case 01),data/curriculum_map_readiness_v0/lecture_timecoded_vector_docstore_STRICT_CYTO_v9.sample5000.jsonl
lectures,lecture::gcs_gs_pathology_hub_02_normalized_lectures_lecture_chunks::000000000_000000000_003892,Skin::Lectures::Derm_Lecture_30_miscellaneous::Benign_Cystic_Neck_Mass_Case_01,::Lectures::,Benign Cystic Neck Mass (Case 01),data/curriculum_map_readiness_v0/lecture_timecoded_vector_docstore_STRICT_CYTO_v9.sample5000.jsonl
lectures,lecture::gcs_gs_pathology_hub_02_normalized_lectures_lecture_chunks::000000000_000000000_003893,Skin::Lectures::Derm_Lecture_30_miscellaneous::Benign_Cystic_Neck_Mass_Case_01,::Lectures::,Benign Cystic Neck Mass (Case 01),data/curriculum_map_readiness_v0/lecture_timecoded_vector_docstore_STRICT_CYTO_v9.sample5000.jsonl
lectures,lecture::gcs_gs_pathology_hub_02_normalized_lectures_lecture_chunks::000000000_000000000_003894,Skin::Lectures::Derm_Lecture_30_miscellaneous::Benign_Cystic_Neck_Mass_Case_01,::Lectures::,Benign Cystic Neck Mass (Case 01),data/curriculum_map_readiness_v0/lecture_timecoded_vector_docstore_STRICT_CYTO_v9.sample5000.jsonl
lectures,lecture::gcs_gs_pathology_hub_02_normalized_lectures_lecture_chunks::000000000_000000000_003895,Skin::Lectures::Derm_Lecture_30_miscellaneous::Benign_Cystic_Neck_Mass_Case_01,::Lectures::,Benign Cystic Neck Mass (Case 01),data/curriculum_map_readiness_v0/lecture_timecoded_vector_docstore_STRICT_CYTO_v9.sample5000.jsonl
lectures,lecture::gcs_gs_pathology_hub_02_normalized_lectures_lecture_chunks::000000000_000000000_003896,Skin::Lectures::Derm_Lecture_30_miscellaneous::Benign_Cystic_Neck_Mass_Case_01,::Lectures::,Benign Cystic Neck Mass (Case 01),data/curriculum_map_readiness_v0/lecture_timecoded_vector_docstore_STRICT_CYTO_v9.sample5000.jsonl
lectures,lecture::gcs_gs_pathology_hub_02_normalized_lectures_lecture_chunks::000000000_000000000_003897,Skin::Lectures::Derm_Lecture_30_miscellaneous::Benign_Cystic_Neck_Mass_Case_01,::Lectures::,Benign Cystic Neck Mass (Case 01),data/curriculum_map_readiness_v0/lecture_timecoded_vector_docstore_STRICT_CYTO_v9.sample5000.jsonl
lectures,lecture::gcs_gs_pathology_hub_02_normalized_lectures_lecture_chunks::000000000_000000000_003898,Skin::Lectures::Derm_Lecture_30_miscellaneous::Benign_Cystic_Neck_Mass_Case_01,::Lectures::,Benign Cystic Neck Mass (Case 01),data/curriculum_map_readiness_v0/lecture_timecoded_vector_docstore_STRICT_CYTO_v9.sample5000.jsonl
lectures,lecture::gcs_gs_pathology_hub_02_normalized_lectures_lecture_chunks::000000000_000000000_003900,Skin::Lectures::Derm_Lecture_30_miscellaneous::Benign_Cystic_Neck_Mass_Case_01,::Lectures::,Benign Cystic Neck Mass (Case 01),data/curriculum_map_readiness_v0/lecture_timecoded_vector_docstore_STRICT_CYTO_v9.sample5000.jsonl
lectures,lecture::gcs_gs_pathology_hub_02_normalized_lectures_lecture_chunks::000000000_000000000_003901,Skin::Lectures::Derm_Lecture_30_miscellaneous::Benign_Cystic_Neck_Mass_Case_01,::Lectures::,Benign Cystic Neck Mass (Case 01),data/curriculum_map_readiness_v0/lecture_timecoded_vector_docstore_STRICT_CYTO_v9.sample5000.jsonl
lectures,lecture::gcs_gs_pathology_hub_02_normalized_lectures_lecture_chunks::000000000_000000000_003902,Skin::Lectures::Derm_Lecture_30_miscellaneous::Benign_Cystic_Neck_Mass_Case_01,::Lectures::,Benign Cystic Neck Mass (Case 01),data/curriculum_map_readiness_v0/lecture_timecoded_vector_docstore_STRICT_CYTO_v9.sample5000.jsonl
lectures,lecture::gcs_gs_pathology_hub_02_normalized_lectures_lecture_chunks::000000000_000000000_003903,Skin::Lectures::Derm_Lecture_30_miscellaneous::Benign_Cystic_Neck_Mass_Case_01,::Lectures::,Benign Cystic Neck Mass (Case 01),data/curriculum_map_readiness_v0/lecture_timecoded_vector_docstore_STRICT_CYTO_v9.sample5000.jsonl
lectures,lecture::gcs_gs_pathology_hub_02_normalized_lectures_lecture_chunks::000000000_000000000_003904,Skin::Lectures::Derm_Lecture_30_miscellaneous::Benign_Cystic_Neck_Mass_Case_01,::Lectures::,Benign Cystic Neck Mass (Case 01),data/curriculum_map_readiness_v0/lecture_timecoded_vector_docstore_STRICT_CYTO_v9.sample5000.jsonl
lectures,lecture::gcs_gs_pathology_hub_02_normalized_lectures_lecture_chunks::000000000_000000000_003905,Skin::Lectures::Derm_Lecture_30_miscellaneous::Benign_Cystic_Neck_Mass_Case_01,::Lectures::,Benign Cystic Neck Mass (Case 01),data/curriculum_map_readiness_v0/lecture_timecoded_vector_docstore_STRICT_CYTO_v9.sample5000.jsonl
lectures,lecture::gcs_gs_pathology_hub_02_normalized_lectures_lecture_chunks::000000000_000000000_003906,Skin::Lectures::Derm_Lecture_30_miscellaneous::Benign_Cystic_Neck_Mass_Case_01,::Lectures::,Benign Cystic Neck Mass (Case 01),data/curriculum_map_readiness_v0/lecture_timecoded_vector_docstore_STRICT_CYTO_v9.sample5000.jsonl
lectures,lecture::gcs_gs_pathology_hub_02_normalized_lectures_lecture_chunks::000000000_000000000_003907,Skin::Lectures::Derm_Lecture_30_miscellaneous::Benign_Cystic_Neck_Mass_Case_01,::Lectures::,Benign Cystic Neck Mass (Case 01),data/curriculum_map_readiness_v0/lecture_timecoded_vector_docstore_STRICT_CYTO_v9.sample5000.jsonl
lectures,lecture::gcs_gs_pathology_hub_02_normalized_lectures_lecture_chunks::000000000_000000000_003908,Skin::Lectures::Derm_Lecture_30_miscellaneous::Benign_Cystic_Neck_Mass_Case_01,::Lectures::,Benign Cystic Neck Mass (Case 01),data/curriculum_map_readiness_v0/lecture_timecoded_vector_docstore_STRICT_CYTO_v9.sample5000.jsonl
lectures,lecture::gcs_gs_pathology_hub_02_normalized_lectures_lecture_chunks::000000000_000000000_003909,Skin::Lectures::Derm_Lecture_30_miscellaneous::Benign_Cystic_Neck_Mass_Case_01,::Lectures::,Benign Cystic Neck Mass (Case 01),data/curriculum_map_readiness_v0/lecture_timecoded_vector_docstore_STRICT_CYTO_v9.sample5000.jsonl
lectures,lecture::gcs_gs_pathology_hub_02_normalized_lectures_lecture_chunks::000000000_000000000_003910,Skin::Lectures::Derm_Lecture_30_miscellaneous::Benign_Cystic_Neck_Mass_Case_01,::Lectures::,Benign Cystic Neck Mass (Case 01),data/curriculum_map_readiness_v0/lecture_timecoded_vector_docstore_STRICT_CYTO_v9.sample5000.jsonl
lectures,lecture::gcs_gs_pathology_hub_02_normalized_lectures_lecture_chunks::000000000_000000000_003911,Skin::Lectures::Derm_Lecture_30_miscellaneous::Benign_Cystic_Neck_Mass_Case_01,::Lectures::,Benign Cystic Neck Mass (Case 01),data/curriculum_map_readiness_v0/lecture_timecoded_vector_docstore_STRICT_CYTO_v9.sample5000.jsonl
lectures,lecture::gcs_gs_pathology_hub_02_normalized_lectures_lecture_chunks::000000000_000000000_003912,Skin::Lectures::Derm_Lecture_30_miscellaneous::Benign_Cystic_Neck_Mass_Case_01,::Lectures::,Benign Cystic Neck Mass (Case 01),data/curriculum_map_readiness_v0/lecture_timecoded_vector_docstore_STRICT_CYTO_v9.sample5000.jsonl
lectures,lecture::gcs_gs_pathology_hub_02_normalized_lectures_lecture_chunks::000000000_000000000_003914,Skin::Lectures::Derm_Lecture_30_miscellaneous::Benign_Cystic_Neck_Mass_Case_01,::Lectures::,Benign Cystic Neck Mass (Case 01),data/curriculum_map_readiness_v0/lecture_timecoded_vector_docstore_STRICT_CYTO_v9.sample5000.jsonl
lectures,lecture::gcs_gs_pathology_hub_02_normalized_lectures_lecture_chunks::000000000_000000000_003915,Skin::Lectures::Derm_Lecture_30_miscellaneous::Benign_Cystic_Neck_Mass_Case_01,::Lectures::,Benign Cystic Neck Mass (Case 01),data/curriculum_map_readiness_v0/lecture_timecoded_vector_docstore_STRICT_CYTO_v9.sample5000.jsonl
lectures,lecture::gcs_gs_pathology_hub_02_normalized_lectures_lecture_chunks::000000000_000000000_003916,Skin::Lectures::Derm_Lecture_30_miscellaneous::Benign_Cystic_Neck_Mass_Case_01,::Lectures::,Benign Cystic Neck Mass (Case 01),data/curriculum_map_readiness_v0/lecture_timecoded_vector_docstore_STRICT_CYTO_v9.sample5000.jsonl
lectures,lecture::gcs_gs_pathology_hub_02_normalized_lectures_lecture_chunks::000000000_000000000_003917,Skin::Lectures::Derm_Lecture_30_miscellaneous::Benign_Cystic_Neck_Mass_Case_01,::Lectures::,Benign Cystic Neck Mass (Case 01),data/curriculum_map_readiness_v0/lecture_timecoded_vector_docstore_STRICT_CYTO_v9.sample5000.jsonl
lectures,lecture::gcs_gs_pathology_hub_02_normalized_lectures_lecture_chunks::000000000_000000000_003919,Skin::Lectures::Derm_Lecture_30_miscellaneous::Benign_Cystic_Neck_Mass_Case_01,::Lectures::,Benign Cystic Neck Mass (Case 01),data/curriculum_map_readiness_v0/lecture_timecoded_vector_docstore_STRICT_CYTO_v9.sample5000.jsonl
lectures,lecture::gcs_gs_pathology_hub_02_normalized_lectures_lecture_chunks::000000000_000000000_003920,Skin::Lectures::Derm_Lecture_30_miscellaneous::Benign_Cystic_Neck_Mass_Case_01,::Lectures::,Benign Cystic Neck Mass (Case 01),data/curriculum_map_readiness_v0/lecture_timecoded_vector_docstore_STRICT_CYTO_v9.sample5000.jsonl
lectures,lecture::gcs_gs_pathology_hub_02_normalized_lectures_lecture_chunks::000000000_000000000_003921,Skin::Lectures::Derm_Lecture_30_miscellaneous::Benign_Cystic_Neck_Mass_Case_01,::Lectures::,Benign Cystic Neck Mass (Case 01),data/curriculum_map_readiness_v0/lecture_timecoded_vector_docstore_STRICT_CYTO_v9.sample5000.jsonl
lectures,lecture::gcs_gs_pathology_hub_02_normalized_lectures_lecture_chunks::000000000_000000000_003922,Skin::Lectures::Derm_Lecture_30_miscellaneous::Benign_Cystic_Neck_Mass_Case_01,::Lectures::,Benign Cystic Neck Mass (Case 01),data/curriculum_map_readiness_v0/lecture_timecoded_vector_docstore_STRICT_CYTO_v9.sample5000.jsonl
lectures,lecture::gcs_gs_pathology_hub_02_normalized_lectures_lecture_chunks::000000000_000000000_003923,Skin::Lectures::Derm_Lecture_30_miscellaneous::Benign_Cystic_Neck_Mass_Case_01,::Lectures::,Benign Cystic Neck Mass (Case 01),data/curriculum_map_readiness_v0/lecture_timecoded_vector_docstore_STRICT_CYTO_v9.sample5000.jsonl
lectures,lecture::gcs_gs_pathology_hub_02_normalized_lectures_lecture_chunks::000000000_000000000_003924,Skin::Lectures::Derm_Lecture_30_miscellaneous::Benign_Cystic_Neck_Mass_Case_01,::Lectures::,Benign Cystic Neck Mass (Case 01),data/curriculum_map_readiness_v0/lecture_timecoded_vector_docstore_STRICT_CYTO_v9.sample5000.jsonl
lectures,lecture::gcs_gs_pathology_hub_02_normalized_lectures_lecture_chunks::000000000_000000000_003925,Skin::Lectures::Derm_Lecture_30_miscellaneous::Benign_Cystic_Neck_Mass_Case_01,::Lectures::,Benign Cystic Neck Mass (Case 01),data/curriculum_map_readiness_v0/lecture_timecoded_vector_docstore_STRICT_CYTO_v9.sample5000.jsonl
lectures,lecture::gcs_gs_pathology_hub_02_normalized_lectures_lecture_chunks::000000000_000000000_003926,Skin::Lectures::Derm_Lecture_30_miscellaneous::Benign_Cystic_Neck_Mass_Case_01,::Lectures::,Benign Cystic Neck Mass (Case 01),data/curriculum_map_readiness_v0/lecture_timecoded_vector_docstore_STRICT_CYTO_v9.sample5000.jsonl
lectures,lecture::gcs_gs_pathology_hub_02_normalized_lectures_lecture_chunks::000000000_000000000_003927,Skin::Lectures::Derm_Lecture_30_miscellaneous::Benign_Cystic_Neck_Mass_Case_01,::Lectures::,Benign Cystic Neck Mass (Case 01),data/curriculum_map_readiness_v0/lecture_timecoded_vector_docstore_STRICT_CYTO_v9.sample5000.jsonl
lectures,lecture::gcs_gs_pathology_hub_02_normalized_lectures_lecture_chunks::000000000_000000000_003928,Skin::Lectures::Derm_Lecture_30_miscellaneous::Benign_Cystic_Neck_Mass_Case_01,::Lectures::,Benign Cystic Neck Mass (Case 01),data/curriculum_map_readiness_v0/lecture_timecoded_vector_docstore_STRICT_CYTO_v9.sample5000.jsonl
lectures,lecture::gcs_gs_pathology_hub_02_normalized_lectures_lecture_chunks::000000000_000000000_003929,Skin::Lectures::Derm_Lecture_30_miscellaneous::Benign_Cystic_Neck_Mass_Case_01,::Lectures::,Benign Cystic Neck Mass (Case 01),data/curriculum_map_readiness_v0/lecture_timecoded_vector_docstore_STRICT_CYTO_v9.sample5000.jsonl
lectures,lecture::gcs_gs_pathology_hub_02_normalized_lectures_lecture_chunks::000000000_000000000_003930,Skin::Lectures::Derm_Lecture_30_miscellaneous::Benign_Cystic_Neck_Mass_Case_01,::Lectures::,Benign Cystic Neck Mass (Case 01),data/curriculum_map_readiness_v0/lecture_timecoded_vector_docstore_STRICT_CYTO_v9.sample5000.jsonl
lectures,lecture::gcs_gs_pathology_hub_02_normalized_lectures_lecture_chunks::000000000_000000000_003931,Skin::Lectures::Derm_Lecture_30_miscellaneous::Benign_Cystic_Neck_Mass_Case_01,::Lectures::,Benign Cystic Neck Mass (Case 01),data/curriculum_map_readiness_v0/lecture_timecoded_vector_docstore_STRICT_CYTO_v9.sample5000.jsonl
lectures,lecture::gcs_gs_pathology_hub_02_normalized_lectures_lecture_chunks::000000000_000000000_003932,Skin::Lectures::Derm_Lecture_30_miscellaneous::Benign_Cystic_Neck_Mass_Case_01,::Lectures::,Benign Cystic Neck Mass (Case 01),data/curriculum_map_readiness_v0/lecture_timecoded_vector_docstore_STRICT_CYTO_v9.sample5000.jsonl
lectures,lecture::gcs_gs_pathology_hub_02_normalized_lectures_lecture_chunks::000000000_000000000_003936,Skin::Lectures::Derm_Lecture_30_miscellaneous::Benign_Cystic_Neck_Mass_Case_01,::Lectures::,Benign Cystic Neck Mass (Case 01),data/curriculum_map_readiness_v0/lecture_timecoded_vector_docstore_STRICT_CYTO_v9.sample5000.jsonl
lectures,lecture::gcs_gs_pathology_hub_02_normalized_lectures_lecture_chunks::000000000_000000000_003937,Skin::Lectures::Derm_Lecture_30_miscellaneous::Benign_Cystic_Neck_Mass_Case_01,::Lectures::,Benign Cystic Neck Mass (Case 01),data/curriculum_map_readiness_v0/lecture_timecoded_vector_docstore_STRICT_CYTO_v9.sample5000.jsonl
lectures,lecture::gcs_gs_pathology_hub_02_normalized_lectures_lecture_chunks::000000000_000000000_003938,Skin::Lectures::Derm_Lecture_30_miscellaneous::Benign_Cystic_Neck_Mass_Case_01,::Lectures::,Benign Cystic Neck Mass (Case 01),data/curriculum_map_readiness_v0/lecture_timecoded_vector_docstore_STRICT_CYTO_v9.sample5000.jsonl
lectures,lecture::gcs_gs_pathology_hub_02_normalized_lectures_lecture_chunks::000000000_000000000_003939,Skin::Lectures::Derm_Lecture_30_miscellaneous::Benign_Cystic_Neck_Mass_Case_01,::Lectures::,Benign Cystic Neck Mass (Case 01),data/curriculum_map_readiness_v0/lecture_timecoded_vector_docstore_STRICT_CYTO_v9.sample5000.jsonl
lectures,lecture::gcs_gs_pathology_hub_02_normalized_lectures_lecture_chunks::000000000_000000000_003940,Skin::Lectures::Derm_Lecture_30_miscellaneous::Benign_Cystic_Neck_Mass_Case_01,::Lectures::,Benign Cystic Neck Mass (Case 01),data/curriculum_map_readiness_v0/lecture_timecoded_vector_docstore_STRICT_CYTO_v9.sample5000.jsonl
lectures,lecture::gcs_gs_pathology_hub_02_normalized_lectures_lecture_chunks::000000000_000000000_003941,Skin::Lectures::Derm_Lecture_30_miscellaneous::Benign_Cystic_Neck_Mass_Case_01,::Lectures::,Benign Cystic Neck Mass (Case 01),data/curriculum_map_readiness_v0/lecture_timecoded_vector_docstore_STRICT_CYTO_v9.sample5000.jsonl
lectures,lecture::gcs_gs_pathology_hub_02_normalized_lectures_lecture_chunks::000000000_000000000_003942,Skin::Lectures::Derm_Lecture_30_miscellaneous::Benign_Cystic_Neck_Mass_Case_01,::Lectures::,Benign Cystic Neck Mass (Case 01),data/curriculum_map_readiness_v0/lecture_timecoded_vector_docstore_STRICT_CYTO_v9.sample5000.jsonl
lectures,lecture::gcs_gs_pathology_hub_02_normalized_lectures_lecture_chunks::000000000_000000000_003943,Skin::Lectures::Derm_Lecture_30_miscellaneous::Benign_Cystic_Neck_Mass_Case_01,::Lectures::,Benign Cystic Neck Mass (Case 01),data/curriculum_map_readiness_v0/lecture_timecoded_vector_docstore_STRICT_CYTO_v9.sample5000.jsonl
lectures,lecture::gcs_gs_pathology_hub_02_normalized_lectures_lecture_chunks::000000000_000000000_003944,Skin::Lectures::Derm_Lecture_30_miscellaneous::Benign_Cystic_Neck_Mass_Case_01,::Lectures::,Benign Cystic Neck Mass (Case 01),data/curriculum_map_readiness_v0/lecture_timecoded_vector_docstore_STRICT_CYTO_v9.sample5000.jsonl
lectures,lecture::gcs_gs_pathology_hub_02_normalized_lectures_lecture_chunks::000000000_000000000_003945,Skin::Lectures::Derm_Lecture_30_miscellaneous::Benign_Cystic_Neck_Mass_Case_01,::Lectures::,Benign Cystic Neck Mass (Case 01),data/curriculum_map_readiness_v0/lecture_timecoded_vector_docstore_STRICT_CYTO_v9.sample5000.jsonl
lectures,lecture::gcs_gs_pathology_hub_02_normalized_lectures_lecture_chunks::000000000_000000000_003946,Skin::Lectures::Derm_Lecture_30_miscellaneous::Benign_Cystic_Neck_Mass_Case_01,::Lectures::,Benign Cystic Neck Mass (Case 01),data/curriculum_map_readiness_v0/lecture_timecoded_vector_docstore_STRICT_CYTO_v9.sample5000.jsonl
lectures,lecture::gcs_gs_pathology_hub_02_normalized_lectures_lecture_chunks::000000000_000000000_003947,Skin::Lectures::Derm_Lecture_30_miscellaneous::Benign_Cystic_Neck_Mass_Case_01,::Lectures::,Benign Cystic Neck Mass (Case 01),data/curriculum_map_readiness_v0/lecture_timecoded_vector_docstore_STRICT_CYTO_v9.sample5000.jsonl
lectures,lecture::gcs_gs_pathology_hub_02_normalized_lectures_lecture_chunks::000000000_000000000_003948,Skin::Lectures::Derm_Lecture_30_miscellaneous::Benign_Cystic_Neck_Mass_Case_01,::Lectures::,Benign Cystic Neck Mass (Case 01),data/curriculum_map_readiness_v0/lecture_timecoded_vector_docstore_STRICT_CYTO_v9.sample5000.jsonl
lectures,lecture::gcs_gs_pathology_hub_02_normalized_lectures_lecture_chunks::000000000_000000000_003950,Skin::Lectures::Derm_Lecture_30_miscellaneous::Benign_Cystic_Neck_Mass_Case_01,::Lectures::,Benign Cystic Neck Mass (Case 01),data/curriculum_map_readiness_v0/lecture_timecoded_vector_docstore_STRICT_CYTO_v9.sample5000.jsonl
lectures,lecture::gcs_gs_pathology_hub_02_normalized_lectures_lecture_chunks::000000000_000000000_003951,Skin::Lectures::Derm_Lecture_30_miscellaneous::Benign_Cystic_Neck_Mass_Case_01,::Lectures::,Benign Cystic Neck Mass (Case 01),data/curriculum_map_readiness_v0/lecture_timecoded_vector_docstore_STRICT_CYTO_v9.sample5000.jsonl
lectures,lecture::gcs_gs_pathology_hub_02_normalized_lectures_lecture_chunks::000000000_000000000_004185,Heme::Lectures::gcs_gs_pathology_hub_02_normalized_lectures_lecture_chunks::Benign_Cystic_Neck_Mass_Case_01,::Lectures::,Benign Cystic Neck Mass (Case 01),data/curriculum_map_readiness_v0/lecture_timecoded_vector_docstore_STRICT_CYTO_v9.sample5000.jsonl
lectures,lecture::gcs_gs_pathology_hub_02_normalized_lectures_lecture_chunks::000000000_000000000_004286,Skin::Lectures::Derm_Lecture_33_subepidermal_vesicular_dermatitis::Vesicular_Dermatitis_Part_2,::Lectures::,Benign Cystic Neck Mass (Case 01),data/curriculum_map_readiness_v0/lecture_timecoded_vector_docstore_STRICT_CYTO_v9.sample5000.jsonl
lectures,lecture::gcs_gs_pathology_hub_02_normalized_lectures_lecture_chunks::000000000_000000000_004287,Skin::Lectures::Derm_Lecture_33_subepidermal_vesicular_dermatitis::Virtual_Meeting_Participants,::Lectures::,Benign Cystic Neck Mass (Case 01),data/curriculum_map_readiness_v0/lecture_timecoded_vector_docstore_STRICT_CYTO_v9.sample5000.jsonl
lectures,lecture::gcs_gs_pathology_hub_02_normalized_lectures_lecture_chunks::000000000_000000000_004288,Skin::Lectures::Derm_Lecture_33_subepidermal_vesicular_dermatitis::Video_Conference_Call,::Lectures::,Benign Cystic Neck Mass (Case 01),data/curriculum_map_readiness_v0/lecture_timecoded_vector_docstore_STRICT_CYTO_v9.sample5000.jsonl
lectures,lecture::gcs_gs_pathology_hub_02_normalized_lectures_lecture_chunks::000000000_000000000_004289,Skin::Lectures::Derm_Lecture_33_subepidermal_vesicular_dermatitis::Virtual_Meeting_Participants,::Lectures::,Benign Cystic Neck Mass (Case 01),data/curriculum_map_readiness_v0/lecture_timecoded_vector_docstore_STRICT_CYTO_v9.sample5000.jsonl
lectures,lecture::gcs_gs_pathology_hub_02_normalized_lectures_lecture_chunks::000000000_000000000_004290,Skin::Lectures::Derm_Lecture_33_subepidermal_vesicular_dermatitis::Subepidermal_Vesicular_Dermatitis,::Lectures::,Benign Cystic Neck Mass (Case 01),data/curriculum_map_readiness_v0/lecture_timecoded_vector_docstore_STRICT_CYTO_v9.sample5000.jsonl
lectures,lecture::gcs_gs_pathology_hub_02_normalized_lectures_lecture_chunks::000000000_000000000_004291,Skin::Lectures::Derm_Lecture_33_subepidermal_vesicular_dermatitis::COMPONENTS_OF_EPIDERMAL_BASEMENT_MEMBRANE,::Lectures::,Benign Cystic Neck Mass (Case 01),data/curriculum_map_readiness_v0/lecture_timecoded_vector_docstore_STRICT_CYTO_v9.sample5000.jsonl
lectures,lecture::gcs_gs_pathology_hub_02_normalized_lectures_lecture_chunks::000000000_000000000_004292,Skin::Lectures::Derm_Lecture_33_subepidermal_vesicular_dermatitis::Ackerman,::Lectures::,Benign Cystic Neck Mass (Case 01),data/curriculum_map_readiness_v0/lecture_timecoded_vector_docstore_STRICT_CYTO_v9.sample5000.jsonl
lectures,lecture::gcs_gs_pathology_hub_02_normalized_lectures_lecture_chunks::000000000_000000000_004294,Skin::Lectures::Derm_Lecture_33_subepidermal_vesicular_dermatitis::Image_of_a_Rash_on_a_Palm_during_a_Video_Conference,::Lectures::,Benign Cystic Neck Mass (Case 01),data/curriculum_map_readiness_v0/lecture_timecoded_vector_docstore_STRICT_CYTO_v9.sample5000.jsonl
lectures,lecture::gcs_gs_pathology_hub_02_normalized_lectures_lecture_chunks::000000000_000000000_004295,Skin::Lectures::Derm_Lecture_33_subepidermal_vesicular_dermatitis::Clinical_Presentation_of_a_Skin_Rash_during_a_Video_Conference,::Lectures::,Benign Cystic Neck Mass (Case 01),data/curriculum_map_readiness_v0/lecture_timecoded_vector_docstore_STRICT_CYTO_v9.sample5000.jsonl
lectures,lecture::gcs_gs_pathology_hub_02_normalized_lectures_lecture_chunks::000000000_000000000_004296,Skin::Lectures::Derm_Lecture_33_subepidermal_vesicular_dermatitis::Clinical_Presentation_of_a_Pediatric_Rash_on_the_Abdomen_and_Thighs,::Lectures::,Benign Cystic Neck Mass (Case 01),data/curriculum_map_readiness_v0/lecture_timecoded_vector_docstore_STRICT_CYTO_v9.sample5000.jsonl
lectures,lecture::gcs_gs_pathology_hub_02_normalized_lectures_lecture_chunks::000000000_000000000_004297,Skin::Lectures::Derm_Lecture_33_subepidermal_vesicular_dermatitis::Clinical_Image_of_Perioral_Dermatitis_and_Cheilitis,::Lectures::,Benign Cystic Neck Mass (Case 01),data/curriculum_map_readiness_v0/lecture_timecoded_vector_docstore_STRICT_CYTO_v9.sample5000.jsonl
lectures,lecture::gcs_gs_pathology_hub_02_normalized_lectures_lecture_chunks::000000000_000000000_004298,Skin::Lectures::Derm_Lecture_33_subepidermal_vesicular_dermatitis::Benign_Cystic_Neck_Mass_Case_01,::Lectures::,Benign Cystic Neck Mass (Case 01),data/curriculum_map_readiness_v0/lecture_timecoded_vector_docstore_STRICT_CYTO_v9.sample5000.jsonl
lectures,lecture::gcs_gs_pathology_hub_02_normalized_lectures_lecture_chunks::000000000_000000000_004299,Skin::Lectures::Derm_Lecture_33_subepidermal_vesicular_dermatitis::Image_of_a_Pediatric_Patient_in_Intensive_Care,::Lectures::,Benign Cystic Neck Mass (Case 01),data/curriculum_map_readiness_v0/lecture_timecoded_vector_docstore_STRICT_CYTO_v9.sample5000.jsonl
lectures,lecture::gcs_gs_pathology_hub_02_normalized_lectures_lecture_chunks::000000000_000000000_004300,Skin::Lectures::Derm_Lecture_33_subepidermal_vesicular_dermatitis::The_Resilient_Spirit_of_Children,::Lectures::,Benign Cystic Neck Mass (Case 01),data/curriculum_map_readiness_v0/lecture_timecoded_vector_docstore_STRICT_CYTO_v9.sample5000.jsonl
lectures,lecture::gcs_gs_pathology_hub_02_normalized_lectures_lecture_chunks::000000000_000000000_004303,Skin::Lectures::Derm_Lecture_33_subepidermal_vesicular_dermatitis::Skin_Histopathology,::Lectures::,Benign Cystic Neck Mass (Case 01),data/curriculum_map_readiness_v0/lecture_timecoded_vector_docstore_STRICT_CYTO_v9.sample5000.jsonl
lectures,lecture::gcs_gs_pathology_hub_02_normalized_lectures_lecture_chunks::000000000_000000000_004310,Skin::Lectures::Derm_Lecture_33_subepidermal_vesicular_dermatitis::Clinical_Image_of_Periareolar_Blisters,::Lectures::,Benign Cystic Neck Mass (Case 01),data/curriculum_map_readiness_v0/lecture_timecoded_vector_docstore_STRICT_CYTO_v9.sample5000.jsonl
lectures,lecture::gcs_gs_pathology_hub_02_normalized_lectures_lecture_chunks::000000000_000000000_004311,Skin::Lectures::Derm_Lecture_33_subepidermal_vesicular_dermatitis::Adverse_Cutaneous_Reactions_to_Cupping_Therapy,::Lectures::,Benign Cystic Neck Mass (Case 01),data/curriculum_map_readiness_v0/lecture_timecoded_vector_docstore_STRICT_CYTO_v9.sample5000.jsonl
lectures,lecture::gcs_gs_pathology_hub_02_normalized_lectures_lecture_chunks::000000000_000000000_004313,Skin::Lectures::Derm_Lecture_33_subepidermal_vesicular_dermatitis::No_title_available,::Lectures::,Benign Cystic Neck Mass (Case 01),data/curriculum_map_readiness_v0/lecture_timecoded_vector_docstore_STRICT_CYTO_v9.sample5000.jsonl
lectures,lecture::gcs_gs_pathology_hub_02_normalized_lectures_lecture_chunks::000000000_000000000_004314,Skin::Lectures::Derm_Lecture_33_subepidermal_vesicular_dermatitis::Histopathology_of_a_Subepidermal_Blister,::Lectures::,Benign Cystic Neck Mass (Case 01),data/curriculum_map_readiness_v0/lecture_timecoded_vector_docstore_STRICT_CYTO_v9.sample5000.jsonl
lectures,lecture::gcs_gs_pathology_hub_02_normalized_lectures_lecture_chunks::000000000_000000000_004315,Skin::Lectures::Derm_Lecture_33_subepidermal_vesicular_dermatitis::Histopathology_of_Dermal_Vasculature,::Lectures::,Benign Cystic Neck Mass (Case 01),data/curriculum_map_readiness_v0/lecture_timecoded_vector_docstore_STRICT_CYTO_v9.sample5000.jsonl
lectures,lecture::gcs_gs_pathology_hub_02_normalized_lectures_lecture_chunks::000000000_000000000_004316,Skin::Lectures::Derm_Lecture_33_subepidermal_vesicular_dermatitis::Micrograph_of_Skin_Tissue_in_a_Virtual_Presentation,::Lectures::,Benign Cystic Neck Mass (Case 01),data/curriculum_map_readiness_v0/lecture_timecoded_vector_docstore_STRICT_CYTO_v9.sample5000.jsonl
lectures,lecture::gcs_gs_pathology_hub_02_normalized_lectures_lecture_chunks::000000000_000000000_004317,Skin::Lectures::Derm_Lecture_33_subepidermal_vesicular_dermatitis::Benign_Cystic_Neck_Mass_Case_01,::Lectures::,Benign Cystic Neck Mass (Case 01),data/curriculum_map_readiness_v0/lecture_timecoded_vector_docstore_STRICT_CYTO_v9.sample5000.jsonl
lectures,lecture::gcs_gs_pathology_hub_02_normalized_lectures_lecture_chunks::000000000_000000000_004318,Skin::Lectures::Derm_Lecture_33_subepidermal_vesicular_dermatitis::Histopathology_of_a_Subepidermal_Blister,::Lectures::,Benign Cystic Neck Mass (Case 01),data/curriculum_map_readiness_v0/lecture_timecoded_vector_docstore_STRICT_CYTO_v9.sample5000.jsonl
lectures,lecture::gcs_gs_pathology_hub_02_normalized_lectures_lecture_chunks::000000000_000000000_004319,Skin::Lectures::Derm_Lecture_33_subepidermal_vesicular_dermatitis::Clinical_Presentation_of_Skin_Lesions_on_the_Dorsal_Hand,::Lectures::,Benign Cystic Neck Mass (Case 01),data/curriculum_map_readiness_v0/lecture_timecoded_vector_docstore_STRICT_CYTO_v9.sample5000.jsonl
lectures,lecture::gcs_gs_pathology_hub_02_normalized_lectures_lecture_chunks::000000000_000000000_004320,Skin::Lectures::Derm_Lecture_33_subepidermal_vesicular_dermatitis::Benign_Cystic_Neck_Mass_Case_01,::Lectures::,Benign Cystic Neck Mass (Case 01),data/curriculum_map_readiness_v0/lecture_timecoded_vector_docstore_STRICT_CYTO_v9.sample5000.jsonl
lectures,lecture::gcs_gs_pathology_hub_02_normalized_lectures_lecture_chunks::000000000_000000000_004321,Skin::Lectures::Derm_Lecture_33_subepidermal_vesicular_dermatitis::Benign_Cystic_Neck_Mass_Case_01,::Lectures::,Benign Cystic Neck Mass (Case 01),data/curriculum_map_readiness_v0/lecture_timecoded_vector_docstore_STRICT_CYTO_v9.sample5000.jsonl
lectures,lecture::gcs_gs_pathology_hub_02_normalized_lectures_lecture_chunks::000000000_000000000_004322,Skin::Lectures::Derm_Lecture_33_subepidermal_vesicular_dermatitis::Benign_Cystic_Neck_Mass_Case_01,::Lectures::,Benign Cystic Neck Mass (Case 01),data/curriculum_map_readiness_v0/lecture_timecoded_vector_docstore_STRICT_CYTO_v9.sample5000.jsonl
lectures,lecture::gcs_gs_pathology_hub_02_normalized_lectures_lecture_chunks::000000000_000000000_004323,Skin::Lectures::Derm_Lecture_33_subepidermal_vesicular_dermatitis::Clinical_Image_of_a_Finger,::Lectures::,Benign Cystic Neck Mass (Case 01),data/curriculum_map_readiness_v0/lecture_timecoded_vector_docstore_STRICT_CYTO_v9.sample5000.jsonl
lectures,lecture::gcs_gs_pathology_hub_02_normalized_lectures_lecture_chunks::000000000_000000000_004328,Skin::Lectures::Derm_Lecture_33_subepidermal_vesicular_dermatitis::Benign_Cystic_Neck_Mass_Case_01,::Lectures::,Benign Cystic Neck Mass (Case 01),data/curriculum_map_readiness_v0/lecture_timecoded_vector_docstore_STRICT_CYTO_v9.sample5000.jsonl
lectures,lecture::gcs_gs_pathology_hub_02_normalized_lectures_lecture_chunks::000000000_000000000_004331,Skin::Lectures::Derm_Lecture_33_subepidermal_vesicular_dermatitis::Title_Unknown,::Lectures::,Benign Cystic Neck Mass (Case 01),data/curriculum_map_readiness_v0/lecture_timecoded_vector_docstore_STRICT_CYTO_v9.sample5000.jsonl
lectures,lecture::gcs_gs_pathology_hub_02_normalized_lectures_lecture_chunks::000000000_000000000_004332,Skin::Lectures::Derm_Lecture_33_subepidermal_vesicular_dermatitis::Microscopic_View_of_Tissue_Sample_in_a_Virtual_Presentation,::Lectures::,Benign Cystic Neck Mass (Case 01),data/curriculum_map_readiness_v0/lecture_timecoded_vector_docstore_STRICT_CYTO_v9.sample5000.jsonl
lectures,lecture::gcs_gs_pathology_hub_02_normalized_lectures_lecture_chunks::000000000_000000000_004335,Skin::Lectures::Derm_Lecture_33_subepidermal_vesicular_dermatitis::Benign_Cystic_Neck_Mass_Case_01,::Lectures::,Benign Cystic Neck Mass (Case 01),data/curriculum_map_readiness_v0/lecture_timecoded_vector_docstore_STRICT_CYTO_v9.sample5000.jsonl
lectures,lecture::gcs_gs_pathology_hub_02_normalized_lectures_lecture_chunks::000000000_000000000_004345,Skin::Lectures::Derm_Lecture_33_subepidermal_vesicular_dermatitis::Benign_Cystic_Neck_Mass_Case_01,::Lectures::,Benign Cystic Neck Mass (Case 01),data/curriculum_map_readiness_v0/lecture_timecoded_vector_docstore_STRICT_CYTO_v9.sample5000.jsonl
lectures,lecture::gcs_gs_pathology_hub_02_normalized_lectures_lecture_chunks::000000000_000000000_004346,Skin::Lectures::Derm_Lecture_33_subepidermal_vesicular_dermatitis::Dermatological_Case_Presentation_via_Teleconference,::Lectures::,Benign Cystic Neck Mass (Case 01),data/curriculum_map_readiness_v0/lecture_timecoded_vector_docstore_STRICT_CYTO_v9.sample5000.jsonl
lectures,lecture::gcs_gs_pathology_hub_02_normalized_lectures_lecture_chunks::000000000_000000000_004347,Skin::Lectures::Derm_Lecture_33_subepidermal_vesicular_dermatitis::Clinical_Presentation_of_a_Skin_Rash,::Lectures::,Benign Cystic Neck Mass (Case 01),data/curriculum_map_readiness_v0/lecture_timecoded_vector_docstore_STRICT_CYTO_v9.sample5000.jsonl
lectures,lecture::gcs_gs_pathology_hub_02_normalized_lectures_lecture_chunks::000000000_000000000_004349,Skin::Lectures::Derm_Lecture_33_subepidermal_vesicular_dermatitis::Dermatopathology_of_an_Inflammatory_Skin_Condition,::Lectures::,Benign Cystic Neck Mass (Case 01),data/curriculum_map_readiness_v0/lecture_timecoded_vector_docstore_STRICT_CYTO_v9.sample5000.jsonl
lectures,lecture::gcs_gs_pathology_hub_02_normalized_lectures_lecture_chunks::000000000_000000000_004353,Skin::Lectures::Derm_Lecture_33_subepidermal_vesicular_dermatitis::Clinical_Image_of_Bullous_Skin_Lesions_on_Legs,::Lectures::,Benign Cystic Neck Mass (Case 01),data/curriculum_map_readiness_v0/lecture_timecoded_vector_docstore_STRICT_CYTO_v9.sample5000.jsonl
lectures,lecture::gcs_gs_pathology_hub_02_normalized_lectures_lecture_chunks::000000000_000000000_004355,Skin::Lectures::Derm_Lecture_33_subepidermal_vesicular_dermatitis::Benign_Cystic_Neck_Mass_Case_01,::Lectures::,Benign Cystic Neck Mass (Case 01),data/curriculum_map_readiness_v0/lecture_timecoded_vector_docstore_STRICT_CYTO_v9.sample5000.jsonl
lectures,lecture::gcs_gs_pathology_hub_02_normalized_lectures_lecture_chunks::000000000_000000000_004356,Skin::Lectures::Derm_Lecture_33_subepidermal_vesicular_dermatitis::Immunofluorescence_Micrograph_of_Tissue,::Lectures::,Benign Cystic Neck Mass (Case 01),data/curriculum_map_readiness_v0/lecture_timecoded_vector_docstore_STRICT_CYTO_v9.sample5000.jsonl
lectures,lecture::gcs_gs_pathology_hub_02_normalized_lectures_lecture_chunks::000000000_000000000_004360,Skin::Lectures::Derm_Lecture_33_subepidermal_vesicular_dermatitis::Clinical_Images_of_Skin_Lesions_on_Hands_and_Feet,::Lectures::,Benign Cystic Neck Mass (Case 01),data/curriculum_map_readiness_v0/lecture_timecoded_vector_docstore_STRICT_CYTO_v9.sample5000.jsonl
lectures,lecture::gcs_gs_pathology_hub_02_normalized_lectures_lecture_chunks::000000000_000000000_004363,Skin::Lectures::Derm_Lecture_33_subepidermal_vesicular_dermatitis::Histopathology_of_Skin_Biopsy_Findings,::Lectures::,Benign Cystic Neck Mass (Case 01),data/curriculum_map_readiness_v0/lecture_timecoded_vector_docstore_STRICT_CYTO_v9.sample5000.jsonl
lectures,lecture::gcs_gs_pathology_hub_02_normalized_lectures_lecture_chunks::000000000_000000000_004367,Skin::Lectures::Derm_Lecture_33_subepidermal_vesicular_dermatitis::Clinical_Case_Infant_with_Bullae_and_Erosions,::Lectures::,Benign Cystic Neck Mass (Case 01),data/curriculum_map_readiness_v0/lecture_timecoded_vector_docstore_STRICT_CYTO_v9.sample5000.jsonl
lectures,lecture::gcs_gs_pathology_hub_02_normalized_lectures_lecture_chunks::000000000_000000000_004369,Skin::Lectures::Derm_Lecture_33_subepidermal_vesicular_dermatitis::Histopathology_of_a_Subepidermal_Blistering_Disease,::Lectures::,Benign Cystic Neck Mass (Case 01),data/curriculum_map_readiness_v0/lecture_timecoded_vector_docstore_STRICT_CYTO_v9.sample5000.jsonl
lectures,lecture::gcs_gs_pathology_hub_02_normalized_lectures_lecture_chunks::000000000_000000000_004370,Skin::Lectures::Derm_Lecture_33_subepidermal_vesicular_dermatitis::Histopathology_of_a_Skin_Biopsy_with_Dense_Dermal_Infiltrate,::Lectures::,Benign Cystic Neck Mass (Case 01),data/curriculum_map_readiness_v0/lecture_timecoded_vector_docstore_STRICT_CYTO_v9.sample5000.jsonl
lectures,lecture::gcs_gs_pathology_hub_02_normalized_lectures_lecture_chunks::000000000_000000000_004371,Skin::Lectures::Derm_Lecture_33_subepidermal_vesicular_dermatitis::Benign_Cystic_Neck_Mass_Case_01,::Lectures::,Benign Cystic Neck Mass (Case 01),data/curriculum_map_readiness_v0/lecture_timecoded_vector_docstore_STRICT_CYTO_v9.sample5000.jsonl
lectures,lecture::gcs_gs_pathology_hub_02_normalized_lectures_lecture_chunks::000000000_000000000_004375,Skin::Lectures::Derm_Lecture_33_subepidermal_vesicular_dermatitis::System_Information_for_PATH_24C57P2_DT,::Lectures::,Benign Cystic Neck Mass (Case 01),data/curriculum_map_readiness_v0/lecture_timecoded_vector_docstore_STRICT_CYTO_v9.sample5000.jsonl
lectures,lecture::gcs_gs_pathology_hub_02_normalized_lectures_lecture_chunks::000000000_000000000_004379,Heme::Lectures::gcs_gs_pathology_hub_02_normalized_lectures_lecture_chunks::Benign_Cystic_Neck_Mass_Case_01,::Lectures::,Benign Cystic Neck Mass (Case 01),data/curriculum_map_readiness_v0/lecture_timecoded_vector_docstore_STRICT_CYTO_v9.sample5000.jsonl
lectures,lecture::gcs_gs_pathology_hub_02_normalized_lectures_lecture_chunks::000000000_000000000_004459,Skin::Lectures::Derm_Lecture_35_vascular2::Lignin_Vascular_Neoplasms,::Lectures::,Benign Cystic Neck Mass (Case 01),data/curriculum_map_readiness_v0/lecture_timecoded_vector_docstore_STRICT_CYTO_v9.sample5000.jsonl
lectures,lecture::gcs_gs_pathology_hub_02_normalized_lectures_lecture_chunks::000000000_000000000_004460,Skin::Lectures::Derm_Lecture_35_vascular2::Vascular_Neoplasms_II,::Lectures::,Benign Cystic Neck Mass (Case 01),data/curriculum_map_readiness_v0/lecture_timecoded_vector_docstore_STRICT_CYTO_v9.sample5000.jsonl
lectures,lecture::gcs_gs_pathology_hub_02_normalized_lectures_lecture_chunks::000000000_000000000_004473,Skin::Lectures::Derm_Lecture_35_vascular2::No_discernible_title,::Lectures::,Benign Cystic Neck Mass (Case 01),data/curriculum_map_readiness_v0/lecture_timecoded_vector_docstore_STRICT_CYTO_v9.sample5000.jsonl
lectures,lecture::gcs_gs_pathology_hub_02_normalized_lectures_lecture_chunks::000000000_000000000_004474,Skin::Lectures::Derm_Lecture_35_vascular2::Histopathology_Slide_Presentation,::Lectures::,Benign Cystic Neck Mass (Case 01),data/curriculum_map_readiness_v0/lecture_timecoded_vector_docstore_STRICT_CYTO_v9.sample5000.jsonl
lectures,lecture::gcs_gs_pathology_hub_02_normalized_lectures_lecture_chunks::000000000_000000000_004474,Skin::Lectures::Derm_Lecture_35_vascular2::Histopathology_Slide_Presentation,Slide_,Benign Cystic Neck Mass (Case 01),data/curriculum_map_readiness_v0/lecture_timecoded_vector_docstore_STRICT_CYTO_v9.sample5000.jsonl
lectures,lecture::gcs_gs_pathology_hub_02_normalized_lectures_lecture_chunks::000000000_000000000_004475,Skin::Lectures::Derm_Lecture_35_vascular2::Microscopic_Image_of_Tissue_Sample,::Lectures::,Benign Cystic Neck Mass (Case 01),data/curriculum_map_readiness_v0/lecture_timecoded_vector_docstore_STRICT_CYTO_v9.sample5000.jsonl
lectures,lecture::gcs_gs_pathology_hub_02_normalized_lectures_lecture_chunks::000000000_000000000_004476,Skin::Lectures::Derm_Lecture_35_vascular2::Histology_of_a_Nodular_Skin_Lesion,::Lectures::,Benign Cystic Neck Mass (Case 01),data/curriculum_map_readiness_v0/lecture_timecoded_vector_docstore_STRICT_CYTO_v9.sample5000.jsonl
lectures,lecture::gcs_gs_pathology_hub_02_normalized_lectures_lecture_chunks::000000000_000000000_004477,Skin::Lectures::Derm_Lecture_35_vascular2::Histopathology_of_a_Highly_Vascular_Spindle_Cell_Neoplasm,::Lectures::,Benign Cystic Neck Mass (Case 01),data/curriculum_map_readiness_v0/lecture_timecoded_vector_docstore_STRICT_CYTO_v9.sample5000.jsonl
lectures,lecture::gcs_gs_pathology_hub_02_normalized_lectures_lecture_chunks::000000000_000000000_004478,Skin::Lectures::Derm_Lecture_35_vascular2::Histopathology_of_a_Highly_Vascular_and_Cellular_Lesion,::Lectures::,Benign Cystic Neck Mass (Case 01),data/curriculum_map_readiness_v0/lecture_timecoded_vector_docstore_STRICT_CYTO_v9.sample5000.jsonl
lectures,lecture::gcs_gs_pathology_hub_02_normalized_lectures_lecture_chunks::000000000_000000000_004480,Skin::Lectures::Derm_Lecture_35_vascular2::Histology_Micrograph_Dense_Cellular_Infiltrate_with_Eosinophils_and_Pleomorphic,::Lectures::,Benign Cystic Neck Mass (Case 01),data/curriculum_map_readiness_v0/lecture_timecoded_vector_docstore_STRICT_CYTO_v9.sample5000.jsonl
lectures,lecture::gcs_gs_pathology_hub_02_normalized_lectures_lecture_chunks::000000000_000000000_004483,Skin::Lectures::Derm_Lecture_35_vascular2::Immunohistochemistry_Analysis_of_a_Cellular_Lesion,::Lectures::,Benign Cystic Neck Mass (Case 01),data/curriculum_map_readiness_v0/lecture_timecoded_vector_docstore_STRICT_CYTO_v9.sample5000.jsonl
lectures,lecture::gcs_gs_pathology_hub_02_normalized_lectures_lecture_chunks::000000000_000000000_004484,Skin::Lectures::Derm_Lecture_35_vascular2::Plasma_cells,::Lectures::,Benign Cystic Neck Mass (Case 01),data/curriculum_map_readiness_v0/lecture_timecoded_vector_docstore_STRICT_CYTO_v9.sample5000.jsonl
lectures,lecture::gcs_gs_pathology_hub_02_normalized_lectures_lecture_chunks::000000000_000000000_004494,Skin::Lectures::Derm_Lecture_35_vascular2::Histopathology_of_Cellular_Infiltrate_with_Prominent_Eosinophils,::Lectures::,Benign Cystic Neck Mass (Case 01),data/curriculum_map_readiness_v0/lecture_timecoded_vector_docstore_STRICT_CYTO_v9.sample5000.jsonl
lectures,lecture::gcs_gs_pathology_hub_02_normalized_lectures_lecture_chunks::000000000_000000000_004495,Skin::Lectures::Derm_Lecture_35_vascular2::Title_not_visible,::Lectures::,Benign Cystic Neck Mass (Case 01),data/curriculum_map_readiness_v0/lecture_timecoded_vector_docstore_STRICT_CYTO_v9.sample5000.jsonl
lectures,lecture::gcs_gs_pathology_hub_02_normalized_lectures_lecture_chunks::000000000_000000000_004508,Skin::Lectures::Derm_Lecture_35_vascular2::Histology_of_Malignant_Epithelioid_Cells_Morphology_and_Differential_Diagnosis,::Lectures::,Benign Cystic Neck Mass (Case 01),data/curriculum_map_readiness_v0/lecture_timecoded_vector_docstore_STRICT_CYTO_v9.sample5000.jsonl
lectures,lecture::gcs_gs_pathology_hub_02_normalized_lectures_lecture_chunks::000000000_000000000_004511,Skin::Lectures::Derm_Lecture_35_vascular2::Histopathology_of_a_Subepidermal_Blistering_Disease,::Lectures::,Benign Cystic Neck Mass (Case 01),data/curriculum_map_readiness_v0/lecture_timecoded_vector_docstore_STRICT_CYTO_v9.sample5000.jsonl
lectures,lecture::gcs_gs_pathology_hub_02_normalized_lectures_lecture_chunks::000000000_000000000_004517,Skin::Lectures::Derm_Lecture_35_vascular2::Histopathology_Slide,::Lectures::,Benign Cystic Neck Mass (Case 01),data/curriculum_map_readiness_v0/lecture_timecoded_vector_docstore_STRICT_CYTO_v9.sample5000.jsonl
lectures,lecture::gcs_gs_pathology_hub_02_normalized_lectures_lecture_chunks::000000000_000000000_004518,Skin::Lectures::Derm_Lecture_35_vascular2::Histopathology_of_a_Signet_Ring_Cell,::Lectures::,Benign Cystic Neck Mass (Case 01),data/curriculum_map_readiness_v0/lecture_timecoded_vector_docstore_STRICT_CYTO_v9.sample5000.jsonl
lectures,lecture::gcs_gs_pathology_hub_02_normalized_lectures_lecture_chunks::000000000_000000000_004519,Skin::Lectures::Derm_Lecture_35_vascular2::Histopathology_Slide_Image,::Lectures::,Benign Cystic Neck Mass (Case 01),data/curriculum_map_readiness_v0/lecture_timecoded_vector_docstore_STRICT_CYTO_v9.sample5000.jsonl
lectures,lecture::gcs_gs_pathology_hub_02_normalized_lectures_lecture_chunks::000000000_000000000_004519,Skin::Lectures::Derm_Lecture_35_vascular2::Histopathology_Slide_Image,Slide_,Benign Cystic Neck Mass (Case 01),data/curriculum_map_readiness_v0/lecture_timecoded_vector_docstore_STRICT_CYTO_v9.sample5000.jsonl
lectures,lecture::gcs_gs_pathology_hub_02_normalized_lectures_lecture_chunks::000000000_000000000_004520,Skin::Lectures::Derm_Lecture_35_vascular2::Blister_cells,::Lectures::,Benign Cystic Neck Mass (Case 01),data/curriculum_map_readiness_v0/lecture_timecoded_vector_docstore_STRICT_CYTO_v9.sample5000.jsonl
lectures,lecture::gcs_gs_pathology_hub_02_normalized_lectures_lecture_chunks::000000000_000000000_004523,Skin::Lectures::Derm_Lecture_35_vascular2::Blister_cells,::Lectures::,Benign Cystic Neck Mass (Case 01),data/curriculum_map_readiness_v0/lecture_timecoded_vector_docstore_STRICT_CYTO_v9.sample5000.jsonl
lectures,lecture::gcs_gs_pathology_hub_02_normalized_lectures_lecture_chunks::000000000_000000000_004528,Skin::Lectures::Derm_Lecture_35_vascular2::Micrograph_of_Inflammatory_Cellular_Infiltrate_H_and_E_Stain,::Lectures::,Benign Cystic Neck Mass (Case 01),data/curriculum_map_readiness_v0/lecture_timecoded_vector_docstore_STRICT_CYTO_v9.sample5000.jsonl
lectures,lecture::gcs_gs_pathology_hub_02_normalized_lectures_lecture_chunks::000000000_000000000_004529,Skin::Lectures::Derm_Lecture_35_vascular2::Untitled_Slide_with_Histology_Micrograph,::Lectures::,Benign Cystic Neck Mass (Case 01),data/curriculum_map_readiness_v0/lecture_timecoded_vector_docstore_STRICT_CYTO_v9.sample5000.jsonl
lectures,lecture::gcs_gs_pathology_hub_02_normalized_lectures_lecture_chunks::000000000_000000000_004529,Skin::Lectures::Derm_Lecture_35_vascular2::Untitled_Slide_with_Histology_Micrograph,Slide_,Benign Cystic Neck Mass (Case 01),data/curriculum_map_readiness_v0/lecture_timecoded_vector_docstore_STRICT_CYTO_v9.sample5000.jsonl
lectures,lecture::gcs_gs_pathology_hub_02_normalized_lectures_lecture_chunks::000000000_000000000_004532,Skin::Lectures::Derm_Lecture_35_vascular2::Benign_Cystic_Neck_Mass_Case_01,::Lectures::,Benign Cystic Neck Mass (Case 01),data/curriculum_map_readiness_v0/lecture_timecoded_vector_docstore_STRICT_CYTO_v9.sample5000.jsonl
lectures,lecture::gcs_gs_pathology_hub_02_normalized_lectures_lecture_chunks::000000000_000000000_004533,Skin::Lectures::Derm_Lecture_35_vascular2::Virtual_Meeting_Participants,::Lectures::,Benign Cystic Neck Mass (Case 01),data/curriculum_map_readiness_v0/lecture_timecoded_vector_docstore_STRICT_CYTO_v9.sample5000.jsonl
lectures,lecture::gcs_gs_pathology_hub_02_normalized_lectures_lecture_chunks::000000000_000000000_004534,Skin::Lectures::Derm_Lecture_35_vascular2::Video_Conference_Call,::Lectures::,Benign Cystic Neck Mass (Case 01),data/curriculum_map_readiness_v0/lecture_timecoded_vector_docstore_STRICT_CYTO_v9.sample5000.jsonl
lectures,lecture::gcs_gs_pathology_hub_02_normalized_lectures_lecture_chunks::000000000_000000000_004535,Skin::Lectures::Derm_Lecture_35_vascular2::Virtual_Meeting_Participants,::Lectures::,Benign Cystic Neck Mass (Case 01),data/curriculum_map_readiness_v0/lecture_timecoded_vector_docstore_STRICT_CYTO_v9.sample5000.jsonl
lectures,lecture::gcs_gs_pathology_hub_02_normalized_lectures_lecture_chunks::000000000_000000000_004536,Skin::Lectures::Derm_Lecture_35_vascular2::Video_Conference_Participants,::Lectures::,Benign Cystic Neck Mass (Case 01),data/curriculum_map_readiness_v0/lecture_timecoded_vector_docstore_STRICT_CYTO_v9.sample5000.jsonl
lectures,lecture::gcs_gs_pathology_hub_02_normalized_lectures_lecture_chunks::000000000_000000000_004537,Skin::Lectures::Derm_Lecture_35_vascular2::Video_Conference_Call_Participants,::Lectures::,Benign Cystic Neck Mass (Case 01),data/curriculum_map_readiness_v0/lecture_timecoded_vector_docstore_STRICT_CYTO_v9.sample5000.jsonl
lectures,lecture::gcs_gs_pathology_hub_02_normalized_lectures_lecture_chunks::000000000_000000000_004538,Skin::Lectures::Derm_Lecture_35_vascular2::Aisling_Storey,::Lectures::,Benign Cystic Neck Mass (Case 01),data/curriculum_map_readiness_v0/lecture_timecoded_vector_docstore_STRICT_CYTO_v9.sample5000.jsonl
lectures,lecture::gcs_gs_pathology_hub_02_normalized_lectures_lecture_chunks::000000000_000000000_004672,Heme::Lectures::gcs_gs_pathology_hub_02_normalized_lectures_lecture_chunks::Benign_Cystic_Neck_Mass_Case_01,::Lectures::,Benign Cystic Neck Mass (Case 01),data/curriculum_map_readiness_v0/lecture_timecoded_vector_docstore_STRICT_CYTO_v9.sample5000.jsonl
lectures,lecture::gcs_gs_pathology_hub_02_normalized_lectures_lecture_chunks::000000000_000000000_004677,Heme::Lectures::gcs_gs_pathology_hub_02_normalized_lectures_lecture_chunks::Benign_Cystic_Neck_Mass_Case_01,::Lectures::,Benign Cystic Neck Mass (Case 01),data/curriculum_map_readiness_v0/lecture_timecoded_vector_docstore_STRICT_CYTO_v9.sample5000.jsonl
lectures,lecture::gcs_gs_pathology_hub_02_normalized_lectures_lecture_chunks::000000000_000000000_004683,Skin::Lectures::Derm_Lecture_37_vascular1::Benign_Cystic_Neck_Mass_Case_01,::Lectures::,Benign Cystic Neck Mass (Case 01),data/curriculum_map_readiness_v0/lecture_timecoded_vector_docstore_STRICT_CYTO_v9.sample5000.jsonl
lectures,lecture::gcs_gs_pathology_hub_02_normalized_lectures_lecture_chunks::000000000_000000000_004685,Skin::Lectures::Derm_Lecture_37_vascular1::Classes_of_vasculature,::Lectures::,Benign Cystic Neck Mass (Case 01),data/curriculum_map_readiness_v0/lecture_timecoded_vector_docstore_STRICT_CYTO_v9.sample5000.jsonl
lectures,lecture::gcs_gs_pathology_hub_02_normalized_lectures_lecture_chunks::000000000_000000000_004686,Skin::Lectures::Derm_Lecture_37_vascular1::Comparison_of_Artery_Vein_and_Capillary_Structures,::Lectures::,Benign Cystic Neck Mass (Case 01),data/curriculum_map_readiness_v0/lecture_timecoded_vector_docstore_STRICT_CYTO_v9.sample5000.jsonl
lectures,lecture::gcs_gs_pathology_hub_02_normalized_lectures_lecture_chunks::000000000_000000000_004687,Skin::Lectures::Derm_Lecture_37_vascular1::Benign_Cystic_Neck_Mass_Case_01,::Lectures::,Benign Cystic Neck Mass (Case 01),data/curriculum_map_readiness_v0/lecture_timecoded_vector_docstore_STRICT_CYTO_v9.sample5000.jsonl
lectures,lecture::gcs_gs_pathology_hub_02_normalized_lectures_lecture_chunks::000000000_000000000_004689,Skin::Lectures::Derm_Lecture_37_vascular1::Histology_of_a_Lymphatic_Vessel,::Lectures::,Benign Cystic Neck Mass (Case 01),data/curriculum_map_readiness_v0/lecture_timecoded_vector_docstore_STRICT_CYTO_v9.sample5000.jsonl
lectures,lecture::gcs_gs_pathology_hub_02_normalized_lectures_lecture_chunks::000000000_000000000_004691,Skin::Lectures::Derm_Lecture_37_vascular1::Immunohistochemistry,::Lectures::,Benign Cystic Neck Mass (Case 01),data/curriculum_map_readiness_v0/lecture_timecoded_vector_docstore_STRICT_CYTO_v9.sample5000.jsonl
lectures,lecture::gcs_gs_pathology_hub_02_normalized_lectures_lecture_chunks::000000000_000000000_004693,Skin::Lectures::Derm_Lecture_37_vascular1::No_Title,::Lectures::,Benign Cystic Neck Mass (Case 01),data/curriculum_map_readiness_v0/lecture_timecoded_vector_docstore_STRICT_CYTO_v9.sample5000.jsonl
lectures,lecture::gcs_gs_pathology_hub_02_normalized_lectures_lecture_chunks::000000000_000000000_004695,Skin::Lectures::Derm_Lecture_37_vascular1::Histopathology_Slide_Presented_in_a_Virtual_Meeting,::Lectures::,Benign Cystic Neck Mass (Case 01),data/curriculum_map_readiness_v0/lecture_timecoded_vector_docstore_STRICT_CYTO_v9.sample5000.jsonl
lectures,lecture::gcs_gs_pathology_hub_02_normalized_lectures_lecture_chunks::000000000_000000000_004695,Skin::Lectures::Derm_Lecture_37_vascular1::Histopathology_Slide_Presented_in_a_Virtual_Meeting,Slide_,Benign Cystic Neck Mass (Case 01),data/curriculum_map_readiness_v0/lecture_timecoded_vector_docstore_STRICT_CYTO_v9.sample5000.jsonl
lectures,lecture::gcs_gs_pathology_hub_02_normalized_lectures_lecture_chunks::000000000_000000000_004698,Skin::Lectures::Derm_Lecture_37_vascular1::Histopathology_of_a_Skin_Lesion_in_a_Virtual_Presentation,::Lectures::,Benign Cystic Neck Mass (Case 01),data/curriculum_map_readiness_v0/lecture_timecoded_vector_docstore_STRICT_CYTO_v9.sample5000.jsonl
lectures,lecture::gcs_gs_pathology_hub_02_normalized_lectures_lecture_chunks::000000000_000000000_004699,Skin::Lectures::Derm_Lecture_37_vascular1::Benign_Cystic_Neck_Mass_Case_01,::Lectures::,Benign Cystic Neck Mass (Case 01),data/curriculum_map_readiness_v0/lecture_timecoded_vector_docstore_STRICT_CYTO_v9.sample5000.jsonl
lectures,lecture::gcs_gs_pathology_hub_02_normalized_lectures_lecture_chunks::000000000_000000000_004705,Skin::Lectures::Derm_Lecture_37_vascular1::Clinical_Photograph_of_a_Lesion_on_the_Lower_Lip,::Lectures::,Benign Cystic Neck Mass (Case 01),data/curriculum_map_readiness_v0/lecture_timecoded_vector_docstore_STRICT_CYTO_v9.sample5000.jsonl
lectures,lecture::gcs_gs_pathology_hub_02_normalized_lectures_lecture_chunks::000000000_000000000_004706,Skin::Lectures::Derm_Lecture_37_vascular1::Histopathology_of_a_Subepidermal_Hemorrhagic_Lesion,::Lectures::,Benign Cystic Neck Mass (Case 01),data/curriculum_map_readiness_v0/lecture_timecoded_vector_docstore_STRICT_CYTO_v9.sample5000.jsonl
lectures,lecture::gcs_gs_pathology_hub_02_normalized_lectures_lecture_chunks::000000000_000000000_004707,Skin::Lectures::Derm_Lecture_37_vascular1::Histology_of_a_Well_Circumscribed_Pigmented_Nodule,::Lectures::,Benign Cystic Neck Mass (Case 01),data/curriculum_map_readiness_v0/lecture_timecoded_vector_docstore_STRICT_CYTO_v9.sample5000.jsonl
lectures,lecture::gcs_gs_pathology_hub_02_normalized_lectures_lecture_chunks::000000000_000000000_004708,Skin::Lectures::Derm_Lecture_37_vascular1::Histopathology_of_a_Thrombosed_Dermal_Vessel,::Lectures::,Benign Cystic Neck Mass (Case 01),data/curriculum_map_readiness_v0/lecture_timecoded_vector_docstore_STRICT_CYTO_v9.sample5000.jsonl
lectures,lecture::gcs_gs_pathology_hub_02_normalized_lectures_lecture_chunks::000000000_000000000_004714,Skin::Lectures::Derm_Lecture_37_vascular1::Histology_of_Human_Skin,::Lectures::,Benign Cystic Neck Mass (Case 01),data/curriculum_map_readiness_v0/lecture_timecoded_vector_docstore_STRICT_CYTO_v9.sample5000.jsonl
lectures,lecture::gcs_gs_pathology_hub_02_normalized_lectures_lecture_chunks::000000000_000000000_004716,Skin::Lectures::Derm_Lecture_37_vascular1::Clinical_Image_of_a_Skin_Condition,::Lectures::,Benign Cystic Neck Mass (Case 01),data/curriculum_map_readiness_v0/lecture_timecoded_vector_docstore_STRICT_CYTO_v9.sample5000.jsonl
lectures,lecture::gcs_gs_pathology_hub_02_normalized_lectures_lecture_chunks::000000000_000000000_004717,Skin::Lectures::Derm_Lecture_37_vascular1::Histopathology_Slide_of_a_Skin_Lesion,::Lectures::,Benign Cystic Neck Mass (Case 01),data/curriculum_map_readiness_v0/lecture_timecoded_vector_docstore_STRICT_CYTO_v9.sample5000.jsonl
lectures,lecture::gcs_gs_pathology_hub_02_normalized_lectures_lecture_chunks::000000000_000000000_004717,Skin::Lectures::Derm_Lecture_37_vascular1::Histopathology_Slide_of_a_Skin_Lesion,Slide_,Benign Cystic Neck Mass (Case 01),data/curriculum_map_readiness_v0/lecture_timecoded_vector_docstore_STRICT_CYTO_v9.sample5000.jsonl
lectures,lecture::gcs_gs_pathology_hub_02_normalized_lectures_lecture_chunks::000000000_000000000_004718,Skin::Lectures::Derm_Lecture_37_vascular1::Hemorrhagic_Bulla_Histology,::Lectures::,Benign Cystic Neck Mass (Case 01),data/curriculum_map_readiness_v0/lecture_timecoded_vector_docstore_STRICT_CYTO_v9.sample5000.jsonl
lectures,lecture::gcs_gs_pathology_hub_02_normalized_lectures_lecture_chunks::000000000_000000000_004719,Skin::Lectures::Derm_Lecture_37_vascular1::Benign_Cystic_Neck_Mass_Case_01,::Lectures::,Benign Cystic Neck Mass (Case 01),data/curriculum_map_readiness_v0/lecture_timecoded_vector_docstore_STRICT_CYTO_v9.sample5000.jsonl
lectures,lecture::gcs_gs_pathology_hub_02_normalized_lectures_lecture_chunks::000000000_000000000_004721,Skin::Lectures::Derm_Lecture_37_vascular1::Image_of_a_Skin_Lesion,::Lectures::,Benign Cystic Neck Mass (Case 01),data/curriculum_map_readiness_v0/lecture_timecoded_vector_docstore_STRICT_CYTO_v9.sample5000.jsonl
lectures,lecture::gcs_gs_pathology_hub_02_normalized_lectures_lecture_chunks::000000000_000000000_004722,Skin::Lectures::Derm_Lecture_37_vascular1::Histopathology_of_a_Subepidermal_Blistering_Disease,::Lectures::,Benign Cystic Neck Mass (Case 01),data/curriculum_map_readiness_v0/lecture_timecoded_vector_docstore_STRICT_CYTO_v9.sample5000.jsonl
lectures,lecture::gcs_gs_pathology_hub_02_normalized_lectures_lecture_chunks::000000000_000000000_004726,Skin::Lectures::Derm_Lecture_37_vascular1::Clinical_Presentation_of_Multiple_Cutaneous_Nodules,::Lectures::,Benign Cystic Neck Mass (Case 01),data/curriculum_map_readiness_v0/lecture_timecoded_vector_docstore_STRICT_CYTO_v9.sample5000.jsonl
lectures,lecture::gcs_gs_pathology_hub_02_normalized_lectures_lecture_chunks::000000000_000000000_004727,Skin::Lectures::Derm_Lecture_37_vascular1::Histopathology_of_a_Malignant_Tumor_with_Dense_Inflammatory_Infiltrate,::Lectures::,Benign Cystic Neck Mass (Case 01),data/curriculum_map_readiness_v0/lecture_timecoded_vector_docstore_STRICT_CYTO_v9.sample5000.jsonl
lectures,lecture::gcs_gs_pathology_hub_02_normalized_lectures_lecture_chunks::000000000_000000000_004731,Skin::Lectures::Derm_Lecture_37_vascular1::Low_Magnification_Histopathology_of_a_Polypoid_Lesion,::Lectures::,Benign Cystic Neck Mass (Case 01),data/curriculum_map_readiness_v0/lecture_timecoded_vector_docstore_STRICT_CYTO_v9.sample5000.jsonl
lectures,lecture::gcs_gs_pathology_hub_02_normalized_lectures_lecture_chunks::000000000_000000000_004733,Skin::Lectures::Derm_Lecture_37_vascular1::Histopathology_of_a_Dermal_Neoplasm,::Lectures::,Benign Cystic Neck Mass (Case 01),data/curriculum_map_readiness_v0/lecture_timecoded_vector_docstore_STRICT_CYTO_v9.sample5000.jsonl
lectures,lecture::gcs_gs_pathology_hub_02_normalized_lectures_lecture_chunks::000000000_000000000_004736,Skin::Lectures::Derm_Lecture_37_vascular1::Clinical_Image_of_a_Skin_Lesion_on_a_Hand,::Lectures::,Benign Cystic Neck Mass (Case 01),data/curriculum_map_readiness_v0/lecture_timecoded_vector_docstore_STRICT_CYTO_v9.sample5000.jsonl
lectures,lecture::gcs_gs_pathology_hub_02_normalized_lectures_lecture_chunks::000000000_000000000_004737,Skin::Lectures::Derm_Lecture_37_vascular1::Histopathology_Image_of_a_Tissue_Section,::Lectures::,Benign Cystic Neck Mass (Case 01),data/curriculum_map_readiness_v0/lecture_timecoded_vector_docstore_STRICT_CYTO_v9.sample5000.jsonl
lectures,lecture::gcs_gs_pathology_hub_02_normalized_lectures_lecture_chunks::000000000_000000000_004738,Skin::Lectures::Derm_Lecture_37_vascular1::Histology_Slide_Shared_During_a_Virtual_Meeting,::Lectures::,Benign Cystic Neck Mass (Case 01),data/curriculum_map_readiness_v0/lecture_timecoded_vector_docstore_STRICT_CYTO_v9.sample5000.jsonl
lectures,lecture::gcs_gs_pathology_hub_02_normalized_lectures_lecture_chunks::000000000_000000000_004738,Skin::Lectures::Derm_Lecture_37_vascular1::Histology_Slide_Shared_During_a_Virtual_Meeting,Slide_,Benign Cystic Neck Mass (Case 01),data/curriculum_map_readiness_v0/lecture_timecoded_vector_docstore_STRICT_CYTO_v9.sample5000.jsonl
lectures,lecture::gcs_gs_pathology_hub_02_normalized_lectures_lecture_chunks::000000000_000000000_004739,Skin::Lectures::Derm_Lecture_37_vascular1::Histopathology_of_a_High_Grade_Pleomorphic_Malignancy,::Lectures::,Benign Cystic Neck Mass (Case 01),data/curriculum_map_readiness_v0/lecture_timecoded_vector_docstore_STRICT_CYTO_v9.sample5000.jsonl
lectures,lecture::gcs_gs_pathology_hub_02_normalized_lectures_lecture_chunks::000000000_000000000_004743,Skin::Lectures::Derm_Lecture_37_vascular1::Low_Power_Histology_of_a_Large_Dermal_Based_Cellular_Neoplasm,::Lectures::,Benign Cystic Neck Mass (Case 01),data/curriculum_map_readiness_v0/lecture_timecoded_vector_docstore_STRICT_CYTO_v9.sample5000.jsonl
lectures,lecture::gcs_gs_pathology_hub_02_normalized_lectures_lecture_chunks::000000000_000000000_004744,Skin::Lectures::Derm_Lecture_37_vascular1::Histopathology_of_a_Glandular_Neoplasm,::Lectures::,Benign Cystic Neck Mass (Case 01),data/curriculum_map_readiness_v0/lecture_timecoded_vector_docstore_STRICT_CYTO_v9.sample5000.jsonl
lectures,lecture::gcs_gs_pathology_hub_02_normalized_lectures_lecture_chunks::000000000_000000000_004747,Skin::Lectures::Derm_Lecture_37_vascular1::Image_of_a_Skin_Condition_with_Multiple_Red_Lesions,::Lectures::,Benign Cystic Neck Mass (Case 01),data/curriculum_map_readiness_v0/lecture_timecoded_vector_docstore_STRICT_CYTO_v9.sample5000.jsonl
lectures,lecture::gcs_gs_pathology_hub_02_normalized_lectures_lecture_chunks::000000000_000000000_004752,Skin::Lectures::Derm_Lecture_37_vascular1::Infiltrating_Carcinoma_with_Desmoplastic_Stroma,::Lectures::,Benign Cystic Neck Mass (Case 01),data/curriculum_map_readiness_v0/lecture_timecoded_vector_docstore_STRICT_CYTO_v9.sample5000.jsonl
lectures,lecture::gcs_gs_pathology_hub_02_normalized_lectures_lecture_chunks::000000000_000000000_004754,Skin::Lectures::Derm_Lecture_37_vascular1::Histopathology_of_an_Invasive_Carcinoma,::Lectures::,Benign Cystic Neck Mass (Case 01),data/curriculum_map_readiness_v0/lecture_timecoded_vector_docstore_STRICT_CYTO_v9.sample5000.jsonl
lectures,lecture::gcs_gs_pathology_hub_02_normalized_lectures_lecture_chunks::000000000_000000000_004759,Skin::Lectures::Derm_Lecture_37_vascular1::Sinusoidal,::Lectures::,Benign Cystic Neck Mass (Case 01),data/curriculum_map_readiness_v0/lecture_timecoded_vector_docstore_STRICT_CYTO_v9.sample5000.jsonl
lectures,lecture::gcs_gs_pathology_hub_02_normalized_lectures_lecture_chunks::000000000_000000000_004760,Skin::Lectures::Derm_Lecture_37_vascular1::Histopathology_of_Lung_Tissue,::Lectures::,Benign Cystic Neck Mass (Case 01),data/curriculum_map_readiness_v0/lecture_timecoded_vector_docstore_STRICT_CYTO_v9.sample5000.jsonl
lectures,lecture::gcs_gs_pathology_hub_02_normalized_lectures_lecture_chunks::000000000_000000000_004762,Skin::Lectures::Derm_Lecture_37_vascular1::Benign_Cystic_Neck_Mass_Case_01,::Lectures::,Benign Cystic Neck Mass (Case 01),data/curriculum_map_readiness_v0/lecture_timecoded_vector_docstore_STRICT_CYTO_v9.sample5000.jsonl
lectures,lecture::gcs_gs_pathology_hub_02_normalized_lectures_lecture_chunks::000000000_000000000_004765,Skin::Lectures::Derm_Lecture_37_vascular1::Dermatological_Condition_of_a_Foot_Presented_in_a_Video_Conference,::Lectures::,Benign Cystic Neck Mass (Case 01),data/curriculum_map_readiness_v0/lecture_timecoded_vector_docstore_STRICT_CYTO_v9.sample5000.jsonl
lectures,lecture::gcs_gs_pathology_hub_02_normalized_lectures_lecture_chunks::000000000_000000000_004766,Skin::Lectures::Derm_Lecture_37_vascular1::Histopathology_of_Hydropic_Chorionic_Villi_Suggestive_of_Molar_Pregnancy,::Lectures::,Benign Cystic Neck Mass (Case 01),data/curriculum_map_readiness_v0/lecture_timecoded_vector_docstore_STRICT_CYTO_v9.sample5000.jsonl
lectures,lecture::gcs_gs_pathology_hub_02_normalized_lectures_lecture_chunks::000000000_000000000_004768,Skin::Lectures::Derm_Lecture_37_vascular1::Histopathology_Slide_of_Placental_Tissue_in_a_Virtual_Presentation,::Lectures::,Benign Cystic Neck Mass (Case 01),data/curriculum_map_readiness_v0/lecture_timecoded_vector_docstore_STRICT_CYTO_v9.sample5000.jsonl
lectures,lecture::gcs_gs_pathology_hub_02_normalized_lectures_lecture_chunks::000000000_000000000_004768,Skin::Lectures::Derm_Lecture_37_vascular1::Histopathology_Slide_of_Placental_Tissue_in_a_Virtual_Presentation,Slide_,Benign Cystic Neck Mass (Case 01),data/curriculum_map_readiness_v0/lecture_timecoded_vector_docstore_STRICT_CYTO_v9.sample5000.jsonl
lectures,lecture::gcs_gs_pathology_hub_02_normalized_lectures_lecture_chunks::000000000_000000000_004769,Skin::Lectures::Derm_Lecture_37_vascular1::PAS,::Lectures::,Benign Cystic Neck Mass (Case 01),data/curriculum_map_readiness_v0/lecture_timecoded_vector_docstore_STRICT_CYTO_v9.sample5000.jsonl
lectures,lecture::gcs_gs_pathology_hub_02_normalized_lectures_lecture_chunks::000000000_000000000_004770,Skin::Lectures::Derm_Lecture_37_vascular1::Histology_of_a_Renal_Glomerulus,::Lectures::,Benign Cystic Neck Mass (Case 01),data/curriculum_map_readiness_v0/lecture_timecoded_vector_docstore_STRICT_CYTO_v9.sample5000.jsonl
lectures,lecture::gcs_gs_pathology_hub_02_normalized_lectures_lecture_chunks::000000000_000000000_004771,Skin::Lectures::Derm_Lecture_37_vascular1::Histology_of_a_Nodular_Skin_Lesion,::Lectures::,Benign Cystic Neck Mass (Case 01),data/curriculum_map_readiness_v0/lecture_timecoded_vector_docstore_STRICT_CYTO_v9.sample5000.jsonl
lectures,lecture::gcs_gs_pathology_hub_02_normalized_lectures_lecture_chunks::000000000_000000000_004772,Skin::Lectures::Derm_Lecture_37_vascular1::Anatomy_of_the_Renal_Glomerulus,::Lectures::,Benign Cystic Neck Mass (Case 01),data/curriculum_map_readiness_v0/lecture_timecoded_vector_docstore_STRICT_CYTO_v9.sample5000.jsonl
lectures,lecture::gcs_gs_pathology_hub_02_normalized_lectures_lecture_chunks::000000000_000000000_004774,Skin::Lectures::Derm_Lecture_37_vascular1::Osteosarcoma,::Lectures::,Benign Cystic Neck Mass (Case 01),data/curriculum_map_readiness_v0/lecture_timecoded_vector_docstore_STRICT_CYTO_v9.sample5000.jsonl
lectures,lecture::gcs_gs_pathology_hub_02_normalized_lectures_lecture_chunks::000000000_000000000_004777,Skin::Lectures::Derm_Lecture_37_vascular1::High_Power_View_of_a_Malignant_Neoplasm,::Lectures::,Benign Cystic Neck Mass (Case 01),data/curriculum_map_readiness_v0/lecture_timecoded_vector_docstore_STRICT_CYTO_v9.sample5000.jsonl
lectures,lecture::gcs_gs_pathology_hub_02_normalized_lectures_lecture_chunks::000000000_000000000_004779,Skin::Lectures::Derm_Lecture_37_vascular1::Histopathology_of_a_Skin_Lesion,::Lectures::,Benign Cystic Neck Mass (Case 01),data/curriculum_map_readiness_v0/lecture_timecoded_vector_docstore_STRICT_CYTO_v9.sample5000.jsonl
lectures,lecture::gcs_gs_pathology_hub_02_normalized_lectures_lecture_chunks::000000000_000000000_004780,Skin::Lectures::Derm_Lecture_37_vascular1::Histopathology_of_Cellular_Fibrous_Tissue,::Lectures::,Benign Cystic Neck Mass (Case 01),data/curriculum_map_readiness_v0/lecture_timecoded_vector_docstore_STRICT_CYTO_v9.sample5000.jsonl
lectures,lecture::gcs_gs_pathology_hub_02_normalized_lectures_lecture_chunks::000000000_000000000_004901,Heme::Lectures::gcs_gs_pathology_hub_02_normalized_lectures_lecture_chunks::Benign_Cystic_Neck_Mass_Case_01,::Lectures::,Benign Cystic Neck Mass (Case 01),data/curriculum_map_readiness_v0/lecture_timecoded_vector_docstore_STRICT_CYTO_v9.sample5000.jsonl
lectures,lecture::gcs_gs_pathology_hub_02_normalized_lectures_lecture_chunks::000000000_000000000_004906,Heme::Lectures::gcs_gs_pathology_hub_02_normalized_lectures_lecture_chunks::Benign_Cystic_Neck_Mass_Case_01,::Lectures::,Benign Cystic Neck Mass (Case 01),data/curriculum_map_readiness_v0/lecture_timecoded_vector_docstore_STRICT_CYTO_v9.sample5000.jsonl
