tag,count,review_reason
BST::Bone::Chondrogenic::Benign::Bizarre_Parosteal_Osteochondromatous_Proliferation,1,singleton_or_local_review
BST::Bone::Chondrogenic::Benign::Chondroblastoma,1,singleton_or_local_review
BST::Bone::Chondrogenic::Benign::Chondromyxoid_Fibroma,1,singleton_or_local_review
BST::Bone::Chondrogenic::Benign::Enchondroma,1,singleton_or_local_review
BST::Bone::Chondrogenic::Benign::Osteochondroma,1,singleton_or_local_review
BST::Bone::Chondrogenic::Benign::Osteochondromyxoma,1,singleton_or_local_review
BST::Bone::Chondrogenic::Benign::Periosteal_Chondroma,1,singleton_or_local_review
BST::Bone::Chondrogenic::Benign::Subungual_Exostosis,1,singleton_or_local_review
BST::Bone::Chondrogenic::Intermediate::Atypical_Cartilaginous_Tumor,1,singleton_or_local_review
BST::Bone::Chondrogenic::Malignant::Chondrosarcoma_Dedifferentiated,1,singleton_or_local_review
BST::Bone::Concept::Classification::WHO_Classification,1,singleton_or_local_review
BST::Bone::Concept::Grading::Grading,1,singleton_or_local_review
BST::Bone::Concept::Management_Workup::Fibrodysplasia_Ossificans_Progressiva,1,singleton_or_local_review
BST::Bone::Concept::Molecular_Genetics::Neurofibroma_General,1,singleton_or_local_review
BST::Bone::Concept::Molecular_Genetics::Osteogenesis_Imperfecta,1,singleton_or_local_review
BST::Bone::Concept::Other::Morel_Lavallee_Lesions,1,singleton_or_local_review
BST::Bone::Concept::Procedure_Specimen::Biopsy,1,singleton_or_local_review
BST::Bone::Concept::Reporting_Grossing::Grossing_Frozen_Section_And_Features_To_Report,1,singleton_or_local_review
BST::Bone::Concept::Reporting_Grossing::Infarct,1,singleton_or_local_review
BST::Bone::Concept::Staging::Staging,1,singleton_or_local_review
BST::Bone::Congenital_Structural::Cyst::Aneurysmal_Bone_Cyst,1,singleton_or_local_review
BST::Bone::Congenital_Structural::Cyst::Epidermoid_Inclusion_Cyst,1,singleton_or_local_review
BST::Bone::Congenital_Structural::Verrucous_Venous_Malformation,1,singleton_or_local_review
BST::Bone::Depositional_Metabolic::Deposition::Crystal_Deposition_Diseases,1,singleton_or_local_review
BST::Bone::Depositional_Metabolic::Metabolic::Brown_Tumor,1,singleton_or_local_review
BST::Bone::Depositional_Metabolic::Storage_Disease::Gaucher_Disease,1,singleton_or_local_review
BST::Bone::Fibrogenic::Benign::Desmoplastic_Fibroma,1,singleton_or_local_review
BST::Bone::Fibrogenic::Benign::Non_Ossifying_Fibroma,1,singleton_or_local_review
BST::Bone::Hematolymphoid::Intermediate::Erdheim_Chester_Disease,1,singleton_or_local_review
BST::Bone::Hematolymphoid::Intermediate::Langerhans_Cell_Histiocytosis,1,singleton_or_local_review
BST::Bone::Infectious::Other_Infections,1,singleton_or_local_review
BST::Bone::Inflammatory::Osteochondritis_Dissecans,1,singleton_or_local_review
BST::Bone::Neoplastic::Benign::Subconjunctival_Herniated_Orbital_Fat,1,singleton_or_local_review
BST::Bone::Neoplastic::GLI1_Altered_Soft_Tissue_Tumors,1,singleton_or_local_review
BST::Bone::Neoplastic::Keratin_Positive_Giant_Cell_Rich_Tumor,1,singleton_or_local_review
BST::Bone::Neoplastic::Liposclerosing_Myxofibrous_Tumor,1,singleton_or_local_review
BST::Bone::Neoplastic::Lymphangioendothelioma,1,singleton_or_local_review
BST::Bone::Neoplastic::Malignant::Carcinosarcoma,1,singleton_or_local_review
BST::Bone::Neoplastic::Malignant::Gliosarcoma,1,singleton_or_local_review
BST::Bone::Neoplastic::Malignant::Hematoma,1,singleton_or_local_review
BST::Bone::Neoplastic::Malignant::Osteocartilaginous_Loose_Bodies,1,singleton_or_local_review
BST::Bone::Neoplastic::Malignant::Primary_Intracranial_Sarcoma_DICER1_Mutant,1,singleton_or_local_review
BST::Bone::Neoplastic::Malignant::Rhabdomyosarcoma_Orbit,1,singleton_or_local_review
BST::Bone::Neoplastic::Malignant::Staging_Orbital_Sarcoma,1,singleton_or_local_review
BST::Bone::Neoplastic::Malignant::Therapy_Related_B_ALL,1,singleton_or_local_review
BST::Bone::Neoplastic::Neuroma,1,singleton_or_local_review
BST::Bone::Neoplastic::Ossifying_Spindled_And_Epithelioid_Tumor_Oset,1,singleton_or_local_review
BST::Bone::Neoplastic::Perinephric_Myxoid_Pseudotumor_Of_Fat,1,singleton_or_local_review
BST::Bone::Neoplastic::Precursor::Mazabraud_Syndrome,1,singleton_or_local_review
BST::Bone::Neoplastic::Precursor::Skeletal_Dysplasias,1,singleton_or_local_review
BST::Bone::Neoplastic::Staging_GIST,1,singleton_or_local_review
BST::Bone::Neoplastic::Syndromes,1,singleton_or_local_review
BST::Bone::Neoplastic::WHO_Classification_Gi_Mesenchymal_Tumors,1,singleton_or_local_review
BST::Bone::Normal_Histology::Anatomy_Bone_And_Joints,1,singleton_or_local_review
BST::Bone::Normal_Histology::Bone_Formation_And_Growth,1,singleton_or_local_review
BST::Bone::Normal_Histology::Histology_Blood_Vessels,1,singleton_or_local_review
BST::Bone::Normal_Histology::Histology_Bone,1,singleton_or_local_review
BST::Bone::Normal_Histology::Histology_Fibrous_Tissue_And_Nerve,1,singleton_or_local_review
BST::Bone::Normal_Histology::Histology_Skeletal_Muscle,1,singleton_or_local_review
BST::Bone::Normal_Histology::Histology_Smooth_Muscle,1,singleton_or_local_review
BST::Bone::Notochordal::Benign::Benign_Notochordal_Cell_Tumor,1,singleton_or_local_review
BST::Bone::Notochordal::Malignant::Chordoma_Conventional,1,singleton_or_local_review
BST::Bone::Osteogenic::Benign::Bone_Island_Enostosis,1,singleton_or_local_review
BST::Bone::Osteogenic::Benign::Osteoblastoma,1,singleton_or_local_review
BST::Bone::Osteogenic::Benign::Osteoid_Osteoma,1,singleton_or_local_review
BST::Bone::Osteogenic::Benign::Osteoma,1,singleton_or_local_review
BST::Bone::Osteogenic::Malignant::Osteosarcoma_Conventional,1,singleton_or_local_review
BST::Bone::Osteogenic::Malignant::Osteosarcoma_High_Grade_Surface,1,singleton_or_local_review
BST::Bone::Osteogenic::Malignant::Osteosarcoma_Low_Grade_Central,1,singleton_or_local_review
BST::Bone::Osteogenic::Malignant::Osteosarcoma_Parosteal,1,singleton_or_local_review
BST::Bone::Osteogenic::Malignant::Osteosarcoma_Periosteal,1,singleton_or_local_review
BST::Bone::Osteogenic::Malignant::Osteosarcoma_Secondary,1,singleton_or_local_review
BST::Bone::Other::Benign::Fibrous_Dysplasia,1,singleton_or_local_review
BST::Bone::Other::Benign::Osteofibrous_Dysplasia,1,singleton_or_local_review
BST::Bone::Other::Intermediate::Adamantinoma_Classic,1,singleton_or_local_review
BST::Bone::Other::Malignant::Undifferentiated_Pleomorphic_Sarcoma_Bone,1,singleton_or_local_review
BST::Bone::Other_Mesenchymal::Bone_Metastases,1,singleton_or_local_review
BST::Bone::Reactive::Infectious::Osteomyelitis_Acute,1,singleton_or_local_review
BST::Bone::Reactive::Infectious::Osteomyelitis_Chronic,1,singleton_or_local_review
BST::Bone::Reactive::Metabolic::Osteopetrosis,1,singleton_or_local_review
BST::Bone::Reactive::Metabolic::Osteoporosis,1,singleton_or_local_review
BST::Bone::Reactive::Metabolic::Paget_Disease,1,singleton_or_local_review
BST::Bone::Reactive::Metabolic::Rickets_Osteomalacia,1,singleton_or_local_review
BST::Bone::Reactive::Structural::Fracture_Callus,1,singleton_or_local_review
BST::Bone::Reactive::Structural::Osteonecrosis_Avascular_Necrosis,1,singleton_or_local_review
BST::Bone::Vascular::Benign::Hemangioma_Of_Bone,1,singleton_or_local_review
BST::Joint::Concept::Classification::Synovial_And_Tenosynovial_Chondromatosis,1,singleton_or_local_review
BST::Other::Concept::Classification::WHO_Classification,1,singleton_or_local_review
BST::Other::Concept::Molecular_Genetics::Soft_Tissue_And_Bone_Molecular,1,singleton_or_local_review
BST::Other::Concept::Staging::Staging,1,singleton_or_local_review
BST::Other::Concept::Staging::Staging_Softtissuestagingabdomen,1,singleton_or_local_review
BST::Other::Concept::Staging::Staging_Softtissuestagingheadneck,1,singleton_or_local_review
BST::Other::Concept::Staging::Staging_Softtissuestagingretroperitoneum,1,singleton_or_local_review
BST::Other::Concept::Staging::Staging_Softtissuestagingtrunkextremities,1,singleton_or_local_review
BST::Other::Concept::Staging::Staging_Softtissuestagingunusual,1,singleton_or_local_review
BST::Other::Inflammatory::Pseudotumor_Funiculitis,1,singleton_or_local_review
BST::Other::Inflammatory::Tuberculous_Osteomyelitis,1,singleton_or_local_review
BST::Other::Neoplastic::Benign::Xanthoma,1,singleton_or_local_review
BST::Other::Neoplastic::Hemangioma_And_Variants,1,singleton_or_local_review
BST::Other::Neoplastic::Malignant::Sarcomatoid,1,singleton_or_local_review
BST::Other::Normal_Histology::Cartilaginous_Rest,1,singleton_or_local_review
BST::Round_Cell_Sarcomas::Sarcoma_with_BCOR_Genetic_Alterations,1,singleton_or_local_review
BST::Soft_Tissue::Adipocytic::Benign::Angiolipoma,1,singleton_or_local_review
BST::Soft_Tissue::Adipocytic::Benign::Hibernoma,1,singleton_or_local_review
BST::Soft_Tissue::Adipocytic::Benign::Lipoblastoma_Lipoblastomatosis,1,singleton_or_local_review
BST::Soft_Tissue::Adipocytic::Benign::Lipoma_Chondroid,1,singleton_or_local_review
BST::Soft_Tissue::Adipocytic::Benign::Lipoma_Conventional,1,singleton_or_local_review
BST::Soft_Tissue::Adipocytic::Benign::Lipoma_Spindle_Cell_Pleomorphic,1,singleton_or_local_review
BST::Soft_Tissue::Adipocytic::Benign::Lipomatosis_Of_Nerve,1,singleton_or_local_review
BST::Soft_Tissue::Adipocytic::Benign::Myolipoma_Of_Soft_Tissue,1,singleton_or_local_review
BST::Soft_Tissue::Adipocytic::Intermediate::Atypical_Lipomatous_Tumor_Well_Differentiated_Liposarcoma,1,singleton_or_local_review
BST::Soft_Tissue::Adipocytic::Intermediate::Atypical_Spindle_Cell_Pleomorphic_Lipomatous_Tumor,1,singleton_or_local_review
BST::Soft_Tissue::Adipocytic::Lipomatosis,1,singleton_or_local_review
BST::Soft_Tissue::Adipocytic::Malignant::Dedifferentiated_Liposarcoma,1,singleton_or_local_review
BST::Soft_Tissue::Adipocytic::Malignant::Myxoid_Liposarcoma,1,singleton_or_local_review
BST::Soft_Tissue::Adipocytic::Malignant::Myxoid_Pleomorphic_Liposarcoma,1,singleton_or_local_review
BST::Soft_Tissue::Adipocytic::Malignant::Pleomorphic_Liposarcoma,1,singleton_or_local_review
BST::Soft_Tissue::Adipocytic::Myolipoma_of_Soft_Tissue,1,singleton_or_local_review
BST::Soft_Tissue::ChondroOsseous::Extraskeletal_Osteosarcoma,1,singleton_or_local_review
BST::Soft_Tissue::Congenital_Structural::Cyst::Aneurysmal_Bone_Cyst_Of_Soft_Tissue,1,singleton_or_local_review
BST::Soft_Tissue::Congenital_Structural::Hamartoma::Ectopic_Meningioma_And_Meningothelial_Hamartoma,1,singleton_or_local_review
BST::Soft_Tissue::Congenital_Structural::Hamartoma::Fibrous_Hamartoma_Of_Infancy,1,singleton_or_local_review
BST::Soft_Tissue::Congenital_Structural::Malformation::Massive_Localized_Lymphedema,1,singleton_or_local_review
BST::Soft_Tissue::Depositional_Metabolic::Deposition::Tumoral_Calcinosis,1,singleton_or_local_review
BST::Soft_Tissue::Fibroblastic::Benign::Acral_Fibromyxoma,1,singleton_or_local_review
BST::Soft_Tissue::Fibroblastic::Benign::Angiomyofibroblastoma,1,singleton_or_local_review
BST::Soft_Tissue::Fibroblastic::Benign::Calcifying_Aponeurotic_Fibroma,1,singleton_or_local_review
BST::Soft_Tissue::Fibroblastic::Benign::Calcifying_Fibrous_Tumor,1,singleton_or_local_review
BST::Soft_Tissue::Fibroblastic::Benign::Cellular_Angiofibroma,1,singleton_or_local_review
BST::Soft_Tissue::Fibroblastic::Benign::Desmoplastic_Fibroblastoma,1,singleton_or_local_review
BST::Soft_Tissue::Fibroblastic::Benign::Elastofibroma,1,singleton_or_local_review
BST::Soft_Tissue::Fibroblastic::Benign::Fibroma_Of_Tendon_Sheath,1,singleton_or_local_review
BST::Soft_Tissue::Fibroblastic::Benign::Fibromatosis_Colli,1,singleton_or_local_review
BST::Soft_Tissue::Fibroblastic::Benign::Gardner_Fibroma,1,singleton_or_local_review
BST::Soft_Tissue::Fibroblastic::Benign::Inclusion_Body_Fibromatosis,1,singleton_or_local_review
BST::Soft_Tissue::Fibroblastic::Benign::Juvenile_Hyaline_Fibromatosis,1,singleton_or_local_review
BST::Soft_Tissue::Fibroblastic::Benign::Myofibroblastoma,1,singleton_or_local_review
BST::Soft_Tissue::Fibroblastic::Benign::Nodular_Fasciitis,1,singleton_or_local_review
BST::Soft_Tissue::Fibroblastic::Benign::Nuchal_Type_Fibroma,1,singleton_or_local_review
BST::Soft_Tissue::Fibroblastic::Benign::Pleomorphic_Fibroma,1,singleton_or_local_review
BST::Soft_Tissue::Fibroblastic::Intermediate::Desmoid_Type_Fibromatosis,1,singleton_or_local_review
BST::Soft_Tissue::Fibroblastic::Intermediate::EWSR1_SMAD3_Fibroblastic_Tumor,1,singleton_or_local_review
BST::Soft_Tissue::Fibroblastic::Intermediate::Giant_Cell_Fibroblastoma,1,singleton_or_local_review
BST::Soft_Tissue::Fibroblastic::Intermediate::Infantile_Fibrosarcoma,1,singleton_or_local_review
BST::Soft_Tissue::Fibroblastic::Intermediate::Inflammatory_Myofibroblastic_Tumor,1,singleton_or_local_review
BST::Soft_Tissue::Fibroblastic::Intermediate::Lipofibromatosis,1,singleton_or_local_review
BST::Soft_Tissue::Fibroblastic::Intermediate::Low_Grade_Myofibroblastic_Sarcoma,1,singleton_or_local_review
BST::Soft_Tissue::Fibroblastic::Intermediate::Myxoinflammatory_Fibroblastic_Sarcoma,1,singleton_or_local_review
BST::Soft_Tissue::Fibroblastic::Intermediate::Palmar_Plantar_Fibromatosis,1,singleton_or_local_review
BST::Soft_Tissue::Fibroblastic::Intermediate::Solitary_Fibrous_Tumor,1,singleton_or_local_review
BST::Soft_Tissue::Fibroblastic::Intermediate::Superficial_CD34_Positive_Fibroblastic_Tumor,1,singleton_or_local_review
BST::Soft_Tissue::Fibroblastic::Malignant::Low_Grade_Fibromyxoid_Sarcoma,1,singleton_or_local_review
BST::Soft_Tissue::Fibroblastic::Malignant::Sclerosing_Epithelioid_Fibrosarcoma,1,singleton_or_local_review
BST::Soft_Tissue::Fibrohistiocytic::Benign::Dermatofibroma_Fibrous_Histiocytoma,1,singleton_or_local_review
BST::Soft_Tissue::Fibrohistiocytic::Benign::Plexiform_Fibrohistiocytic_Tumor,1,singleton_or_local_review
BST::Soft_Tissue::Fibrohistiocytic::Intermediate::Angiomatoid_Fibrous_Histiocytoma,1,singleton_or_local_review
BST::Soft_Tissue::Fibrohistiocytic::Intermediate::Giant_Cell_Tumor_Of_Soft_Tissue,1,singleton_or_local_review
BST::Soft_Tissue::GIST_Visceral::Intermediate::GIST_Risk_Stratified,1,singleton_or_local_review
BST::Soft_Tissue::Hematolymphoid::Malignant::Follicular_Dendritic_Cell_Sarcoma,1,singleton_or_local_review
BST::Soft_Tissue::Hematolymphoid::Malignant::Histiocytic_Sarcoma,1,singleton_or_local_review
BST::Soft_Tissue::Hematolymphoid::Malignant::Myeloid_Sarcoma,1,singleton_or_local_review
BST::Soft_Tissue::Inflammatory::Acute_Chronic::Ischemic_Fasciitis,1,singleton_or_local_review
BST::Soft_Tissue::Inflammatory::Acute_Chronic::Necrotizing_Fasciitis,1,singleton_or_local_review
BST::Soft_Tissue::Inflammatory::Acute_Chronic::Proliferative_Fasciitis,1,singleton_or_local_review
BST::Soft_Tissue::Inflammatory::Acute_Chronic::Proliferative_Myositis,1,singleton_or_local_review
BST::Soft_Tissue::Mesothelial::Malignant::Malignant_Mesothelioma,1,singleton_or_local_review
BST::Soft_Tissue::Nerve_Sheath::Benign::Benign_Triton_Tumor,1,singleton_or_local_review
BST::Soft_Tissue::Nerve_Sheath::Benign::Dermal_Nerve_Sheath_Myxoma,1,singleton_or_local_review
BST::Soft_Tissue::Nerve_Sheath::Benign::Granular_Cell_Tumor,1,singleton_or_local_review
BST::Soft_Tissue::Nerve_Sheath::Benign::Hybrid_Nerve_Sheath_Tumor,1,singleton_or_local_review
BST::Soft_Tissue::Nerve_Sheath::Benign::Neurofibroma_Plexiform,1,singleton_or_local_review
BST::Soft_Tissue::Nerve_Sheath::Benign::Perineurioma_Soft_Tissue,1,singleton_or_local_review
BST::Soft_Tissue::Nerve_Sheath::Benign::Schwannoma_Conventional,1,singleton_or_local_review
BST::Soft_Tissue::Nerve_Sheath::Benign::Solitary_Circumscribed_Neuroma,1,singleton_or_local_review
BST::Soft_Tissue::Nerve_Sheath::Malignant::Malignant_Melanotic_Nerve_Sheath_Tumor,1,singleton_or_local_review
BST::Soft_Tissue::Pericytic::Benign::Angioleiomyoma,1,singleton_or_local_review
BST::Soft_Tissue::Pericytic::Benign::Glomus_Tumor,1,singleton_or_local_review
BST::Soft_Tissue::Skeletal_Muscle::Benign::Rhabdomyoma_Adult,1,singleton_or_local_review
BST::Soft_Tissue::Skeletal_Muscle::Intermediate::Inflammatory_Rhabdomyoblastic_Tumor,1,singleton_or_local_review
BST::Soft_Tissue::Skeletal_Muscle::Malignant::Alveolar_Rhabdomyosarcoma,1,singleton_or_local_review
BST::Soft_Tissue::Skeletal_Muscle::Malignant::Ectomesenchymoma,1,singleton_or_local_review
BST::Soft_Tissue::Skeletal_Muscle::Malignant::Embryonal_Rhabdomyosarcoma,1,singleton_or_local_review
BST::Soft_Tissue::Skeletal_Muscle::Malignant::Pleomorphic_Rhabdomyosarcoma,1,singleton_or_local_review
BST::Soft_Tissue::Skeletal_Muscle::Malignant::Spindle_Cell_Sclerosing_Rhabdomyosarcoma,1,singleton_or_local_review
BST::Soft_Tissue::Smooth_Muscle::Benign::EBV_Associated_Smooth_Muscle_Tumor,1,singleton_or_local_review
BST::Soft_Tissue::Smooth_Muscle::Leiomyoma,1,singleton_or_local_review
BST::Soft_Tissue::Smooth_Muscle::Malignant::Leiomyosarcoma,1,singleton_or_local_review
BST::Soft_Tissue::Uncertain_Diff::Benign::Cellular_Neurothekeoma,1,singleton_or_local_review
BST::Soft_Tissue::Uncertain_Diff::Benign::Intramuscular_Myxoma,1,singleton_or_local_review
BST::Soft_Tissue::Uncertain_Diff::Benign::Juxta_Articular_Myxoma,1,singleton_or_local_review
BST::Soft_Tissue::Uncertain_Diff::Intermediate::Mixed_Tumor_Myoepithelioma,1,singleton_or_local_review
BST::Soft_Tissue::Uncertain_Diff::Intermediate::Ossifying_Fibromyxoid_Tumor,1,singleton_or_local_review
BST::Soft_Tissue::Uncertain_Diff::Intermediate::Phosphaturic_Mesenchymal_Tumor,1,singleton_or_local_review
BST::Soft_Tissue::Uncertain_Diff::Intermediate::Pleomorphic_Hyalinizing_Angiectatic_Tumor,1,singleton_or_local_review
BST::Soft_Tissue::Uncertain_Diff::Malignant::Desmoplastic_Small_Round_Cell_Tumor,1,singleton_or_local_review
BST::Soft_Tissue::Uncertain_Diff::Malignant::Epithelioid_Sarcoma,1,singleton_or_local_review
BST::Soft_Tissue::Uncertain_Diff::Malignant::Extrarenal_Rhabdoid_Tumor,1,singleton_or_local_review
BST::Soft_Tissue::Uncertain_Diff::Malignant::Extraskeletal_Myxoid_Chondrosarcoma,1,singleton_or_local_review
BST::Soft_Tissue::Uncertain_Diff::Malignant::PEComa_Malignant,1,singleton_or_local_review
BST::Soft_Tissue::Uncertain_Diff::Malignant::Primary_Pulmonary_Myxoid_Sarcoma,1,singleton_or_local_review
BST::Soft_Tissue::Uncertain_Diff::Malignant::Synovial_Sarcoma_Monophasic,1,singleton_or_local_review
BST::Soft_Tissue::Uncertain_Diff::Malignant::Undifferentiated_Round_Cell_Sarcoma_Ewing,1,singleton_or_local_review
BST::Soft_Tissue::Vascular::Benign::Anastomosing_Hemangioma,1,singleton_or_local_review
BST::Soft_Tissue::Vascular::Benign::Hemangioma_Intramuscular,1,singleton_or_local_review
BST::Soft_Tissue::Vascular::Benign::Hemangioma_Venous,1,singleton_or_local_review
BST::Soft_Tissue::Vascular::Benign::Papillary_Endothelial_Hyperplasia,1,singleton_or_local_review
BST::Soft_Tissue::Vascular::Benign::Spindle_Cell_Hemangioma,1,singleton_or_local_review
BST::Soft_Tissue::Vascular::Intermediate::Composite_Hemangioendothelioma,1,singleton_or_local_review
BST::Soft_Tissue::Vascular::Intermediate::Kaposi_Sarcoma,1,singleton_or_local_review
BST::Soft_Tissue::Vascular::Intermediate::Kaposiform_Hemangioendothelioma,1,singleton_or_local_review
BST::Soft_Tissue::Vascular::Intermediate::Papillary_Intralymphatic_Angioendothelioma,1,singleton_or_local_review
BST::Soft_Tissue::Vascular::Intermediate::Retiform_Hemangioendothelioma,1,singleton_or_local_review
BST::Soft_Tissue::Vascular::Malignant::Intimal_Sarcoma,1,singleton_or_local_review
BST::Syndromes::Predisposition::Skeletal::McCune_Albright_Syndrome,1,singleton_or_local_review
Breast::Concept::Classification::Axillary_Lymph_Nodes,1,singleton_or_local_review
Breast::Concept::Classification::HER2_Ultralow_Breast_Cancer,1,singleton_or_local_review
Breast::Concept::Classification::Male_Invasive,1,singleton_or_local_review
Breast::Concept::Classification::Pubertal_Macromastia,1,singleton_or_local_review
Breast::Concept::Classification::Triple_Negative_Breast_Cancer,1,singleton_or_local_review
Breast::Concept::Classification::WHO_Classification,1,singleton_or_local_review
Breast::Concept::Grading::Histologic_Grading,1,singleton_or_local_review
Breast::Concept::Grading::Low_Grade_Adenosquamous,1,singleton_or_local_review
Breast::Concept::IHC_Markers::Sebaceous,1,singleton_or_local_review
Breast::Concept::Management_Workup::Antibody_Drug_Conjugate_Therapy,1,singleton_or_local_review
Breast::Concept::Management_Workup::Hormone_Receptors,1,singleton_or_local_review
Breast::Concept::Management_Workup::Immunotherapy,1,singleton_or_local_review
Breast::Concept::Management_Workup::Neoadjuvant_Chemotherapy,1,singleton_or_local_review
Breast::Concept::Management_Workup::Radiation_Therapy_And_Cryoprobe,1,singleton_or_local_review
Breast::Concept::Management_Workup::Secretory_Change,1,singleton_or_local_review
Breast::Concept::Management_Workup::Subareolar_Sclerosing_Duct_Hyperplasia,1,singleton_or_local_review
Breast::Concept::Molecular_Genetics::Foreign_Body_Reaction,1,singleton_or_local_review
Breast::Concept::Molecular_Genetics::HER2_C_ERBB2_Breast,1,singleton_or_local_review
Breast::Concept::Molecular_Genetics::Molecular_Subtypes,1,singleton_or_local_review
Breast::Concept::Other::Filariasis,1,singleton_or_local_review
Breast::Concept::Procedure_Specimen::Biopsy_Marking_Devices,1,singleton_or_local_review
Breast::Concept::Procedure_Specimen::Core_Biopsy,1,singleton_or_local_review
Breast::Concept::Procedure_Specimen::Frozen_Sections,1,singleton_or_local_review
Breast::Concept::Reporting_Grossing::Grossing_And_Features_To_Report,1,singleton_or_local_review
Breast::Concept::Reporting_Grossing::Lipid_Rich,1,singleton_or_local_review
Breast::Concept::Staging::Staging,1,singleton_or_local_review
Breast::Congenital_Structural::Amastia_Aplasia_Hypoplasia_Athelia,1,singleton_or_local_review
Breast::Congenital_Structural::Apocrine_Metaplasia,1,singleton_or_local_review
Breast::Congenital_Structural::Benign_Breast_Implant_Related_Changes,1,singleton_or_local_review
Breast::Congenital_Structural::Cyst::Fibrocystic_Changes,1,singleton_or_local_review
Breast::Congenital_Structural::Cyst::Galactocele,1,singleton_or_local_review
Breast::Congenital_Structural::Malformation::Accessory_Breast_Tissue,1,singleton_or_local_review
Breast::Congenital_Structural::Malformation::Gynecomastia,1,singleton_or_local_review
Breast::Congenital_Structural::Malformation::Juvenile_Papillomatosis,1,singleton_or_local_review
Breast::Congenital_Structural::Mechanical::Mammary_Duct_Ectasia,1,singleton_or_local_review
Breast::Congenital_Structural::Microcysts,1,singleton_or_local_review
Breast::Depositional_Metabolic::Amyloid,1,singleton_or_local_review
Breast::Epithelial::Ductal_Adenoma,1,singleton_or_local_review
Breast::Epithelial::Ductal_Carcinoma::Cribriform_Carcinoma,1,singleton_or_local_review
Breast::Epithelial::Ductal_Carcinoma::Tubular_Carcinoma,1,singleton_or_local_review
Breast::Epithelial::Lactating_Adenoma,1,singleton_or_local_review
Breast::Epithelial::Microglandular_Adenosis,1,singleton_or_local_review
Breast::Epithelial::MyoEpithelial::Pleomorphic_Adenoma,1,singleton_or_local_review
Breast::Epithelial::Radial_Scar_complex_sclerosing_lesion,1,singleton_or_local_review
Breast::Epithelial::Salivary_Tumors::Acinic_Cell_Carcinoma,1,singleton_or_local_review
Breast::Epithelial::Salivary_Tumors::Mucoepidermoid_Carcinoma,1,singleton_or_local_review
Breast::Epithelial::Salivary_Tumors::Polymorphous_Adenocarcinoma,1,singleton_or_local_review
Breast::Epithelial::Tubular_Adenoma,1,singleton_or_local_review
Breast::Epithelial::Usual_Ductal_Hyperplasia,1,singleton_or_local_review
Breast::FibroEpithelial::Hamartoma,1,singleton_or_local_review
Breast::Infectious::Bacterial::Acute_Mastitis,1,singleton_or_local_review
Breast::Infectious::Smold,1,singleton_or_local_review
Breast::Infectious::Sparganosis,1,singleton_or_local_review
Breast::Infectious::Tuberculosis,1,singleton_or_local_review
Breast::Inflammatory::Fibrosing::Lymphocytic_Diabetic_Mastitis,1,singleton_or_local_review
Breast::Inflammatory::Fibrosing::Sclerosing_Adenosis,1,singleton_or_local_review
Breast::Inflammatory::Granulomatous::Cystic_Neutrophilic_Granulomatous_Mastitis,1,singleton_or_local_review
Breast::Inflammatory::Granulomatous::Idiopathic_Granulomatous_Mastitis,1,singleton_or_local_review
Breast::Inflammatory::Osteoclast,1,singleton_or_local_review
Breast::Inflammatory::Reactive::Fat_Necrosis,1,singleton_or_local_review
Breast::Inflammatory::Reactive::Mucocele_Like_Lesion,1,singleton_or_local_review
Breast::Inflammatory::Silicone_Leak_Lymphadenopathy,1,singleton_or_local_review
Breast::Mesenchymal::Fibroblastic_Tumors::Myofibroblastoma,1,singleton_or_local_review
Breast::Mesenchymal::Nerve_Tumors::Granular_Cell_Tumor,1,singleton_or_local_review
Breast::Mesenchymal::Other_Mesenchymal::Pseudoangiomatous_Stromal_Hyperplasia,1,singleton_or_local_review
Breast::Mesenchymal::Smooth_Tumors::Leiomyoma,1,singleton_or_local_review
Breast::Mesenchymal::Vascular_Tumors::Atypical_Vascular_Lesions,1,singleton_or_local_review
Breast::Neoplastic::Adenomyoepithelial_Adenosis,1,singleton_or_local_review
Breast::Neoplastic::Adenosis,1,singleton_or_local_review
Breast::Neoplastic::Benign::Epithelial_Mesothelial_Inclusions,1,singleton_or_local_review
Breast::Neoplastic::Epithelial::Benign::Apocrine_Adenosis,1,singleton_or_local_review
Breast::Neoplastic::Epithelial::Benign::Collagenous_Spherulosis,1,singleton_or_local_review
Breast::Neoplastic::Epithelial::Benign::Intraductal_Papilloma,1,singleton_or_local_review
Breast::Neoplastic::Epithelial::Benign::Myoepithelioma,1,singleton_or_local_review
Breast::Neoplastic::Epithelial::Benign::Nipple_Adenoma,1,singleton_or_local_review
Breast::Neoplastic::Epithelial::Benign::Syringomatous_Tumor,1,singleton_or_local_review
Breast::Neoplastic::Epithelial::In_Situ::Ductal_Carcinoma_In_Situ_DCIS,1,singleton_or_local_review
Breast::Neoplastic::Epithelial::In_Situ::Florid_Lobular_Carcinoma_In_Situ,1,singleton_or_local_review
Breast::Neoplastic::Epithelial::In_Situ::Pleomorphic_Lobular_Carcinoma_In_Situ,1,singleton_or_local_review
Breast::Neoplastic::Epithelial::Malignant::Adenoid_Cystic_Carcinoma,1,singleton_or_local_review
Breast::Neoplastic::Epithelial::Malignant::Apocrine_Carcinoma,1,singleton_or_local_review
Breast::Neoplastic::Epithelial::Malignant::Encapsulated_Papillary_Carcinoma,1,singleton_or_local_review
Breast::Neoplastic::Epithelial::Malignant::Inflammatory_Carcinoma,1,singleton_or_local_review
Breast::Neoplastic::Epithelial::Malignant::Invasive_Carcinoma_Medullary_Features,1,singleton_or_local_review
Breast::Neoplastic::Epithelial::Malignant::Malignant_Adenomyoepithelioma,1,singleton_or_local_review
Breast::Neoplastic::Epithelial::Malignant::Microinvasive_Carcinoma,1,singleton_or_local_review
Breast::Neoplastic::Epithelial::Malignant::Micropapillary_Carcinoma,1,singleton_or_local_review
Breast::Neoplastic::Epithelial::Malignant::Mucinous_Carcinoma,1,singleton_or_local_review
Breast::Neoplastic::Epithelial::Malignant::Mucinous_Cystadenocarcinoma,1,singleton_or_local_review
Breast::Neoplastic::Epithelial::Malignant::Secretory_Carcinoma,1,singleton_or_local_review
Breast::Neoplastic::Epithelial::Malignant::Solid_Papillary_Carcinoma,1,singleton_or_local_review
Breast::Neoplastic::Epithelial::Malignant::Tubulolobular_Carcinoma,1,singleton_or_local_review
Breast::Neoplastic::Epithelial::Precursor::Atypical_Ductal_Hyperplasia_ADH,1,singleton_or_local_review
Breast::Neoplastic::Epithelial::Precursor::Atypical_Lobular_Hyperplasia_ALH,1,singleton_or_local_review
Breast::Neoplastic::Epithelial::Precursor::Flat_Epithelial_Atypia,1,singleton_or_local_review
Breast::Neoplastic::Fibroepithelial::Variable_Behavior::Phyllodes_Tumor,1,singleton_or_local_review
Breast::Neoplastic::HER2_Low_Breast_Cancer,1,singleton_or_local_review
Breast::Neoplastic::Hematolymphoid::Malignant::Breast_Implant_Associated_ALCL,1,singleton_or_local_review
Breast::Neoplastic::Malignant::Fibromatosis_Like,1,singleton_or_local_review
Breast::Neoplastic::Malignant::Glycogen_Rich_Clear_Cell,1,singleton_or_local_review
Breast::Neoplastic::Malignant::KI67_Breast,1,singleton_or_local_review
Breast::Neoplastic::Malignant::Metastases,1,singleton_or_local_review
Breast::Neoplastic::Malignant::Microcalcifications,1,singleton_or_local_review
Breast::Neoplastic::Malignant::Mixed_Nst,1,singleton_or_local_review
Breast::Neoplastic::Malignant::Other_Sarcomas,1,singleton_or_local_review
Breast::Neoplastic::Malignant::Sentinel_Lymph_Nodes,1,singleton_or_local_review
Breast::Neoplastic::Malignant::Transgender_Breast_Pathology,1,singleton_or_local_review
Breast::Neoplastic::Mesenchymal::Benign::Hemangioma,1,singleton_or_local_review
Breast::Neoplastic::Mesenchymal::Benign::Schwannoma,1,singleton_or_local_review
Breast::Neoplastic::Mesenchymal::Intermediate::Fibromatosis_Desmoid_Type,1,singleton_or_local_review
Breast::Neoplastic::Mesenchymal::Malignant::Angiosarcoma,1,singleton_or_local_review
Breast::Neoplastic::Mesenchymal::Malignant::Liposarcoma,1,singleton_or_local_review
Breast::Neoplastic::Multigene_Expression_Tumor_Prognostic_Profiling_In_Breast_Cancer,1,singleton_or_local_review
Breast::Neoplastic::Multigene_Expression_Tumor_Prognostic_Profiling_In_Breast_Cancer_Moleculartumorprofiling,1,singleton_or_local_review
Breast::Neoplastic::Papillary,1,singleton_or_local_review
Breast::Neoplastic::Signet_Ring_Cell,1,singleton_or_local_review
Breast::Neoplastic::Spread_And_Metastases,1,singleton_or_local_review
Breast::Nipple_Tumors::Epithelial::Paget_Disease_of_the_Breast,1,singleton_or_local_review
Breast::Normal_Histology::Anatomy,1,singleton_or_local_review
Breast::Normal_Histology::Histology,1,singleton_or_local_review
Breast::PathOut_Residual_Generated::Breast_Columnarcelllesion,1,singleton_or_local_review
Cyto_Breast::Concept::Procedure_Specimen::Cytology,1,singleton_or_local_review
Cyto_GI_Tract::Small_Intestine::Infectious::Microsporidia,1,singleton_or_local_review
Cyto_GYN::Benign_Reactive::Organisms::Cytomegalovirus_CMV,1,singleton_or_local_review
Cyto_GYN::Benign_Reactive::Organisms::Neisseria_Gonorrhoeae,1,singleton_or_local_review
Cyto_GYN::Concept::Management_Workup::Asc_H_Cytology,1,singleton_or_local_review
Cyto_GYN::Concept::Molecular_Genetics::International_Academy_Of_Cytology_Yokohama_System,1,singleton_or_local_review
Cyto_GYN::Concept::Molecular_Genetics::International_Academy_Of_Cytology_Yokohama_System_Cytopathologyiacysystem,1,singleton_or_local_review
Cyto_GYN::Glandular::Atypical_Glandular_Cells_AGC_NOS,1,singleton_or_local_review
Cyto_GYN::Infectious::Cytology_Nonneoplastic,1,singleton_or_local_review
Cyto_GYN::Neoplastic::Malignant::Cytology_Neoplastic,1,singleton_or_local_review
Cyto_GYN::Normal_Histology::Bethesda_System,1,singleton_or_local_review
Cyto_GYN::Normal_Histology::Cytology_General_Normal_Findings_And_Biomarker_Testing,1,singleton_or_local_review
Cyto_GYN::Specimen_Type::Pap_Test_Liquid_Based,1,singleton_or_local_review
Cyto_GYN::Squamous::Atypical_Squamous_Cells_Undetermined_Significance_ASCUS,1,singleton_or_local_review
Cyto_GYN::Squamous::High_Grade_Squamous_Intraepithelial_Lesion_HSIL,1,singleton_or_local_review
Cyto_GYN::Squamous::Low_Grade_Squamous_Intraepithelial_Lesion_LSIL,1,singleton_or_local_review
Cyto_General::Concept::Procedure_Specimen::Automated_Assessment_Of_Cytology_Specimens,1,singleton_or_local_review
Cyto_General::Concept::Procedure_Specimen::FNA_Procedure,1,singleton_or_local_review
Cyto_General::Concept::Procedure_Specimen::Superficial_FNA_Procedure_Contraindications_And_Complications,1,singleton_or_local_review
Cyto_Heme::Neoplastic::Malignant::Hcc_Cytology,1,singleton_or_local_review
Cyto_Management::Ancillary_Testing::Flow_Cytometry,1,singleton_or_local_review
Cyto_Management::Technique::Rapid_On_Site_Evaluation_ROSE,1,singleton_or_local_review
Cyto_Neuro::Infectious::Bacteria::Listeria_Monocytogenes,1,singleton_or_local_review
Cyto_Pancreatobiliary::Inflammatory::Cytology,1,singleton_or_local_review
Cyto_Thoracic::Category::Atypical,1,singleton_or_local_review
Cyto_Thoracic::Category::Benign,1,singleton_or_local_review
Cyto_Thoracic::Category::Malignant,1,singleton_or_local_review
Cyto_Thoracic::Category::Nondiagnostic,1,singleton_or_local_review
Cyto_Thoracic::Category::Suspicious_For_Malignancy,1,singleton_or_local_review
Cyto_Thoracic::Infectious::Bacterial::Actinomyces,1,singleton_or_local_review
Cyto_Thyroid::Concept::Procedure_Specimen::FNA_General,1,singleton_or_local_review
Cyto_Thyroid::Concept::Procedure_Specimen::FNA_General_Thyroidfna,1,singleton_or_local_review
Cyto_Thyroid::Concept::Procedure_Specimen::Molecular_Testing_In_FNA,1,singleton_or_local_review
Cyto_Thyroid::Neoplastic::Malignant::Bethesda_System_Diagnostic_Categories,1,singleton_or_local_review
Endo::Other::Concept::Molecular_Genetics::Molecular_Pathology_Basics,1,singleton_or_local_review
Endo::Other::Concept::Molecular_Genetics::Molecular_Pathology_Practical,1,singleton_or_local_review
Endo::Other::Depositional_Metabolic::Lysosomal_Storage_Diseases,1,singleton_or_local_review
Endo::Other::Neoplastic::Composite_Gangliocytoma_Neuroma_And_Neuroendocrine_Tumor,1,singleton_or_local_review
Endo::Other::Neoplastic::Malignant::Children,1,singleton_or_local_review
Endo::Other::Neoplastic::Malignant::Poorly_Differentiated_Neuroendocrine_Carcinoma,1,singleton_or_local_review
Endo::Other::Neoplastic::Malignant::Poorly_Differentiated_Neuroendocrine_Carcinoma_Stomachneuroendocrine,1,singleton_or_local_review
Endo::Other::Neoplastic::Neuroendocrine_Classification,1,singleton_or_local_review
Endo::Other::Neoplastic::Neuroendocrine_Neoplasm,1,singleton_or_local_review
Endo::Other::Neoplastic::Neuroendocrine_Tumor,1,singleton_or_local_review
Endo::Other::Neoplastic::Neuroendocrine_Tumor_Appendixwdneuroendocrine,1,singleton_or_local_review
Endo::Other::Neoplastic::Neuroendocrine_Tumor_Smallbowelcarcinoidtumor,1,singleton_or_local_review
Endo::Other::Neoplastic::Niftp,1,singleton_or_local_review
Endo::Other::Neoplastic::Staging_Jejunal_And_Ileal_Neuroendocrine_Tumors,1,singleton_or_local_review
Endo::Other::Neoplastic::Staging_Neuroendocrine,1,singleton_or_local_review
Endo::Other::Neoplastic::Staging_Neuroendocrine_Tumors,1,singleton_or_local_review
Endo::Other::Neoplastic::Staging_Neuroendocrine_Tumors_Stomachstagingneuroendocrine,1,singleton_or_local_review
Endo::Pancreas::Neoplastic::Clear_Cell_Pancreatic_Endocrine_Tumor,1,singleton_or_local_review
Endo::Pancreas::Neoplastic::Cystic_Endocrine_Tumors,1,singleton_or_local_review
Endo::Pancreas::Neoplastic::Malignant::Neuroendocrine_Tumor_With_Sarcomatous_Differentiation,1,singleton_or_local_review
Endo::Pancreas::Neoplastic::Malignant::Poorly_Differentiated_Neuroendocrine_Carcinoma,1,singleton_or_local_review
Endo::Pancreas::Neoplastic::Neuroendocrine_Neoplasms_General,1,singleton_or_local_review
Endo::Pancreas::Neoplastic::Staging_Neuroendocrine,1,singleton_or_local_review
Endo::Parathyroid::Neoplastic::Epithelial::Benign::Parathyroid_Adenoma,1,singleton_or_local_review
Endo::Parathyroid::Neoplastic::Epithelial::Malignant::Parathyroid_Carcinoma,1,singleton_or_local_review
Endo::Parathyroid::Nonneoplastic::Hyperplasia::Secondary_Parathyroid_Hyperplasia,1,singleton_or_local_review
Endo::Pituitary::Inflammatory::Granulomatous::Sarcoidosis,1,singleton_or_local_review
Endo::Pituitary::Nonneoplastic::Hyperplasia::Pituitary_Hyperplasia,1,singleton_or_local_review
Endo::Skin::Neoplastic::Neuroendocrine::Malignant::Merkel_Cell_Carcinoma,1,singleton_or_local_review
Endo::Thyroid::Concept::Classification::Aus,1,singleton_or_local_review
Endo::Thyroid::Concept::Classification::Black_Pigmented_Thyroid,1,singleton_or_local_review
Endo::Thyroid::Concept::Classification::Endemic_Goiter,1,singleton_or_local_review
Endo::Thyroid::Concept::Classification::Invasive_Efvptc,1,singleton_or_local_review
Endo::Thyroid::Concept::Classification::Malakoplakia,1,singleton_or_local_review
Endo::Thyroid::Concept::Classification::Parathyroid_Tissue,1,singleton_or_local_review
Endo::Thyroid::Concept::Classification::Rosai_Dorfman_Disease_Rdd,1,singleton_or_local_review
Endo::Thyroid::Concept::Classification::Thyroid_Follicular_Nodular_Disease_Multinodular_Goiter,1,singleton_or_local_review
Endo::Thyroid::Concept::Classification::Thyroid_Inclusions,1,singleton_or_local_review
Endo::Thyroid::Concept::Classification::WHO_Classification,1,singleton_or_local_review
Endo::Thyroid::Concept::Classification::WHO_Classification_Parathyroid,1,singleton_or_local_review
Endo::Thyroid::Concept::Laboratory_Operations::Hypothyroidism,1,singleton_or_local_review
Endo::Thyroid::Concept::Management_Workup::Screening_Thyroid_Disorders,1,singleton_or_local_review
Endo::Thyroid::Concept::Molecular_Genetics::Ultrasound,1,singleton_or_local_review
Endo::Thyroid::Concept::Other::Parathyroid_Hormone,1,singleton_or_local_review
Endo::Thyroid::Concept::Other::Thyroid_Metastases,1,singleton_or_local_review
Endo::Thyroid::Concept::Procedure_Specimen::Frozen_Section,1,singleton_or_local_review
Endo::Thyroid::Concept::Procedure_Specimen::Frozen_Section_Parathyroid,1,singleton_or_local_review
Endo::Thyroid::Concept::Reporting_Grossing::Features_To_Report,1,singleton_or_local_review
Endo::Thyroid::Concept::Reporting_Grossing::Grossing,1,singleton_or_local_review
Endo::Thyroid::Concept::Reporting_Grossing::Thyroid_Ophthalmopathy,1,singleton_or_local_review
Endo::Thyroid::Concept::Staging::AJCC_TNM_Staging,1,singleton_or_local_review
Endo::Thyroid::Concept::Staging::Staging_Parathyroid,1,singleton_or_local_review
Endo::Thyroid::Congenital_Structural::Aplasia_Hypoplasia,1,singleton_or_local_review
Endo::Thyroid::Congenital_Structural::Branchial_Pouch_Cleft_Anomalies,1,singleton_or_local_review
Endo::Thyroid::Congenital_Structural::Congenital_Hypothyroidism,1,singleton_or_local_review
Endo::Thyroid::Congenital_Structural::Ectopic_Parathyroid_Tissue,1,singleton_or_local_review
Endo::Thyroid::Congenital_Structural::Hashimoto_Fibrous,1,singleton_or_local_review
Endo::Thyroid::Congenital_Structural::Lateral_Aberrant_Thyroid,1,singleton_or_local_review
Endo::Thyroid::Congenital_Structural::Lymphoepithelial_Cyst,1,singleton_or_local_review
Endo::Thyroid::Congenital_Structural::Malformation::Ectopic_Thyroid,1,singleton_or_local_review
Endo::Thyroid::Congenital_Structural::Malformation::Solid_Cell_Nests,1,singleton_or_local_review
Endo::Thyroid::Congenital_Structural::Metabolic::Dyshormonogenetic_Goiter,1,singleton_or_local_review
Endo::Thyroid::Congenital_Structural::Nondiagnostic,1,singleton_or_local_review
Endo::Thyroid::Congenital_Structural::Other_Nonneoplastic_Parathyroid,1,singleton_or_local_review
Endo::Thyroid::Congenital_Structural::Thymic_Tissue,1,singleton_or_local_review
Endo::Thyroid::Depositional_Metabolic::Amiodarone_Induced_Hyperthyroidism,1,singleton_or_local_review
Endo::Thyroid::Depositional_Metabolic::Toxic_Goiter,1,singleton_or_local_review
Endo::Thyroid::Infectious::Acute_Infectious_Thyroiditis,1,singleton_or_local_review
Endo::Thyroid::Infectious::Parasitic_Nodule,1,singleton_or_local_review
Endo::Thyroid::Inflammatory::Autoimmune::Graves_Disease,1,singleton_or_local_review
Endo::Thyroid::Inflammatory::Autoimmune_Thyroiditis,1,singleton_or_local_review
Endo::Thyroid::Inflammatory::Benign,1,singleton_or_local_review
Endo::Thyroid::Inflammatory::Chronic_Lymphocytic::Hashimoto_Thyroiditis,1,singleton_or_local_review
Endo::Thyroid::Inflammatory::Fibromatosis_Fasciitis_Like,1,singleton_or_local_review
Endo::Thyroid::Inflammatory::Fibrosing::Riedel_Thyroiditis,1,singleton_or_local_review
Endo::Thyroid::Inflammatory::Focal_Lymphocytic_Thyroiditis,1,singleton_or_local_review
Endo::Thyroid::Inflammatory::Granulomatous::Palpation_Thyroiditis,1,singleton_or_local_review
Endo::Thyroid::Inflammatory::Granulomatous::Subacute_Thyroiditis,1,singleton_or_local_review
Endo::Thyroid::Inflammatory::Postoperative_Spindle_Cell_Nodule,1,singleton_or_local_review
Endo::Thyroid::Inflammatory::Radiation_Thyroiditis,1,singleton_or_local_review
Endo::Thyroid::Inflammatory::Thyroid_Autoantibodies,1,singleton_or_local_review
Endo::Thyroid::Neoplastic::Brown_Tumor,1,singleton_or_local_review
Endo::Thyroid::Neoplastic::Encapsulated,1,singleton_or_local_review
Endo::Thyroid::Neoplastic::Epithelial::Malignant::Anaplastic_Thyroid_Carcinoma,1,singleton_or_local_review
Endo::Thyroid::Neoplastic::Epithelial::Malignant::Cribriform_Morular_Thyroid_Carcinoma,1,singleton_or_local_review
Endo::Thyroid::Neoplastic::Epithelial::Malignant::Follicular_Thyroid_Carcinoma,1,singleton_or_local_review
Endo::Thyroid::Neoplastic::Epithelial::Malignant::Intrathyroid_Thymic_Carcinoma,1,singleton_or_local_review
Endo::Thyroid::Neoplastic::Epithelial::Malignant::Mucoepidermoid_Carcinoma,1,singleton_or_local_review
Endo::Thyroid::Neoplastic::Epithelial::Malignant::Oncocytic_Carcinoma,1,singleton_or_local_review
Endo::Thyroid::Neoplastic::Epithelial::Malignant::Sclerosing_Mucoepidermoid_Carcinoma_With_Eosinophilia,1,singleton_or_local_review
Endo::Thyroid::Neoplastic::Epithelial::Malignant::Secretory_Carcinoma,1,singleton_or_local_review
Endo::Thyroid::Neoplastic::Epithelial::Malignant::Spindle_Epithelial_Tumor_Thymus_Like_SETTLE,1,singleton_or_local_review
Endo::Thyroid::Neoplastic::Epithelial_C_Cell::Malignant::Medullary_Thyroid_Carcinoma,1,singleton_or_local_review
Endo::Thyroid::Neoplastic::Epithelial_C_Cell::Precursor::C_Cell_Hyperplasia,1,singleton_or_local_review
Endo::Thyroid::Neoplastic::Follicular_Neoplasm,1,singleton_or_local_review
Endo::Thyroid::Neoplastic::Follicular_Neoplasm_Oncocytic_Follicular_Neoplasm,1,singleton_or_local_review
Endo::Thyroid::Neoplastic::Hematolymphoid::Malignant::Langerhans_Cell_Histiocytosis,1,singleton_or_local_review
Endo::Thyroid::Neoplastic::Hematolymphoid::Malignant::Lymphoma,1,singleton_or_local_review
Endo::Thyroid::Neoplastic::Hyalinizing_Trabecular_Tumor,1,singleton_or_local_review
Endo::Thyroid::Neoplastic::Intermediate::Ft_Ump,1,singleton_or_local_review
Endo::Thyroid::Neoplastic::Intermediate::Wdt_Ump,1,singleton_or_local_review
Endo::Thyroid::Neoplastic::Malignant::Adequacy,1,singleton_or_local_review
Endo::Thyroid::Neoplastic::Malignant::Calcification,1,singleton_or_local_review
Endo::Thyroid::Neoplastic::Malignant::Columnar_Cell,1,singleton_or_local_review
Endo::Thyroid::Neoplastic::Malignant::Differentiated_High_Grade_Thyroid_Carcinoma_High_Grade_Differentiated_Thyroid_Carcinoma_Hgdtc,1,singleton_or_local_review
Endo::Thyroid::Neoplastic::Malignant::Diffuse_Follicular,1,singleton_or_local_review
Endo::Thyroid::Neoplastic::Malignant::Diffuse_Sclerosing,1,singleton_or_local_review
Endo::Thyroid::Neoplastic::Malignant::Follicular_Variant,1,singleton_or_local_review
Endo::Thyroid::Neoplastic::Malignant::Hobnail,1,singleton_or_local_review
Endo::Thyroid::Neoplastic::Malignant::Lingual_Thyroid,1,singleton_or_local_review
Endo::Thyroid::Neoplastic::Malignant::Macrofollicular,1,singleton_or_local_review
Endo::Thyroid::Neoplastic::Malignant::Malignant,1,singleton_or_local_review
Endo::Thyroid::Neoplastic::Malignant::Microcarcinoma,1,singleton_or_local_review
Endo::Thyroid::Neoplastic::Malignant::Poorly_Differentiated_Thyroid_Carcinoma,1,singleton_or_local_review
Endo::Thyroid::Neoplastic::Malignant::Sarcoma,1,singleton_or_local_review
Endo::Thyroid::Neoplastic::Malignant::Solid_Trabecular,1,singleton_or_local_review
Endo::Thyroid::Neoplastic::Malignant::Solitary_Thyroid_Nodule,1,singleton_or_local_review
Endo::Thyroid::Neoplastic::Malignant::Suspicious_For_Malignancy,1,singleton_or_local_review
Endo::Thyroid::Neoplastic::Malignant::Tall_Cell,1,singleton_or_local_review
Endo::Thyroid::Neoplastic::Malignant::Thyroblastoma,1,singleton_or_local_review
Endo::Thyroid::Neoplastic::Malignant::Warthin_Like,1,singleton_or_local_review
Endo::Thyroid::Neoplastic::Mesenchymal::Benign::Solitary_Fibrous_Tumor,1,singleton_or_local_review
Endo::Thyroid::Neoplastic::Mesenchymal::Malignant::Angiosarcoma,1,singleton_or_local_review
Endo::Thyroid::Neoplastic::Oncocytic_Hurthle_Cell_Tumors,1,singleton_or_local_review
Endo::Thyroid::Neoplastic::Pituitary_Neuroendocrine_Tumor_Pitnet,1,singleton_or_local_review
Endo::Thyroid::Neoplastic::Plasmacytoma,1,singleton_or_local_review
Endo::Thyroid::Neoplastic::Precursor::Digeorge_Syndrome,1,singleton_or_local_review
Endo::Thyroid::Neoplastic::References,1,singleton_or_local_review
Endo::Thyroid::Neoplastic::Teratoma,1,singleton_or_local_review
Endo::Thyroid::Nonneoplastic::Depositional::Amyloid_Goiter,1,singleton_or_local_review
Endo::Thyroid::Nonneoplastic::Reactive::Pigments_And_Crystals,1,singleton_or_local_review
Endo::Thyroid::Normal_Histology::Anatomy,1,singleton_or_local_review
Endo::Thyroid::Normal_Histology::Anatomy_And_Histology_Parathyroid,1,singleton_or_local_review
Endo::Thyroid::Normal_Histology::Embryology,1,singleton_or_local_review
Endo::Thyroid::Normal_Histology::Histology,1,singleton_or_local_review
Endo::Thyroid::Normal_Histology::Hyperparathyroidism,1,singleton_or_local_review
Endo::Thyroid::Normal_Histology::Hyperthyroidism,1,singleton_or_local_review
Endo::Thyroid::Normal_Histology::Thyroid_Function_Panel,1,singleton_or_local_review
Eye::PathOut_Residual_Generated::Eyeeyelidmelanoma,1,singleton_or_local_review
Eye_Orbit::Conjunctiva::Epithelial_Tumors::Benign::Oncocytoma,1,singleton_or_local_review
Eye_Orbit::Eyelid_Adnexal::Malignant::Adenoid_Cystic_Carcinoma,1,singleton_or_local_review
Eye_Orbit::Eyelid_Epithelial::Malignant::Squamous_Cell_Carcinoma,1,singleton_or_local_review
Eye_Orbit::Lacrimal_Epithelial::Benign_Premalignant::Oncocytoma,1,singleton_or_local_review
Eye_Orbit::Optic_Disc_Optic_Nerve::Melanocytic_Tumors::Melanocytoma,1,singleton_or_local_review
Eye_Orbit::Optic_Disc_Optic_Nerve::Pigment_Epithelial_Tumors::Medulloepithelioma,1,singleton_or_local_review
Eye_Orbit::Retina_Neuroepithelium::Iris_Ciliary_Body_Pigment_Epithelium::Neoplastic::Adenoma_Of_Ciliary_Body,1,singleton_or_local_review
Eye_Orbit::Retina_Neuroepithelium::Neurosensory_Retina::Premalignant_Malignant::Retinocytoma,1,singleton_or_local_review
Eye_Orbit::Soft_Tissue::Fibrous_Fibroblastic::Solitary_Fibrous_Tumor,1,singleton_or_local_review
Eye_Orbit::Uveal_Tract::Iris::Benign_Hamartoma::Lisch_Nodule,1,singleton_or_local_review
GI::Anus::Benign_Precursors::Anal_Condyloma,1,singleton_or_local_review
GI::Anus::Benign_Precursors::Inflammatory_Cloacogenic_Polyp,1,singleton_or_local_review
GI::Anus::Concept::Classification::Fistula,1,singleton_or_local_review
GI::Anus::Concept::Classification::Hypertrophied_Papillae,1,singleton_or_local_review
GI::Anus::Concept::Classification::WHO_Classification,1,singleton_or_local_review
GI::Anus::Concept::Molecular_Genetics::Fissure,1,singleton_or_local_review
GI::Anus::Concept::Molecular_Genetics::Hemorrhoids,1,singleton_or_local_review
GI::Anus::Concept::Reporting_Grossing::Grossing_And_Features_To_Report,1,singleton_or_local_review
GI::Anus::Concept::Staging::Staging,1,singleton_or_local_review
GI::Anus::Congenital_Structural::Pancreatic_Cystic_Fluid_Analysis,1,singleton_or_local_review
GI::Anus::Depositional_Metabolic::Cholestasis,1,singleton_or_local_review
GI::Anus::Infectious::Anogenital_Hypertrophic_Herpes,1,singleton_or_local_review
GI::Anus::Infectious::Cytomegalovirus_CMV,1,singleton_or_local_review
GI::Anus::Infectious::Syphilis,1,singleton_or_local_review
GI::Anus::Inflammatory::Crohns_Disease,1,singleton_or_local_review
GI::Anus::Inflammatory::Lymphogranuloma_Venereum,1,singleton_or_local_review
GI::Anus::Neoplastic::Benign::Hidradenoma_Papilliferum,1,singleton_or_local_review
GI::Anus::Neoplastic::Benign::Intradermal_Nevus,1,singleton_or_local_review
GI::Anus::Neoplastic::Buschke_Lowenstein_Tumor,1,singleton_or_local_review
GI::Anus::Neoplastic::Glandular::Anal_Adenocarcinoma,1,singleton_or_local_review
GI::Anus::Neoplastic::Lymphoid_Polyp,1,singleton_or_local_review
GI::Anus::Neoplastic::Malignant::Apocrine_Carcinoma,1,singleton_or_local_review
GI::Anus::Neoplastic::Malignant::Carcinoma_Overview,1,singleton_or_local_review
GI::Anus::Neoplastic::Precursor::Paget_Disease,1,singleton_or_local_review
GI::Anus::Normal_Histology::Anatomy_And_Histology,1,singleton_or_local_review
GI::Anus::Normal_Histology::Granuloma_Inguinale,1,singleton_or_local_review
GI::Appendix::Appendiceal_Adenocarcinoma,1,singleton_or_local_review
GI::Appendix::Appendiceal_Mucinous_Neoplasm,1,singleton_or_local_review
GI::Appendix::Appendiceal_Serrated_Lesions_and_Polyps,1,singleton_or_local_review
GI::Appendix::Concept::Classification::Mucocele,1,singleton_or_local_review
GI::Appendix::Concept::Classification::WHO_Classification,1,singleton_or_local_review
GI::Appendix::Concept::Laboratory_Operations::Lymphoid_Hyperplasia,1,singleton_or_local_review
GI::Appendix::Concept::Other::Myxoglobulosis,1,singleton_or_local_review
GI::Appendix::Concept::Reporting_Grossing::Features_To_Report_And_Grossing,1,singleton_or_local_review
GI::Appendix::Congenital_Structural::Cystic_Fibrosis,1,singleton_or_local_review
GI::Appendix::Congenital_Structural::Diverticulosis,1,singleton_or_local_review
GI::Appendix::Infectious::Actinomycosis,1,singleton_or_local_review
GI::Appendix::Infectious::Adenovirus_And_Measles,1,singleton_or_local_review
GI::Appendix::Infectious::CMV_Appendicitis,1,singleton_or_local_review
GI::Appendix::Inflammatory::Acute::Appendiceal_Acute_Appendicitis_Suppurative_And_Gangrenous,1,singleton_or_local_review
GI::Appendix::Inflammatory::Acute::Appendiceal_Periappendicitis,1,singleton_or_local_review
GI::Appendix::Inflammatory::Chronic_Granulomatous::Appendiceal_Granulomatous_Appendicitis_NOS,1,singleton_or_local_review
GI::Appendix::Inflammatory::Infectious::Appendiceal_Enterobius_Vermicularis_Pinworm,1,singleton_or_local_review
GI::Appendix::Inflammatory::Interval_Appendicitis,1,singleton_or_local_review
GI::Appendix::Inflammatory::Obstructive::Appendiceal_Fibrous_Obliteration_Neuroma,1,singleton_or_local_review
GI::Appendix::Inflammatory::Xanthogranulomatous_Inflammation,1,singleton_or_local_review
GI::Appendix::Neoplastic::Adenocarcinoma::Appendiceal_Adenocarcinoma_Intestinal_Type,1,singleton_or_local_review
GI::Appendix::Neoplastic::Adenocarcinoma::Appendiceal_Goblet_Cell_Adenocarcinoma,1,singleton_or_local_review
GI::Appendix::Neoplastic::Gastrointestinal_Stromal_Tumor,1,singleton_or_local_review
GI::Appendix::Neoplastic::Inverted_Appendix,1,singleton_or_local_review
GI::Appendix::Neoplastic::Malignant::Lamn_And_Hamn,1,singleton_or_local_review
GI::Appendix::Neoplastic::Malignant::Pseudomyxoma_Peritonei_Mucinous_Carcinoma_Peritonei,1,singleton_or_local_review
GI::Appendix::Neoplastic::Malignant::Staging_Carcinoma_Mucinous_Neoplasms,1,singleton_or_local_review
GI::Appendix::Neoplastic::Mucinous::Appendiceal_Mucinous_Adenocarcinoma_Invasive,1,singleton_or_local_review
GI::Appendix::Neoplastic::Polyp::Appendiceal_Sessile_Serrated_Lesion,1,singleton_or_local_review
GI::Biliary::Concept::Classification::Benign_Recurrent_Intrahepatic_Cholestasis,1,singleton_or_local_review
GI::Biliary::Concept::Classification::Liver_Transplantation_Overview,1,singleton_or_local_review
GI::Biliary::Concept::Classification::WHO_Classification,1,singleton_or_local_review
GI::Biliary::Concept::Management_Workup::Hereditary_Hemorrhagic_Telangiectasia,1,singleton_or_local_review
GI::Biliary::Congenital_Structural::Ancillary_Techniques,1,singleton_or_local_review
GI::Biliary::Congenital_Structural::Choledochal_Cyst,1,singleton_or_local_review
GI::Biliary::Congenital_Structural::Polycystic_Liver_Disease,1,singleton_or_local_review
GI::Biliary::Depositional_Metabolic::Transplantation_Surgical_Vascular_Complications,1,singleton_or_local_review
GI::Biliary::Infectious::Visceral_Myopathy,1,singleton_or_local_review
GI::Biliary::Inflammatory::Caroli_Disease,1,singleton_or_local_review
GI::Biliary::Inflammatory::Chronic_Hepatitis,1,singleton_or_local_review
GI::Biliary::Inflammatory::Chronic_Hepatitis_Grading_Staging,1,singleton_or_local_review
GI::Biliary::Inflammatory::Granulomatous_Hepatitis,1,singleton_or_local_review
GI::Biliary::Inflammatory::Neutrophilic_Dermatosis_Associated_With_Gastrointestinal_And_Hepatobiliary_Disease,1,singleton_or_local_review
GI::Biliary::Inflammatory::Obstructive::Large_Duct_Obstruction,1,singleton_or_local_review
GI::Biliary::Inflammatory::Portal_Vein_Obstruction,1,singleton_or_local_review
GI::Biliary::Inflammatory::Primary_Biliary_Cholangitis,1,singleton_or_local_review
GI::Biliary::Inflammatory::Pyogenic_Abscess,1,singleton_or_local_review
GI::Biliary::Inflammatory::Secondary_Biliary_Cirrhosis,1,singleton_or_local_review
GI::Biliary::Inflammatory::WHO_Reporting_System_For_Pancreaticobiliary_Cytopathology,1,singleton_or_local_review
GI::Biliary::Neoplastic::Intraductal_Papillary_Neoplasm_Of_The_Bile_Ducts,1,singleton_or_local_review
GI::Biliary::Neoplastic::Intrahepatic_Biliary_Atresia,1,singleton_or_local_review
GI::Biliary::Neoplastic::Precursor::Biliary_Intraepithelial_Neoplasia_BilIN,1,singleton_or_local_review
GI::Biliary::Neoplastic::Precursor::Other_Flukes_Clonorchis_Opisthorchis,1,singleton_or_local_review
GI::Biliary::Normal_Histology::Anatomy_And_Histology,1,singleton_or_local_review
GI::Biliary::Normal_Histology::Extrahepatic_Biliary_Atresia,1,singleton_or_local_review
GI::Colon::Concept::Classification::Escherichia_Coli,1,singleton_or_local_review
GI::Colon::Concept::Classification::HER2_Colon,1,singleton_or_local_review
GI::Colon::Concept::Classification::Mast_Cell_Disorders,1,singleton_or_local_review
GI::Colon::Concept::Classification::Salmonella_Typhoid_And_Nontyphoidal,1,singleton_or_local_review
GI::Colon::Concept::Classification::WHO_Classification,1,singleton_or_local_review
GI::Colon::Concept::Laboratory_Operations::Yersiniosis,1,singleton_or_local_review
GI::Colon::Concept::Management_Workup::Ibd_Associated,1,singleton_or_local_review
GI::Colon::Concept::Management_Workup::Posttreatment_Changes,1,singleton_or_local_review
GI::Colon::Concept::Management_Workup::Volvulus,1,singleton_or_local_review
GI::Colon::Concept::Molecular_Genetics::Apc_Gene,1,singleton_or_local_review
GI::Colon::Concept::Molecular_Genetics::Colon_Cancer_Biomarker_Testing_Including_MSI_Lynch,1,singleton_or_local_review
GI::Colon::Concept::Molecular_Genetics::Common_Variable_Immunodeficiency_Cvid,1,singleton_or_local_review
GI::Colon::Concept::Molecular_Genetics::Graft_Versus_Host_Disease,1,singleton_or_local_review
GI::Colon::Concept::Molecular_Genetics::Microsatellite_Instability_Pathway,1,singleton_or_local_review
GI::Colon::Concept::Molecular_Genetics::Serrated_Lesions_General,1,singleton_or_local_review
GI::Colon::Concept::Molecular_Genetics::Serrated_Pathway,1,singleton_or_local_review
GI::Colon::Concept::Other::Apoptotic_Colopathy,1,singleton_or_local_review
GI::Colon::Concept::Other::Ehlers_Danlos_Syndrome,1,singleton_or_local_review
GI::Colon::Concept::Other::Gardner_Syndrome,1,singleton_or_local_review
GI::Colon::Concept::Other::Idiopathic_Retroperitoneal_Fibrosis,1,singleton_or_local_review
GI::Colon::Concept::Other::Intestinal_Spirochetosis,1,singleton_or_local_review
GI::Colon::Concept::Other::Xanthoma,1,singleton_or_local_review
GI::Colon::Concept::Reporting_Grossing::Endometriosis,1,singleton_or_local_review
GI::Colon::Concept::Reporting_Grossing::Grossing_And_Features_To_Report,1,singleton_or_local_review
GI::Colon::Concept::Reporting_Grossing::Infarct,1,singleton_or_local_review
GI::Colon::Congenital_Structural::Adhesions,1,singleton_or_local_review
GI::Colon::Congenital_Structural::Aganglionosis::Colonic_Hirschsprung_Disease,1,singleton_or_local_review
GI::Colon::Congenital_Structural::Atresia,1,singleton_or_local_review
GI::Colon::Congenital_Structural::Cyst_Of_Retrorectal_Space,1,singleton_or_local_review
GI::Colon::Congenital_Structural::Diverticulosis,1,singleton_or_local_review
GI::Colon::Congenital_Structural::Duplication,1,singleton_or_local_review
GI::Colon::Congenital_Structural::Mucosal_Schwann_Cell_Hamartoma,1,singleton_or_local_review
GI::Colon::Congenital_Structural::Pneumatosis_Cystoides_Intestinalis,1,singleton_or_local_review
GI::Colon::Congenital_Structural::Structural::Colonic_Solitary_Rectal_Ulcer_SyndROME_Prolapse,1,singleton_or_local_review
GI::Colon::Congenital_Structural::Tailgut_Cyst,1,singleton_or_local_review
GI::Colon::Depositional_Metabolic::Amyloidosis,1,singleton_or_local_review
GI::Colon::Depositional_Metabolic::Chronic_Intestinal_Pseudo_Obstruction,1,singleton_or_local_review
GI::Colon::Depositional_Metabolic::Melanosis_Coli,1,singleton_or_local_review
GI::Colon::Depositional_Metabolic::Vibrio_Cholerae,1,singleton_or_local_review
GI::Colon::Infectious::Adenovirus,1,singleton_or_local_review
GI::Colon::Infectious::Amebic_Colitis,1,singleton_or_local_review
GI::Colon::Infectious::Balantidiasis,1,singleton_or_local_review
GI::Colon::Infectious::Basidiobolomycosis,1,singleton_or_local_review
GI::Colon::Infectious::Campylobacter_Jejuni,1,singleton_or_local_review
GI::Colon::Infectious::Covid_19_Associated_Colitis,1,singleton_or_local_review
GI::Colon::Infectious::Cryptosporidiosis,1,singleton_or_local_review
GI::Colon::Infectious::Cytomegalovirus_CMV,1,singleton_or_local_review
GI::Colon::Infectious::Fasciola,1,singleton_or_local_review
GI::Colon::Infectious::Malakoplakia,1,singleton_or_local_review
GI::Colon::Infectious::Mycobacterium_Avium_Intracellulare,1,singleton_or_local_review
GI::Colon::Infectious::Pyogenic_Granuloma,1,singleton_or_local_review
GI::Colon::Infectious::Sapovirus,1,singleton_or_local_review
GI::Colon::Infectious::Schistosomiasis,1,singleton_or_local_review
GI::Colon::Infectious::Sexually_Transmitted_Infectious_Colitis_Proctitis,1,singleton_or_local_review
GI::Colon::Infectious::Shigella,1,singleton_or_local_review
GI::Colon::Infectious::Trichuriasis,1,singleton_or_local_review
GI::Colon::Infectious::Tuberculosis,1,singleton_or_local_review
GI::Colon::Inflammatory::Acute_Self_Limited_Colitis,1,singleton_or_local_review
GI::Colon::Inflammatory::Angiotensin_Receptor_Blocker_Arb_Colitis,1,singleton_or_local_review
GI::Colon::Inflammatory::Anti_PD1_Associated_Colitis,1,singleton_or_local_review
GI::Colon::Inflammatory::Behcets_Syndrome,1,singleton_or_local_review
GI::Colon::Inflammatory::Brown_Bowel_Syndrome,1,singleton_or_local_review
GI::Colon::Inflammatory::Chemotherapy_Induced_Colitis,1,singleton_or_local_review
GI::Colon::Inflammatory::Chronic_Granulomatous_Disease,1,singleton_or_local_review
GI::Colon::Inflammatory::Colitis_Cystica_Profunda,1,singleton_or_local_review
GI::Colon::Inflammatory::Collagenous_Colitis,1,singleton_or_local_review
GI::Colon::Inflammatory::Crohns_Disease,1,singleton_or_local_review
GI::Colon::Inflammatory::Diversion_Colitis,1,singleton_or_local_review
GI::Colon::Inflammatory::Eosinophilic_Gastroenterocolitis,1,singleton_or_local_review
GI::Colon::Inflammatory::Focal_Active_Colitis,1,singleton_or_local_review
GI::Colon::Inflammatory::Foreign_Materials_Food,1,singleton_or_local_review
GI::Colon::Inflammatory::Idelalisib_Associated,1,singleton_or_local_review
GI::Colon::Inflammatory::Infarcted_Epiploic_Appendages,1,singleton_or_local_review
GI::Colon::Inflammatory::Inflammatory_Bowel_Disease_Indeterminate_Type,1,singleton_or_local_review
GI::Colon::Inflammatory::Ipilimumab_Associated_Colitis,1,singleton_or_local_review
GI::Colon::Inflammatory::Ischemic_Colitis,1,singleton_or_local_review
GI::Colon::Inflammatory::Lymphocytic_Colitis,1,singleton_or_local_review
GI::Colon::Inflammatory::Mycophenolate_Mofetil_Associated_Colitis,1,singleton_or_local_review
GI::Colon::Inflammatory::Nsaid_Associated_Colitis,1,singleton_or_local_review
GI::Colon::Inflammatory::Pill_Fragment_Associated_Colitis,1,singleton_or_local_review
GI::Colon::Inflammatory::Pseudomembranous_Colitis,1,singleton_or_local_review
GI::Colon::Inflammatory::Pulse_Granuloma,1,singleton_or_local_review
GI::Colon::Inflammatory::Radiation_Enterocolitis,1,singleton_or_local_review
GI::Colon::Inflammatory::Reactive_Nodular_Fibrous_Pseudotumor,1,singleton_or_local_review
GI::Colon::Inflammatory::Sclerosing_Mesenteritis,1,singleton_or_local_review
GI::Colon::Inflammatory::Secukinumab_Induced_Colitis,1,singleton_or_local_review
GI::Colon::Inflammatory::Segmental_Colitis_Associated_With_Diverticula_Scad,1,singleton_or_local_review
GI::Colon::Inflammatory::Stercoral_Ulcer,1,singleton_or_local_review
GI::Colon::Inflammatory::Typhlitis,1,singleton_or_local_review
GI::Colon::Inflammatory::Ulcerative_Colitis_And_Proctitis,1,singleton_or_local_review
GI::Colon::Inflammatory::Vasculitis,1,singleton_or_local_review
GI::Colon::Neoplastic::Adenocarcinoma::Colonic_Adenocarcinoma_Arising_In_Adenoma,1,singleton_or_local_review
GI::Colon::Neoplastic::Benign::Adenoma,1,singleton_or_local_review
GI::Colon::Neoplastic::Benign::Adenoma_Overview,1,singleton_or_local_review
GI::Colon::Neoplastic::Benign::Elastofibromatous_Change,1,singleton_or_local_review
GI::Colon::Neoplastic::Benign::Serrated_Epithelial_Change,1,singleton_or_local_review
GI::Colon::Neoplastic::Benign::Traditional_Serrated_Adenoma,1,singleton_or_local_review
GI::Colon::Neoplastic::Benign::Tubulovillous_Villous_Adenoma,1,singleton_or_local_review
GI::Colon::Neoplastic::Cronkhite_Canada_Syndrome,1,singleton_or_local_review
GI::Colon::Neoplastic::Gastrointestinal_Stromal_Tumor,1,singleton_or_local_review
GI::Colon::Neoplastic::Hemangioma,1,singleton_or_local_review
GI::Colon::Neoplastic::IBD_Associated::Colonic_Dysplasia_And_IBD_Related_Adenocarcinoma,1,singleton_or_local_review
GI::Colon::Neoplastic::Idiopathic_Myointimal_Hyperplasia_Of_Mesenteric_Veins,1,singleton_or_local_review
GI::Colon::Neoplastic::Lifting_Agent_Granuloma,1,singleton_or_local_review
GI::Colon::Neoplastic::Malignant::Aberrant_Crypt_Foci,1,singleton_or_local_review
GI::Colon::Neoplastic::Malignant::Adenocarcinoma,1,singleton_or_local_review
GI::Colon::Neoplastic::Malignant::Adenoma_With_Invasive_Carcinoma,1,singleton_or_local_review
GI::Colon::Neoplastic::Malignant::Chagas_Disease_Trypanosomiasis,1,singleton_or_local_review
GI::Colon::Neoplastic::Malignant::Chromosomal_Instability_And_Mutyh_Pathways,1,singleton_or_local_review
GI::Colon::Neoplastic::Malignant::Colon_Carcinoma_Overview,1,singleton_or_local_review
GI::Colon::Neoplastic::Malignant::Hepatoid_Carcinoma,1,singleton_or_local_review
GI::Colon::Neoplastic::Malignant::Histoplasmosis,1,singleton_or_local_review
GI::Colon::Neoplastic::Malignant::Intramucosal_Carcinoma,1,singleton_or_local_review
GI::Colon::Neoplastic::Malignant::Leiomyosarcoma,1,singleton_or_local_review
GI::Colon::Neoplastic::Malignant::Low_Grade_Tubuloglandular_Adenocarcinoma,1,singleton_or_local_review
GI::Colon::Neoplastic::Malignant::Lymphoglandular_Complex_Like_Colorectal_Carcinoma,1,singleton_or_local_review
GI::Colon::Neoplastic::Malignant::Medullary_Carcinoma,1,singleton_or_local_review
GI::Colon::Neoplastic::Malignant::Micropapillary_Carcinoma,1,singleton_or_local_review
GI::Colon::Neoplastic::Malignant::Scleroderma,1,singleton_or_local_review
GI::Colon::Neoplastic::Malignant::Serrated_Adenocarcinoma_Sac,1,singleton_or_local_review
GI::Colon::Neoplastic::Malignant::Signet_Ring_Cell_Carcinoma,1,singleton_or_local_review
GI::Colon::Neoplastic::Malignant::Staging_Carcinoma,1,singleton_or_local_review
GI::Colon::Neoplastic::Malignant::Turcot_Syndrome,1,singleton_or_local_review
GI::Colon::Neoplastic::Mucosal_Prolapse_Polyp,1,singleton_or_local_review
GI::Colon::Neoplastic::Muir_Torre_Syndrome,1,singleton_or_local_review
GI::Colon::Neoplastic::Polyp_Overview,1,singleton_or_local_review
GI::Colon::Neoplastic::Precursor::Intestinal_Neuronal_Dysplasia,1,singleton_or_local_review
GI::Colon::Neoplastic::Precursor::Nonconventional_Dysplasia,1,singleton_or_local_review
GI::Colon::Normal_Histology::Anatomy_And_Histology,1,singleton_or_local_review
GI::Colon::Normal_Histology::Tactile_Corpuscle_Like_Bodies,1,singleton_or_local_review
GI::Esophagus::Concept::Reporting_Grossing::Graft_Versus_Host_Disease,1,singleton_or_local_review
GI::Esophagus::Concept::Reporting_Grossing::Grossing_And_Features_To_Report,1,singleton_or_local_review
GI::Esophagus::Concept::Staging::Staging,1,singleton_or_local_review
GI::Esophagus::Congenital_Structural::Diverticula,1,singleton_or_local_review
GI::Esophagus::Congenital_Structural::Esophageal_Cysts_And_Duplications,1,singleton_or_local_review
GI::Esophagus::Congenital_Structural::Heterotopic_Ectopic_Sebaceous_Glands,1,singleton_or_local_review
GI::Esophagus::Congenital_Structural::Mechanical::Achalasia_Disorder,1,singleton_or_local_review
GI::Esophagus::Congenital_Structural::Pancreatic_Acinar_Metaplasia,1,singleton_or_local_review
GI::Esophagus::Congenital_Structural::Vascular::Esophageal_Varices,1,singleton_or_local_review
GI::Esophagus::Heterotopia::Esophageal_Gastric_Heterotopia_Inlet_Patch,1,singleton_or_local_review
GI::Esophagus::Infectious::Esophageal_Manifestations_Of_Collagen_Vascular_Disease,1,singleton_or_local_review
GI::Esophagus::Inflammatory::Crohns_Disease,1,singleton_or_local_review
GI::Esophagus::Inflammatory::Esophagitis::Esophageal_Eosinophilic_Esophagitis,1,singleton_or_local_review
GI::Esophagus::Inflammatory::Esophagitis::Esophageal_Esophagitis_Overview_NOS,1,singleton_or_local_review
GI::Esophagus::Inflammatory::Esophagitis::Esophageal_Lymphocytic_Esophagitis,1,singleton_or_local_review
GI::Esophagus::Inflammatory::Esophagitis::Esophageal_Sloughing_Esophagitis_Dissecans,1,singleton_or_local_review
GI::Esophagus::Inflammatory::Hsv_Esophagitis,1,singleton_or_local_review
GI::Esophagus::Inflammatory::Infectious::Esophageal_Candida_Esophagitis,1,singleton_or_local_review
GI::Esophagus::Inflammatory::Infectious::Esophageal_Cytomegalovirus_Esophagitis,1,singleton_or_local_review
GI::Esophagus::Inflammatory::Infectious::Esophageal_Herpes_Simplex_Virus_Esophagitis,1,singleton_or_local_review
GI::Esophagus::Inflammatory::Infectious::HIV_Associated_Esophageal_Ulcers,1,singleton_or_local_review
GI::Esophagus::Inflammatory::Injury::Esophageal_Chemical_Corrosive_Esophagitis,1,singleton_or_local_review
GI::Esophagus::Inflammatory::Injury::Esophageal_Pill_Induced_Esophagitis,1,singleton_or_local_review
GI::Esophagus::Inflammatory::Injury::Esophageal_Radiation_Esophagitis,1,singleton_or_local_review
GI::Esophagus::Inflammatory::Lichenoid_Esophagitis,1,singleton_or_local_review
GI::Esophagus::Inflammatory::Reflux_Esophagitis_Gastroesophageal_Reflux_Disease,1,singleton_or_local_review
GI::Esophagus::Metaplastic::Barrett::Esophageal_Barrett_Mucosa_High_Grade_Dysplasia,1,singleton_or_local_review
GI::Esophagus::Metaplastic::Barrett::Esophageal_Barrett_Mucosa_Overview,1,singleton_or_local_review
GI::Esophagus::Metaplastic::Squamous::Esophageal_Epidermoid_Metaplasia,1,singleton_or_local_review
GI::Esophagus::Neoplastic::Adenocarcinoma::Esophageal_Adenocarcinoma_Conventional,1,singleton_or_local_review
GI::Esophagus::Neoplastic::Benign::Glycogenic_Acanthosis,1,singleton_or_local_review
GI::Esophagus::Neoplastic::Gastrointestinal_Stromal_Tumor,1,singleton_or_local_review
GI::Esophagus::Neoplastic::Malignant::Esophageal_Sarcoma_Overview,1,singleton_or_local_review
GI::Esophagus::Neoplastic::Malignant::Sarcomatoid_Carcinoma,1,singleton_or_local_review
GI::Esophagus::Neoplastic::Squamous::Esophageal_Squamous_Cell_Carcinoma_Basaloid,1,singleton_or_local_review
GI::Esophagus::Neoplastic::Squamous::Esophageal_Squamous_Cell_Carcinoma_Verrucous,1,singleton_or_local_review
GI::Esophagus::Neoplastic::Squamous::Esophageal_Squamous_Dysplasia,1,singleton_or_local_review
GI::Esophagus::Neoplastic::Squamous::Esophageal_Squamous_Papilloma,1,singleton_or_local_review
GI::Esophagus::Normal_Histology::Anatomy_Embryology_And_Histology,1,singleton_or_local_review
GI::Esophagus::Normal_Histology::Melanocytosis,1,singleton_or_local_review
GI::General::Neoplastic::Metastatic::Carcinoma_Of_Unknown_Primary_CUP,1,singleton_or_local_review
GI::General::Neoplastic::Metastatic::Metastases_To_Digestive_System_Sites,1,singleton_or_local_review
GI::General::Neoplastic::Neuroendocrine::Paraganglioma,1,singleton_or_local_review
GI::Hematolymphoid::T_Cell_Lymphoma::Indolent_T_Cell_Lymphoma_GI_Tract,1,singleton_or_local_review
GI::Liver::Concept::Classification::Alagille_Syndrome,1,singleton_or_local_review
GI::Liver::Concept::Classification::Focal_Fatty_Change,1,singleton_or_local_review
GI::Liver::Concept::Classification::Gaucher_Disease,1,singleton_or_local_review
GI::Liver::Concept::Classification::Portal_Hypertension,1,singleton_or_local_review
GI::Liver::Concept::Classification::Portosinusoidal_Vascular_Disease,1,singleton_or_local_review
GI::Liver::Concept::Classification::Sinusoidal_Obstruction_Syndrome_Venoocclusive_Disease_Sos_Vod,1,singleton_or_local_review
GI::Liver::Concept::Grading::High_Grade_Dysplastic_Nodule,1,singleton_or_local_review
GI::Liver::Concept::Grading::Low_Grade_Dysplastic_Nodule,1,singleton_or_local_review
GI::Liver::Concept::Laboratory_Operations::Cirrhosis,1,singleton_or_local_review
GI::Liver::Concept::Laboratory_Operations::Fasciola_Hepatica,1,singleton_or_local_review
GI::Liver::Concept::Molecular_Genetics::Alcohol_Associated_Liver_Disease,1,singleton_or_local_review
GI::Liver::Concept::Molecular_Genetics::Erythropoietic_Protoporphyria,1,singleton_or_local_review
GI::Liver::Concept::Molecular_Genetics::Large_Regenerative_Nodule,1,singleton_or_local_review
GI::Liver::Concept::Molecular_Genetics::Macroregenerative_Nodule,1,singleton_or_local_review
GI::Liver::Concept::Molecular_Genetics::Navajo_Hepatopathy,1,singleton_or_local_review
GI::Liver::Concept::Molecular_Genetics::Primary_Hyperoxaluria,1,singleton_or_local_review
GI::Liver::Concept::Molecular_Genetics::Vascular_Disorders_General,1,singleton_or_local_review
GI::Liver::Concept::Other::Amiodarone,1,singleton_or_local_review
GI::Liver::Concept::Other::Ascites,1,singleton_or_local_review
GI::Liver::Concept::Other::Liver_Function_Test_Panel,1,singleton_or_local_review
GI::Liver::Concept::Other::Peliosis_Hepatis,1,singleton_or_local_review
GI::Liver::Concept::Procedure_Specimen::Biopsy,1,singleton_or_local_review
GI::Liver::Concept::Procedure_Specimen::Donor_Liver_Frozen_Section_Evaluation,1,singleton_or_local_review
GI::Liver::Concept::Reporting_Grossing::Budd_Chiari_Syndrome,1,singleton_or_local_review
GI::Liver::Concept::Reporting_Grossing::Grossing_Frozen_Section_And_Features_To_Report,1,singleton_or_local_review
GI::Liver::Congenital_Structural::Cardiac_Congestive_Hepatopathy_And_Fontan_Associated_Liver_Disease,1,singleton_or_local_review
GI::Liver::Congenital_Structural::Congenital_Hepatic_Fibrosis,1,singleton_or_local_review
GI::Liver::Congenital_Structural::Cystic_Fibrosis,1,singleton_or_local_review
GI::Liver::Congenital_Structural::Echinococcal_Cyst,1,singleton_or_local_review
GI::Liver::Congenital_Structural::Foregut_Cyst,1,singleton_or_local_review
GI::Liver::Congenital_Structural::Von_Meyenburg_Complex,1,singleton_or_local_review
GI::Liver::Depositional_Metabolic::Arterial_Disorders,1,singleton_or_local_review
GI::Liver::Depositional_Metabolic::Forms_Of_Hepatic_Injury,1,singleton_or_local_review
GI::Liver::Depositional_Metabolic::Glycogen_Storage_Diseases,1,singleton_or_local_review
GI::Liver::Depositional_Metabolic::Glycogenic_Hepatopathy,1,singleton_or_local_review
GI::Liver::Depositional_Metabolic::Hemochromatosis,1,singleton_or_local_review
GI::Liver::Depositional_Metabolic::Lysosomal_Acid_Lipase_Deficiency,1,singleton_or_local_review
GI::Liver::Depositional_Metabolic::Niemann_Pick_Disease,1,singleton_or_local_review
GI::Liver::Depositional_Metabolic::Segmental_Atrophy,1,singleton_or_local_review
GI::Liver::Depositional_Metabolic::Wilson_Disease,1,singleton_or_local_review
GI::Liver::Infectious::Adenovirus_Hepatitis,1,singleton_or_local_review
GI::Liver::Infectious::Chronic_Viral_Hepatitis,1,singleton_or_local_review
GI::Liver::Infectious::Covid_19,1,singleton_or_local_review
GI::Liver::Infectious::Entamoeba_Histolytica_Abscess,1,singleton_or_local_review
GI::Liver::Infectious::Hcc_Fibrolamellar_Variant,1,singleton_or_local_review
GI::Liver::Infectious::Hcc_Lymphocyte_Rich,1,singleton_or_local_review
GI::Liver::Infectious::Hepatic_Failure,1,singleton_or_local_review
GI::Liver::Infectious::Hepatitis_A_Virus_Hav,1,singleton_or_local_review
GI::Liver::Infectious::Hepatitis_B_Virus_Hbv,1,singleton_or_local_review
GI::Liver::Infectious::Hepatitis_C_Virus_Hcv,1,singleton_or_local_review
GI::Liver::Infectious::Q_Fever,1,singleton_or_local_review
GI::Liver::Infectious::Reye_Syndrome,1,singleton_or_local_review
GI::Liver::Infectious::Schistosomiasis,1,singleton_or_local_review
GI::Liver::Inflammatory::Acute_Antibody_Mediated_Rejection_Including_Hyperacute_Rejection,1,singleton_or_local_review
GI::Liver::Inflammatory::Acute_Hepatitis_General,1,singleton_or_local_review
GI::Liver::Inflammatory::Acute_T_Cell_Mediated_Rejection,1,singleton_or_local_review
GI::Liver::Inflammatory::Ascending_Cholangitis,1,singleton_or_local_review
GI::Liver::Inflammatory::Autoimmune::Hepatic_Autoimmune_Hepatitis_Overlap_Syndromes,1,singleton_or_local_review
GI::Liver::Inflammatory::Autoimmune_Cholangitis,1,singleton_or_local_review
GI::Liver::Inflammatory::Checkpoint_Inhibitor_Associated_Hepatitis,1,singleton_or_local_review
GI::Liver::Inflammatory::Cholangitis_Lenta_Sepsis,1,singleton_or_local_review
GI::Liver::Inflammatory::Chronic_Antibody_Mediated_Rejection,1,singleton_or_local_review
GI::Liver::Inflammatory::Chronic_Rejection,1,singleton_or_local_review
GI::Liver::Inflammatory::Diagnostic_Patterns_Differential_Diagnosis,1,singleton_or_local_review
GI::Liver::Inflammatory::Drug_Toxin_Induced_Hepatitis_Acetaminophen,1,singleton_or_local_review
GI::Liver::Inflammatory::Drug_Toxin_Induced_Hepatitis_Dili_General,1,singleton_or_local_review
GI::Liver::Inflammatory::Hepatitis_Acute_And_Chronic_General,1,singleton_or_local_review
GI::Liver::Inflammatory::Late_T_Cell_Mediated_Cellular_Rejection,1,singleton_or_local_review
GI::Liver::Inflammatory::Metabolic_Dysfunction_Associated_Steatotic_Liver_Disease_Masld_Metabolic_Dysfunction_Associated_Steat_48e62ede,1,singleton_or_local_review
GI::Liver::Inflammatory::Methotrexate,1,singleton_or_local_review
GI::Liver::Inflammatory::Neonatal_Hepatitis,1,singleton_or_local_review
GI::Liver::Inflammatory::Pregnancy,1,singleton_or_local_review
GI::Liver::Inflammatory::Primary_Sclerosing_Cholangitis,1,singleton_or_local_review
GI::Liver::Inflammatory::Reactive_Lymphoid_Hyperplasia_Pseudolymphoma,1,singleton_or_local_review
GI::Liver::Inflammatory::Recurrent_Disease,1,singleton_or_local_review
GI::Liver::Inflammatory::Recurrent_Pyogenic_Cholangitis,1,singleton_or_local_review
GI::Liver::Neoplastic::Benign::Hepatocellular_Adenoma,1,singleton_or_local_review
GI::Liver::Neoplastic::Benign_Biliary::Bile_Duct_Adenoma,1,singleton_or_local_review
GI::Liver::Neoplastic::Benign_Biliary::Biliary_Adenofibroma,1,singleton_or_local_review
GI::Liver::Neoplastic::Ductular_Reaction,1,singleton_or_local_review
GI::Liver::Neoplastic::Extramedullary_Hematopoiesis,1,singleton_or_local_review
GI::Liver::Neoplastic::Hcc_Steatohepatitic,1,singleton_or_local_review
GI::Liver::Neoplastic::Hemangioma,1,singleton_or_local_review
GI::Liver::Neoplastic::Hepatic_Infantile_Hemangioma,1,singleton_or_local_review
GI::Liver::Neoplastic::Malignant::Alpha_1_Antitrypsin_Deficiency,1,singleton_or_local_review
GI::Liver::Neoplastic::Malignant::Hcc_Clear_Cell_Variant,1,singleton_or_local_review
GI::Liver::Neoplastic::Malignant::Hcc_Sarcomatoid_Variant,1,singleton_or_local_review
GI::Liver::Neoplastic::Malignant::Hcc_Scirrhous_Type,1,singleton_or_local_review
GI::Liver::Neoplastic::Malignant::Hcc_Undifferentiated_Variant,1,singleton_or_local_review
GI::Liver::Neoplastic::Malignant::Hepatic_Small_Vessel_Neoplasm,1,singleton_or_local_review
GI::Liver::Neoplastic::Malignant::Hepatoblastoma,1,singleton_or_local_review
GI::Liver::Neoplastic::Malignant::Hepatocellular_Carcinoma_Overview,1,singleton_or_local_review
GI::Liver::Neoplastic::Malignant::Staging_Cholangiocarcinoma,1,singleton_or_local_review
GI::Liver::Neoplastic::Malignant::Staging_Hepatocellular_Carcinoma,1,singleton_or_local_review
GI::Liver::Neoplastic::Malignant_Biliary::Intrahepatic_Cholangiocarcinoma_Large_Duct,1,singleton_or_local_review
GI::Liver::Neoplastic::Malignant_Mixed::Combined_Hepatocellular_Cholangiocarcinoma,1,singleton_or_local_review
GI::Liver::Neoplastic::Mesenchymal::Embryonal_Sarcoma,1,singleton_or_local_review
GI::Liver::Neoplastic::Mesenchymal::Hepatic_Mesenchymal_Hamartoma,1,singleton_or_local_review
GI::Liver::Neoplastic::Metastatic::Metastases_To_Liver,1,singleton_or_local_review
GI::Liver::Neoplastic::Mixed::Calcifying_Nested_Stromal_Epithelial_Tumor,1,singleton_or_local_review
GI::Liver::Neoplastic::Precursor::Liver_Cell_Dysplasia,1,singleton_or_local_review
GI::Liver::Normal_Histology::Liver_Dysfunction,1,singleton_or_local_review
GI::Liver::Normal_Histology::Malnutrition_Total_Parenteral_Nutrition,1,singleton_or_local_review
GI::Mesenchymal::Adipocytic::Liposarcoma,1,singleton_or_local_review
GI::Mesenchymal::Fibroblastic_Adipose::Inflammatory_Fibroid_Polyp,1,singleton_or_local_review
GI::Mesenchymal::Muscle::Leiomyosarcoma,1,singleton_or_local_review
GI::Mesenchymal::Neural::Ganglioneuromatosis,1,singleton_or_local_review
GI::Mesenchymal::Neural::Perineurioma,1,singleton_or_local_review
GI::Mesenchymal::Smooth_Muscle::Smooth_Muscle_Tumors,1,singleton_or_local_review
GI::Mesenchymal::Uncertain_Diff::PEComa_including_Angiomyolipoma,1,singleton_or_local_review
GI::Mesenchymal::Vascular::Epithelioid_Hemangioendothelioma,1,singleton_or_local_review
GI::Mesenchymal::Vascular::Kaposi_Sarcoma,1,singleton_or_local_review
GI::Other::Mucosal_Melanoma_of_the_Digestive_System,1,singleton_or_local_review
GI::Other::Neoplastic::Intra_Ampullary_Papillary_Tubular_Neoplasm_Iapn,1,singleton_or_local_review
GI::Other::Neoplastic::Malignant::Adenocarcinoma_Ampulla,1,singleton_or_local_review
GI::Other::Normal_Histology::Anatomy_And_Histology_Ampulla,1,singleton_or_local_review
GI::Pancreas::Benign_Precursors::Acinar_Cystic_Transformation_of_the_Pancreas,1,singleton_or_local_review
GI::Pancreas::Concept::Classification::Nesidioblastosis,1,singleton_or_local_review
GI::Pancreas::Concept::Classification::Progressive_Familial_Intrahepatic_Cholestasis,1,singleton_or_local_review
GI::Pancreas::Concept::Classification::WHO_Classification,1,singleton_or_local_review
GI::Pancreas::Concept::Grading::Risk_Stratification_Of_Ipmns,1,singleton_or_local_review
GI::Pancreas::Concept::Management_Workup::Heterotopic_Pancreas,1,singleton_or_local_review
GI::Pancreas::Concept::Procedure_Specimen::Frozen_Section,1,singleton_or_local_review
GI::Pancreas::Concept::Reporting_Grossing::Features_To_Report_Pancreatectomy,1,singleton_or_local_review
GI::Pancreas::Concept::Reporting_Grossing::Grossing,1,singleton_or_local_review
GI::Pancreas::Concept::Staging::Staging_Exocrine,1,singleton_or_local_review
GI::Pancreas::Congenital_Structural::Cystic_Fibrosis,1,singleton_or_local_review
GI::Pancreas::Congenital_Structural::Lymphoepithelial_Cysts,1,singleton_or_local_review
GI::Pancreas::Congenital_Structural::Pseudocysts,1,singleton_or_local_review
GI::Pancreas::Congenital_Structural::Squamoid_Cyst_Of_Pancreatic_Ducts,1,singleton_or_local_review
GI::Pancreas::Congenital_Structural::True_Cysts,1,singleton_or_local_review
GI::Pancreas::Inflammatory::Acute_Pancreatitis,1,singleton_or_local_review
GI::Pancreas::Inflammatory::Allograft_Rejection,1,singleton_or_local_review
GI::Pancreas::Inflammatory::Autoimmune_Pancreatitis_Type_2,1,singleton_or_local_review
GI::Pancreas::Inflammatory::Chronic_Pancreatitis,1,singleton_or_local_review
GI::Pancreas::Inflammatory::PRSS1_Hereditary_Pancreatitis,1,singleton_or_local_review
GI::Pancreas::Neoplastic::Acth_Secreting_Tumors,1,singleton_or_local_review
GI::Pancreas::Neoplastic::Benign::MEN1_Syndrome,1,singleton_or_local_review
GI::Pancreas::Neoplastic::Benign::Serous_Cystadenoma,1,singleton_or_local_review
GI::Pancreas::Neoplastic::Blastemal::Pancreatoblastoma,1,singleton_or_local_review
GI::Pancreas::Neoplastic::Cystic::Pancreatic_Intraductal_Tubulopapillary_Neoplasm_ITPN,1,singleton_or_local_review
GI::Pancreas::Neoplastic::Cystic::Pancreatic_Mucinous_Cystic_Neoplasm,1,singleton_or_local_review
GI::Pancreas::Neoplastic::Intraductal_Papillary_Mucinous_Neoplasm_Ipmn,1,singleton_or_local_review
GI::Pancreas::Neoplastic::Malignant::Colloid_Carcinoma,1,singleton_or_local_review
GI::Pancreas::Neoplastic::Malignant::Ductal_Adenocarcinoma_NOS,1,singleton_or_local_review
GI::Pancreas::Neoplastic::Malignant::Medullary_Carcinoma,1,singleton_or_local_review
GI::Pancreas::Neoplastic::Malignant::Molecular_Genetics_Of_Pancreatic_Ductal_Carcinoma,1,singleton_or_local_review
GI::Pancreas::Neoplastic::Malignant::Staging_Ampulla_Carcinoma,1,singleton_or_local_review
GI::Pancreas::Neoplastic::Malignant::Undifferentiated_Carcinoma_With_Osteoclast_Like_Giant_Cells,1,singleton_or_local_review
GI::Pancreas::Neoplastic::Neuroendocrine::Pancreatic_NET::Gastrinoma,1,singleton_or_local_review
GI::Pancreas::Neoplastic::Neuroendocrine::Pancreatic_NET::Glucagonoma,1,singleton_or_local_review
GI::Pancreas::Neoplastic::Neuroendocrine::Pancreatic_NET::Insulinoma,1,singleton_or_local_review
GI::Pancreas::Neoplastic::Neuroendocrine::Pancreatic_NET::Somatostatinoma,1,singleton_or_local_review
GI::Pancreas::Neoplastic::Neuroendocrine::Pancreatic_NET::VIPoma,1,singleton_or_local_review
GI::Pancreas::Neoplastic::Pancreatic_Polypeptide_Secreting_Tumors,1,singleton_or_local_review
GI::Pancreas::Neoplastic::Precursor::PanIN_Pancreatic_Intraepithelial_Neoplasia,1,singleton_or_local_review
GI::Pancreas::Neoplastic::Sclerosing_Epithelioid_Mesenchymal_Neoplasm,1,singleton_or_local_review
GI::Pancreas::Neoplastic::Solid_Pseudopapillary_Neoplasm,1,singleton_or_local_review
GI::Pancreas::Normal_Histology::Anatomy_And_Histology,1,singleton_or_local_review
GI::Pancreas::Normal_Histology::Diabetes_Mellitus,1,singleton_or_local_review
GI::PathOut_Residual_Generated::Nasalallergicrhinitis,1,singleton_or_local_review
GI::PathOut_Residual_Generated::Nasalstagingnasopharynx,1,singleton_or_local_review
GI::PathOut_Residual_Generated::Oralcavitygingivalhyperplasia,1,singleton_or_local_review
GI::Small_Intestine::Concept::Classification::WHO_Classification,1,singleton_or_local_review
GI::Small_Intestine::Concept::Management_Workup::Heterotopic_Gastric_Mucosa,1,singleton_or_local_review
GI::Small_Intestine::Concept::Molecular_Genetics::Common_Variable_Immunodeficiency_Syndrome,1,singleton_or_local_review
GI::Small_Intestine::Concept::Molecular_Genetics::Malabsorption_General,1,singleton_or_local_review
GI::Small_Intestine::Concept::Other::Celiac_Sprue,1,singleton_or_local_review
GI::Small_Intestine::Concept::Reporting_Grossing::Diaphragm_Disease,1,singleton_or_local_review
GI::Small_Intestine::Concept::Reporting_Grossing::Grossing_And_Features_To_Report,1,singleton_or_local_review
GI::Small_Intestine::Congenital_Structural::Diverticula_Other_Than_Meckel,1,singleton_or_local_review
GI::Small_Intestine::Congenital_Structural::Enterogenous_Cysts,1,singleton_or_local_review
GI::Small_Intestine::Congenital_Structural::Heterotopia::Small_Intestinal_Gastric_Heterotopia,1,singleton_or_local_review
GI::Small_Intestine::Congenital_Structural::Malformation::Small_Intestinal_Lymphangioma,1,singleton_or_local_review
GI::Small_Intestine::Congenital_Structural::Malformation::Small_Intestinal_Primary_Lymphangiectasia,1,singleton_or_local_review
GI::Small_Intestine::Congenital_Structural::Pneumatosis_Cystoides_Intestinalis,1,singleton_or_local_review
GI::Small_Intestine::Congenital_Structural::Structural::Small_Intestinal_Meckel_Diverticulum,1,singleton_or_local_review
GI::Small_Intestine::Depositional_Metabolic::Ischemia,1,singleton_or_local_review
GI::Small_Intestine::Infectious::Bacterial::Small_Intestinal_Whipple_Disease,1,singleton_or_local_review
GI::Small_Intestine::Infectious::Giardia_Lamblia,1,singleton_or_local_review
GI::Small_Intestine::Infectious::Infectious_Disorders_General,1,singleton_or_local_review
GI::Small_Intestine::Inflammatory::Enteritis_Cystica_Profunda,1,singleton_or_local_review
GI::Small_Intestine::Inflammatory::IBD::Small_Intestinal_Crohn_Disease,1,singleton_or_local_review
GI::Small_Intestine::Inflammatory::Ileal_Pouch_Pouchitis,1,singleton_or_local_review
GI::Small_Intestine::Inflammatory::Injury::Small_Intestinal_Drug_Induced_Enteropathy_Olmesartan,1,singleton_or_local_review
GI::Small_Intestine::Inflammatory::Injury::Small_Intestinal_Peptic_Duodenitis,1,singleton_or_local_review
GI::Small_Intestine::Inflammatory::Lymphocytic_Enterocolitis,1,singleton_or_local_review
GI::Small_Intestine::Inflammatory::Malabsorption::Small_Intestinal_Autoimmune_Enteropathy,1,singleton_or_local_review
GI::Small_Intestine::Inflammatory::Meconium_Peritonitis,1,singleton_or_local_review
GI::Small_Intestine::Inflammatory::Radiation_Enterocolitis,1,singleton_or_local_review
GI::Small_Intestine::Inflammatory::Reactive_Nodular_Fibrous_Pseudotumor,1,singleton_or_local_review
GI::Small_Intestine::Inflammatory::Rejection,1,singleton_or_local_review
GI::Small_Intestine::Inflammatory::Retroperitoneal_Fibrosis_Sclerosing_Mesenteritis,1,singleton_or_local_review
GI::Small_Intestine::Inflammatory::Ulcerative_Colitis,1,singleton_or_local_review
GI::Small_Intestine::Neoplastic::Adenocarcinoma::Small_Intestinal_Adenocarcinoma_Conventional,1,singleton_or_local_review
GI::Small_Intestine::Neoplastic::Adenoma::Duodenal_Non_Ampullary_Adenoma,1,singleton_or_local_review
GI::Small_Intestine::Neoplastic::Benign::Heterotopic_Pancreas,1,singleton_or_local_review
GI::Small_Intestine::Neoplastic::Benign::Nonampullary_Adenoma,1,singleton_or_local_review
GI::Small_Intestine::Neoplastic::GIST,1,singleton_or_local_review
GI::Small_Intestine::Neoplastic::Malignant::Histology_Small_Intestine,1,singleton_or_local_review
GI::Small_Intestine::Neoplastic::Malignant::Immunoproliferative_Small_Intestinal_Disease_Isid,1,singleton_or_local_review
GI::Small_Intestine::Neoplastic::Malignant::Malignant_Gi_Neuroectodermal_Tumor,1,singleton_or_local_review
GI::Small_Intestine::Neoplastic::Malignant::Pseudomelanosis_Duodeni,1,singleton_or_local_review
GI::Small_Intestine::Neoplastic::Malignant::Staging_Small_Intestine_Carcinoma,1,singleton_or_local_review
GI::Small_Intestine::Polyp::Hamartoma::Small_Intestinal_Brunner_Gland_Hamartoma,1,singleton_or_local_review
GI::Stomach::Concept::Classification::WHO_Classification,1,singleton_or_local_review
GI::Stomach::Concept::Molecular_Genetics::Molecular_Pathology,1,singleton_or_local_review
GI::Stomach::Concept::Other::Cronkhite_Canada,1,singleton_or_local_review
GI::Stomach::Concept::Other::Peptic_Ulcer_Disease,1,singleton_or_local_review
GI::Stomach::Concept::Procedure_Specimen::Graft_Versus_Host_Disease,1,singleton_or_local_review
GI::Stomach::Concept::Reporting_Grossing::Features_To_Report_And_Grossing,1,singleton_or_local_review
GI::Stomach::Congenital_Structural::Arteriovenous_Malformation,1,singleton_or_local_review
GI::Stomach::Congenital_Structural::Heterotopic_Pancreas_Pancreatic_Acinar_Metaplasia,1,singleton_or_local_review
GI::Stomach::Congenital_Structural::Intestinal_Metaplasia,1,singleton_or_local_review
GI::Stomach::Congenital_Structural::Structural::Gastric_Pyloric_Stenosis,1,singleton_or_local_review
GI::Stomach::Depositional_Metabolic::Amyloid,1,singleton_or_local_review
GI::Stomach::Depositional_Metabolic::Gastric_Mucosal_Calcinosis,1,singleton_or_local_review
GI::Stomach::Depositional_Metabolic::Gastric_Xanthoma,1,singleton_or_local_review
GI::Stomach::Depositional_Metabolic::Lanthanum_Carbonate_Deposition,1,singleton_or_local_review
GI::Stomach::Gastropathy::Hypertrophic::Gastric_Menetrier_Disease,1,singleton_or_local_review
GI::Stomach::Gastropathy::Hypertrophic::Gastric_Zollinger_Ellison_Syndrome,1,singleton_or_local_review
GI::Stomach::Gastropathy::Reactive::Gastric_Proton_Pump_Inhibitor_Effect,1,singleton_or_local_review
GI::Stomach::Gastropathy::Reactive::Gastric_Reactive_Gastropathy_Chemical,1,singleton_or_local_review
GI::Stomach::Infectious::CMV,1,singleton_or_local_review
GI::Stomach::Infectious::Doxycycline,1,singleton_or_local_review
GI::Stomach::Infectious::Strongyloides_Stercoralis,1,singleton_or_local_review
GI::Stomach::Inflammatory::Eosinophilic_Gastroenterocolitis,1,singleton_or_local_review
GI::Stomach::Inflammatory::Erosive_Gastritis,1,singleton_or_local_review
GI::Stomach::Inflammatory::Gastritis::Gastric_Autoimmune_Metaplastic_Atrophic_Gastritis_AMAG,1,singleton_or_local_review
GI::Stomach::Inflammatory::Gastritis::Gastric_Collagenous_Gastritis,1,singleton_or_local_review
GI::Stomach::Inflammatory::Gastritis::Gastric_Granulomatous_Gastritis,1,singleton_or_local_review
GI::Stomach::Inflammatory::Gastritis::Gastric_Helicobacter_Heilmannii_Gastritis,1,singleton_or_local_review
GI::Stomach::Inflammatory::Gastritis::Gastric_Lymphocytic_Gastritis_Celiac_Associated,1,singleton_or_local_review
GI::Stomach::Inflammatory::Gastritis::Gastric_Multifocal_Atrophic_Gastritis,1,singleton_or_local_review
GI::Stomach::Inflammatory::Gastritis_Cystica_Polyposa,1,singleton_or_local_review
GI::Stomach::Inflammatory::Gastritis_Features_To_Report,1,singleton_or_local_review
GI::Stomach::Inflammatory::Iron_Pill_Gastritis_Pill_Gastritis,1,singleton_or_local_review
GI::Stomach::Inflammatory::Russell_Body_Gastritis,1,singleton_or_local_review
GI::Stomach::Neoplastic::Adenocarcinoma::Gastric_Adenocarcinoma_Diffuse_Signet_Ring_Type,1,singleton_or_local_review
GI::Stomach::Neoplastic::Adenocarcinoma::Gastric_Adenocarcinoma_Hepatoid_Variant,1,singleton_or_local_review
GI::Stomach::Neoplastic::Adenocarcinoma::Gastric_Carcinoma_With_Lymphoid_Stroma_EBV,1,singleton_or_local_review
GI::Stomach::Neoplastic::Adenocarcinoma::Gastric_Gastroblastoma,1,singleton_or_local_review
GI::Stomach::Neoplastic::Adenomyoma,1,singleton_or_local_review
GI::Stomach::Neoplastic::Benign::Adenomas,1,singleton_or_local_review
GI::Stomach::Neoplastic::Carcinoma::Gastric_Squamous_Cell_Carcinoma,1,singleton_or_local_review
GI::Stomach::Neoplastic::HER2_Stomach_Ge_Junction,1,singleton_or_local_review
GI::Stomach::Neoplastic::Malignant::Carcinoma_General,1,singleton_or_local_review
GI::Stomach::Neoplastic::Malignant::Hereditary_Diffuse_Gastric_Cancer,1,singleton_or_local_review
GI::Stomach::Neoplastic::Malignant::Staging_Carcinoma,1,singleton_or_local_review
GI::Stomach::Neoplastic::Mesenchymal::Gastric_GIST_Spindle_And_Epithelioid,1,singleton_or_local_review
GI::Stomach::Neoplastic::Mesenchymal::Gastric_Glomus_Tumor,1,singleton_or_local_review
GI::Stomach::Neoplastic::Mesenchymal::Gastric_Plexiform_Fibromyxoma,1,singleton_or_local_review
GI::Stomach::Neoplastic::Neuroendocrine::Gastric_Neuroendocrine_Tumor_Type_1_Autoimmune,1,singleton_or_local_review
GI::Stomach::Neoplastic::Precursor::Gastric_Dysplasia,1,singleton_or_local_review
GI::Stomach::Neoplastic::Staging_GIST,1,singleton_or_local_review
GI::Stomach::Normal_Histology::Anatomy_And_Histology,1,singleton_or_local_review
GI::Stomach::Normal_Histology::Bezoars,1,singleton_or_local_review
GI::Stomach::Polyp::Adenoma::Gastric_Oxyntic_Gland_Adenoma,1,singleton_or_local_review
GI::Stomach::Polyp::Adenoma::Gastric_Pyloric_Gland_Adenoma,1,singleton_or_local_review
GI::Stomach::Polyp::Epithelial::Gastric_Fundic_Gland_Polyp,1,singleton_or_local_review
GI::Syndrome::Cancer_Predisposition::Hereditary_Colorectal::Lynch_Syndrome,1,singleton_or_local_review
GI::Syndrome::Cancer_Predisposition::Hereditary_Pancreatic::Hereditary_Familial_Pancreatic_Cancer,1,singleton_or_local_review
GI::Syndrome::Polyposis::Adenomatous::MUTYH_Associated_Polyposis_MUTYH,1,singleton_or_local_review
GI::Syndrome::Polyposis::Adenomatous::Polymerase_Proofreading_Associated_Polyposis_POLE_POLD1,1,singleton_or_local_review
GI::Syndrome::Polyposis::Mixed::Hereditary_Mixed_Polyposis_Syndrome_GREM1,1,singleton_or_local_review
GI::Syndrome::Polyposis::Serrated::Serrated_Polyposis,1,singleton_or_local_review
GU::Bladder::Concept::Classification::Exstrophy,1,singleton_or_local_review
GU::Bladder::Concept::Classification::IHC_Overview,1,singleton_or_local_review
GU::Bladder::Concept::Classification::Ossification,1,singleton_or_local_review
GU::Bladder::Concept::Classification::WHO_Classification,1,singleton_or_local_review
GU::Bladder::Concept::Classification::WHO_Classification_Penisscrotumwho,1,singleton_or_local_review
GU::Bladder::Concept::Classification::WHO_Classification_Prostatewho,1,singleton_or_local_review
GU::Bladder::Concept::Classification::WHO_Classification_Testistestclassif,1,singleton_or_local_review
GU::Bladder::Concept::Classification::With_Squamous_Differentiation,1,singleton_or_local_review
GU::Bladder::Concept::Grading::Grading_Bladder,1,singleton_or_local_review
GU::Bladder::Concept::IHC_Markers::Prostate_Specific_Membrane_Antigen_Psma,1,singleton_or_local_review
GU::Bladder::Concept::Laboratory_Operations::Hydrocele,1,singleton_or_local_review
GU::Bladder::Concept::Management_Workup::Persistent_Cloaca,1,singleton_or_local_review
GU::Bladder::Concept::Management_Workup::Treatment_Effect,1,singleton_or_local_review
GU::Bladder::Concept::Molecular_Genetics::Splenogonadal_Fusion,1,singleton_or_local_review
GU::Bladder::Concept::Procedure_Specimen::Biopsy,1,singleton_or_local_review
GU::Bladder::Concept::Reporting_Grossing::Disorders_Of_Sexual_Differentiation,1,singleton_or_local_review
GU::Bladder::Concept::Reporting_Grossing::Features_To_Report_Grossing_And_Frozen_Section,1,singleton_or_local_review
GU::Bladder::Concept::Reporting_Grossing::Grossing_And_Features_To_Report,1,singleton_or_local_review
GU::Bladder::Concept::Reporting_Grossing::Grossing_And_Features_To_Report_Prostategrossing,1,singleton_or_local_review
GU::Bladder::Concept::Reporting_Grossing::Grossing_And_Features_To_Report_Testisgrossing,1,singleton_or_local_review
GU::Bladder::Concept::Staging::Staging,1,singleton_or_local_review
GU::Bladder::Concept::Staging::Staging_Penis,1,singleton_or_local_review
GU::Bladder::Concept::Staging::Staging_Testisstaging,1,singleton_or_local_review
GU::Bladder::Congenital_Developmental::Diverticula,1,singleton_or_local_review
GU::Bladder::Congenital_Structural::Arteriovenous_Malformation,1,singleton_or_local_review
GU::Bladder::Congenital_Structural::Duplication,1,singleton_or_local_review
GU::Bladder::Congenital_Structural::Nonneoplastic_Metaplasia,1,singleton_or_local_review
GU::Bladder::Congenital_Structural::Spermatocele,1,singleton_or_local_review
GU::Bladder::Congenital_Structural::With_Trophoblastic_Differentiation,1,singleton_or_local_review
GU::Bladder::Depositional_Metabolic::Hgpin_With_Adjacent_Atypical_Glands,1,singleton_or_local_review
GU::Bladder::Glandular_Neoplasms::Adenocarcinoma_Non_Urachal,1,singleton_or_local_review
GU::Bladder::Glandular_Neoplasms::Villous_Adenoma,1,singleton_or_local_review
GU::Bladder::Inflammatory::Abscess,1,singleton_or_local_review
GU::Bladder::Inflammatory::Balanitis_Phimosis,1,singleton_or_local_review
GU::Bladder::Inflammatory::Bullous_Cystitis,1,singleton_or_local_review
GU::Bladder::Inflammatory::Epididymitis,1,singleton_or_local_review
GU::Bladder::Inflammatory::Flat_Lesions_With_Atypia_Of_Unknown_Significance,1,singleton_or_local_review
GU::Bladder::Inflammatory::Flat_Lesions_With_Reactive_Changes,1,singleton_or_local_review
GU::Bladder::Inflammatory::Granulomatous_Cystitis,1,singleton_or_local_review
GU::Bladder::Inflammatory::Granulomatous_Inflammation,1,singleton_or_local_review
GU::Bladder::Inflammatory::Hemorrhagic_Cystitis,1,singleton_or_local_review
GU::Bladder::Inflammatory::Interstitial_Cystitis,1,singleton_or_local_review
GU::Bladder::Inflammatory::Lichen_Sclerosus_Balanitis_Xerotica_Obliterans,1,singleton_or_local_review
GU::Bladder::Inflammatory::Polyp::Urethral_Polyp,1,singleton_or_local_review
GU::Bladder::Inflammatory::Postoperative_Spindle_Cell_Nodule,1,singleton_or_local_review
GU::Bladder::Inflammatory::Prostatitis,1,singleton_or_local_review
GU::Bladder::Inflammatory::Vasculitis,1,singleton_or_local_review
GU::Bladder::Inflammatory::Vasitis_Nodosa,1,singleton_or_local_review
GU::Bladder::Mesenchymal::Angiosarcoma,1,singleton_or_local_review
GU::Bladder::Mesenchymal::Fibroepithelial_Polyp,1,singleton_or_local_review
GU::Bladder::Mesenchymal::Inflammatory_Myofibroblastic_Tumor,1,singleton_or_local_review
GU::Bladder::Mesenchymal::Leiomyoma,1,singleton_or_local_review
GU::Bladder::Mesenchymal::Leiomyosarcoma,1,singleton_or_local_review
GU::Bladder::Mesenchymal::Rhabdomyosarcoma,1,singleton_or_local_review
GU::Bladder::Mesenchymal::Solitary_Fibrous_Tumor,1,singleton_or_local_review
GU::Bladder::Neoplastic::Malignant::Adenocarcinoma,1,singleton_or_local_review
GU::Bladder::Neoplastic::Malignant::Adenocarcinoma_With_Aberrant_P63_Positivity,1,singleton_or_local_review
GU::Bladder::Neoplastic::Malignant::Atrophic_Adenocarcinoma,1,singleton_or_local_review
GU::Bladder::Neoplastic::Malignant::Hernia_Sac_With_Mesothelial_Entrapment,1,singleton_or_local_review
GU::Bladder::Neoplastic::Malignant::Lipid_Rich,1,singleton_or_local_review
GU::Bladder::Neoplastic::Malignant::Lymphoepithelioma_Like,1,singleton_or_local_review
GU::Bladder::Neoplastic::Malignant::Metastases,1,singleton_or_local_review
GU::Bladder::Neoplastic::Malignant::Microcystic_Adenocarcinoma,1,singleton_or_local_review
GU::Bladder::Neoplastic::Malignant::Pleomorphic_Giant_Cell_Adenocarcinoma,1,singleton_or_local_review
GU::Bladder::Neoplastic::Malignant::Poorly_Differentiated_Variant_Including_Osteoclast_Rich_Giant_Cells,1,singleton_or_local_review
GU::Bladder::Neoplastic::Malignant::Signet_Ring_Like_Cell_Adenocarcinoma,1,singleton_or_local_review
GU::Bladder::Neoplastic::Malignant::Staging_Bladder_Carcinoma,1,singleton_or_local_review
GU::Bladder::Neoplastic::Malignant::Staging_Ureter_Carcinoma,1,singleton_or_local_review
GU::Bladder::Neoplastic::Malignant::Urachus,1,singleton_or_local_review
GU::Bladder::Neoplastic::Malignant::Urinary_Diversion_Neobladder,1,singleton_or_local_review
GU::Bladder::Neoplastic::Polyembryoma,1,singleton_or_local_review
GU::Bladder::Neoplastic::Precursor::Adenocarcinoma_In_Situ,1,singleton_or_local_review
GU::Bladder::Neoplastic::Precursor::Dysplasia,1,singleton_or_local_review
GU::Bladder::Neoplastic::Precursor::Paris_System_For_Urothelial_Neoplasia,1,singleton_or_local_review
GU::Bladder::Neoplastic::Teratoma,1,singleton_or_local_review
GU::Bladder::Neoplastic::Teratoma_Neuroendocrine_Tumor,1,singleton_or_local_review
GU::Bladder::Non_Neoplastic::Cystitis_Cystica,1,singleton_or_local_review
GU::Bladder::Non_Neoplastic::Emphysematous_Cystitis,1,singleton_or_local_review
GU::Bladder::Non_Neoplastic::Encrusted_Cystitis_Pyelitis,1,singleton_or_local_review
GU::Bladder::Non_Neoplastic::Eosinophilic_Cystitis,1,singleton_or_local_review
GU::Bladder::Non_Neoplastic::Follicular_Cystitis,1,singleton_or_local_review
GU::Bladder::Non_Neoplastic::Keratinizing_Squamous_Metaplasia,1,singleton_or_local_review
GU::Bladder::Non_Neoplastic::Mullerian_Lesions,1,singleton_or_local_review
GU::Bladder::Non_Neoplastic::Nephrogenic_Adenoma,1,singleton_or_local_review
GU::Bladder::Non_Neoplastic::Nephrogenic_Metaplasia,1,singleton_or_local_review
GU::Bladder::Non_Neoplastic::Polypoid_Cystitis,1,singleton_or_local_review
GU::Bladder::Non_Neoplastic::Radiation_Cystitis,1,singleton_or_local_review
GU::Bladder::Normal_Histology::Anatomy_And_Histology_Cowper_Glands,1,singleton_or_local_review
GU::Bladder::Normal_Histology::Anatomy_And_Histology_Paraganglion,1,singleton_or_local_review
GU::Bladder::Normal_Histology::Anatomy_And_Histology_Seminal_Vesicles_Ejaculatory_Duct,1,singleton_or_local_review
GU::Bladder::Normal_Histology::Prostate_Specific_Antigen_Psa,1,singleton_or_local_review
GU::Bladder::Normal_Histology::Testicular_Regression_Syndrome_Anorchia,1,singleton_or_local_review
GU::Bladder::Urothelial::Atypical_Urothelial_Proliferation,1,singleton_or_local_review
GU::Bladder::Urothelial::High_Grade_Papillary_Urothelial_Carcinoma,1,singleton_or_local_review
GU::Bladder::Urothelial::Invasive_Urothelial_Carcinoma,1,singleton_or_local_review
GU::Bladder::Urothelial::Inverted_Urothelial_Papilloma,1,singleton_or_local_review
GU::Bladder::Urothelial::Papillary_Urothelial_Neoplasm_of_Low_Malignant_Potential,1,singleton_or_local_review
GU::Bladder::Urothelial::Urothelial_Papilloma,1,singleton_or_local_review
GU::Kidney::Concept::Classification::Adrenal_Rests,1,singleton_or_local_review
GU::Kidney::Concept::Classification::Arterionephrosclerosis,1,singleton_or_local_review
GU::Kidney::Concept::Classification::Cryoglobulinemia,1,singleton_or_local_review
GU::Kidney::Concept::Classification::Idiopathic_Nodular_Glomerulosclerosis,1,singleton_or_local_review
GU::Kidney::Concept::Classification::Light_Chain_Cast_Nephropathy,1,singleton_or_local_review
GU::Kidney::Concept::Classification::Rhabdoid,1,singleton_or_local_review
GU::Kidney::Concept::Classification::Scleroderma_Renal_Disease,1,singleton_or_local_review
GU::Kidney::Concept::Classification::Systemic_Lupus_Erythematosus,1,singleton_or_local_review
GU::Kidney::Concept::Classification::WHO_Classification,1,singleton_or_local_review
GU::Kidney::Concept::Classification::WHO_Classification_Kidneytumorwhoclass,1,singleton_or_local_review
GU::Kidney::Concept::Grading::Grading,1,singleton_or_local_review
GU::Kidney::Concept::IHC_Markers::Diffuse_Mesangial_Sclerosis,1,singleton_or_local_review
GU::Kidney::Concept::IHC_Markers::Fibronectin_Glomerulopathy,1,singleton_or_local_review
GU::Kidney::Concept::IHC_Markers::Immunotactoid_Glomerulopathy,1,singleton_or_local_review
GU::Kidney::Concept::Laboratory_Operations::Adrenal_Insufficiency_Diagnosis,1,singleton_or_local_review
GU::Kidney::Concept::Laboratory_Operations::Ganglioneuroma,1,singleton_or_local_review
GU::Kidney::Concept::Laboratory_Operations::IGG4_Related_Disease,1,singleton_or_local_review
GU::Kidney::Concept::Laboratory_Operations::Obesity_Related_Glomerulopathy,1,singleton_or_local_review
GU::Kidney::Concept::Laboratory_Operations::Oxalosis,1,singleton_or_local_review
GU::Kidney::Concept::Management_Workup::Saline_Suppression_Test,1,singleton_or_local_review
GU::Kidney::Concept::Molecular_Genetics::ALK_Translocation,1,singleton_or_local_review
GU::Kidney::Concept::Molecular_Genetics::Adrenal_Cortical_Rests,1,singleton_or_local_review
GU::Kidney::Concept::Molecular_Genetics::Collagen_Type_Iii_Glomerulopathy,1,singleton_or_local_review
GU::Kidney::Concept::Molecular_Genetics::Renal_Disease_General,1,singleton_or_local_review
GU::Kidney::Concept::Molecular_Genetics::Urolithiasis_Stones,1,singleton_or_local_review
GU::Kidney::Concept::Other::Diffuse_Cortical_Necrosis,1,singleton_or_local_review
GU::Kidney::Concept::Other::Fabry_Disease,1,singleton_or_local_review
GU::Kidney::Concept::Other::Hyperaldosteronism,1,singleton_or_local_review
GU::Kidney::Concept::Other::Light_Chain_Proximal_Tubulopathy,1,singleton_or_local_review
GU::Kidney::Concept::Other::Malignant_Hypertension_And_Accelerated_Nephrosclerosis,1,singleton_or_local_review
GU::Kidney::Concept::Procedure_Specimen::Biopsy,1,singleton_or_local_review
GU::Kidney::Concept::Procedure_Specimen::Fludrocortisone_Suppression_Test,1,singleton_or_local_review
GU::Kidney::Concept::Procedure_Specimen::Sarcoidosis,1,singleton_or_local_review
GU::Kidney::Concept::Procedure_Specimen::Videos,1,singleton_or_local_review
GU::Kidney::Concept::Reporting_Grossing::Adrenocortical_Nodular_Disease,1,singleton_or_local_review
GU::Kidney::Concept::Reporting_Grossing::Features_To_Report,1,singleton_or_local_review
GU::Kidney::Concept::Reporting_Grossing::Grossing_And_Frozen_Section,1,singleton_or_local_review
GU::Kidney::Concept::Reporting_Grossing::Waterhouse_Friderichsen_Syndrome,1,singleton_or_local_review
GU::Kidney::Concept::Staging::Nephronophthisis,1,singleton_or_local_review
GU::Kidney::Concept::Staging::Recurrent_And_De_Novo_Diseases,1,singleton_or_local_review
GU::Kidney::Concept::Staging::Staging,1,singleton_or_local_review
GU::Kidney::Congenital_Structural::Congenital_Anomalies_General,1,singleton_or_local_review
GU::Kidney::Congenital_Structural::Congenital_Nephrotic_Syndrome,1,singleton_or_local_review
GU::Kidney::Congenital_Structural::Intestinal_Metaplasia,1,singleton_or_local_review
GU::Kidney::Congenital_Structural::Microcystic,1,singleton_or_local_review
GU::Kidney::Congenital_Structural::Ovarian_Thecal_Metaplasia,1,singleton_or_local_review
GU::Kidney::Congenital_Structural::Ureters_Congenital_Anomalies,1,singleton_or_local_review
GU::Kidney::Depositional_Metabolic::Calcineurin_Inhibitor_Toxicity,1,singleton_or_local_review
GU::Kidney::Depositional_Metabolic::Fh_Deficient,1,singleton_or_local_review
GU::Kidney::Depositional_Metabolic::Heavy_Chain_Deposition_Disease,1,singleton_or_local_review
GU::Kidney::Depositional_Metabolic::Indinavir_Nephropathy,1,singleton_or_local_review
GU::Kidney::Depositional_Metabolic::Light_Chain_Deposition_Disease,1,singleton_or_local_review
GU::Kidney::Depositional_Metabolic::Mpgn_Pattern_Of_Injury,1,singleton_or_local_review
GU::Kidney::Depositional_Metabolic::Nephrocalcinosis,1,singleton_or_local_review
GU::Kidney::Depositional_Metabolic::Obstructive_Uropathy,1,singleton_or_local_review
GU::Kidney::Depositional_Metabolic::Renal_Function_Test_Panel,1,singleton_or_local_review
GU::Kidney::Depositional_Metabolic::Rhabdomyolysis,1,singleton_or_local_review
GU::Kidney::Infectious::Adenovirus,1,singleton_or_local_review
GU::Kidney::Infectious::Bacterial_Infection_Related_Gn,1,singleton_or_local_review
GU::Kidney::Infectious::Bk_Virus_Polyomavirus,1,singleton_or_local_review
GU::Kidney::Infectious::Fsgs_Collapsing_Variant,1,singleton_or_local_review
GU::Kidney::Infectious::Renal_Tuberculosis,1,singleton_or_local_review
GU::Kidney::Inflammatory::Active_Chronic_Active_Antibody_Mediated_Rejection,1,singleton_or_local_review
GU::Kidney::Inflammatory::Anti_Brush_Border_Antibody_Disease_Anti_LRP2_Nephropathy,1,singleton_or_local_review
GU::Kidney::Inflammatory::C3_Glomerulonephritis_Dense_Deposit_Disease,1,singleton_or_local_review
GU::Kidney::Inflammatory::Checkpoint_Inhibitor_Associated_Tubulointerstitial_Nephritis,1,singleton_or_local_review
GU::Kidney::Inflammatory::Embolic_Phenomenon_And_Infarction,1,singleton_or_local_review
GU::Kidney::Inflammatory::Eosinophilic_Granulomatosis_With_Polyangiitis_Egpa,1,singleton_or_local_review
GU::Kidney::Inflammatory::Sjogren_Syndrome,1,singleton_or_local_review
GU::Kidney::Inflammatory::Takayasu_Arteritis,1,singleton_or_local_review
GU::Kidney::Medical_Kidney_Disease::Glomerular::Acellular_Closure::Fibrillary_Glomerulonephritis,1,singleton_or_local_review
GU::Kidney::Medical_Kidney_Disease::Glomerular::Acellular_Closure::Thrombotic_Microangiopathy,1,singleton_or_local_review
GU::Kidney::Medical_Kidney_Disease::Glomerular::Isolated_Hematuria::Alport_Syndrome,1,singleton_or_local_review
GU::Kidney::Medical_Kidney_Disease::Glomerular::Isolated_Hematuria::Henoch_Schonlein_Purpura_IgA_Vasculitis,1,singleton_or_local_review
GU::Kidney::Medical_Kidney_Disease::Glomerular::Isolated_Hematuria::IgA_Nephropathy,1,singleton_or_local_review
GU::Kidney::Medical_Kidney_Disease::Glomerular::Nonproliferative::Focal_Segmental_Glomerulosclerosis,1,singleton_or_local_review
GU::Kidney::Medical_Kidney_Disease::Glomerular::Nonproliferative::Membranous_Nephropathy,1,singleton_or_local_review
GU::Kidney::Medical_Kidney_Disease::Glomerular::Nonproliferative::Minimal_Change_Disease,1,singleton_or_local_review
GU::Kidney::Medical_Kidney_Disease::Glomerular::Proliferative::Acute_Diffuse_Intracapillary_Proliferative_Glomerulonephritis,1,singleton_or_local_review
GU::Kidney::Medical_Kidney_Disease::Glomerular::Proliferative::Crescentic_Extracapillary_Proliferative_Glomerulonephritis,1,singleton_or_local_review
GU::Kidney::Medical_Kidney_Disease::Tubulointerstitial::Acute_Tubular_Necrosis,1,singleton_or_local_review
GU::Kidney::Medical_Kidney_Disease::Tubulointerstitial::Interstitial_Nephritis,1,singleton_or_local_review
GU::Kidney::Medical_Kidney_Disease::Vascular::Renal_Artery_Stenosis,1,singleton_or_local_review
GU::Kidney::Mesenchymal::Angiomyolipoma,1,singleton_or_local_review
GU::Kidney::Mesenchymal::Epithelioid_Angiomyolipoma,1,singleton_or_local_review
GU::Kidney::Mesenchymal::Glomus_Tumor,1,singleton_or_local_review
GU::Kidney::Mesenchymal::Juxtaglomerular_Cell_Tumor,1,singleton_or_local_review
GU::Kidney::Mesenchymal::Renal_Hemangioblastoma,1,singleton_or_local_review
GU::Kidney::Mesenchymal::Renomedullary_Interstitial_Cell_Tumor,1,singleton_or_local_review
GU::Kidney::Metanephric::Metanephric_Adenofibroma,1,singleton_or_local_review
GU::Kidney::Metanephric::Metanephric_Adenoma,1,singleton_or_local_review
GU::Kidney::Metanephric::Metanephric_Stromal_Tumor,1,singleton_or_local_review
GU::Kidney::Neoplastic::Benign::Adrenal_Cortical_Adenoma,1,singleton_or_local_review
GU::Kidney::Neoplastic::Hemangioma,1,singleton_or_local_review
GU::Kidney::Neoplastic::Hybrid_Oncocytic_Chromophobe_Tumor,1,singleton_or_local_review
GU::Kidney::Neoplastic::Low_Grade_Oncocytic_Tumor_Lot,1,singleton_or_local_review
GU::Kidney::Neoplastic::Malignant::Adrenal_Cortical_Carcinoma,1,singleton_or_local_review
GU::Kidney::Neoplastic::Malignant::Features_To_Report_Adrenal_Cortical_Carcinoma,1,singleton_or_local_review
GU::Kidney::Neoplastic::Malignant::Ganglioneuroblastoma_Intermixed_And_Nodular,1,singleton_or_local_review
GU::Kidney::Neoplastic::Malignant::Hemolytic_Uremic_Syndrome_Thrombotic_Thrombocytopenic_Purpura,1,singleton_or_local_review
GU::Kidney::Neoplastic::Malignant::Hypercortisolism,1,singleton_or_local_review
GU::Kidney::Neoplastic::Malignant::Micropapillary,1,singleton_or_local_review
GU::Kidney::Neoplastic::Malignant::Nested,1,singleton_or_local_review
GU::Kidney::Neoplastic::Malignant::Neuroblastoma,1,singleton_or_local_review
GU::Kidney::Neoplastic::Malignant::Pheochromocytoma,1,singleton_or_local_review
GU::Kidney::Neoplastic::Malignant::Sarcomatoid,1,singleton_or_local_review
GU::Kidney::Neoplastic::Malignant::Sarcomatoid_Variant,1,singleton_or_local_review
GU::Kidney::Neoplastic::Malignant::Staging_Adrenal_Cortical_Carcinoma,1,singleton_or_local_review
GU::Kidney::Neoplastic::Malignant::Tamm_Horsfall_Protein,1,singleton_or_local_review
GU::Kidney::Neoplastic::Malignant::Urate_Nephropathy,1,singleton_or_local_review
GU::Kidney::Neoplastic::Malignant::With_Glandular_Differentiation,1,singleton_or_local_review
GU::Kidney::Neoplastic::Papillary_Renal_Neoplasm_With_Reverse_Polarity,1,singleton_or_local_review
GU::Kidney::Neoplastic::Precursor::Dysplasia_Hypoplasia_Agenesis,1,singleton_or_local_review
GU::Kidney::Neoplastic::Staging_Neuroblastic_Tumors,1,singleton_or_local_review
GU::Kidney::Neoplastic::Unclassified,1,singleton_or_local_review
GU::Kidney::Nephroblastic_Nephrogenic::Congenital_Mesoblastic_Nephroma,1,singleton_or_local_review
GU::Kidney::Nephroblastic_Nephrogenic::Cystic_Partially_Differentiated_Nephroblastoma,1,singleton_or_local_review
GU::Kidney::Nephroblastic_Nephrogenic::Nephroblastoma_Wilms_Tumor,1,singleton_or_local_review
GU::Kidney::Nephroblastic_Nephrogenic::Nephrogenic_Rests,1,singleton_or_local_review
GU::Kidney::Non_Neoplastic::Xanthogranulomatous_Pyelonephritis,1,singleton_or_local_review
GU::Kidney::Normal_Histology::Anatomy_And_Histology_Adrenal_Cortex_Medulla_And_Paraganglia,1,singleton_or_local_review
GU::Kidney::Normal_Histology::Captopril_Suppression_Test,1,singleton_or_local_review
GU::Kidney::Other::Ossifying_Renal_Tumor_of_Infancy,1,singleton_or_local_review
GU::Kidney::Other::Rhabdoid_Tumor_of_the_Kidney,1,singleton_or_local_review
GU::Kidney::RCC_Molecular::TFEB_altered_RCC,1,singleton_or_local_review
GU::Kidney::RCC_Other::Chromophobe_Renal_Cell_Carcinoma,1,singleton_or_local_review
GU::Kidney::RCC_Other::Clear_Cell_Papillary_Renal_Cell_Tumor,1,singleton_or_local_review
GU::Kidney::RCC_Other::Oncocytoma_of_the_Kidney,1,singleton_or_local_review
GU::Kidney::RCC_Other::Tubulocystic_RCC,1,singleton_or_local_review
GU::Kidney::Renal_cell::Collecting_Duct_Carcinoma,1,singleton_or_local_review
GU::Kidney::Renal_cell::ELOC_TCEB1_Mutated_Renal_Cell_Carcinoma,1,singleton_or_local_review
GU::Kidney::Renal_cell::Eosinophilic_Solid_and_Cystic_RCC,1,singleton_or_local_review
GU::Kidney::Renal_cell::Eosinophilic_Vacuolated_Tumor_of_the_Kidney,1,singleton_or_local_review
GU::Kidney::Renal_cell::Mucinous_Tubular_and_Spindle_Cell_Carcinoma,1,singleton_or_local_review
GU::Kidney::Renal_cell::Multilocular_Cystic_Renal_Neoplasm_of_Low_Malignant_Potential,1,singleton_or_local_review
GU::Kidney::Renal_cell::Papillary_RCC,1,singleton_or_local_review
GU::Kidney::Renal_cell::Renal_Papillary_Adenoma,1,singleton_or_local_review
GU::Kidney::Transplant::Donor_Assessment,1,singleton_or_local_review
GU::Other::Concept::Classification::Cholesterolosis,1,singleton_or_local_review
GU::Other::Concept::Classification::Hyalinizing_Porcelain_Gallbladder,1,singleton_or_local_review
GU::Other::Concept::Classification::WHO_Classification,1,singleton_or_local_review
GU::Other::Concept::Laboratory_Operations::Myelolipoma,1,singleton_or_local_review
GU::Other::Concept::Laboratory_Operations::Traumatic_Neuroma,1,singleton_or_local_review
GU::Other::Concept::Molecular_Genetics::Cholelithiasis,1,singleton_or_local_review
GU::Other::Concept::Other::Angiodysplasia,1,singleton_or_local_review
GU::Other::Concept::Procedure_Specimen::Bile_Cast_Nephropathy,1,singleton_or_local_review
GU::Other::Concept::Procedure_Specimen::Vanishing_Cancer,1,singleton_or_local_review
GU::Other::Concept::Reporting_Grossing::Grossing_Frozen_Section_And_Features_To_Report,1,singleton_or_local_review
GU::Other::Concept::Staging::Staging_Distal_Bile_Duct,1,singleton_or_local_review
GU::Other::Concept::Staging::Staging_Perihilar_Bile_Duct,1,singleton_or_local_review
GU::Other::Congenital_Structural::Choledochal_Cyst,1,singleton_or_local_review
GU::Other::Congenital_Structural::Cystoisospora_Like_Inclusions,1,singleton_or_local_review
GU::Other::Congenital_Structural::Hydrops_Mucocele,1,singleton_or_local_review
GU::Other::Congenital_Structural::Metaplasia,1,singleton_or_local_review
GU::Other::Congenital_Structural::Mucoid_Cyst,1,singleton_or_local_review
GU::Other::Infectious::Fournier_Gangrene,1,singleton_or_local_review
GU::Other::Inflammatory::Acute_Cholecystitis,1,singleton_or_local_review
GU::Other::Inflammatory::Chronic_Cholecystitis,1,singleton_or_local_review
GU::Other::Inflammatory::Emphysematous_Cholecystitis,1,singleton_or_local_review
GU::Other::Inflammatory::Follicular_Cholecystitis,1,singleton_or_local_review
GU::Other::Inflammatory::Gangrenous_Cholecystitis,1,singleton_or_local_review
GU::Other::Inflammatory::Granulomatous_Cholecystitis,1,singleton_or_local_review
GU::Other::Inflammatory::Inflammatory_Polyp,1,singleton_or_local_review
GU::Other::Inflammatory::Plasmacytoid,1,singleton_or_local_review
GU::Other::Inflammatory::Xanthogranulomatous_Cholecystitis,1,singleton_or_local_review
GU::Other::Neoplastic::Benign::Pyloric_Gland_Adenoma,1,singleton_or_local_review
GU::Other::Neoplastic::Cholesterol_Polyp,1,singleton_or_local_review
GU::Other::Neoplastic::Intracholecystic_Papillary_Neoplasm,1,singleton_or_local_review
GU::Other::Neoplastic::Intracholecystic_Tubular_Nonmucinous_Neoplasm_Ictn,1,singleton_or_local_review
GU::Other::Neoplastic::Intraductal_Papillary_Neoplasm_Of_Biliary_Tract,1,singleton_or_local_review
GU::Other::Neoplastic::Malignant::Analgesic_Nephropathy,1,singleton_or_local_review
GU::Other::Neoplastic::Malignant::Carcinoma_Of_Extrahepatic_Bile_Ducts,1,singleton_or_local_review
GU::Other::Neoplastic::Malignant::Gallbladder_Carcinoma,1,singleton_or_local_review
GU::Other::Neoplastic::Malignant::Metastases,1,singleton_or_local_review
GU::Other::Neoplastic::Malignant::Metastases_Bladdermets,1,singleton_or_local_review
GU::Other::Neoplastic::Malignant::Metastases_Kidneytumormalignantmetastases,1,singleton_or_local_review
GU::Other::Neoplastic::Malignant::Staging_Gallbladder_And_Cystic_Duct_Carcinoma,1,singleton_or_local_review
GU::Other::Neoplastic::Neuroendocrine_Tumor,1,singleton_or_local_review
GU::Other::Neoplastic::Precursor::Dysplasia,1,singleton_or_local_review
GU::Other::Normal_Histology::Anatomy,1,singleton_or_local_review
GU::PathOut_Residual_Generated::Oralcavitygeographictongue,1,singleton_or_local_review
GU::Penis::Concept::Laboratory_Operations::Syphilis,1,singleton_or_local_review
GU::Penis::Concept::Management_Workup::Granuloma_Inguinale,1,singleton_or_local_review
GU::Penis::Concept::Management_Workup::Verruciform_Xanthoma,1,singleton_or_local_review
GU::Penis::Congenital_Structural::Congenital_Anomalies,1,singleton_or_local_review
GU::Penis::Infectious::Herpes_Simplex_Virus,1,singleton_or_local_review
GU::Penis::Infectious::Lymphogranuloma_Venereum,1,singleton_or_local_review
GU::Penis::Infectious::Molluscum_Contagiosum,1,singleton_or_local_review
GU::Penis::Inflammatory::Chancroid,1,singleton_or_local_review
GU::Penis::Inflammatory::Peyronie_Disease,1,singleton_or_local_review
GU::Penis::Mesenchymal::Myointimoma,1,singleton_or_local_review
GU::Penis::Neoplastic::Malignant::Pearly_Penile_Papules,1,singleton_or_local_review
GU::Penis::Neoplastic::Melanosis_And_Lentiginosis,1,singleton_or_local_review
GU::Penis::Non_Neoplastic::Lipogranuloma,1,singleton_or_local_review
GU::Penis::Non_Neoplastic::Scrotal_Calcinosis,1,singleton_or_local_review
GU::Penis::Non_Neoplastic::Squamous_Hyperplasia,1,singleton_or_local_review
GU::Penis::Other::Extramammary_Paget_Disease,1,singleton_or_local_review
GU::Penis::Precursor_Lesions::Bowenoid_Papulosis,1,singleton_or_local_review
GU::Penis::Squamous_Neoplasms::Cuniculatum_Squamous_Cell_Carcinoma,1,singleton_or_local_review
GU::Penis::Squamous_Neoplasms::Verrucous_Carcinoma,1,singleton_or_local_review
GU::Prostate::Additional_Topics::Gleason_Grading,1,singleton_or_local_review
GU::Prostate::Benign::Adenosis,1,singleton_or_local_review
GU::Prostate::Benign::Basal_Cell_Hyperplasia,1,singleton_or_local_review
GU::Prostate::Benign::Clear_Cell_Cribriform_Hyperplasia,1,singleton_or_local_review
GU::Prostate::Benign::Post_Atrophic_Hyperplasia,1,singleton_or_local_review
GU::Prostate::Benign::Sclerosing_Adenosis,1,singleton_or_local_review
GU::Prostate::Glandular_neoplasms::Foamy_Gland_Adenocarcinoma,1,singleton_or_local_review
GU::Prostate::Glandular_neoplasms::High_Grade_Prostatic_Intraepithelial_Neoplasia,1,singleton_or_local_review
GU::Prostate::Glandular_neoplasms::Intraductal_Carcinoma_of_the_Prostate,1,singleton_or_local_review
GU::Prostate::Glandular_neoplasms::Mucinous_Adenocarcinoma,1,singleton_or_local_review
GU::Prostate::Glandular_neoplasms::Prostatic_Adenocarcinoma_with_Therapy_Effect,1,singleton_or_local_review
GU::Prostate::Glandular_neoplasms::Prostatic_Ductal_Adenocarcinoma,1,singleton_or_local_review
GU::Prostate::Glandular_neoplasms::Pseudohyperplastic_Prostatic_Adenocarcinoma,1,singleton_or_local_review
GU::Prostate::Glandular_neoplasms::Treatment_Related_Neuroendocrine_Prostate_Cancer,1,singleton_or_local_review
GU::Prostate::Inflammatory::Amyloid,1,singleton_or_local_review
GU::Prostate::Mesenchymal::Sarcomatoid_Carcinoma_of_Prostate,1,singleton_or_local_review
GU::Prostate::Precursor_Lesions::Atypical_Small_Acinar_Proliferation_ASAP,1,singleton_or_local_review
GU::Prostate::Prostatic_Cystadenoma,1,singleton_or_local_review
GU::Prostate::Squamous_Neoplasms::Adenosquamous_Carcinoma_of_the_Prostate,1,singleton_or_local_review
GU::Prostate::Squamous_Neoplasms::Prostatic_Stromal_Sarcoma,1,singleton_or_local_review
GU::Prostate::Squamous_Neoplasms::Prostatic_Stromal_Tumor_of_Uncertain_Malignant_Potential,1,singleton_or_local_review
GU::Seminal_Vesicle::Adenocarcinoma_of_the_Seminal_Vesicle,1,singleton_or_local_review
GU::Syndromes::Hereditary_Leiomyomatosis_and_Renal_Cell_Carcinoma_Syndrome,1,singleton_or_local_review
GU::Testis::Germ_Cell_Tumors::Choriocarcinoma,1,singleton_or_local_review
GU::Testis::Germ_Cell_Tumors::Cystic_Trophoblastic_Tumor,1,singleton_or_local_review
GU::Testis::Germ_Cell_Tumors::Embryonal_Carcinoma,1,singleton_or_local_review
GU::Testis::Germ_Cell_Tumors::Epithelioid_Trophoblastic_Tumor,1,singleton_or_local_review
GU::Testis::Germ_Cell_Tumors::Germ_Cell_Neoplasia_In_Situ,1,singleton_or_local_review
GU::Testis::Germ_Cell_Tumors::Placental_Site_Trophoblastic_Tumor,1,singleton_or_local_review
GU::Testis::Germ_Cell_Tumors::Regressed_Germ_Cell_Tumor,1,singleton_or_local_review
GU::Testis::Germ_Cell_Tumors::Seminoma,1,singleton_or_local_review
GU::Testis::Germ_Cell_Tumors::Spermatocytic_Tumor,1,singleton_or_local_review
GU::Testis::Germ_Cell_Tumors::Teratoma_with_Somatic_Type_Malignancy,1,singleton_or_local_review
GU::Testis::Germ_Cell_Tumors::Yolk_Sac_Tumor_Prepubertal_Type,1,singleton_or_local_review
GU::Testis::Histology_&_Anatomy::Histology_&_Anatomy_of_Testis_&_Epididymis,1,singleton_or_local_review
GU::Testis::Non_Neoplastic::Cryptorchidism,1,singleton_or_local_review
GU::Testis::Non_Neoplastic::Dermoid_Cyst,1,singleton_or_local_review
GU::Testis::Non_Neoplastic::Epidermoid_Cyst,1,singleton_or_local_review
GU::Testis::Non_Neoplastic::Torsion_Infarction,1,singleton_or_local_review
GU::Testis::Non_Neoplastic::Varicocele,1,singleton_or_local_review
GU::Testis::Other::Testicular_Tumor_of_Adrenogenital_Syndrome,1,singleton_or_local_review
GU::Testis::Paratesticular::Liposarcoma,1,singleton_or_local_review
GU::Testis::Paratesticular::Malignant_Mesothelioma,1,singleton_or_local_review
GU::Testis::Paratesticular::Melanotic_Neuroectodermal_Tumor,1,singleton_or_local_review
GU::Testis::Paratesticular::Well_Differentiated_Papillary_Mesothelial_Tumor,1,singleton_or_local_review
GU::Testis::Sex_Cord_Stromal_Tumors::Adult_Granulosa_Cell_Tumor,1,singleton_or_local_review
GU::Testis::Sex_Cord_Stromal_Tumors::Gonadoblastoma,1,singleton_or_local_review
GU::Testis::Sex_Cord_Stromal_Tumors::Intratubular_Large_Cell_Hyalinizing_Sertoli_Cell_Neoplasia,1,singleton_or_local_review
GU::Testis::Sex_Cord_Stromal_Tumors::Juvenile_Granulosa_Cell_Tumor,1,singleton_or_local_review
GU::Testis::Sex_Cord_Stromal_Tumors::Large_Cell_Calcifying_Sertoli_Cell_Tumor,1,singleton_or_local_review
GU::Testis::Sex_Cord_Stromal_Tumors::Leydig_Cell_Tumor,1,singleton_or_local_review
GU::Testis::Sex_Cord_Stromal_Tumors::Mixed_Sex_Cord_Stromal_Tumor,1,singleton_or_local_review
GU::Testis::Sex_Cord_Stromal_Tumors::Myoid_Gonadal_Stromal_Tumor,1,singleton_or_local_review
GU::Testis::Sex_Cord_Stromal_Tumors::Sex_Cord_Stromal_Tumor_NOS,1,singleton_or_local_review
GU::Testis::Sex_Cord_Stromal_Tumors::Tumors_in_the_Fibroma_Thecoma_Group,1,singleton_or_local_review
GU::Testis::Tunica_Albuginea_Mesothelium::Tumors,1,singleton_or_local_review
GU::Testis_Adnexa::Epididymis::Adenocarcinoma,1,singleton_or_local_review
GU::Testis_Adnexa::Epididymis::Papillary_Cystadenoma,1,singleton_or_local_review
GU::Testis_Adnexa::Ovarian_Type::Brenner_Tumor,1,singleton_or_local_review
GU::Testis_Adnexa::Ovarian_Type::Mucinous_Borderline_Tumor,1,singleton_or_local_review
GU::Testis_Adnexa::Ovarian_Type::Mucinous_Cystadenocarcinoma,1,singleton_or_local_review
GU::Testis_Adnexa::Ovarian_Type::Serous_Borderline_Tumor,1,singleton_or_local_review
GU::Testis_Adnexa::Ovarian_Type::Serous_Cystadenocarcinoma,1,singleton_or_local_review
GYN::Broad_Ligament::Tumor_Like::Adrenocortical_Remnants,1,singleton_or_local_review
GYN::Cervix::Concept::Classification::Granuloma_Inguinale,1,singleton_or_local_review
GYN::Cervix::Concept::Classification::WHO_Classification,1,singleton_or_local_review
GYN::Cervix::Concept::Laboratory_Operations::Lactobacillus,1,singleton_or_local_review
GYN::Cervix::Concept::Molecular_Genetics::Preparations,1,singleton_or_local_review
GYN::Cervix::Concept::Other::Leptothrix,1,singleton_or_local_review
GYN::Cervix::Concept::Reporting_Grossing::Grossing,1,singleton_or_local_review
GYN::Cervix::Concept::Reporting_Grossing::Grossing_And_Features_To_Report,1,singleton_or_local_review
GYN::Cervix::Concept::Reporting_Grossing::Radiation_Atypia,1,singleton_or_local_review
GYN::Cervix::Concept::Staging::Staging,1,singleton_or_local_review
GYN::Cervix::Congenital_Structural::Cyst::Nabothian_Cyst,1,singleton_or_local_review
GYN::Cervix::Congenital_Structural::Cyst::Tunnel_Clusters,1,singleton_or_local_review
GYN::Cervix::Congenital_Structural::Polyp::Endocervical_Polyp,1,singleton_or_local_review
GYN::Cervix::Depositional_Metabolic::Traumatic_Neuroma,1,singleton_or_local_review
GYN::Cervix::Glandular::Benign_Glandular::Diffuse_Laminar_Endocervical_Hyperplasia,1,singleton_or_local_review
GYN::Cervix::Glandular::Benign_Glandular::Mullerian_Papilloma_of_the_Uterine_Cervix,1,singleton_or_local_review
GYN::Cervix::Infectious::Bacterial_Vaginosis,1,singleton_or_local_review
GYN::Cervix::Infectious::CMV,1,singleton_or_local_review
GYN::Cervix::Infectious::Candida_Fungi,1,singleton_or_local_review
GYN::Cervix::Infectious::Condyloma,1,singleton_or_local_review
GYN::Cervix::Infectious::HPV_Overview,1,singleton_or_local_review
GYN::Cervix::Infectious::Hsil_Cin_Ii_Cin_Iii,1,singleton_or_local_review
GYN::Cervix::Infectious::Lsil_Cin_I,1,singleton_or_local_review
GYN::Cervix::Infectious::Trichomonas_Vaginalis,1,singleton_or_local_review
GYN::Cervix::Inflammatory::Chlamydia_Trachomatis,1,singleton_or_local_review
GYN::Cervix::Inflammatory::Chronic_Cervicitis,1,singleton_or_local_review
GYN::Cervix::Inflammatory::Vasculitis,1,singleton_or_local_review
GYN::Cervix::Mixed_Epithelial_Mesenchymal::Adenosarcoma_of_the_Uterine_Cervix,1,singleton_or_local_review
GYN::Cervix::Neoplastic::Benign::Blue_Nevus,1,singleton_or_local_review
GYN::Cervix::Neoplastic::Benign::Squamous_Papilloma,1,singleton_or_local_review
GYN::Cervix::Neoplastic::Epithelial::Benign::Endocervical_Glandular_Hyperplasia,1,singleton_or_local_review
GYN::Cervix::Neoplastic::Epithelial::Benign::Mesonephric_Hyperplasia,1,singleton_or_local_review
GYN::Cervix::Neoplastic::Epithelial::Benign::Microglandular_Hyperplasia,1,singleton_or_local_review
GYN::Cervix::Neoplastic::Epithelial::Malignant::Adenoid_Basal_Carcinoma,1,singleton_or_local_review
GYN::Cervix::Neoplastic::Epithelial::Malignant::Adenoid_Cystic_Carcinoma,1,singleton_or_local_review
GYN::Cervix::Neoplastic::Epithelial::Malignant::Carcinosarcoma,1,singleton_or_local_review
GYN::Cervix::Neoplastic::Epithelial::Malignant::Gastric_Type_Adenocarcinoma_HPV_Independent,1,singleton_or_local_review
GYN::Cervix::Neoplastic::Epithelial::Malignant::HPV_Associated_Adenosquamous_Carcinoma,1,singleton_or_local_review
GYN::Cervix::Neoplastic::Epithelioid_Trophoblastic_Tumor,1,singleton_or_local_review
GYN::Cervix::Neoplastic::Glial_Polyp,1,singleton_or_local_review
GYN::Cervix::Neoplastic::Malignant::Invasive_Stratified_Mucin_Producing_Carcinoma,1,singleton_or_local_review
GYN::Cervix::Neoplastic::Malignant::Lymphoepithelioma_Like_Carcinoma,1,singleton_or_local_review
GYN::Cervix::Neoplastic::Malignant::Metastases,1,singleton_or_local_review
GYN::Cervix::Neoplastic::Mesenchymal::Malignant::Spindle_Cell_Sarcoma_NTRK_Rearranged,1,singleton_or_local_review
GYN::Cervix::Neoplastic::Mixed::Benign::Adenomyoma_Endocervical_Type,1,singleton_or_local_review
GYN::Cervix::Neoplastic::Precursor::Melanosis,1,singleton_or_local_review
GYN::Cervix::Neoplastic::Precursor::Smile_Stratified_Mucin_Producing_Intraepithelial_Lesion,1,singleton_or_local_review
GYN::Cervix::Normal_Histology::Embryology,1,singleton_or_local_review
GYN::Cervix::Normal_Histology::Histology,1,singleton_or_local_review
GYN::Cervix::Normal_Histology::Metaplasia::Immature_Squamous_Metaplasia,1,singleton_or_local_review
GYN::Cervix::Normal_Histology::Metaplasia::Tubal_And_Tuboendometrioid_Metaplasia,1,singleton_or_local_review
GYN::Cervix::Normal_Histology::Normal_And_Nonneoplastic_Findings,1,singleton_or_local_review
GYN::Fallopian_Tube::Borderline_Serous::Serous_Borderline_Tumor_of_the_Fallopian_Tube,1,singleton_or_local_review
GYN::Fallopian_Tube::Carcinosarcoma_of_the_Fallopian_Tube,1,singleton_or_local_review
GYN::Fallopian_Tube::Concept::Reporting_Grossing::Metaplastic_Changes,1,singleton_or_local_review
GYN::Fallopian_Tube::Concept::Staging::Staging,1,singleton_or_local_review
GYN::Fallopian_Tube::Congenital_Structural::Mesonephric_Duct_Remnants,1,singleton_or_local_review
GYN::Fallopian_Tube::Mixed_Epithelial_Mesenchymal::Adenosarcoma_of_the_Fallopian_Tube,1,singleton_or_local_review
GYN::Fallopian_Tube::Neoplastic::Adenomyoma,1,singleton_or_local_review
GYN::Fallopian_Tube::Neoplastic::Benign::Papillary_Cystadenoma_Of_Mesosalpinx,1,singleton_or_local_review
GYN::Fallopian_Tube::Neoplastic::Epithelial::Benign::Metaplastic_Papillary_Tumor,1,singleton_or_local_review
GYN::Fallopian_Tube::Neoplastic::Epithelial::Malignant::Endometrioid_Adenocarcinoma,1,singleton_or_local_review
GYN::Fallopian_Tube::Neoplastic::Hydatidiform_Mole,1,singleton_or_local_review
GYN::Fallopian_Tube::Neoplastic::Miscellaneous::Female_Adnexal_Tumor_Probable_Wolffian_Origin_FATWO,1,singleton_or_local_review
GYN::Fallopian_Tube::Neoplastic::Miscellaneous::STK11_Adnexal_Tumor,1,singleton_or_local_review
GYN::Fallopian_Tube::Normal_Histology::Anatomy_Histology_And_Embryology,1,singleton_or_local_review
GYN::Fallopian_Tube::Tumor_Like::Paratubal_Cysts,1,singleton_or_local_review
GYN::Fallopian_Tube::Tumor_Like::Placental_Site_Nodule_Occurring_in_the_Fallopian_Tube,1,singleton_or_local_review
GYN::Fallopian_Tube::Tumor_Like::Salpingitis_Isthmica_Nodosa,1,singleton_or_local_review
GYN::Fallopian_Tube::Tumor_Like::Tubal_Hyperplasia,1,singleton_or_local_review
GYN::Fallopian_Tube::Tumor_Like::Tubo_ovarian_Abscess,1,singleton_or_local_review
GYN::GTD::GTN::Epithelioid_Trophoblastic_Tumor,1,singleton_or_local_review
GYN::GTD::GTN::Placental_Site_Trophoblastic_Tumor,1,singleton_or_local_review
GYN::GTD::Tumor_Like::Molar::Complete_Hydatidiform_Mole,1,singleton_or_local_review
GYN::GTD::Tumor_Like::Molar::Partial_Hydatidiform_Mole,1,singleton_or_local_review
GYN::GTD::Tumor_Like::Non_Neoplastic::Exaggerated_Placental_Site_Reaction,1,singleton_or_local_review
GYN::Lower_Genital_Mesenchymal::Fibroblastic_Myofibroblastic::Fibroepithelial_Stromal_Polyp,1,singleton_or_local_review
GYN::Lower_Genital_Mesenchymal::Fibroblastic_Myofibroblastic::Postoperative_Spindle_Cell_Nodule,1,singleton_or_local_review
GYN::Other::Concept::Classification::46XX_Dsd,1,singleton_or_local_review
GYN::Other::Concept::Classification::Decidual_Reaction,1,singleton_or_local_review
GYN::Other::Concept::Classification::Ovotesticular_Dsd,1,singleton_or_local_review
GYN::Other::Concept::Classification::Sex_Chromosome_Dsd,1,singleton_or_local_review
GYN::Other::Concept::IHC_Markers::Meconium_Staining,1,singleton_or_local_review
GYN::Other::Concept::Molecular_Genetics::Intrauterine_Fetal_Demise,1,singleton_or_local_review
GYN::Other::Concept::Reporting_Grossing::Grossing,1,singleton_or_local_review
GYN::Other::Concept::Reporting_Grossing::Placenta_Previa,1,singleton_or_local_review
GYN::Other::Concept::Staging::Staging_Female_Urethra,1,singleton_or_local_review
GYN::Other::Congenital_Structural::Vulvovaginal_Cysts,1,singleton_or_local_review
GYN::Other::Infectious::Actinomycosis,1,singleton_or_local_review
GYN::Other::Infectious::Specific_Infectious_Organisms,1,singleton_or_local_review
GYN::Other::Neoplastic::Benign::Hepatocellular_Adenoma_Like_Lesion_Of_Placenta,1,singleton_or_local_review
GYN::Other::Neoplastic::Malignant::Upper_Gastrointestinal_Tract,1,singleton_or_local_review
GYN::Other::Normal_Histology::Anatomy,1,singleton_or_local_review
GYN::Other::Normal_Histology::Anatomy_And_Histology,1,singleton_or_local_review
GYN::Other::Normal_Histology::Anatomy_And_Histology_Vulva_Vagina_And_Female_Urethra,1,singleton_or_local_review
GYN::Other::Normal_Histology::Prolapsed_Umbilical_Cord,1,singleton_or_local_review
GYN::Ovary::Clear_Cell::Borderline::Clear_Cell_Borderline_Tumor,1,singleton_or_local_review
GYN::Ovary::Concept::Classification::WHO_Classification,1,singleton_or_local_review
GYN::Ovary::Concept::Molecular_Genetics::Olaparib,1,singleton_or_local_review
GYN::Ovary::Concept::Reporting_Grossing::Calcification,1,singleton_or_local_review
GYN::Ovary::Concept::Reporting_Grossing::Features_To_Report,1,singleton_or_local_review
GYN::Ovary::Concept::Staging::Staging,1,singleton_or_local_review
GYN::Ovary::Congenital_Structural::Cortical_Inclusion_Cyst,1,singleton_or_local_review
GYN::Ovary::Congenital_Structural::Developmental_Cysts,1,singleton_or_local_review
GYN::Ovary::Congenital_Structural::Mechanical::Ovarian_Torsion,1,singleton_or_local_review
GYN::Ovary::Congenital_Structural::Physiologic::Hyperreactio_Luteinalis,1,singleton_or_local_review
GYN::Ovary::Congenital_Structural::Physiologic::Pregnancy_Luteoma,1,singleton_or_local_review
GYN::Ovary::Congenital_Structural::Physiologic::Stromal_Hyperplasia_And_Hyperthecosis,1,singleton_or_local_review
GYN::Ovary::Congenital_Structural::Polycystic_Ovary_Disease,1,singleton_or_local_review
GYN::Ovary::Congenital_Structural::Walthard_Cell_Nests,1,singleton_or_local_review
GYN::Ovary::Germ_Cell::Embryonal_Carcinoma,1,singleton_or_local_review
GYN::Ovary::Inflammatory::Chronic::Luteinized_Thecoma_With_Sclerosing_Peritonitis,1,singleton_or_local_review
GYN::Ovary::Inflammatory::Granulomatous_Inflammation,1,singleton_or_local_review
GYN::Ovary::Inflammatory::Xanthogranulomatous_Oophoritis,1,singleton_or_local_review
GYN::Ovary::Miscellaneous::Solid_Pseudopapillary_Tumor,1,singleton_or_local_review
GYN::Ovary::Monodermal_Teratoma::Somatic_Neoplasms_Arising_from_Teratomas,1,singleton_or_local_review
GYN::Ovary::Neoplastic::Benign::Seromucinous_Cystadenoma_And_Adenofibroma,1,singleton_or_local_review
GYN::Ovary::Neoplastic::Epithelial::Borderline::Brenner_Tumor_Borderline,1,singleton_or_local_review
GYN::Ovary::Neoplastic::Epithelial::Borderline::Endometrioid_Borderline_Tumor,1,singleton_or_local_review
GYN::Ovary::Neoplastic::Epithelial::Borderline::Mucinous_Borderline_Tumor_Intestinal_Type,1,singleton_or_local_review
GYN::Ovary::Neoplastic::Epithelial::Borderline::Seromucinous_Borderline_Tumor,1,singleton_or_local_review
GYN::Ovary::Neoplastic::Epithelial::Borderline::Serous_Borderline_Tumor,1,singleton_or_local_review
GYN::Ovary::Neoplastic::Epithelial::Malignant::Large_Cell_Neuroendocrine_Carcinoma,1,singleton_or_local_review
GYN::Ovary::Neoplastic::Epithelial::Malignant::Small_Cell_Carcinoma_Hypercalcemic_Type,1,singleton_or_local_review
GYN::Ovary::Neoplastic::Epithelial_Tumors_Overview_Molecular,1,singleton_or_local_review
GYN::Ovary::Neoplastic::Germ_Cell::Benign::Struma_Ovarii,1,singleton_or_local_review
GYN::Ovary::Neoplastic::Germ_Cell::Malignant::Dysgerminoma,1,singleton_or_local_review
GYN::Ovary::Neoplastic::Germ_Cell::Malignant::Immature_Teratoma,1,singleton_or_local_review
GYN::Ovary::Neoplastic::Germ_Cell::Malignant::Nongestational_Choriocarcinoma,1,singleton_or_local_review
GYN::Ovary::Neoplastic::Malignant::Choriocarcinoma,1,singleton_or_local_review
GYN::Ovary::Neoplastic::Malignant::Metastases_To_Ovary,1,singleton_or_local_review
GYN::Ovary::Neoplastic::Mesenchymal::Benign::Vascular_Tumors,1,singleton_or_local_review
GYN::Ovary::Neoplastic::Mesenchymal::Malignant::Low_Grade_Endometrioid_Stromal_Sarcoma,1,singleton_or_local_review
GYN::Ovary::Neoplastic::Metastatic::Metastatic_Appendiceal_Tumor,1,singleton_or_local_review
GYN::Ovary::Neoplastic::Metastatic::Metastatic_Cervical_Carcinoma,1,singleton_or_local_review
GYN::Ovary::Neoplastic::Mixed::Malignant::Mesodermal_Adenosarcoma,1,singleton_or_local_review
GYN::Ovary::Neoplastic::Mixed::Malignant::Mucinous_Cystic_Tumor_With_Mural_Nodules,1,singleton_or_local_review
GYN::Ovary::Neoplastic::Sex_Cord_Stromal::Benign::Sclerosing_Stromal_Tumor,1,singleton_or_local_review
GYN::Ovary::Neoplastic::Sex_Cord_Stromal::Benign::Signet_Ring_Stromal_Tumor,1,singleton_or_local_review
GYN::Ovary::Neoplastic::Sex_Cord_Stromal::Benign::Thecoma,1,singleton_or_local_review
GYN::Ovary::Neoplastic::Sex_Cord_Stromal::Intermediate::Gonadoblastoma,1,singleton_or_local_review
GYN::Ovary::Neoplastic::Sex_Cord_Stromal::Intermediate::Microcystic_Stromal_Tumor,1,singleton_or_local_review
GYN::Ovary::Neoplastic::Sex_Cord_Stromal::Intermediate::Sertoli_Cell_Tumor,1,singleton_or_local_review
GYN::Ovary::Neoplastic::Sex_Cord_Stromal::Intermediate::Sertoli_Leydig_Cell_Tumor,1,singleton_or_local_review
GYN::Ovary::Neoplastic::Sex_Cord_Stromal::Intermediate::Sex_Cord_Tumor_With_Annular_Tubules,1,singleton_or_local_review
GYN::Ovary::Neoplastic::Sex_Cord_Stromal::Malignant::Adult_Granulosa_Cell_Tumor,1,singleton_or_local_review
GYN::Ovary::Neoplastic::Sex_Cord_Stromal::Malignant::Juvenile_Granulosa_Cell_Tumor,1,singleton_or_local_review
GYN::Ovary::Neoplastic::Sex_Cord_Stromal::Malignant::Steroid_Cell_Tumor_NOS,1,singleton_or_local_review
GYN::Ovary::Normal_Histology::Anatomy_And_Histology,1,singleton_or_local_review
GYN::Ovary::Normal_Histology::Disorders_Of_Sex_Development_General,1,singleton_or_local_review
GYN::Ovary::Sex_Cord_Stromal::Mixed_Sex_Cord_Stromal::Gynandroblastoma,1,singleton_or_local_review
GYN::Ovary::Sex_Cord_Stromal::Stromal::Ovarian_Fibroma,1,singleton_or_local_review
GYN::Ovary::Tumor_Like::Corpus_Luteum_Cyst,1,singleton_or_local_review
GYN::Peritoneum::Neoplastic::Mesothelial::Benign::Well_Differentiated_Papillary_Mesothelial_Tumor,1,singleton_or_local_review
GYN::Placenta::Concept::Classification::Amnionic_Web_And_Amniotic_Band_Syndrome,1,singleton_or_local_review
GYN::Placenta::Concept::Classification::Furcate_Insertion,1,singleton_or_local_review
GYN::Placenta::Concept::Classification::Hematoma,1,singleton_or_local_review
GYN::Placenta::Concept::Classification::Infarct,1,singleton_or_local_review
GYN::Placenta::Concept::Classification::Knots,1,singleton_or_local_review
GYN::Placenta::Concept::Classification::Long_Cord,1,singleton_or_local_review
GYN::Placenta::Concept::Classification::Nuchal_Cord,1,singleton_or_local_review
GYN::Placenta::Concept::Classification::Short_Cord,1,singleton_or_local_review
GYN::Placenta::Concept::Classification::Thin_Cord,1,singleton_or_local_review
GYN::Placenta::Concept::Laboratory_Operations::Chorangiosis,1,singleton_or_local_review
GYN::Placenta::Concept::Laboratory_Operations::Fetus_In_Fetu,1,singleton_or_local_review
GYN::Placenta::Concept::Molecular_Genetics::Circummarginate_Placenta,1,singleton_or_local_review
GYN::Placenta::Concept::Molecular_Genetics::Distal_Villous_Hyperplasia_Villous_Dysmaturity_Delayed_Villous_Maturation,1,singleton_or_local_review
GYN::Placenta::Concept::Molecular_Genetics::Hydrops_Fetalis,1,singleton_or_local_review
GYN::Placenta::Concept::Molecular_Genetics::Placental_Site_Subinvolution,1,singleton_or_local_review
GYN::Placenta::Concept::Molecular_Genetics::Toxemia_Of_Pregnancy_Preeclampsia_And_Eclampsia,1,singleton_or_local_review
GYN::Placenta::Concept::Molecular_Genetics::Twin_Twin_Transfusion,1,singleton_or_local_review
GYN::Placenta::Concept::Molecular_Genetics::Velamentous_Insertion,1,singleton_or_local_review
GYN::Placenta::Concept::Other::Erythroblastosis,1,singleton_or_local_review
GYN::Placenta::Concept::Other::Retroplacental_Hematoma_With_Intraplacental_Extension_Placental_Abruption,1,singleton_or_local_review
GYN::Placenta::Concept::Reporting_Grossing::Accessory_Lobe_Bilobate_Placenta,1,singleton_or_local_review
GYN::Placenta::Concept::Reporting_Grossing::Circumvallate_Placenta,1,singleton_or_local_review
GYN::Placenta::Concept::Reporting_Grossing::Fetal_Thrombotic_Vasculopathy,1,singleton_or_local_review
GYN::Placenta::Concept::Reporting_Grossing::Grossing_Products_Of_Conception,1,singleton_or_local_review
GYN::Placenta::Concept::Reporting_Grossing::Marginal_Insertion,1,singleton_or_local_review
GYN::Placenta::Concept::Reporting_Grossing::Placental_Edema_Placental_Hydrops,1,singleton_or_local_review
GYN::Placenta::Concept::Reporting_Grossing::Single_Umbilical_Artery_And_Supernumerary_Vessels,1,singleton_or_local_review
GYN::Placenta::Congenital_Structural::Chorionic_Cysts,1,singleton_or_local_review
GYN::Placenta::Congenital_Structural::Ectopic_Pregnancy,1,singleton_or_local_review
GYN::Placenta::Congenital_Structural::Embryonic_Remnants,1,singleton_or_local_review
GYN::Placenta::Congenital_Structural::Pulmonary_Placental_Transmogrification,1,singleton_or_local_review
GYN::Placenta::Depositional_Metabolic::4_Main_Categories,1,singleton_or_local_review
GYN::Placenta::Depositional_Metabolic::Amnion_Nodosum,1,singleton_or_local_review
GYN::Placenta::Depositional_Metabolic::Decidual_Arteriopathy,1,singleton_or_local_review
GYN::Placenta::Depositional_Metabolic::Massive_Perivillous_Fibrin_Deposition_Maternal_Floor_Infarction,1,singleton_or_local_review
GYN::Placenta::Infectious::Covid_19_Placentitis,1,singleton_or_local_review
GYN::Placenta::Inflammatory::Acute_Villitis_And_Intervillositis,1,singleton_or_local_review
GYN::Placenta::Inflammatory::Chronic_Histiocytic_Intervillositis,1,singleton_or_local_review
GYN::Placenta::Inflammatory::Eosinophilic_T_Cell_Chorionic_Vasculitis,1,singleton_or_local_review
GYN::Placenta::Inflammatory::Umbilical_Vasculitis_And_Funisitis,1,singleton_or_local_review
GYN::Placenta::Inflammatory::Villitis_Of_Unknown_Etiology,1,singleton_or_local_review
GYN::Placenta::Neoplastic::Chorangioma,1,singleton_or_local_review
GYN::Placenta::Neoplastic::Chorangiomatosis,1,singleton_or_local_review
GYN::Placenta::Neoplastic::Human_Placental_Lactogen,1,singleton_or_local_review
GYN::Placenta::Neoplastic::Human_Placental_Lactogen_Stainshpl,1,singleton_or_local_review
GYN::Placenta::Neoplastic::Malignant::Metastases,1,singleton_or_local_review
GYN::Placenta::Neoplastic::Malignant::Small_Large_For_Gestational_Age,1,singleton_or_local_review
GYN::Placenta::Neoplastic::Malignant::Twins,1,singleton_or_local_review
GYN::Placenta::Neoplastic::Precursor::Mesenchymal_Dysplasia,1,singleton_or_local_review
GYN::Placenta::Neoplastic::Staging_Gestational_Trophoblastic_Neoplasms,1,singleton_or_local_review
GYN::Placenta::Normal_Histology::Anatomy_And_Histology_Placenta_And_Umbilical_Cord,1,singleton_or_local_review
GYN::Placenta::Normal_Histology::Blighted_Ovum_Anembryonic_Gestation,1,singleton_or_local_review
GYN::Placenta::Normal_Histology::Early_First_Trimester_Pregnancy_Loss,1,singleton_or_local_review
GYN::Placenta::Normal_Histology::Nonmolar_Aneuploidy,1,singleton_or_local_review
GYN::Placenta::Normal_Histology::Placental_Development_And_Hormones,1,singleton_or_local_review
GYN::Placenta::Normal_Histology::Torsion_Hypercoiling,1,singleton_or_local_review
GYN::Uterine_Corpus::Mesenchymal::Miscellaneous_Mesenchymal::Perivascular_Epithelioid_Cell_Tumor_PEComa_,1,singleton_or_local_review
GYN::Uterine_Corpus::Mixed_Epithelial_Mesenchymal::Adenosarcoma_of_the_Uterine_Corpus,1,singleton_or_local_review
GYN::Uterine_Corpus::Tumor_Like::Endometrial_Metaplasia,1,singleton_or_local_review
GYN::Uterus::Concept::Classification::WHO_Classification,1,singleton_or_local_review
GYN::Uterus::Concept::Management_Workup::Disordered_Proliferative,1,singleton_or_local_review
GYN::Uterus::Concept::Management_Workup::Progestin_Therapy_Related_Changes,1,singleton_or_local_review
GYN::Uterus::Concept::Procedure_Specimen::Histology_Of_Specimens_From_Gender_Affirming_Surgery_In_Individuals_Assigned_Female_At_Birth,1,singleton_or_local_review
GYN::Uterus::Congenital_Structural::Ectopic_Decidual_Reaction,1,singleton_or_local_review
GYN::Uterus::Congenital_Structural::Ectopic_Tubal_Pregnancy,1,singleton_or_local_review
GYN::Uterus::Congenital_Structural::Endometrial_Biopsy_Reporting_Benign_Metaplasia,1,singleton_or_local_review
GYN::Uterus::Congenital_Structural::Polyp::Endometrial_Polyp,1,singleton_or_local_review
GYN::Uterus::Inflammatory::Acute_Chorioamnionitis,1,singleton_or_local_review
GYN::Uterus::Inflammatory::Chronic::Endometritis,1,singleton_or_local_review
GYN::Uterus::Inflammatory::Chronic_Deciduitis,1,singleton_or_local_review
GYN::Uterus::Inflammatory::Hemorrhagic_Endovasculitis_Vasculopathy,1,singleton_or_local_review
GYN::Uterus::Neoplastic::Adenomyosis_Adenomyoma,1,singleton_or_local_review
GYN::Uterus::Neoplastic::Benign::Exogenous_Hormones,1,singleton_or_local_review
GYN::Uterus::Neoplastic::Epithelial::Malignant::Endometrioid_Adenocarcinoma,1,singleton_or_local_review
GYN::Uterus::Neoplastic::Epithelial::Malignant::Mesonephric_Like_Carcinoma,1,singleton_or_local_review
GYN::Uterus::Neoplastic::Epithelial::Precursor::Endometrial_Intraepithelial_Neoplasia_Atypical_Hyperplasia,1,singleton_or_local_review
GYN::Uterus::Neoplastic::Malignant::Endometrial_Carcinoma_General,1,singleton_or_local_review
GYN::Uterus::Neoplastic::Malignant::Invasive_Hydatidiform_Mole,1,singleton_or_local_review
GYN::Uterus::Neoplastic::Malignant::Placenta_Accreta_Increta_And_Percreta,1,singleton_or_local_review
GYN::Uterus::Neoplastic::Malignant::Pole_Ultramutated_Endometrial_Carcinoma,1,singleton_or_local_review
GYN::Uterus::Neoplastic::Malignant::Staging_Sarcoma,1,singleton_or_local_review
GYN::Uterus::Neoplastic::Mesenchymal::Benign::Endometrial_Stromal_Nodule,1,singleton_or_local_review
GYN::Uterus::Neoplastic::Mesenchymal::Benign::Intravenous_Leiomyomatosis,1,singleton_or_local_review
GYN::Uterus::Neoplastic::Mesenchymal::Malignant::High_Grade_Endometrial_Stromal_Sarcoma,1,singleton_or_local_review
GYN::Uterus::Neoplastic::Mesenchymal::Malignant::Low_Grade_Endometrial_Stromal_Sarcoma,1,singleton_or_local_review
GYN::Uterus::Neoplastic::Mesenchymal::Malignant::SMARC_Deficient_Uterine_Sarcoma,1,singleton_or_local_review
GYN::Uterus::Neoplastic::Mesothelial::Benign::Adenomatoid_Tumor,1,singleton_or_local_review
GYN::Uterus::Neoplastic::Miscellaneous::Malignant::Wilms_Tumor,1,singleton_or_local_review
GYN::Uterus::Neoplastic::Sex_Cord_Stromal::Intermediate::Uterine_Tumor_Resembling_Ovarian_Sex_Cord_Tumor,1,singleton_or_local_review
GYN::Uterus::Normal_Histology::Abnormal_Uterine_Bleeding,1,singleton_or_local_review
GYN::Vagina::Congenital_Structural::Malformation::Adenosis,1,singleton_or_local_review
GYN::Vagina::Congenital_Structural::Mechanical::Fallopian_Tube_Prolapse,1,singleton_or_local_review
GYN::Vagina::Glandular_Tumors::Endometrioid_Carcinoma_of_the_Vagina,1,singleton_or_local_review
GYN::Vagina::Neoplastic::Epithelial::Benign::Mixed_Tumor,1,singleton_or_local_review
GYN::Vagina::Neoplastic::Epithelial::Precursor::Vaginal_Intraepithelial_Neoplasia_VaIN,1,singleton_or_local_review
GYN::Vagina::Neoplastic::Germ_Cell::Malignant::Yolk_Sac_Tumor,1,singleton_or_local_review
GYN::Vagina::Neoplastic::Malignant::Staging_Vagina_Carcinoma,1,singleton_or_local_review
GYN::Vagina::Other_Epithelial::Mixed_Tumor_of_the_Vagina,1,singleton_or_local_review
GYN::Vulva::Benign_Squamous::Condyloma_Acuminatum,1,singleton_or_local_review
GYN::Vulva::Concept::Classification::Emerging_Novel_Neoplastic_Entities,1,singleton_or_local_review
GYN::Vulva::Concept::Reporting_Grossing::Features_To_Report,1,singleton_or_local_review
GYN::Vulva::Congenital_Structural::Mechanical::Massive_Edema,1,singleton_or_local_review
GYN::Vulva::Infectious::Infection,1,singleton_or_local_review
GYN::Vulva::Inflammatory::Dermatosis::Allergic_Contact_Dermatitis,1,singleton_or_local_review
GYN::Vulva::Inflammatory::Dermatosis::Lichen_Planus,1,singleton_or_local_review
GYN::Vulva::Inflammatory::Dermatosis::Lichen_Sclerosus,1,singleton_or_local_review
GYN::Vulva::Inflammatory::Dermatosis::Lichen_Simplex_Chronicus,1,singleton_or_local_review
GYN::Vulva::Inflammatory::Pigmented_Lesions_Vulva,1,singleton_or_local_review
GYN::Vulva::Neoplastic::Atypical_Melanocytic_Nevi_Of_The_Genital_Type_Vulva,1,singleton_or_local_review
GYN::Vulva::Neoplastic::Epithelial::Malignant::Bartholin_Gland_Carcinoma,1,singleton_or_local_review
GYN::Vulva::Neoplastic::Epithelial::Malignant::Basal_Cell_Carcinoma,1,singleton_or_local_review
GYN::Vulva::Neoplastic::Epithelial::Malignant::Extramammary_Paget_Disease,1,singleton_or_local_review
GYN::Vulva::Neoplastic::Malignant::Mammary_Mammary_Like_Tissue_And_Associated_Lesions,1,singleton_or_local_review
GYN::Vulva::Neoplastic::Malignant::Mammary_Mammary_Like_Tissue_And_Associated_Lesions_Vulvaectopicmammary,1,singleton_or_local_review
GYN::Vulva::Neoplastic::Malignant::Staging_Vulva_Carcinoma,1,singleton_or_local_review
GYN::Vulva::Neoplastic::Melanocytic::Benign::Common_Melanocytic_Nevus,1,singleton_or_local_review
GYN::Vulva::Neoplastic::Mesenchymal::Benign::Angiomyofibroblastoma,1,singleton_or_local_review
GYN::Vulva::Neoplastic::Mesenchymal::Intermediate::Deep_Aggressive_Angiomyxoma,1,singleton_or_local_review
GYN::Vulva::Neoplastic::Mesenchymal::Malignant::Epithelioid_Sarcoma,1,singleton_or_local_review
GYN::Vulva::Squamous_Tumors::Vulvar_Intraepithelial_Neoplasia_HPV_independent,1,singleton_or_local_review
General_Pathology::PathOut_Residual_Generated::Nasalnasopharyngealgeneral,1,singleton_or_local_review
HEME::B_Cell_Lymphomas::Concept::IHC_Markers::Lymphocyte_Maturation,1,singleton_or_local_review
HEME::B_Cell_Lymphomas::Concept::Laboratory_Operations::Follicular_Hyperplasia,1,singleton_or_local_review
HEME::B_Cell_Lymphomas::Depositional_Metabolic::Amyloid,1,singleton_or_local_review
HEME::B_Cell_Lymphomas::Infectious::EBV_Positive_DLBCL,1,singleton_or_local_review
HEME::B_Cell_Lymphomas::Inflammatory::Reactive_B_Cell_Rich_Lymphoid_Proliferations_That_Can_Mimic_Lymphoma,1,singleton_or_local_review
HEME::B_Cell_Lymphomas::Neoplastic::Atypical_CLL,1,singleton_or_local_review
HEME::B_Cell_Lymphomas::Neoplastic::Malignant::Chl_Lymphocyte_Depleted,1,singleton_or_local_review
HEME::B_Cell_Lymphomas::Neoplastic::Malignant::Chl_Lymphocyte_Rich,1,singleton_or_local_review
HEME::B_Cell_Lymphomas::Neoplastic::Malignant::Composite_Lymphoma,1,singleton_or_local_review
HEME::B_Cell_Lymphomas::Neoplastic::Malignant::DLBCL_NOS,1,singleton_or_local_review
HEME::B_Cell_Lymphomas::Neoplastic::Malignant::DLBCL_Primary_Testicular,1,singleton_or_local_review
HEME::B_Cell_Lymphomas::Neoplastic::Malignant::Diffuse_Large_B_Cell_Lymphoma,1,singleton_or_local_review
HEME::B_Cell_Lymphomas::Neoplastic::Malignant::Extranodal_Marginal_Zone_Lymphoma_Of_Mucosa_Associated_Lymphoid_Tissue,1,singleton_or_local_review
HEME::B_Cell_Lymphomas::Neoplastic::Malignant::Extranodal_Marginal_Zone_Lymphoma_Of_Mucosa_Associated_Lymphoid_Tissue_Malt_Lymphoma,1,singleton_or_local_review
HEME::B_Cell_Lymphomas::Neoplastic::Malignant::Follicular_Usual,1,singleton_or_local_review
HEME::B_Cell_Lymphomas::Neoplastic::Malignant::Intravascular_Lbcl,1,singleton_or_local_review
HEME::B_Cell_Lymphomas::Neoplastic::Malignant::Intravascular_Lbcl_Lymphomadiffuseintra,1,singleton_or_local_review
HEME::B_Cell_Lymphomas::Neoplastic::Malignant::Lymphoma,1,singleton_or_local_review
HEME::B_Cell_Lymphomas::Neoplastic::Malignant::Lymphoma_Conjunctiva,1,singleton_or_local_review
HEME::B_Cell_Lymphomas::Neoplastic::Malignant::Lymphoma_Esophaguslymphoma,1,singleton_or_local_review
HEME::B_Cell_Lymphomas::Neoplastic::Malignant::Lymphoma_Mandiblemaxillalymphoma,1,singleton_or_local_review
HEME::B_Cell_Lymphomas::Neoplastic::Malignant::Mcl_Aggressive_Variants,1,singleton_or_local_review
HEME::B_Cell_Lymphomas::Neoplastic::Malignant::Mcl_Classic,1,singleton_or_local_review
HEME::B_Cell_Lymphomas::Neoplastic::Malignant::Neoplastic_Wbc,1,singleton_or_local_review
HEME::B_Cell_Lymphomas::Neoplastic::Malignant::Primary_Follicular_Lymphoma_Testis,1,singleton_or_local_review
HEME::B_Cell_Lymphomas::Neoplastic::Malignant::Splenic_B_Cell_Lymphoma_Leukemia_With_Prominent_Nucleoli,1,singleton_or_local_review
HEME::B_Cell_Lymphomas::Neoplastic::Malignant::T_Cell_Leukemia_Lymphoma_Protein_1_TCL1,1,singleton_or_local_review
HEME::B_Cell_Lymphomas::Neoplastic::Malignant::Therapy_Related_Myeloid_Neoplasm_Therapy_Related_AML,1,singleton_or_local_review
HEME::B_Cell_Lymphomas::Neoplastic::Malignant::WHO_2022_And_Icc_B_Cell,1,singleton_or_local_review
HEME::B_Cell_Lymphomas::Neoplastic::Precursor::WHO_2017_B_Cell,1,singleton_or_local_review
HEME::B_Cell_Lymphomas::Neoplastic::WHO_2019_Gi_Hematolymphoid_Tumors,1,singleton_or_local_review
HEME::B_Cell_Lymphomas::Normal_Histology::B_And_T_Cells,1,singleton_or_local_review
HEME::B_Cell_Lymphomas::Plasma_Cell::Concept::Management_Workup::Plasma_Cell_Granuloma,1,singleton_or_local_review
HEME::B_Cell_Lymphomas::Plasma_Cell::Concept::Other::Alcohol_Abuse,1,singleton_or_local_review
HEME::B_Cell_Lymphomas::Plasma_Cell::Concept::Other::Plasmacytosis,1,singleton_or_local_review
HEME::B_Cell_Lymphomas::Plasma_Cell::Concept::Staging::Plasma_Cells,1,singleton_or_local_review
HEME::B_Cell_Lymphomas::Plasma_Cell::Congenital_Structural::Thrombocytopenia_Absent_Radii_Tar_Syndrome,1,singleton_or_local_review
HEME::B_Cell_Lymphomas::Plasma_Cell::Depositional_Metabolic::Crystal_Storing_Histiocytosis,1,singleton_or_local_review
HEME::B_Cell_Lymphomas::Plasma_Cell::Infectious::Anaplasma,1,singleton_or_local_review
HEME::B_Cell_Lymphomas::Plasma_Cell::Infectious::Castleman_Disease,1,singleton_or_local_review
HEME::B_Cell_Lymphomas::Plasma_Cell::Infectious::Castleman_Disease_LymphomaHHV8asscmulticastleman,1,singleton_or_local_review
HEME::B_Cell_Lymphomas::Plasma_Cell::Infectious::Histoplasma_Capsulatum,1,singleton_or_local_review
HEME::B_Cell_Lymphomas::Plasma_Cell::Inflammatory::Plasma_Cell_Gingivitis,1,singleton_or_local_review
HEME::B_Cell_Lymphomas::Plasma_Cell::Neoplastic::Blastic_Plasmacytoid_Dendritic_Cell_Neoplasm,1,singleton_or_local_review
HEME::B_Cell_Lymphomas::Plasma_Cell::Neoplastic::Malignant::CLL_SLL,1,singleton_or_local_review
HEME::B_Cell_Lymphomas::Plasma_Cell::Neoplastic::Malignant::CLL_SLL_Lymphomacll,1,singleton_or_local_review
HEME::B_Cell_Lymphomas::Plasma_Cell::Neoplastic::Malignant::Nonsecretory_Myeloma,1,singleton_or_local_review
HEME::B_Cell_Lymphomas::Precursor_B_Cell::B_ALL::B_lymphoblastic_Leukemia_lymphoma_with_BCR_ABL1_like_Features,1,singleton_or_local_review
HEME::B_Cell_Lymphomas::Precursor_B_Cell::B_ALL::B_lymphoblastic_Leukemia_lymphoma_with_High_Hyperdiploidy,1,singleton_or_local_review
HEME::B_Cell_Lymphomas::Precursor_B_Cell::B_ALL::B_lymphoblastic_Leukemia_lymphoma_with_Hypodiploidy,1,singleton_or_local_review
HEME::Histiocytic_Dendritic::Neoplastic::Precursor::Monocytes,1,singleton_or_local_review
HEME::Histiocytic_Dendritic::Plasmacytoid_Dendritic::Mature_Plasmacytoid_Dendritic_Cell_Proliferation_Associated_with_Myeloid_Neoplasm,1,singleton_or_local_review
HEME::Myeloid_Neoplasms::AML::Differentiation::Acute_Basophilic_Leukemia,1,singleton_or_local_review
HEME::Myeloid_Neoplasms::AML::Differentiation::Acute_Myeloid_Leukemia_with_Minimal_Differentiation,1,singleton_or_local_review
HEME::Myeloid_Neoplasms::AML::Differentiation::Acute_Myelomonocytic_Leukemia,1,singleton_or_local_review
HEME::Myeloid_Neoplasms::AML::Genetic_Abnormalities::Acute_Myeloid_Leukemia_with_BCR_ABL1_Fusion,1,singleton_or_local_review
HEME::Myeloid_Neoplasms::AML::Genetic_Abnormalities::Acute_Myeloid_Leukemia_with_CEBPA_Mutation,1,singleton_or_local_review
HEME::Myeloid_Neoplasms::AML::Genetic_Abnormalities::Acute_Myeloid_Leukemia_with_DEK_NUP214_Fusion,1,singleton_or_local_review
HEME::Myeloid_Neoplasms::AML::Genetic_Abnormalities::Acute_Myeloid_Leukemia_with_RUNX1_RUNX1T1_Fusion,1,singleton_or_local_review
HEME::Myeloid_Neoplasms::Ambiguous_Lineage::Immunophenotype::Acute_Leukemia_of_Ambiguous_Lineage_NOS,1,singleton_or_local_review
HEME::Myeloid_Neoplasms::Ambiguous_Lineage::Immunophenotype::Acute_Undifferentiated_Leukemia,1,singleton_or_local_review
HEME::Myeloid_Neoplasms::Concept::Molecular_Genetics::JAK2,1,singleton_or_local_review
HEME::Myeloid_Neoplasms::Concept::Molecular_Genetics::With_DDX41_Mutation,1,singleton_or_local_review
HEME::Myeloid_Neoplasms::Concept::Other::Chediak_Higashi_Syndrome,1,singleton_or_local_review
HEME::Myeloid_Neoplasms::Concept::Other::Cutaneous_Mastocytosis,1,singleton_or_local_review
HEME::Myeloid_Neoplasms::Infectious::CMV,1,singleton_or_local_review
HEME::Myeloid_Neoplasms::Inflammatory::Splendore_Hoeppli_Phenomenon,1,singleton_or_local_review
HEME::Myeloid_Neoplasms::Myelodysplastic_Neoplasms::Genetic_Abnormalities::Myelodysplastic_Neoplasm_with_Biallelic_TP53_Inactivation,1,singleton_or_local_review
HEME::Myeloid_Neoplasms::Myeloproliferative_Neoplasms::Chronic_Neutrophilic_Leukemia,1,singleton_or_local_review
HEME::Myeloid_Neoplasms::Neoplastic::MDS_General,1,singleton_or_local_review
HEME::Myeloid_Neoplasms::Neoplastic::MDS_General_Bonemarrowneoplasticmdsgeneral,1,singleton_or_local_review
HEME::Myeloid_Neoplasms::Neoplastic::MDS_Hypoplastic,1,singleton_or_local_review
HEME::Myeloid_Neoplasms::Neoplastic::MDS_In_Childhood,1,singleton_or_local_review
HEME::Myeloid_Neoplasms::Neoplastic::MDS_MPN_NOS_Unclassifiable,1,singleton_or_local_review
HEME::Myeloid_Neoplasms::Neoplastic::MDS_MPN_With_SF3B_1_And_Thrombocytosis,1,singleton_or_local_review
HEME::Myeloid_Neoplasms::Neoplastic::MDS_Prognostic_Scoring,1,singleton_or_local_review
HEME::Myeloid_Neoplasms::Neoplastic::MDS_Unclassifiable,1,singleton_or_local_review
HEME::Myeloid_Neoplasms::Neoplastic::MDS_With_Excess_Blasts,1,singleton_or_local_review
HEME::Myeloid_Neoplasms::Neoplastic::MDS_With_Mutated_SF3B_1,1,singleton_or_local_review
HEME::Myeloid_Neoplasms::Neoplastic::MPN_Unclassifiable,1,singleton_or_local_review
HEME::Myeloid_Neoplasms::Neoplastic::Malignant::AML_Hypocellular,1,singleton_or_local_review
HEME::Myeloid_Neoplasms::Neoplastic::Malignant::AML_M6,1,singleton_or_local_review
HEME::Myeloid_Neoplasms::Neoplastic::Malignant::AML_Megakaryoblastic_With_T_1_22_P13_3_Q13_1_RBM15_MRTF1,1,singleton_or_local_review
HEME::Myeloid_Neoplasms::Neoplastic::Malignant::AML_With_Cebpa_Mutation_WHO_HAEM5_Biallelic_Or_Icc_Bzip,1,singleton_or_local_review
HEME::Myeloid_Neoplasms::Neoplastic::Malignant::AML_With_FLT3,1,singleton_or_local_review
HEME::Myeloid_Neoplasms::Neoplastic::Malignant::AML_With_Inv_16_P13_1_Q22_Or_T_16_16_P13_1_Q22_Cbfb_MYH11,1,singleton_or_local_review
HEME::Myeloid_Neoplasms::Neoplastic::Malignant::AML_With_Inv_3_Q21_3_Q26_2_Or_T_3_3_Q21_3_Q26_2_GATA2_Mecom,1,singleton_or_local_review
HEME::Myeloid_Neoplasms::Neoplastic::Malignant::AML_With_KAT6A_Crebbp,1,singleton_or_local_review
HEME::Myeloid_Neoplasms::Neoplastic::Malignant::AML_With_Maturation_Fab_AML_M2,1,singleton_or_local_review
HEME::Myeloid_Neoplasms::Neoplastic::Malignant::AML_With_Mutated_NPM1,1,singleton_or_local_review
HEME::Myeloid_Neoplasms::Neoplastic::Malignant::AML_With_Myelodysplasia_Defining_Abnormalities,1,singleton_or_local_review
HEME::Myeloid_Neoplasms::Neoplastic::Malignant::AML_With_Other_KMT2A_Rearrangements,1,singleton_or_local_review
HEME::Myeloid_Neoplasms::Neoplastic::Malignant::AML_With_Other_Mecom_Rearrangements,1,singleton_or_local_review
HEME::Myeloid_Neoplasms::Neoplastic::Malignant::AML_With_Pseudo_Chediak_Higashi_Anomaly,1,singleton_or_local_review
HEME::Myeloid_Neoplasms::Neoplastic::Malignant::AML_With_RUNX1T_3_CBFA2T_3_GLIS2,1,singleton_or_local_review
HEME::Myeloid_Neoplasms::Neoplastic::Malignant::AML_With_T_1_3_P36_Q21_RDM16_RPN1,1,singleton_or_local_review
HEME::Myeloid_Neoplasms::Neoplastic::Malignant::AML_With_T_9_11_P22_Q23_KMT2A_MLLT3,1,singleton_or_local_review
HEME::Myeloid_Neoplasms::Neoplastic::Malignant::Acute_Panmyelosis_With_Myelofibrosis,1,singleton_or_local_review
HEME::Myeloid_Neoplasms::Neoplastic::Malignant::Amol,1,singleton_or_local_review
HEME::Myeloid_Neoplasms::Neoplastic::Malignant::Atypical_Chronic_Myeloid_Leukemia_Bcr_ABL1_Negative,1,singleton_or_local_review
HEME::Myeloid_Neoplasms::Neoplastic::Malignant::Chronic_Eosinophilic_Leukemia,1,singleton_or_local_review
HEME::Myeloid_Neoplasms::Neoplastic::Malignant::Chronic_Myeloid_Leukemia_Bcr_ABL1_Positive,1,singleton_or_local_review
HEME::Myeloid_Neoplasms::Neoplastic::Malignant::Chronic_Myelomonocytic_Leukemia,1,singleton_or_local_review
HEME::Myeloid_Neoplasms::Neoplastic::Malignant::Diamond_Blackfan_Anemia,1,singleton_or_local_review
HEME::Myeloid_Neoplasms::Neoplastic::Malignant::Diamond_Blackfan_Anemia_Bonemarrowneoplasticdiamondblackfan,1,singleton_or_local_review
HEME::Myeloid_Neoplasms::Neoplastic::Malignant::Juvenile_Myelomonocytic_Leukemia,1,singleton_or_local_review
HEME::Myeloid_Neoplasms::Neoplastic::Malignant::M5B,1,singleton_or_local_review
HEME::Myeloid_Neoplasms::Neoplastic::Malignant::Mixed_Phenotype,1,singleton_or_local_review
HEME::Myeloid_Neoplasms::Neoplastic::Malignant::Myeloid_Sarcoma,1,singleton_or_local_review
HEME::Myeloid_Neoplasms::Neoplastic::Malignant::Myeloid_Sarcoma_Skintumornonmelanocyticgranulocytic,1,singleton_or_local_review
HEME::Myeloid_Neoplasms::Neoplastic::Malignant::T_12_21_P13_Q22_ETV6_RUNX1,1,singleton_or_local_review
HEME::Myeloid_Neoplasms::Neoplastic::Myeloid_Neoplasms_With_Germline_GATA2_Mutation,1,singleton_or_local_review
HEME::Myeloid_Neoplasms::Neoplastic::Myeloid_Neoplasms_With_Germline_SAMD9_Mutation,1,singleton_or_local_review
HEME::Myeloid_Neoplasms::Neoplastic::Myeloid_Or_Lymphoid_Neoplasms_With_Germline_RUNX1_Mutation,1,singleton_or_local_review
HEME::Myeloid_Neoplasms::Neoplastic::Precursor::MDS_With_Multilineage_Dysplasia,1,singleton_or_local_review
HEME::Myeloid_Neoplasms::Neoplastic::Precursor::MDS_With_Single_Lineage_Dysplasia,1,singleton_or_local_review
HEME::Myeloid_Neoplasms::Neoplastic::Sea_Blue_Histiocytosis_Syndrome,1,singleton_or_local_review
HEME::Myeloid_Neoplasms::Precursor_Lesions::Clonal_Hematopoiesis::Clonal_Cytopenia_of_Undetermined_Significance,1,singleton_or_local_review
HEME::Myeloid_Neoplasms::Secondary_Neoplasms::Antecedent_Conditions::Myeloid_Proliferations_Associated_with_Down_Syndrome,1,singleton_or_local_review
HEME::Non_Neoplastic::Concept::Classification::Hereditary_Persistence_Of_Fetal_Hemoglobin_Hpfh,1,singleton_or_local_review
HEME::Non_Neoplastic::Concept::Classification::Megakaryocytes,1,singleton_or_local_review
HEME::Non_Neoplastic::Concept::Classification::Megaloblastic_Anemia,1,singleton_or_local_review
HEME::Non_Neoplastic::Concept::Management_Workup::Copper_Deficiency,1,singleton_or_local_review
HEME::Non_Neoplastic::Concept::Management_Workup::Rbc_Inclusions,1,singleton_or_local_review
HEME::Non_Neoplastic::Concept::Management_Workup::Shwachman_Diamond_Syndrome,1,singleton_or_local_review
HEME::Non_Neoplastic::Concept::Management_Workup::Shwachman_Diamond_Syndrome_Bonemarrowshwachmandiamond,1,singleton_or_local_review
HEME::Non_Neoplastic::Concept::Molecular_Genetics::Paroxysmal_Nocturnal_Hemoglobinuria_Pnh,1,singleton_or_local_review
HEME::Non_Neoplastic::Concept::Molecular_Genetics::Paroxysmal_Nocturnal_Hemoglobinuria_Pnh_Hematologypnh,1,singleton_or_local_review
HEME::Non_Neoplastic::Concept::Molecular_Genetics::Plasmodium_Falciparum,1,singleton_or_local_review
HEME::Non_Neoplastic::Concept::Other::Iron_Deficiency_Anemia,1,singleton_or_local_review
HEME::Non_Neoplastic::Concept::Reporting_Grossing::Features_To_Report,1,singleton_or_local_review
HEME::Non_Neoplastic::Congenital_Structural::Congenital_Dyserythropoietic_Anemia_Cda,1,singleton_or_local_review
HEME::Non_Neoplastic::Congenital_Structural::Diagnosing_Hemolytic_Anemia,1,singleton_or_local_review
HEME::Non_Neoplastic::Congenital_Structural::Pure_Red_Cell_Aplasia,1,singleton_or_local_review
HEME::Non_Neoplastic::Infectious::Hiv_Aids,1,singleton_or_local_review
HEME::Non_Neoplastic::Neoplastic::Dyskeratosis_Congenita,1,singleton_or_local_review
HEME::Non_Neoplastic::Neoplastic::MDS_With_Mutated_TP53,1,singleton_or_local_review
HEME::Non_Neoplastic::Neoplastic::Richter_Syndrome,1,singleton_or_local_review
HEME::Non_Neoplastic::Normal_Histology::Hemoglobin_C_Disease,1,singleton_or_local_review
HEME::Other::Concept::Classification::Atll,1,singleton_or_local_review
HEME::Other::Concept::Classification::Atll_Lymphomanonbatlv,1,singleton_or_local_review
HEME::Other::Concept::Classification::Clonal_Monocytosis_Of_Undetermined_Significance_Cmus,1,singleton_or_local_review
HEME::Other::Concept::Classification::Gaucher_Disease,1,singleton_or_local_review
HEME::Other::Concept::Classification::Immune_Thrombocytopenia_Itp,1,singleton_or_local_review
HEME::Other::Concept::Classification::Ptld_Polymorphic,1,singleton_or_local_review
HEME::Other::Concept::Classification::Semen_Analysis,1,singleton_or_local_review
HEME::Other::Concept::Classification::Wiskott_Aldrich_Syndrome,1,singleton_or_local_review
HEME::Other::Concept::IHC_Markers::Omenn_Syndrome,1,singleton_or_local_review
HEME::Other::Concept::Laboratory_Operations::Kikuchi_Disease,1,singleton_or_local_review
HEME::Other::Concept::Management_Workup::Congestive_Splenomegaly,1,singleton_or_local_review
HEME::Other::Concept::Management_Workup::Niemann_Pick_Disease,1,singleton_or_local_review
HEME::Other::Concept::Molecular_Genetics::Erythroid_Maturation_Erythropoiesis,1,singleton_or_local_review
HEME::Other::Concept::Molecular_Genetics::General,1,singleton_or_local_review
HEME::Other::Concept::Molecular_Genetics::Splenectomy_Rupture_And_Splenosis,1,singleton_or_local_review
HEME::Other::Concept::Molecular_Genetics::T_5_14_Q31_Q32_IGH_IL3,1,singleton_or_local_review
HEME::Other::Concept::Molecular_Genetics::T_9_22_Q34_Q11_Bcr_ABL1,1,singleton_or_local_review
HEME::Other::Concept::Other::Atll,1,singleton_or_local_review
HEME::Other::Concept::Other::Chl_Nodular_Sclerosis,1,singleton_or_local_review
HEME::Other::Concept::Other::Crystal_Storing_Histiocytosis,1,singleton_or_local_review
HEME::Other::Concept::Other::Flow_Cytometry,1,singleton_or_local_review
HEME::Other::Concept::Other::Neutrophil_Maturation,1,singleton_or_local_review
HEME::Other::Concept::Procedure_Specimen::Core_Needle_Procedure,1,singleton_or_local_review
HEME::Other::Concept::Procedure_Specimen::How_To_Do_A_Bone_Marrow_Biopsy_Procedure,1,singleton_or_local_review
HEME::Other::Concept::Reporting_Grossing::Endogenous_Pigment,1,singleton_or_local_review
HEME::Other::Concept::Reporting_Grossing::Grossing_And_Features_To_Report_Lymph_Nodes,1,singleton_or_local_review
HEME::Other::Congenital_Structural::Angiolipomatous_Hamartoma,1,singleton_or_local_review
HEME::Other::Congenital_Structural::Epithelial_Cyst,1,singleton_or_local_review
HEME::Other::Congenital_Structural::Other_Ectopic_Tissue_Inclusions,1,singleton_or_local_review
HEME::Other::Congenital_Structural::Splenic_Malformations,1,singleton_or_local_review
HEME::Other::Depositional_Metabolic::Arsenic_Toxicity,1,singleton_or_local_review
HEME::Other::Depositional_Metabolic::Primary_Amyloidosis,1,singleton_or_local_review
HEME::Other::Depositional_Metabolic::Vitamin_B12_Deficiency,1,singleton_or_local_review
HEME::Other::Infectious::Adult_Onset_Still_Disease,1,singleton_or_local_review
HEME::Other::Infectious::Babesia,1,singleton_or_local_review
HEME::Other::Infectious::CR3_Deficiency,1,singleton_or_local_review
HEME::Other::Infectious::EBV_Related_Lymphoid_Proliferations,1,singleton_or_local_review
HEME::Other::Infectious::Mycobacteria_Atypical_Other_Than_Tb_Or_Leprosy,1,singleton_or_local_review
HEME::Other::Infectious::Other_Infections,1,singleton_or_local_review
HEME::Other::Infectious::Parvovirus_Erythrovirus_B19,1,singleton_or_local_review
HEME::Other::Infectious::Plasmodium_Non_Falciparum,1,singleton_or_local_review
HEME::Other::Infectious::Uncommon_Infections,1,singleton_or_local_review
HEME::Other::Inflammatory::Abscess,1,singleton_or_local_review
HEME::Other::Inflammatory::Acute_Splenitis,1,singleton_or_local_review
HEME::Other::Inflammatory::Granulomatous_Inflammation,1,singleton_or_local_review
HEME::Other::Inflammatory::Granulomatous_Inflammation_Lymphnodesgranulomatous,1,singleton_or_local_review
HEME::Other::Inflammatory::Immune_Thrombotic_Thrombocytopenic_Purpura_Ttp,1,singleton_or_local_review
HEME::Other::Inflammatory::Lupus_Lymphadenitis,1,singleton_or_local_review
HEME::Other::Inflammatory::Reactive_Lymphadenopathy,1,singleton_or_local_review
HEME::Other::Inflammatory::Reactive_Neutrophilia,1,singleton_or_local_review
HEME::Other::Inflammatory::Rheumatoid_Arthritis,1,singleton_or_local_review
HEME::Other::Neoplastic::Benign::Angiomyolipoma,1,singleton_or_local_review
HEME::Other::Neoplastic::Benign::Angiomyomatous_Hamartoma,1,singleton_or_local_review
HEME::Other::Neoplastic::Clonal_Hematopoiesis_Of_Indeterminate_Potential_Chip,1,singleton_or_local_review
HEME::Other::Neoplastic::Hemangioma_Lymph_Nodes,1,singleton_or_local_review
HEME::Other::Neoplastic::Lymphangioma,1,singleton_or_local_review
HEME::Other::Neoplastic::Lymphangiomyomatosis,1,singleton_or_local_review
HEME::Other::Neoplastic::Malignant::ALK_Positive_Lbcl,1,singleton_or_local_review
HEME::Other::Neoplastic::Malignant::Accessory,1,singleton_or_local_review
HEME::Other::Neoplastic::Malignant::Adipose_Tissue_Lipogranuloma,1,singleton_or_local_review
HEME::Other::Neoplastic::Malignant::Amkl_M7,1,singleton_or_local_review
HEME::Other::Neoplastic::Malignant::Apl_With_PML_Rara,1,singleton_or_local_review
HEME::Other::Neoplastic::Malignant::Chl_Mixed_Cellularity,1,singleton_or_local_review
HEME::Other::Neoplastic::Malignant::Drug_Hypersensitivity,1,singleton_or_local_review
HEME::Other::Neoplastic::Malignant::Foreign_Material,1,singleton_or_local_review
HEME::Other::Neoplastic::Malignant::Hematogones,1,singleton_or_local_review
HEME::Other::Neoplastic::Malignant::Hemophagocytic_Lymphohistiocytosis,1,singleton_or_local_review
HEME::Other::Neoplastic::Malignant::Iron_In_Nonneoplastic_Marrow,1,singleton_or_local_review
HEME::Other::Neoplastic::Malignant::Lymphoid_Aggregates_Benign,1,singleton_or_local_review
HEME::Other::Neoplastic::Malignant::Lymphoma,1,singleton_or_local_review
HEME::Other::Neoplastic::Malignant::M5A,1,singleton_or_local_review
HEME::Other::Neoplastic::Malignant::Metastases,1,singleton_or_local_review
HEME::Other::Neoplastic::Malignant::Miscellaneous_Rare_CNS_Lymphomas,1,singleton_or_local_review
HEME::Other::Neoplastic::Malignant::Staging_Ocular_Adnexal_Lymphoma,1,singleton_or_local_review
HEME::Other::Neoplastic::Malignant::T_1_19_Q23_P13_3_TCF3_PBX1,1,singleton_or_local_review
HEME::Other::Neoplastic::Malignant::T_Prolymphocytic_Leukemia,1,singleton_or_local_review
HEME::Other::Normal_Histology::Age_Related_Changes,1,singleton_or_local_review
HEME::Other::Normal_Histology::Anatomy_And_Histology_Lymph_Nodes,1,singleton_or_local_review
HEME::Other::Normal_Histology::Common_Nonspecific_Abnormal_Features,1,singleton_or_local_review
HEME::Other::Normal_Histology::Gelatinous_Transformation,1,singleton_or_local_review
HEME::Other::Normal_Histology::Osteoblasts,1,singleton_or_local_review
HEME::Other::Normal_Histology::Progressive_Transformation_Of_Germinal_Centers,1,singleton_or_local_review
HEME::Other::Normal_Histology::Transient_Abnormal_Myelopoiesis_Associated_With_Down_Syndrome,1,singleton_or_local_review
HEME::Other::Normal_Histology::Vascular_Transformation_Of_Sinuses,1,singleton_or_local_review
HEME::Stroma_Derived::Splenic_Vascular::Sclerosing_Angiomatoid_Nodular_Transformation_of_Spleen,1,singleton_or_local_review
HEME::Stroma_Derived::Splenic_Vascular::Splenic_Hamartoma,1,singleton_or_local_review
HEME::T_NK_Cell::Concept::IHC_Markers::Basophils,1,singleton_or_local_review
HEME::T_NK_Cell::Concept::IHC_Markers::Osteoclasts,1,singleton_or_local_review
HEME::T_NK_Cell::Concept::Laboratory_Operations::Kimura_Disease,1,singleton_or_local_review
HEME::T_NK_Cell::Concept::Management_Workup::Kawasaki_Disease,1,singleton_or_local_review
HEME::T_NK_Cell::Infectious::Cryptococcus_Neoformans_And_Gattii,1,singleton_or_local_review
HEME::T_NK_Cell::Infectious::Eosinophils,1,singleton_or_local_review
HEME::T_NK_Cell::Infectious::Hiv,1,singleton_or_local_review
HEME::T_NK_Cell::Infectious::Q_Fever,1,singleton_or_local_review
HEME::T_NK_Cell::Infectious::Sezary_Syndrome,1,singleton_or_local_review
HEME::T_NK_Cell::Infectious::Sezary_Syndrome_Lymphomanonbsezary,1,singleton_or_local_review
HEME::T_NK_Cell::Inflammatory::Autoimmune_Myelofibrosis_Aimf,1,singleton_or_local_review
HEME::T_NK_Cell::Inflammatory::Chronic_Granulomatous_Disease,1,singleton_or_local_review
HEME::T_NK_Cell::Inflammatory::Granulomatous_Inflammation,1,singleton_or_local_review
HEME::T_NK_Cell::Mature_T_NK_Cell::Cutaneous_T_Cell::Primary_Cutaneous_Acral_CD8_positive_T_cell_Lymphoproliferative_Disorder,1,singleton_or_local_review
HEME::T_NK_Cell::Neoplastic::Malignant::AML_Without_Maturation_Fab_AML_M1,1,singleton_or_local_review
HEME::T_NK_Cell::Neoplastic::Malignant::Aggressive_Nk_Cell_Leukemia,1,singleton_or_local_review
HEME::T_NK_Cell::Neoplastic::Malignant::Cutaneous_Mastocytosis,1,singleton_or_local_review
HEME::T_NK_Cell::Neoplastic::Malignant::Fibroblastic_Reticulum_Cell_Sarcoma,1,singleton_or_local_review
HEME::T_NK_Cell::Neoplastic::Malignant::Nk_Large_Granular_Lymphocytic_Leukemia,1,singleton_or_local_review
HEME::T_NK_Cell::Neoplastic::Malignant::Systemic_Mastocytosis,1,singleton_or_local_review
HEME::T_NK_Cell::Neoplastic::Malignant::Systemic_Mastocytosis_Bonesystemicmastocytosis,1,singleton_or_local_review
HEME::T_NK_Cell::Neoplastic::Malignant::T_Lymphoblastic_Lymphoma_Leukemia,1,singleton_or_local_review
HEME::T_NK_Cell::Neoplastic::Myeloid_Neoplasms_With_ANKRD26_Mutation,1,singleton_or_local_review
HEME::T_NK_Cell::Neoplastic::Precursor::Aplastic_Anemia_Aa,1,singleton_or_local_review
HEME::T_NK_Cell::Normal_Histology::Mast_Cells,1,singleton_or_local_review
HN::Bone::Concept::Classification::Acute_Suppurative,1,singleton_or_local_review
HN::Bone::Concept::Procedure_Specimen::Biopsy_And_Aspirate_Smear,1,singleton_or_local_review
HN::Bone::Concept::Reporting_Grossing::Grossing_And_Features_To_Report,1,singleton_or_local_review
HN::Bone::Inflammatory::Osteomyelitis_Overview,1,singleton_or_local_review
HN::Bone::Inflammatory::Osteoradionecrosis,1,singleton_or_local_review
HN::Bone::Neoplastic::FLT3_Rearrangement,1,singleton_or_local_review
HN::Bone::Neoplastic::Malignant::Ameloblastoma,1,singleton_or_local_review
HN::Bone::Neoplastic::Malignant::Cic_Rearranged_Sarcoma,1,singleton_or_local_review
HN::Bone::Neoplastic::Malignant::Odontogenic_Sarcoma_Ameloblastic_Fibrosarcoma,1,singleton_or_local_review
HN::Bone::Neoplastic::Tumoral_Calcinosis,1,singleton_or_local_review
HN::Bone::Normal_Histology::Anatomy_And_Histology,1,singleton_or_local_review
HN::Ear_Temporal_Bone::Concept::Classification::Aortic_Aneurysms,1,singleton_or_local_review
HN::Ear_Temporal_Bone::Concept::Classification::Basic_Heart_Dissection_Techniques_For_Forensic_Purposes,1,singleton_or_local_review
HN::Ear_Temporal_Bone::Concept::Classification::Left_Ventricular_Assist_Device_Lvad,1,singleton_or_local_review
HN::Ear_Temporal_Bone::Concept::Classification::PDGFRA_Rearrangement,1,singleton_or_local_review
HN::Ear_Temporal_Bone::Concept::IHC_Markers::Smear_Preparation,1,singleton_or_local_review
HN::Ear_Temporal_Bone::Concept::Laboratory_Operations::Chronic_Allograft_Vasculopathy,1,singleton_or_local_review
HN::Ear_Temporal_Bone::Concept::Laboratory_Operations::Sarcoidosis,1,singleton_or_local_review
HN::Ear_Temporal_Bone::Concept::Management_Workup::Prosthetic_Valves,1,singleton_or_local_review
HN::Ear_Temporal_Bone::Concept::Molecular_Genetics::Connective_Tissue_Diseases,1,singleton_or_local_review
HN::Ear_Temporal_Bone::Concept::Molecular_Genetics::Degenerative_Valve_Disease,1,singleton_or_local_review
HN::Ear_Temporal_Bone::Concept::Molecular_Genetics::General_Transplant,1,singleton_or_local_review
HN::Ear_Temporal_Bone::Concept::Molecular_Genetics::Syphilis,1,singleton_or_local_review
HN::Ear_Temporal_Bone::Concept::Other::Anomalous_Coronary_Artery,1,singleton_or_local_review
HN::Ear_Temporal_Bone::Concept::Other::Lambl_Excrescence,1,singleton_or_local_review
HN::Ear_Temporal_Bone::Concept::Other::Tetralogy_Of_Fallot,1,singleton_or_local_review
HN::Ear_Temporal_Bone::Concept::Reporting_Grossing::Features_To_Report,1,singleton_or_local_review
HN::Ear_Temporal_Bone::Congenital_Structural::Congential_Other,1,singleton_or_local_review
HN::Ear_Temporal_Bone::Congenital_Structural::Residual_Cyst,1,singleton_or_local_review
HN::Ear_Temporal_Bone::Depositional_Metabolic::Amyloidosis,1,singleton_or_local_review
HN::Ear_Temporal_Bone::External_Auditory_Canal::Ceruminous_Adenocarcinoma,1,singleton_or_local_review
HN::Ear_Temporal_Bone::External_Auditory_Canal::Ceruminous_Adenoma,1,singleton_or_local_review
HN::Ear_Temporal_Bone::External_Auditory_Canal::Chondrodermatitis_Nodularis_Chronica_Helicis,1,singleton_or_local_review
HN::Ear_Temporal_Bone::External_Auditory_Canal::Exostosis,1,singleton_or_local_review
HN::Ear_Temporal_Bone::External_Auditory_Canal::Keloid,1,singleton_or_local_review
HN::Ear_Temporal_Bone::Infectious::Infectious_Inflammatory,1,singleton_or_local_review
HN::Ear_Temporal_Bone::Infectious::Infective_Endocarditis,1,singleton_or_local_review
HN::Ear_Temporal_Bone::Infectious::Infective_Myocarditis,1,singleton_or_local_review
HN::Ear_Temporal_Bone::Infectious::Noninfective_Endocarditis,1,singleton_or_local_review
HN::Ear_Temporal_Bone::Infectious::Noninfective_Myocarditis,1,singleton_or_local_review
HN::Ear_Temporal_Bone::Infectious::Noninfective_Pericarditis,1,singleton_or_local_review
HN::Ear_Temporal_Bone::Inflammatory::Acute_Cellular_Rejection,1,singleton_or_local_review
HN::Ear_Temporal_Bone::Inflammatory::Antibody_Mediated_Rejection,1,singleton_or_local_review
HN::Ear_Temporal_Bone::Inflammatory::Atherosclerotic_Coronary_Artery_Disease,1,singleton_or_local_review
HN::Ear_Temporal_Bone::Inflammatory::Chronic_Recurrent_Multifocal,1,singleton_or_local_review
HN::Ear_Temporal_Bone::Inflammatory::Diffuse_Sclerosing,1,singleton_or_local_review
HN::Ear_Temporal_Bone::Inflammatory::Infection,1,singleton_or_local_review
HN::Ear_Temporal_Bone::Inflammatory::Secondary_Chronic,1,singleton_or_local_review
HN::Ear_Temporal_Bone::Middle_Inner_Ear::Cholesteatoma,1,singleton_or_local_review
HN::Ear_Temporal_Bone::Middle_Inner_Ear::Endolymphatic_Sac_Tumor,1,singleton_or_local_review
HN::Ear_Temporal_Bone::Middle_Inner_Ear::Middle_Ear_Neuroendocrine_Tumor,1,singleton_or_local_review
HN::Ear_Temporal_Bone::Middle_Inner_Ear::Middle_Ear_Papilloma,1,singleton_or_local_review
HN::Ear_Temporal_Bone::Middle_Inner_Ear::Otic_Polyp,1,singleton_or_local_review
HN::Ear_Temporal_Bone::Middle_Inner_Ear::Otosclerosis,1,singleton_or_local_review
HN::Ear_Temporal_Bone::Neoplastic::Benign::Cardiac_Fibroma,1,singleton_or_local_review
HN::Ear_Temporal_Bone::Neoplastic::Benign::Papillary_Fibroelastoma,1,singleton_or_local_review
HN::Ear_Temporal_Bone::Neoplastic::Cystic_Tumor_Of_The_Atrioventricular_Node,1,singleton_or_local_review
HN::Ear_Temporal_Bone::Neoplastic::Machine_Learning_Fundamentals,1,singleton_or_local_review
HN::Ear_Temporal_Bone::Neoplastic::Malignant::FGFR1_Rearrangement,1,singleton_or_local_review
HN::Ear_Temporal_Bone::Neoplastic::Malignant::Nonatherosclerotic_Coronary_Artery_Disease,1,singleton_or_local_review
HN::Ear_Temporal_Bone::Neoplastic::Malignant::Odontoameloblastoma,1,singleton_or_local_review
HN::Ear_Temporal_Bone::Neoplastic::Pecoma_Clear_Cell_Tumor,1,singleton_or_local_review
HN::Ear_Temporal_Bone::Normal_Histology::Drug_Induced_Valvular_Heart_Disease,1,singleton_or_local_review
HN::Ear_Temporal_Bone::Normal_Histology::Embryology,1,singleton_or_local_review
HN::Ear_Temporal_Bone::Normal_Histology::Histology,1,singleton_or_local_review
HN::Ear_Temporal_Bone::Normal_Histology::Valves,1,singleton_or_local_review
HN::Genetics::Nevoid_Basal_Cell_Carcinoma_Syndrome,1,singleton_or_local_review
HN::Heme::B_Cell::Large_B_Cell_Lymphoma_With_IRF4_Rearrangement,1,singleton_or_local_review
HN::Heme::B_Cell::Plasmablastic_Lymphoma,1,singleton_or_local_review
HN::Heme::Histiocytic_Dendritic::Follicular_Dendritic_Cell_Sarcoma,1,singleton_or_local_review
HN::Heme::Histiocytic_Dendritic::Langerhans_Cell_Histiocytosis,1,singleton_or_local_review
HN::Heme::Histiocytic_Dendritic::Rosai_Dorfman_Disease,1,singleton_or_local_review
HN::Heme::Myeloid::Myeloid_Sarcoma,1,singleton_or_local_review
HN::Heme::Reactive::EBV_Positive_Mucocutaneous_Ulcer,1,singleton_or_local_review
HN::Heme::Reactive::IgG4_Related_Disease,1,singleton_or_local_review
HN::Larynx_Hypopharynx_Trachea::Carcinoma::Adenosquamous_Carcinoma,1,singleton_or_local_review
HN::Larynx_Hypopharynx_Trachea::Congenital_Structural::Laryngeal_Cysts,1,singleton_or_local_review
HN::Larynx_Hypopharynx_Trachea::Congenital_Structural::Laryngocele,1,singleton_or_local_review
HN::Larynx_Hypopharynx_Trachea::Congenital_Structural::Rhinosclerosis,1,singleton_or_local_review
HN::Larynx_Hypopharynx_Trachea::Depositional_Metabolic::Amyloidosis_Larynx,1,singleton_or_local_review
HN::Larynx_Hypopharynx_Trachea::Depositional_Metabolic::Amyloidosis_Trachea,1,singleton_or_local_review
HN::Larynx_Hypopharynx_Trachea::Inflammatory::Contact_Ulcer,1,singleton_or_local_review
HN::Larynx_Hypopharynx_Trachea::Inflammatory::Laryngitis_Laryngoepiglottitis,1,singleton_or_local_review
HN::Larynx_Hypopharynx_Trachea::Inflammatory::Vocal_Cord_Polyp,1,singleton_or_local_review
HN::Larynx_Hypopharynx_Trachea::Neoplastic::Malignant::Verrucous_Hyperplasia,1,singleton_or_local_review
HN::Larynx_Hypopharynx_Trachea::Precursor::Epithelial_Dysplasia,1,singleton_or_local_review
HN::Larynx_Hypopharynx_Trachea::Precursor::Squamous_Papilloma,1,singleton_or_local_review
HN::Nasopharynx::Carcinoma::Low_Grade_Nasopharyngeal_Papillary_Adenocarcinoma,1,singleton_or_local_review
HN::Nasopharynx::Hamartoma::Hairy_Polyp,1,singleton_or_local_review
HN::Neck_Lymph_Node::Cyst::Lymphoepithelial_Cyst,1,singleton_or_local_review
HN::Neuroendocrine_Paraganglioma::Neuroendocrine_Carcinoma::Merkel_Cell_Carcinoma,1,singleton_or_local_review
HN::Odontogenic_Maxillofacial::Benign_Bone_Cartilage::Chondroblastoma,1,singleton_or_local_review
HN::Odontogenic_Maxillofacial::Benign_Bone_Cartilage::Chondromyxoid_Fibroma,1,singleton_or_local_review
HN::Odontogenic_Maxillofacial::Benign_Bone_Cartilage::Desmoplastic_Fibroma,1,singleton_or_local_review
HN::Odontogenic_Maxillofacial::Benign_Bone_Cartilage::Osteoblastoma,1,singleton_or_local_review
HN::Odontogenic_Maxillofacial::Benign_Bone_Cartilage::Osteochondroma,1,singleton_or_local_review
HN::Odontogenic_Maxillofacial::Benign_Bone_Cartilage::Osteoma,1,singleton_or_local_review
HN::Odontogenic_Maxillofacial::Benign_Epithelial::Adenoid_Ameloblastoma,1,singleton_or_local_review
HN::Odontogenic_Maxillofacial::Benign_Epithelial::Adenomatoid_Odontogenic_Tumor,1,singleton_or_local_review
HN::Odontogenic_Maxillofacial::Benign_Epithelial::Calcifying_Epithelial_Odontogenic_Tumor,1,singleton_or_local_review
HN::Odontogenic_Maxillofacial::Benign_Epithelial::Squamous_Odontogenic_Tumor,1,singleton_or_local_review
HN::Odontogenic_Maxillofacial::Benign_Mesenchymal::Cementoblastoma,1,singleton_or_local_review
HN::Odontogenic_Maxillofacial::Benign_Mesenchymal::Odontogenic_Fibroma,1,singleton_or_local_review
HN::Odontogenic_Maxillofacial::Benign_Mixed::Ameloblastic_Fibroma,1,singleton_or_local_review
HN::Odontogenic_Maxillofacial::Benign_Mixed::Dentinogenic_Ghost_Cell_Tumor,1,singleton_or_local_review
HN::Odontogenic_Maxillofacial::Benign_Mixed::Odontoma,1,singleton_or_local_review
HN::Odontogenic_Maxillofacial::Bone_Cyst::Aneurysmal_Bone_Cyst,1,singleton_or_local_review
HN::Odontogenic_Maxillofacial::Bone_Cyst::Simple_Bone_Cyst,1,singleton_or_local_review
HN::Odontogenic_Maxillofacial::Fibro_Osseous::Cemento_Osseous_Dysplasia,1,singleton_or_local_review
HN::Odontogenic_Maxillofacial::Fibro_Osseous::Fibrous_Dysplasia,1,singleton_or_local_review
HN::Odontogenic_Maxillofacial::Fibro_Osseous::Segmental_Odontomaxillary_Dysplasia,1,singleton_or_local_review
HN::Odontogenic_Maxillofacial::Giant_Cell_Lesion::Cherubism,1,singleton_or_local_review
HN::Odontogenic_Maxillofacial::Jaw_Cyst::Botryoid_Odontogenic_Cyst,1,singleton_or_local_review
HN::Odontogenic_Maxillofacial::Jaw_Cyst::Calcifying_Odontogenic_Cyst,1,singleton_or_local_review
HN::Odontogenic_Maxillofacial::Jaw_Cyst::Dentigerous_Cyst,1,singleton_or_local_review
HN::Odontogenic_Maxillofacial::Jaw_Cyst::Glandular_Odontogenic_Cyst,1,singleton_or_local_review
HN::Odontogenic_Maxillofacial::Jaw_Cyst::Inflammatory_Collateral_Cyst,1,singleton_or_local_review
HN::Odontogenic_Maxillofacial::Jaw_Cyst::Nasopalatine_Duct_Cyst,1,singleton_or_local_review
HN::Odontogenic_Maxillofacial::Jaw_Cyst::Odontogenic_Keratocyst,1,singleton_or_local_review
HN::Odontogenic_Maxillofacial::Jaw_Cyst::Orthokeratinized_Odontogenic_Cyst,1,singleton_or_local_review
HN::Odontogenic_Maxillofacial::Jaw_Cyst::Radicular_Cyst,1,singleton_or_local_review
HN::Odontogenic_Maxillofacial::Jaw_Cyst::Surgical_Ciliated_Cyst,1,singleton_or_local_review
HN::Odontogenic_Maxillofacial::Malignant::Ameloblastic_Carcinoma,1,singleton_or_local_review
HN::Odontogenic_Maxillofacial::Malignant::Ghost_Cell_Odontogenic_Carcinoma,1,singleton_or_local_review
HN::Odontogenic_Maxillofacial::Malignant::Primary_Intraosseous_Carcinoma_NOS,1,singleton_or_local_review
HN::Odontogenic_Maxillofacial::Malignant::Sclerosing_Odontogenic_Carcinoma,1,singleton_or_local_review
HN::Odontogenic_Maxillofacial::Malignant_Bone_Cartilage::Osteosarcoma_Of_Jaw,1,singleton_or_local_review
HN::Odontogenic_Maxillofacial::Malignant_Bone_Cartilage::Rhabdomyosarcoma_With_TFCP2_Rearrangement,1,singleton_or_local_review
HN::Oral_Cavity::Carcinoma::Carcinoma_Cuniculatum,1,singleton_or_local_review
HN::Oral_Cavity::Carcinoma::Oral_Squamous_Cell_Carcinoma,1,singleton_or_local_review
HN::Oral_Cavity::Concept::Classification::Alveolar_Proteinosis,1,singleton_or_local_review
HN::Oral_Cavity::Concept::Classification::Leukoedema,1,singleton_or_local_review
HN::Oral_Cavity::Concept::Classification::Oral_Focal_Mucinosis,1,singleton_or_local_review
HN::Oral_Cavity::Concept::Classification::Pseudoepitheliomatous_Hyperplasia,1,singleton_or_local_review
HN::Oral_Cavity::Concept::Classification::Spongiotic_Gingival_Hyperplasia,1,singleton_or_local_review
HN::Oral_Cavity::Concept::Classification::Stafne_Defect,1,singleton_or_local_review
HN::Oral_Cavity::Concept::Classification::WHO_Classification_Oral_Cavity_And_Oropharynx,1,singleton_or_local_review
HN::Oral_Cavity::Concept::Management_Workup::Amalgam_Tattoo,1,singleton_or_local_review
HN::Oral_Cavity::Concept::Management_Workup::Leukoplakia,1,singleton_or_local_review
HN::Oral_Cavity::Concept::Management_Workup::Oral_Submucosal_Fibrosis,1,singleton_or_local_review
HN::Oral_Cavity::Concept::Management_Workup::Varix_Varicosities_Varices,1,singleton_or_local_review
HN::Oral_Cavity::Concept::Molecular_Genetics::Focal_Multifocal_Melanin_Pigmentation,1,singleton_or_local_review
HN::Oral_Cavity::Concept::Other::Choristoma,1,singleton_or_local_review
HN::Oral_Cavity::Concept::Other::Pemphigoid,1,singleton_or_local_review
HN::Oral_Cavity::Concept::Other::Pemphigus_Vulgaris,1,singleton_or_local_review
HN::Oral_Cavity::Concept::Staging::Staging_Features,1,singleton_or_local_review
HN::Oral_Cavity::Concept::Staging::Staging_Oral_Cavity,1,singleton_or_local_review
HN::Oral_Cavity::Concept::Staging::Staging_Oropharynx,1,singleton_or_local_review
HN::Oral_Cavity::Congenital_Structural::Lymphoepithelial_Cyst,1,singleton_or_local_review
HN::Oral_Cavity::Infectious::Aphthous_Ulcers,1,singleton_or_local_review
HN::Oral_Cavity::Infectious::Erythema_Multiforme,1,singleton_or_local_review
HN::Oral_Cavity::Infectious::Oropharyngeal_NEC_HPV_Associated_Oropharyngeal_NEC,1,singleton_or_local_review
HN::Oral_Cavity::Infectious::Parulis,1,singleton_or_local_review
HN::Oral_Cavity::Inflammatory::Angiolymphoid_Hyperplasia_With_Eosinophilia,1,singleton_or_local_review
HN::Oral_Cavity::Inflammatory::Infection,1,singleton_or_local_review
HN::Oral_Cavity::Inflammatory::Inflammatory_Papillary_Hyperplasia,1,singleton_or_local_review
HN::Oral_Cavity::Inflammatory::Irritation_Fibroma,1,singleton_or_local_review
HN::Oral_Cavity::Inflammatory::Lichen_Planus,1,singleton_or_local_review
HN::Oral_Cavity::Inflammatory::Melkersson_Rosenthal_Syndrome,1,singleton_or_local_review
HN::Oral_Cavity::Inflammatory::Nicotine_Stomatitis,1,singleton_or_local_review
HN::Oral_Cavity::Inflammatory::Pyogenic_Granuloma,1,singleton_or_local_review
HN::Oral_Cavity::Inflammatory::Subgemmal_Neurogenous_Plaque,1,singleton_or_local_review
HN::Oral_Cavity::Inflammatory::Temporal_Arteritis,1,singleton_or_local_review
HN::Oral_Cavity::Inflammatory::Transient_Lingual_Papillitis,1,singleton_or_local_review
HN::Oral_Cavity::Neoplastic::Benign::Adenomatoid_Hyperplasia_Of_Minor_Glands,1,singleton_or_local_review
HN::Oral_Cavity::Neoplastic::Benign::White_Sponge_Nevus,1,singleton_or_local_review
HN::Oral_Cavity::Neoplastic::Frictional_Keratosis,1,singleton_or_local_review
HN::Oral_Cavity::Neoplastic::Littoral_Cell_Angioma,1,singleton_or_local_review
HN::Oral_Cavity::Neoplastic::Malignant::Traumatic_Ulceration_With_Stromal_Eosinophilia_Tugse,1,singleton_or_local_review
HN::Oral_Cavity::Neoplastic::Smokeless_Tobacco_Keratosis,1,singleton_or_local_review
HN::Oral_Cavity::Normal_Histology::Lingual_Tonsil,1,singleton_or_local_review
HN::Oral_Cavity::Precursor::HPV_Associated_Oral_Epithelial_Dysplasia,1,singleton_or_local_review
HN::Oral_Cavity::Precursor::Proliferative_Verrucous_Leukoplakia,1,singleton_or_local_review
HN::Oral_Cavity::Precursor::Squamous_Dysplasia,1,singleton_or_local_review
HN::Oral_Cavity::Tumor_Uncertain_Histogenesis::Ectomesenchymal_Chondromyxoid_Tumor,1,singleton_or_local_review
HN::Oropharynx::Carcinoma::Squamous_Cell_Carcinoma_HPV_Independent,1,singleton_or_local_review
HN::Other::Concept::Classification::Accessory_Tragi,1,singleton_or_local_review
HN::Other::Concept::Classification::Androgenic_Alopecia,1,singleton_or_local_review
HN::Other::Concept::Classification::Idiopathic_Restrictive_Cardiomyopathy,1,singleton_or_local_review
HN::Other::Concept::Classification::WHO_Classification,1,singleton_or_local_review
HN::Other::Concept::Classification::WHO_Classification_Mandiblemaxillawhoclassification,1,singleton_or_local_review
HN::Other::Concept::Management_Workup::Linear_Iga_Bullous_Dermatosis,1,singleton_or_local_review
HN::Other::Concept::Molecular_Genetics::Metastases,1,singleton_or_local_review
HN::Other::Concept::Molecular_Genetics::Primary_And_Secondary_Dilated_Cardiomyopathy,1,singleton_or_local_review
HN::Other::Concept::Other::Centronuclear_Myopathy,1,singleton_or_local_review
HN::Other::Concept::Other::Linear_And_Whorled_Nevoid_Hypermelanosis,1,singleton_or_local_review
HN::Other::Concept::Other::Metastases,1,singleton_or_local_review
HN::Other::Concept::Other::Oral_Hairy_Leukoplakia,1,singleton_or_local_review
HN::Other::Concept::Procedure_Specimen::Hairy_Tongue,1,singleton_or_local_review
HN::Other::Concept::Reporting_Grossing::Anatomy_Histology_And_Grossing,1,singleton_or_local_review
HN::Other::Concept::Staging::Staging_Larynx,1,singleton_or_local_review
HN::Other::Congenital_Structural::Epidermoid_Epidermal_Inclusion_Cyst,1,singleton_or_local_review
HN::Other::Congenital_Structural::Eruption_Cyst,1,singleton_or_local_review
HN::Other::Congenital_Structural::Nasolabial_Cyst,1,singleton_or_local_review
HN::Other::Depositional_Metabolic::Alopecia_Mucinosa,1,singleton_or_local_review
HN::Other::Depositional_Metabolic::Calcium_Pyrophosphate_Crystal_Deposition_Disease,1,singleton_or_local_review
HN::Other::Depositional_Metabolic::Sudden_Cardiac_Death,1,singleton_or_local_review
HN::Other::Depositional_Metabolic::Takotsubo_Cardiomyopathy,1,singleton_or_local_review
HN::Other::Infectious::Periapical_Dental_Granuloma,1,singleton_or_local_review
HN::Other::Infectious::Verruca_Vulgaris,1,singleton_or_local_review
HN::Other::Inflammatory::Actinic_Cheilitis,1,singleton_or_local_review
HN::Other::Inflammatory::Allergic_Contact_Dermatitis,1,singleton_or_local_review
HN::Other::Inflammatory::Chronic_Ulcerative_Stomatitis,1,singleton_or_local_review
HN::Other::Inflammatory::Condensing_Osteitis,1,singleton_or_local_review
HN::Other::Inflammatory::Granulomatous_Inflammation,1,singleton_or_local_review
HN::Other::Inflammatory::Medication_Related_Osteonecrosis_Of_Jaw,1,singleton_or_local_review
HN::Other::Inflammatory::Pyostomatitis_Vegetans,1,singleton_or_local_review
HN::Other::Inflammatory::Septic_Arthritis,1,singleton_or_local_review
HN::Other::Inflammatory::Verruciform_Xanthoma,1,singleton_or_local_review
HN::Other::Neoplastic::Malignant::Alopecia_Areata,1,singleton_or_local_review
HN::Other::Neoplastic::Malignant::Arrhythmogenic_Cardiomyopathy_Acm,1,singleton_or_local_review
HN::Other::Neoplastic::Malignant::Hypertrophic_Cardiomyopathy,1,singleton_or_local_review
HN::Other::Neoplastic::Malignant::T_V_11Q_23_KMT2A_Rearranged,1,singleton_or_local_review
HN::Other::Neoplastic::Pdgfrb_Rearrangement,1,singleton_or_local_review
HN::Other::Neoplastic::Precursor::Fibromuscular_Dysplasia,1,singleton_or_local_review
HN::Other::Normal_Histology::Anatomy_And_Histology,1,singleton_or_local_review
HN::Salivary_Gland::Benign_Tumor::Basal_Cell_Adenoma,1,singleton_or_local_review
HN::Salivary_Gland::Benign_Tumor::Intercalated_Duct_Adenoma,1,singleton_or_local_review
HN::Salivary_Gland::Benign_Tumor::Keratocystoma,1,singleton_or_local_review
HN::Salivary_Gland::Benign_Tumor::Lymphadenoma,1,singleton_or_local_review
HN::Salivary_Gland::Benign_Tumor::Myoepithelioma,1,singleton_or_local_review
HN::Salivary_Gland::Benign_Tumor::Oncocytoma,1,singleton_or_local_review
HN::Salivary_Gland::Benign_Tumor::Sclerosing_Polycystic_Adenoma,1,singleton_or_local_review
HN::Salivary_Gland::Benign_Tumor::Sialadenoma_Papilliferum,1,singleton_or_local_review
HN::Salivary_Gland::Benign_Tumor::Sialolipoma,1,singleton_or_local_review
HN::Salivary_Gland::Benign_Tumor::Warthin_Tumor,1,singleton_or_local_review
HN::Salivary_Gland::Concept::Laboratory_Operations::Milan_Reporting_System_For_Salivary_Gland_Cytopathology,1,singleton_or_local_review
HN::Salivary_Gland::Concept::Management_Workup::Atypia_Of_Undetermined_Significance_Aus,1,singleton_or_local_review
HN::Salivary_Gland::Concept::Reporting_Grossing::Grossing_Frozen_Section_And_Features_To_Report,1,singleton_or_local_review
HN::Salivary_Gland::Concept::Staging::Staging_Major_Salivary_Glands,1,singleton_or_local_review
HN::Salivary_Gland::Congenital_Structural::Heterotopia,1,singleton_or_local_review
HN::Salivary_Gland::Congenital_Structural::Nondiagnostic,1,singleton_or_local_review
HN::Salivary_Gland::Infectious::Sialadenitis_Infectious,1,singleton_or_local_review
HN::Salivary_Gland::Inflammatory::Chronic_Sialadenitis_Sialolithiasis,1,singleton_or_local_review
HN::Salivary_Gland::Malignant_Tumor::Basal_Cell_Adenocarcinoma,1,singleton_or_local_review
HN::Salivary_Gland::Malignant_Tumor::Carcinoma_Ex_Pleomorphic_Adenoma,1,singleton_or_local_review
HN::Salivary_Gland::Malignant_Tumor::Epithelial_Myoepithelial_Carcinoma,1,singleton_or_local_review
HN::Salivary_Gland::Malignant_Tumor::Hyalinizing_Clear_Cell_Carcinoma,1,singleton_or_local_review
HN::Salivary_Gland::Malignant_Tumor::Intraductal_Carcinoma,1,singleton_or_local_review
HN::Salivary_Gland::Malignant_Tumor::Microsecretory_Adenocarcinoma,1,singleton_or_local_review
HN::Salivary_Gland::Malignant_Tumor::Myoepithelial_Carcinoma,1,singleton_or_local_review
HN::Salivary_Gland::Malignant_Tumor::Sclerosing_Microcystic_Adenocarcinoma,1,singleton_or_local_review
HN::Salivary_Gland::Malignant_Tumor::Secretory_Carcinoma,1,singleton_or_local_review
HN::Salivary_Gland::Malignant_Tumor::Sialoblastoma,1,singleton_or_local_review
HN::Salivary_Gland::Neoplastic::Benign::Adenomatoid_Hyperplasia_And_Sialadenosis,1,singleton_or_local_review
HN::Salivary_Gland::Neoplastic::Benign::Neoplasm_Benign,1,singleton_or_local_review
HN::Salivary_Gland::Neoplastic::Intermediate::Neoplasm_Salivary_Gland_Neoplasm_Of_Uncertain_Malignant_Potential_Sump,1,singleton_or_local_review
HN::Salivary_Gland::Neoplastic::Malignant::Malignant,1,singleton_or_local_review
HN::Salivary_Gland::Neoplastic::Malignant::Suspicious_For_Malignancy,1,singleton_or_local_review
HN::Salivary_Gland::Neoplastic::Primary_Salivary_Gland_Neoplasms_General,1,singleton_or_local_review
HN::Salivary_Gland::Non_Neoplastic::Lymphoepithelial_Sialadenitis,1,singleton_or_local_review
HN::Salivary_Gland::Non_Neoplastic::Nodular_Oncocytic_Hyperplasia,1,singleton_or_local_review
HN::Salivary_Gland::Non_Neoplastic::Ranula,1,singleton_or_local_review
HN::Salivary_Gland::Non_Neoplastic::Sjogren_Syndrome,1,singleton_or_local_review
HN::Salivary_Gland::Normal_Histology::Anatomy_And_Histology,1,singleton_or_local_review
HN::Salivary_Gland::Normal_Histology::Anatomy_And_Histology_Salivaryglandsnormalhistology,1,singleton_or_local_review
HN::Sinonasal::Carcinoma::SWI_SNF_Complex_Deficient_Sinonasal_Carcinoma,1,singleton_or_local_review
HN::Sinonasal::Carcinoma::Sinonasal_Lymphoepithelial_Carcinoma,1,singleton_or_local_review
HN::Sinonasal::Carcinoma::Sinonasal_Undifferentiated_Carcinoma,1,singleton_or_local_review
HN::Sinonasal::Carcinoma::Teratocarcinosarcoma,1,singleton_or_local_review
HN::Sinonasal::Concept::Classification::Nasopharyngeal_Angiofibroma,1,singleton_or_local_review
HN::Sinonasal::Concept::Classification::WHO_Classification,1,singleton_or_local_review
HN::Sinonasal::Concept::Other::Conduction_Tissue,1,singleton_or_local_review
HN::Sinonasal::Concept::Other::Coronary_Vessels,1,singleton_or_local_review
HN::Sinonasal::Concept::Reporting_Grossing::Grossing_And_Features_To_Report,1,singleton_or_local_review
HN::Sinonasal::Concept::Staging::Staging_Hypopharynx,1,singleton_or_local_review
HN::Sinonasal::Concept::Staging::Staging_Nasal_Cavity_And_Sinuses,1,singleton_or_local_review
HN::Sinonasal::Concept::Staging::Staging_Terminology,1,singleton_or_local_review
HN::Sinonasal::Congenital_Structural::Chambers,1,singleton_or_local_review
HN::Sinonasal::Hamartoma::Nasal_Chondromesenchymal_Hamartoma,1,singleton_or_local_review
HN::Sinonasal::Hamartoma::Respiratory_Epithelial_Adenomatoid_Hamartoma,1,singleton_or_local_review
HN::Sinonasal::Hamartoma::Seromucinous_Hamartoma,1,singleton_or_local_review
HN::Sinonasal::Infectious::Allergic_Fungal_Rhinosinusitis,1,singleton_or_local_review
HN::Sinonasal::Infectious::Fungal_Ball,1,singleton_or_local_review
HN::Sinonasal::Infectious::Rhinosporidiosis,1,singleton_or_local_review
HN::Sinonasal::Inflammatory::Chronic_Rhinosinusitis,1,singleton_or_local_review
HN::Sinonasal::Inflammatory::Granulomatosis_With_Polyangiitis,1,singleton_or_local_review
HN::Sinonasal::Inflammatory::Nasal_Polyp,1,singleton_or_local_review
HN::Sinonasal::Mesenchymal::Biphenotypic_Sinonasal_Sarcoma,1,singleton_or_local_review
HN::Sinonasal::Mesenchymal::Chordoma,1,singleton_or_local_review
HN::Sinonasal::Mesenchymal::Sinonasal_Glomangiopericytoma,1,singleton_or_local_review
HN::Sinonasal::Neoplastic::Malignant::Adenocarcinoma_General,1,singleton_or_local_review
HN::Sinonasal::Neoplastic::Malignant::Nonintestinal_Type,1,singleton_or_local_review
HN::Sinonasal::Neuroendocrine::Olfactory_Neuroblastoma,1,singleton_or_local_review
HN::Sinonasal::Normal_Histology::Anatomy,1,singleton_or_local_review
HN::Sinonasal::Normal_Histology::Histology,1,singleton_or_local_review
HN::Sinonasal::Other::Adamantinomatous_Craniopharyngioma,1,singleton_or_local_review
HN::Sinonasal::Papilloma::Sinonasal_Papilloma_Oncocytic,1,singleton_or_local_review
HN::Soft_Tissue::Chondro_Osseous::Chondroma,1,singleton_or_local_review
HN::Soft_Tissue::Congenital_Structural::Arteriovenous_Malformation,1,singleton_or_local_review
HN::Soft_Tissue::Fibroblastic_Myofibroblastic::Inflammatory_Myofibroblastic_Tumor,1,singleton_or_local_review
HN::Soft_Tissue::Fibroblastic_Myofibroblastic::Low_Grade_Myofibroblastic_Sarcoma,1,singleton_or_local_review
HN::Soft_Tissue::Fibroblastic_Myofibroblastic::Nodular_Fasciitis,1,singleton_or_local_review
HN::Soft_Tissue::Fibroblastic_Myofibroblastic::Solitary_Fibrous_Tumor,1,singleton_or_local_review
HN::Soft_Tissue::Inflammatory::Inflammatory_Fibrous_Hyperplasia,1,singleton_or_local_review
HN::Soft_Tissue::Neoplastic::Malignant::Clear_Cell_Sarcoma_Of_Soft_Tissue,1,singleton_or_local_review
HN::Soft_Tissue::Neoplastic::Malignant::Clear_Cell_Sarcoma_Of_Soft_Tissue_Softtissueclearcellsarcoma,1,singleton_or_local_review
HN::Soft_Tissue::Neoplastic::Malignant::PATZ1_Rearranged_Sarcoma,1,singleton_or_local_review
HN::Soft_Tissue::Neoplastic::NTRK_Rearranged_Spindle_Cell_Neoplasm,1,singleton_or_local_review
HN::Soft_Tissue::Neoplastic::PRRX1_Rearranged_Mesenchymal_Tumors,1,singleton_or_local_review
HN::Soft_Tissue::Peripheral_Nerve_Sheath::Neurofibroma,1,singleton_or_local_review
HN::Soft_Tissue::Peripheral_Nerve_Sheath::Neuroma,1,singleton_or_local_review
HN::Soft_Tissue::Smooth_Muscle::Leiomyosarcoma,1,singleton_or_local_review
HN::Soft_Tissue::Uncertain_Differentiation::Synovial_Sarcoma,1,singleton_or_local_review
HN::Soft_Tissue::Vascular::Angiosarcoma,1,singleton_or_local_review
HN::Soft_Tissue::Vascular::Kaposi_Sarcoma,1,singleton_or_local_review
HN::Thyroid::Congenital_Structural::Branchial_Pouch_Cleft_Anomalies,1,singleton_or_local_review
Heme::Histiocytic_Dendritic_Cell::Langerhans::Langerhans_Cell_Sarcoma,1,singleton_or_local_review
Heme::Histiocytic_Dendritic_Cell::Macrophage::ALK_Positive_Histiocytosis,1,singleton_or_local_review
Heme::Histiocytic_Dendritic_Cell::Macrophage::Erdheim_Chester_Disease,1,singleton_or_local_review
Heme::Histiocytic_Dendritic_Cell::Macrophage::Rosai_Dorfman_Disease,1,singleton_or_local_review
Heme::Histiocytic_Dendritic_Cell::Other_Dendritic::Indeterminate_Dendritic_Cell_Tumor,1,singleton_or_local_review
Heme::Histiocytic_Dendritic_Cell::Other_Dendritic::Interdigitating_Dendritic_Cell_Sarcoma,1,singleton_or_local_review
Heme::Immune_Deficiency_Associated::EBV_Positive_Mucocutaneous_Ulcer,1,singleton_or_local_review
Heme::Immune_Deficiency_Associated::Inborn_Error_Of_Immunity_Associated_Lymphoid_Proliferation,1,singleton_or_local_review
Heme::Immune_Deficiency_Associated::Lymphoma_Arising_In_Immune_Deficiency,1,singleton_or_local_review
Heme::Immune_Deficiency_Associated::Polymorphic_Lymphoproliferative_Disorder,1,singleton_or_local_review
Heme::Infection::Cat_Scratch_Disease,1,singleton_or_local_review
Heme::Infection::Syphilis,1,singleton_or_local_review
Heme::Infection::Toxoplasmosis,1,singleton_or_local_review
Heme::Mature_B_Cell::Burkitt::Burkitt_Lymphoma,1,singleton_or_local_review
Heme::Mature_B_Cell::Follicular::Duodenal_Type_Follicular_Lymphoma,1,singleton_or_local_review
Heme::Mature_B_Cell::Follicular::In_Situ_Follicular_B_Cell_Neoplasm,1,singleton_or_local_review
Heme::Mature_B_Cell::Follicular::Pediatric_Type_Follicular_Lymphoma,1,singleton_or_local_review
Heme::Mature_B_Cell::KSHV_HHV8_Associated::KSHV_HHV8_Positive_Diffuse_Large_B_Cell_Lymphoma,1,singleton_or_local_review
Heme::Mature_B_Cell::KSHV_HHV8_Associated::KSHV_HHV8_Positive_Germinotropic_Lymphoproliferative_Disorder,1,singleton_or_local_review
Heme::Mature_B_Cell::KSHV_HHV8_Associated::Primary_Effusion_Lymphoma,1,singleton_or_local_review
Heme::Mature_B_Cell::Large_B_Cell::DLBCL_High_Grade_With_MYC_And_BCL2_Rearrangements,1,singleton_or_local_review
Heme::Mature_B_Cell::Large_B_Cell::Diffuse_Large_B_Cell_Lymphoma_NOS,1,singleton_or_local_review
Heme::Mature_B_Cell::Large_B_Cell::Fibrin_Associated_Large_B_Cell_Lymphoma,1,singleton_or_local_review
Heme::Mature_B_Cell::Large_B_Cell::Fluid_Overload_Associated_Large_B_Cell_Lymphoma,1,singleton_or_local_review
Heme::Mature_B_Cell::Large_B_Cell::High_Grade_B_Cell_Lymphoma_NOS,1,singleton_or_local_review
Heme::Mature_B_Cell::Large_B_Cell::High_Grade_B_Cell_Lymphoma_With_11q_Aberration,1,singleton_or_local_review
Heme::Mature_B_Cell::Large_B_Cell::Plasmablastic_Lymphoma,1,singleton_or_local_review
Heme::Mature_B_Cell::Large_B_Cell::Primary_Cutaneous_Diffuse_Large_B_Cell_Lymphoma_Leg_Type,1,singleton_or_local_review
Heme::Mature_B_Cell::Large_B_Cell::T_Cell_Histiocyte_Rich_Large_B_Cell_Lymphoma,1,singleton_or_local_review
Heme::Mature_B_Cell::Lymphoplasmacytic::Lymphoplasmacytic_Lymphoma,1,singleton_or_local_review
Heme::Mature_B_Cell::Mantle_Cell::In_Situ_Mantle_Cell_Neoplasm,1,singleton_or_local_review
Heme::Mature_B_Cell::Marginal_Zone::Nodal_Marginal_Zone_Lymphoma,1,singleton_or_local_review
Heme::Mature_B_Cell::Marginal_Zone::Pediatric_Nodal_Marginal_Zone_Lymphoma,1,singleton_or_local_review
Heme::Mature_B_Cell::Splenic::Splenic_Diffuse_Red_Pulp_Small_B_Cell_Lymphoma,1,singleton_or_local_review
Heme::Mature_B_Cell::Splenic::Splenic_Marginal_Zone_Lymphoma,1,singleton_or_local_review
Heme::Mature_T_NK_Cell::Anaplastic_Large_Cell::ALK_Negative_Anaplastic_Large_Cell_Lymphoma,1,singleton_or_local_review
Heme::Mature_T_NK_Cell::Cutaneous::Lymphomatoid_Papulosis,1,singleton_or_local_review
Heme::Mature_T_NK_Cell::Cutaneous::Primary_Cutaneous_Anaplastic_Large_Cell_Lymphoma,1,singleton_or_local_review
Heme::Mature_T_NK_Cell::Cutaneous::Primary_Cutaneous_CD4_Positive_Small_Medium_T_Cell_LPD,1,singleton_or_local_review
Heme::Mature_T_NK_Cell::Cutaneous::Primary_Cutaneous_CD8_Positive_Aggressive_Epidermotropic_Cytotoxic_T_Cell_Lymphoma,1,singleton_or_local_review
Heme::Mature_T_NK_Cell::Cutaneous::Primary_Cutaneous_Gamma_Delta_T_Cell_Lymphoma,1,singleton_or_local_review
Heme::Mature_T_NK_Cell::Cutaneous::Primary_Cutaneous_Peripheral_T_Cell_Lymphoma_NOS,1,singleton_or_local_review
Heme::Mature_T_NK_Cell::Cutaneous::Subcutaneous_Panniculitis_Like_T_Cell_Lymphoma,1,singleton_or_local_review
Heme::Mature_T_NK_Cell::EBV_Positive::Extranodal_NK_T_Cell_Lymphoma,1,singleton_or_local_review
Heme::Mature_T_NK_Cell::EBV_Positive::Hydroa_Vacciniforme_Lymphoproliferative_Disorder,1,singleton_or_local_review
Heme::Mature_T_NK_Cell::EBV_Positive::Severe_Mosquito_Bite_Allergy,1,singleton_or_local_review
Heme::Mature_T_NK_Cell::EBV_Positive::Systemic_Chronic_Active_EBV_Disease,1,singleton_or_local_review
Heme::Mature_T_NK_Cell::EBV_Positive::Systemic_EBV_Positive_T_Cell_Lymphoma_Of_Childhood,1,singleton_or_local_review
Heme::Mature_T_NK_Cell::Hepatosplenic::Hepatosplenic_T_Cell_Lymphoma,1,singleton_or_local_review
Heme::Mature_T_NK_Cell::Intestinal::Enteropathy_Associated_T_Cell_Lymphoma,1,singleton_or_local_review
Heme::Mature_T_NK_Cell::Intestinal::Indolent_NK_Cell_LPD_Of_GI_Tract,1,singleton_or_local_review
Heme::Mature_T_NK_Cell::Intestinal::Indolent_T_Cell_Lymphoma_Of_GI_Tract,1,singleton_or_local_review
Heme::Mature_T_NK_Cell::Intestinal::Intestinal_T_Cell_Lymphoma_NOS,1,singleton_or_local_review
Heme::Mature_T_NK_Cell::Intestinal::Monomorphic_Epitheliotropic_Intestinal_T_Cell_Lymphoma,1,singleton_or_local_review
Heme::Mature_T_NK_Cell::Leukemia::Aggressive_NK_Cell_Leukemia,1,singleton_or_local_review
Heme::Mature_T_NK_Cell::Leukemia::NK_Large_Granular_Lymphocytic_Leukemia,1,singleton_or_local_review
Heme::Mature_T_NK_Cell::Leukemia::T_Large_Granular_Lymphocytic_Leukemia,1,singleton_or_local_review
Heme::Mature_T_NK_Cell::Other::Peripheral_T_Cell_Lymphoma_NOS,1,singleton_or_local_review
Heme::Mature_T_NK_Cell::TFH::Nodal_TFH_Cell_Lymphoma_Angioimmunoblastic_Type,1,singleton_or_local_review
Heme::Non_Neoplastic::Erythrocyte::Hereditary_Spherocytosis,1,singleton_or_local_review
Heme::Non_Neoplastic::Lymph_Node::Dermatopathic_Lymphadenopathy,1,singleton_or_local_review
Heme::Non_Neoplastic::Platelet_Coagulation::Disseminated_Intravascular_Coagulation,1,singleton_or_local_review
Heme::Non_Neoplastic::Platelet_Coagulation::Factor_Deficiency,1,singleton_or_local_review
Heme::Non_Neoplastic::Platelet_Coagulation::Heparin_Induced_Thrombocytopenia,1,singleton_or_local_review
Heme::Plasma_Cell_Neoplasm::Cryoglobulinemia,1,singleton_or_local_review
Heme::Plasma_Cell_Neoplasm::Heavy_Chain_Disease::Alpha_Heavy_Chain_Disease,1,singleton_or_local_review
Heme::Plasma_Cell_Neoplasm::POEMS_Syndrome,1,singleton_or_local_review
Heme::Plasma_Cell_Neoplasm::Plasma_Cell_Myeloma,1,singleton_or_local_review
Heme::Stroma_Derived::Fibroblastic_Reticular_Cell_Tumor,1,singleton_or_local_review
Heme::Tumor_Like_B_Cell::IgG4_Related_Disease,1,singleton_or_local_review
Heme::Tumor_Like_T_Cell::Autoimmune_Lymphoproliferative_Syndrome,1,singleton_or_local_review
Heme::Tumor_Like_T_Cell::Indolent_T_Lymphoblastic_Proliferation,1,singleton_or_local_review
Molecular::Concept::Classification::Adipophilin,1,singleton_or_local_review
Molecular::Concept::Classification::Cytokeratin_34_Beta_E12,1,singleton_or_local_review
Molecular::Concept::Classification::FOXP3,1,singleton_or_local_review
Molecular::Concept::Classification::Filaggrin,1,singleton_or_local_review
Molecular::Concept::Classification::GLUT1,1,singleton_or_local_review
Molecular::Concept::Classification::Mdr_CD243,1,singleton_or_local_review
Molecular::Concept::Congenital_Structural::Gross_Cystic_Disease_Fluid_Protein_15_Gcdfp_15,1,singleton_or_local_review
Molecular::Concept::Depositional_Metabolic::Amyloid_Beta_And_Amyloid_Beta_Precursor_Protein,1,singleton_or_local_review
Molecular::Concept::Depositional_Metabolic::Congo_Red,1,singleton_or_local_review
Molecular::Concept::Depositional_Metabolic::Perforin,1,singleton_or_local_review
Molecular::Concept::IHC_Markers::CD_Markers_Other,1,singleton_or_local_review
Molecular::Concept::IHC_Markers::CD_Markers_Other_STAINSCCR1,1,singleton_or_local_review
Molecular::Concept::IHC_Markers::Calcium,1,singleton_or_local_review
Molecular::Concept::IHC_Markers::Inhibin,1,singleton_or_local_review
Molecular::Concept::IHC_Markers::MUC4,1,singleton_or_local_review
Molecular::Concept::IHC_Markers::Met_IHC,1,singleton_or_local_review
Molecular::Concept::IHC_Markers::NF1_NF2,1,singleton_or_local_review
Molecular::Concept::IHC_Markers::Pu_1,1,singleton_or_local_review
Molecular::Concept::IHC_Markers::Sdhb_Succinate_Dehydrogenase,1,singleton_or_local_review
Molecular::Concept::IHC_Markers::Thyroglobulin,1,singleton_or_local_review
Molecular::Concept::IHC_Markers::Urates_Uric_Acid,1,singleton_or_local_review
Molecular::Concept::IHC_Markers::Wright_Giemsa_Stain,1,singleton_or_local_review
Molecular::Concept::Infectious::Giemsa_Helicobacter_Pylori,1,singleton_or_local_review
Molecular::Concept::Infectious::Mcpyv_CM2B_4,1,singleton_or_local_review
Molecular::Concept::Inflammatory::Alpha_1_Antichymotrypsin,1,singleton_or_local_review
Molecular::Concept::Inflammatory::Cytokeratin_AE1_AE3,1,singleton_or_local_review
Molecular::Concept::Inflammatory::Elastic_Fibers,1,singleton_or_local_review
Molecular::Concept::Inflammatory::Kappa_And_Lambda_Light_Chains,1,singleton_or_local_review
Molecular::Concept::Inflammatory::Masson_Trichrome,1,singleton_or_local_review
Molecular::Concept::Inflammatory::Nonspecific_Esterase,1,singleton_or_local_review
Molecular::Concept::Molecular_Genetics::DNAJB9,1,singleton_or_local_review
Molecular::Concept::Molecular_Genetics::TERT,1,singleton_or_local_review
Molecular::Concept::Neoplastic::Acid_Phosphatase,1,singleton_or_local_review
Molecular::Concept::Neoplastic::Alpha_1_Antitrypsin,1,singleton_or_local_review
Molecular::Concept::Neoplastic::BAP1,1,singleton_or_local_review
Molecular::Concept::Neoplastic::BAP1_STAINSBAP1,1,singleton_or_local_review
Molecular::Concept::Neoplastic::BEREP4_Epcam,1,singleton_or_local_review
Molecular::Concept::Neoplastic::Benign::Cytokeratin_5_6_And_CK5,1,singleton_or_local_review
Molecular::Concept::Neoplastic::Benign::LEF1,1,singleton_or_local_review
Molecular::Concept::Neoplastic::Benign::SOX10,1,singleton_or_local_review
Molecular::Concept::Neoplastic::Benign::Tpit,1,singleton_or_local_review
Molecular::Concept::Neoplastic::Brachyury,1,singleton_or_local_review
Molecular::Concept::Neoplastic::CAMTA1,1,singleton_or_local_review
Molecular::Concept::Neoplastic::CAMTA1_STAINSCAMTA1,1,singleton_or_local_review
Molecular::Concept::Neoplastic::Calponin,1,singleton_or_local_review
Molecular::Concept::Neoplastic::Cathepsin_K,1,singleton_or_local_review
Molecular::Concept::Neoplastic::Cytokeratin_10_CK10_K10,1,singleton_or_local_review
Molecular::Concept::Neoplastic::Cytokeratin_19_CK19,1,singleton_or_local_review
Molecular::Concept::Neoplastic::Cytokeratin_8_CK8_K8,1,singleton_or_local_review
Molecular::Concept::Neoplastic::Cytokeratin_Mnf_116,1,singleton_or_local_review
Molecular::Concept::Neoplastic::D2_40_Podoplanin,1,singleton_or_local_review
Molecular::Concept::Neoplastic::DOG1,1,singleton_or_local_review
Molecular::Concept::Neoplastic::DUX4,1,singleton_or_local_review
Molecular::Concept::Neoplastic::Factor_Viii_Related_Antigen,1,singleton_or_local_review
Molecular::Concept::Neoplastic::GALECTIN3,1,singleton_or_local_review
Molecular::Concept::Neoplastic::GATA3,1,singleton_or_local_review
Molecular::Concept::Neoplastic::HIK1083,1,singleton_or_local_review
Molecular::Concept::Neoplastic::Hcg,1,singleton_or_local_review
Molecular::Concept::Neoplastic::Hcg_Stainshcg,1,singleton_or_local_review
Molecular::Concept::Neoplastic::IFITM1,1,singleton_or_local_review
Molecular::Concept::Neoplastic::INI1_SMARCB1,1,singleton_or_local_review
Molecular::Concept::Neoplastic::Intermediate::Vimentin,1,singleton_or_local_review
Molecular::Concept::Neoplastic::KI67,1,singleton_or_local_review
Molecular::Concept::Neoplastic::Malignant::Actin_Muscle_Specific,1,singleton_or_local_review
Molecular::Concept::Neoplastic::Malignant::Alpha_Fetoprotein_Afp,1,singleton_or_local_review
Molecular::Concept::Neoplastic::Malignant::Alpha_Fetoprotein_Afp_Stainsafp,1,singleton_or_local_review
Molecular::Concept::Neoplastic::Malignant::Amacr,1,singleton_or_local_review
Molecular::Concept::Neoplastic::Malignant::Atm,1,singleton_or_local_review
Molecular::Concept::Neoplastic::Malignant::Bcor,1,singleton_or_local_review
Molecular::Concept::Neoplastic::Malignant::Bcor_Stainsbcor,1,singleton_or_local_review
Molecular::Concept::Neoplastic::Malignant::Caldesmon,1,singleton_or_local_review
Molecular::Concept::Neoplastic::Malignant::Cea_CD66E,1,singleton_or_local_review
Molecular::Concept::Neoplastic::Malignant::Chromogranin,1,singleton_or_local_review
Molecular::Concept::Neoplastic::Malignant::Cytokeratin_14_CK14_K14,1,singleton_or_local_review
Molecular::Concept::Neoplastic::Malignant::Cytokeratin_17_CK17_K17,1,singleton_or_local_review
Molecular::Concept::Neoplastic::Malignant::Cytokeratin_18_CK18_K18,1,singleton_or_local_review
Molecular::Concept::Neoplastic::Malignant::Cytokeratin_35_Beta_H11,1,singleton_or_local_review
Molecular::Concept::Neoplastic::Malignant::Cytokeratin_7_CK7_K7,1,singleton_or_local_review
Molecular::Concept::Neoplastic::Malignant::EZH2,1,singleton_or_local_review
Molecular::Concept::Neoplastic::Malignant::E_Cadherin,1,singleton_or_local_review
Molecular::Concept::Neoplastic::Malignant::Factor_Xiiia,1,singleton_or_local_review
Molecular::Concept::Neoplastic::Malignant::Glypican_3,1,singleton_or_local_review
Molecular::Concept::Neoplastic::Malignant::H3K_27ME_3,1,singleton_or_local_review
Molecular::Concept::Neoplastic::Malignant::HHV8_Kshv,1,singleton_or_local_review
Molecular::Concept::Neoplastic::Malignant::HLA_Dr,1,singleton_or_local_review
Molecular::Concept::Neoplastic::Malignant::HMB45,1,singleton_or_local_review
Molecular::Concept::Neoplastic::Malignant::HMB45_STAINSHMB45,1,singleton_or_local_review
Molecular::Concept::Neoplastic::Malignant::Hbme,1,singleton_or_local_review
Molecular::Concept::Neoplastic::Malignant::IMP3,1,singleton_or_local_review
Molecular::Concept::Neoplastic::Malignant::INSM1,1,singleton_or_local_review
Molecular::Concept::Neoplastic::Malignant::INSM1_STAINSINSM1,1,singleton_or_local_review
Molecular::Concept::Neoplastic::Malignant::Igd,1,singleton_or_local_review
Molecular::Concept::Neoplastic::Malignant::Iron,1,singleton_or_local_review
Molecular::Concept::Neoplastic::Malignant::LMO2,1,singleton_or_local_review
Molecular::Concept::Neoplastic::Malignant::Lysozyme,1,singleton_or_local_review
Molecular::Concept::Neoplastic::Malignant::MUC2,1,singleton_or_local_review
Molecular::Concept::Neoplastic::Malignant::MUC6,1,singleton_or_local_review
Molecular::Concept::Neoplastic::Malignant::MUM1_IRF4,1,singleton_or_local_review
Molecular::Concept::Neoplastic::Malignant::MYOD1,1,singleton_or_local_review
Molecular::Concept::Neoplastic::Malignant::Mammaglobin,1,singleton_or_local_review
Molecular::Concept::Neoplastic::Malignant::Myogenin_Myoglobin,1,singleton_or_local_review
Molecular::Concept::Neoplastic::Malignant::NKX2_2,1,singleton_or_local_review
Molecular::Concept::Neoplastic::Malignant::NUTM1,1,singleton_or_local_review
Molecular::Concept::Neoplastic::Malignant::Napsin_A,1,singleton_or_local_review
Molecular::Concept::Neoplastic::Malignant::Neuron_Specific_Enolase_Nse,1,singleton_or_local_review
Molecular::Concept::Neoplastic::Malignant::Nfp_Neurofilament,1,singleton_or_local_review
Molecular::Concept::Neoplastic::Malignant::OLIG2,1,singleton_or_local_review
Molecular::Concept::Neoplastic::Malignant::PAX2,1,singleton_or_local_review
Molecular::Concept::Neoplastic::Malignant::PAX2_STAINSPAX2,1,singleton_or_local_review
Molecular::Concept::Neoplastic::Malignant::PDL1_22C_3,1,singleton_or_local_review
Molecular::Concept::Neoplastic::Malignant::Prame,1,singleton_or_local_review
Molecular::Concept::Neoplastic::Malignant::Prostatic_Acid_Phosphatase_Pap,1,singleton_or_local_review
Molecular::Concept::Neoplastic::Malignant::Reticulin,1,singleton_or_local_review
Molecular::Concept::Neoplastic::Malignant::S100P,1,singleton_or_local_review
Molecular::Concept::Neoplastic::Malignant::SMAD4_DPC4,1,singleton_or_local_review
Molecular::Concept::Neoplastic::Malignant::SMARCA4_BRG1,1,singleton_or_local_review
Molecular::Concept::Neoplastic::Malignant::SOX11,1,singleton_or_local_review
Molecular::Concept::Neoplastic::Malignant::SOX11_STAINSSOX11,1,singleton_or_local_review
Molecular::Concept::Neoplastic::Malignant::SOX2,1,singleton_or_local_review
Molecular::Concept::Neoplastic::Malignant::SOX9,1,singleton_or_local_review
Molecular::Concept::Neoplastic::Malignant::TFE3,1,singleton_or_local_review
Molecular::Concept::Neoplastic::Malignant::Thrombomodulin,1,singleton_or_local_review
Molecular::Concept::Neoplastic::Malignant::Transducin_Like_Enhancer_Of_Split_1_TLE1,1,singleton_or_local_review
Molecular::Concept::Neoplastic::Malignant::Tyrosinase,1,singleton_or_local_review
Molecular::Concept::Neoplastic::Malignant::Uroplakin_Ii,1,singleton_or_local_review
Molecular::Concept::Neoplastic::Malignant::Uroplakin_Iii,1,singleton_or_local_review
Molecular::Concept::Neoplastic::Malignant::Villin,1,singleton_or_local_review
Molecular::Concept::Neoplastic::Mast_Cell_Tryptase_Mct,1,singleton_or_local_review
Molecular::Concept::Neoplastic::NKX3_1,1,singleton_or_local_review
Molecular::Concept::Neoplastic::NPM1,1,singleton_or_local_review
Molecular::Concept::Neoplastic::Neun,1,singleton_or_local_review
Molecular::Concept::Neoplastic::Oct_3_4,1,singleton_or_local_review
Molecular::Concept::Neoplastic::P57_KIP2,1,singleton_or_local_review
Molecular::Concept::Neoplastic::PIT1,1,singleton_or_local_review
Molecular::Concept::Neoplastic::Pas_Periodic_Acid_Schiff,1,singleton_or_local_review
Molecular::Concept::Neoplastic::Pcna,1,singleton_or_local_review
Molecular::Concept::Neoplastic::Precursor::HEPPAR1,1,singleton_or_local_review
Molecular::Concept::Neoplastic::Programmed_Death_1_Pd_1,1,singleton_or_local_review
Molecular::Concept::Neoplastic::Prostein_P501S,1,singleton_or_local_review
Molecular::Concept::Neoplastic::Pten,1,singleton_or_local_review
Molecular::Concept::Neoplastic::ROS1,1,singleton_or_local_review
Molecular::Concept::Neoplastic::SOX17,1,singleton_or_local_review
Molecular::Concept::Neoplastic::SSTR2A,1,singleton_or_local_review
Molecular::Concept::Neoplastic::STAT3,1,singleton_or_local_review
Molecular::Concept::Neoplastic::Smoothelin,1,singleton_or_local_review
Molecular::Concept::Neoplastic::TTF1,1,singleton_or_local_review
Molecular::Concept::Normal_Histology::B72_3,1,singleton_or_local_review
Molecular::Concept::Normal_Histology::Collagen_Type_Iv,1,singleton_or_local_review
Molecular::Concept::Normal_Histology::Trap_Tartrate_Resistant_Acid_Phosphatase,1,singleton_or_local_review
Molecular::Heme::Concept::Classification::MSH6,1,singleton_or_local_review
Molecular::Heme::Concept::Classification::P16,1,singleton_or_local_review
Molecular::Heme::Concept::Classification::Smooth_Muscle_Myosin_Heavy_Chain_Smmhc,1,singleton_or_local_review
Molecular::Heme::Concept::IHC_Markers::IHC_Panels,1,singleton_or_local_review
Molecular::Heme::Concept::IHC_Markers::Leder_Stain,1,singleton_or_local_review
Molecular::Heme::Concept::Molecular_Genetics::ALK,1,singleton_or_local_review
Molecular::Heme::Concept::Molecular_Genetics::ALK_Stainsalk,1,singleton_or_local_review
Molecular::Heme::Concept::Molecular_Genetics::BCL2,1,singleton_or_local_review
Molecular::Heme::Concept::Molecular_Genetics::BCL2_STAINSBCL2,1,singleton_or_local_review
Molecular::Heme::Concept::Molecular_Genetics::BRAF_V600E,1,singleton_or_local_review
Molecular::Heme::Concept::Molecular_Genetics::C4D,1,singleton_or_local_review
Molecular::Heme::Concept::Molecular_Genetics::Calretinin,1,singleton_or_local_review
Molecular::Heme::Concept::Molecular_Genetics::JAK2,1,singleton_or_local_review
Molecular::Heme::Concept::Molecular_Genetics::YAP1,1,singleton_or_local_review
Molecular::Heme::Concept::Staging::Melana_MART1,1,singleton_or_local_review
Molecular::Heme::Concept::Staging::T_Cell_Receptor_Tcr_And_Variants,1,singleton_or_local_review
Molecular::Heme::Infectious::Acid_Fast_Auramine_Rhodamine,1,singleton_or_local_review
Molecular::Heme::Infectious::Gms,1,singleton_or_local_review
Molecular::Heme::Inflammatory::BCL6,1,singleton_or_local_review
Molecular::Heme::Inflammatory::IGG4,1,singleton_or_local_review
Molecular::Heme::Inflammatory::Myeloperoxidase_Mpo,1,singleton_or_local_review
Molecular::Heme::Neoplastic::Atrx,1,singleton_or_local_review
Molecular::Heme::Neoplastic::Benign::ARGINASE1,1,singleton_or_local_review
Molecular::Heme::Neoplastic::Benign::Alcian_Blue,1,singleton_or_local_review
Molecular::Heme::Neoplastic::Benign::SF1,1,singleton_or_local_review
Molecular::Heme::Neoplastic::Benign::SF1_STAINSSF1,1,singleton_or_local_review
Molecular::Heme::Neoplastic::Estrogen_Receptor,1,singleton_or_local_review
Molecular::Heme::Neoplastic::HMGA2,1,singleton_or_local_review
Molecular::Heme::Neoplastic::ISLET1_ISL1,1,singleton_or_local_review
Molecular::Heme::Neoplastic::Jones_Methenamine_Silver,1,singleton_or_local_review
Molecular::Heme::Neoplastic::Malignant::ARID1A,1,singleton_or_local_review
Molecular::Heme::Neoplastic::Malignant::BOB1,1,singleton_or_local_review
Molecular::Heme::Neoplastic::Malignant::CDK4,1,singleton_or_local_review
Molecular::Heme::Neoplastic::Malignant::Cyclin_D1,1,singleton_or_local_review
Molecular::Heme::Neoplastic::Malignant::Desmin,1,singleton_or_local_review
Molecular::Heme::Neoplastic::Malignant::EBER1_And_EBER2,1,singleton_or_local_review
Molecular::Heme::Neoplastic::Malignant::EBER1_And_EBER2_STAINSEBER1,1,singleton_or_local_review
Molecular::Heme::Neoplastic::Malignant::Erg,1,singleton_or_local_review
Molecular::Heme::Neoplastic::Malignant::FLI1,1,singleton_or_local_review
Molecular::Heme::Neoplastic::Malignant::FMC7,1,singleton_or_local_review
Molecular::Heme::Neoplastic::Malignant::Fascin,1,singleton_or_local_review
Molecular::Heme::Neoplastic::Malignant::Fos,1,singleton_or_local_review
Molecular::Heme::Neoplastic::Malignant::HNF1BETA,1,singleton_or_local_review
Molecular::Heme::Neoplastic::Malignant::Hgal,1,singleton_or_local_review
Molecular::Heme::Neoplastic::Malignant::IGH,1,singleton_or_local_review
Molecular::Heme::Neoplastic::Malignant::IGH_Stainsigh,1,singleton_or_local_review
Molecular::Heme::Neoplastic::Malignant::Igg,1,singleton_or_local_review
Molecular::Heme::Neoplastic::Malignant::Igm,1,singleton_or_local_review
Molecular::Heme::Neoplastic::Malignant::KMT2A_Mll,1,singleton_or_local_review
Molecular::Heme::Neoplastic::Malignant::MEF2B,1,singleton_or_local_review
Molecular::Heme::Neoplastic::Malignant::Oscar_Cytokeratin,1,singleton_or_local_review
Molecular::Heme::Neoplastic::Malignant::PAX5,1,singleton_or_local_review
Molecular::Heme::Neoplastic::Malignant::PAX5_STAINSPAX5,1,singleton_or_local_review
Molecular::Heme::Neoplastic::Malignant::PAX8,1,singleton_or_local_review
Molecular::Heme::Neoplastic::Malignant::PLAG1,1,singleton_or_local_review
Molecular::Heme::Neoplastic::Malignant::RUNX1_RUNXT1,1,singleton_or_local_review
Molecular::Heme::Neoplastic::Malignant::Tdt,1,singleton_or_local_review
Molecular::Heme::Neoplastic::Malignant::Tdt_Stainstdt,1,singleton_or_local_review
Molecular::Heme::Neoplastic::OCT2,1,singleton_or_local_review
Molecular::Heme::Neoplastic::PDL1_SP142,1,singleton_or_local_review
Molecular::Heme::Neoplastic::Special_At_Rich_Sequence_Binding_Protein_2_SATB2,1,singleton_or_local_review
Molecular::Heme::Neoplastic::Special_At_Rich_Sequence_Binding_Protein_2_SATB2_STAINSSATB2,1,singleton_or_local_review
Molecular::Heme::Neoplastic::Synaptophysin,1,singleton_or_local_review
Molecular::Heme::Normal_Histology::Atpases,1,singleton_or_local_review
Molecular::Hereditary::Concept::Classification::PMS2,1,singleton_or_local_review
Molecular::Hereditary::Concept::Classification::Von_Hippel_Lindau_VHL,1,singleton_or_local_review
Molecular::Hereditary::Concept::IHC_Markers::Albumin,1,singleton_or_local_review
Molecular::Hereditary::Congenital_Structural::Fumarate_Hydratase_Fh_S_2_Succino_Cysteine_2SC,1,singleton_or_local_review
Molecular::Hereditary::Neoplastic::Calcitonin,1,singleton_or_local_review
Molecular::Hereditary::Neoplastic::Malignant::RB1,1,singleton_or_local_review
Molecular::Infectious::Concept::IHC_Markers::Gram_Stain,1,singleton_or_local_review
Molecular::Infectious::Infectious::Adenovirus,1,singleton_or_local_review
Molecular::Infectious::Infectious::Ca_125,1,singleton_or_local_review
Molecular::Infectious::Infectious::S100,1,singleton_or_local_review
Molecular::Infectious::Infectious::S100_STAINSS100,1,singleton_or_local_review
Molecular::Infectious::Neoplastic::Malignant::P40,1,singleton_or_local_review
Molecular::Infectious::Viral::Human_Papillomavirus,1,singleton_or_local_review
Molecular::Pharmacogenetics::Concept::IHC_Markers::ABCC2,1,singleton_or_local_review
Molecular::Pharmacogenetics::Concept::IHC_Markers::Treponema_Pallidum_IHC,1,singleton_or_local_review
Molecular::Pharmacogenetics::Concept::Management_Workup::Androgen_Receptor_Ar,1,singleton_or_local_review
Molecular::Solid::Concept::Classification::Dicer,1,singleton_or_local_review
Molecular::Solid::Concept::Classification::Mucins,1,singleton_or_local_review
Molecular::Solid::Concept::Classification::P63,1,singleton_or_local_review
Molecular::Solid::Concept::IHC_Markers::Ras_Q61R_IHC,1,singleton_or_local_review
Molecular::Solid::Concept::Management_Workup::Hras,1,singleton_or_local_review
Molecular::Solid::Concept::Molecular_Genetics::Actin_General_Cardiac,1,singleton_or_local_review
Molecular::Solid::Concept::Molecular_Genetics::Alkaline_Phosphatase,1,singleton_or_local_review
Molecular::Solid::Concept::Molecular_Genetics::CD_Markers_General,1,singleton_or_local_review
Molecular::Solid::Concept::Molecular_Genetics::Cytokeratins_CK_General,1,singleton_or_local_review
Molecular::Solid::Concept::Molecular_Genetics::EGFR,1,singleton_or_local_review
Molecular::Solid::Concept::Molecular_Genetics::EGFR_Mutation_Specific_Antibodies,1,singleton_or_local_review
Molecular::Solid::Concept::Molecular_Genetics::IDH1_R132H,1,singleton_or_local_review
Molecular::Solid::Concept::Molecular_Genetics::KIT,1,singleton_or_local_review
Molecular::Solid::Concept::Molecular_Genetics::Myb,1,singleton_or_local_review
Molecular::Solid::Concept::Molecular_Genetics::Ret,1,singleton_or_local_review
Molecular::Solid::Concept::Molecular_Genetics::TRPS1,1,singleton_or_local_review
Molecular::Solid::Concept::Procedure_Specimen::IHC_Procedure,1,singleton_or_local_review
Molecular::Solid::Congenital_Structural::CDX2,1,singleton_or_local_review
Molecular::Solid::Depositional_Metabolic::Serum_Amyloid_A_Saa,1,singleton_or_local_review
Molecular::Solid::Infectious::P53,1,singleton_or_local_review
Molecular::Solid::Neoplastic::Benign::Fgfr,1,singleton_or_local_review
Molecular::Solid::Neoplastic::Carbonic_Anhydrase_Ix,1,singleton_or_local_review
Molecular::Solid::Neoplastic::Cytokeratins_Uncommon,1,singleton_or_local_review
Molecular::Solid::Neoplastic::EWSR1,1,singleton_or_local_review
Molecular::Solid::Neoplastic::Epithelial_Membrane_Antigen_Ema,1,singleton_or_local_review
Molecular::Solid::Neoplastic::Epithelial_Membrane_Antigen_Ema_Stainsema,1,singleton_or_local_review
Molecular::Solid::Neoplastic::FOXL2,1,singleton_or_local_review
Molecular::Solid::Neoplastic::Folate_Receptor_Alpha_Fralpha,1,singleton_or_local_review
Molecular::Solid::Neoplastic::H3_3_G34W_H3F_3A,1,singleton_or_local_review
Molecular::Solid::Neoplastic::L1_Cam,1,singleton_or_local_review
Molecular::Solid::Neoplastic::Malignant::Ca_19_9,1,singleton_or_local_review
Molecular::Solid::Neoplastic::Malignant::Cytokeratin_20_CK20_K20,1,singleton_or_local_review
Molecular::Solid::Neoplastic::Malignant::Cytokeratin_Cam_5_2,1,singleton_or_local_review
Molecular::Solid::Neoplastic::Malignant::MDM2,1,singleton_or_local_review
Molecular::Solid::Neoplastic::Malignant::MSH2,1,singleton_or_local_review
Molecular::Solid::Neoplastic::Malignant::Plap,1,singleton_or_local_review
Molecular::Solid::Neoplastic::Malignant::SALL4,1,singleton_or_local_review
Molecular::Solid::Neoplastic::Malignant::SALL4_STAINSSALL4,1,singleton_or_local_review
Molecular::Solid::Neoplastic::Malignant::TROP2,1,singleton_or_local_review
Molecular::Solid::Neoplastic::Microphthalmia_Associated_Transcription_Factor_Mitf,1,singleton_or_local_review
Molecular::Solid::Neoplastic::NR4A_3,1,singleton_or_local_review
Molecular::Solid::Neoplastic::Oil_Red_O,1,singleton_or_local_review
Molecular::Solid::Neoplastic::P120_Catenin,1,singleton_or_local_review
Molecular::Solid::Neoplastic::Pan_Trk_EPR17341_NTRK,1,singleton_or_local_review
Molecular::Solid::Neoplastic::STAT6,1,singleton_or_local_review
Molecular::Solid::Neoplastic::WT1,1,singleton_or_local_review
Molecular::Solid::Neoplastic::WT1_STAINSWT1,1,singleton_or_local_review
Molecular::Solid::Normal_Histology::MUC5AC,1,singleton_or_local_review
Molecular::Solid::Normal_Histology::Progesterone_Receptor_Pr,1,singleton_or_local_review
Molecular::Technique::Concept::Molecular_Genetics::Beta_Catenin,1,singleton_or_local_review
Molecular::Technique::Cytogenetics::FISH,1,singleton_or_local_review
Molecular::Technique::Identity::Short_Tandem_Repeat_Analysis,1,singleton_or_local_review
Molecular::Technique::Neoplastic::Malignant::Enzyme_Cytochemistry,1,singleton_or_local_review
Neuro::Concept::IHC::Alpha_Synuclein,1,singleton_or_local_review
Neuro::Concept::Stains::Luxol_Fast_Blue,1,singleton_or_local_review
Neuro::Concept::Stains::Silver_Stain,1,singleton_or_local_review
Neuro::Cyst::Colloid_Cyst,1,singleton_or_local_review
Neuro::Cyst::Rathke_Cleft_Cyst,1,singleton_or_local_review
Neuro::Infection::Aspergillosis,1,singleton_or_local_review
Neuro::Infection::Brain_Abscess,1,singleton_or_local_review
Neuro::Infection::Herpes_Simplex_Encephalitis,1,singleton_or_local_review
Neuro::Infection::Human_Immunodeficiency_Virus_Infection::HIV_Encephalitis_Leukoencephalitis,1,singleton_or_local_review
Neuro::Infection::Infectious::Amebic_Colitis,1,singleton_or_local_review
Neuro::Infection::Infectious::CMV_Infections,1,singleton_or_local_review
Neuro::Infection::Infectious::Progressive_Multifocal_Leukoencephalopathy_PML_And_Other_Jc_Virus_Infections,1,singleton_or_local_review
Neuro::Infection::Neurocysticercosis,1,singleton_or_local_review
Neuro::Infection::Parasitic_Infections::Amebic_Infections::Primary_Amebic_Meningoencephalitis,1,singleton_or_local_review
Neuro::Infection::Rabies_Encephalitis,1,singleton_or_local_review
Neuro::Infection::Toxoplasmosis,1,singleton_or_local_review
Neuro::Infection::Tuberculosis,1,singleton_or_local_review
Neuro::Non_Neoplastic::Concept::Classification::Pontine_And_Extrapontine_Myelinolysis,1,singleton_or_local_review
Neuro::Non_Neoplastic::Concept::Other::Methanol,1,singleton_or_local_review
Neuro::Non_Neoplastic::Concept::Other::Neural_Tube_Closure_Defects,1,singleton_or_local_review
Neuro::Non_Neoplastic::Concept::Other::Wernicke_Korsakoff_Syndrome,1,singleton_or_local_review
Neuro::Non_Neoplastic::Concept::Staging::Heroin_Leukoencephalopathy,1,singleton_or_local_review
Neuro::Non_Neoplastic::Degenerative::Alzheimer_Disease,1,singleton_or_local_review
Neuro::Non_Neoplastic::Degenerative::Concept::Molecular_Genetics::Multiple_Sclerosis,1,singleton_or_local_review
Neuro::Non_Neoplastic::Degenerative::Depositional_Metabolic::Alcoholic_Cerebellar_Degeneration,1,singleton_or_local_review
Neuro::Non_Neoplastic::Degenerative::Motor_Neuron_Disease::Amyotrophic_Lateral_Sclerosis,1,singleton_or_local_review
Neuro::Non_Neoplastic::Degenerative::Multiple_System_Atrophy,1,singleton_or_local_review
Neuro::Non_Neoplastic::Degenerative::Synucleinopathy::Parkinson_Disease,1,singleton_or_local_review
Neuro::Non_Neoplastic::Degenerative::Tauopathy::Corticobasal_Degeneration,1,singleton_or_local_review
Neuro::Non_Neoplastic::Degenerative::Trinucleotide_Repeat_Disorders::Huntington_Disease,1,singleton_or_local_review
Neuro::Non_Neoplastic::Degenerative::Trinucleotide_Repeat_Disorders::Spinal_Bulbar_Muscular_Atrophy_X_Linked_Bulbospinal_Neuronopathy,1,singleton_or_local_review
Neuro::Non_Neoplastic::Depositional_Metabolic::Carbon_Monoxide_Injury,1,singleton_or_local_review
Neuro::Non_Neoplastic::Depositional_Metabolic::Forensic_Evaluations_Of_Spine_And_Spinal_Cord_Traumatic_Injury,1,singleton_or_local_review
Neuro::Non_Neoplastic::Depositional_Metabolic::Forensic_Evaluations_Of_Traumatic_Axonal_Injury,1,singleton_or_local_review
Neuro::Non_Neoplastic::Depositional_Metabolic::Methotrexate_Toxicity,1,singleton_or_local_review
Neuro::Non_Neoplastic::Depositional_Metabolic::Optic_Nerve_Atrophy,1,singleton_or_local_review
Neuro::Non_Neoplastic::Development::Malformations::Malformations_Of_The_Cerebellum::Lhermitte_Duclos_Disease,1,singleton_or_local_review
Neuro::Non_Neoplastic::Development::Spinal_Muscular_Atrophy,1,singleton_or_local_review
Neuro::Non_Neoplastic::Infectious::Meningitis_Bacterial,1,singleton_or_local_review
Neuro::Non_Neoplastic::Peripheral_Nerve::Neuropathies_Associated_With_Systemic_Diseases::Amyloid_Neuropathy,1,singleton_or_local_review
Neuro::Non_Neoplastic::Systemic::Liver_Disease::Acquired_Hepatic_Encephalopathy,1,singleton_or_local_review
Neuro::Non_Neoplastic::Systemic::Vitamin_Deficiencies::Vitamin_B12_Deficiency_And_Subacute_Combined_Degeneration,1,singleton_or_local_review
Neuro::Normal::Pineal::Pineal_Gland,1,singleton_or_local_review
Neuro::Skeletal_Muscle::Concept::Molecular_Genetics::Leukodystrophies,1,singleton_or_local_review
Neuro::Tumor::Adult_Type_Diffuse_Gliomas::Oligodendroglioma_IDH_Mutant_And_1p_19q_Co_Deleted_CNS_WHO_Grade_2_3,1,singleton_or_local_review
Neuro::Tumor::Astrocytic_Circumscribed::Astroblastoma_MN1_Altered,1,singleton_or_local_review
Neuro::Tumor::Astrocytic_Circumscribed::Chordoid_Glioma,1,singleton_or_local_review
Neuro::Tumor::Astrocytic_Circumscribed::High_Grade_Astrocytoma_With_Piloid_Features,1,singleton_or_local_review
Neuro::Tumor::Astrocytic_Circumscribed::Pilocytic_Astrocytoma,1,singleton_or_local_review
Neuro::Tumor::Astrocytic_Circumscribed::Pleomorphic_Xanthoastrocytoma,1,singleton_or_local_review
Neuro::Tumor::Astrocytic_Circumscribed::Subependymal_Giant_Cell_Astrocytoma,1,singleton_or_local_review
Neuro::Tumor::Concept::Classification::Dementia_With_Lewy_Bodies,1,singleton_or_local_review
Neuro::Tumor::Concept::Classification::Ependymoma_Overview,1,singleton_or_local_review
Neuro::Tumor::Concept::Classification::Syrinx,1,singleton_or_local_review
Neuro::Tumor::Concept::Classification::WHO_Classification,1,singleton_or_local_review
Neuro::Tumor::Concept::Laboratory_Operations::Shh_Activated,1,singleton_or_local_review
Neuro::Tumor::Concept::Staging::Grossing_Features_To_Report_And_Staging,1,singleton_or_local_review
Neuro::Tumor::Congenital_Structural::Glioependymal_Ependymal_Cyst,1,singleton_or_local_review
Neuro::Tumor::Congenital_Structural::Meningeal_Cyst,1,singleton_or_local_review
Neuro::Tumor::Congenital_Structural::Neuroectodermal_Cysts,1,singleton_or_local_review
Neuro::Tumor::Congenital_Structural::Synovial_Cyst,1,singleton_or_local_review
Neuro::Tumor::Cysts::Endodermal_Enterogenous_Cyst,1,singleton_or_local_review
Neuro::Tumor::Cysts::Pineal_Cyst,1,singleton_or_local_review
Neuro::Tumor::Depositional_Metabolic::Radiation_Injury,1,singleton_or_local_review
Neuro::Tumor::Diffuse_Glioma::Adult::Astrocytoma_IDH_mutant,1,singleton_or_local_review
Neuro::Tumor::Diffuse_Glioma::Pediatric_High_Grade::Diffuse_Hemispheric_Glioma_H3_G34_mutant,1,singleton_or_local_review
Neuro::Tumor::Diffuse_Glioma::Pediatric_High_Grade::Diffuse_Pediatric_High_Grade_Glioma_H3_wildtype_and_IDH_wildtype,1,singleton_or_local_review
Neuro::Tumor::Diffuse_Glioma::Pediatric_High_Grade::Infant_type_Hemispheric_Glioma,1,singleton_or_local_review
Neuro::Tumor::Diffuse_Glioma::Pediatric_Low_Grade::Angiocentric_Glioma,1,singleton_or_local_review
Neuro::Tumor::Diffuse_Glioma::Pediatric_Low_Grade::Diffuse_Astrocytoma_MYB_or_MYBL1_altered,1,singleton_or_local_review
Neuro::Tumor::Diffuse_Glioma::Pediatric_Low_Grade::Diffuse_Low_Grade_Glioma_MAPK_Pathway_Altered,1,singleton_or_local_review
Neuro::Tumor::Diffuse_Glioma::Pediatric_Low_Grade::Polymorphous_Low_Grade_Neuroepithelial_Tumor_of_the_Young,1,singleton_or_local_review
Neuro::Tumor::Embryonal::Atypical_Teratoid_Rhabdoid_Tumor,1,singleton_or_local_review
Neuro::Tumor::Embryonal::CNS_Embryonal_Tumor_NEC_NOS,1,singleton_or_local_review
Neuro::Tumor::Embryonal::CNS_Neuroblastoma_FOXR2_activated,1,singleton_or_local_review
Neuro::Tumor::Embryonal::Embryonal_Tumor_With_Multilayered_Rosette,1,singleton_or_local_review
Neuro::Tumor::Ependymal::Myxopapillary_Ependymoma,1,singleton_or_local_review
Neuro::Tumor::Ependymal::Posterior_Fossa_Ependymoma,1,singleton_or_local_review
Neuro::Tumor::Ependymal::Spinal_Ependymoma,1,singleton_or_local_review
Neuro::Tumor::Ependymal::Subependymoma,1,singleton_or_local_review
Neuro::Tumor::Ependymal::Supratentorial_Ependymoma_ZFTA_Fusion_Positive,1,singleton_or_local_review
Neuro::Tumor::Glioneuronal_Neuronal::Central_Neurocytoma,1,singleton_or_local_review
Neuro::Tumor::Glioneuronal_Neuronal::Cerebellar_Liponeurocytoma,1,singleton_or_local_review
Neuro::Tumor::Glioneuronal_Neuronal::Desmoplastic_Infantile_Astrocytoma_And_Ganglioglioma,1,singleton_or_local_review
Neuro::Tumor::Glioneuronal_Neuronal::Diffuse_Leptomeningeal_Glioneuronal_Tumor,1,singleton_or_local_review
Neuro::Tumor::Glioneuronal_Neuronal::Dysembryoplastic_Neuroepithelial_Tumor,1,singleton_or_local_review
Neuro::Tumor::Glioneuronal_Neuronal::Extraventricular_Neurocytoma,1,singleton_or_local_review
Neuro::Tumor::Glioneuronal_Neuronal::Gangliocytoma,1,singleton_or_local_review
Neuro::Tumor::Glioneuronal_Neuronal::Multinodular_And_Vacuolating_Neuronal_Tumor,1,singleton_or_local_review
Neuro::Tumor::Glioneuronal_Neuronal::Myxoid_Glioneuronal_Tumor,1,singleton_or_local_review
Neuro::Tumor::Glioneuronal_Neuronal::Papillary_Glioneuronal_Tumor,1,singleton_or_local_review
Neuro::Tumor::Glioneuronal_Neuronal::Rosette_Forming_Glioneuronal_Tumor,1,singleton_or_local_review
Neuro::Tumor::Malignant::Choroid_Plexus_Tumors_Papilloma_Atypical_Papilloma_Carcinoma,1,singleton_or_local_review
Neuro::Tumor::Malignant::Forensic_Evaluations_Of_Brain_Contusions,1,singleton_or_local_review
Neuro::Tumor::Malignant::Glioblastoma_IDH_Wild_Type,1,singleton_or_local_review
Neuro::Tumor::Malignant::Glioma_Optic_Nerve,1,singleton_or_local_review
Neuro::Tumor::Malignant::Glioma_Overview,1,singleton_or_local_review
Neuro::Tumor::Malignant::Medulloblastoma,1,singleton_or_local_review
Neuro::Tumor::Malignant::WHO_Grading_Of_Gliomas,1,singleton_or_local_review
Neuro::Tumor::Meninges::Mesenchymal::Meningioangiomatosis,1,singleton_or_local_review
Neuro::Tumor::Meningioma::Atypical_Meningioma,1,singleton_or_local_review
Neuro::Tumor::Meningioma::Chordoid_Meningioma,1,singleton_or_local_review
Neuro::Tumor::Mesenchymal::Hemangioblastoma,1,singleton_or_local_review
Neuro::Tumor::Metastatic::Metastases_To_The_Brain_And_Spinal_Cord_Parenchyma,1,singleton_or_local_review
Neuro::Tumor::Neuroendocrine::Paraganglioma,1,singleton_or_local_review
Neuro::Tumor::Normal_Histology::CNS_Anatomy_And_Histology,1,singleton_or_local_review
Neuro::Tumor::Normal_Histology::Larotrectinib_Loxo_101,1,singleton_or_local_review
Neuro::Tumor::Other::Dna_Methylation_Classification_Of_CNS_Tumors,1,singleton_or_local_review
Neuro::Tumor::Other::Histiocytic_Tumors,1,singleton_or_local_review
Neuro::Tumor::Other::Paraneoplastic_Syndromes,1,singleton_or_local_review
Neuro::Tumor::Other::WHO_Grading_Of_Meningiomas,1,singleton_or_local_review
Neuro::Tumor::Pediatric_Type_Diffuse_High_Grade_Gliomas::Diffuse_Midline_Glioma_H3_K27_Altered,1,singleton_or_local_review
Neuro::Tumor::Pineal::Desmoplastic_Myxoid_Tumor_Of_The_Pineal_Region_SMARCB1_mutant,1,singleton_or_local_review
Neuro::Tumor::Pineal::Papillary_Tumor_Of_The_Pineal_Region,1,singleton_or_local_review
Neuro::Tumor::Pineal::Pineal_Parenchymal_Tumor_Of_Intermediate_Differentiation,1,singleton_or_local_review
Neuro::Tumor::Pineal::Pineoblastoma,1,singleton_or_local_review
Neuro::Tumor::Pineal::Pineocytoma,1,singleton_or_local_review
Neuro::Tumor::Precursor::Focal_Cortical_Dysplasia_Epilepsy_Related_Malformations,1,singleton_or_local_review
Neuro::Tumor::Sellar::Papillary_Craniopharyngioma,1,singleton_or_local_review
Neuro::Tumor::Sellar::Pituicytoma,1,singleton_or_local_review
Neuro::Tumor::Sellar::Spindle_Cell_Oncocytoma,1,singleton_or_local_review
Neuro::Vascular::Depositional_Metabolic::Cerebral_Amyloid_Angiopathy,1,singleton_or_local_review
Neuro::Vascular::Depositional_Metabolic::Ischemic_Stroke_Infarct_Vascular_Dementia,1,singleton_or_local_review
Neuro::Vascular::Vasculitis::Primary_Angiitis_Of_CNS,1,singleton_or_local_review
Skin::Appendageal_Neoplasm::Mucinous_carcinoma,1,singleton_or_local_review
Skin::Concept::Classification::Arthropod_Bites,1,singleton_or_local_review
Skin::Concept::Classification::Brown_Recluse_Spider,1,singleton_or_local_review
Skin::Concept::Classification::Carbuncle,1,singleton_or_local_review
Skin::Concept::Classification::Coma_Blister,1,singleton_or_local_review
Skin::Concept::Classification::Dermal_Hypersensitivity_Reaction,1,singleton_or_local_review
Skin::Concept::Classification::Reticulohistiocytic_Granuloma_Solitary_Reticulohistiocytoma,1,singleton_or_local_review
Skin::Concept::Classification::Tick_Hyalomma,1,singleton_or_local_review
Skin::Concept::Classification::WHO_Classification,1,singleton_or_local_review
Skin::Concept::Classification::WHO_Classification_Skintumormelanocyticwho,1,singleton_or_local_review
Skin::Concept::IHC_Markers::Pemphigus,1,singleton_or_local_review
Skin::Concept::Laboratory_Operations::Paget_Disease,1,singleton_or_local_review
Skin::Concept::Management_Workup::Epithelial_Sheath_Neuroma,1,singleton_or_local_review
Skin::Concept::Management_Workup::Gangrene,1,singleton_or_local_review
Skin::Concept::Management_Workup::Mechanical_Blister,1,singleton_or_local_review
Skin::Concept::Molecular_Genetics::Infestations_General,1,singleton_or_local_review
Skin::Concept::Molecular_Genetics::Nevi_General,1,singleton_or_local_review
Skin::Concept::Molecular_Genetics::Other_Pigmented_Lesions_And_Disorders_Of_Pigmentation_General,1,singleton_or_local_review
Skin::Concept::Molecular_Genetics::Vesiculobullous_And_Acantholytic_Reaction_Patterns_General,1,singleton_or_local_review
Skin::Concept::Other::Body_And_Pubic_Louse,1,singleton_or_local_review
Skin::Concept::Other::Cafe_Au_Lait_Spot,1,singleton_or_local_review
Skin::Concept::Other::Jessner_Lymphocytic_Infiltration_Of_Skin,1,singleton_or_local_review
Skin::Concept::Other::Primary_Cutaneous_Acral_CD8_Positive,1,singleton_or_local_review
Skin::Concept::Other::Subungual_Exostosis,1,singleton_or_local_review
Skin::Concept::Other::Superficial_Angiomyxoma,1,singleton_or_local_review
Skin::Concept::Other::Tunga_Penetrans,1,singleton_or_local_review
Skin::Concept::Procedure_Specimen::Sentinel_Node_Biopsy,1,singleton_or_local_review
Skin::Concept::Reporting_Grossing::Grossing,1,singleton_or_local_review
Skin::Concept::Staging::Prurigo_Pigmentosa,1,singleton_or_local_review
Skin::Concept::Staging::Staging,1,singleton_or_local_review
Skin::Congenital_Structural::Auricular_Pseudocyst,1,singleton_or_local_review
Skin::Congenital_Structural::Cutaneous_Neurocristic_Hamartoma,1,singleton_or_local_review
Skin::Congenital_Structural::Cyst::Dermoid_Cyst,1,singleton_or_local_review
Skin::Congenital_Structural::Cyst::Epidermal_Inclusion_Cyst,1,singleton_or_local_review
Skin::Congenital_Structural::Cyst::Eruptive_Vellus_Hair_Cyst,1,singleton_or_local_review
Skin::Congenital_Structural::Cyst::Hidrocystoma_Eccrine_Apocrine,1,singleton_or_local_review
Skin::Congenital_Structural::Cyst::Pilar_Cyst_Trichilemmal,1,singleton_or_local_review
Skin::Congenital_Structural::Cyst::Steatocystoma,1,singleton_or_local_review
Skin::Congenital_Structural::Cyst::Thyroglossal_Duct_Cyst,1,singleton_or_local_review
Skin::Congenital_Structural::Cysticercosis,1,singleton_or_local_review
Skin::Congenital_Structural::Genodermatosis::Darier_Disease_Keratosis_Follicularis,1,singleton_or_local_review
Skin::Congenital_Structural::Genodermatosis::Epidermodysplasia_Verruciformis,1,singleton_or_local_review
Skin::Congenital_Structural::Genodermatosis::Epidermolysis_Bullosa,1,singleton_or_local_review
Skin::Congenital_Structural::Genodermatosis::Hailey_Hailey_Disease_Familial_Pemphigus,1,singleton_or_local_review
Skin::Congenital_Structural::Genodermatosis::Lipoid_Proteinosis,1,singleton_or_local_review
Skin::Congenital_Structural::Genodermatosis::Pseudoxanthoma_Elasticum,1,singleton_or_local_review
Skin::Congenital_Structural::Hamartoma::Accessory_Tragus,1,singleton_or_local_review
Skin::Congenital_Structural::Hamartoma::Connective_Tissue_Nevus_Collagenoma,1,singleton_or_local_review
Skin::Congenital_Structural::Hamartoma::Nevus_Sebaceus_of_Jadassohn,1,singleton_or_local_review
Skin::Congenital_Structural::Hamartoma::Supernumerary_Digit,1,singleton_or_local_review
Skin::Congenital_Structural::Maturation_Keratinization::Epidermolytic_Hyperkeratosis,1,singleton_or_local_review
Skin::Congenital_Structural::Maturation_Keratinization::Granular_Parakeratosis,1,singleton_or_local_review
Skin::Congenital_Structural::Maturation_Keratinization::Porokeratosis,1,singleton_or_local_review
Skin::Congenital_Structural::Meningothelial_Hamartoma_Of_Scalp,1,singleton_or_local_review
Skin::Congenital_Structural::Other::Cutaneous_Endometriosis,1,singleton_or_local_review
Skin::Congenital_Structural::Other_Cysts,1,singleton_or_local_review
Skin::Congenital_Structural::Synovial_Cysts,1,singleton_or_local_review
Skin::Depositional_Metabolic::Amyloidosis::Amyloidosis_Overview,1,singleton_or_local_review
Skin::Depositional_Metabolic::Calcification::Calcinosis_Cutis_Dystrophic,1,singleton_or_local_review
Skin::Depositional_Metabolic::Calcification::Calciphylaxis,1,singleton_or_local_review
Skin::Depositional_Metabolic::Crystal::Oxalosis,1,singleton_or_local_review
Skin::Depositional_Metabolic::Encapsulated_Fat_Necrosis,1,singleton_or_local_review
Skin::Depositional_Metabolic::Foreign_Body_Reaction,1,singleton_or_local_review
Skin::Depositional_Metabolic::Gout,1,singleton_or_local_review
Skin::Depositional_Metabolic::Hyaline::Colloid_Milium,1,singleton_or_local_review
Skin::Depositional_Metabolic::Metabolic::Acanthosis_Nigricans,1,singleton_or_local_review
Skin::Depositional_Metabolic::Metabolic::Confluent_and_Reticulated_Papillomatosis,1,singleton_or_local_review
Skin::Depositional_Metabolic::Metabolic::Ochronosis,1,singleton_or_local_review
Skin::Depositional_Metabolic::Mucinosis::Digital_Myxoid_Cyst,1,singleton_or_local_review
Skin::Depositional_Metabolic::Mucinosis::Focal_Cutaneous_Mucinosis,1,singleton_or_local_review
Skin::Depositional_Metabolic::Mucinosis::Pretibial_Myxedema,1,singleton_or_local_review
Skin::Depositional_Metabolic::Mucinosis::Scleredema_of_Buschke,1,singleton_or_local_review
Skin::Depositional_Metabolic::Mucinosis::Scleromyxedema,1,singleton_or_local_review
Skin::Depositional_Metabolic::Pigment::Argyria,1,singleton_or_local_review
Skin::Depositional_Metabolic::Pigment::Tattoo_Reaction,1,singleton_or_local_review
Skin::Disorders_of_Pigmentation::Becker_Nevus,1,singleton_or_local_review
Skin::Disorders_of_Pigmentation::Hyperpigmentation::Melasma,1,singleton_or_local_review
Skin::Disorders_of_Pigmentation::Hypopigmentation::Vitiligo,1,singleton_or_local_review
Skin::Genodermatoses::Disorders_of_Keratinization::Ichthyosis,1,singleton_or_local_review
Skin::Infectious::Algal_Infection_Prototheca,1,singleton_or_local_review
Skin::Infectious::Anthrax,1,singleton_or_local_review
Skin::Infectious::Bacterial::Actinomycosis,1,singleton_or_local_review
Skin::Infectious::Bacterial::Bacillary_Angiomatosis_Bartonella,1,singleton_or_local_review
Skin::Infectious::Bacterial::Borrelia_Erythema_Chronicum_Migrans,1,singleton_or_local_review
Skin::Infectious::Bacterial::Botryomycosis,1,singleton_or_local_review
Skin::Infectious::Bacterial::Cellulitis,1,singleton_or_local_review
Skin::Infectious::Bacterial::Ecthyma_Gangrenosum,1,singleton_or_local_review
Skin::Infectious::Bacterial::Erysipelas,1,singleton_or_local_review
Skin::Infectious::Bacterial::Erythrasma_Corynebacterium,1,singleton_or_local_review
Skin::Infectious::Bacterial::Folliculitis,1,singleton_or_local_review
Skin::Infectious::Bacterial::Impetigo,1,singleton_or_local_review
Skin::Infectious::Bacterial::Lyme_Disease,1,singleton_or_local_review
Skin::Infectious::Bacterial::Malakoplakia,1,singleton_or_local_review
Skin::Infectious::Bacterial::Rhinoscleroma,1,singleton_or_local_review
Skin::Infectious::Bacterial::Syphilis_Secondary_Cutaneous,1,singleton_or_local_review
Skin::Infectious::Bacterial::Tuberculosis,1,singleton_or_local_review
Skin::Infectious::Candida,1,singleton_or_local_review
Skin::Infectious::Corynebacteria,1,singleton_or_local_review
Skin::Infectious::Cutaneous_Larva_Migrans,1,singleton_or_local_review
Skin::Infectious::Dermatophytes_Tinea,1,singleton_or_local_review
Skin::Infectious::Fungal::Chromoblastomycosis,1,singleton_or_local_review
Skin::Infectious::Fungal::Coccidioidomycosis_Cutaneous,1,singleton_or_local_review
Skin::Infectious::Fungal::Cryptococcus_w/_PAS_&_GMS,1,singleton_or_local_review
Skin::Infectious::Fungal::Onychomycosis,1,singleton_or_local_review
Skin::Infectious::Fungal::Pityriasis_Tinea_Versicolor,1,singleton_or_local_review
Skin::Infectious::Fungal::Rhinosporidiosis,1,singleton_or_local_review
Skin::Infectious::Histoplasma_Capsulatum,1,singleton_or_local_review
Skin::Infectious::Hyaline_Molds,1,singleton_or_local_review
Skin::Infectious::Maduramycosis,1,singleton_or_local_review
Skin::Infectious::Mpox_Orthopoxvirus,1,singleton_or_local_review
Skin::Infectious::Mycobacteria_Non_Tb,1,singleton_or_local_review
Skin::Infectious::North_American_Blastomycosis,1,singleton_or_local_review
Skin::Infectious::Parasitic::Demodicosis_Demodex,1,singleton_or_local_review
Skin::Infectious::Parasitic::Dirofilariasis,1,singleton_or_local_review
Skin::Infectious::Parasitic::Leishmaniasis_Cutaneous,1,singleton_or_local_review
Skin::Infectious::Parasitic::Myiasis,1,singleton_or_local_review
Skin::Infectious::Parasitic::Onchocerciasis,1,singleton_or_local_review
Skin::Infectious::Parvovirus_B19,1,singleton_or_local_review
Skin::Infectious::Systemic_EBV_Positive_Of_Childhood,1,singleton_or_local_review
Skin::Infectious::Trichosporon,1,singleton_or_local_review
Skin::Infectious::Verruga_Peruana,1,singleton_or_local_review
Skin::Infectious::Viral::Condyloma_Acuminatum,1,singleton_or_local_review
Skin::Infectious::Viral::Epstein_Barr_Virus,1,singleton_or_local_review
Skin::Infectious::Viral::Herpes_Simplex_Virus_HSV1_HSV2,1,singleton_or_local_review
Skin::Infectious::Viral::Molluscum_Contagiosum,1,singleton_or_local_review
Skin::Infectious::Virus_Associated_Trichodysplasia_Spinulosa,1,singleton_or_local_review
Skin::Infectious::Warts_Verrucae,1,singleton_or_local_review
Skin::Infectious::Zygomycosis,1,singleton_or_local_review
Skin::Inflammatory::Abscess,1,singleton_or_local_review
Skin::Inflammatory::Acneiform::Rosacea,1,singleton_or_local_review
Skin::Inflammatory::Adnexal::Acne_Keloidalis_Nuchae,1,singleton_or_local_review
Skin::Inflammatory::Adnexal::Acne_Vulgaris,1,singleton_or_local_review
Skin::Inflammatory::Adnexal::Dissecting_Cellulitis_Scalp,1,singleton_or_local_review
Skin::Inflammatory::Adnexal::Eosinophilic_Pustular_Folliculitis_Ofuji,1,singleton_or_local_review
Skin::Inflammatory::Adnexal::Folliculitis_Decalvans,1,singleton_or_local_review
Skin::Inflammatory::Adnexal::Hidradenitis_Suppurativa,1,singleton_or_local_review
Skin::Inflammatory::Adnexal::Miliaria,1,singleton_or_local_review
Skin::Inflammatory::Alopecia::Central_Centrifugal_Cicatricial_Alopecia_CCCA,1,singleton_or_local_review
Skin::Inflammatory::Alopecia::Lichen_Planopilaris,1,singleton_or_local_review
Skin::Inflammatory::Alopecia::Trichotillomania,1,singleton_or_local_review
Skin::Inflammatory::Balanitis_Phimosis,1,singleton_or_local_review
Skin::Inflammatory::Blistering::Bullous_Lichen_Sclerosus,1,singleton_or_local_review
Skin::Inflammatory::Blistering::Bullous_Lupus_Erythematosus,1,singleton_or_local_review
Skin::Inflammatory::Blistering::Bullous_Pemphigoid,1,singleton_or_local_review
Skin::Inflammatory::Blistering::Cicatricial_Pemphigoid_Mucous_Membrane,1,singleton_or_local_review
Skin::Inflammatory::Blistering::Dermatitis_Herpetiformis,1,singleton_or_local_review
Skin::Inflammatory::Blistering::Epidermolysis_Bullosa_Acquisita,1,singleton_or_local_review
Skin::Inflammatory::Blistering::Grover_Disease_Transient_Acantholytic,1,singleton_or_local_review
Skin::Inflammatory::Blistering::Pemphigoid_Gestationis,1,singleton_or_local_review
Skin::Inflammatory::Blistering::Pemphigus_Vulgaris,1,singleton_or_local_review
Skin::Inflammatory::Blistering::Porphyria_Cutanea_Tarda,1,singleton_or_local_review
Skin::Inflammatory::Blistering::Stevens_Johnson_Syndrome_Toxic_Epidermal_Necrolysis,1,singleton_or_local_review
Skin::Inflammatory::Connective_Tissue::Graft_Versus_Host_Disease,1,singleton_or_local_review
Skin::Inflammatory::Connective_Tissue::Scleroderma::Morphea,1,singleton_or_local_review
Skin::Inflammatory::Cutaneous_Vasculitis,1,singleton_or_local_review
Skin::Inflammatory::Degenerative::Chondrodermatitis_Nodularis_Helicis,1,singleton_or_local_review
Skin::Inflammatory::Dermal_Sclerosing::Anetoderma,1,singleton_or_local_review
Skin::Inflammatory::Dermal_Sclerosing::Chronic_Radiation_Dermatitis,1,singleton_or_local_review
Skin::Inflammatory::Dermal_Sclerosing::Keloid,1,singleton_or_local_review
Skin::Inflammatory::Dermal_Sclerosing::Nephrogenic_Systemic_Fibrosis,1,singleton_or_local_review
Skin::Inflammatory::Drug_Eruption::Acute_Generalized_Exanthematous_Pustulosis_AGEP,1,singleton_or_local_review
Skin::Inflammatory::Drug_Eruption::Lichenoid_Drug_Eruption,1,singleton_or_local_review
Skin::Inflammatory::Granulomatous,1,singleton_or_local_review
Skin::Inflammatory::Granulomatous::Actinic_Granuloma_Annular_Elastolytic,1,singleton_or_local_review
Skin::Inflammatory::Granulomatous::Granuloma_Annulare,1,singleton_or_local_review
Skin::Inflammatory::Granulomatous::Granuloma_Faciale,1,singleton_or_local_review
Skin::Inflammatory::Granulomatous::Lupus_Miliaris_Disseminatus_Faciei,1,singleton_or_local_review
Skin::Inflammatory::Granulomatous::Necrobiosis_Lipoidica,1,singleton_or_local_review
Skin::Inflammatory::Granulomatous::Necrobiotic_Xanthogranuloma,1,singleton_or_local_review
Skin::Inflammatory::Granulomatous::Rheumatoid_Nodule,1,singleton_or_local_review
Skin::Inflammatory::Granulomatous::Sarcoidosis_Cutaneous,1,singleton_or_local_review
Skin::Inflammatory::Infectious::Bacterial::Mycobacterial::Leprosy,1,singleton_or_local_review
Skin::Inflammatory::Infectious::Parasitic::Scabies,1,singleton_or_local_review
Skin::Inflammatory::Interface::Benign_Lichenoid_Keratosis_LPLK,1,singleton_or_local_review
Skin::Inflammatory::Interface::Dermatomyositis,1,singleton_or_local_review
Skin::Inflammatory::Interface::Erythema_Dyschromicum_Perstans,1,singleton_or_local_review
Skin::Inflammatory::Interface::Erythema_Multiforme,1,singleton_or_local_review
Skin::Inflammatory::Interface::Interface_Dermatitis_Overview,1,singleton_or_local_review
Skin::Inflammatory::Interface::Lichen_Nitidus,1,singleton_or_local_review
Skin::Inflammatory::Interface::Lichen_Planus,1,singleton_or_local_review
Skin::Inflammatory::Interface::Lichen_Striatus,1,singleton_or_local_review
Skin::Inflammatory::Interface::Lupus_Erythematosus_Subacute_Cutaneous_SCLE,1,singleton_or_local_review
Skin::Inflammatory::Interface::Pityriasis_Lichenoides_PLEVA_PLC,1,singleton_or_local_review
Skin::Inflammatory::Medium_And_Large_Vessel_Cutaneous_Vasculitis,1,singleton_or_local_review
Skin::Inflammatory::Neutrophilic::Neutrophilic_Eccrine_Hidradenitis,1,singleton_or_local_review
Skin::Inflammatory::Neutrophilic::Pyoderma_Gangrenosum,1,singleton_or_local_review
Skin::Inflammatory::Neutrophilic::Subcorneal_Pustular_Dermatosis,1,singleton_or_local_review
Skin::Inflammatory::Neutrophilic::Sweet_Syndrome,1,singleton_or_local_review
Skin::Inflammatory::Other_Porphyrias,1,singleton_or_local_review
Skin::Inflammatory::Panniculitis::Alpha_1_Antitrypsin_Deficiency_Panniculitis,1,singleton_or_local_review
Skin::Inflammatory::Panniculitis::Lipodermatosclerosis,1,singleton_or_local_review
Skin::Inflammatory::Panniculitis::Lupus_Panniculitis_Profundus,1,singleton_or_local_review
Skin::Inflammatory::Panniculitis::Pancreatic_Panniculitis,1,singleton_or_local_review
Skin::Inflammatory::Panniculitis::Subcutaneous_Fat_Necrosis_of_Newborn,1,singleton_or_local_review
Skin::Inflammatory::Papulosquamous::Psoriasis,1,singleton_or_local_review
Skin::Inflammatory::Perforating::Perforating_Dermatoses,1,singleton_or_local_review
Skin::Inflammatory::Photosensitivity::Polymorphous_Light_Eruption,1,singleton_or_local_review
Skin::Inflammatory::Psoriasiform::Nutritional_Deficiency_Dermatitis,1,singleton_or_local_review
Skin::Inflammatory::Psoriasiform::Pityriasis_Rubra_Pilaris,1,singleton_or_local_review
Skin::Inflammatory::Reactive::Erythema_Toxicum_Neonatorum,1,singleton_or_local_review
Skin::Inflammatory::Reactive_Angioendotheliomatosis,1,singleton_or_local_review
Skin::Inflammatory::Scrub_Typhus,1,singleton_or_local_review
Skin::Inflammatory::Spongiotic::Atopic_Dermatitis,1,singleton_or_local_review
Skin::Inflammatory::Spongiotic::Lichen_Simplex_Chronicus,1,singleton_or_local_review
Skin::Inflammatory::Spongiotic::Pityriasis_Rosea,1,singleton_or_local_review
Skin::Inflammatory::Spongiotic::Seborrheic_Dermatitis,1,singleton_or_local_review
Skin::Inflammatory::Spongiotic::Stasis_Dermatitis,1,singleton_or_local_review
Skin::Inflammatory::Vasculitis::Behcet_Disease,1,singleton_or_local_review
Skin::Inflammatory::Vasculitis::Degos_Disease_Malignant_Atrophic_Papulosis,1,singleton_or_local_review
Skin::Inflammatory::Vasculitis::Erythema_Annulare_Centrifugum,1,singleton_or_local_review
Skin::Inflammatory::Vasculitis::Erythema_Elevatum_Diutinum,1,singleton_or_local_review
Skin::Inflammatory::Vasculitis::Gyrate_Erythema,1,singleton_or_local_review
Skin::Inflammatory::Vasculitis::Livedoid_Vasculopathy_Atrophie_Blanche,1,singleton_or_local_review
Skin::Inflammatory::Vasculitis::Pigmented_Purpuric_Dermatosis_Capillaritis,1,singleton_or_local_review
Skin::Inflammatory::Vasculitis::Urticaria_Hives,1,singleton_or_local_review
Skin::Inflammatory::Weber_Christian_Disease,1,singleton_or_local_review
Skin::Neoplastic::Adnexal::Apocrine::Apocrine_Carcinoma,1,singleton_or_local_review
Skin::Neoplastic::Adnexal::Apocrine::Hidradenoma_Papilliferum,1,singleton_or_local_review
Skin::Neoplastic::Adnexal::Apocrine::Syringocystadenoma_Papilliferum,1,singleton_or_local_review
Skin::Neoplastic::Adnexal::Apocrine::Tubular_Apocrine_Adenoma,1,singleton_or_local_review
Skin::Neoplastic::Adnexal::Benign::Eccrine_Syringofibroadenoma,1,singleton_or_local_review
Skin::Neoplastic::Adnexal::Carcinoma::Eccrine_Ductal_Carcinoma,1,singleton_or_local_review
Skin::Neoplastic::Adnexal::Eccrine::Adenoid_Cystic_Carcinoma_Cutaneous,1,singleton_or_local_review
Skin::Neoplastic::Adnexal::Eccrine::Clear_Cell_Hidradenoma,1,singleton_or_local_review
Skin::Neoplastic::Adnexal::Eccrine::Cutaneous_Mixed_Tumor,1,singleton_or_local_review
Skin::Neoplastic::Adnexal::Eccrine::Cylindroma,1,singleton_or_local_review
Skin::Neoplastic::Adnexal::Eccrine::Digital_Papillary_Adenocarcinoma,1,singleton_or_local_review
Skin::Neoplastic::Adnexal::Eccrine::Eccrine_Angiomatous_Hamartoma,1,singleton_or_local_review
Skin::Neoplastic::Adnexal::Eccrine::Endocrine_Mucin_Producing_Sweat_Gland_Carcinoma,1,singleton_or_local_review
Skin::Neoplastic::Adnexal::Eccrine::Hidradenocarcinoma,1,singleton_or_local_review
Skin::Neoplastic::Adnexal::Eccrine::Microcystic_Adnexal_Carcinoma,1,singleton_or_local_review
Skin::Neoplastic::Adnexal::Eccrine::Mucinous_Carcinoma_Primary_Cutaneous,1,singleton_or_local_review
Skin::Neoplastic::Adnexal::Eccrine::Papillary_Eccrine_Adenoma,1,singleton_or_local_review
Skin::Neoplastic::Adnexal::Eccrine::Porocarcinoma,1,singleton_or_local_review
Skin::Neoplastic::Adnexal::Eccrine::Poroma_Eccrine,1,singleton_or_local_review
Skin::Neoplastic::Adnexal::Eccrine::Spiradenoma,1,singleton_or_local_review
Skin::Neoplastic::Adnexal::Eccrine::Syringoma,1,singleton_or_local_review
Skin::Neoplastic::Adnexal::Follicular::Basaloid_Follicular_Hamartoma,1,singleton_or_local_review
Skin::Neoplastic::Adnexal::Follicular::Dilated_Pore_Of_Winer,1,singleton_or_local_review
Skin::Neoplastic::Adnexal::Follicular::Inverted_Follicular_Keratosis,1,singleton_or_local_review
Skin::Neoplastic::Adnexal::Follicular::Pilomatricoma,1,singleton_or_local_review
Skin::Neoplastic::Adnexal::Follicular::Proliferating_Pilar_Cyst,1,singleton_or_local_review
Skin::Neoplastic::Adnexal::Follicular::Trichilemmoma,1,singleton_or_local_review
Skin::Neoplastic::Adnexal::Follicular::Trichoadenoma,1,singleton_or_local_review
Skin::Neoplastic::Adnexal::Follicular::Trichodiscoma,1,singleton_or_local_review
Skin::Neoplastic::Adnexal::Follicular::Trichoepithelioma,1,singleton_or_local_review
Skin::Neoplastic::Adnexal::Follicular::Trichofolliculoma,1,singleton_or_local_review
Skin::Neoplastic::Adnexal::Follicular::Tumor_Of_Follicular_Infundibulum,1,singleton_or_local_review
Skin::Neoplastic::Adnexal::Nail::Onychopapilloma,1,singleton_or_local_review
Skin::Neoplastic::Adnexal::Sebaceous::Sebaceoma,1,singleton_or_local_review
Skin::Neoplastic::Adnexal::Sebaceous::Sebaceous_Adenoma,1,singleton_or_local_review
Skin::Neoplastic::Adnexal::Sebaceous::Sebaceous_Carcinoma,1,singleton_or_local_review
Skin::Neoplastic::Adnexal::Sebaceous::Sebaceous_Hyperplasia,1,singleton_or_local_review
Skin::Neoplastic::Adnexal::Uncertain::Cutaneous_Lymphadenoma,1,singleton_or_local_review
Skin::Neoplastic::Adnexal::Uncertain::NUT_Carcinoma,1,singleton_or_local_review
Skin::Neoplastic::Benign::Benign_Mature_Cystic_Teratoma,1,singleton_or_local_review
Skin::Neoplastic::Epidermal::Benign::Dermatosis_Papulosa_Nigra,1,singleton_or_local_review
Skin::Neoplastic::Epidermal::Benign::Epidermolytic_Acanthoma,1,singleton_or_local_review
Skin::Neoplastic::Epidermal::Benign::Large_Cell_Acanthoma,1,singleton_or_local_review
Skin::Neoplastic::Epidermal::Benign::Melanoacanthoma,1,singleton_or_local_review
Skin::Neoplastic::Epidermal::Benign::Squamous_Papilloma,1,singleton_or_local_review
Skin::Neoplastic::Epidermal::Benign::Warty_Dyskeratoma,1,singleton_or_local_review
Skin::Neoplastic::Epidermal::Benign::Xanthoma,1,singleton_or_local_review
Skin::Neoplastic::Epidermal::Malignant::Basal_Cell_Carcinoma_Adnexal_Differentiation,1,singleton_or_local_review
Skin::Neoplastic::Epidermal::Malignant::Common_Terms_And_Patterns,1,singleton_or_local_review
Skin::Neoplastic::Epidermal::Malignant::Keratoacanthoma,1,singleton_or_local_review
Skin::Neoplastic::Epidermal::Malignant::Lymphoepithelioma_Like_Carcinoma,1,singleton_or_local_review
Skin::Neoplastic::Epidermal::Malignant::Mucoepidermoid_Carcinoma,1,singleton_or_local_review
Skin::Neoplastic::Epidermal::Malignant::Squamous_Cell_Carcinoma_Verrucous,1,singleton_or_local_review
Skin::Neoplastic::Epidermal::Malignant::Staging_Nonmelanocytic_Carcinoma,1,singleton_or_local_review
Skin::Neoplastic::Epidermal::Precursor::Actinic_Keratosis_Hypertrophic,1,singleton_or_local_review
Skin::Neoplastic::Epidermal::Precursor::Arsenical_Keratosis,1,singleton_or_local_review
Skin::Neoplastic::Epidermal::Precursor::Bowenoid_Papulosis,1,singleton_or_local_review
Skin::Neoplastic::Epithelial::Benign::Seborrheic_Keratosis,1,singleton_or_local_review
Skin::Neoplastic::Hematolymphoid::ALK_Positive_Histiocytosis,1,singleton_or_local_review
Skin::Neoplastic::Hematolymphoid::Aggressive_Epidermotropic_CD8_Positive_T_Cell_Lymphoma,1,singleton_or_local_review
Skin::Neoplastic::Hematolymphoid::Blastic_Plasmacytoid_Dendritic_Cell_Neoplasm,1,singleton_or_local_review
Skin::Neoplastic::Hematolymphoid::Chronic_Lymphocytic_Leukemia_Cutaneous,1,singleton_or_local_review
Skin::Neoplastic::Hematolymphoid::Cutaneous_Gamma_Delta_T_Cell_Lymphoma,1,singleton_or_local_review
Skin::Neoplastic::Hematolymphoid::EBV_Positive_Mucocutaneous_Ulcer,1,singleton_or_local_review
Skin::Neoplastic::Hematolymphoid::Intravascular_Large_B_Cell_Lymphoma,1,singleton_or_local_review
Skin::Neoplastic::Hematolymphoid::Langerhans_Cell_Histiocytosis,1,singleton_or_local_review
Skin::Neoplastic::Hematolymphoid::Leukemia_Cutis,1,singleton_or_local_review
Skin::Neoplastic::Hematolymphoid::Lymphomatoid_Papulosis,1,singleton_or_local_review
Skin::Neoplastic::Hematolymphoid::Multicentric_Reticulohistiocytosis,1,singleton_or_local_review
Skin::Neoplastic::Hematolymphoid::Primary_Cutaneous_Anaplastic_Large_Cell_Lymphoma,1,singleton_or_local_review
Skin::Neoplastic::Hematolymphoid::Primary_Cutaneous_CD4_Positive_Small_Medium_T_Cell_Lymphoproliferative_Disorder,1,singleton_or_local_review
Skin::Neoplastic::Hematolymphoid::Primary_Cutaneous_Marginal_Zone_Lymphoma,1,singleton_or_local_review
Skin::Neoplastic::Hematolymphoid::Primary_Cutaneous_Peripheral_T_Cell_Lymphoma_NOS,1,singleton_or_local_review
Skin::Neoplastic::Hematolymphoid::Pseudolymphoma_Cutaneous_Lymphoid_Hyperplasia,1,singleton_or_local_review
Skin::Neoplastic::Hematolymphoid::Rosai_Dorfman_Disease,1,singleton_or_local_review
Skin::Neoplastic::Hematolymphoid::Sezary_Syndrome,1,singleton_or_local_review
Skin::Neoplastic::Hematolymphoid::Subcutaneous_Panniculitis_Like_T_Cell_Lymphoma,1,singleton_or_local_review
Skin::Neoplastic::Malignant::Metastatic,1,singleton_or_local_review
Skin::Neoplastic::Malignant::Polymorphous_Sweat_Gland_Carcinoma,1,singleton_or_local_review
Skin::Neoplastic::Melanocytic::Atypical_Melanocytic_Proliferation,1,singleton_or_local_review
Skin::Neoplastic::Melanocytic::Benign::Acral_Nevus,1,singleton_or_local_review
Skin::Neoplastic::Melanocytic::Benign::BAP1_Inactivated_Melanocytoma,1,singleton_or_local_review
Skin::Neoplastic::Melanocytic::Benign::Blue_Nevus,1,singleton_or_local_review
Skin::Neoplastic::Melanocytic::Benign::Blue_Nevus_Cellular,1,singleton_or_local_review
Skin::Neoplastic::Melanocytic::Benign::Combined_Nevus,1,singleton_or_local_review
Skin::Neoplastic::Melanocytic::Benign::Common_Acquired_Nevus_NOS,1,singleton_or_local_review
Skin::Neoplastic::Melanocytic::Benign::Deep_Penetrating_Nevus,1,singleton_or_local_review
Skin::Neoplastic::Melanocytic::Benign::Dermal_Melanocytosis,1,singleton_or_local_review
Skin::Neoplastic::Melanocytic::Benign::Dysplastic_Nevus,1,singleton_or_local_review
Skin::Neoplastic::Melanocytic::Benign::Ephelis_Freckle,1,singleton_or_local_review
Skin::Neoplastic::Melanocytic::Benign::Genital_Nevus,1,singleton_or_local_review
Skin::Neoplastic::Melanocytic::Benign::Halo_Nevus,1,singleton_or_local_review
Skin::Neoplastic::Melanocytic::Benign::Inflamed_Juvenile_Conjunctival_Nevus,1,singleton_or_local_review
Skin::Neoplastic::Melanocytic::Benign::Melanotic_Macule_Labial_Oral,1,singleton_or_local_review
Skin::Neoplastic::Melanocytic::Benign::Meyerson_Nevus,1,singleton_or_local_review
Skin::Neoplastic::Melanocytic::Benign::Nevus_Spilus,1,singleton_or_local_review
Skin::Neoplastic::Melanocytic::Benign::Nevus_With_Features_Of_Recurrence_And_Traumatized_Nevus,1,singleton_or_local_review
Skin::Neoplastic::Melanocytic::Benign::Pigmented_Spindle_Cell_Nevus_Reed,1,singleton_or_local_review
Skin::Neoplastic::Melanocytic::Benign::Proliferative_Nodule_in_Congenital_Nevus,1,singleton_or_local_review
Skin::Neoplastic::Melanocytic::Benign::Recurrent_Nevus_Pseudomelanoma,1,singleton_or_local_review
Skin::Neoplastic::Melanocytic::Benign::Special_Site_Nevus,1,singleton_or_local_review
Skin::Neoplastic::Melanocytic::Benign::Spitz_Nevus,1,singleton_or_local_review
Skin::Neoplastic::Melanocytic::Benign::White_Sponge_Nevus,1,singleton_or_local_review
Skin::Neoplastic::Melanocytic::CRTC1_TRIM11_Cutaneous_Tumor,1,singleton_or_local_review
Skin::Neoplastic::Melanocytic::Intermediate::Atypical_Spitz_Tumor,1,singleton_or_local_review
Skin::Neoplastic::Melanocytic::Malignant::Features_of_Blue_Nevus_like_melanoma_and_desmoplastic_features,1,singleton_or_local_review
Skin::Neoplastic::Melanocytic::Malignant::Melanocytic_Tumors_Melanoma,1,singleton_or_local_review
Skin::Neoplastic::Melanocytic::Malignant::Melanoma::Lentigo_Maligna,1,singleton_or_local_review
Skin::Neoplastic::Melanocytic::Malignant::Melanoma_Acral_Lentiginous,1,singleton_or_local_review
Skin::Neoplastic::Melanocytic::Malignant::Melanoma_Conjunctival,1,singleton_or_local_review
Skin::Neoplastic::Melanocytic::Malignant::Melanoma_Invasive_Overview_NOS,1,singleton_or_local_review
Skin::Neoplastic::Melanocytic::Malignant::Melanoma_Nevoid,1,singleton_or_local_review
Skin::Neoplastic::Melanocytic::Malignant::Melanoma_Nodular,1,singleton_or_local_review
Skin::Neoplastic::Melanocytic::Malignant::Melanoma_Oral,1,singleton_or_local_review
Skin::Neoplastic::Melanocytic::Malignant::Melanoma_Superficial_Spreading,1,singleton_or_local_review
Skin::Neoplastic::Melanocytic::Malignant::Melanomas_With_Unusual_Features_Balloon_Cell_Verrucous_Signet_Ring_Cell_Small_Cell_Etc,1,singleton_or_local_review
Skin::Neoplastic::Melanocytic::Malignant::Metastatic_Melanoma,1,singleton_or_local_review
Skin::Neoplastic::Melanocytic::Malignant::Pigmented_Epithelioid_Melanocytoma_Animal_Type,1,singleton_or_local_review
Skin::Neoplastic::Melanocytic::Precursor::Conjunctival_Melanocytic_Intraepithelial_Lesions_Cmil,1,singleton_or_local_review
Skin::Neoplastic::Melanocytic::WHO_Classification_For_Pediatric_Melanocytic_Neoplasms,1,singleton_or_local_review
Skin::Neoplastic::Precursor::Penile_Intraepithelial_Neoplasia,1,singleton_or_local_review
Skin::Neoplastic::Soft_Tissue::Adipocytic::Nevus_Lipomatosus_Superficialis,1,singleton_or_local_review
Skin::Neoplastic::Soft_Tissue::Benign::Fasciitis,1,singleton_or_local_review
Skin::Neoplastic::Soft_Tissue::Benign::Fibroma,1,singleton_or_local_review
Skin::Neoplastic::Soft_Tissue::Fibrous::Acquired_Digital_Fibrokeratoma,1,singleton_or_local_review
Skin::Neoplastic::Soft_Tissue::Fibrous::Aneurysmal_Fibrous_Histiocytoma,1,singleton_or_local_review
Skin::Neoplastic::Soft_Tissue::Fibrous::Angiofibroma_Fibrous_Papule,1,singleton_or_local_review
Skin::Neoplastic::Soft_Tissue::Fibrous::Angiomatoid_Fibrous_Histiocytoma,1,singleton_or_local_review
Skin::Neoplastic::Soft_Tissue::Fibrous::Atypical_Fibroxanthoma,1,singleton_or_local_review
Skin::Neoplastic::Soft_Tissue::Fibrous::Calcifying_Aponeurotic_Fibroma,1,singleton_or_local_review
Skin::Neoplastic::Soft_Tissue::Fibrous::Dermatomyofibroma,1,singleton_or_local_review
Skin::Neoplastic::Soft_Tissue::Fibrous::Desmoplastic_Fibroblastoma,1,singleton_or_local_review
Skin::Neoplastic::Soft_Tissue::Fibrous::EWSR1_SMAD3_Rearranged_Fibroblastic_Tumor,1,singleton_or_local_review
Skin::Neoplastic::Soft_Tissue::Fibrous::Epithelioid_Fibrous_Histiocytoma,1,singleton_or_local_review
Skin::Neoplastic::Soft_Tissue::Fibrous::Fibroepithelial_Polyps_Acrochordons,1,singleton_or_local_review
Skin::Neoplastic::Soft_Tissue::Fibrous::Fibromatosis,1,singleton_or_local_review
Skin::Neoplastic::Soft_Tissue::Fibrous::Gardner_Fibroma,1,singleton_or_local_review
Skin::Neoplastic::Soft_Tissue::Fibrous::Low_Grade_Fibromyxoid_Sarcoma,1,singleton_or_local_review
Skin::Neoplastic::Soft_Tissue::Fibrous::Multinucleate_Cell_Angiohistiocytoma,1,singleton_or_local_review
Skin::Neoplastic::Soft_Tissue::Fibrous::Myxoinflammatory_Fibroblastic_Sarcoma,1,singleton_or_local_review
Skin::Neoplastic::Soft_Tissue::Fibrous::Nuchal_Type_Fibroma,1,singleton_or_local_review
Skin::Neoplastic::Soft_Tissue::Fibrous::Plexiform_Fibrohistiocytic_Tumor,1,singleton_or_local_review
Skin::Neoplastic::Soft_Tissue::Fibrous::Sclerotic_Fibroma,1,singleton_or_local_review
Skin::Neoplastic::Soft_Tissue::Fibrous::Superficial_Acral_Fibromyxoma,1,singleton_or_local_review
Skin::Neoplastic::Soft_Tissue::Fibrous::Superficial_CD34_Positive_Fibroblastic_Tumor,1,singleton_or_local_review
Skin::Neoplastic::Soft_Tissue::Muscular::Angioleiomyoma,1,singleton_or_local_review
Skin::Neoplastic::Soft_Tissue::Muscular::Atypical_Intradermal_Smooth_Muscle_Neoplasm,1,singleton_or_local_review
Skin::Neoplastic::Soft_Tissue::Neural::Dermal_Nerve_Sheath_Myxoma,1,singleton_or_local_review
Skin::Neoplastic::Soft_Tissue::Neural::Malignant_Peripheral_Nerve_Sheath_Tumor,1,singleton_or_local_review
Skin::Neoplastic::Soft_Tissue::Neural::Palisaded_Encapsulated_Neuroma,1,singleton_or_local_review
Skin::Neoplastic::Soft_Tissue::Neural::Perineurioma,1,singleton_or_local_review
Skin::Neoplastic::Soft_Tissue::Neural::Schwannoma,1,singleton_or_local_review
Skin::Neoplastic::Soft_Tissue::Uncertain::NTRK_Rearranged_Spindle_Cell_Neoplasm,1,singleton_or_local_review
Skin::Neoplastic::Soft_Tissue::Vascular::Acquired_Elastotic_Hemangioma,1,singleton_or_local_review
Skin::Neoplastic::Soft_Tissue::Vascular::Angiokeratoma,1,singleton_or_local_review
Skin::Neoplastic::Soft_Tissue::Vascular::Arteriovenous_Malformation,1,singleton_or_local_review
Skin::Neoplastic::Soft_Tissue::Vascular::Atypical_Vascular_Lesion,1,singleton_or_local_review
Skin::Neoplastic::Soft_Tissue::Vascular::Benign::Leiomyoma,1,singleton_or_local_review
Skin::Neoplastic::Soft_Tissue::Vascular::Composite_Hemangioendothelioma,1,singleton_or_local_review
Skin::Neoplastic::Soft_Tissue::Vascular::Cutaneous_Epithelioid_Angiomatous_Nodule,1,singleton_or_local_review
Skin::Neoplastic::Soft_Tissue::Vascular::Dabska_Tumor_Papillary_Intralymphatic_Angioendothelioma,1,singleton_or_local_review
Skin::Neoplastic::Soft_Tissue::Vascular::Diffuse_Dermal_Angiomatosis,1,singleton_or_local_review
Skin::Neoplastic::Soft_Tissue::Vascular::Epithelioid_Hemangioendothelioma,1,singleton_or_local_review
Skin::Neoplastic::Soft_Tissue::Vascular::Glomus_Tumor,1,singleton_or_local_review
Skin::Neoplastic::Soft_Tissue::Vascular::Hemangioma_And_Variants,1,singleton_or_local_review
Skin::Neoplastic::Soft_Tissue::Vascular::Intravascular_Papillary_Endothelial_Hyperplasia,1,singleton_or_local_review
Skin::Neoplastic::Soft_Tissue::Vascular::Kaposi_Sarcoma,1,singleton_or_local_review
Skin::Neoplastic::Soft_Tissue::Vascular::Kaposiform_Hemangioendothelioma,1,singleton_or_local_review
Skin::Neoplastic::Soft_Tissue::Vascular::Lobular_Capillary_Hemangioma_Pyogenic_Granuloma,1,singleton_or_local_review
Skin::Neoplastic::Soft_Tissue::Vascular::Myopericytoma,1,singleton_or_local_review
Skin::Neoplastic::Soft_Tissue::Vascular::Retiform_Hemangioendothelioma,1,singleton_or_local_review
Skin::Neoplastic::Soft_Tissue::Vascular::Tufted_Angioma,1,singleton_or_local_review
Skin::Neoplastic::Soft_Tissue::Vascular::Venous_Hemangioma,1,singleton_or_local_review
Skin::Neoplastic::Soft_Tissue::Vascular::Venous_Lake,1,singleton_or_local_review
Skin::Neoplastic::Uncertain::Epithelioid_Sarcoma,1,singleton_or_local_review
Skin::Neoplastic::Uncertain::Myoepithelioma_of_Soft_Tissue,1,singleton_or_local_review
Skin::Neoplastic::Uncertain::PEComa,1,singleton_or_local_review
Skin::Normal_Histology::Hair,1,singleton_or_local_review
Skin::Normal_Histology::Histology,1,singleton_or_local_review
Thorax_Mediastinum::Lung::Inflammatory::Airways::Bronchiolitis_Obliterans_Organizing_Pneumonia_BOOP,1,singleton_or_local_review
Thorax_Mediastinum::Lung::Inflammatory::Airways::Respiratory_Bronchiolitis,1,singleton_or_local_review
Thorax_Mediastinum::Lung::Inflammatory::Airways::Small_Airway_Disease_Bronchiolocentric_Interstitial_Lung_Disease,1,singleton_or_local_review
Thorax_Mediastinum::Lung::Inflammatory::Eosinophilic::Eosinophilic_Pneumonia,1,singleton_or_local_review
Thorax_Mediastinum::Lung::Inflammatory::Granulomatous::Sarcoidosis,1,singleton_or_local_review
Thorax_Mediastinum::Lung::Inflammatory::Immune::Hypersensitivity_Pneumonitis,1,singleton_or_local_review
Thorax_Mediastinum::Lung::Inflammatory::Interstitial::Desquamative_Interstitial_Pneumonia_DIP,1,singleton_or_local_review
Thorax_Mediastinum::Lung::Inflammatory::Interstitial::Nonspecific_Interstitial_Pneumonia_NSIP,1,singleton_or_local_review
Thorax_Mediastinum::Lung::Inflammatory::Interstitial::Usual_Interstitial_Pneumonia_UIP,1,singleton_or_local_review
Thorax_Mediastinum::Lung::Inflammatory::Vascular::Pulmonary_Hypertension,1,singleton_or_local_review
Thorax_Mediastinum::Lung::Inflammatory::Vasculitis::Granulomatosis_with_Polyangiitis_GPA,1,singleton_or_local_review
Thorax_Mediastinum::Lung::Neoplastic::Epithelial::Benign::Sclerosing_Pneumocytoma,1,singleton_or_local_review
Thorax_Mediastinum::Lung::Neoplastic::Epithelial::Malignant::Adenocarcinoma::Invasive_Mucinous_Adenocarcinoma,1,singleton_or_local_review
Thorax_Mediastinum::Lung::Neoplastic::Epithelial::Malignant::Adenocarcinoma::Minimally_Invasive_Adenocarcinoma_MIA,1,singleton_or_local_review
Thorax_Mediastinum::Lung::Neoplastic::Epithelial::Malignant::Sarcomatoid::Pleomorphic_Carcinoma,1,singleton_or_local_review
Thorax_Mediastinum::Lung::Neoplastic::Epithelial::Malignant::Sarcomatoid::Pulmonary_Blastoma,1,singleton_or_local_review
Thorax_Mediastinum::Lung::Neoplastic::Epithelial::Precursor::Atypical_Adenomatous_Hyperplasia_AAH,1,singleton_or_local_review
Thorax_Mediastinum::Lung::Neoplastic::Epithelial::Salivary_Gland_Type::Adenoid_Cystic_Carcinoma,1,singleton_or_local_review
Thorax_Mediastinum::Lung::Neoplastic::Epithelial::Salivary_Gland_Type::Epithelial_Myoepithelial_Carcinoma,1,singleton_or_local_review
Thorax_Mediastinum::Lung::Neoplastic::Epithelial::Salivary_Gland_Type::Pleomorphic_Adenoma,1,singleton_or_local_review
Thorax_Mediastinum::Lung::Neoplastic::Hematolymphoid::Intravascular_Large_B_Cell_Lymphoma,1,singleton_or_local_review
Thorax_Mediastinum::Lung::Neoplastic::Histiocytic::Pulmonary_Erdheim_Chester_Disease,1,singleton_or_local_review
Thorax_Mediastinum::Lung::Neoplastic::Histiocytic::Pulmonary_Langerhans_Cell_Histiocytosis,1,singleton_or_local_review
Thorax_Mediastinum::Lung::Neoplastic::Mesenchymal::Diffuse_Pulmonary_Lymphangiomatosis,1,singleton_or_local_review
Thorax_Mediastinum::Lung::Neoplastic::Mesenchymal::Pleuropulmonary_Blastoma,1,singleton_or_local_review
Thorax_Mediastinum::Lung::Neoplastic::Mesenchymal::Pulmonary_Artery_Intimal_Sarcoma,1,singleton_or_local_review
Thorax_Mediastinum::Lung::Neoplastic::Mesenchymal::Pulmonary_Hamartoma,1,singleton_or_local_review
Thorax_Mediastinum::Lung::Neoplastic::Neuroendocrine::Well_Differentiated::Carcinoid_Tumorlet,1,singleton_or_local_review
Thorax_Mediastinum::Mediastinum::Neoplastic::Hematolymphoid::Primary_Mediastinal_Large_B_Cell_Lymphoma,1,singleton_or_local_review
Thorax_Mediastinum::Mesenchymal::Adipocytic::Lipoma,1,singleton_or_local_review
Thorax_Mediastinum::Mesenchymal::Adipocytic::Thymolipoma,1,singleton_or_local_review
Thorax_Mediastinum::Mesenchymal::Fibroblastic_Myofibroblastic::Inflammatory_Myofibroblastic_Tumor,1,singleton_or_local_review
Thorax_Mediastinum::Mesenchymal::Neural::Paraganglioma,1,singleton_or_local_review
Thorax_Mediastinum::Mesenchymal::Vascular::Epithelioid_Hemangioendothelioma,1,singleton_or_local_review
Thorax_Mediastinum::Mesenchymal::Vascular::Hemangioma,1,singleton_or_local_review
Thorax_Mediastinum::Pleura::Inflammatory::Pleuritis_and_Pleural_Plaques,1,singleton_or_local_review
Thorax_Mediastinum::Pleura::Neoplastic::Mesothelial::Benign::Adenomatoid_Tumor,1,singleton_or_local_review
Thorax_Mediastinum::Pleura::Neoplastic::Mesothelial::Malignant::Diffuse_Pleural_Mesothelioma,1,singleton_or_local_review
Thorax_Mediastinum::Pleura::Neoplastic::Mesothelial::Malignant::Localized_Pleural_Mesothelioma,1,singleton_or_local_review
Thorax_Mediastinum::Thorax::Neoplastic::Epithelial::NUT_Carcinoma,1,singleton_or_local_review
Thorax_Mediastinum::Thymus::Congenital_Structural::Hyperplasia::Thymic_Hyperplasia,1,singleton_or_local_review
Thorax_Mediastinum::Thymus::Neoplastic::Epithelial::Carcinoma::Mucoepidermoid_Carcinoma,1,singleton_or_local_review
Thorax_Mediastinum::Thymus::Neoplastic::Neuroendocrine::Poorly_Differentiated::Large_Cell_Neuroendocrine_Carcinoma,1,singleton_or_local_review
Thorax_Mediastinum::Thymus::Neoplastic::Neuroendocrine::Poorly_Differentiated::Small_Cell_Carcinoma,1,singleton_or_local_review
UNRESOLVED_ROOT::Clinical_Chemistry::Concept::Classification::Creatine_Kinase,1,singleton_or_local_review
UNRESOLVED_ROOT::Clinical_Chemistry::Concept::Classification::Hyperlipidemia,1,singleton_or_local_review
UNRESOLVED_ROOT::Clinical_Chemistry::Concept::Classification::Sensitivity_And_Specificity,1,singleton_or_local_review
UNRESOLVED_ROOT::Clinical_Chemistry::Concept::Classification::Vitamin_B12,1,singleton_or_local_review
UNRESOLVED_ROOT::Clinical_Chemistry::Concept::IHC_Markers::Anticardiolipin_Antibodies,1,singleton_or_local_review
UNRESOLVED_ROOT::Clinical_Chemistry::Concept::IHC_Markers::CK_Mb_Creatine_Kinase_Isoenzyme_Mb,1,singleton_or_local_review
UNRESOLVED_ROOT::Clinical_Chemistry::Concept::IHC_Markers::Immunofluorescence_For_Ana_And_Anca,1,singleton_or_local_review
UNRESOLVED_ROOT::Clinical_Chemistry::Concept::IHC_Markers::Sepsis_Biomarkers,1,singleton_or_local_review
UNRESOLVED_ROOT::Clinical_Chemistry::Concept::Laboratory_Operations::Assay_Interferences,1,singleton_or_local_review
UNRESOLVED_ROOT::Clinical_Chemistry::Concept::Laboratory_Operations::Lactate_Dehydrogenase,1,singleton_or_local_review
UNRESOLVED_ROOT::Clinical_Chemistry::Concept::Laboratory_Operations::Validating_A_New_Quantitative_Assay,1,singleton_or_local_review
UNRESOLVED_ROOT::Clinical_Chemistry::Concept::Management_Workup::Aspartate_Aminotransferase,1,singleton_or_local_review
UNRESOLVED_ROOT::Clinical_Chemistry::Concept::Management_Workup::Drugs_Of_Abuse,1,singleton_or_local_review
UNRESOLVED_ROOT::Clinical_Chemistry::Concept::Management_Workup::Newborn_Screening,1,singleton_or_local_review
UNRESOLVED_ROOT::Clinical_Chemistry::Concept::Management_Workup::Utilization_Management_Strategies,1,singleton_or_local_review
UNRESOLVED_ROOT::Clinical_Chemistry::Concept::Molecular_Genetics::Folate,1,singleton_or_local_review
UNRESOLVED_ROOT::Clinical_Chemistry::Concept::Molecular_Genetics::Syphilis,1,singleton_or_local_review
UNRESOLVED_ROOT::Clinical_Chemistry::Concept::Molecular_Genetics::Validation_Of_Reference_Intervals_And_Reportable_Range,1,singleton_or_local_review
UNRESOLVED_ROOT::Clinical_Chemistry::Concept::Other::Electrolytes,1,singleton_or_local_review
UNRESOLVED_ROOT::Clinical_Chemistry::Concept::Procedure_Specimen::Interference_In_Protein_Electrophoresis,1,singleton_or_local_review
UNRESOLVED_ROOT::Clinical_Chemistry::Concept::Procedure_Specimen::Lipid_Panel,1,singleton_or_local_review
UNRESOLVED_ROOT::Clinical_Chemistry::Concept::Procedure_Specimen::Urine_Crystals_And_Microscopy,1,singleton_or_local_review
UNRESOLVED_ROOT::Clinical_Chemistry::Depositional_Metabolic::Blood_Gas_Testing,1,singleton_or_local_review
UNRESOLVED_ROOT::Clinical_Chemistry::Depositional_Metabolic::Transferrin,1,singleton_or_local_review
UNRESOLVED_ROOT::Clinical_Chemistry::Infectious::Vitamin_D,1,singleton_or_local_review
UNRESOLVED_ROOT::Clinical_Chemistry::Inflammatory::Aldosterone,1,singleton_or_local_review
UNRESOLVED_ROOT::Clinical_Chemistry::Inflammatory::Hepatitis_B_Testing,1,singleton_or_local_review
UNRESOLVED_ROOT::Clinical_Chemistry::Inflammatory::Hepatitis_C_Testing,1,singleton_or_local_review
UNRESOLVED_ROOT::Clinical_Chemistry::Inflammatory::Rheumatoid_Arthritis,1,singleton_or_local_review
UNRESOLVED_ROOT::Clinical_Chemistry::Inflammatory::Systemic_Lupus_Erythematosus_Sle,1,singleton_or_local_review
UNRESOLVED_ROOT::Clinical_Chemistry::Neoplastic::Calcitonin,1,singleton_or_local_review
UNRESOLVED_ROOT::Clinical_Chemistry::Neoplastic::Malignant::Cardiac_Troponins,1,singleton_or_local_review
UNRESOLVED_ROOT::Clinical_Chemistry::Neoplastic::Malignant::Oncocytic,1,singleton_or_local_review
UNRESOLVED_ROOT::Clinical_Chemistry::Neoplastic::Malignant::Serum_Free_Light_Chain_Test,1,singleton_or_local_review
UNRESOLVED_ROOT::Coagulation::Concept::Classification::Acquired_Von_Willebrand_Disease_Avwd,1,singleton_or_local_review
UNRESOLVED_ROOT::Coagulation::Concept::Classification::Factor_Ii_Prothrombin_Deficiency,1,singleton_or_local_review
UNRESOLVED_ROOT::Coagulation::Concept::Classification::Factor_V_Deficiency,1,singleton_or_local_review
UNRESOLVED_ROOT::Coagulation::Concept::Classification::Factor_X_Deficiency,1,singleton_or_local_review
UNRESOLVED_ROOT::Coagulation::Concept::Classification::Factor_Xiii_Deficiency,1,singleton_or_local_review
UNRESOLVED_ROOT::Coagulation::Concept::IHC_Markers::D_Dimer_Dimerized_Plasmin_Fragment_D,1,singleton_or_local_review
UNRESOLVED_ROOT::Coagulation::Concept::Laboratory_Operations::Antiphospholipid_Syndrome_Aps_Testing,1,singleton_or_local_review
UNRESOLVED_ROOT::Coagulation::Concept::Laboratory_Operations::Antiplasmin_Assay,1,singleton_or_local_review
UNRESOLVED_ROOT::Coagulation::Concept::Laboratory_Operations::Antithrombin_Assay,1,singleton_or_local_review
UNRESOLVED_ROOT::Coagulation::Concept::Laboratory_Operations::Cryoglobulin_Cryofibrinogen_Assays,1,singleton_or_local_review
UNRESOLVED_ROOT::Coagulation::Concept::Laboratory_Operations::Factor_Xa_Assay,1,singleton_or_local_review
UNRESOLVED_ROOT::Coagulation::Concept::Laboratory_Operations::Tpa_Assay,1,singleton_or_local_review
UNRESOLVED_ROOT::Coagulation::Concept::Laboratory_Operations::Viscoelastic_Hemostatic_Assays,1,singleton_or_local_review
UNRESOLVED_ROOT::Coagulation::Concept::Management_Workup::4_Factor_PCC,1,singleton_or_local_review
UNRESOLVED_ROOT::Coagulation::Concept::Management_Workup::Algorithm_For_Workup_Of_Hereditary_Bleeding_Disorders,1,singleton_or_local_review
UNRESOLVED_ROOT::Coagulation::Concept::Management_Workup::Inhibitors,1,singleton_or_local_review
UNRESOLVED_ROOT::Coagulation::Concept::Management_Workup::Protein_C_Deficiency,1,singleton_or_local_review
UNRESOLVED_ROOT::Coagulation::Concept::Management_Workup::Risk_Management,1,singleton_or_local_review
UNRESOLVED_ROOT::Coagulation::Concept::Molecular_Genetics::Antithrombin_Deficiency,1,singleton_or_local_review
UNRESOLVED_ROOT::Coagulation::Concept::Molecular_Genetics::Dysfibrinogenemia,1,singleton_or_local_review
UNRESOLVED_ROOT::Coagulation::Concept::Molecular_Genetics::Ecarin_Clotting_Time,1,singleton_or_local_review
UNRESOLVED_ROOT::Coagulation::Concept::Molecular_Genetics::Elevated_Coagulation_Factor_Levels_In_Plasma,1,singleton_or_local_review
UNRESOLVED_ROOT::Coagulation::Concept::Molecular_Genetics::Factor_Xi_Deficiency,1,singleton_or_local_review
UNRESOLVED_ROOT::Coagulation::Concept::Molecular_Genetics::Heparin_Cofactor_Ii_Deficiency,1,singleton_or_local_review
UNRESOLVED_ROOT::Coagulation::Concept::Molecular_Genetics::Hereditary_Bleeding_Disorders_General,1,singleton_or_local_review
UNRESOLVED_ROOT::Coagulation::Concept::Molecular_Genetics::Hereditary_Thrombophilia_General,1,singleton_or_local_review
UNRESOLVED_ROOT::Coagulation::Concept::Molecular_Genetics::High_Molecular_Weight_Kininogen_Deficiency_Assay,1,singleton_or_local_review
UNRESOLVED_ROOT::Coagulation::Concept::Molecular_Genetics::Low_Molecular_Weight_Heparin_Lmwh,1,singleton_or_local_review
UNRESOLVED_ROOT::Coagulation::Concept::Molecular_Genetics::Platelet_Aggregation_Studies,1,singleton_or_local_review
UNRESOLVED_ROOT::Coagulation::Concept::Molecular_Genetics::Protein_S_Deficiency,1,singleton_or_local_review
UNRESOLVED_ROOT::Coagulation::Concept::Molecular_Genetics::Prothrombin_Gene_Mutation_G20210A_Hyperprothrombinemia,1,singleton_or_local_review
UNRESOLVED_ROOT::Coagulation::Concept::Other::Activated_Protein_C_Resistance_Factor_V_Leiden,1,singleton_or_local_review
UNRESOLVED_ROOT::Coagulation::Concept::Other::Bleeding_Time_And_Clot_Retraction,1,singleton_or_local_review
UNRESOLVED_ROOT::Coagulation::Concept::Other::Factor_Ix_Deficiency_Hemophilia_B,1,singleton_or_local_review
UNRESOLVED_ROOT::Coagulation::Concept::Other::Factor_Vii_Deficiency,1,singleton_or_local_review
UNRESOLVED_ROOT::Coagulation::Concept::Other::Factor_Viii_Deficiency_Hemophilia_A,1,singleton_or_local_review
UNRESOLVED_ROOT::Coagulation::Concept::Other::Factor_Xii_Deficiency,1,singleton_or_local_review
UNRESOLVED_ROOT::Coagulation::Concept::Other::Heparin_Induced_Thrombocytopenia,1,singleton_or_local_review
UNRESOLVED_ROOT::Coagulation::Concept::Procedure_Specimen::Plasminogen_Activator_Antigen_1,1,singleton_or_local_review
UNRESOLVED_ROOT::Coagulation::Concept::Staging::Hereditary_Bleeding_Disorders_Testing,1,singleton_or_local_review
UNRESOLVED_ROOT::Coagulation::Depositional_Metabolic::Amyloidosis,1,singleton_or_local_review
UNRESOLVED_ROOT::Coagulation::Depositional_Metabolic::Physiology,1,singleton_or_local_review
UNRESOLVED_ROOT::Coagulation::Neoplastic::Malignant::Hypercoagulation_Panel,1,singleton_or_local_review
UNRESOLVED_ROOT::Coagulation::Neoplastic::Malignant::Prekallikrein_Deficiency,1,singleton_or_local_review
UNRESOLVED_ROOT::Coagulation::Normal_Histology::Mixing_Studies,1,singleton_or_local_review
UNRESOLVED_ROOT::Colon::Infectious::Cutibacterium_Acnes,1,singleton_or_local_review
UNRESOLVED_ROOT::Cytopathology::Concept::Classification::Frozen_Section_Overview,1,singleton_or_local_review
UNRESOLVED_ROOT::Cytopathology::Concept::Classification::Ultrasound_Terminology,1,singleton_or_local_review
UNRESOLVED_ROOT::Cytopathology::Concept::Laboratory_Operations::Automation,1,singleton_or_local_review
UNRESOLVED_ROOT::Cytopathology::Concept::Molecular_Genetics::International_System_For_Reporting_Serous_Fluid_Cytopathology,1,singleton_or_local_review
UNRESOLVED_ROOT::Cytopathology::Concept::Molecular_Genetics::Molecular_Cytopathology,1,singleton_or_local_review
UNRESOLVED_ROOT::Cytopathology::Concept::Molecular_Genetics::WHO_Reporting_System_For_Lung_Cytopathology,1,singleton_or_local_review
UNRESOLVED_ROOT::Cytopathology::Infectious::Ancillary_Techniques,1,singleton_or_local_review
UNRESOLVED_ROOT::Esophagus::Concept::Classification::WHO_Classification,1,singleton_or_local_review
UNRESOLVED_ROOT::Eye::Concept::Laboratory_Operations::Pterygium,1,singleton_or_local_review
UNRESOLVED_ROOT::Eye::Concept::Laboratory_Operations::Xanthelasma,1,singleton_or_local_review
UNRESOLVED_ROOT::Eye::Concept::Management_Workup::Retinopathy_Of_Prematurity,1,singleton_or_local_review
UNRESOLVED_ROOT::Eye::Concept::Molecular_Genetics::Detachment_Of_Retina,1,singleton_or_local_review
UNRESOLVED_ROOT::Eye::Concept::Molecular_Genetics::Keratoconus,1,singleton_or_local_review
UNRESOLVED_ROOT::Eye::Concept::Molecular_Genetics::Keratomalacia,1,singleton_or_local_review
UNRESOLVED_ROOT::Eye::Concept::Molecular_Genetics::Silica_Granuloma,1,singleton_or_local_review
UNRESOLVED_ROOT::Eye::Concept::Other::Diabetic_Retinopathy,1,singleton_or_local_review
UNRESOLVED_ROOT::Eye::Concept::Other::Necrobiotic_Xanthogranuloma_With_Paraproteinemia,1,singleton_or_local_review
UNRESOLVED_ROOT::Eye::Concept::Other::Nonspecific_Responses_Cornea,1,singleton_or_local_review
UNRESOLVED_ROOT::Eye::Concept::Other::Persistent_Hyperplastic_Primary_Vitreous,1,singleton_or_local_review
UNRESOLVED_ROOT::Eye::Concept::Other::Posterior_Polymorphous_Dystrophy,1,singleton_or_local_review
UNRESOLVED_ROOT::Eye::Concept::Other::Pseudorheumatoid_Nodules,1,singleton_or_local_review
UNRESOLVED_ROOT::Eye::Concept::Procedure_Specimen::Corneal_Transplantation_And_Graft_Failure,1,singleton_or_local_review
UNRESOLVED_ROOT::Eye::Concept::Reporting_Grossing::Grossing_And_Features_To_Report,1,singleton_or_local_review
UNRESOLVED_ROOT::Eye::Concept::Reporting_Grossing::Ocular_Cicatricial_Pemphigoid,1,singleton_or_local_review
UNRESOLVED_ROOT::Eye::Concept::Staging::Staging_Eyelid,1,singleton_or_local_review
UNRESOLVED_ROOT::Eye::Concept::Staging::Staging_Lacrimal_Duct,1,singleton_or_local_review
UNRESOLVED_ROOT::Eye::Congenital_Structural::Cataract,1,singleton_or_local_review
UNRESOLVED_ROOT::Eye::Congenital_Structural::Coloboma,1,singleton_or_local_review
UNRESOLVED_ROOT::Eye::Congenital_Structural::Corneal_Dystrophy,1,singleton_or_local_review
UNRESOLVED_ROOT::Eye::Congenital_Structural::Cysts_Conjunctiva,1,singleton_or_local_review
UNRESOLVED_ROOT::Eye::Congenital_Structural::Eyelid_Cysts,1,singleton_or_local_review
UNRESOLVED_ROOT::Eye::Congenital_Structural::Graft_Versus_Host_Disease,1,singleton_or_local_review
UNRESOLVED_ROOT::Eye::Congenital_Structural::Ocular_Melanocytosis,1,singleton_or_local_review
UNRESOLVED_ROOT::Eye::Congenital_Structural::Orbital_Dermoid_Cysts_And_Other_Cysts,1,singleton_or_local_review
UNRESOLVED_ROOT::Eye::Congenital_Structural::Steatocystoma_Simplex,1,singleton_or_local_review
UNRESOLVED_ROOT::Eye::Depositional_Metabolic::Actinic_Keratopathy,1,singleton_or_local_review
UNRESOLVED_ROOT::Eye::Depositional_Metabolic::Glaucoma,1,singleton_or_local_review
UNRESOLVED_ROOT::Eye::Depositional_Metabolic::Lattice_Degeneration,1,singleton_or_local_review
UNRESOLVED_ROOT::Eye::Depositional_Metabolic::Macular_Degeneration,1,singleton_or_local_review
UNRESOLVED_ROOT::Eye::Depositional_Metabolic::Schnabel_Cavernous_Degeneration,1,singleton_or_local_review
UNRESOLVED_ROOT::Eye::Infectious::Acanthamoeba_Keratitis,1,singleton_or_local_review
UNRESOLVED_ROOT::Eye::Infectious::Infectious_Keratitis,1,singleton_or_local_review
UNRESOLVED_ROOT::Eye::Infectious::Visceral_Larva_Migrans,1,singleton_or_local_review
UNRESOLVED_ROOT::Eye::Inflammatory::Acute_Hemorrhagic_Conjunctivitis,1,singleton_or_local_review
UNRESOLVED_ROOT::Eye::Inflammatory::Calcific_Band_Keratopathy,1,singleton_or_local_review
UNRESOLVED_ROOT::Eye::Inflammatory::Chalazion,1,singleton_or_local_review
UNRESOLVED_ROOT::Eye::Inflammatory::Cicatrizing_Conjunctivitis,1,singleton_or_local_review
UNRESOLVED_ROOT::Eye::Inflammatory::Conjunctivitis_And_Variants,1,singleton_or_local_review
UNRESOLVED_ROOT::Eye::Inflammatory::Dacryocystitis,1,singleton_or_local_review
UNRESOLVED_ROOT::Eye::Inflammatory::Granulomatous_Conjunctivitis,1,singleton_or_local_review
UNRESOLVED_ROOT::Eye::Inflammatory::Inflammatory_Lesions_Of_Lacrimal_Gland_And_Related_Structures,1,singleton_or_local_review
UNRESOLVED_ROOT::Eye::Inflammatory::Ligneous_Conjunctivitis,1,singleton_or_local_review
UNRESOLVED_ROOT::Eye::Inflammatory::Mucocele_Orbit,1,singleton_or_local_review
UNRESOLVED_ROOT::Eye::Inflammatory::Orbital_Inflammation,1,singleton_or_local_review
UNRESOLVED_ROOT::Eye::Inflammatory::Phacoanaphylactic_Endophthalmitis,1,singleton_or_local_review
UNRESOLVED_ROOT::Eye::Inflammatory::Phthisis_Bulbi,1,singleton_or_local_review
UNRESOLVED_ROOT::Eye::Inflammatory::Retinitis_Pigmentosa,1,singleton_or_local_review
UNRESOLVED_ROOT::Eye::Inflammatory::Stye_Hordeolum,1,singleton_or_local_review
UNRESOLVED_ROOT::Eye::Inflammatory::Trachoma,1,singleton_or_local_review
UNRESOLVED_ROOT::Eye::Inflammatory::Uveitis,1,singleton_or_local_review
UNRESOLVED_ROOT::Eye::Neoplastic::Astrocytic_Tumor,1,singleton_or_local_review
UNRESOLVED_ROOT::Eye::Neoplastic::Benign::Nevi_Choroid_Or_Iris,1,singleton_or_local_review
UNRESOLVED_ROOT::Eye::Neoplastic::Benign::Nevi_Conjunctiva,1,singleton_or_local_review
UNRESOLVED_ROOT::Eye::Neoplastic::Benign::Papilloma_Lacrimal_Duct,1,singleton_or_local_review
UNRESOLVED_ROOT::Eye::Neoplastic::Malignant::Adenoma_And_Adenocarcinoma_Retinal_Pigment_Epithelium,1,singleton_or_local_review
UNRESOLVED_ROOT::Eye::Neoplastic::Malignant::Coats_Disease,1,singleton_or_local_review
UNRESOLVED_ROOT::Eye::Neoplastic::Malignant::Pinguecula,1,singleton_or_local_review
UNRESOLVED_ROOT::Eye::Neoplastic::Malignant::Retinoblastoma,1,singleton_or_local_review
UNRESOLVED_ROOT::Eye::Neoplastic::Malignant::Staging_Conjunctiva_Carcinoma,1,singleton_or_local_review
UNRESOLVED_ROOT::Eye::Neoplastic::Malignant::Staging_Retinoblastoma,1,singleton_or_local_review
UNRESOLVED_ROOT::Eye::Neoplastic::Nodular_And_Massive_Retinal_Gliosis,1,singleton_or_local_review
UNRESOLVED_ROOT::Eye::Neoplastic::Precursor::Actinic_Keratosis,1,singleton_or_local_review
UNRESOLVED_ROOT::Eye::Neoplastic::Precursor::Bullous_Keratopathy,1,singleton_or_local_review
UNRESOLVED_ROOT::Eye::Neoplastic::Precursor::Hereditary_Benign_Intraepithelial_Dyskeratosis,1,singleton_or_local_review
UNRESOLVED_ROOT::Eye::Neoplastic::Seborrheic_Keratosis,1,singleton_or_local_review
UNRESOLVED_ROOT::Eye::Neoplastic::Tumors_General_Eyelid,1,singleton_or_local_review
UNRESOLVED_ROOT::Eye::Neoplastic::WHO_Classification_Of_Tumors_Of_The_Conjunctiva_And_Caruncle,1,singleton_or_local_review
UNRESOLVED_ROOT::Eye::Normal_Histology::Anatomy_And_Histology_Ciliary_Body,1,singleton_or_local_review
UNRESOLVED_ROOT::Eye::Normal_Histology::Anatomy_And_Histology_Conjunctiva,1,singleton_or_local_review
UNRESOLVED_ROOT::Eye::Normal_Histology::Anatomy_And_Histology_Cornea,1,singleton_or_local_review
UNRESOLVED_ROOT::Eye::Normal_Histology::Anatomy_And_Histology_Eyelid,1,singleton_or_local_review
UNRESOLVED_ROOT::Eye::Normal_Histology::Anatomy_And_Histology_Other,1,singleton_or_local_review
UNRESOLVED_ROOT::Eye::Normal_Histology::Anatomy_And_Histology_Retina,1,singleton_or_local_review
UNRESOLVED_ROOT::Eye::Normal_Histology::Anatomy_And_Histology_Uvea,1,singleton_or_local_review
UNRESOLVED_ROOT::Eye::Normal_Histology::Benign_Epithelial_Melanosis_Of_The_Conjunctiva,1,singleton_or_local_review
UNRESOLVED_ROOT::Eye::Normal_Histology::Epibulbar_Choristoma,1,singleton_or_local_review
UNRESOLVED_ROOT::Forensic_Autopsy::Concept::Classification::Asphyxia,1,singleton_or_local_review
UNRESOLVED_ROOT::Forensic_Autopsy::Concept::Classification::Sudden_Unexpected_Deaths_In_Infants_And_Children,1,singleton_or_local_review
UNRESOLVED_ROOT::Forensic_Autopsy::Concept::Classification::Summary_And_Opinion_Expert_Testimony,1,singleton_or_local_review
UNRESOLVED_ROOT::Forensic_Autopsy::Concept::Laboratory_Operations::Postmortem_Changes,1,singleton_or_local_review
UNRESOLVED_ROOT::Forensic_Autopsy::Concept::Management_Workup::Therapy_Related_Deaths,1,singleton_or_local_review
UNRESOLVED_ROOT::Forensic_Autopsy::Concept::Molecular_Genetics::Drowning,1,singleton_or_local_review
UNRESOLVED_ROOT::Forensic_Autopsy::Concept::Molecular_Genetics::Sharp_Force_Injuries,1,singleton_or_local_review
UNRESOLVED_ROOT::Forensic_Autopsy::Concept::Other::Elder_Abuse,1,singleton_or_local_review
UNRESOLVED_ROOT::Forensic_Autopsy::Concept::Other::Forensic_Entomology,1,singleton_or_local_review
UNRESOLVED_ROOT::Forensic_Autopsy::Concept::Other::Gunshot_Wounds,1,singleton_or_local_review
UNRESOLVED_ROOT::Forensic_Autopsy::Concept::Other::Mass_Disaster_Fatalities,1,singleton_or_local_review
UNRESOLVED_ROOT::Forensic_Autopsy::Concept::Other::Traffic_Related_Deaths,1,singleton_or_local_review
UNRESOLVED_ROOT::Forensic_Autopsy::Concept::Procedure_Specimen::Identification,1,singleton_or_local_review
UNRESOLVED_ROOT::Forensic_Autopsy::Concept::Reporting_Grossing::Autopsy_Report_General,1,singleton_or_local_review
UNRESOLVED_ROOT::Forensic_Autopsy::Depositional_Metabolic::Child_Abuse,1,singleton_or_local_review
UNRESOLVED_ROOT::Forensic_Autopsy::Depositional_Metabolic::Environmental_Deaths,1,singleton_or_local_review
UNRESOLVED_ROOT::Forensic_Autopsy::Neoplastic::Malignant::Ancillary_Investigations,1,singleton_or_local_review
UNRESOLVED_ROOT::Forensic_Autopsy::Neoplastic::Malignant::Autopsy_Techniques,1,singleton_or_local_review
UNRESOLVED_ROOT::Forensic_Autopsy::Neoplastic::Malignant::Cause_Manner_Mechanism_Of_Death_And_Death_Certificate,1,singleton_or_local_review
UNRESOLVED_ROOT::Forensic_Autopsy::Neoplastic::Malignant::Postmortem_Chemistry,1,singleton_or_local_review
UNRESOLVED_ROOT::Forensic_Autopsy::Normal_Histology::Forensic_Radiology,1,singleton_or_local_review
UNRESOLVED_ROOT::Heme::Concept::Classification::With_Del_5Q,1,singleton_or_local_review
UNRESOLVED_ROOT::Heme::Concept::IHC_Markers::Idiopathic_Hypereosinophilic_Syndrome,1,singleton_or_local_review
UNRESOLVED_ROOT::Heme::Concept::Other::Folate_Deficiency_Anemia,1,singleton_or_local_review
UNRESOLVED_ROOT::Heme::Neoplastic::Essential_Thrombocythemia,1,singleton_or_local_review
UNRESOLVED_ROOT::Heme::Neoplastic::Malignant::Primary_Myelofibrosis,1,singleton_or_local_review
UNRESOLVED_ROOT::Heme::Neoplastic::Polycythemia_Vera,1,singleton_or_local_review
UNRESOLVED_ROOT::Joints::Concept::Classification::Morton_Neuroma,1,singleton_or_local_review
UNRESOLVED_ROOT::Joints::Concept::Molecular_Genetics::Degenerative_Joint_Disease,1,singleton_or_local_review
UNRESOLVED_ROOT::Joints::Concept::Other::Disc_Material,1,singleton_or_local_review
UNRESOLVED_ROOT::Joints::Concept::Other::Implant_Related_Changes,1,singleton_or_local_review
UNRESOLVED_ROOT::Joints::Congenital_Structural::Cystic_Meniscus,1,singleton_or_local_review
UNRESOLVED_ROOT::Joints::Congenital_Structural::Ganglion_Cyst,1,singleton_or_local_review
UNRESOLVED_ROOT::Joints::Congenital_Structural::Synovial_Cysts,1,singleton_or_local_review
UNRESOLVED_ROOT::Joints::Inflammatory::Bursitis,1,singleton_or_local_review
UNRESOLVED_ROOT::Joints::Inflammatory::Gout_And_Gouty_Arthritis,1,singleton_or_local_review
UNRESOLVED_ROOT::Joints::Inflammatory::Juvenile_Rheumatoid_Arthritis,1,singleton_or_local_review
UNRESOLVED_ROOT::Joints::Inflammatory::Lyme_Arthritis,1,singleton_or_local_review
UNRESOLVED_ROOT::Joints::Inflammatory::Rheumatoid_Arthritis,1,singleton_or_local_review
UNRESOLVED_ROOT::Joints::Inflammatory::Spondylodiscitis,1,singleton_or_local_review
UNRESOLVED_ROOT::Joints::Inflammatory::Systemic_Lupus_Erythematosus,1,singleton_or_local_review
UNRESOLVED_ROOT::Joints::Inflammatory::Tuberculous_Arthritis,1,singleton_or_local_review
UNRESOLVED_ROOT::Joints::Normal_Histology::Histology_Joints,1,singleton_or_local_review
UNRESOLVED_ROOT::Laboratory_Management::Concept::Classification::Causal_Analysis,1,singleton_or_local_review
UNRESOLVED_ROOT::Laboratory_Management::Concept::Classification::Customer_Service,1,singleton_or_local_review
UNRESOLVED_ROOT::Laboratory_Management::Concept::Classification::Reducing_Nonanalytic_Errors,1,singleton_or_local_review
UNRESOLVED_ROOT::Laboratory_Management::Concept::IHC_Markers::Building_Resilience_In_The_Workplace,1,singleton_or_local_review
UNRESOLVED_ROOT::Laboratory_Management::Concept::Laboratory_Operations::Biosafety_For_Lab_And_Pathology,1,singleton_or_local_review
UNRESOLVED_ROOT::Laboratory_Management::Concept::Laboratory_Operations::Chemical_Hygiene,1,singleton_or_local_review
UNRESOLVED_ROOT::Laboratory_Management::Concept::Laboratory_Operations::Laboratory_Developed_Tests,1,singleton_or_local_review
UNRESOLVED_ROOT::Laboratory_Management::Concept::Laboratory_Operations::Laboratory_Director,1,singleton_or_local_review
UNRESOLVED_ROOT::Laboratory_Management::Concept::Laboratory_Operations::Lean_Workflow_Six_Sigma,1,singleton_or_local_review
UNRESOLVED_ROOT::Laboratory_Management::Concept::Laboratory_Operations::Moving_Average_Quality_Control,1,singleton_or_local_review
UNRESOLVED_ROOT::Laboratory_Management::Concept::Laboratory_Operations::Organization_Of_The_Laboratory,1,singleton_or_local_review
UNRESOLVED_ROOT::Laboratory_Management::Concept::Laboratory_Operations::Principles_Of_Laboratory_Quality_Improvement,1,singleton_or_local_review
UNRESOLVED_ROOT::Laboratory_Management::Concept::Laboratory_Operations::Strategic_Planning_For_Pathology_Practices_And_Laboratories,1,singleton_or_local_review
UNRESOLVED_ROOT::Laboratory_Management::Concept::Laboratory_Operations::Validating_A_New_Quantitative_Assay,1,singleton_or_local_review
UNRESOLVED_ROOT::Laboratory_Management::Concept::Management_Workup::Equipment_Management,1,singleton_or_local_review
UNRESOLVED_ROOT::Laboratory_Management::Concept::Management_Workup::Meeting_Management,1,singleton_or_local_review
UNRESOLVED_ROOT::Laboratory_Management::Concept::Management_Workup::Revenue_Cycle_Management,1,singleton_or_local_review
UNRESOLVED_ROOT::Laboratory_Management::Concept::Molecular_Genetics::Peer_Case_Review_In_Anatomic_Pathology,1,singleton_or_local_review
UNRESOLVED_ROOT::Laboratory_Management::Concept::Other::Onboarding_Training_And_Employee_Retention,1,singleton_or_local_review
UNRESOLVED_ROOT::Laboratory_Management::Concept::Other::Social_Determinants_Of_Health,1,singleton_or_local_review
UNRESOLVED_ROOT::Laboratory_Management::Concept::Other::Succession_Planning,1,singleton_or_local_review
UNRESOLVED_ROOT::Laboratory_Management::Concept::Procedure_Specimen::Bloodborne_Pathogens,1,singleton_or_local_review
UNRESOLVED_ROOT::Laboratory_Management::Concept::Procedure_Specimen::Document_And_Procedure_Management,1,singleton_or_local_review
UNRESOLVED_ROOT::Laboratory_Management::Neoplastic::Malignant::Creating_A_Business_Plan,1,singleton_or_local_review
UNRESOLVED_ROOT::Laboratory_Management::Neoplastic::Patient_Centered_Pathology,1,singleton_or_local_review
UNRESOLVED_ROOT::Liver::Neoplastic::Malignant::Hcc_Macrotrabecular_Massive,1,singleton_or_local_review
UNRESOLVED_ROOT::Lung::Concept::Classification::Colloid,1,singleton_or_local_review
UNRESOLVED_ROOT::Lung::Concept::Classification::Infarct_Pulmonary_Emboli,1,singleton_or_local_review
UNRESOLVED_ROOT::Lung::Concept::Classification::Minute_Pulmonary_Meningothelial_Like_Nodules,1,singleton_or_local_review
UNRESOLVED_ROOT::Lung::Concept::Classification::Rheumatoid_Lung_Disease,1,singleton_or_local_review
UNRESOLVED_ROOT::Lung::Concept::Classification::Sequestrations,1,singleton_or_local_review
UNRESOLVED_ROOT::Lung::Concept::Classification::Uip_Ipf,1,singleton_or_local_review
UNRESOLVED_ROOT::Lung::Concept::Classification::WHO_Classification,1,singleton_or_local_review
UNRESOLVED_ROOT::Lung::Concept::IHC_Markers::Nocardia,1,singleton_or_local_review
UNRESOLVED_ROOT::Lung::Concept::IHC_Markers::Pseudomonas,1,singleton_or_local_review
UNRESOLVED_ROOT::Lung::Concept::Molecular_Genetics::Metastases,1,singleton_or_local_review
UNRESOLVED_ROOT::Lung::Concept::Molecular_Genetics::Preinvasive_General,1,singleton_or_local_review
UNRESOLVED_ROOT::Lung::Concept::Other::Other_Pneumoconiosis,1,singleton_or_local_review
UNRESOLVED_ROOT::Lung::Concept::Other::Radiation_Induced_Lung_Disease,1,singleton_or_local_review
UNRESOLVED_ROOT::Lung::Concept::Procedure_Specimen::Biopsies,1,singleton_or_local_review
UNRESOLVED_ROOT::Lung::Concept::Reporting_Grossing::Asthma,1,singleton_or_local_review
UNRESOLVED_ROOT::Lung::Concept::Reporting_Grossing::Atelectasis,1,singleton_or_local_review
UNRESOLVED_ROOT::Lung::Concept::Reporting_Grossing::Grossing_And_Features_To_Report,1,singleton_or_local_review
UNRESOLVED_ROOT::Lung::Concept::Reporting_Grossing::Malakoplakia,1,singleton_or_local_review
UNRESOLVED_ROOT::Lung::Concept::Reporting_Grossing::Mycoplasma_Pneumoniae,1,singleton_or_local_review
UNRESOLVED_ROOT::Lung::Concept::Reporting_Grossing::Varicella_Zoster,1,singleton_or_local_review
UNRESOLVED_ROOT::Lung::Concept::Staging::Staging,1,singleton_or_local_review
UNRESOLVED_ROOT::Lung::Congenital_Structural::Bronchiectasis,1,singleton_or_local_review
UNRESOLVED_ROOT::Lung::Congenital_Structural::Congenital_Pulmonary_Airway_Malformation_Cpam,1,singleton_or_local_review
UNRESOLVED_ROOT::Lung::Congenital_Structural::Cystic_Fibrosis,1,singleton_or_local_review
UNRESOLVED_ROOT::Lung::Congenital_Structural::Hypoplasia,1,singleton_or_local_review
UNRESOLVED_ROOT::Lung::Congenital_Structural::Plexiform_Arteriopathy,1,singleton_or_local_review
UNRESOLVED_ROOT::Lung::Congenital_Structural::Pneumocystis,1,singleton_or_local_review
UNRESOLVED_ROOT::Lung::Depositional_Metabolic::Alectinib,1,singleton_or_local_review
UNRESOLVED_ROOT::Lung::Depositional_Metabolic::Amiodarone_Induced_Pulmonary_Toxicity,1,singleton_or_local_review
UNRESOLVED_ROOT::Lung::Depositional_Metabolic::Amyloidosis,1,singleton_or_local_review
UNRESOLVED_ROOT::Lung::Depositional_Metabolic::Coal_Workers_Pneumoconiosis,1,singleton_or_local_review
UNRESOLVED_ROOT::Lung::Depositional_Metabolic::Nodular_Amyloid_Amyloidoma,1,singleton_or_local_review
UNRESOLVED_ROOT::Lung::Depositional_Metabolic::Patterns_Of_Injury,1,singleton_or_local_review
UNRESOLVED_ROOT::Lung::Depositional_Metabolic::Pulmonary_Edema,1,singleton_or_local_review
UNRESOLVED_ROOT::Lung::Depositional_Metabolic::Vaping_Associated_Acute_Lung_Injury,1,singleton_or_local_review
UNRESOLVED_ROOT::Lung::Infectious::Acute_Pneumonia,1,singleton_or_local_review
UNRESOLVED_ROOT::Lung::Infectious::Adenovirus,1,singleton_or_local_review
UNRESOLVED_ROOT::Lung::Infectious::Aspergillus,1,singleton_or_local_review
UNRESOLVED_ROOT::Lung::Infectious::Bronchocentric_Granulomatosis,1,singleton_or_local_review
UNRESOLVED_ROOT::Lung::Infectious::CMV,1,singleton_or_local_review
UNRESOLVED_ROOT::Lung::Infectious::Coccidioides,1,singleton_or_local_review
UNRESOLVED_ROOT::Lung::Infectious::Covid_19,1,singleton_or_local_review
UNRESOLVED_ROOT::Lung::Infectious::Goodpasture_Syndrome,1,singleton_or_local_review
UNRESOLVED_ROOT::Lung::Infectious::Herpes_Simplex,1,singleton_or_local_review
UNRESOLVED_ROOT::Lung::Infectious::Histoplasma,1,singleton_or_local_review
UNRESOLVED_ROOT::Lung::Infectious::Hiv,1,singleton_or_local_review
UNRESOLVED_ROOT::Lung::Infectious::Influenza,1,singleton_or_local_review
UNRESOLVED_ROOT::Lung::Infectious::Legionella,1,singleton_or_local_review
UNRESOLVED_ROOT::Lung::Infectious::Loeffler_Syndrome,1,singleton_or_local_review
UNRESOLVED_ROOT::Lung::Infectious::Lymphoepithelioma_Like,1,singleton_or_local_review
UNRESOLVED_ROOT::Lung::Infectious::Measles,1,singleton_or_local_review
UNRESOLVED_ROOT::Lung::Infectious::Mycobacteria_Non_Tb,1,singleton_or_local_review
UNRESOLVED_ROOT::Lung::Infectious::Other_Fungi,1,singleton_or_local_review
UNRESOLVED_ROOT::Lung::Infectious::Other_Parasites,1,singleton_or_local_review
UNRESOLVED_ROOT::Lung::Infectious::Pulmonary_Zoonoses,1,singleton_or_local_review
UNRESOLVED_ROOT::Lung::Infectious::Rsv,1,singleton_or_local_review
UNRESOLVED_ROOT::Lung::Infectious::Sars,1,singleton_or_local_review
UNRESOLVED_ROOT::Lung::Infectious::Silicosis,1,singleton_or_local_review
UNRESOLVED_ROOT::Lung::Infectious::Staphylococcus_Aureus,1,singleton_or_local_review
UNRESOLVED_ROOT::Lung::Infectious::Strongyloides,1,singleton_or_local_review
UNRESOLVED_ROOT::Lung::Infectious::Tuberculosis,1,singleton_or_local_review
UNRESOLVED_ROOT::Lung::Inflammatory::Adenosquamous,1,singleton_or_local_review
UNRESOLVED_ROOT::Lung::Inflammatory::Chronic_Bronchitis,1,singleton_or_local_review
UNRESOLVED_ROOT::Lung::Inflammatory::Drug_Induced_Pneumonitis,1,singleton_or_local_review
UNRESOLVED_ROOT::Lung::Inflammatory::Giant_Cell_Interstitial_Pneumonia,1,singleton_or_local_review
UNRESOLVED_ROOT::Lung::Inflammatory::Hyalinizing_Granuloma,1,singleton_or_local_review
UNRESOLVED_ROOT::Lung::Inflammatory::Inflammatory_Bowel_Disease,1,singleton_or_local_review
UNRESOLVED_ROOT::Lung::Inflammatory::Intravenous_Drug_Abusers,1,singleton_or_local_review
UNRESOLVED_ROOT::Lung::Inflammatory::Lipoid_Pneumonia,1,singleton_or_local_review
UNRESOLVED_ROOT::Lung::Inflammatory::Transplantation_Rejection,1,singleton_or_local_review
UNRESOLVED_ROOT::Lung::Neoplastic::Benign::Adenoma,1,singleton_or_local_review
UNRESOLVED_ROOT::Lung::Neoplastic::Benign::Benign_Metastasizing_Leiomyoma,1,singleton_or_local_review
UNRESOLVED_ROOT::Lung::Neoplastic::Benign::Lymphangioleiomyomatosis,1,singleton_or_local_review
UNRESOLVED_ROOT::Lung::Neoplastic::Benign::Micronodular_Pneumocyte_Hyperplasia,1,singleton_or_local_review
UNRESOLVED_ROOT::Lung::Neoplastic::Benign::Multiple_Pulmonary_Leiomyomatous_Hamartomas,1,singleton_or_local_review
UNRESOLVED_ROOT::Lung::Neoplastic::Benign::Squamous_Glandular_Mixed_Papilloma,1,singleton_or_local_review
UNRESOLVED_ROOT::Lung::Neoplastic::Malignant::Adenocarcinoma_Overview,1,singleton_or_local_review
UNRESOLVED_ROOT::Lung::Neoplastic::Malignant::Asbestosis,1,singleton_or_local_review
UNRESOLVED_ROOT::Lung::Neoplastic::Malignant::Enteric,1,singleton_or_local_review
UNRESOLVED_ROOT::Lung::Neoplastic::Malignant::Fetal,1,singleton_or_local_review
UNRESOLVED_ROOT::Lung::Neoplastic::Malignant::Lepidic_Adenocarcinoma,1,singleton_or_local_review
UNRESOLVED_ROOT::Lung::Neoplastic::Malignant::Lymphoepithelial_Carcinoma,1,singleton_or_local_review
UNRESOLVED_ROOT::Lung::Neoplastic::Malignant::Veliparib,1,singleton_or_local_review
UNRESOLVED_ROOT::Lung::Neoplastic::Precursor::Adenocarcinoma_In_Situ,1,singleton_or_local_review
UNRESOLVED_ROOT::Lung::Neoplastic::Precursor::Bronchopulmonary_Dysplasia,1,singleton_or_local_review
UNRESOLVED_ROOT::Lung::Normal_Histology::Anatomy,1,singleton_or_local_review
UNRESOLVED_ROOT::Lung::Normal_Histology::Bronchial_Atresia,1,singleton_or_local_review
UNRESOLVED_ROOT::Lung::Normal_Histology::Histology,1,singleton_or_local_review
UNRESOLVED_ROOT::Markers_IHC::Concept::Classification::CD99,1,singleton_or_local_review
UNRESOLVED_ROOT::Markers_IHC::Concept::IHC_Markers::CD10_19,1,singleton_or_local_review
UNRESOLVED_ROOT::Markers_IHC::Concept::IHC_Markers::CD30,1,singleton_or_local_review
UNRESOLVED_ROOT::Markers_IHC::Concept::IHC_Markers::CD50_59,1,singleton_or_local_review
UNRESOLVED_ROOT::Markers_IHC::Concept::Molecular_Genetics::CD190_199,1,singleton_or_local_review
UNRESOLVED_ROOT::Markers_IHC::Concept::Molecular_Genetics::CD31,1,singleton_or_local_review
UNRESOLVED_ROOT::Markers_IHC::Concept::Molecular_Genetics::CD61,1,singleton_or_local_review
UNRESOLVED_ROOT::Markers_IHC::Infectious::CD160_169,1,singleton_or_local_review
UNRESOLVED_ROOT::Markers_IHC::Infectious::CD1_9,1,singleton_or_local_review
UNRESOLVED_ROOT::Markers_IHC::Infectious::CD21,1,singleton_or_local_review
UNRESOLVED_ROOT::Markers_IHC::Infectious::CD230_239,1,singleton_or_local_review
UNRESOLVED_ROOT::Markers_IHC::Infectious::CD4,1,singleton_or_local_review
UNRESOLVED_ROOT::Markers_IHC::Inflammatory::CD150_159,1,singleton_or_local_review
UNRESOLVED_ROOT::Markers_IHC::Inflammatory::CD240_249,1,singleton_or_local_review
UNRESOLVED_ROOT::Markers_IHC::Inflammatory::CD3,1,singleton_or_local_review
UNRESOLVED_ROOT::Markers_IHC::Inflammatory::CD40_49,1,singleton_or_local_review
UNRESOLVED_ROOT::Markers_IHC::Inflammatory::CD40_49_Cdmarkerscd41,1,singleton_or_local_review
UNRESOLVED_ROOT::Markers_IHC::Inflammatory::CD80_89,1,singleton_or_local_review
UNRESOLVED_ROOT::Markers_IHC::Neoplastic::Benign::CD8,1,singleton_or_local_review
UNRESOLVED_ROOT::Markers_IHC::Neoplastic::CD10,1,singleton_or_local_review
UNRESOLVED_ROOT::Markers_IHC::Neoplastic::CD100_109,1,singleton_or_local_review
UNRESOLVED_ROOT::Markers_IHC::Neoplastic::CD117,1,singleton_or_local_review
UNRESOLVED_ROOT::Markers_IHC::Neoplastic::CD1A,1,singleton_or_local_review
UNRESOLVED_ROOT::Markers_IHC::Neoplastic::CD20,1,singleton_or_local_review
UNRESOLVED_ROOT::Markers_IHC::Neoplastic::CD270_279,1,singleton_or_local_review
UNRESOLVED_ROOT::Markers_IHC::Neoplastic::CD34,1,singleton_or_local_review
UNRESOLVED_ROOT::Markers_IHC::Neoplastic::CD350_359,1,singleton_or_local_review
UNRESOLVED_ROOT::Markers_IHC::Neoplastic::CD360_369,1,singleton_or_local_review
UNRESOLVED_ROOT::Markers_IHC::Neoplastic::CD38,1,singleton_or_local_review
UNRESOLVED_ROOT::Markers_IHC::Neoplastic::CD44,1,singleton_or_local_review
UNRESOLVED_ROOT::Markers_IHC::Neoplastic::CD45_Lca,1,singleton_or_local_review
UNRESOLVED_ROOT::Markers_IHC::Neoplastic::CD60_69,1,singleton_or_local_review
UNRESOLVED_ROOT::Markers_IHC::Neoplastic::CD63,1,singleton_or_local_review
UNRESOLVED_ROOT::Markers_IHC::Neoplastic::CD71,1,singleton_or_local_review
UNRESOLVED_ROOT::Markers_IHC::Neoplastic::CD90_99,1,singleton_or_local_review
UNRESOLVED_ROOT::Markers_IHC::Neoplastic::Malignant::CD110_119,1,singleton_or_local_review
UNRESOLVED_ROOT::Markers_IHC::Neoplastic::Malignant::CD130_139,1,singleton_or_local_review
UNRESOLVED_ROOT::Markers_IHC::Neoplastic::Malignant::CD140_149,1,singleton_or_local_review
UNRESOLVED_ROOT::Markers_IHC::Neoplastic::Malignant::CD15,1,singleton_or_local_review
UNRESOLVED_ROOT::Markers_IHC::Neoplastic::Malignant::CD180_189,1,singleton_or_local_review
UNRESOLVED_ROOT::Markers_IHC::Neoplastic::Malignant::CD180_189_Cdmarkerscd180to_189,1,singleton_or_local_review
UNRESOLVED_ROOT::Markers_IHC::Neoplastic::Malignant::CD180_189_Cdmarkerscd184,1,singleton_or_local_review
UNRESOLVED_ROOT::Markers_IHC::Neoplastic::Malignant::CD20_29,1,singleton_or_local_review
UNRESOLVED_ROOT::Markers_IHC::Neoplastic::Malignant::CD23,1,singleton_or_local_review
UNRESOLVED_ROOT::Markers_IHC::Neoplastic::Malignant::CD33,1,singleton_or_local_review
UNRESOLVED_ROOT::Markers_IHC::Neoplastic::Malignant::CD43,1,singleton_or_local_review
UNRESOLVED_ROOT::Markers_IHC::Neoplastic::Malignant::CD5,1,singleton_or_local_review
UNRESOLVED_ROOT::Markers_IHC::Neoplastic::Malignant::CD56,1,singleton_or_local_review
UNRESOLVED_ROOT::Markers_IHC::Neoplastic::Malignant::CD57,1,singleton_or_local_review
UNRESOLVED_ROOT::Markers_IHC::Neoplastic::Malignant::CD68,1,singleton_or_local_review
UNRESOLVED_ROOT::Markers_IHC::Neoplastic::Malignant::CD70_79,1,singleton_or_local_review
UNRESOLVED_ROOT::Markers_IHC::Neoplastic::Malignant::CD79A,1,singleton_or_local_review
UNRESOLVED_ROOT::Markers_IHC::Neoplastic::Malignant::CD79B,1,singleton_or_local_review
UNRESOLVED_ROOT::Markers_IHC::Neoplastic::Precursor::CD123,1,singleton_or_local_review
UNRESOLVED_ROOT::Markers_IHC::Normal_Histology::CD138,1,singleton_or_local_review
UNRESOLVED_ROOT::Markers_IHC::Normal_Histology::CD163,1,singleton_or_local_review
UNRESOLVED_ROOT::Markers_IHC::Normal_Histology::CD19,1,singleton_or_local_review
UNRESOLVED_ROOT::Markers_IHC::Normal_Histology::CD200_209,1,singleton_or_local_review
UNRESOLVED_ROOT::Markers_IHC::Normal_Histology::CD30_39,1,singleton_or_local_review
UNRESOLVED_ROOT::Mediastinum::Concept::Classification::Erdheim_Chester_Disease,1,singleton_or_local_review
UNRESOLVED_ROOT::Mediastinum::Concept::Reporting_Grossing::Grossing_And_Features_To_Report,1,singleton_or_local_review
UNRESOLVED_ROOT::Mediastinum::Congenital_Structural::Bronchogenic_Cyst,1,singleton_or_local_review
UNRESOLVED_ROOT::Mediastinum::Congenital_Structural::Enteric_Esophageal_Duplication_Cyst,1,singleton_or_local_review
UNRESOLVED_ROOT::Mediastinum::Congenital_Structural::Meningocele_Cystic,1,singleton_or_local_review
UNRESOLVED_ROOT::Mediastinum::Congenital_Structural::Mullerian_Cyst_Hattori_Cyst,1,singleton_or_local_review
UNRESOLVED_ROOT::Mediastinum::Congenital_Structural::Pericardial_Cyst,1,singleton_or_local_review
UNRESOLVED_ROOT::Mediastinum::Congenital_Structural::Thymic_Cyst,1,singleton_or_local_review
UNRESOLVED_ROOT::Mediastinum::Infectious::Castleman_Disease,1,singleton_or_local_review
UNRESOLVED_ROOT::Mediastinum::Inflammatory::IGG4_Related_Sclerosing_Mediastinitis,1,singleton_or_local_review
UNRESOLVED_ROOT::Mediastinum::Neoplastic::Carcinoid_Tumor,1,singleton_or_local_review
UNRESOLVED_ROOT::Mediastinum::Neoplastic::Malignant::Ganglioneuroblastoma_Intermixed_And_Nodular,1,singleton_or_local_review
UNRESOLVED_ROOT::Mediastinum::Neoplastic::Malignant::Thymic_Carcinoma_Other_Variants,1,singleton_or_local_review
UNRESOLVED_ROOT::Mediastinum::Neoplastic::Myasthenia_Gravis,1,singleton_or_local_review
UNRESOLVED_ROOT::Mediastinum::Neoplastic::Staging_Thymic_Tumors,1,singleton_or_local_review
UNRESOLVED_ROOT::Mediastinum::Neoplastic::Teratoma_Cystic,1,singleton_or_local_review
UNRESOLVED_ROOT::Mediastinum::Neoplastic::Thoracic_SMARCA4_Deficient_Undifferentiated_Tumor,1,singleton_or_local_review
UNRESOLVED_ROOT::Mediastinum::Neoplastic::Thymoma,1,singleton_or_local_review
UNRESOLVED_ROOT::Mediastinum::Normal_Histology::Anatomy_And_Thymus_Histology,1,singleton_or_local_review
UNRESOLVED_ROOT::Mediastinum::Normal_Histology::True_Thymic_Hyperplasia,1,singleton_or_local_review
UNRESOLVED_ROOT::Microbiology::Concept::Classification::Clostridium_Perfringens_C_Septicum,1,singleton_or_local_review
UNRESOLVED_ROOT::Microbiology::Concept::Classification::Myiasis,1,singleton_or_local_review
UNRESOLVED_ROOT::Microbiology::Concept::Classification::Scabies_Mite,1,singleton_or_local_review
UNRESOLVED_ROOT::Microbiology::Concept::Classification::Streptococcus_Other,1,singleton_or_local_review
UNRESOLVED_ROOT::Microbiology::Concept::IHC_Markers::Nocardia,1,singleton_or_local_review
UNRESOLVED_ROOT::Microbiology::Concept::Laboratory_Operations::Biosafety_For_Lab_And_Pathology,1,singleton_or_local_review
UNRESOLVED_ROOT::Microbiology::Concept::Laboratory_Operations::Yersiniosis,1,singleton_or_local_review
UNRESOLVED_ROOT::Microbiology::Concept::Management_Workup::Dengue_Fever,1,singleton_or_local_review
UNRESOLVED_ROOT::Microbiology::Concept::Molecular_Genetics::Vibrio_Vulnificus,1,singleton_or_local_review
UNRESOLVED_ROOT::Microbiology::Depositional_Metabolic::Vibrio_Cholerae,1,singleton_or_local_review
UNRESOLVED_ROOT::Microbiology::Infectious::Acinetobacter,1,singleton_or_local_review
UNRESOLVED_ROOT::Microbiology::Infectious::Anaplasma,1,singleton_or_local_review
UNRESOLVED_ROOT::Microbiology::Infectious::Bk_Virus_Polyomavirus,1,singleton_or_local_review
UNRESOLVED_ROOT::Microbiology::Infectious::Blastomyces,1,singleton_or_local_review
UNRESOLVED_ROOT::Microbiology::Infectious::Blood_Culture_Contamination,1,singleton_or_local_review
UNRESOLVED_ROOT::Microbiology::Infectious::Candida_Species,1,singleton_or_local_review
UNRESOLVED_ROOT::Microbiology::Infectious::Clostridioides_Difficile,1,singleton_or_local_review
UNRESOLVED_ROOT::Microbiology::Infectious::Coccidioidomycosis,1,singleton_or_local_review
UNRESOLVED_ROOT::Microbiology::Infectious::Covid_19_Sars_Cov_2_Testing,1,singleton_or_local_review
UNRESOLVED_ROOT::Microbiology::Infectious::Cryptococcus_Neoformans_And_Gattii,1,singleton_or_local_review
UNRESOLVED_ROOT::Microbiology::Infectious::Dematiaceous_Molds,1,singleton_or_local_review
UNRESOLVED_ROOT::Microbiology::Infectious::Dermatophytes,1,singleton_or_local_review
UNRESOLVED_ROOT::Microbiology::Infectious::Dna_Viruses,1,singleton_or_local_review
UNRESOLVED_ROOT::Microbiology::Infectious::Ehrlichia,1,singleton_or_local_review
UNRESOLVED_ROOT::Microbiology::Infectious::Enterobius_Vermicularis,1,singleton_or_local_review
UNRESOLVED_ROOT::Microbiology::Infectious::Enterococcus,1,singleton_or_local_review
UNRESOLVED_ROOT::Microbiology::Infectious::Epstein_Barr_Virus_EBV,1,singleton_or_local_review
UNRESOLVED_ROOT::Microbiology::Infectious::Giardia_Lamblia,1,singleton_or_local_review
UNRESOLVED_ROOT::Microbiology::Infectious::HSV1_HSV2,1,singleton_or_local_review
UNRESOLVED_ROOT::Microbiology::Infectious::Histoplasma_Capsulatum,1,singleton_or_local_review
UNRESOLVED_ROOT::Microbiology::Infectious::Hyaline_Molds,1,singleton_or_local_review
UNRESOLVED_ROOT::Microbiology::Infectious::Infectious_Disorders_General,1,singleton_or_local_review
UNRESOLVED_ROOT::Microbiology::Infectious::Klebsiella_Oxytoca,1,singleton_or_local_review
UNRESOLVED_ROOT::Microbiology::Infectious::Legionella,1,singleton_or_local_review
UNRESOLVED_ROOT::Microbiology::Infectious::M_Genitalium,1,singleton_or_local_review
UNRESOLVED_ROOT::Microbiology::Infectious::M_Hominis_Ureaplasma_Spp,1,singleton_or_local_review
UNRESOLVED_ROOT::Microbiology::Infectious::Mpox_Orthopoxvirus,1,singleton_or_local_review
UNRESOLVED_ROOT::Microbiology::Infectious::Mycobacteria_Non_Tb,1,singleton_or_local_review
UNRESOLVED_ROOT::Microbiology::Infectious::Neisseria_Meningitidis,1,singleton_or_local_review
UNRESOLVED_ROOT::Microbiology::Infectious::Serratia_Species,1,singleton_or_local_review
UNRESOLVED_ROOT::Microbiology::Infectious::Shigella,1,singleton_or_local_review
UNRESOLVED_ROOT::Microbiology::Infectious::Staph_Aureus,1,singleton_or_local_review
UNRESOLVED_ROOT::Microbiology::Infectious::Staph_Coagulase_Negative,1,singleton_or_local_review
UNRESOLVED_ROOT::Microbiology::Infectious::Streptococcus_Pneumoniae,1,singleton_or_local_review
UNRESOLVED_ROOT::Microbiology::Infectious::Talaromyces_Marneffei,1,singleton_or_local_review
UNRESOLVED_ROOT::Microbiology::Infectious::Uncommon_Infections,1,singleton_or_local_review
UNRESOLVED_ROOT::Microbiology::Infectious::Whipple_Disease,1,singleton_or_local_review
UNRESOLVED_ROOT::Microbiology::Infectious::Yellow_Fever,1,singleton_or_local_review
UNRESOLVED_ROOT::Microbiology::Infectious::Zygomycetes,1,singleton_or_local_review
UNRESOLVED_ROOT::Microbiology::Inflammatory::Cat_Scratch_Disease,1,singleton_or_local_review
UNRESOLVED_ROOT::Microbiology::Inflammatory::Chlamydia_Trachomatis,1,singleton_or_local_review
UNRESOLVED_ROOT::Microbiology::Inflammatory::E_Coli,1,singleton_or_local_review
UNRESOLVED_ROOT::Microbiology::Inflammatory::M_Pneumoniae,1,singleton_or_local_review
UNRESOLVED_ROOT::Microbiology::Inflammatory::Pediculosis_Lice,1,singleton_or_local_review
UNRESOLVED_ROOT::Microbiology::Inflammatory::Toxoplasmosis,1,singleton_or_local_review
UNRESOLVED_ROOT::Microbiology::Normal_Histology::Haemophilus_Influenzae,1,singleton_or_local_review
UNRESOLVED_ROOT::Microbiology::Normal_Histology::Orf,1,singleton_or_local_review
UNRESOLVED_ROOT::Molecular::Concept::Classification::Molecular_Classification_Of_Endometrial_Cancer,1,singleton_or_local_review
UNRESOLVED_ROOT::Molecular::Concept::Classification::PCR_Overview,1,singleton_or_local_review
UNRESOLVED_ROOT::Molecular::Concept::Molecular_Genetics::Bcr_ABL1,1,singleton_or_local_review
UNRESOLVED_ROOT::Molecular::Concept::Molecular_Genetics::CALR,1,singleton_or_local_review
UNRESOLVED_ROOT::Molecular::Concept::Molecular_Genetics::Dna_And_RNA_Purification,1,singleton_or_local_review
UNRESOLVED_ROOT::Molecular::Concept::Molecular_Genetics::Dna_Sequencing,1,singleton_or_local_review
UNRESOLVED_ROOT::Molecular::Concept::Molecular_Genetics::IDH2,1,singleton_or_local_review
UNRESOLVED_ROOT::Molecular::Concept::Molecular_Genetics::KIT_CD117_Molecular_Testing,1,singleton_or_local_review
UNRESOLVED_ROOT::Molecular::Concept::Molecular_Genetics::KRAS,1,singleton_or_local_review
UNRESOLVED_ROOT::Molecular::Concept::Molecular_Genetics::Mgmt_Promoter_Hypermethylation,1,singleton_or_local_review
UNRESOLVED_ROOT::Molecular::Concept::Molecular_Genetics::NGS_General,1,singleton_or_local_review
UNRESOLVED_ROOT::Molecular::Concept::Molecular_Genetics::NGS_Library_Prep,1,singleton_or_local_review
UNRESOLVED_ROOT::Molecular::Concept::Molecular_Genetics::PCR_History_And_Applications,1,singleton_or_local_review
UNRESOLVED_ROOT::Molecular::Concept::Procedure_Specimen::Microarray,1,singleton_or_local_review
UNRESOLVED_ROOT::Molecular::Congenital_Structural::STK11,1,singleton_or_local_review
UNRESOLVED_ROOT::Molecular::Neoplastic::CSF3R,1,singleton_or_local_review
UNRESOLVED_ROOT::Molecular::Neoplastic::MYD88,1,singleton_or_local_review
UNRESOLVED_ROOT::Molecular::Neoplastic::Malignant::FOXO1,1,singleton_or_local_review
UNRESOLVED_ROOT::Molecular::Neoplastic::Malignant::Met,1,singleton_or_local_review
UNRESOLVED_ROOT::Molecular::Neoplastic::Malignant::PML_Rara,1,singleton_or_local_review
UNRESOLVED_ROOT::Molecular::Neoplastic::PI3K_PIK3CA,1,singleton_or_local_review
UNRESOLVED_ROOT::Molecular::Neoplastic::Tumor_Mutation_Burden,1,singleton_or_local_review
UNRESOLVED_ROOT::Molecular::Neoplastic::USP6,1,singleton_or_local_review
UNRESOLVED_ROOT::Other::Concept::Laboratory_Operations::Critical_Reporting_Systems_And_Laboratory_Communications,1,singleton_or_local_review
UNRESOLVED_ROOT::Other::Concept::Laboratory_Operations::Laboratory_Budgeting,1,singleton_or_local_review
UNRESOLVED_ROOT::Other::Concept::Laboratory_Operations::Patient_Safety,1,singleton_or_local_review
UNRESOLVED_ROOT::Other::Concept::Molecular_Genetics::Validation_Of_Reference_Intervals_And_Reportable_Range,1,singleton_or_local_review
UNRESOLVED_ROOT::Other::Neoplastic::Competency_Assessment_And_Maintenance,1,singleton_or_local_review
UNRESOLVED_ROOT::Other::Neoplastic::Nadh,1,singleton_or_local_review
UNRESOLVED_ROOT::Parasitology::Concept::Molecular_Genetics::Hymenolepis_Diminuta,1,singleton_or_local_review
UNRESOLVED_ROOT::Parasitology::Concept::Molecular_Genetics::Leishmania,1,singleton_or_local_review
UNRESOLVED_ROOT::Parasitology::Concept::Molecular_Genetics::Plasmodium_Falciparum,1,singleton_or_local_review
UNRESOLVED_ROOT::Parasitology::Concept::Molecular_Genetics::Taenia_Saginata,1,singleton_or_local_review
UNRESOLVED_ROOT::Parasitology::Concept::Molecular_Genetics::Variant_Creutzfeldt_Jakob,1,singleton_or_local_review
UNRESOLVED_ROOT::Parasitology::Concept::Other::Hymenolepis_Nana,1,singleton_or_local_review
UNRESOLVED_ROOT::Parasitology::Concept::Other::Taenia_Species,1,singleton_or_local_review
UNRESOLVED_ROOT::Parasitology::Concept::Reporting_Grossing::Angiostrongyliasis,1,singleton_or_local_review
UNRESOLVED_ROOT::Parasitology::Concept::Reporting_Grossing::Cordylobia_Rodhaini_Lund_Fly,1,singleton_or_local_review
UNRESOLVED_ROOT::Parasitology::Concept::Reporting_Grossing::Dirofilaria_Repens,1,singleton_or_local_review
UNRESOLVED_ROOT::Parasitology::Concept::Reporting_Grossing::Macracanthorhynchus,1,singleton_or_local_review
UNRESOLVED_ROOT::Parasitology::Concept::Reporting_Grossing::Raillietina,1,singleton_or_local_review
UNRESOLVED_ROOT::Parasitology::Congenital_Structural::Blastocystis,1,singleton_or_local_review
UNRESOLVED_ROOT::Parasitology::Congenital_Structural::Cyclospora_Cayetanensis,1,singleton_or_local_review
UNRESOLVED_ROOT::Parasitology::Congenital_Structural::Loa_Loa,1,singleton_or_local_review
UNRESOLVED_ROOT::Parasitology::Congenital_Structural::Sarcocystis,1,singleton_or_local_review
UNRESOLVED_ROOT::Parasitology::Congenital_Structural::Taenia_Solium_Neurocysticercosis,1,singleton_or_local_review
UNRESOLVED_ROOT::Parasitology::Infectious::Acanthamoeba,1,singleton_or_local_review
UNRESOLVED_ROOT::Parasitology::Infectious::Amebic_Colitis,1,singleton_or_local_review
UNRESOLVED_ROOT::Parasitology::Infectious::Anthrax,1,singleton_or_local_review
UNRESOLVED_ROOT::Parasitology::Infectious::Aspergillus,1,singleton_or_local_review
UNRESOLVED_ROOT::Parasitology::Infectious::Babesia,1,singleton_or_local_review
UNRESOLVED_ROOT::Parasitology::Infectious::Balamuthia,1,singleton_or_local_review
UNRESOLVED_ROOT::Parasitology::Infectious::Dermatophagoides,1,singleton_or_local_review
UNRESOLVED_ROOT::Parasitology::Infectious::Dipylidium_Caninum,1,singleton_or_local_review
UNRESOLVED_ROOT::Parasitology::Infectious::Ebola,1,singleton_or_local_review
UNRESOLVED_ROOT::Parasitology::Infectious::Enteromonas_Hominis,1,singleton_or_local_review
UNRESOLVED_ROOT::Parasitology::Infectious::Iodamoeba_Butschlii,1,singleton_or_local_review
UNRESOLVED_ROOT::Parasitology::Infectious::Myiasis,1,singleton_or_local_review
UNRESOLVED_ROOT::Parasitology::Infectious::Plasmodium_Non_Falciparum,1,singleton_or_local_review
UNRESOLVED_ROOT::Parasitology::Infectious::Strongyloides,1,singleton_or_local_review
UNRESOLVED_ROOT::Parasitology::Infectious::Trichostrongylus,1,singleton_or_local_review
UNRESOLVED_ROOT::Parasitology::Infectious::Tuberculosis,1,singleton_or_local_review
UNRESOLVED_ROOT::Parasitology::Inflammatory::Tick_Ixodes,1,singleton_or_local_review
UNRESOLVED_ROOT::Parasitology::Inflammatory::Toxoplasmosis,1,singleton_or_local_review
UNRESOLVED_ROOT::Parasitology::Neoplastic::Malignant::Diphyllobothrium_Latum,1,singleton_or_local_review
UNRESOLVED_ROOT::Parasitology::Neoplastic::Malignant::Hookworm,1,singleton_or_local_review
UNRESOLVED_ROOT::Parasitology::Neoplastic::Malignant::Whipworm,1,singleton_or_local_review
UNRESOLVED_ROOT::PathOut_Residual_Generated::Mediastinumbronchogeniccyst,1,singleton_or_local_review
UNRESOLVED_ROOT::PathOut_Residual_Generated::Nasalademantinomatouscranio,1,singleton_or_local_review
UNRESOLVED_ROOT::PathOut_Residual_Generated::Nasalintestinaladeno,1,singleton_or_local_review
UNRESOLVED_ROOT::PathOut_Residual_Generated::Nasalmucor,1,singleton_or_local_review
UNRESOLVED_ROOT::PathOut_Residual_Generated::Nasalsalivaryglandanlage,1,singleton_or_local_review
UNRESOLVED_ROOT::PathOut_Residual_Generated::Nasalscc,1,singleton_or_local_review
UNRESOLVED_ROOT::PathOut_Residual_Generated::Nasalsmallcell,1,singleton_or_local_review
UNRESOLVED_ROOT::PathOut_Residual_Generated::Oralcavityadenoidcystic,1,singleton_or_local_review
UNRESOLVED_ROOT::PathOut_Residual_Generated::Oralcavityburkitt,1,singleton_or_local_review
UNRESOLVED_ROOT::PathOut_Residual_Generated::Oralcavitycaliberpersistentartery,1,singleton_or_local_review
UNRESOLVED_ROOT::PathOut_Residual_Generated::Oralcavityduplicationcyst,1,singleton_or_local_review
UNRESOLVED_ROOT::PathOut_Residual_Generated::Oralcavitydysplasia,1,singleton_or_local_review
UNRESOLVED_ROOT::PathOut_Residual_Generated::Oralcavityepulis,1,singleton_or_local_review
UNRESOLVED_ROOT::PathOut_Residual_Generated::Oralcavityfeaturestoreport,1,singleton_or_local_review
UNRESOLVED_ROOT::PathOut_Residual_Generated::Oralcavityfordyce,1,singleton_or_local_review
UNRESOLVED_ROOT::PathOut_Residual_Generated::Oralcavityglossitis,1,singleton_or_local_review
UNRESOLVED_ROOT::Pathology_Informatics::Concept::Classification::Artificial_Intelligence,1,singleton_or_local_review
UNRESOLVED_ROOT::Pathology_Informatics::Concept::Classification::Cognition_And_Human_Computer_Interaction_In_Pathology,1,singleton_or_local_review
UNRESOLVED_ROOT::Pathology_Informatics::Concept::Classification::Computational_Pathology_Fundamentals_And_Applications,1,singleton_or_local_review
UNRESOLVED_ROOT::Pathology_Informatics::Concept::Classification::Computer_Aided_Diagnosis,1,singleton_or_local_review
UNRESOLVED_ROOT::Pathology_Informatics::Concept::Classification::Cybersecurity,1,singleton_or_local_review
UNRESOLVED_ROOT::Pathology_Informatics::Concept::Classification::Data_Repositories,1,singleton_or_local_review
UNRESOLVED_ROOT::Pathology_Informatics::Concept::Classification::Data_Representation_And_Communication_Standards,1,singleton_or_local_review
UNRESOLVED_ROOT::Pathology_Informatics::Concept::Classification::Database_Fundamentals,1,singleton_or_local_review
UNRESOLVED_ROOT::Pathology_Informatics::Concept::Classification::Digital_Imaging_Fundamentals_And_Standards,1,singleton_or_local_review
UNRESOLVED_ROOT::Pathology_Informatics::Concept::Classification::Digitization_And_Precision_Oncology,1,singleton_or_local_review
UNRESOLVED_ROOT::Pathology_Informatics::Concept::Classification::Foundation_AI_Models,1,singleton_or_local_review
UNRESOLVED_ROOT::Pathology_Informatics::Concept::Classification::Image_Analysis_Fundamentals,1,singleton_or_local_review
UNRESOLVED_ROOT::Pathology_Informatics::Concept::Classification::Middleware,1,singleton_or_local_review
UNRESOLVED_ROOT::Pathology_Informatics::Concept::Classification::Natural_Language_Processing_NLP,1,singleton_or_local_review
UNRESOLVED_ROOT::Pathology_Informatics::Concept::Classification::Spectral_Imaging,1,singleton_or_local_review
UNRESOLVED_ROOT::Pathology_Informatics::Concept::Classification::Teledermatopathology,1,singleton_or_local_review
UNRESOLVED_ROOT::Pathology_Informatics::Concept::Classification::Wsi_Applications,1,singleton_or_local_review
UNRESOLVED_ROOT::Pathology_Informatics::Concept::IHC_Markers::Fluorescent_Microscopy_Fundamentals_And_Applications,1,singleton_or_local_review
UNRESOLVED_ROOT::Pathology_Informatics::Concept::IHC_Markers::Multiplex_Immunofluorescence,1,singleton_or_local_review
UNRESOLVED_ROOT::Pathology_Informatics::Concept::IHC_Markers::Virtual_Staining,1,singleton_or_local_review
UNRESOLVED_ROOT::Pathology_Informatics::Concept::Laboratory_Operations::Autoverification_In_The_Core_Clinical_Laboratory,1,singleton_or_local_review
UNRESOLVED_ROOT::Pathology_Informatics::Concept::Laboratory_Operations::Barcoding_And_Tracking,1,singleton_or_local_review
UNRESOLVED_ROOT::Pathology_Informatics::Concept::Laboratory_Operations::Education,1,singleton_or_local_review
UNRESOLVED_ROOT::Pathology_Informatics::Concept::Laboratory_Operations::Quality_Control,1,singleton_or_local_review
UNRESOLVED_ROOT::Pathology_Informatics::Concept::Molecular_Genetics::Augmented_Reality_Microscopy_ARM,1,singleton_or_local_review
UNRESOLVED_ROOT::Pathology_Informatics::Concept::Molecular_Genetics::Computational_Methods_For_Molecular_Pathology,1,singleton_or_local_review
UNRESOLVED_ROOT::Pathology_Informatics::Concept::Molecular_Genetics::LIS_Additional_Features,1,singleton_or_local_review
UNRESOLVED_ROOT::Pathology_Informatics::Concept::Other::Hematopathology,1,singleton_or_local_review
UNRESOLVED_ROOT::Pathology_Informatics::Concept::Procedure_Specimen::Intraoperative_Consultation_Telepathology,1,singleton_or_local_review
UNRESOLVED_ROOT::Pathology_Informatics::Concept::Procedure_Specimen::Surgical_Pathology,1,singleton_or_local_review
UNRESOLVED_ROOT::Pathology_Informatics::Depositional_Metabolic::LIS_Fundamentals,1,singleton_or_local_review
UNRESOLVED_ROOT::Pathology_Informatics::Neoplastic::Convolutional_Neural_Networks,1,singleton_or_local_review
UNRESOLVED_ROOT::Pathology_Informatics::Neoplastic::Image_Analysis_Applications,1,singleton_or_local_review
UNRESOLVED_ROOT::Pathology_Informatics::Neoplastic::Malignant::Computer_Aided_Detection,1,singleton_or_local_review
UNRESOLVED_ROOT::Pathology_Informatics::Neoplastic::Malignant::Wsi_Fundamentals,1,singleton_or_local_review
UNRESOLVED_ROOT::Pathology_Informatics::Neoplastic::Telecytology,1,singleton_or_local_review
UNRESOLVED_ROOT::Pathology_Informatics::Neoplastic::Wsi_Commercial_Platforms,1,singleton_or_local_review
UNRESOLVED_ROOT::Pathology_Informatics::Neoplastic::Wsi_Implementation,1,singleton_or_local_review
UNRESOLVED_ROOT::Pleura::Concept::Classification::Nodular_Histiocytic_Hyperplasia,1,singleton_or_local_review
UNRESOLVED_ROOT::Pleura::Concept::Molecular_Genetics::Pleural_Effusion,1,singleton_or_local_review
UNRESOLVED_ROOT::Pleura::Concept::Reporting_Grossing::Anatomy_History_Grossing_And_Features_To_Report,1,singleton_or_local_review
UNRESOLVED_ROOT::Pleura::Concept::Staging::Staging,1,singleton_or_local_review
UNRESOLVED_ROOT::Pleura::Congenital_Structural::Endosalpingiosis_Peritoneum,1,singleton_or_local_review
UNRESOLVED_ROOT::Pleura::Congenital_Structural::Peritoneal_Inclusion_Cyst_Peritoneum,1,singleton_or_local_review
UNRESOLVED_ROOT::Pleura::Inflammatory::Mesothelial_Hyperplasia_Peritoneum,1,singleton_or_local_review
UNRESOLVED_ROOT::Pleura::Inflammatory::Pleuritis_With_Pleural_Effusion,1,singleton_or_local_review
UNRESOLVED_ROOT::Pleura::Inflammatory::Reactive_Pleuritis_With_Mesothelial_Hyperplasia,1,singleton_or_local_review
UNRESOLVED_ROOT::Pleura::Neoplastic::Benign::Benign_Mesothelial_Proliferations_Pleura,1,singleton_or_local_review
UNRESOLVED_ROOT::Pleura::Neoplastic::Malignant::Metastases,1,singleton_or_local_review
UNRESOLVED_ROOT::Pleura::Neoplastic::Malignant::Pneumothorax,1,singleton_or_local_review
UNRESOLVED_ROOT::Salivary_Gland::Neoplastic::Benign::Ductal_Papilloma,1,singleton_or_local_review
UNRESOLVED_ROOT::Skeletal_Muscle::Concept::Classification::Duchenne_And_Becker_Muscular_Dystrophy,1,singleton_or_local_review
UNRESOLVED_ROOT::Skeletal_Muscle::Concept::Classification::Multiminicore_Myopathy,1,singleton_or_local_review
UNRESOLVED_ROOT::Skeletal_Muscle::Concept::Laboratory_Operations::Immune_Mediated_Necrotizing_Myopathy,1,singleton_or_local_review
UNRESOLVED_ROOT::Skeletal_Muscle::Concept::Molecular_Genetics::Myotonic_Dystrophy,1,singleton_or_local_review
UNRESOLVED_ROOT::Skeletal_Muscle::Congenital_Structural::Central_Core_Disease,1,singleton_or_local_review
UNRESOLVED_ROOT::Skeletal_Muscle::Depositional_Metabolic::Glycogen_Storage_Diseases,1,singleton_or_local_review
UNRESOLVED_ROOT::Skeletal_Muscle::Depositional_Metabolic::Neurogenic_Atrophy,1,singleton_or_local_review
UNRESOLVED_ROOT::Skeletal_Muscle::Inflammatory::Antisynthetase_Syndrome_Associated_Myositis,1,singleton_or_local_review
UNRESOLVED_ROOT::Skeletal_Muscle::Inflammatory::Dermatomyositis,1,singleton_or_local_review
UNRESOLVED_ROOT::Skeletal_Muscle::Inflammatory::Eosinophilic_Myofasciitis,1,singleton_or_local_review
UNRESOLVED_ROOT::Skeletal_Muscle::Inflammatory::Inclusion_Body_Myositis,1,singleton_or_local_review
UNRESOLVED_ROOT::Skeletal_Muscle::Inflammatory::Macrophagic_Myofasciitis,1,singleton_or_local_review
UNRESOLVED_ROOT::Skeletal_Muscle::Inflammatory::Polymyositis,1,singleton_or_local_review
UNRESOLVED_ROOT::Skeletal_Muscle::Neoplastic::Malignant::Facioscapulohumeral_Muscular_Dystrophy,1,singleton_or_local_review
UNRESOLVED_ROOT::Skeletal_Muscle::Neoplastic::Oculopharyngeal_Muscular_Dystrophy,1,singleton_or_local_review
UNRESOLVED_ROOT::Skeletal_Muscle::Normal_Histology::Histology_Skeletal_Muscle,1,singleton_or_local_review
UNRESOLVED_ROOT::Skeletal_Muscle::Normal_Histology::Nemaline_Myopathy,1,singleton_or_local_review
UNRESOLVED_ROOT::Syndromes::Concept::Classification::Prune_Belly_Syndrome,1,singleton_or_local_review
UNRESOLVED_ROOT::Syndromes::Concept::Other::Vacterl_Association,1,singleton_or_local_review
UNRESOLVED_ROOT::Syndromes::Congenital_Structural::Arnold_Chiari_Malformation,1,singleton_or_local_review
UNRESOLVED_ROOT::Syndromes::Congenital_Structural::Dandy_Walker_Malformation,1,singleton_or_local_review
UNRESOLVED_ROOT::Syndromes::Congenital_Structural::Meckel_Gruber_Syndrome,1,singleton_or_local_review
UNRESOLVED_ROOT::Transfusion_Medicine::Concept::Classification::Adsorption_Studies,1,singleton_or_local_review
UNRESOLVED_ROOT::Transfusion_Medicine::Concept::Classification::Asfa_Guidelines_Overview,1,singleton_or_local_review
UNRESOLVED_ROOT::Transfusion_Medicine::Concept::Classification::Cold_Stored_Platelets,1,singleton_or_local_review
UNRESOLVED_ROOT::Transfusion_Medicine::Concept::Classification::Coombs_Test_DAT,1,singleton_or_local_review
UNRESOLVED_ROOT::Transfusion_Medicine::Concept::Classification::Equity,1,singleton_or_local_review
UNRESOLVED_ROOT::Transfusion_Medicine::Concept::Classification::Hemolytic_Disease_Of_The_Fetus_And_Newborn,1,singleton_or_local_review
UNRESOLVED_ROOT::Transfusion_Medicine::Concept::Classification::Plateletpheresis,1,singleton_or_local_review
UNRESOLVED_ROOT::Transfusion_Medicine::Concept::Classification::Tissue_Banking,1,singleton_or_local_review
UNRESOLVED_ROOT::Transfusion_Medicine::Concept::Grading::Therapeutic_Plasma_Exchange_TPE,1,singleton_or_local_review
UNRESOLVED_ROOT::Transfusion_Medicine::Concept::Laboratory_Operations::Automation,1,singleton_or_local_review
UNRESOLVED_ROOT::Transfusion_Medicine::Concept::Laboratory_Operations::Biological_Product_Deviation,1,singleton_or_local_review
UNRESOLVED_ROOT::Transfusion_Medicine::Concept::Management_Workup::Car_T_Cell_Therapy,1,singleton_or_local_review
UNRESOLVED_ROOT::Transfusion_Medicine::Concept::Management_Workup::Cellular_Therapy_Reactions,1,singleton_or_local_review
UNRESOLVED_ROOT::Transfusion_Medicine::Concept::Management_Workup::Donor_Eligibility,1,singleton_or_local_review
UNRESOLVED_ROOT::Transfusion_Medicine::Concept::Management_Workup::Enzyme_Treatment,1,singleton_or_local_review
UNRESOLVED_ROOT::Transfusion_Medicine::Concept::Management_Workup::Ethics,1,singleton_or_local_review
UNRESOLVED_ROOT::Transfusion_Medicine::Concept::Management_Workup::Irradiation,1,singleton_or_local_review
UNRESOLVED_ROOT::Transfusion_Medicine::Concept::Management_Workup::Ldl_Apheresis,1,singleton_or_local_review
UNRESOLVED_ROOT::Transfusion_Medicine::Concept::Management_Workup::Monoclonal_Antibody_Therapy,1,singleton_or_local_review
UNRESOLVED_ROOT::Transfusion_Medicine::Concept::Management_Workup::Patient_Blood_Management,1,singleton_or_local_review
UNRESOLVED_ROOT::Transfusion_Medicine::Concept::Management_Workup::Red_Blood_Cell_Alloimmunization,1,singleton_or_local_review
UNRESOLVED_ROOT::Transfusion_Medicine::Concept::Molecular_Genetics::Blood_Alternatives,1,singleton_or_local_review
UNRESOLVED_ROOT::Transfusion_Medicine::Concept::Molecular_Genetics::Delayed_Hemolytic_And_Serologic_Reactions,1,singleton_or_local_review
UNRESOLVED_ROOT::Transfusion_Medicine::Concept::Molecular_Genetics::Fetal_Neonatal_Alloimmune_Thrombocytopenia,1,singleton_or_local_review
UNRESOLVED_ROOT::Transfusion_Medicine::Concept::Molecular_Genetics::Iron_Overload,1,singleton_or_local_review
UNRESOLVED_ROOT::Transfusion_Medicine::Concept::Molecular_Genetics::Massive_Transfusion,1,singleton_or_local_review
UNRESOLVED_ROOT::Transfusion_Medicine::Concept::Molecular_Genetics::Platelet_Refractoriness,1,singleton_or_local_review
UNRESOLVED_ROOT::Transfusion_Medicine::Concept::Molecular_Genetics::Sickle_Cell_Disease,1,singleton_or_local_review
UNRESOLVED_ROOT::Transfusion_Medicine::Concept::Molecular_Genetics::Transfusion_Associated_Circulatory_Overload,1,singleton_or_local_review
UNRESOLVED_ROOT::Transfusion_Medicine::Concept::Molecular_Genetics::Transfusion_Associated_Graft_Versus_Host_Disease,1,singleton_or_local_review
UNRESOLVED_ROOT::Transfusion_Medicine::Concept::Molecular_Genetics::Variant_Creutzfeldt_Jakob,1,singleton_or_local_review
UNRESOLVED_ROOT::Transfusion_Medicine::Concept::Molecular_Genetics::Washing_And_Volume_Reduction,1,singleton_or_local_review
UNRESOLVED_ROOT::Transfusion_Medicine::Concept::Other::Kell_System,1,singleton_or_local_review
UNRESOLVED_ROOT::Transfusion_Medicine::Concept::Other::Kidd_System,1,singleton_or_local_review
UNRESOLVED_ROOT::Transfusion_Medicine::Concept::Other::Photopheresis,1,singleton_or_local_review
UNRESOLVED_ROOT::Transfusion_Medicine::Concept::Procedure_Specimen::Hypotension,1,singleton_or_local_review
UNRESOLVED_ROOT::Transfusion_Medicine::Concept::Procedure_Specimen::Stem_Cell_Collection,1,singleton_or_local_review
UNRESOLVED_ROOT::Transfusion_Medicine::Congenital_Structural::Allergic_Anaphylactic,1,singleton_or_local_review
UNRESOLVED_ROOT::Transfusion_Medicine::Congenital_Structural::Red_Blood_Cell_Genotyping,1,singleton_or_local_review
UNRESOLVED_ROOT::Transfusion_Medicine::Depositional_Metabolic::Cryoprecipitate_Use,1,singleton_or_local_review
UNRESOLVED_ROOT::Transfusion_Medicine::Depositional_Metabolic::Shelf_Lives_Of_Products,1,singleton_or_local_review
UNRESOLVED_ROOT::Transfusion_Medicine::Depositional_Metabolic::Transfusion_Related_Acute_Lung_Injury,1,singleton_or_local_review
UNRESOLVED_ROOT::Transfusion_Medicine::Infectious::Covid_19_Convalescent_Plasma,1,singleton_or_local_review
UNRESOLVED_ROOT::Transfusion_Medicine::Infectious::Hemovigilance,1,singleton_or_local_review
UNRESOLVED_ROOT::Transfusion_Medicine::Infectious::Ii_System,1,singleton_or_local_review
UNRESOLVED_ROOT::Transfusion_Medicine::Infectious::Lookbacks,1,singleton_or_local_review
UNRESOLVED_ROOT::Transfusion_Medicine::Infectious::Mns_System,1,singleton_or_local_review
UNRESOLVED_ROOT::Transfusion_Medicine::Infectious::Parasites,1,singleton_or_local_review
UNRESOLVED_ROOT::Transfusion_Medicine::Infectious::Pathogen_Inactivation,1,singleton_or_local_review
UNRESOLVED_ROOT::Transfusion_Medicine::Infectious::Platelet_Use,1,singleton_or_local_review
UNRESOLVED_ROOT::Transfusion_Medicine::Infectious::Red_Blood_Cell_Use,1,singleton_or_local_review
UNRESOLVED_ROOT::Transfusion_Medicine::Infectious::Zika_Virus,1,singleton_or_local_review
UNRESOLVED_ROOT::Transfusion_Medicine::Inflammatory::Cold_Autoantibody_Testing,1,singleton_or_local_review
UNRESOLVED_ROOT::Transfusion_Medicine::Inflammatory::DAT_Negative_Autoimmune_Hemolytic_Anemia,1,singleton_or_local_review
UNRESOLVED_ROOT::Transfusion_Medicine::Neoplastic::Malignant::Donor_Reactions,1,singleton_or_local_review
_UNMAPPED_,1,singleton_or_local_review
BST::Bone::Chondrogenic::Malignant::Chondrosarcoma_Mesenchymal,2,local_tag_review
BST::Bone::Congenital_Structural::Cyst::Simple_Bone_Cyst,2,local_tag_review
BST::Bone::Giant_Cell::Intermediate::Giant_Cell_Tumor_Of_Bone,2,local_tag_review
BST::Bone::Other::Malignant::Ewing_Sarcoma,2,local_tag_review
BST::Soft_Tissue::Fibroblastic::Malignant::Adult_Fibrosarcoma,2,local_tag_review
BST::Soft_Tissue::Fibroblastic::Malignant::Myxofibrosarcoma,2,local_tag_review
BST::Soft_Tissue::Fibrohistiocytic::Benign::Tenosynovial_Giant_Cell_Tumor_Localized,2,local_tag_review
BST::Soft_Tissue::Inflammatory::Acute_Chronic::Myositis_Ossificans,2,local_tag_review
BST::Soft_Tissue::Nerve_Sheath::Malignant::Malignant_Peripheral_Nerve_Sheath_Tumor_MPNST,2,local_tag_review
BST::Soft_Tissue::Pericytic::Benign::Myofibroma,2,local_tag_review
BST::Soft_Tissue::Uncertain_Diff::Malignant::Alveolar_Soft_Part_Sarcoma,2,local_tag_review
BST::Soft_Tissue::Uncertain_Diff::Malignant::Undifferentiated_Sarcoma_CIC_Rearranged,2,local_tag_review
BST::Soft_Tissue::Vascular::Benign::Hemangioma_Epithelioid,2,local_tag_review
BST::Soft_Tissue::Vascular::Intermediate::Pseudomyogenic_Hemangioendothelioma,2,local_tag_review
BST::Soft_Tissue::Vascular::Malignant::Epithelioid_Hemangioendothelioma,2,local_tag_review
Breast::Epithelial::Neuroendocrine_Tumors::Neuroendocrine_Carcinoma,2,local_tag_review
Breast::Neoplastic::Epithelial::Benign::Cystic_Hypersecretory_Lesion,2,local_tag_review
Breast::Neoplastic::Epithelial::Malignant::Invasive_Breast_Carcinoma_NST,2,local_tag_review
Breast::Neoplastic::Epithelial::Malignant::Invasive_Lobular_Carcinoma,2,local_tag_review
Breast::Neoplastic::Epithelial::Malignant::Metaplastic_Carcinoma,2,local_tag_review
Breast::Neoplastic::Fibroepithelial::Benign::Fibroadenoma,2,local_tag_review
Endo::Parathyroid::Nonneoplastic::Hyperplasia::Primary_Clear_Cell_Hyperplasia,2,local_tag_review
Endo::Thyroid::Congenital_Structural::Cyst::Thyroglossal_Duct_Cyst,2,local_tag_review
Endo::Thyroid::Neoplastic::Epithelial::Benign::Follicular_Adenoma,2,local_tag_review
Endo::Thyroid::Neoplastic::Epithelial::Malignant::Papillary_Thyroid_Carcinoma,2,local_tag_review
GI::Colon::Polyp::Hamartoma::Juvenile_Polyp,2,local_tag_review
GI::Esophagus::Neoplastic::Mesenchymal::Esophageal_Granular_Cell_Tumor,2,local_tag_review
GI::Esophagus::Neoplastic::Neuroendocrine::Esophageal_Neuroendocrine_Carcinoma_Small_Cell,2,local_tag_review
GI::GENETICS::Syndromes::Cowden_Syndrome,2,local_tag_review
GI::General::Neoplastic::Germ_Cell::Germ_Cell_Tumors_Digestive_System,2,local_tag_review
GI::Liver::Inflammatory::Viral::Hepatic_EBV_CMV_HSV_Hepatitis,2,local_tag_review
GI::Liver::Neoplastic::Benign_Hepatocellular::Focal_Nodular_Hyperplasia,2,local_tag_review
GI::Liver::Neoplastic::Cystic::Hepatic_Mucinous_Cystic_Neoplasm,2,local_tag_review
GI::Mesenchymal::Adipocytic::Lipoma,2,local_tag_review
GI::Mesenchymal::Fibroblastic_Adipose::Inflammatory_Myofibroblastic_Tumor,2,local_tag_review
GI::Mesenchymal::Neural::Ganglioneuroma,2,local_tag_review
GI::Mesenchymal::Neural::Schwannoma,2,local_tag_review
GI::Mesenchymal::Vascular::Angiosarcoma,2,local_tag_review
GI::Pancreas::Neoplastic::Cystic::Pancreatic_Intraductal_Oncocytic_Papillary_Neoplasm_IOPN,2,local_tag_review
GI::Pancreas::Neoplastic::Cystic::Pancreatic_Simple_Mucinous_Cyst,2,local_tag_review
GI::Small_Intestine::Inflammatory::Acute::Small_Intestinal_Necrotizing_Enterocolitis,2,local_tag_review
GI::Small_Intestine::Neoplastic::Adenoma::Ampullary_Tubular_Adenoma,2,local_tag_review
GI::Stomach::Gastropathy::Vascular::Gastric_Antral_Vascular_Ectasia_GAVE,2,local_tag_review
GI::Stomach::Gastropathy::Vascular::Gastric_Portal_Hypertensive_Gastropathy,2,local_tag_review
GI::Stomach::Inflammatory::Gastritis::Gastric_Acute_Hemorrhagic_Gastritis,2,local_tag_review
GI::Stomach::Inflammatory::Gastritis::Gastric_Chronic_Helicobacter_Pylori_Gastritis,2,local_tag_review
GI::Syndrome::Polyposis::Adenomatous::Familial_Adenomatous_Polyposis_APC,2,local_tag_review
GI::Syndrome::Polyposis::Hamartomatous::Juvenile_Polyposis_Syndrome,2,local_tag_review
GU::Bladder::Infectious::Schistosomiasis,2,local_tag_review
GU::Bladder::Neuroendocrine::Small_Cell_Neuroendocrine_Carcinoma,2,local_tag_review
GU::Bladder::Non_Neoplastic::Amyloidosis,2,local_tag_review
GU::Bladder::Squamous_Neoplasms::Squamous_Cell_Carcinoma,2,local_tag_review
GU::Bladder::Urothelial::Adenocarcinoma_NOS,2,local_tag_review
GU::Bladder::Urothelial::Low_Grade_Papillary_Urothelial_Carcinoma,2,local_tag_review
GU::Bladder::Urothelial::Urothelial_Carcinoma_In_Situ,2,local_tag_review
GU::Kidney::Inflammatory::Infectious::Pyelonephritis,2,local_tag_review
GU::Kidney::Medical_Kidney_Disease::Glomerular::Monoclonal_Gammopathy_Associated_Renal_Disease,2,local_tag_review
GU::Kidney::Metanephric::Cystic_Nephroma,2,local_tag_review
GU::Kidney::Metanephric::Mixed_Epithelial_and_Stromal_Tumor,2,local_tag_review
GU::Kidney::Renal_cell::Acquired_Cystic_Disease_Associated_RCC,2,local_tag_review
GU::Kidney::Renal_cell::SDH_Deficient_Renal_Cell_Carcinoma,2,local_tag_review
GU::Kidney::Renal_cell::Thyroid_Like_Follicular_Carcinoma_of_the_Kidney,2,local_tag_review
GU::Other::Histology_&_Anatomy::Histology_&_Anatomy_of_Male_Urethra,2,local_tag_review
GU::Other::Urethra::Carcinoma_of_Urethra,2,local_tag_review
GU::Penis::Benign::Condyloma,2,local_tag_review
GU::Penis::Histology_&_Anatomy::Histology_&_Anatomy_of_Penis_&_Scrotum,2,local_tag_review
GU::Penis::Precursor_Lesions::Penile_Intraepithelial_Neoplasia_PeIN,2,local_tag_review
GU::Prostate::Basal_Cell_Neoplasms::Basal_Cell_Carcinoma,2,local_tag_review
GU::Prostate::Benign::Atrophy,2,local_tag_review
GU::Prostate::Benign::Large_,2,local_tag_review
GU::Prostate::Benign::Prostatic_Type_Polyp_Ectopic,2,local_tag_review
GU::Prostate::Prostatitis::Granulomatous_Prostatitis,2,local_tag_review
GU::Testis::Paratesticular::Adenomatoid_Tumor,2,local_tag_review
GYN::Cervix::Neoplastic::Epithelial::Malignant::HPV_Associated_Adenocarcinoma,2,local_tag_review
GYN::Cervix::Neoplastic::Epithelial::Malignant::Mesonephric_Adenocarcinoma_HPV_Independent,2,local_tag_review
GYN::Cervix::Neoplastic::Hematolymphoid::Malignant::Lymphoma,2,local_tag_review
GYN::Cervix::Neoplastic::Mesenchymal::Malignant::Rhabdomyosarcoma,2,local_tag_review
GYN::Cervix::Normal_Histology::Atrophy,2,local_tag_review
GYN::Cervix::Normal_Histology::Physiologic_Change::Arias_Stella_Reaction,2,local_tag_review
GYN::Fallopian_Tube::Inflammatory::Acute::Salpingitis,2,local_tag_review
GYN::GTD::Tumor_Like::Non_Neoplastic::Placental_Site_Nodule_and_Plaque,2,local_tag_review
GYN::Ovary::Congenital_Structural::Cyst::Large_Solitary_Luteinized_Follicle_Cyst,2,local_tag_review
GYN::Ovary::Neoplastic::Epithelial::Benign::Serous_Tumor_Benign,2,local_tag_review
GYN::Ovary::Neoplastic::Germ_Cell::Benign::Mature_Cystic_Teratoma,2,local_tag_review
GYN::Ovary::Neoplastic::Melanocytic::Malignant::Melanoma,2,local_tag_review
GYN::Ovary::Neoplastic::Mesenchymal::Malignant::Smooth_Muscle_Tumors,2,local_tag_review
GYN::Ovary::Neoplastic::Mixed::Malignant::Mixed_Germ_Cell_Sex_Cord_Stromal_Tumor,2,local_tag_review
GYN::Ovary::Neoplastic::Sex_Cord_Stromal::Benign::Leydig_Cell_Tumor,2,local_tag_review
GYN::Peritoneum::Tumor_Like::Endosalpingiosis_of_the_Peritoneum,2,local_tag_review
GYN::Uterus::Neoplastic::Epithelial::Malignant::Carcinosarcoma,2,local_tag_review
GYN::Uterus::Neoplastic::Epithelial::Malignant::Neuroendocrine_Carcinoma,2,local_tag_review
GYN::Uterus::Neoplastic::Epithelial::Malignant::Undifferentiated_Dedifferentiated_Carcinoma,2,local_tag_review
GYN::Uterus::Neoplastic::Mesenchymal::Malignant::Alveolar_Soft_Part_Sarcoma,2,local_tag_review
GYN::Uterus::Neoplastic::Mesenchymal::Malignant::Leiomyosarcoma,2,local_tag_review
GYN::Uterus::Neoplastic::Mixed::Intermediate::Atypical_Polypoid_Adenomyoma,2,local_tag_review
GYN::Vulva::Neoplastic::Mesenchymal::Benign::Cellular_Angiofibroma,2,local_tag_review
GYN::Vulva::Normal_Histology::Heterotopia::Endometriosis,2,local_tag_review
HEME::B_Cell_Lymphomas::Mature_B_Cell::Mantle_Cell::Leukemic_Non_nodal_Mantle_Cell_Lymphoma,2,local_tag_review
HEME::GENETICS::Fanconi_Anemia,2,local_tag_review
HEME::Stroma_Derived::Myofibroblastic_Tumors::Intranodal_Palisaded_Myofibroblastoma,2,local_tag_review
HN::Eye_Adnexa::Non_Neoplastic,2,local_tag_review
HN::Heme::B_Cell::Extranodal_Marginal_Zone_Lymphoma,2,local_tag_review
HN::Larynx_Hypopharynx_Trachea::Carcinoma::Lymphoepithelial_Carcinoma,2,local_tag_review
HN::Larynx_Hypopharynx_Trachea::Carcinoma::Neuroendocrine_Carcinoma,2,local_tag_review
HN::Melanocytic::Mucosal_Melanoma,2,local_tag_review
HN::Neck_Lymph_Node::Cyst::Dermoid_Cyst,2,local_tag_review
HN::Odontogenic_Maxillofacial::Benign_Mesenchymal::Cemento_Ossifying_Fibroma,2,local_tag_review
HN::Odontogenic_Maxillofacial::Fibro_Osseous::Juvenile_Trabecular_Ossifying_Fibroma,2,local_tag_review
HN::Odontogenic_Maxillofacial::Giant_Cell_Lesion::Central_Giant_Cell_Granuloma,2,local_tag_review
HN::Odontogenic_Maxillofacial::Jaw_Cyst::Gingival_Cyst,2,local_tag_review
HN::Odontogenic_Maxillofacial::Malignant_Bone_Cartilage::Chondrosarcoma,2,local_tag_review
HN::Oral_Cavity::Non_Neoplastic::Multifocal_Epithelial_Hyperplasia,2,local_tag_review
HN::Oral_Cavity::Non_Neoplastic::Necrotizing_Sialometaplasia,2,local_tag_review
HN::Oral_Cavity::Precursor::Squamous_Papilloma,2,local_tag_review
HN::Oral_Cavity::Tumor_Uncertain_Histogenesis::Granular_Cell_Tumor,2,local_tag_review
HN::Oral_Cavity::Tumor_Uncertain_Histogenesis::Melanotic_Neuroectodermal_Tumor_Of_Infancy,2,local_tag_review
HN::Salivary_Gland::Benign_Tumor::Canalicular_Adenoma,2,local_tag_review
HN::Salivary_Gland::Benign_Tumor::Cystadenoma,2,local_tag_review
HN::Salivary_Gland::Malignant_Tumor::Acinic_Cell_Carcinoma,2,local_tag_review
HN::Salivary_Gland::Malignant_Tumor::Adenoid_Cystic_Carcinoma,2,local_tag_review
HN::Salivary_Gland::Malignant_Tumor::Carcinosarcoma,2,local_tag_review
HN::Salivary_Gland::Malignant_Tumor::Mucoepidermoid_Carcinoma,2,local_tag_review
HN::Salivary_Gland::Malignant_Tumor::Polymorphous_Adenocarcinoma,2,local_tag_review
HN::Salivary_Gland::Malignant_Tumor::Salivary_Gland_Carcinoma_NOS,2,local_tag_review
HN::Salivary_Gland::Non_Neoplastic::Mucocele,2,local_tag_review
HN::Sinonasal::Carcinoma::HPV_Related_Multiphenotypic_Sinonasal_Carcinoma,2,local_tag_review
HN::Sinonasal::Carcinoma::NUT_Carcinoma,2,local_tag_review
HN::Sinonasal::Hamartoma::Glial_Heterotopia,2,local_tag_review
HN::Soft_Tissue::Skeletal_Muscle::Rhabdomyoma,2,local_tag_review
HN::Soft_Tissue::Smooth_Muscle::Leiomyoma,2,local_tag_review
HN::Soft_Tissue::Vascular::Hemangioma,2,local_tag_review
Heme::Histiocytic_Dendritic_Cell::Macrophage::Hemophagocytic_Lymphohistiocytosis_HLH,2,local_tag_review
Heme::Hodgkin_Lymphoma::Nodular_Lymphocyte_Predominant_Hodgkin_Lymphoma,2,local_tag_review
Heme::Infection::Infectious_Mononucleosis,2,local_tag_review
Heme::Mature_B_Cell::Large_B_Cell::Mediastinal_Grey_Zone_Lymphoma,2,local_tag_review
Heme::Mature_B_Cell::Large_B_Cell::Primary_Mediastinal_Large_B_Cell_Lymphoma,2,local_tag_review
Heme::Mature_B_Cell::Marginal_Zone::Extranodal_Marginal_Zone_Lymphoma_Of_MALT,2,local_tag_review
Heme::Mature_B_Cell::Marginal_Zone::Primary_Cutaneous_Marginal_Zone_Lymphoma,2,local_tag_review
Heme::Mature_B_Cell::Small_Lymphocytic::Monoclonal_B_Cell_Lymphocytosis,2,local_tag_review
Heme::Mature_B_Cell::Splenic::Hairy_Cell_Leukemia,2,local_tag_review
Heme::Mature_T_NK_Cell::Anaplastic_Large_Cell::ALK_Positive_Anaplastic_Large_Cell_Lymphoma,2,local_tag_review
Heme::Mature_T_NK_Cell::Cutaneous::Mycosis_Fungoides,2,local_tag_review
Heme::Mature_T_NK_Cell::EBV_Positive::EBV_Positive_Nodal_T_NK_Cell_Lymphoma,2,local_tag_review
Heme::Non_Neoplastic::Erythrocyte::Thalassemia,2,local_tag_review
Heme::Non_Neoplastic::Platelet_Coagulation::Von_Willebrand_Disease,2,local_tag_review
Heme::Non_Neoplastic::Spleen::Lymphoid_Hyperplasia,2,local_tag_review
Heme::Plasma_Cell_Neoplasm::Monoclonal_Gammopathy::IgM_MGUS,2,local_tag_review
Heme::Plasma_Cell_Neoplasm::Plasmacytoma,2,local_tag_review
Neuro::Concept::IHC::GFAP,2,local_tag_review
Skin::Depositional_Metabolic::Xanthoma::Juvenile_and_Adult_Type_Xanthogranuloma,2,local_tag_review
Skin::Infectious::Fungal::Mycetoma,2,local_tag_review
Skin::Inflammatory::Infectious::Viral::HPV,2,local_tag_review
Skin::Inflammatory::Panniculitis::Erythema_Nodosum,2,local_tag_review
Skin::Neoplastic::Adnexal::Nail::Lentigo_,2,local_tag_review
Skin::Neoplastic::Adnexal::Paget::Extramammary_Paget_Disease,2,local_tag_review
Skin::Neoplastic::Epidermal::Benign::Epidermal_Nevus,2,local_tag_review
Skin::Neoplastic::Epithelial::Malignant::Squamous_Cell_Carcinoma,2,local_tag_review
Skin::Neoplastic::Hematolymphoid::Cutaneous_B_Cell_Lymphoma,2,local_tag_review
Skin::Neoplastic::Hematolymphoid::Mycosis_Fungoides,2,local_tag_review
Skin::Neoplastic::Melanocytic::Benign::Congenital_Nevus,2,local_tag_review
Skin::Neoplastic::Soft_Tissue::Fibrous::Dermatofibrosarcoma_Protuberans_DFSP,2,local_tag_review
Skin::Neoplastic::Soft_Tissue::Neural::Granular_Cell_Tumor,2,local_tag_review
Skin::Neoplastic::Soft_Tissue::Neural::Merkel_Cell_Carcinoma,2,local_tag_review
Skin::Neoplastic::Soft_Tissue::Neural::Neurofibroma,2,local_tag_review
Thorax_Mediastinum::Lung::Inflammatory::Airspace::Diffuse_Alveolar_Damage,2,local_tag_review
Thorax_Mediastinum::Lung::Inflammatory::Lymphocytic::Lymphoid_Interstitial_Pneumonia_LIP,2,local_tag_review
Thorax_Mediastinum::Lung::Inflammatory::Obstructive::Emphysema,2,local_tag_review
Thorax_Mediastinum::Lung::Neoplastic::Neuroendocrine::Precursor::Diffuse_Idiopathic_Pulmonary_Neuroendocrine_Cell_Hyperplasia_DIPNECH,2,local_tag_review
Thorax_Mediastinum::Thymus::Neoplastic::Epithelial::Carcinoma::Squamous_Cell_Carcinoma,2,local_tag_review
Thorax_Mediastinum::Thymus::Neoplastic::Neuroendocrine::Well_Differentiated::Carcinoid_Tumor,2,local_tag_review
UNRESOLVED_ROOT::Markers_IHC::Concept::Molecular_Genetics::CD170_179,2,local_tag_review
BST::Bone::Chondrogenic::Malignant::Chondrosarcoma_Periosteal,3,local_tag_review
BST::Soft_Tissue::Uncertain_Diff::Malignant::Undifferentiated_Pleomorphic_Sarcoma,3,local_tag_review
BST::Soft_Tissue::Vascular::Benign::Lymphangioma,3,local_tag_review
BST::Soft_Tissue::Vascular::Malignant::Angiosarcoma,3,local_tag_review
Breast::Epithelial::Salivary_Tumors::Tall_Cell_Carcinoma_with_Reversed_Polarity,3,local_tag_review
Breast::Male_Tumors::Epithelial::Carcinoma_in_Situ,3,local_tag_review
GI::Esophagus::Neoplastic::Carcinoma::Esophageal_Undifferentiated_Carcinoma,3,local_tag_review
GI::Mesenchymal::Muscle::Leiomyoma,3,local_tag_review
GI::Pancreas::Neoplastic::Neuroendocrine::Pancreatic_MiNEN_Mixed_Neuroendocrine_Nonneuroendocrine_Neoplasm,3,local_tag_review
GI::Small_Intestine::Normal_Histology::Normal_Anatomy,3,local_tag_review
GI::Small_Intestine::Polyp::Hamartoma::Small_Intestinal_Peutz_Jeghers_Type_Polyp,3,local_tag_review
GU::Bladder::Histology_,3,local_tag_review
GU::Bladder::Non_Neoplastic::Malakoplakia,3,local_tag_review
GU::Kidney::Neuroendocrine::Well_Differentiated_Neuroendocrine_Tumor,3,local_tag_review
GU::Kidney::Transplant::Rejection,3,local_tag_review
GU::Testis::Non_Neoplastic::Cysts,3,local_tag_review
GU::Testis::Sex_Cord_Stromal_Tumors::Sertoli_Cell_Tumor,3,local_tag_review
GYN::Cervix::Neoplastic::Epithelial::Malignant::Squamous_Cell_Carcinoma,3,local_tag_review
GYN::Ovary::Neoplastic::Epithelial::Benign::Endometrioid_Tumor_Benign,3,local_tag_review
GYN::Ovary::Neoplastic::Epithelial::Benign::Mucinous_Tumor_Benign,3,local_tag_review
GYN::Ovary::Neoplastic::Germ_Cell::Malignant::Carcinoid_Tumor,3,local_tag_review
GYN::Vulva::Neoplastic::Mesenchymal::Benign::Leiomyoma,3,local_tag_review
HN::Heme::T_NK_Cell::Extranodal_NK_T_Cell_Lymphoma,3,local_tag_review
HN::Odontogenic_Maxillofacial::Giant_Cell_Lesion::Peripheral_Giant_Cell_Granuloma,3,local_tag_review
HN::Oral_Cavity::Carcinoma::Verrucous_Carcinoma,3,local_tag_review
HN::Salivary_Gland::Benign_Tumor::Pleomorphic_Adenoma,3,local_tag_review
HN::Salivary_Gland::Malignant_Tumor::Salivary_Duct_Carcinoma,3,local_tag_review
HN::Soft_Tissue::Adipocytic::Lipoma,3,local_tag_review
HN::Soft_Tissue::Uncertain_Differentiation::Myxoma,3,local_tag_review
Heme::Hodgkin_Lymphoma::Classic_Hodgkin_Lymphoma,3,local_tag_review
Heme::Mature_B_Cell::Large_B_Cell::Lymphomatoid_Granulomatosis,3,local_tag_review
Heme::Mature_B_Cell::Splenic::Splenic_B_Cell_Lymphoma_Leukemia_With_Prominent_Nucleoli,3,local_tag_review
Heme::Precursor_T_Cell::Early_T_Precursor_Lymphoblastic_Leukemia_Lymphoma,3,local_tag_review
Skin::Neoplastic::Soft_Tissue::Malignant::Rhabdomyosarcoma,3,local_tag_review
Skin::Neoplastic::Vascular::Benign::Lymphangioma,3,local_tag_review
Skin::Normal_Histology::Nail,3,local_tag_review
GI::Anus::Neoplastic::Squamous::Anal_Squamous_Cell_Carcinoma_Overview,4,local_tag_review
GI::Colon::Polyp::Serrated::Colorectal_Hyperplastic_Polyp_Overview,4,local_tag_review
GI::Pancreas::Neoplastic::Neuroendocrine::Pancreatic_Neuroendocrine_Carcinoma,4,local_tag_review
GI::Stomach::Neoplastic::Carcinoma::Gastric_Adenosquamous_Carcinoma,4,local_tag_review
GU::Kidney::Renal_cell::ALK_Rearranged_Renal_Cell_Carcinoma,4,local_tag_review
HN::Soft_Tissue::Peripheral_Nerve_Sheath::Schwannoma,4,local_tag_review
Heme::Mature_B_Cell::Follicular::Follicular_Lymphoma,4,local_tag_review
Heme::Mature_B_Cell::Follicular::Primary_Cutaneous_Follicle_Center_Lymphoma,4,local_tag_review
Heme::Mature_T_NK_Cell::Leukemia::T_Prolymphocytic_Leukemia,4,local_tag_review
GI::Appendix::Neoplastic::Neuroendocrine::Appendiceal_Neuroendocrine_Tumor_Well_Differentiated,5,local_tag_review
GI::Stomach::Polyp::Reactive::Gastric_Inflammatory_Fibroid_Polyp_Vanek,5,local_tag_review
GU::Bladder::Neuroendocrine::Paraganglioma,5,local_tag_review
GYN::Cervix::Neoplastic::Epithelial::Precursor::Adenocarcinoma_In_Situ,5,local_tag_review
GYN::Peritoneum::Neoplastic::Epithelial::Malignant::Serous_Carcinoma,5,local_tag_review
Skin::Neoplastic::Melanocytic::Malignant::Malignant_Melanoma,7,local_tag_review
Thorax_Mediastinum::Pleura::Neoplastic::Mesothelial::Preinvasive::Mesothelioma_in_Situ,7,local_tag_review
HN::Sinonasal::Other::Meningioma,8,local_tag_review
HN::Ear_Temporal_Bone::External_Auditory_Canal::Squamous_Cell_Carcinoma,10,local_tag_review
GU::Prostate::Benign::Hyperplasia,11,local_tag_review
HN::Odontogenic_Maxillofacial::Malignant::Clear_Cell_Odontogenic_Carcinoma,11,local_tag_review
GU::Kidney::Histology_&_Anatomy::Histology_&_Anatomy_of_Kidney,12,local_tag_review
