source,tag,count
abpath,BST::Bone::Chondrogenic::Benign::Bizarre_Parosteal_Osteochondromatous_Proliferation,1
abpath,BST::Bone::Chondrogenic::Benign::Chondroblastoma,1
abpath,BST::Bone::Chondrogenic::Benign::Chondromyxoid_Fibroma,1
abpath,BST::Bone::Chondrogenic::Benign::Enchondroma,1
abpath,BST::Bone::Chondrogenic::Benign::Osteochondroma,1
abpath,BST::Bone::Chondrogenic::Benign::Osteochondromyxoma,1
abpath,BST::Bone::Chondrogenic::Benign::Periosteal_Chondroma,1
abpath,BST::Bone::Chondrogenic::Benign::Subungual_Exostosis,1
abpath,BST::Bone::Chondrogenic::Benign::Synovial_Chondromatosis,1
abpath,BST::Bone::Chondrogenic::Intermediate::Atypical_Cartilaginous_Tumor,1
abpath,BST::Bone::Chondrogenic::Malignant::Chondrosarcoma_Clear_Cell,1
abpath,BST::Bone::Chondrogenic::Malignant::Chondrosarcoma_Dedifferentiated,1
abpath,BST::Bone::Chondrogenic::Malignant::Chondrosarcoma_Grade_1,1
abpath,BST::Bone::Chondrogenic::Malignant::Chondrosarcoma_Grade_2_3,1
abpath,BST::Bone::Chondrogenic::Malignant::Chondrosarcoma_Mesenchymal,1
abpath,BST::Bone::Chondrogenic::Malignant::Chondrosarcoma_Periosteal,1
abpath,BST::Bone::Congenital_Structural::Cyst::Aneurysmal_Bone_Cyst,1
abpath,BST::Bone::Congenital_Structural::Cyst::Epidermoid_Inclusion_Cyst,1
abpath,BST::Bone::Congenital_Structural::Cyst::Intraosseous_Ganglion,1
abpath,BST::Bone::Congenital_Structural::Cyst::Simple_Bone_Cyst,1
abpath,BST::Bone::Congenital_Structural::Malformation::Melorheostosis,1
abpath,BST::Bone::Congenital_Structural::Mechanical::Pathology_Of_Intervertebral_Discs_And_Menisci,1
abpath,BST::Bone::Depositional_Metabolic::Deposition::Crystal_Deposition_Diseases,1
abpath,BST::Bone::Depositional_Metabolic::Metabolic::Brown_Tumor,1
abpath,BST::Bone::Depositional_Metabolic::Metabolic::Common_Metabolic_Bone_Disorders,1
abpath,BST::Bone::Depositional_Metabolic::Storage_Disease::Gaucher_Disease,1
abpath,BST::Bone::Fibrogenic::Benign::Benign_Fibrous_Histiocytoma_Bone,1
abpath,BST::Bone::Fibrogenic::Benign::Desmoplastic_Fibroma,1
abpath,BST::Bone::Fibrogenic::Benign::Non_Ossifying_Fibroma,1
abpath,BST::Bone::Fibrogenic::Malignant::Fibrosarcoma_Of_Bone,1
abpath,BST::Bone::Giant_Cell::Benign::Aneurysmal_Bone_Cyst,1
abpath,BST::Bone::Giant_Cell::Benign::Giant_Cell_Reparative_Granuloma,1
abpath,BST::Bone::Giant_Cell::Intermediate::Giant_Cell_Tumor_Of_Bone,1
abpath,BST::Bone::Giant_Cell::Malignant::Malignant_Giant_Cell_Tumor_Of_Bone,1
abpath,BST::Bone::Hematolymphoid::Intermediate::Erdheim_Chester_Disease,1
abpath,BST::Bone::Hematolymphoid::Intermediate::Langerhans_Cell_Histiocytosis,1
abpath,BST::Bone::Hematolymphoid::Intermediate::Rosai_Dorfman_Disease,1
abpath,BST::Bone::Hematolymphoid::Malignant::Plasma_Cell_Myeloma,1
abpath,BST::Bone::Hematolymphoid::Malignant::Primary_Bone_Lymphoma,1
abpath,BST::Bone::Hematolymphoid::Malignant::Solitary_Plasmacytoma,1
abpath,BST::Bone::Normal_Histology::Growth_And_Development,1
abpath,BST::Bone::Normal_Histology::Radiologic_Approach_To_Bone_Tumors,1
abpath,BST::Bone::Notochordal::Benign::Benign_Notochordal_Cell_Tumor,1
abpath,BST::Bone::Notochordal::Malignant::Chordoma_Conventional,1
abpath,BST::Bone::Notochordal::Malignant::Chordoma_Dedifferentiated,1
abpath,BST::Bone::Notochordal::Malignant::Chordoma_Poorly_Differentiated,1
abpath,BST::Bone::Osteogenic::Benign::Bone_Island_Enostosis,1
abpath,BST::Bone::Osteogenic::Benign::Osteoblastoma,1
abpath,BST::Bone::Osteogenic::Benign::Osteoid_Osteoma,1
abpath,BST::Bone::Osteogenic::Benign::Osteoma,1
abpath,BST::Bone::Osteogenic::Malignant::Osteosarcoma_Conventional,1
abpath,BST::Bone::Osteogenic::Malignant::Osteosarcoma_High_Grade_Surface,1
abpath,BST::Bone::Osteogenic::Malignant::Osteosarcoma_Low_Grade_Central,1
abpath,BST::Bone::Osteogenic::Malignant::Osteosarcoma_Parosteal,1
abpath,BST::Bone::Osteogenic::Malignant::Osteosarcoma_Periosteal,1
abpath,BST::Bone::Osteogenic::Malignant::Osteosarcoma_Secondary,1
abpath,BST::Bone::Osteogenic::Malignant::Osteosarcoma_Small_Cell,1
abpath,BST::Bone::Osteogenic::Malignant::Osteosarcoma_Telangiectatic,1
abpath,BST::Bone::Other::Benign::Chondromesenchymal_Hamartoma,1
abpath,BST::Bone::Other::Benign::Fibrous_Dysplasia,1
abpath,BST::Bone::Other::Benign::Lipoma_Of_Bone,1
abpath,BST::Bone::Other::Benign::Osteofibrous_Dysplasia,1
abpath,BST::Bone::Other::Benign::Simple_Bone_Cyst,1
abpath,BST::Bone::Other::Intermediate::Adamantinoma_Classic,1
abpath,BST::Bone::Other::Malignant::Ewing_Sarcoma,1
abpath,BST::Bone::Other::Malignant::Leiomyosarcoma_Of_Bone,1
abpath,BST::Bone::Other::Malignant::Metastatic_Carcinoma_Bone,1
abpath,BST::Bone::Other::Malignant::Undifferentiated_Pleomorphic_Sarcoma_Bone,1
abpath,BST::Bone::Reactive::Infectious::Osteomyelitis_Acute,1
abpath,BST::Bone::Reactive::Infectious::Osteomyelitis_Chronic,1
abpath,BST::Bone::Reactive::Inflammatory::Massive_Osteolysis_Gorham_Disease,1
abpath,BST::Bone::Reactive::Joint::CPPD_Pseudogout,1
abpath,BST::Bone::Reactive::Joint::Gout,1
abpath,BST::Bone::Reactive::Joint::Osteoarthritis,1
abpath,BST::Bone::Reactive::Joint::Rheumatoid_Arthritis,1
abpath,BST::Bone::Reactive::Metabolic::Osteopetrosis,1
abpath,BST::Bone::Reactive::Metabolic::Osteoporosis,1
abpath,BST::Bone::Reactive::Metabolic::Paget_Disease,1
abpath,BST::Bone::Reactive::Metabolic::Rickets_Osteomalacia,1
abpath,BST::Bone::Reactive::Structural::Fracture_Callus,1
abpath,BST::Bone::Reactive::Structural::Osteonecrosis_Avascular_Necrosis,1
abpath,BST::Bone::Vascular::Benign::Hemangioma_Of_Bone,1
abpath,BST::Bone::Vascular::Intermediate::Epithelioid_Hemangioma_Bone,1
abpath,BST::Bone::Vascular::Malignant::Angiosarcoma_Of_Bone,1
abpath,BST::Bone::Vascular::Malignant::Epithelioid_Hemangioendothelioma_Bone,1
abpath,BST::Soft_Tissue::Adipocytic::Benign::Angiolipoma,1
abpath,BST::Soft_Tissue::Adipocytic::Benign::Hibernoma,1
abpath,BST::Soft_Tissue::Adipocytic::Benign::Lipoblastoma_Lipoblastomatosis,1
abpath,BST::Soft_Tissue::Adipocytic::Benign::Lipoma_Chondroid,1
abpath,BST::Soft_Tissue::Adipocytic::Benign::Lipoma_Conventional,1
abpath,BST::Soft_Tissue::Adipocytic::Benign::Lipoma_Intramuscular,1
abpath,BST::Soft_Tissue::Adipocytic::Benign::Lipoma_Spindle_Cell_Pleomorphic,1
abpath,BST::Soft_Tissue::Adipocytic::Benign::Lipomatosis_Diffuse,1
abpath,BST::Soft_Tissue::Adipocytic::Benign::Lipomatosis_Of_Nerve,1
abpath,BST::Soft_Tissue::Adipocytic::Benign::Myelolipoma,1
abpath,BST::Soft_Tissue::Adipocytic::Benign::Myolipoma_Of_Soft_Tissue,1
abpath,BST::Soft_Tissue::Adipocytic::Benign::Synovial_Lipomatosis,1
abpath,BST::Soft_Tissue::Adipocytic::Intermediate::Atypical_Lipomatous_Tumor_Well_Differentiated_Liposarcoma,1
abpath,BST::Soft_Tissue::Adipocytic::Intermediate::Atypical_Spindle_Cell_Pleomorphic_Lipomatous_Tumor,1
abpath,BST::Soft_Tissue::Adipocytic::Intermediate::Hemosiderotic_Fibrolipomatous_Tumor,1
abpath,BST::Soft_Tissue::Adipocytic::Malignant::Dedifferentiated_Liposarcoma,1
abpath,BST::Soft_Tissue::Adipocytic::Malignant::Myxoid_Liposarcoma,1
abpath,BST::Soft_Tissue::Adipocytic::Malignant::Myxoid_Pleomorphic_Liposarcoma,1
abpath,BST::Soft_Tissue::Adipocytic::Malignant::Pleomorphic_Liposarcoma,1
abpath,BST::Soft_Tissue::Congenital_Structural::Cyst::Aneurysmal_Bone_Cyst_Of_Soft_Tissue,1
abpath,BST::Soft_Tissue::Congenital_Structural::Cyst::Ganglion_Cyst,1
abpath,BST::Soft_Tissue::Congenital_Structural::Cyst::Peritoneal_Inclusion_Cyst,1
abpath,BST::Soft_Tissue::Congenital_Structural::Cyst::Synovial_Cyst,1
abpath,BST::Soft_Tissue::Congenital_Structural::Hamartoma::Ectopic_Meningioma_And_Meningothelial_Hamartoma,1
abpath,BST::Soft_Tissue::Congenital_Structural::Hamartoma::Fibrous_Hamartoma_Of_Infancy,1
abpath,BST::Soft_Tissue::Congenital_Structural::Hamartoma::Glial_Heterotopia,1
abpath,BST::Soft_Tissue::Congenital_Structural::Hamartoma::Neuromuscular_Choristoma,1
abpath,BST::Soft_Tissue::Congenital_Structural::Hamartoma::Smooth_Muscle_Hamartoma,1
abpath,BST::Soft_Tissue::Congenital_Structural::Malformation::Arteriovenous_Malformation,1
abpath,BST::Soft_Tissue::Congenital_Structural::Malformation::Massive_Localized_Lymphedema,1
abpath,BST::Soft_Tissue::Depositional_Metabolic::Deposition::Amyloidoma,1
abpath,BST::Soft_Tissue::Depositional_Metabolic::Deposition::Crystal_Storing_Histiocytosis,1
abpath,BST::Soft_Tissue::Depositional_Metabolic::Deposition::Tumoral_Calcinosis,1
abpath,BST::Soft_Tissue::Depositional_Metabolic::Deposition::Xanthomas,1
abpath,BST::Soft_Tissue::Depositional_Metabolic::Inflammatory::Rheumatoid_Nodule,1
abpath,BST::Soft_Tissue::Fibroblastic::Benign::Acral_Fibromyxoma,1
abpath,BST::Soft_Tissue::Fibroblastic::Benign::Angiomyofibroblastoma,1
abpath,BST::Soft_Tissue::Fibroblastic::Benign::Calcifying_Aponeurotic_Fibroma,1
abpath,BST::Soft_Tissue::Fibroblastic::Benign::Calcifying_Fibrous_Tumor,1
abpath,BST::Soft_Tissue::Fibroblastic::Benign::Cellular_Angiofibroma,1
abpath,BST::Soft_Tissue::Fibroblastic::Benign::Dermatomyofibroma,1
abpath,BST::Soft_Tissue::Fibroblastic::Benign::Desmoplastic_Fibroblastoma,1
abpath,BST::Soft_Tissue::Fibroblastic::Benign::Elastofibroma,1
abpath,BST::Soft_Tissue::Fibroblastic::Benign::Fibroma_Of_Tendon_Sheath,1
abpath,BST::Soft_Tissue::Fibroblastic::Benign::Fibromatosis_Colli,1
abpath,BST::Soft_Tissue::Fibroblastic::Benign::Gardner_Fibroma,1
abpath,BST::Soft_Tissue::Fibroblastic::Benign::Inclusion_Body_Fibromatosis,1
abpath,BST::Soft_Tissue::Fibroblastic::Benign::Juvenile_Hyaline_Fibromatosis,1
abpath,BST::Soft_Tissue::Fibroblastic::Benign::Mammary_Type_Myofibroblastoma,1
abpath,BST::Soft_Tissue::Fibroblastic::Benign::Myofibroblastoma,1
abpath,BST::Soft_Tissue::Fibroblastic::Benign::Nodular_Fasciitis,1
abpath,BST::Soft_Tissue::Fibroblastic::Benign::Nuchal_Type_Fibroma,1
abpath,BST::Soft_Tissue::Fibroblastic::Benign::Pleomorphic_Fibroma,1
abpath,BST::Soft_Tissue::Fibroblastic::Benign::Sclerotic_Fibroma,1
abpath,BST::Soft_Tissue::Fibroblastic::Intermediate::Dermatofibrosarcoma_Protuberans_Conventional,1
abpath,BST::Soft_Tissue::Fibroblastic::Intermediate::Desmoid_Type_Fibromatosis,1
abpath,BST::Soft_Tissue::Fibroblastic::Intermediate::EWSR1_SMAD3_Fibroblastic_Tumor,1
abpath,BST::Soft_Tissue::Fibroblastic::Intermediate::Giant_Cell_Fibroblastoma,1
abpath,BST::Soft_Tissue::Fibroblastic::Intermediate::Infantile_Fibrosarcoma,1
abpath,BST::Soft_Tissue::Fibroblastic::Intermediate::Inflammatory_Myofibroblastic_Tumor,1
abpath,BST::Soft_Tissue::Fibroblastic::Intermediate::Lipofibromatosis,1
abpath,BST::Soft_Tissue::Fibroblastic::Intermediate::Low_Grade_Myofibroblastic_Sarcoma,1
abpath,BST::Soft_Tissue::Fibroblastic::Intermediate::Myxoinflammatory_Fibroblastic_Sarcoma,1
abpath,BST::Soft_Tissue::Fibroblastic::Intermediate::Palmar_Plantar_Fibromatosis,1
abpath,BST::Soft_Tissue::Fibroblastic::Intermediate::Solitary_Fibrous_Tumor,1
abpath,BST::Soft_Tissue::Fibroblastic::Intermediate::Superficial_CD34_Positive_Fibroblastic_Tumor,1
abpath,BST::Soft_Tissue::Fibroblastic::Malignant::Adult_Fibrosarcoma,1
abpath,BST::Soft_Tissue::Fibroblastic::Malignant::Dermatofibrosarcoma_Protuberans_Fibrosarcomatous,1
abpath,BST::Soft_Tissue::Fibroblastic::Malignant::Epithelioid_Inflammatory_Myofibroblastic_Sarcoma,1
abpath,BST::Soft_Tissue::Fibroblastic::Malignant::Low_Grade_Fibromyxoid_Sarcoma,1
abpath,BST::Soft_Tissue::Fibroblastic::Malignant::Myxofibrosarcoma,1
abpath,BST::Soft_Tissue::Fibroblastic::Malignant::Sclerosing_Epithelioid_Fibrosarcoma,1
abpath,BST::Soft_Tissue::Fibroblastic::Malignant::Solitary_Fibrous_Tumor_Malignant,1
abpath,BST::Soft_Tissue::Fibrohistiocytic::Benign::Deep_Benign_Fibrous_Histiocytoma,1
abpath,BST::Soft_Tissue::Fibrohistiocytic::Benign::Dermatofibroma_Fibrous_Histiocytoma,1
abpath,BST::Soft_Tissue::Fibrohistiocytic::Benign::Epithelioid_Fibrous_Histiocytoma,1
abpath,BST::Soft_Tissue::Fibrohistiocytic::Benign::Plexiform_Fibrohistiocytic_Tumor,1
abpath,BST::Soft_Tissue::Fibrohistiocytic::Benign::Reticulohistiocytoma,1
abpath,BST::Soft_Tissue::Fibrohistiocytic::Benign::Solitary_Juvenile_Xanthogranuloma,1
abpath,BST::Soft_Tissue::Fibrohistiocytic::Benign::Tenosynovial_Giant_Cell_Tumor_Localized,1
abpath,BST::Soft_Tissue::Fibrohistiocytic::Intermediate::Angiomatoid_Fibrous_Histiocytoma,1
abpath,BST::Soft_Tissue::Fibrohistiocytic::Intermediate::Atypical_Fibroxanthoma,1
abpath,BST::Soft_Tissue::Fibrohistiocytic::Intermediate::Giant_Cell_Tumor_Of_Soft_Tissue,1
abpath,BST::Soft_Tissue::Fibrohistiocytic::Intermediate::Tenosynovial_Giant_Cell_Tumor_Diffuse,1
abpath,BST::Soft_Tissue::Fibrohistiocytic::Malignant::Malignant_Tenosynovial_Giant_Cell_Tumor,1
abpath,BST::Soft_Tissue::GIST_Visceral::Benign::Benign_Neural_Polyps,1
abpath,BST::Soft_Tissue::GIST_Visceral::Benign::Fibroepithelial_Stromal_Polyp,1
abpath,BST::Soft_Tissue::GIST_Visceral::Benign::Inflammatory_Fibroid_Polyp,1
abpath,BST::Soft_Tissue::GIST_Visceral::Benign::Plexiform_Fibromyxoma,1
abpath,BST::Soft_Tissue::GIST_Visceral::Intermediate::GIST_Risk_Stratified,1
abpath,BST::Soft_Tissue::GIST_Visceral::Intermediate::Gastroblastoma,1
abpath,BST::Soft_Tissue::GIST_Visceral::Malignant::Malignant_Gastrointestinal_Neuroectodermal_Tumor,1
abpath,BST::Soft_Tissue::Hematolymphoid::Benign::Extranodal_Rosai_Dorfman_Disease,1
abpath,BST::Soft_Tissue::Hematolymphoid::Benign::Langerhans_Cell_Histiocytosis,1
abpath,BST::Soft_Tissue::Hematolymphoid::Malignant::Follicular_Dendritic_Cell_Sarcoma,1
abpath,BST::Soft_Tissue::Hematolymphoid::Malignant::Histiocytic_Sarcoma,1
abpath,BST::Soft_Tissue::Hematolymphoid::Malignant::Interdigitating_Dendritic_Cell_Sarcoma,1
abpath,BST::Soft_Tissue::Hematolymphoid::Malignant::Lymphoma_Of_Soft_Tissue,1
abpath,BST::Soft_Tissue::Hematolymphoid::Malignant::Myeloid_Sarcoma,1
abpath,BST::Soft_Tissue::Hematolymphoid::Malignant::Solitary_Extramedullary_Plasmacytoma,1
abpath,BST::Soft_Tissue::Inflammatory::Acute_Chronic::Focal_Myositis,1
abpath,BST::Soft_Tissue::Inflammatory::Acute_Chronic::Idiopathic_Tumefactive_Fibroinflammatory_Lesions,1
abpath,BST::Soft_Tissue::Inflammatory::Acute_Chronic::Ischemic_Fasciitis,1
abpath,BST::Soft_Tissue::Inflammatory::Acute_Chronic::Myositis_Ossificans,1
abpath,BST::Soft_Tissue::Inflammatory::Acute_Chronic::Necrotizing_Fasciitis,1
abpath,BST::Soft_Tissue::Inflammatory::Acute_Chronic::Proliferative_Fasciitis,1
abpath,BST::Soft_Tissue::Inflammatory::Acute_Chronic::Proliferative_Myositis,1
abpath,BST::Soft_Tissue::Inflammatory::Granulomatous::Deep_Granuloma_Annulare,1
abpath,BST::Soft_Tissue::Mesothelial::Benign::Adenomatoid_Tumor,1
abpath,BST::Soft_Tissue::Mesothelial::Malignant::Malignant_Mesothelioma,1
abpath,BST::Soft_Tissue::Nerve_Sheath::Benign::Benign_Triton_Tumor,1
abpath,BST::Soft_Tissue::Nerve_Sheath::Benign::Dermal_Nerve_Sheath_Myxoma,1
abpath,BST::Soft_Tissue::Nerve_Sheath::Benign::Ganglioneuroma,1
abpath,BST::Soft_Tissue::Nerve_Sheath::Benign::Granular_Cell_Tumor,1
abpath,BST::Soft_Tissue::Nerve_Sheath::Benign::Hybrid_Nerve_Sheath_Tumor,1
abpath,BST::Soft_Tissue::Nerve_Sheath::Benign::Neurofibroma_Localized,1
abpath,BST::Soft_Tissue::Nerve_Sheath::Benign::Neurofibroma_Plexiform,1
abpath,BST::Soft_Tissue::Nerve_Sheath::Benign::Perineurioma_Soft_Tissue,1
abpath,BST::Soft_Tissue::Nerve_Sheath::Benign::Schwannoma_Cellular,1
abpath,BST::Soft_Tissue::Nerve_Sheath::Benign::Schwannoma_Conventional,1
abpath,BST::Soft_Tissue::Nerve_Sheath::Benign::Schwannoma_Plexiform,1
abpath,BST::Soft_Tissue::Nerve_Sheath::Benign::Solitary_Circumscribed_Neuroma,1
abpath,BST::Soft_Tissue::Nerve_Sheath::Malignant::Epithelioid_MPNST,1
abpath,BST::Soft_Tissue::Nerve_Sheath::Malignant::Malignant_Granular_Cell_Tumor,1
abpath,BST::Soft_Tissue::Nerve_Sheath::Malignant::Malignant_Melanotic_Nerve_Sheath_Tumor,1
abpath,BST::Soft_Tissue::Nerve_Sheath::Malignant::Malignant_Peripheral_Nerve_Sheath_Tumor_MPNST,1
abpath,BST::Soft_Tissue::Nerve_Sheath::Malignant::Malignant_Triton_Tumor,1
abpath,BST::Soft_Tissue::Neuroendocrine::Intermediate::Paraganglioma,1
abpath,BST::Soft_Tissue::Neuroendocrine::Malignant::Melanotic_Neuroectodermal_Tumor_Of_Infancy,1
abpath,BST::Soft_Tissue::Pericytic::Benign::Angioleiomyoma,1
abpath,BST::Soft_Tissue::Pericytic::Benign::Glomus_Tumor,1
abpath,BST::Soft_Tissue::Pericytic::Benign::Glomuvenous_Malformation,1
abpath,BST::Soft_Tissue::Pericytic::Benign::Myofibroma,1
abpath,BST::Soft_Tissue::Pericytic::Benign::Myopericytoma,1
abpath,BST::Soft_Tissue::Pericytic::Malignant::Malignant_Glomus_Tumor,1
abpath,BST::Soft_Tissue::Skeletal_Muscle::Benign::Rhabdomyoma_Adult,1
abpath,BST::Soft_Tissue::Skeletal_Muscle::Benign::Rhabdomyoma_Fetal,1
abpath,BST::Soft_Tissue::Skeletal_Muscle::Benign::Rhabdomyoma_Genital,1
abpath,BST::Soft_Tissue::Skeletal_Muscle::Intermediate::Inflammatory_Rhabdomyoblastic_Tumor,1
abpath,BST::Soft_Tissue::Skeletal_Muscle::Malignant::Alveolar_Rhabdomyosarcoma,1
abpath,BST::Soft_Tissue::Skeletal_Muscle::Malignant::Ectomesenchymoma,1
abpath,BST::Soft_Tissue::Skeletal_Muscle::Malignant::Embryonal_Rhabdomyosarcoma,1
abpath,BST::Soft_Tissue::Skeletal_Muscle::Malignant::Epithelioid_Rhabdomyosarcoma,1
abpath,BST::Soft_Tissue::Skeletal_Muscle::Malignant::Pleomorphic_Rhabdomyosarcoma,1
abpath,BST::Soft_Tissue::Skeletal_Muscle::Malignant::Spindle_Cell_Sclerosing_Rhabdomyosarcoma,1
abpath,BST::Soft_Tissue::Smooth_Muscle::Benign::Cutaneous_Leiomyoma,1
abpath,BST::Soft_Tissue::Smooth_Muscle::Benign::EBV_Associated_Smooth_Muscle_Tumor,1
abpath,BST::Soft_Tissue::Smooth_Muscle::Benign::Leiomyoma_Deep_Soft_Tissue,1
abpath,BST::Soft_Tissue::Smooth_Muscle::Malignant::Inflammatory_Leiomyosarcoma,1
abpath,BST::Soft_Tissue::Smooth_Muscle::Malignant::Leiomyosarcoma,1
abpath,BST::Soft_Tissue::Uncertain_Diff::Benign::Cellular_Neurothekeoma,1
abpath,BST::Soft_Tissue::Uncertain_Diff::Benign::Ectopic_Hamartomatous_Thymoma,1
abpath,BST::Soft_Tissue::Uncertain_Diff::Benign::Intramuscular_Myxoma,1
abpath,BST::Soft_Tissue::Uncertain_Diff::Benign::Juxta_Articular_Myxoma,1
abpath,BST::Soft_Tissue::Uncertain_Diff::Benign::Superficial_Angiomyxoma,1
abpath,BST::Soft_Tissue::Uncertain_Diff::Intermediate::Deep_Aggressive_Angiomyxoma,1
abpath,BST::Soft_Tissue::Uncertain_Diff::Intermediate::Mixed_Tumor_Myoepithelioma,1
abpath,BST::Soft_Tissue::Uncertain_Diff::Intermediate::Ossifying_Fibromyxoid_Tumor,1
abpath,BST::Soft_Tissue::Uncertain_Diff::Intermediate::Phosphaturic_Mesenchymal_Tumor,1
abpath,BST::Soft_Tissue::Uncertain_Diff::Intermediate::Pleomorphic_Hyalinizing_Angiectatic_Tumor,1
abpath,BST::Soft_Tissue::Uncertain_Diff::Malignant::Alveolar_Soft_Part_Sarcoma,1
abpath,BST::Soft_Tissue::Uncertain_Diff::Malignant::Clear_Cell_Sarcoma_Soft_Tissue,1
abpath,BST::Soft_Tissue::Uncertain_Diff::Malignant::Desmoplastic_Small_Round_Cell_Tumor,1
abpath,BST::Soft_Tissue::Uncertain_Diff::Malignant::Epithelioid_Sarcoma,1
abpath,BST::Soft_Tissue::Uncertain_Diff::Malignant::Extrarenal_Rhabdoid_Tumor,1
abpath,BST::Soft_Tissue::Uncertain_Diff::Malignant::Extraskeletal_Myxoid_Chondrosarcoma,1
abpath,BST::Soft_Tissue::Uncertain_Diff::Malignant::GLI1_Altered_Epithelioid_Mesenchymal_Neoplasm,1
abpath,BST::Soft_Tissue::Uncertain_Diff::Malignant::NTRK_Rearranged_Spindle_Cell_Neoplasm,1
abpath,BST::Soft_Tissue::Uncertain_Diff::Malignant::PEComa_Malignant,1
abpath,BST::Soft_Tissue::Uncertain_Diff::Malignant::Primary_Pulmonary_Myxoid_Sarcoma,1
abpath,BST::Soft_Tissue::Uncertain_Diff::Malignant::Synovial_Sarcoma_Biphasic,1
abpath,BST::Soft_Tissue::Uncertain_Diff::Malignant::Synovial_Sarcoma_Monophasic,1
abpath,BST::Soft_Tissue::Uncertain_Diff::Malignant::Undifferentiated_Pleomorphic_Sarcoma,1
abpath,BST::Soft_Tissue::Uncertain_Diff::Malignant::Undifferentiated_Round_Cell_Sarcoma_Ewing,1
abpath,BST::Soft_Tissue::Uncertain_Diff::Malignant::Undifferentiated_Sarcoma_BCOR_Altered,1
abpath,BST::Soft_Tissue::Uncertain_Diff::Malignant::Undifferentiated_Sarcoma_CIC_Rearranged,1
abpath,BST::Soft_Tissue::Vascular::Benign::Acquired_Tufted_Angioma,1
abpath,BST::Soft_Tissue::Vascular::Benign::Anastomosing_Hemangioma,1
abpath,BST::Soft_Tissue::Vascular::Benign::Bacillary_Angiomatosis,1
abpath,BST::Soft_Tissue::Vascular::Benign::Cavernous_Hemangioma,1
abpath,BST::Soft_Tissue::Vascular::Benign::Congenital_Hemangioma,1
abpath,BST::Soft_Tissue::Vascular::Benign::Glomeruloid_Hemangioma,1
abpath,BST::Soft_Tissue::Vascular::Benign::Hemangioma_Arteriovenous,1
abpath,BST::Soft_Tissue::Vascular::Benign::Hemangioma_Epithelioid,1
abpath,BST::Soft_Tissue::Vascular::Benign::Hemangioma_Intramuscular,1
abpath,BST::Soft_Tissue::Vascular::Benign::Hemangioma_Synovial,1
abpath,BST::Soft_Tissue::Vascular::Benign::Hemangioma_Venous,1
abpath,BST::Soft_Tissue::Vascular::Benign::Hobnail_Hemangioma,1
abpath,BST::Soft_Tissue::Vascular::Benign::Infantile_Hemangioma,1
abpath,BST::Soft_Tissue::Vascular::Benign::Lobular_Capillary_Hemangioma,1
abpath,BST::Soft_Tissue::Vascular::Benign::Lymphangioma,1
abpath,BST::Soft_Tissue::Vascular::Benign::Microvenular_Hemangioma,1
abpath,BST::Soft_Tissue::Vascular::Benign::Papillary_Endothelial_Hyperplasia,1
abpath,BST::Soft_Tissue::Vascular::Benign::Sinusoidal_Hemangioma,1
abpath,BST::Soft_Tissue::Vascular::Benign::Spindle_Cell_Hemangioma,1
abpath,BST::Soft_Tissue::Vascular::Intermediate::Composite_Hemangioendothelioma,1
abpath,BST::Soft_Tissue::Vascular::Intermediate::Kaposi_Sarcoma,1
abpath,BST::Soft_Tissue::Vascular::Intermediate::Kaposiform_Hemangioendothelioma,1
abpath,BST::Soft_Tissue::Vascular::Intermediate::Papillary_Intralymphatic_Angioendothelioma,1
abpath,BST::Soft_Tissue::Vascular::Intermediate::Pseudomyogenic_Hemangioendothelioma,1
abpath,BST::Soft_Tissue::Vascular::Intermediate::Retiform_Hemangioendothelioma,1
abpath,BST::Soft_Tissue::Vascular::Malignant::Angiosarcoma,1
abpath,BST::Soft_Tissue::Vascular::Malignant::Epithelioid_Hemangioendothelioma,1
abpath,BST::Soft_Tissue::Vascular::Malignant::Intimal_Sarcoma,1
abpath,BST::Syndromes::Predisposition::General::Li_Fraumeni_Syndrome,1
abpath,BST::Syndromes::Predisposition::General::Neurofibromatosis_Type_1,1
abpath,BST::Syndromes::Predisposition::General::Rothmund_Thomson_Syndrome,1
abpath,BST::Syndromes::Predisposition::General::Werner_Syndrome,1
abpath,BST::Syndromes::Predisposition::Skeletal::Enchondromatosis_Ollier_Maffucci,1
abpath,BST::Syndromes::Predisposition::Skeletal::McCune_Albright_Syndrome,1
abpath,BST::Syndromes::Predisposition::Skeletal::Multiple_Osteochondromas,1
abpath,Breast::Congenital_Structural::Cyst::Fibrocystic_Changes,1
abpath,Breast::Congenital_Structural::Cyst::Galactocele,1
abpath,Breast::Congenital_Structural::Cyst::Simple_Cyst,1
abpath,Breast::Congenital_Structural::Hamartoma::Mammary_Hamartoma,1
abpath,Breast::Congenital_Structural::Malformation::Accessory_Breast_Tissue,1
abpath,Breast::Congenital_Structural::Malformation::Gynecomastia,1
abpath,Breast::Congenital_Structural::Malformation::Juvenile_Papillomatosis,1
abpath,Breast::Congenital_Structural::Mechanical::Epithelial_Displacement_Biopsy_Site,1
abpath,Breast::Congenital_Structural::Mechanical::Implant_Pathology_NOS,1
abpath,Breast::Congenital_Structural::Mechanical::Mammary_Duct_Ectasia,1
abpath,Breast::Depositional_Metabolic::Amyloidosis,1
abpath,Breast::Epithelial::Ductal_Adenoma,1
abpath,Breast::Epithelial::Ductal_Carcinoma::Carcinoma_with_Apocrine_Differentiation,1
abpath,Breast::Epithelial::Ductal_Carcinoma::Cribriform_Carcinoma,1
abpath,Breast::Epithelial::Ductal_Carcinoma::Mucinous_Cystadenocarcinoma,1
abpath,Breast::Epithelial::Ductal_Carcinoma::Tubular_Carcinoma,1
abpath,Breast::Epithelial::Lactating_Adenoma,1
abpath,Breast::Epithelial::Microglandular_Adenosis,1
abpath,Breast::Epithelial::MyoEpithelial::Pleomorphic_Adenoma,1
abpath,Breast::Epithelial::Neuroendocrine_Tumors::Neuroendocrine_Carcinoma,1
abpath,Breast::Epithelial::Papillary_Neoplasms::Invasive_Papillary_Carcinoma,1
abpath,Breast::Epithelial::Radial_Scar_complex_sclerosing_lesion,1
abpath,Breast::Epithelial::Salivary_Tumors::Acinic_Cell_Carcinoma,1
abpath,Breast::Epithelial::Salivary_Tumors::Mucoepidermoid_Carcinoma,1
abpath,Breast::Epithelial::Salivary_Tumors::Polymorphous_Adenocarcinoma,1
abpath,Breast::Epithelial::Salivary_Tumors::Tall_Cell_Carcinoma_with_Reversed_Polarity,1
abpath,Breast::Epithelial::Sclerosing_Adenosis,1
abpath,Breast::Epithelial::Tubular_Adenoma,1
abpath,Breast::Epithelial::Usual_Ductal_Hyperplasia,1
abpath,Breast::FibroEpithelial::Hamartoma,1
abpath,Breast::Genetics::Syndromes::Ataxia_Telangiectasia,1
abpath,Breast::Genetics::Syndromes::CDH1_Associated_Breast_Cancer,1
abpath,Breast::Genetics::Syndromes::Cowden_Syndrome,1
abpath,Breast::Genetics::Syndromes::Li_Fraumeni_Syndrome_CHEK2_Associated,1
abpath,Breast::Genetics::Syndromes::Neurofibromatosis_Type_1,1
abpath,Breast::Genetics::Syndromes::PALB2_Associated_Cancers,1
abpath,Breast::Genetics::Syndromes::Peutz_Jeghers_Syndrome,1
abpath,Breast::Hematolymphoid_Tumors::Lymphoma::Diffuse_Large_B_Cell_Lymphoma,1
abpath,Breast::Hematolymphoid_Tumors::Lymphoma::Follicular_Lymphoma,1
abpath,Breast::Infectious::Bacterial::Acute_Mastitis,1
abpath,Breast::Infectious::Mycobacterial::Tuberculous_Mastitis,1
abpath,Breast::Inflammatory::Acute::Acute_Mastitis,1
abpath,Breast::Inflammatory::Acute::Lactational_Abscess,1
abpath,Breast::Inflammatory::Acute::Nonlactational_Abscess,1
abpath,Breast::Inflammatory::Fibrosing::IgG4_Related_Sclerosing_Mastitis,1
abpath,Breast::Inflammatory::Fibrosing::Lymphocytic_Diabetic_Mastitis,1
abpath,Breast::Inflammatory::Fibrosing::Lymphocytic_Mastopathy_Lobulitis,1
abpath,Breast::Inflammatory::Fibrosing::Sclerosing_Adenosis,1
abpath,Breast::Inflammatory::Foreign_Body::Silicone_Mastitis,1
abpath,Breast::Inflammatory::Granulomatous::Cystic_Neutrophilic_Granulomatous_Mastitis,1
abpath,Breast::Inflammatory::Granulomatous::Idiopathic_Granulomatous_Mastitis,1
abpath,Breast::Inflammatory::Granulomatous::Sarcoidosis,1
abpath,Breast::Inflammatory::Reactive::Fat_Necrosis,1
abpath,Breast::Inflammatory::Reactive::Lupus_Mastitis,1
abpath,Breast::Inflammatory::Reactive::Mucocele_Like_Lesion,1
abpath,Breast::Inflammatory::Reactive::Radial_Scar_Complex_Sclerosing_Lesion,1
abpath,Breast::Inflammatory::Reactive::Reactive_Spindle_Cell_Nodule,1
abpath,Breast::Inflammatory::Reactive::Squamous_Metaplasia_Of_Lactiferous_Ducts,1
abpath,Breast::Inflammatory::Treatment_Related::Postradiation_Vascular_Proliferation,1
abpath,Breast::Inflammatory::Treatment_Related::Radiation_Atypia,1
abpath,Breast::Male_Tumors::Epithelial::Carcinoma_in_Situ,1
abpath,Breast::Male_Tumors::Epithelial::Gynecomastia,1
abpath,Breast::Mesenchymal::Adipocytic_Tumors::Angiolipoma,1
abpath,Breast::Mesenchymal::Adipocytic_Tumors::Lipoma,1
abpath,Breast::Mesenchymal::Fibroblastic_Tumors::Desmoid_Fibromatosis,1
abpath,Breast::Mesenchymal::Fibroblastic_Tumors::Inflammatory_Myofibroblastic_Tumor,1
abpath,Breast::Mesenchymal::Fibroblastic_Tumors::Myofibroblastoma,1
abpath,Breast::Mesenchymal::Fibroblastic_Tumors::Nodular_Fasciitis,1
abpath,Breast::Mesenchymal::Nerve_Tumors::Granular_Cell_Tumor,1
abpath,Breast::Mesenchymal::Nerve_Tumors::Neurofibroma,1
abpath,Breast::Mesenchymal::Nerve_Tumors::Schwannoma,1
abpath,Breast::Mesenchymal::Other_Mesenchymal::Pseudoangiomatous_Stromal_Hyperplasia,1
abpath,Breast::Mesenchymal::Smooth_Tumors::Leiomyoma,1
abpath,Breast::Mesenchymal::Smooth_Tumors::Leiomyosarcoma,1
abpath,Breast::Mesenchymal::Vascular_Tumors::Angiomatosis,1
abpath,Breast::Mesenchymal::Vascular_Tumors::Atypical_Vascular_Lesions,1
abpath,Breast::Mesenchymal::Vascular_Tumors::Hemangioma,1
abpath,Breast::Mesenchymal::Vascular_Tumors::Primary_Angiosarcoma_of_the_Breast,1
abpath,Breast::Neoplastic::Epithelial::Benign::Adenomyoepithelioma,1
abpath,Breast::Neoplastic::Epithelial::Benign::Apocrine_Adenosis,1
abpath,Breast::Neoplastic::Epithelial::Benign::Collagenous_Spherulosis,1
abpath,Breast::Neoplastic::Epithelial::Benign::Columnar_Cell_Change,1
abpath,Breast::Neoplastic::Epithelial::Benign::Columnar_Cell_Hyperplasia,1
abpath,Breast::Neoplastic::Epithelial::Benign::Cystic_Hypersecretory_Lesion,1
abpath,Breast::Neoplastic::Epithelial::Benign::Ductal_Adenoma,1
abpath,Breast::Neoplastic::Epithelial::Benign::Intraductal_Papilloma,1
abpath,Breast::Neoplastic::Epithelial::Benign::Lactating_Adenoma,1
abpath,Breast::Neoplastic::Epithelial::Benign::Microglandular_Adenosis,1
abpath,Breast::Neoplastic::Epithelial::Benign::Myoepithelioma,1
abpath,Breast::Neoplastic::Epithelial::Benign::Nipple_Adenoma,1
abpath,Breast::Neoplastic::Epithelial::Benign::Pleomorphic_Adenoma,1
abpath,Breast::Neoplastic::Epithelial::Benign::Syringomatous_Tumor,1
abpath,Breast::Neoplastic::Epithelial::Benign::Tubular_Adenoma,1
abpath,Breast::Neoplastic::Epithelial::Benign::Usual_Ductal_Hyperplasia_UDH,1
abpath,Breast::Neoplastic::Epithelial::In_Situ::Ductal_Carcinoma_In_Situ_DCIS,1
abpath,Breast::Neoplastic::Epithelial::In_Situ::Florid_Lobular_Carcinoma_In_Situ,1
abpath,Breast::Neoplastic::Epithelial::In_Situ::Lobular_Carcinoma_In_Situ_LCIS,1
abpath,Breast::Neoplastic::Epithelial::In_Situ::Paget_Disease_Of_Nipple,1
abpath,Breast::Neoplastic::Epithelial::In_Situ::Papillary_Ductal_Carcinoma_In_Situ,1
abpath,Breast::Neoplastic::Epithelial::In_Situ::Pleomorphic_Lobular_Carcinoma_In_Situ,1
abpath,Breast::Neoplastic::Epithelial::Malignant::Acinic_Cell_Carcinoma,1
abpath,Breast::Neoplastic::Epithelial::Malignant::Adenoid_Cystic_Carcinoma,1
abpath,Breast::Neoplastic::Epithelial::Malignant::Apocrine_Carcinoma,1
abpath,Breast::Neoplastic::Epithelial::Malignant::Cribriform_Carcinoma,1
abpath,Breast::Neoplastic::Epithelial::Malignant::Encapsulated_Papillary_Carcinoma,1
abpath,Breast::Neoplastic::Epithelial::Malignant::Inflammatory_Carcinoma,1
abpath,Breast::Neoplastic::Epithelial::Malignant::Invasive_Breast_Carcinoma_NST,1
abpath,Breast::Neoplastic::Epithelial::Malignant::Invasive_Carcinoma_Medullary_Features,1
abpath,Breast::Neoplastic::Epithelial::Malignant::Invasive_Lobular_Carcinoma,1
abpath,Breast::Neoplastic::Epithelial::Malignant::Malignant_Adenomyoepithelioma,1
abpath,Breast::Neoplastic::Epithelial::Malignant::Metaplastic_Carcinoma,1
abpath,Breast::Neoplastic::Epithelial::Malignant::Microinvasive_Carcinoma,1
abpath,Breast::Neoplastic::Epithelial::Malignant::Micropapillary_Carcinoma,1
abpath,Breast::Neoplastic::Epithelial::Malignant::Mucinous_Carcinoma,1
abpath,Breast::Neoplastic::Epithelial::Malignant::Mucinous_Cystadenocarcinoma,1
abpath,Breast::Neoplastic::Epithelial::Malignant::Mucoepidermoid_Carcinoma,1
abpath,Breast::Neoplastic::Epithelial::Malignant::Myoepithelial_Carcinoma,1
abpath,Breast::Neoplastic::Epithelial::Malignant::Neuroendocrine_Carcinoma,1
abpath,Breast::Neoplastic::Epithelial::Malignant::Polymorphous_Adenocarcinoma,1
abpath,Breast::Neoplastic::Epithelial::Malignant::Secretory_Carcinoma,1
abpath,Breast::Neoplastic::Epithelial::Malignant::Solid_Papillary_Carcinoma,1
abpath,Breast::Neoplastic::Epithelial::Malignant::Tall_Cell_Carcinoma_Reversed_Polarity,1
abpath,Breast::Neoplastic::Epithelial::Malignant::Tubular_Carcinoma,1
abpath,Breast::Neoplastic::Epithelial::Malignant::Tubulolobular_Carcinoma,1
abpath,Breast::Neoplastic::Epithelial::Precursor::Atypical_Ductal_Hyperplasia_ADH,1
abpath,Breast::Neoplastic::Epithelial::Precursor::Atypical_Lobular_Hyperplasia_ALH,1
abpath,Breast::Neoplastic::Epithelial::Precursor::Flat_Epithelial_Atypia,1
abpath,Breast::Neoplastic::Fibroepithelial::Benign::Cellular_Fibroadenoma,1
abpath,Breast::Neoplastic::Fibroepithelial::Benign::Fibroadenoma,1
abpath,Breast::Neoplastic::Fibroepithelial::Benign::Juvenile_Fibroadenoma,1
abpath,Breast::Neoplastic::Fibroepithelial::Variable_Behavior::Phyllodes_Tumor,1
abpath,Breast::Neoplastic::Hematolymphoid::Malignant::Breast_Implant_Associated_ALCL,1
abpath,Breast::Neoplastic::Hematolymphoid::Malignant::Burkitt_Lymphoma,1
abpath,Breast::Neoplastic::Hematolymphoid::Malignant::Diffuse_Large_B_Cell_Lymphoma,1
abpath,Breast::Neoplastic::Hematolymphoid::Malignant::Follicular_Lymphoma,1
abpath,Breast::Neoplastic::Hematolymphoid::Malignant::MALT_Lymphoma,1
abpath,Breast::Neoplastic::Mesenchymal::Benign::Angiolipoma,1
abpath,Breast::Neoplastic::Mesenchymal::Benign::Angiomatosis,1
abpath,Breast::Neoplastic::Mesenchymal::Benign::Granular_Cell_Tumor,1
abpath,Breast::Neoplastic::Mesenchymal::Benign::Hemangioma,1
abpath,Breast::Neoplastic::Mesenchymal::Benign::Leiomyoma,1
abpath,Breast::Neoplastic::Mesenchymal::Benign::Lipoma,1
abpath,Breast::Neoplastic::Mesenchymal::Benign::Lymphangioma,1
abpath,Breast::Neoplastic::Mesenchymal::Benign::Myofibroblastoma,1
abpath,Breast::Neoplastic::Mesenchymal::Benign::Neurofibroma,1
abpath,Breast::Neoplastic::Mesenchymal::Benign::Nodular_Fasciitis,1
abpath,Breast::Neoplastic::Mesenchymal::Benign::Pseudoangiomatous_Stromal_Hyperplasia_PASH,1
abpath,Breast::Neoplastic::Mesenchymal::Benign::Schwannoma,1
abpath,Breast::Neoplastic::Mesenchymal::Intermediate::Fibromatosis_Desmoid_Type,1
abpath,Breast::Neoplastic::Mesenchymal::Intermediate::Inflammatory_Myofibroblastic_Tumor,1
abpath,Breast::Neoplastic::Mesenchymal::Low_Grade::Angiomyxoma,1
abpath,Breast::Neoplastic::Mesenchymal::Malignant::Angiosarcoma,1
abpath,Breast::Neoplastic::Mesenchymal::Malignant::Leiomyosarcoma,1
abpath,Breast::Neoplastic::Mesenchymal::Malignant::Liposarcoma,1
abpath,Breast::Neoplastic::Mesenchymal::Malignant::Postradiation_Angiosarcoma,1
abpath,Breast::Neoplastic::Mesenchymal::Uncertain::Atypical_Vascular_Lesion,1
abpath,Breast::Neoplastic::Metastatic::Malignant::Metastasis_To_Breast,1
abpath,Breast::Nipple_Tumors::Epithelial::Nipple_Adenoma,1
abpath,Breast::Nipple_Tumors::Epithelial::Paget_Disease_of_the_Breast,1
abpath,Breast::Nipple_Tumors::Epithelial::Syringomatous_Tumor,1
abpath,Breast::Normal_Histology::Anatomy_And_Histology,1
abpath,Breast::Normal_Histology::Lactational_Change,1
abpath,Breast::Normal_Histology::Pregnancy_Related_Change,1
abpath,Breast::Syndromes::Ataxia_Telangiectasia,1
abpath,Breast::Syndromes::BRCA1_BRCA2_Associated_Syndrome,1
abpath,Breast::Syndromes::CDH1_Associated_Breast_Cancer,1
abpath,Breast::Syndromes::Cowden_Syndrome,1
abpath,Breast::Syndromes::Li_Fraumeni_Syndrome_CHEK2_Associated,1
abpath,Breast::Syndromes::Li_Fraumeni_Syndrome_TP53_Associated,1
abpath,Breast::Syndromes::Neurofibromatosis_Type_1,1
abpath,Breast::Syndromes::PALB2_Associated_Cancer,1
abpath,Breast::Syndromes::Peutz_Jeghers_Syndrome,1
abpath,Breast::Syndromes::Polygenic_Susceptibility,1
abpath,Cyto_Adrenal::Benign::Adrenal_Cortical_Adenoma,1
abpath,Cyto_Adrenal::Benign::Adrenal_Cortical_Hyperplasia,1
abpath,Cyto_Adrenal::Benign::Adrenal_Cyst,1
abpath,Cyto_Adrenal::Benign::Adrenal_Infection_Histoplasmosis,1
abpath,Cyto_Adrenal::Benign::Adrenal_Infection_Tuberculosis,1
abpath,Cyto_Adrenal::Benign::Ganglioneuroma,1
abpath,Cyto_Adrenal::Benign::Myelolipoma,1
abpath,Cyto_Adrenal::Benign::Normal_Adrenal_Cytology,1
abpath,Cyto_Adrenal::Category::Atypical,1
abpath,Cyto_Adrenal::Category::Benign,1
abpath,Cyto_Adrenal::Category::Malignant,1
abpath,Cyto_Adrenal::Category::Nondiagnostic,1
abpath,Cyto_Adrenal::Category::Suspicious_For_Malignancy,1
abpath,Cyto_Adrenal::Malignant::Adrenal_Cortical_Carcinoma,1
abpath,Cyto_Adrenal::Malignant::Adrenal_Cortical_Carcinoma_Oncocytic,1
abpath,Cyto_Adrenal::Malignant::Ganglioneuroblastoma,1
abpath,Cyto_Adrenal::Malignant::Hematopoietic_Neoplasm_Adrenal,1
abpath,Cyto_Adrenal::Malignant::Leukemia_Adrenal,1
abpath,Cyto_Adrenal::Malignant::Lymphoma_Adrenal,1
abpath,Cyto_Adrenal::Malignant::Malignant_Pheochromocytoma,1
abpath,Cyto_Adrenal::Malignant::Metastasis_To_Adrenal,1
abpath,Cyto_Adrenal::Malignant::Metastasis_To_Adrenal_Breast,1
abpath,Cyto_Adrenal::Malignant::Metastasis_To_Adrenal_Colon,1
abpath,Cyto_Adrenal::Malignant::Metastasis_To_Adrenal_Hepatocellular_Carcinoma,1
abpath,Cyto_Adrenal::Malignant::Metastasis_To_Adrenal_Lung,1
abpath,Cyto_Adrenal::Malignant::Metastasis_To_Adrenal_Melanoma,1
abpath,Cyto_Adrenal::Malignant::Metastasis_To_Adrenal_Pancreatic,1
abpath,Cyto_Adrenal::Malignant::Metastasis_To_Adrenal_Renal_Cell_Carcinoma,1
abpath,Cyto_Adrenal::Malignant::Neuroblastoma,1
abpath,Cyto_Adrenal::Malignant::Pheochromocytoma,1
abpath,Cyto_Bone::Benign::Aneurysmal_Bone_Cyst,1
abpath,Cyto_Bone::Benign::Benign_Notochordal_Cell_Tumor,1
abpath,Cyto_Bone::Benign::Brown_Tumor_Hyperparathyroidism,1
abpath,Cyto_Bone::Benign::Chondroblastoma,1
abpath,Cyto_Bone::Benign::Chondromyxoid_Fibroma,1
abpath,Cyto_Bone::Benign::Enchondroma,1
abpath,Cyto_Bone::Benign::Fracture_Callus,1
abpath,Cyto_Bone::Benign::Giant_Cell_Tumor_Bone,1
abpath,Cyto_Bone::Benign::Langerhans_Cell_Histiocytosis_Eosinophilic_Granuloma,1
abpath,Cyto_Bone::Benign::Non_Ossifying_Fibroma,1
abpath,Cyto_Bone::Benign::Osteoblastoma,1
abpath,Cyto_Bone::Benign::Osteomyelitis_Acute,1
abpath,Cyto_Bone::Benign::Osteomyelitis_Chronic_Granulomatous,1
abpath,Cyto_Bone::Benign::Osteonecrosis,1
abpath,Cyto_Bone::Malignant::Adamantinoma,1
abpath,Cyto_Bone::Malignant::Adamantinoma_Like_Ewing_Sarcoma,1
abpath,Cyto_Bone::Malignant::Chondrosarcoma_Clear_Cell,1
abpath,Cyto_Bone::Malignant::Chondrosarcoma_Conventional,1
abpath,Cyto_Bone::Malignant::Chondrosarcoma_Dedifferentiated,1
abpath,Cyto_Bone::Malignant::Chondrosarcoma_Mesenchymal,1
abpath,Cyto_Bone::Malignant::Chordoma,1
abpath,Cyto_Bone::Malignant::Chordoma_Dedifferentiated,1
abpath,Cyto_Bone::Malignant::Ewing_Sarcoma_Bone,1
abpath,Cyto_Bone::Malignant::Lymphoma_Bone,1
abpath,Cyto_Bone::Malignant::Metastatic_Carcinoma_To_Bone,1
abpath,Cyto_Bone::Malignant::Osteosarcoma_Conventional,1
abpath,Cyto_Bone::Malignant::Osteosarcoma_Low_Grade,1
abpath,Cyto_Bone::Malignant::Osteosarcoma_Small_Cell,1
abpath,Cyto_Bone::Malignant::Osteosarcoma_Telangiectatic,1
abpath,Cyto_Bone::Malignant::Plasmacytoma_Myeloma,1
abpath,Cyto_Breast::Atypical::Atypical_Ductal_Hyperplasia_ADH,1
abpath,Cyto_Breast::Atypical::Flat_Epithelial_Atypia_FEA,1
abpath,Cyto_Breast::Benign::Neoplasm::Adenomyoepithelioma,1
abpath,Cyto_Breast::Benign::Neoplasm::Fibroadenoma_Complex,1
abpath,Cyto_Breast::Benign::Neoplasm::Fibroadenoma_Giant,1
abpath,Cyto_Breast::Benign::Neoplasm::Fibroadenoma_Juvenile,1
abpath,Cyto_Breast::Benign::Neoplasm::Fibroadenoma_Simple,1
abpath,Cyto_Breast::Benign::Neoplasm::Fibromatosis,1
abpath,Cyto_Breast::Benign::Neoplasm::Granular_Cell_Tumor,1
abpath,Cyto_Breast::Benign::Neoplasm::Hamartoma,1
abpath,Cyto_Breast::Benign::Neoplasm::Inflammatory_Myofibroblastic_Tumor,1
abpath,Cyto_Breast::Benign::Neoplasm::Intraductal_Papilloma,1
abpath,Cyto_Breast::Benign::Neoplasm::Lipoma,1
abpath,Cyto_Breast::Benign::Neoplasm::Myofibroblastoma,1
abpath,Cyto_Breast::Benign::Neoplasm::Nipple_Adenoma,1
abpath,Cyto_Breast::Benign::Neoplasm::Nodular_Fasciitis,1
abpath,Cyto_Breast::Benign::Neoplasm::Pleomorphic_Adenoma,1
abpath,Cyto_Breast::Benign::Neoplasm::Tubular_Adenoma,1
abpath,Cyto_Breast::Benign::Non_Neoplastic::Amyloid_Tumor,1
abpath,Cyto_Breast::Benign::Non_Neoplastic::Collagenous_Spherulosis,1
abpath,Cyto_Breast::Benign::Non_Neoplastic::Cyst_Apocrine,1
abpath,Cyto_Breast::Benign::Non_Neoplastic::Cyst_Simple,1
abpath,Cyto_Breast::Benign::Non_Neoplastic::Fibrocystic_Changes_Nonproliferative,1
abpath,Cyto_Breast::Benign::Non_Neoplastic::Fibrocystic_Changes_Proliferative_With_Atypia,1
abpath,Cyto_Breast::Benign::Non_Neoplastic::Fibrocystic_Changes_Proliferative_Without_Atypia,1
abpath,Cyto_Breast::Benign::Non_Neoplastic::Galactocele,1
abpath,Cyto_Breast::Benign::Non_Neoplastic::Gynecomastia,1
abpath,Cyto_Breast::Benign::Non_Neoplastic::Lactating_Adenoma_Pregnancy_Changes,1
abpath,Cyto_Breast::Benign::Non_Neoplastic::Microglandular_Adenosis,1
abpath,Cyto_Breast::Benign::Non_Neoplastic::Mucocele_Like_Lesion,1
abpath,Cyto_Breast::Benign::Non_Neoplastic::Pseudoangiomatous_Stromal_Hyperplasia_PASH,1
abpath,Cyto_Breast::Benign::Non_Neoplastic::Radial_Scar_Complex_Sclerosing_Lesion,1
abpath,Cyto_Breast::Benign::Non_Neoplastic::Sclerosing_Adenosis,1
abpath,Cyto_Breast::Benign::Non_Neoplastic::Seroma,1
abpath,Cyto_Breast::Benign::Non_Neoplastic::Synovial_Metaplasia_Implants,1
abpath,Cyto_Breast::Benign::Normal_Breast_Cytology,1
abpath,Cyto_Breast::Category::Atypical,1
abpath,Cyto_Breast::Category::Benign,1
abpath,Cyto_Breast::Category::Insufficient,1
abpath,Cyto_Breast::Category::Malignant,1
abpath,Cyto_Breast::Category::Suspicious_For_Malignancy,1
abpath,Cyto_Breast::Fibroepithelial::Phyllodes_Tumor_Benign,1
abpath,Cyto_Breast::Fibroepithelial::Phyllodes_Tumor_Borderline,1
abpath,Cyto_Breast::Fibroepithelial::Phyllodes_Tumor_Malignant,1
abpath,Cyto_Breast::Inflammatory::Fat_Necrosis,1
abpath,Cyto_Breast::Inflammatory::Mastitis_Acute,1
abpath,Cyto_Breast::Inflammatory::Mastitis_Chronic,1
abpath,Cyto_Breast::Inflammatory::Mastitis_Granulomatous,1
abpath,Cyto_Breast::Inflammatory::Mastitis_Plasma_Cell_Duct_Ectasia,1
abpath,Cyto_Breast::Inflammatory::Radiation_Changes,1
abpath,Cyto_Breast::Inflammatory::Silicone_Granuloma,1
abpath,Cyto_Breast::Inflammatory::Subareolar_Abscess_Squamous_Metaplasia,1
abpath,Cyto_Breast::Malignant::Carcinoma::Adenoid_Cystic_Carcinoma,1
abpath,Cyto_Breast::Malignant::Carcinoma::Apocrine_Carcinoma,1
abpath,Cyto_Breast::Malignant::Carcinoma::Cystic_Hypersecretory_Carcinoma,1
abpath,Cyto_Breast::Malignant::Carcinoma::Ductal_Carcinoma_In_Situ_DCIS,1
abpath,Cyto_Breast::Malignant::Carcinoma::Glycogen_Rich_Clear_Cell_Carcinoma,1
abpath,Cyto_Breast::Malignant::Carcinoma::Inflammatory_Carcinoma,1
abpath,Cyto_Breast::Malignant::Carcinoma::Invasive_Ductal_Carcinoma_NST,1
abpath,Cyto_Breast::Malignant::Carcinoma::Invasive_Lobular_Carcinoma_Classic,1
abpath,Cyto_Breast::Malignant::Carcinoma::Invasive_Lobular_Carcinoma_Pleomorphic,1
abpath,Cyto_Breast::Malignant::Carcinoma::Lipid_Rich_Carcinoma,1
abpath,Cyto_Breast::Malignant::Carcinoma::Lobular_Carcinoma_In_Situ_LCIS,1
abpath,Cyto_Breast::Malignant::Carcinoma::Medullary_Carcinoma,1
abpath,Cyto_Breast::Malignant::Carcinoma::Metaplastic_Carcinoma_Matrix_Producing,1
abpath,Cyto_Breast::Malignant::Carcinoma::Metaplastic_Carcinoma_Spindle_Cell,1
abpath,Cyto_Breast::Malignant::Carcinoma::Metaplastic_Carcinoma_Squamous,1
abpath,Cyto_Breast::Malignant::Carcinoma::Micropapillary_Carcinoma,1
abpath,Cyto_Breast::Malignant::Carcinoma::Mucinous_Colloid_Carcinoma,1
abpath,Cyto_Breast::Malignant::Carcinoma::Neuroendocrine_Carcinoma,1
abpath,Cyto_Breast::Malignant::Carcinoma::Paget_Disease_Nipple,1
abpath,Cyto_Breast::Malignant::Carcinoma::Papillary_Carcinoma_Intracystic,1
abpath,Cyto_Breast::Malignant::Carcinoma::Papillary_Carcinoma_Invasive,1
abpath,Cyto_Breast::Malignant::Carcinoma::Secretory_Carcinoma,1
abpath,Cyto_Breast::Malignant::Carcinoma::Tubular_Carcinoma,1
abpath,Cyto_Breast::Malignant::Carcinoma::Tubulolobular_Carcinoma,1
abpath,Cyto_Breast::Malignant::Heme::Anaplastic_Large_Cell_Lymphoma_BIA,1
abpath,Cyto_Breast::Malignant::Heme::Granulocytic_Sarcoma,1
abpath,Cyto_Breast::Malignant::Heme::Lymphoma_Non_Hodgkin,1
abpath,Cyto_Breast::Malignant::Heme::Plasmacytoma,1
abpath,Cyto_Breast::Malignant::Metastatic::Metastatic_Tumor_To_Breast,1
abpath,Cyto_Breast::Malignant::Sarcoma::Angiosarcoma,1
abpath,Cyto_Breast::Malignant::Sarcoma::Leiomyosarcoma,1
abpath,Cyto_Breast::Malignant::Sarcoma::Liposarcoma,1
abpath,Cyto_Breast::Malignant::Sarcoma::Osteosarcoma,1
abpath,Cyto_Breast::Malignant::Sarcoma::Rhabdomyosarcoma,1
abpath,Cyto_Breast::Malignant::Sarcoma::Undifferentiated_Pleomorphic_Sarcoma_MFH,1
abpath,Cyto_Breast::Nipple_Discharge::Ductal_Carcinoma,1
abpath,Cyto_Breast::Nipple_Discharge::Intraductal_Papilloma,1
abpath,Cyto_Breast::Pattern::Large_Epithelial_Fragments,1
abpath,Cyto_Breast::Pattern::Large_Fragments_Dispersed_Cells,1
abpath,Cyto_Breast::Pattern::Mucinous_Background,1
abpath,Cyto_Breast::Pattern::Papillary_Stellate_Fragments,1
abpath,Cyto_Breast::Pattern::Prominent_Necrosis,1
abpath,Cyto_Breast::Pattern::Proteinaceous_Background,1
abpath,Cyto_Breast::Pattern::Small_Cohesive_Fragments_Bipolar_Nuclei,1
abpath,Cyto_Breast::Pattern::Small_Discohesive_Fragments,1
abpath,Cyto_Breast::Specimen_Type::Fine_Needle_Aspiration_FNA,1
abpath,Cyto_Breast::Specimen_Type::Nipple_Discharge,1
abpath,Cyto_Derm::Benign::Chondroid_Syringoma_Mixed_Tumor,1
abpath,Cyto_Derm::Benign::Cylindroma,1
abpath,Cyto_Derm::Benign::Dermatofibroma_Benign_Fibrous_Histiocytoma,1
abpath,Cyto_Derm::Benign::Desmoid_Type_Fibromatosis,1
abpath,Cyto_Derm::Benign::Eccrine_Spiradenoma,1
abpath,Cyto_Derm::Benign::Endometriosis,1
abpath,Cyto_Derm::Benign::Epidermal_Inclusion_Cyst,1
abpath,Cyto_Derm::Benign::Fat_Necrosis,1
abpath,Cyto_Derm::Benign::Ganglion_Cyst,1
abpath,Cyto_Derm::Benign::Glomus_Tumor,1
abpath,Cyto_Derm::Benign::Granular_Cell_Tumor,1
abpath,Cyto_Derm::Benign::Hemangioma,1
abpath,Cyto_Derm::Benign::Hibernoma,1
abpath,Cyto_Derm::Benign::Lipoma,1
abpath,Cyto_Derm::Benign::Lymphangioma,1
abpath,Cyto_Derm::Benign::Melanocytic_Nevus,1
abpath,Cyto_Derm::Benign::Neurofibroma,1
abpath,Cyto_Derm::Benign::Nodular_Fasciitis,1
abpath,Cyto_Derm::Benign::Normal_Skin_Cytology,1
abpath,Cyto_Derm::Benign::Pilomatrixoma,1
abpath,Cyto_Derm::Benign::Scar_Keloid,1
abpath,Cyto_Derm::Benign::Schwannoma,1
abpath,Cyto_Derm::Benign::Seborrheic_Keratosis,1
abpath,Cyto_Derm::Benign::Spindle_Cell_Pleomorphic_Lipoma,1
abpath,Cyto_Derm::Benign::Syringocystadenoma_Papilliferum,1
abpath,Cyto_Derm::Benign::Syringoma,1
abpath,Cyto_Derm::Benign::Trichilemmoma,1
abpath,Cyto_Derm::Malignant::Angiosarcoma,1
abpath,Cyto_Derm::Malignant::Atypical_Lipomatous_Tumor_Well_Differentiated_Liposarcoma,1
abpath,Cyto_Derm::Malignant::Basal_Cell_Carcinoma,1
abpath,Cyto_Derm::Malignant::Cutaneous_Lymphoma,1
abpath,Cyto_Derm::Malignant::Dedifferentiated_Liposarcoma,1
abpath,Cyto_Derm::Malignant::Dermatofibrosarcoma_Protuberans_DFSP,1
abpath,Cyto_Derm::Malignant::Extraskeletal_Myxoid_Chondrosarcoma,1
abpath,Cyto_Derm::Malignant::Kaposi_Sarcoma,1
abpath,Cyto_Derm::Malignant::Leiomyosarcoma,1
abpath,Cyto_Derm::Malignant::Malignant_Melanoma_Skin,1
abpath,Cyto_Derm::Malignant::Malignant_Peripheral_Nerve_Sheath_Tumor_MPNST,1
abpath,Cyto_Derm::Malignant::Merkel_Cell_Carcinoma,1
abpath,Cyto_Derm::Malignant::Metastatic_Carcinoma_to_Skin,1
abpath,Cyto_Derm::Malignant::Mucinous_Carcinoma_Skin,1
abpath,Cyto_Derm::Malignant::Myxoid_Liposarcoma,1
abpath,Cyto_Derm::Malignant::Paget_Disease_Skin,1
abpath,Cyto_Derm::Malignant::Pleomorphic_Liposarcoma,1
abpath,Cyto_Derm::Malignant::Rhabdomyosarcoma,1
abpath,Cyto_Derm::Malignant::Sebaceous_Carcinoma,1
abpath,Cyto_Derm::Malignant::Squamous_Cell_Carcinoma,1
abpath,Cyto_Derm::Malignant::Synovial_Sarcoma,1
abpath,Cyto_Derm::Malignant::Undifferentiated_Pleomorphic_Sarcoma,1
abpath,Cyto_Fluids::Benign::Arachnoid_Cells,1
abpath,Cyto_Fluids::Benign::Normal_CSF_Cytology,1
abpath,Cyto_Fluids::Benign::Normal_Serous_Effusion_Cytology,1
abpath,Cyto_Fluids::Benign_Reactive::Hemorrhage_Subarachnoid,1
abpath,Cyto_Fluids::Benign_Reactive::Inflammatory::Acute_Serositis_Empyema,1
abpath,Cyto_Fluids::Benign_Reactive::Inflammatory::Chronic_Serositis_Lymphocytic,1
abpath,Cyto_Fluids::Benign_Reactive::Inflammatory::Eosinophilic_Effusion,1
abpath,Cyto_Fluids::Benign_Reactive::Inflammatory::Granulomatous_Inflammation,1
abpath,Cyto_Fluids::Benign_Reactive::Inflammatory::Lupus_Pleuritis_LE_Cells,1
abpath,Cyto_Fluids::Benign_Reactive::Inflammatory::Rheumatoid_Pleuritis,1
abpath,Cyto_Fluids::Benign_Reactive::Mesothelial::Collagen_Balls,1
abpath,Cyto_Fluids::Benign_Reactive::Mesothelial::Mesothelial_Hyperplasia_Nodular_Histiocytic,1
abpath,Cyto_Fluids::Benign_Reactive::Mesothelial::Multinucleated_Giant_Mesothelial_Cells,1
abpath,Cyto_Fluids::Benign_Reactive::Mesothelial::Reactive_Mesothelial_Proliferation,1
abpath,Cyto_Fluids::Benign_Reactive::Ovarian_Cyst::Corpus_Luteum_Cyst,1
abpath,Cyto_Fluids::Benign_Reactive::Ovarian_Cyst::Endometriotic_Cyst_Chocolate_Cyst,1
abpath,Cyto_Fluids::Benign_Reactive::Ovarian_Cyst::Follicular_Cyst,1
abpath,Cyto_Fluids::Benign_Reactive::Ovarian_Cyst::Mature_Cystic_Teratoma_Dermoid,1
abpath,Cyto_Fluids::Benign_Reactive::Ovarian_Cyst::Mucinous_Cystadenoma,1
abpath,Cyto_Fluids::Benign_Reactive::Ovarian_Cyst::Serous_Cystadenoma,1
abpath,Cyto_Fluids::Benign_Reactive::Reactive_Pleocytosis,1
abpath,Cyto_Fluids::Benign_Reactive::Specific_Conditions::Boerhaave_Syndrome_Esophageal_Rupture,1
abpath,Cyto_Fluids::Benign_Reactive::Specific_Conditions::Detached_Ciliary_Tufts,1
abpath,Cyto_Fluids::Benign_Reactive::Specific_Conditions::Endometriosis,1
abpath,Cyto_Fluids::Benign_Reactive::Specific_Conditions::Endosalpingiosis,1
abpath,Cyto_Fluids::Benign_Reactive::Specific_Conditions::Extramedullary_Hematopoiesis_Megakaryocytes,1
abpath,Cyto_Fluids::Benign_Reactive::Specific_Conditions::Fistula_Vegetable_Matter,1
abpath,Cyto_Fluids::Category::Atypia_Of_Undetermined_Significance_AUS,1
abpath,Cyto_Fluids::Category::Malignant,1
abpath,Cyto_Fluids::Category::Negative_For_Malignancy,1
abpath,Cyto_Fluids::Category::Nondiagnostic,1
abpath,Cyto_Fluids::Category::Suspicious_For_Malignancy,1
abpath,Cyto_Fluids::Infectious::Bacteria::Actinomyces,1
abpath,Cyto_Fluids::Infectious::Bacteria::Mycobacterium_Tuberculosis,1
abpath,Cyto_Fluids::Infectious::Bacteria::Nocardia,1
abpath,Cyto_Fluids::Infectious::Bacterial::Acute_Bacterial_Meningitis,1
abpath,Cyto_Fluids::Infectious::Fungal::Aspergillus_Species,1
abpath,Cyto_Fluids::Infectious::Fungal::Blastomyces_Dermatitidis,1
abpath,Cyto_Fluids::Infectious::Fungal::Candida_Species,1
abpath,Cyto_Fluids::Infectious::Fungal::Coccidioides_Immitis,1
abpath,Cyto_Fluids::Infectious::Fungal::Cryptococcal_Meningitis,1
abpath,Cyto_Fluids::Infectious::Fungal::Cryptococcus_Neoformans,1
abpath,Cyto_Fluids::Infectious::Fungal::Pneumocystis_Jirovecii,1
abpath,Cyto_Fluids::Infectious::Mycobacterial::Tuberculous_Meningitis,1
abpath,Cyto_Fluids::Infectious::Parasitic::Echinococcus,1
abpath,Cyto_Fluids::Infectious::Parasitic::Entamoeba_Histolytica,1
abpath,Cyto_Fluids::Infectious::Parasitic::Giardia_Lamblia,1
abpath,Cyto_Fluids::Infectious::Parasitic::Strongyloides_Stercoralis,1
abpath,Cyto_Fluids::Infectious::Viral::Cytomegalovirus_CMV,1
abpath,Cyto_Fluids::Infectious::Viral::Herpes_Simplex_Virus_HSV,1
abpath,Cyto_Fluids::Infectious::Viral::Viral_Meningitis_Encephalitis,1
abpath,Cyto_Fluids::Malignant::CNS::Ependymoma,1
abpath,Cyto_Fluids::Malignant::CNS::Glioblastoma_IDH_wildtype,1
abpath,Cyto_Fluids::Malignant::CNS::High_Grade_Glioma_Not_Otherwise_Specified,1
abpath,Cyto_Fluids::Malignant::CNS::Medulloblastoma,1
abpath,Cyto_Fluids::Malignant::CNS::Meningioma,1
abpath,Cyto_Fluids::Malignant::CNS::Solitary_Fibrous_Tumor_Hemangiopericytoma,1
abpath,Cyto_Fluids::Malignant::Germ_Cell::Choriocarcinoma,1
abpath,Cyto_Fluids::Malignant::Germ_Cell::Embryonal_Carcinoma,1
abpath,Cyto_Fluids::Malignant::Germ_Cell::Seminoma,1
abpath,Cyto_Fluids::Malignant::Germ_Cell::Yolk_Sac_Tumor,1
abpath,Cyto_Fluids::Malignant::Heme::Leukemia_Acute,1
abpath,Cyto_Fluids::Malignant::Heme::Lymphoma_Burkitt,1
abpath,Cyto_Fluids::Malignant::Heme::Lymphoma_Diffuse_Large_B_Cell_DLBCL,1
abpath,Cyto_Fluids::Malignant::Heme::Lymphoma_Hodgkin,1
abpath,Cyto_Fluids::Malignant::Heme::Lymphoma_Lymphoblastic,1
abpath,Cyto_Fluids::Malignant::Heme::Lymphoma_Primary_CNS,1
abpath,Cyto_Fluids::Malignant::Heme::Multiple_Myeloma_Plasmacytoma,1
abpath,Cyto_Fluids::Malignant::Heme::Primary_Effusion_Lymphoma_PEL,1
abpath,Cyto_Fluids::Malignant::Heme::Pyothorax_Associated_Lymphoma,1
abpath,Cyto_Fluids::Malignant::Mesothelioma::Mesothelioma_Biphasic_Mixed,1
abpath,Cyto_Fluids::Malignant::Mesothelioma::Mesothelioma_Clear_Cell,1
abpath,Cyto_Fluids::Malignant::Mesothelioma::Mesothelioma_Deciduoid,1
abpath,Cyto_Fluids::Malignant::Mesothelioma::Mesothelioma_Epithelioid,1
abpath,Cyto_Fluids::Malignant::Mesothelioma::Mesothelioma_Lymphohistiocytoid,1
abpath,Cyto_Fluids::Malignant::Mesothelioma::Mesothelioma_Sarcomatoid,1
abpath,Cyto_Fluids::Malignant::Mesothelioma::Mesothelioma_Small_Cell,1
abpath,Cyto_Fluids::Malignant::Metastatic::Adenocarcinoma_Breast_Ductal,1
abpath,Cyto_Fluids::Malignant::Metastatic::Adenocarcinoma_Breast_Lobular,1
abpath,Cyto_Fluids::Malignant::Metastatic::Adenocarcinoma_Endometrial,1
abpath,Cyto_Fluids::Malignant::Metastatic::Adenocarcinoma_GI_Colorectal,1
abpath,Cyto_Fluids::Malignant::Metastatic::Adenocarcinoma_GI_Gastric,1
abpath,Cyto_Fluids::Malignant::Metastatic::Adenocarcinoma_Lung,1
abpath,Cyto_Fluids::Malignant::Metastatic::Adenocarcinoma_Pancreatic,1
abpath,Cyto_Fluids::Malignant::Metastatic::Carcinoma_Leptomeningeal,1
abpath,Cyto_Fluids::Malignant::Metastatic::Malignant_Melanoma,1
abpath,Cyto_Fluids::Malignant::Metastatic::Prostate_Carcinoma,1
abpath,Cyto_Fluids::Malignant::Metastatic::Pseudomyxoma_Peritonei_Appendiceal,1
abpath,Cyto_Fluids::Malignant::Metastatic::Renal_Cell_Carcinoma,1
abpath,Cyto_Fluids::Malignant::Metastatic::Small_Cell_Carcinoma_Lung,1
abpath,Cyto_Fluids::Malignant::Metastatic::Squamous_Cell_Carcinoma,1
abpath,Cyto_Fluids::Malignant::Metastatic::Thymoma,1
abpath,Cyto_Fluids::Malignant::Ovarian_Primary::Clear_Cell_Carcinoma,1
abpath,Cyto_Fluids::Malignant::Ovarian_Primary::Dysgerminoma,1
abpath,Cyto_Fluids::Malignant::Ovarian_Primary::Endometrioid_Carcinoma,1
abpath,Cyto_Fluids::Malignant::Ovarian_Primary::Granulosa_Cell_Tumor_Adult,1
abpath,Cyto_Fluids::Malignant::Ovarian_Primary::Granulosa_Cell_Tumor_Juvenile,1
abpath,Cyto_Fluids::Malignant::Ovarian_Primary::High_Grade_Serous_Carcinoma,1
abpath,Cyto_Fluids::Malignant::Ovarian_Primary::Low_Grade_Serous_Carcinoma,1
abpath,Cyto_Fluids::Malignant::Ovarian_Primary::Mucinous_Carcinoma,1
abpath,Cyto_Fluids::Malignant::Ovarian_Primary::Serous_Borderline_Tumor,1
abpath,Cyto_Fluids::Malignant::Ovarian_Primary::Small_Cell_Carcinoma_Hypercalcemic,1
abpath,Cyto_Fluids::Malignant::Sarcoma::Angiosarcoma,1
abpath,Cyto_Fluids::Malignant::Sarcoma::Epithelioid_Hemangioendothelioma,1
abpath,Cyto_Fluids::Malignant::Sarcoma::Ewing_Sarcoma,1
abpath,Cyto_Fluids::Malignant::Sarcoma::Leiomyosarcoma,1
abpath,Cyto_Fluids::Malignant::Sarcoma::Rhabdomyosarcoma,1
abpath,Cyto_Fluids::Pattern::Call_Exner_Bodies,1
abpath,Cyto_Fluids::Pattern::Cannonballs,1
abpath,Cyto_Fluids::Pattern::Granular_Debris_Background,1
abpath,Cyto_Fluids::Pattern::Large_Cell_Clusters_Morulae,1
abpath,Cyto_Fluids::Pattern::Psammoma_Bodies,1
abpath,Cyto_Fluids::Pattern::Signet_Ring_Cells,1
abpath,Cyto_Fluids::Pattern::Single_Cell_Population,1
abpath,Cyto_Fluids::Pattern::Two_Cell_Population_Dimorphic,1
abpath,Cyto_Fluids::Specimen_Type::Cerebrospinal_Fluid_CSF,1
abpath,Cyto_Fluids::Specimen_Type::Ovarian_Cyst_FNA,1
abpath,Cyto_Fluids::Specimen_Type::Pelvic_Washing,1
abpath,Cyto_Fluids::Specimen_Type::Pericardial_Fluid,1
abpath,Cyto_Fluids::Specimen_Type::Peritoneal_Fluid_Ascites,1
abpath,Cyto_Fluids::Specimen_Type::Pleural_Fluid,1
abpath,Cyto_GI_Tract::Anal_Canal::Benign_Precursor::High_Grade_Squamous_Intraepithelial_Lesion_HSIL,1
abpath,Cyto_GI_Tract::Anal_Canal::Benign_Precursor::Low_Grade_Squamous_Intraepithelial_Lesion_LSIL,1
abpath,Cyto_GI_Tract::Anal_Canal::Malignant::Adenocarcinoma_Rectal_Type,1
abpath,Cyto_GI_Tract::Anal_Canal::Malignant::Paget_Disease_Extramammary,1
abpath,Cyto_GI_Tract::Anal_Canal::Malignant::Squamous_Cell_Carcinoma,1
abpath,Cyto_GI_Tract::Benign::Normal_GI_Tract_Cytology,1
abpath,Cyto_GI_Tract::Category::Atypical,1
abpath,Cyto_GI_Tract::Category::Benign,1
abpath,Cyto_GI_Tract::Category::Malignant,1
abpath,Cyto_GI_Tract::Category::Nondiagnostic,1
abpath,Cyto_GI_Tract::Category::Suspicious_For_Malignancy,1
abpath,Cyto_GI_Tract::Colon::Benign_Reactive::Adenoma,1
abpath,Cyto_GI_Tract::Colon::Benign_Reactive::Inflammatory_Bowel_Disease_Repair,1
abpath,Cyto_GI_Tract::Colon::Malignant::Adenocarcinoma,1
abpath,Cyto_GI_Tract::Esophagus::Benign::Leiomyoma_Benign,1
abpath,Cyto_GI_Tract::Esophagus::Benign::Normal_Esophageal_Cytology,1
abpath,Cyto_GI_Tract::Esophagus::Benign_Precursor::Barrett_Esophagus_Intestinal_Metaplasia,1
abpath,Cyto_GI_Tract::Esophagus::Benign_Precursor::Dysplasia_High_Grade,1
abpath,Cyto_GI_Tract::Esophagus::Benign_Precursor::Dysplasia_Low_Grade,1
abpath,Cyto_GI_Tract::Esophagus::Benign_Reactive::Chemotherapy_Effect,1
abpath,Cyto_GI_Tract::Esophagus::Benign_Reactive::Epithelial_Repair_Reflux,1
abpath,Cyto_GI_Tract::Esophagus::Benign_Reactive::Radiation_Changes,1
abpath,Cyto_GI_Tract::Esophagus::Infectious::Aspergillus,1
abpath,Cyto_GI_Tract::Esophagus::Infectious::Candida_Species,1
abpath,Cyto_GI_Tract::Esophagus::Infectious::Cytomegalovirus_CMV,1
abpath,Cyto_GI_Tract::Esophagus::Infectious::Herpes_Simplex_Virus_HSV,1
abpath,Cyto_GI_Tract::Esophagus::Malignant::Adenocarcinoma,1
abpath,Cyto_GI_Tract::Esophagus::Malignant::Gastrointestinal_Stromal_Tumor_GIST,1
abpath,Cyto_GI_Tract::Esophagus::Malignant::Leiomyosarcoma,1
abpath,Cyto_GI_Tract::Esophagus::Malignant::Small_Cell_Neuroendocrine_Carcinoma,1
abpath,Cyto_GI_Tract::Esophagus::Malignant::Squamous_Cell_Carcinoma,1
abpath,Cyto_GI_Tract::Small_Intestine::Benign::Duodenal_Adenoma,1
abpath,Cyto_GI_Tract::Small_Intestine::Infectious::Cryptosporidia,1
abpath,Cyto_GI_Tract::Small_Intestine::Infectious::Cytomegalovirus_Duodenitis,1
abpath,Cyto_GI_Tract::Small_Intestine::Infectious::Giardia_Lamblia,1
abpath,Cyto_GI_Tract::Small_Intestine::Infectious::Microsporidia,1
abpath,Cyto_GI_Tract::Small_Intestine::Infectious::Mycobacteria,1
abpath,Cyto_GI_Tract::Small_Intestine::Malignant::Adenocarcinoma_Ampullary,1
abpath,Cyto_GI_Tract::Small_Intestine::Malignant::Lymphoma,1
abpath,Cyto_GI_Tract::Small_Intestine::Malignant::Neuroendocrine_Tumor,1
abpath,Cyto_GI_Tract::Stomach::Benign::Normal_Gastric_Cytology,1
abpath,Cyto_GI_Tract::Stomach::Benign_Precursor::Gastric_Adenoma,1
abpath,Cyto_GI_Tract::Stomach::Benign_Precursor::Gastric_Dysplasia,1
abpath,Cyto_GI_Tract::Stomach::Benign_Reactive::Epithelial_Repair,1
abpath,Cyto_GI_Tract::Stomach::Benign_Reactive::Gastritis,1
abpath,Cyto_GI_Tract::Stomach::Infectious::Cryptosporidia,1
abpath,Cyto_GI_Tract::Stomach::Infectious::Giardia_Lamblia,1
abpath,Cyto_GI_Tract::Stomach::Infectious::Helicobacter_Pylori,1
abpath,Cyto_GI_Tract::Stomach::Infectious::Mycobacteria_Atypical,1
abpath,Cyto_GI_Tract::Stomach::Malignant::Adenocarcinoma_Diffuse_Signet_Ring_Cell,1
abpath,Cyto_GI_Tract::Stomach::Malignant::Adenocarcinoma_Intestinal_Type,1
abpath,Cyto_GI_Tract::Stomach::Malignant::Gastrointestinal_Stromal_Tumor_GIST,1
abpath,Cyto_GI_Tract::Stomach::Malignant::Leiomyosarcoma,1
abpath,Cyto_GI_Tract::Stomach::Malignant::Lymphoma_Diffuse_Large_B_Cell,1
abpath,Cyto_GI_Tract::Stomach::Malignant::Lymphoma_MALT,1
abpath,Cyto_GI_Tract::Stomach::Malignant::Neuroendocrine_Carcinoma,1
abpath,Cyto_GI_Tract::Stomach::Malignant::Neuroendocrine_Tumor_Carcinoid,1
abpath,Cyto_GYN::Benign::Normal_GYN_Cytology,1
abpath,Cyto_GYN::Benign_Reactive::Endometrial_Cells_After_Age_45,1
abpath,Cyto_GYN::Benign_Reactive::Endometrial_Cells_On_Pap_Test,1
abpath,Cyto_GYN::Benign_Reactive::Non_Neoplastic::Atrophy_Atrophic_Vaginitis,1
abpath,Cyto_GYN::Benign_Reactive::Non_Neoplastic::Behcet_Disease,1
abpath,Cyto_GYN::Benign_Reactive::Non_Neoplastic::Chemotherapy_Effect,1
abpath,Cyto_GYN::Benign_Reactive::Non_Neoplastic::Cyst_Gartner_Duct,1
abpath,Cyto_GYN::Benign_Reactive::Non_Neoplastic::Cyst_Inclusion,1
abpath,Cyto_GYN::Benign_Reactive::Non_Neoplastic::Cyst_Mullerian,1
abpath,Cyto_GYN::Benign_Reactive::Non_Neoplastic::Desquamative_Inflammatory_Vaginitis,1
abpath,Cyto_GYN::Benign_Reactive::Non_Neoplastic::Endometriosis,1
abpath,Cyto_GYN::Benign_Reactive::Non_Neoplastic::Follicular_Cervicitis,1
abpath,Cyto_GYN::Benign_Reactive::Non_Neoplastic::Glandular_Cells_Post_Hysterectomy,1
abpath,Cyto_GYN::Benign_Reactive::Non_Neoplastic::Intrauterine_Device_IUD_Effect,1
abpath,Cyto_GYN::Benign_Reactive::Non_Neoplastic::Keratotic_Changes_Hyperkeratosis,1
abpath,Cyto_GYN::Benign_Reactive::Non_Neoplastic::Keratotic_Changes_Parakeratosis,1
abpath,Cyto_GYN::Benign_Reactive::Non_Neoplastic::Langerhans_Cell_Histiocytosis,1
abpath,Cyto_GYN::Benign_Reactive::Non_Neoplastic::Malacoplakia,1
abpath,Cyto_GYN::Benign_Reactive::Non_Neoplastic::Mesonephric_Duct_Remnants,1
abpath,Cyto_GYN::Benign_Reactive::Non_Neoplastic::Microglandular_Hyperplasia,1
abpath,Cyto_GYN::Benign_Reactive::Non_Neoplastic::Pemphigus_Vulgaris,1
abpath,Cyto_GYN::Benign_Reactive::Non_Neoplastic::Pregnancy_Associated_Arias_Stella_Reaction,1
abpath,Cyto_GYN::Benign_Reactive::Non_Neoplastic::Pregnancy_Associated_Decidual_Cells,1
abpath,Cyto_GYN::Benign_Reactive::Non_Neoplastic::Radiation_Changes,1
abpath,Cyto_GYN::Benign_Reactive::Non_Neoplastic::Reactive_Cellular_Changes_Inflammation,1
abpath,Cyto_GYN::Benign_Reactive::Non_Neoplastic::Reactive_Cellular_Changes_Repair_Atypical,1
abpath,Cyto_GYN::Benign_Reactive::Non_Neoplastic::Reactive_Cellular_Changes_Repair_Typical,1
abpath,Cyto_GYN::Benign_Reactive::Non_Neoplastic::Squamous_Metaplasia_Immature,1
abpath,Cyto_GYN::Benign_Reactive::Non_Neoplastic::Squamous_Metaplasia_Mature,1
abpath,Cyto_GYN::Benign_Reactive::Non_Neoplastic::Transitional_Cell_Metaplasia,1
abpath,Cyto_GYN::Benign_Reactive::Non_Neoplastic::Tubal_Metaplasia,1
abpath,Cyto_GYN::Benign_Reactive::Non_Neoplastic::Vaginal_Adenosis,1
abpath,Cyto_GYN::Benign_Reactive::Non_Neoplastic::Vaginitis_Emphysematosa,1
abpath,Cyto_GYN::Benign_Reactive::Organisms::Actinomyces,1
abpath,Cyto_GYN::Benign_Reactive::Organisms::Adenovirus,1
abpath,Cyto_GYN::Benign_Reactive::Organisms::Bacterial_Vaginosis_Shift_In_Flora,1
abpath,Cyto_GYN::Benign_Reactive::Organisms::Candida_Glabrata_Torulopsis,1
abpath,Cyto_GYN::Benign_Reactive::Organisms::Candida_Species,1
abpath,Cyto_GYN::Benign_Reactive::Organisms::Cytomegalovirus_CMV,1
abpath,Cyto_GYN::Benign_Reactive::Organisms::Entamoeba_Histolytica,1
abpath,Cyto_GYN::Benign_Reactive::Organisms::Enterobius_Vermicularis_Pinworm,1
abpath,Cyto_GYN::Benign_Reactive::Organisms::Granuloma_Inguinale_Donovan_Bodies,1
abpath,Cyto_GYN::Benign_Reactive::Organisms::Herpes_Simplex_Virus_HSV,1
abpath,Cyto_GYN::Benign_Reactive::Organisms::Herpes_Zoster_Virus_VZV,1
abpath,Cyto_GYN::Benign_Reactive::Organisms::Lactobacillosis,1
abpath,Cyto_GYN::Benign_Reactive::Organisms::Leptotrichia_Buccalis_Leptothrix,1
abpath,Cyto_GYN::Benign_Reactive::Organisms::Molluscum_Contagiosum,1
abpath,Cyto_GYN::Benign_Reactive::Organisms::Mycobacterium_Tuberculosis,1
abpath,Cyto_GYN::Benign_Reactive::Organisms::Neisseria_Gonorrhoeae,1
abpath,Cyto_GYN::Benign_Reactive::Organisms::Polyomavirus_BK_Virus_Decoy_Cells,1
abpath,Cyto_GYN::Benign_Reactive::Organisms::Schistosoma,1
abpath,Cyto_GYN::Benign_Reactive::Organisms::Trichomonas_Vaginalis,1
abpath,Cyto_GYN::Benign_Reactive::Organisms::Wuchereria_Bancrofti_Filariasis,1
abpath,Cyto_GYN::Glandular::Atypical_Endocervical_Cells_Favor_Neoplastic,1
abpath,Cyto_GYN::Glandular::Atypical_Glandular_Cells_AGC_Endocervical,1
abpath,Cyto_GYN::Glandular::Atypical_Glandular_Cells_AGC_Endometrial,1
abpath,Cyto_GYN::Glandular::Atypical_Glandular_Cells_AGC_NOS,1
abpath,Cyto_GYN::Glandular::Benign_Neoplasm::Endocervical_Polyp,1
abpath,Cyto_GYN::Glandular::Benign_Neoplasm::Endometrial_Polyp,1
abpath,Cyto_GYN::Glandular::Benign_Neoplasm::Papillary_Hidradenoma,1
abpath,Cyto_GYN::Glandular::Carcinoma::Adenocarcinoma_Endocervical_Mesonephric,1
abpath,Cyto_GYN::Glandular::Carcinoma::Adenocarcinoma_Endocervical_Minimal_Deviation_Adenoma_Malignum,1
abpath,Cyto_GYN::Glandular::Carcinoma::Adenocarcinoma_Endocervical_Mucinous_Gastric_Type,1
abpath,Cyto_GYN::Glandular::Carcinoma::Adenocarcinoma_Endocervical_Mucinous_Intestinal_Type,1
abpath,Cyto_GYN::Glandular::Carcinoma::Adenocarcinoma_Endocervical_Mucinous_Signet_Ring,1
abpath,Cyto_GYN::Glandular::Carcinoma::Adenocarcinoma_Endocervical_Usual,1
abpath,Cyto_GYN::Glandular::Carcinoma::Adenocarcinoma_Endocervical_Villoglandular,1
abpath,Cyto_GYN::Glandular::Carcinoma::Adenocarcinoma_Endometrial_Clear_Cell,1
abpath,Cyto_GYN::Glandular::Carcinoma::Adenocarcinoma_Endometrial_Endometrioid,1
abpath,Cyto_GYN::Glandular::Carcinoma::Adenocarcinoma_Endometrial_Serous,1
abpath,Cyto_GYN::Glandular::Carcinoma::Adenocarcinoma_Extrauterine,1
abpath,Cyto_GYN::Glandular::Carcinoma::Adenocarcinoma_NOS,1
abpath,Cyto_GYN::Glandular::Carcinoma::Adenoid_Cystic_Carcinoma,1
abpath,Cyto_GYN::Glandular::Carcinoma::Adenosquamous_Carcinoma,1
abpath,Cyto_GYN::Glandular::Carcinoma::Clear_Cell_Carcinoma_DES_Associated,1
abpath,Cyto_GYN::Glandular::Carcinoma::Glassy_Cell_Carcinoma,1
abpath,Cyto_GYN::Glandular::Carcinoma::Mucoepidermoid_Carcinoma,1
abpath,Cyto_GYN::Glandular::Carcinoma::Paget_Disease_Vulva,1
abpath,Cyto_GYN::Glandular::Endocervical_Adenocarcinoma_In_Situ_AIS_Endometrioid,1
abpath,Cyto_GYN::Glandular::Endocervical_Adenocarcinoma_In_Situ_AIS_Intestinal,1
abpath,Cyto_GYN::Glandular::Endocervical_Adenocarcinoma_In_Situ_AIS_Usual,1
abpath,Cyto_GYN::Glandular::Hyperplasia::Endometrial_Hyperplasia_Atypical,1
abpath,Cyto_GYN::Glandular::Hyperplasia::Endometrial_Hyperplasia_Complex,1
abpath,Cyto_GYN::Glandular::Hyperplasia::Endometrial_Hyperplasia_Simple,1
abpath,Cyto_GYN::Malignant_Other::Adenosarcoma,1
abpath,Cyto_GYN::Malignant_Other::Carcinosarcoma_MMMT,1
abpath,Cyto_GYN::Malignant_Other::Embryonal_Rhabdomyosarcoma_Sarcoma_Botryoides,1
abpath,Cyto_GYN::Malignant_Other::Endometrial_Stromal_Sarcoma,1
abpath,Cyto_GYN::Malignant_Other::Gestational_Choriocarcinoma,1
abpath,Cyto_GYN::Malignant_Other::Gestational_Hydatidiform_Mole,1
abpath,Cyto_GYN::Malignant_Other::Leiomyosarcoma,1
abpath,Cyto_GYN::Malignant_Other::Lymphoma_Non_Hodgkin,1
abpath,Cyto_GYN::Malignant_Other::Malignant_Melanoma,1
abpath,Cyto_GYN::Malignant_Other::Metastatic_Tumor_Breast,1
abpath,Cyto_GYN::Malignant_Other::Metastatic_Tumor_Fallopian_Tube,1
abpath,Cyto_GYN::Malignant_Other::Metastatic_Tumor_GI_Tract,1
abpath,Cyto_GYN::Malignant_Other::Metastatic_Tumor_Ovary,1
abpath,Cyto_GYN::Malignant_Other::Small_Cell_Neuroendocrine_Carcinoma,1
abpath,Cyto_GYN::Specimen_Type::Anal_Pap_Smear,1
abpath,Cyto_GYN::Specimen_Type::Pap_Smear_Conventional,1
abpath,Cyto_GYN::Specimen_Type::Pap_Test_Liquid_Based,1
abpath,Cyto_GYN::Squamous::Anal_Intraepithelial_Neoplasia_High_Grade_HSIL,1
abpath,Cyto_GYN::Squamous::Anal_Intraepithelial_Neoplasia_Low_Grade_LSIL,1
abpath,Cyto_GYN::Squamous::Atypical_Squamous_Cells_Cannot_Exclude_HSIL_ASCH,1
abpath,Cyto_GYN::Squamous::Atypical_Squamous_Cells_Undetermined_Significance_ASCUS,1
abpath,Cyto_GYN::Squamous::High_Grade_Squamous_Intraepithelial_Lesion_HSIL,1
abpath,Cyto_GYN::Squamous::Keratinizing_Dysplasia,1
abpath,Cyto_GYN::Squamous::Low_Grade_Squamous_Intraepithelial_Lesion_LSIL,1
abpath,Cyto_GYN::Squamous::Squamous_Cell_Carcinoma_Basaloid,1
abpath,Cyto_GYN::Squamous::Squamous_Cell_Carcinoma_Keratinizing,1
abpath,Cyto_GYN::Squamous::Squamous_Cell_Carcinoma_Lymphoepithelioma_Like,1
abpath,Cyto_GYN::Squamous::Squamous_Cell_Carcinoma_Microinvasive_SISCA,1
abpath,Cyto_GYN::Squamous::Squamous_Cell_Carcinoma_Non_Keratinizing,1
abpath,Cyto_GYN::Squamous::Squamous_Cell_Carcinoma_Papillary,1
abpath,Cyto_GYN::Squamous::Squamous_Cell_Carcinoma_Sarcomatoid,1
abpath,Cyto_GYN::Squamous::Squamous_Cell_Carcinoma_Verrucous,1
abpath,Cyto_GYN::Squamous::Vaginal_Intraepithelial_Neoplasia_VaIN,1
abpath,Cyto_GYN::Squamous::Vulvar_Intraepithelial_Neoplasia_VIN_Classic_Warty_Basaloid,1
abpath,Cyto_GYN::Squamous::Vulvar_Intraepithelial_Neoplasia_VIN_Differentiated,1
abpath,Cyto_Head_Neck::Benign::Ameloblastoma,1
abpath,Cyto_Head_Neck::Benign::Benign_Epithelial_Neoplasm,1
abpath,Cyto_Head_Neck::Benign::Benign_Salivary_Gland_Neoplasm,1
abpath,Cyto_Head_Neck::Benign::Branchial_Cleft_Cyst,1
abpath,Cyto_Head_Neck::Benign::Carotid_Body_Tumor_Paraganglioma,1
abpath,Cyto_Head_Neck::Benign::Cervical_Rib,1
abpath,Cyto_Head_Neck::Benign::Chondroma_Hyoid,1
abpath,Cyto_Head_Neck::Benign::Ectopic_Cervical_Thymic_Tissue,1
abpath,Cyto_Head_Neck::Benign::Ectopic_Parathyroid_Tissue,1
abpath,Cyto_Head_Neck::Benign::Ectopic_Thymic_Tissue,1
abpath,Cyto_Head_Neck::Benign::Ectopic_Thyroid_Tissue,1
abpath,Cyto_Head_Neck::Benign::Fibromatosis_Colli,1
abpath,Cyto_Head_Neck::Benign::Granular_Cell_Tumor,1
abpath,Cyto_Head_Neck::Benign::Meningioma,1
abpath,Cyto_Head_Neck::Benign::Nerve_Sheath_Tumor,1
abpath,Cyto_Head_Neck::Benign::Nodular_Fasciitis_Head_Neck,1
abpath,Cyto_Head_Neck::Benign::Normal_Head_Neck_Cytology,1
abpath,Cyto_Head_Neck::Benign::Paraganglioma,1
abpath,Cyto_Head_Neck::Benign::Parathyroid_Adenoma,1
abpath,Cyto_Head_Neck::Benign::Parathyroid_Cyst,1
abpath,Cyto_Head_Neck::Benign::Pilomatrixoma,1
abpath,Cyto_Head_Neck::Benign::Proliferative_Myositis,1
abpath,Cyto_Head_Neck::Benign::Thyroglossal_Duct_Cyst,1
abpath,Cyto_Head_Neck::Infectious::Actinomycosis,1
abpath,Cyto_Head_Neck::Infectious::Bacterial_Infection,1
abpath,Cyto_Head_Neck::Infectious::Candidiasis,1
abpath,Cyto_Head_Neck::Infectious::Fungal_Infection,1
abpath,Cyto_Head_Neck::Malignant::Malignant_Salivary_Gland_Neoplasm,1
abpath,Cyto_Head_Neck::Malignant::Merkel_Cell_Carcinoma,1
abpath,Cyto_Head_Neck::Malignant::Metastatic_Carcinoma,1
abpath,Cyto_Head_Neck::Malignant::Metastatic_Melanoma,1
abpath,Cyto_Head_Neck::Malignant::Metastatic_Sarcoma,1
abpath,Cyto_Head_Neck::Malignant::Metastatic_Thyroid_Carcinoma,1
abpath,Cyto_Head_Neck::Malignant::Nasopharyngeal_Carcinoma,1
abpath,Cyto_Head_Neck::Malignant::Olfactory_Neuroblastoma,1
abpath,Cyto_Head_Neck::Malignant::Squamous_Cell_Carcinoma_Non_HPV,1
abpath,Cyto_Head_Neck::Malignant::Thyroglossal_Duct_Carcinoma,1
abpath,Cyto_Heme::Benign::Normal_Bone_Marrow_Cytology,1
abpath,Cyto_Heme::Benign::Normal_Lymph_Node_Cytology,1
abpath,Cyto_Heme::Benign::Normal_Spleen_Cytology,1
abpath,Cyto_Heme::Benign::Normal_Thymus_Cytology,1
abpath,Cyto_Heme::Benign::Splenic_Lesion_NOS,1
abpath,Cyto_Heme::Benign::Vascular_Lesion_NOS,1
abpath,Cyto_Heme::Benign_Reactive::General::Acute_Suppurative_Lymphadenitis,1
abpath,Cyto_Heme::Benign_Reactive::General::Dermatopathic_Lymphadenitis,1
abpath,Cyto_Heme::Benign_Reactive::General::Drug_Associated_Lymphadenopathy,1
abpath,Cyto_Heme::Benign_Reactive::General::Granulomatous_Lymphadenitis_NOS,1
abpath,Cyto_Heme::Benign_Reactive::General::Immunoblastic_Reaction,1
abpath,Cyto_Heme::Benign_Reactive::General::Prominent_Histiocytosis,1
abpath,Cyto_Heme::Benign_Reactive::General::Prominent_Necrosis,1
abpath,Cyto_Heme::Benign_Reactive::General::Prominent_Plasmacytosis,1
abpath,Cyto_Heme::Benign_Reactive::General::Reactive_Lymphoid_Hyperplasia_Follicular,1
abpath,Cyto_Heme::Benign_Reactive::General::Reactive_Lymphoid_Hyperplasia_Paracortical,1
abpath,Cyto_Heme::Benign_Reactive::General::Silicone_Lymphadenitis,1
abpath,Cyto_Heme::Benign_Reactive::Infectious::Bartonella_Cat_Scratch_Disease,1
abpath,Cyto_Heme::Benign_Reactive::Infectious::Brucellosis,1
abpath,Cyto_Heme::Benign_Reactive::Infectious::Fungal_Coccidioides,1
abpath,Cyto_Heme::Benign_Reactive::Infectious::Fungal_Cryptococcus,1
abpath,Cyto_Heme::Benign_Reactive::Infectious::Fungal_Histoplasma,1
abpath,Cyto_Heme::Benign_Reactive::Infectious::Mycobacterium_Atypical_MAI,1
abpath,Cyto_Heme::Benign_Reactive::Infectious::Mycobacterium_Leprae_Leprosy,1
abpath,Cyto_Heme::Benign_Reactive::Infectious::Mycobacterium_Tuberculosis,1
abpath,Cyto_Heme::Benign_Reactive::Infectious::Parasitic_Filariasis,1
abpath,Cyto_Heme::Benign_Reactive::Infectious::Parasitic_Leishmaniasis,1
abpath,Cyto_Heme::Benign_Reactive::Infectious::Parasitic_Toxoplasmosis,1
abpath,Cyto_Heme::Benign_Reactive::Infectious::Viral_Cytomegalovirus_CMV,1
abpath,Cyto_Heme::Benign_Reactive::Infectious::Viral_HIV_Associated_Lymphadenopathy,1
abpath,Cyto_Heme::Benign_Reactive::Infectious::Viral_Herpes_Simplex_Virus_HSV,1
abpath,Cyto_Heme::Benign_Reactive::Infectious::Viral_Infectious_Mononucleosis_EBV,1
abpath,Cyto_Heme::Benign_Reactive::Specific::Castleman_Disease_Hyaline_Vascular,1
abpath,Cyto_Heme::Benign_Reactive::Specific::Castleman_Disease_Plasma_Cell,1
abpath,Cyto_Heme::Benign_Reactive::Specific::Kikuchi_Lymphadenitis,1
abpath,Cyto_Heme::Benign_Reactive::Specific::Kimura_Disease,1
abpath,Cyto_Heme::Benign_Reactive::Specific::Progressive_Transformation_Germinal_Centers_PTGC,1
abpath,Cyto_Heme::Benign_Reactive::Specific::Rheumatoid_Lymphadenopathy,1
abpath,Cyto_Heme::Benign_Reactive::Specific::Rosai_Dorfman_Disease,1
abpath,Cyto_Heme::Benign_Reactive::Specific::Sarcoidosis,1
abpath,Cyto_Heme::Benign_Reactive::Specific::Systemic_Lupus_Erythematosus_Lymphadenitis,1
abpath,Cyto_Heme::Category::Atypical,1
abpath,Cyto_Heme::Category::Benign,1
abpath,Cyto_Heme::Category::Malignant,1
abpath,Cyto_Heme::Category::Nondiagnostic,1
abpath,Cyto_Heme::Category::Suspicious_For_Malignancy,1
abpath,Cyto_Heme::Malignant::B_Cell_Large::Burkitt_Lymphoma,1
abpath,Cyto_Heme::Malignant::B_Cell_Large::Diffuse_Large_B_Cell_Lymphoma_DLBCL,1
abpath,Cyto_Heme::Malignant::B_Cell_Large::High_Grade_B_Cell_Lymphoma_Double_Hit,1
abpath,Cyto_Heme::Malignant::B_Cell_Large::High_Grade_B_Cell_Lymphoma_NOS,1
abpath,Cyto_Heme::Malignant::B_Cell_Large::Lymphomatoid_Granulomatosis,1
abpath,Cyto_Heme::Malignant::B_Cell_Large::Plasmablastic_Lymphoma,1
abpath,Cyto_Heme::Malignant::B_Cell_Large::Posttransplant_Lymphoproliferative_Disorder_PTLD,1
abpath,Cyto_Heme::Malignant::B_Cell_Large::Primary_Effusion_Lymphoma_PEL,1
abpath,Cyto_Heme::Malignant::B_Cell_Large::Primary_Mediastinal_Large_B_Cell_Lymphoma,1
abpath,Cyto_Heme::Malignant::B_Cell_Large::T_Cell_Histiocyte_Rich_Large_B_Cell_Lymphoma,1
abpath,Cyto_Heme::Malignant::B_Cell_Small::CLL_SLL_Chronic_Lymphocytic_Leukemia,1
abpath,Cyto_Heme::Malignant::B_Cell_Small::Follicular_Lymphoma_Low_Grade,1
abpath,Cyto_Heme::Malignant::B_Cell_Small::Lymphoplasmacytic_Lymphoma_Waldenstrom,1
abpath,Cyto_Heme::Malignant::B_Cell_Small::Mantle_Cell_Lymphoma_Blastoid,1
abpath,Cyto_Heme::Malignant::B_Cell_Small::Mantle_Cell_Lymphoma_Classic,1
abpath,Cyto_Heme::Malignant::B_Cell_Small::Marginal_Zone_Lymphoma_MALT,1
abpath,Cyto_Heme::Malignant::B_Cell_Small::Marginal_Zone_Lymphoma_Splenic,1
abpath,Cyto_Heme::Malignant::Histiocytic_Dendritic::Blastic_Plasmacytoid_Dendritic_Cell_Neoplasm,1
abpath,Cyto_Heme::Malignant::Histiocytic_Dendritic::Follicular_Dendritic_Cell_Sarcoma,1
abpath,Cyto_Heme::Malignant::Histiocytic_Dendritic::Histiocytic_Sarcoma,1
abpath,Cyto_Heme::Malignant::Histiocytic_Dendritic::Interdigitating_Dendritic_Cell_Sarcoma,1
abpath,Cyto_Heme::Malignant::Histiocytic_Dendritic::Langerhans_Cell_Histiocytosis_LCH,1
abpath,Cyto_Heme::Malignant::Histiocytic_Dendritic::Langerhans_Cell_Sarcoma,1
abpath,Cyto_Heme::Malignant::Hodgkin::Classic_Hodgkin_Lymphoma,1
abpath,Cyto_Heme::Malignant::Hodgkin::Nodular_Lymphocyte_Predominant_HL,1
abpath,Cyto_Heme::Malignant::Lymphoblastic::B_Lymphoblastic_Leukemia_Lymphoma,1
abpath,Cyto_Heme::Malignant::Lymphoblastic::T_Lymphoblastic_Leukemia_Lymphoma,1
abpath,Cyto_Heme::Malignant::Lymphoma::Enteropathy_Associated_T_Cell_Lymphoma,1
abpath,Cyto_Heme::Malignant::Lymphoma::Hepatosplenic_T_Cell_Lymphoma,1
abpath,Cyto_Heme::Malignant::Lymphoma::Primary_Cutaneous_Gamma_Delta_T_Cell_Lymphoma,1
abpath,Cyto_Heme::Malignant::Metastatic::Carcinoma_Breast_Lung_GI,1
abpath,Cyto_Heme::Malignant::Metastatic::Carcinoma_Merkel_Cell,1
abpath,Cyto_Heme::Malignant::Metastatic::Carcinoma_Nasopharyngeal,1
abpath,Cyto_Heme::Malignant::Metastatic::Carcinoma_Small_Cell,1
abpath,Cyto_Heme::Malignant::Metastatic::Carcinoma_Squamous_Cell_HPV_Associated,1
abpath,Cyto_Heme::Malignant::Metastatic::Germ_Cell_Tumor_Seminoma,1
abpath,Cyto_Heme::Malignant::Metastatic::Melanoma,1
abpath,Cyto_Heme::Malignant::Metastatic::Sarcoma_Kaposi,1
abpath,Cyto_Heme::Malignant::Metastatic::Small_Round_Blue_Cell_Tumor_Neuroblastoma,1
abpath,Cyto_Heme::Malignant::Myeloid::Acute_Myeloid_Leukemia,1
abpath,Cyto_Heme::Malignant::Myeloid::Myeloid_Sarcoma_Chloroma,1
abpath,Cyto_Heme::Malignant::Myeloid::Systemic_Mastocytosis,1
abpath,Cyto_Heme::Malignant::Plasma_Cell::Plasma_Cell_Myeloma_Plasmacytoma,1
abpath,Cyto_Heme::Malignant::Splenic::Angiosarcoma,1
abpath,Cyto_Heme::Malignant::Splenic::Splenic_B_Cell_Lymphoma_NOS,1
abpath,Cyto_Heme::Malignant::T_NK_Cell::Adult_T_Cell_Leukemia_Lymphoma_HTLV1,1
abpath,Cyto_Heme::Malignant::T_NK_Cell::Anaplastic_Large_Cell_Lymphoma_ALK_Neg,1
abpath,Cyto_Heme::Malignant::T_NK_Cell::Anaplastic_Large_Cell_Lymphoma_ALK_Pos,1
abpath,Cyto_Heme::Malignant::T_NK_Cell::Breast_Implant_Associated_Anaplastic_Large_Cell_Lymphoma,1
abpath,Cyto_Heme::Malignant::T_NK_Cell::Extranodal_NK_T_Cell_Lymphoma_Nasal_Type,1
abpath,Cyto_Heme::Malignant::T_NK_Cell::Mycosis_Fungoides_Sezary_Syndrome,1
abpath,Cyto_Heme::Malignant::T_NK_Cell::Nodal_T_Follicular_Helper_Cell_Lymphoma_Angioimmunoblastic_Type,1
abpath,Cyto_Heme::Malignant::T_NK_Cell::Peripheral_T_Cell_Lymphoma_NOS,1
abpath,Cyto_Heme::Malignant::T_NK_Cell::Precursor_T_Lymphoblastic_Lymphoma_Leukemia,1
abpath,Cyto_Heme::Malignant::Thymic::Thymic_B_Cell_Lymphoma,1
abpath,Cyto_Heme::Malignant::Thymic::Thymic_Carcinoma,1
abpath,Cyto_Heme::Malignant::Thymic::Thymoma,1
abpath,Cyto_Heme::Pattern::Dispersed_Hypercellular,1
abpath,Cyto_Heme::Pattern::Dispersed_Hypocellular,1
abpath,Cyto_Heme::Pattern::Hypercellular_Mixed_Dispersed_Tissue_Fragments,1
abpath,Cyto_Heme::Pattern::Hypocellular_Mixed_Dispersed_Tissue_Fragments,1
abpath,Cyto_Heme::Pattern::Mixed_Lymphoid_Cell_Pattern,1
abpath,Cyto_Heme::Pattern::Predominantly_Intermediate_Large_Pleomorphic_Blastic_Cell_Pattern,1
abpath,Cyto_Heme::Pattern::Predominantly_Small_Intermediate_Cell_Pattern,1
abpath,Cyto_Heme::Pattern::Single_Very_Large_Atypical_Cell_Pattern,1
abpath,Cyto_Heme::Pattern::Spindle_Cells,1
abpath,Cyto_Heme::Pattern::Tissue_Fragments_Large,1
abpath,Cyto_Kidney::Benign::Normal_Kidney_Cytology,1
abpath,Cyto_Kidney::Benign_Neoplasm::Angiomyolipoma_Classic,1
abpath,Cyto_Kidney::Benign_Neoplasm::Angiomyolipoma_Epithelioid,1
abpath,Cyto_Kidney::Benign_Neoplasm::Juxtaglomerular_Body_Tumor,1
abpath,Cyto_Kidney::Benign_Neoplasm::Mesoblastic_Nephroma,1
abpath,Cyto_Kidney::Benign_Neoplasm::Metanephric_Adenoma,1
abpath,Cyto_Kidney::Benign_Neoplasm::Mixed_Epithelial_Stromal_Tumor_MEST,1
abpath,Cyto_Kidney::Benign_Neoplasm::Multilocular_Cystic_Renal_Neoplasm_Low_Malignant_Potential,1
abpath,Cyto_Kidney::Benign_Neoplasm::Oncocytoma,1
abpath,Cyto_Kidney::Benign_Neoplasm::Papillary_Adenoma,1
abpath,Cyto_Kidney::Benign_Neoplasm::Renal_Medullary_Fibroma,1
abpath,Cyto_Kidney::Benign_Reactive::Cyst_Polycystic_Kidney_Disease,1
abpath,Cyto_Kidney::Benign_Reactive::Cyst_Simple_Acquired,1
abpath,Cyto_Kidney::Benign_Reactive::Infection_Fungal,1
abpath,Cyto_Kidney::Benign_Reactive::Malakoplakia,1
abpath,Cyto_Kidney::Benign_Reactive::Normal_Glomeruli_Tubules,1
abpath,Cyto_Kidney::Benign_Reactive::Papillary_Endothelial_Hyperplasia,1
abpath,Cyto_Kidney::Benign_Reactive::Renal_Abscess_Pyelonephritis,1
abpath,Cyto_Kidney::Benign_Reactive::Renal_Infarct,1
abpath,Cyto_Kidney::Benign_Reactive::Tuberculosis,1
abpath,Cyto_Kidney::Benign_Reactive::Xanthogranulomatous_Pyelonephritis_XGP,1
abpath,Cyto_Kidney::Category::Atypical,1
abpath,Cyto_Kidney::Category::Benign,1
abpath,Cyto_Kidney::Category::Malignant,1
abpath,Cyto_Kidney::Category::Nondiagnostic,1
abpath,Cyto_Kidney::Category::Suspicious_For_Malignancy,1
abpath,Cyto_Kidney::Malignant::Metastatic::Metastasis_To_Kidney,1
abpath,Cyto_Kidney::Malignant::Other::Carcinoid_Tumor_Neuroendocrine,1
abpath,Cyto_Kidney::Malignant::Other::Hematopoietic_Neoplasm,1
abpath,Cyto_Kidney::Malignant::Other::Leukemic_Infiltration,1
abpath,Cyto_Kidney::Malignant::Other::Lymphoma_Primary_Renal,1
abpath,Cyto_Kidney::Malignant::Other::Plasma_Cell_Neoplasm_Involvement,1
abpath,Cyto_Kidney::Malignant::Other::Sarcoma_Primary_Renal,1
abpath,Cyto_Kidney::Malignant::Pediatric::Clear_Cell_Sarcoma_Kidney,1
abpath,Cyto_Kidney::Malignant::Pediatric::Ossifying_Renal_Tumor_Infancy,1
abpath,Cyto_Kidney::Malignant::Pediatric::Rhabdoid_Tumor_Kidney,1
abpath,Cyto_Kidney::Malignant::Pediatric::Wilms_Tumor_Nephroblastoma,1
abpath,Cyto_Kidney::Malignant::Renal_Cell_Carcinoma::Chromophobe_RCC_Classic,1
abpath,Cyto_Kidney::Malignant::Renal_Cell_Carcinoma::Chromophobe_RCC_Eosinophilic,1
abpath,Cyto_Kidney::Malignant::Renal_Cell_Carcinoma::Clear_Cell_Papillary_RCC,1
abpath,Cyto_Kidney::Malignant::Renal_Cell_Carcinoma::Clear_Cell_RCC,1
abpath,Cyto_Kidney::Malignant::Renal_Cell_Carcinoma::Collecting_Duct_Carcinoma_Bellini,1
abpath,Cyto_Kidney::Malignant::Renal_Cell_Carcinoma::Hereditary_Leiomyomatosis_RCC,1
abpath,Cyto_Kidney::Malignant::Renal_Cell_Carcinoma::Hybrid_Oncocytic_Chromophobe_Tumor,1
abpath,Cyto_Kidney::Malignant::Renal_Cell_Carcinoma::Medullary_Carcinoma,1
abpath,Cyto_Kidney::Malignant::Renal_Cell_Carcinoma::MiT_Translocation_RCC,1
abpath,Cyto_Kidney::Malignant::Renal_Cell_Carcinoma::Mucinous_Tubular_Spindle_Cell_Carcinoma,1
abpath,Cyto_Kidney::Malignant::Renal_Cell_Carcinoma::Papillary_RCC_Oncocytic,1
abpath,Cyto_Kidney::Malignant::Renal_Cell_Carcinoma::Papillary_RCC_Type_1,1
abpath,Cyto_Kidney::Malignant::Renal_Cell_Carcinoma::Papillary_RCC_Type_2,1
abpath,Cyto_Kidney::Malignant::Renal_Cell_Carcinoma::Sarcomatoid_RCC,1
abpath,Cyto_Kidney::Malignant::Renal_Cell_Carcinoma::Succinate_Dehydrogenase_Deficient_RCC,1
abpath,Cyto_Kidney::Malignant::Renal_Cell_Carcinoma::Tubulocystic_RCC,1
abpath,Cyto_Kidney::Malignant::Renal_Pelvis::Adenocarcinoma,1
abpath,Cyto_Kidney::Malignant::Renal_Pelvis::Squamous_Cell_Carcinoma,1
abpath,Cyto_Kidney::Malignant::Renal_Pelvis::Urothelial_Carcinoma,1
abpath,Cyto_Kidney::Pattern::Cystic_Proteinaceous_Macrophages,1
abpath,Cyto_Kidney::Pattern::Dispersed_Atypical_Cells_Necrosis,1
abpath,Cyto_Kidney::Pattern::Dispersed_Inflammatory_Cells,1
abpath,Cyto_Kidney::Pattern::Loosely_Cohesive_Polygonal_Cells_Fibrovascular_Strands,1
abpath,Cyto_Kidney::Pattern::Mixed_Small_Tissue_Fragments,1
abpath,Cyto_Kidney::Pattern::Papillary_Tissue_Fragments,1
abpath,Cyto_Kidney::Pattern::Small_Round_Blue_Cells_Blastema,1
abpath,Cyto_Kidney::Pattern::Spindle_Cells_Vessels_Fat,1
abpath,Cyto_Liver::Benign::Normal_Liver_Cytology,1
abpath,Cyto_Liver::Benign_Reactive::Biliary::Bile_Duct_Adenoma,1
abpath,Cyto_Liver::Benign_Reactive::Biliary::Bile_Duct_Cystadenoma,1
abpath,Cyto_Liver::Benign_Reactive::Biliary::Bile_Duct_Hamartoma_Von_Meyenberg,1
abpath,Cyto_Liver::Benign_Reactive::Biliary::Ciliated_Foregut_Cyst,1
abpath,Cyto_Liver::Benign_Reactive::Biliary::Simple_Cyst,1
abpath,Cyto_Liver::Benign_Reactive::Hepatocellular::Alcoholic_Hepatitis_Mallory_Bodies,1
abpath,Cyto_Liver::Benign_Reactive::Hepatocellular::Cirrhosis_Regenerative_Nodule,1
abpath,Cyto_Liver::Benign_Reactive::Hepatocellular::Focal_Nodular_Hyperplasia_FNH,1
abpath,Cyto_Liver::Benign_Reactive::Hepatocellular::Hepatocellular_Adenoma,1
abpath,Cyto_Liver::Benign_Reactive::Hepatocellular::Nodular_Regenerative_Hyperplasia,1
abpath,Cyto_Liver::Benign_Reactive::Hepatocellular::Steatosis_Fatty_Metamorphosis,1
abpath,Cyto_Liver::Benign_Reactive::Hepatocellular::Viral_Hepatitis_Changes,1
abpath,Cyto_Liver::Benign_Reactive::Infectious::Abscess_Amebic,1
abpath,Cyto_Liver::Benign_Reactive::Infectious::Abscess_Fungal_Candida,1
abpath,Cyto_Liver::Benign_Reactive::Infectious::Abscess_Pyogenic_Bacterial,1
abpath,Cyto_Liver::Benign_Reactive::Infectious::Clonorchiasis_Liver_Fluke,1
abpath,Cyto_Liver::Benign_Reactive::Infectious::Granulomatous_Inflammation,1
abpath,Cyto_Liver::Benign_Reactive::Infectious::Hydatid_Cyst_Echinococcus,1
abpath,Cyto_Liver::Benign_Reactive::Mesenchymal::Angiomyolipoma_Classic,1
abpath,Cyto_Liver::Benign_Reactive::Mesenchymal::Angiomyolipoma_Epithelioid,1
abpath,Cyto_Liver::Benign_Reactive::Mesenchymal::Hemangioma,1
abpath,Cyto_Liver::Category::Atypical_Uncertain,1
abpath,Cyto_Liver::Category::Benign_Negative_For_Malignancy,1
abpath,Cyto_Liver::Category::Malignant,1
abpath,Cyto_Liver::Category::Nondiagnostic,1
abpath,Cyto_Liver::Category::Suspicious_For_Malignancy,1
abpath,Cyto_Liver::Malignant::Biliary::Bile_Duct_Cystadenocarcinoma,1
abpath,Cyto_Liver::Malignant::Biliary::Cholangiocarcinoma_Hilar_Klatskin,1
abpath,Cyto_Liver::Malignant::Biliary::Cholangiocarcinoma_Intrahepatic,1
abpath,Cyto_Liver::Malignant::Biliary::Combined_Hepatocellular_Cholangiocarcinoma,1
abpath,Cyto_Liver::Malignant::Hepatocellular::Hepatoblastoma_Epithelial_Embryonal,1
abpath,Cyto_Liver::Malignant::Hepatocellular::Hepatoblastoma_Epithelial_Fetal,1
abpath,Cyto_Liver::Malignant::Hepatocellular::Hepatoblastoma_Mixed_Epithelial_Mesenchymal,1
abpath,Cyto_Liver::Malignant::Hepatocellular::Hepatoblastoma_Small_Cell_Undifferentiated,1
abpath,Cyto_Liver::Malignant::Hepatocellular::Hepatocellular_Carcinoma_Clear_Cell,1
abpath,Cyto_Liver::Malignant::Hepatocellular::Hepatocellular_Carcinoma_Fibrolamellar,1
abpath,Cyto_Liver::Malignant::Hepatocellular::Hepatocellular_Carcinoma_Moderately_Differentiated,1
abpath,Cyto_Liver::Malignant::Hepatocellular::Hepatocellular_Carcinoma_Pleomorphic,1
abpath,Cyto_Liver::Malignant::Hepatocellular::Hepatocellular_Carcinoma_Poorly_Differentiated,1
abpath,Cyto_Liver::Malignant::Hepatocellular::Hepatocellular_Carcinoma_Sarcomatoid,1
abpath,Cyto_Liver::Malignant::Hepatocellular::Hepatocellular_Carcinoma_Scirrhous,1
abpath,Cyto_Liver::Malignant::Hepatocellular::Hepatocellular_Carcinoma_Well_Differentiated,1
abpath,Cyto_Liver::Malignant::Mesenchymal::Angiosarcoma,1
abpath,Cyto_Liver::Malignant::Mesenchymal::Epithelioid_Hemangioendothelioma_EHE,1
abpath,Cyto_Liver::Malignant::Mesenchymal::Leiomyosarcoma_Primary,1
abpath,Cyto_Liver::Malignant::Mesenchymal::Undifferentiated_Embryonal_Sarcoma,1
abpath,Cyto_Liver::Malignant::Metastatic::Metastatic_Breast_Carcinoma,1
abpath,Cyto_Liver::Malignant::Metastatic::Metastatic_Carcinoma_To_Liver_NOS,1
abpath,Cyto_Liver::Malignant::Metastatic::Metastatic_Colorectal_Carcinoma,1
abpath,Cyto_Liver::Malignant::Metastatic::Metastatic_GIST,1
abpath,Cyto_Liver::Malignant::Metastatic::Metastatic_Lung_Carcinoma_Non_Small_Cell,1
abpath,Cyto_Liver::Malignant::Metastatic::Metastatic_Lung_Carcinoma_Small_Cell,1
abpath,Cyto_Liver::Malignant::Metastatic::Metastatic_Melanoma,1
abpath,Cyto_Liver::Malignant::Metastatic::Metastatic_Neuroendocrine_Tumor,1
abpath,Cyto_Liver::Malignant::Metastatic::Metastatic_Pancreatic_Adenocarcinoma,1
abpath,Cyto_Liver::Malignant::Metastatic::Metastatic_Renal_Cell_Carcinoma,1
abpath,Cyto_Liver::Malignant::Metastatic::Metastatic_Urothelial_Carcinoma,1
abpath,Cyto_Liver::Malignant::Other::Lymphoma_Primary_Hepatic,1
abpath,Cyto_Liver::Pattern::Background_Predominant_Suppurative_Necrotic_Mucinous,1
abpath,Cyto_Liver::Pattern::Mildly_Cellular_Small_Tissue_Fragments,1
abpath,Cyto_Liver::Pattern::Mod_Marked_Cellular_Dispersed_Cells,1
abpath,Cyto_Liver::Pattern::Mod_Marked_Cellular_Small_Large_Fragments_Cohesive,1
abpath,Cyto_Liver::Pattern::Mod_Marked_Cellular_Small_Large_Fragments_Dispersed,1
abpath,Cyto_Management::Ancillary_Testing::Flow_Cytometry,1
abpath,Cyto_Management::Ancillary_Testing::Fluorescence_In_Situ_Hybridization_FISH,1
abpath,Cyto_Management::Ancillary_Testing::HPV_Testing,1
abpath,Cyto_Management::Ancillary_Testing::Immunocytochemistry_IHC,1
abpath,Cyto_Management::Ancillary_Testing::Molecular_Sequencing_BRAF_KRAS_etc,1
abpath,Cyto_Management::Technique::Cell_Block_Preparation,1
abpath,Cyto_Management::Technique::Endoscopic_Retrograde_Cholangiopancreatography_ERCP,1
abpath,Cyto_Management::Technique::Endoscopic_Ultrasound_Guided_Fine_Needle_Aspiration_EUS_FNA,1
abpath,Cyto_Management::Technique::Liquid_Based_Preparation_SurePath,1
abpath,Cyto_Management::Technique::Liquid_Based_Preparation_ThinPrep,1
abpath,Cyto_Management::Technique::Rapid_On_Site_Evaluation_ROSE,1
abpath,Cyto_Mediastinum::Benign::Cyst::Bronchogenic_Cyst,1
abpath,Cyto_Mediastinum::Benign::Cyst::Esophageal_Cyst,1
abpath,Cyto_Mediastinum::Benign::Cyst::Pericardial_Celomic_Cyst,1
abpath,Cyto_Mediastinum::Benign::Cyst::Thymic_Cyst,1
abpath,Cyto_Mediastinum::Benign::Endocrine::Parathyroid_Adenoma,1
abpath,Cyto_Mediastinum::Benign::Endocrine::Substernal_Goiter,1
abpath,Cyto_Mediastinum::Benign::Mesenchymal::Lipoma,1
abpath,Cyto_Mediastinum::Benign::Mesenchymal::Lymphangioma,1
abpath,Cyto_Mediastinum::Benign::Mesenchymal::Thymolipoma,1
abpath,Cyto_Mediastinum::Benign::Neural::Ganglioneuroma,1
abpath,Cyto_Mediastinum::Benign::Neural::Neurofibroma,1
abpath,Cyto_Mediastinum::Benign::Neural::Schwannoma,1
abpath,Cyto_Mediastinum::Benign::Normal_Mediastinum_Cytology,1
abpath,Cyto_Mediastinum::Benign::Thymus::Thymic_Hyperplasia,1
abpath,Cyto_Mediastinum::Benign_Reactive::Acute_Inflammation_Abscess,1
abpath,Cyto_Mediastinum::Benign_Reactive::Granulomatous_Lymphadenitis_Sarcoidosis,1
abpath,Cyto_Mediastinum::Benign_Reactive::Reactive_Lymph_Node,1
abpath,Cyto_Mediastinum::Benign_Reactive::Thymic_Hyperplasia,1
abpath,Cyto_Mediastinum::Category::Atypical,1
abpath,Cyto_Mediastinum::Category::Benign,1
abpath,Cyto_Mediastinum::Category::Malignant,1
abpath,Cyto_Mediastinum::Category::Nondiagnostic,1
abpath,Cyto_Mediastinum::Category::Suspicious,1
abpath,Cyto_Mediastinum::Malignant::Germ_Cell::Choriocarcinoma,1
abpath,Cyto_Mediastinum::Malignant::Germ_Cell::Embryonal_Carcinoma,1
abpath,Cyto_Mediastinum::Malignant::Germ_Cell::Mixed_Germ_Cell_Tumor,1
abpath,Cyto_Mediastinum::Malignant::Germ_Cell::Seminoma,1
abpath,Cyto_Mediastinum::Malignant::Germ_Cell::Teratoma_Immature,1
abpath,Cyto_Mediastinum::Malignant::Germ_Cell::Teratoma_Mature,1
abpath,Cyto_Mediastinum::Malignant::Germ_Cell::Yolk_Sac_Tumor,1
abpath,Cyto_Mediastinum::Malignant::Lymphoid::Hodgkin_Lymphoma_Mediastinal,1
abpath,Cyto_Mediastinum::Malignant::Lymphoid::Primary_Mediastinal_Large_B_Cell_Lymphoma,1
abpath,Cyto_Mediastinum::Malignant::Lymphoid::T_Lymphoblastic_Lymphoma,1
abpath,Cyto_Mediastinum::Malignant::Mesenchymal::Liposarcoma,1
abpath,Cyto_Mediastinum::Malignant::Metastatic::Metastatic_Carcinoma_to_Mediastinum,1
abpath,Cyto_Mediastinum::Malignant::Metastatic::Metastatic_Melanoma_to_Mediastinum,1
abpath,Cyto_Mediastinum::Malignant::Neural::Ganglioneuroblastoma,1
abpath,Cyto_Mediastinum::Malignant::Neural::Malignant_Peripheral_Nerve_Sheath_Tumor_MPNST,1
abpath,Cyto_Mediastinum::Malignant::Neural::Neuroblastoma,1
abpath,Cyto_Mediastinum::Malignant::Neural::Paraganglioma,1
abpath,Cyto_Mediastinum::Malignant::Sarcoma::Ewing_Sarcoma_PNET,1
abpath,Cyto_Mediastinum::Malignant::Sarcoma::Leiomyosarcoma,1
abpath,Cyto_Mediastinum::Malignant::Sarcoma::Solitary_Fibrous_Tumor,1
abpath,Cyto_Mediastinum::Malignant::Sarcoma::Synovial_Sarcoma,1
abpath,Cyto_Mediastinum::Malignant::Thymic::Thymic_Carcinoma_Basaloid,1
abpath,Cyto_Mediastinum::Malignant::Thymic::Thymic_Carcinoma_Squamous,1
abpath,Cyto_Mediastinum::Malignant::Thymic::Thymic_Neuroendocrine_Tumor_Carcinoid,1
abpath,Cyto_Mediastinum::Malignant::Thymic::Thymoma_Type_A,1
abpath,Cyto_Mediastinum::Malignant::Thymic::Thymoma_Type_AB,1
abpath,Cyto_Mediastinum::Malignant::Thymic::Thymoma_Type_B1,1
abpath,Cyto_Mediastinum::Malignant::Thymic::Thymoma_Type_B2,1
abpath,Cyto_Mediastinum::Malignant::Thymic::Thymoma_Type_B3,1
abpath,Cyto_Mediastinum::Malignant::Thymic_Epithelial::Thymic_Carcinoma_NOS,1
abpath,Cyto_Mediastinum::Malignant::Thymic_Epithelial::Thymic_Neuroendocrine_Tumor,1
abpath,Cyto_Mediastinum::Malignant::Thymic_Epithelial::Thymoma_NOS,1
abpath,Cyto_Mediastinum::Pattern::Epithelial_Cohesive_Clusters,1
abpath,Cyto_Mediastinum::Pattern::Granulomatous_Inflammation,1
abpath,Cyto_Mediastinum::Pattern::Lymphoid_Predominant,1
abpath,Cyto_Mediastinum::Pattern::Necrosis,1
abpath,Cyto_Mediastinum::Pattern::Small_Round_Blue_Cell_Tumor,1
abpath,Cyto_Mediastinum::Pattern::Spindle_Cell_Lesion,1
abpath,Cyto_Neuro::Benign::Normal_CNS_Eye_Cytology,1
abpath,Cyto_Neuro::Benign::Normal_CSF_Cytology,1
abpath,Cyto_Neuro::Benign_Reactive::Inflammatory::Cerebral_Infarction_Lipophages,1
abpath,Cyto_Neuro::Benign_Reactive::Inflammatory::Demyelinating_Disease_Lipophages,1
abpath,Cyto_Neuro::Benign_Reactive::Inflammatory::Hemorrhage_Erythrophages,1
abpath,Cyto_Neuro::Benign_Reactive::Inflammatory::Hemorrhage_Siderophages,1
abpath,Cyto_Neuro::Benign_Reactive::Inflammatory::Meningitis_Acute_Bacterial,1
abpath,Cyto_Neuro::Benign_Reactive::Inflammatory::Meningitis_Aseptic_Viral,1
abpath,Cyto_Neuro::Benign_Reactive::Inflammatory::Meningitis_Mollaret_Mollaret_Cells,1
abpath,Cyto_Neuro::Benign_Reactive::Inflammatory::Pleocytosis_Eosinophilic,1
abpath,Cyto_Neuro::Benign_Reactive::Inflammatory::Pleocytosis_Lymphocytic,1
abpath,Cyto_Neuro::Benign_Reactive::Inflammatory::Pleocytosis_Mixed,1
abpath,Cyto_Neuro::Benign_Reactive::Inflammatory::Pleocytosis_Neutrophilic,1
abpath,Cyto_Neuro::Benign_Reactive::Inflammatory::Reactive_Gliosis,1
abpath,Cyto_Neuro::Benign_Reactive::Inflammatory::Ventricular_Shunt_Effect_Giant_Cells,1
abpath,Cyto_Neuro::Benign_Reactive::Normal::Bone_Marrow_Cells_Contaminant,1
abpath,Cyto_Neuro::Benign_Reactive::Normal::Brain_Tissue_Fragments_Capillaries,1
abpath,Cyto_Neuro::Benign_Reactive::Normal::Chondrocytes_Contaminant,1
abpath,Cyto_Neuro::Benign_Reactive::Normal::Ependymal_Choroid_Plexus_Cells,1
abpath,Cyto_Neuro::Benign_Reactive::Normal::Germinal_Matrix_Cells_Neonate,1
abpath,Cyto_Neuro::Benign_Reactive::Normal::Lymphocytes_Mature,1
abpath,Cyto_Neuro::Benign_Reactive::Normal::Monocytes,1
abpath,Cyto_Neuro::Category::Atypical,1
abpath,Cyto_Neuro::Category::Benign,1
abpath,Cyto_Neuro::Category::Malignant,1
abpath,Cyto_Neuro::Category::Nondiagnostic,1
abpath,Cyto_Neuro::Category::Suspicious_For_Malignancy,1
abpath,Cyto_Neuro::Eye::Benign::Asteroid_Hyalosis,1
abpath,Cyto_Neuro::Eye::Benign::Cholesterolosis_Bulbi,1
abpath,Cyto_Neuro::Eye::Benign::Coats_Disease_Exudative_Retinitis,1
abpath,Cyto_Neuro::Eye::Benign::Juvenile_Xanthogranuloma,1
abpath,Cyto_Neuro::Eye::Benign::Melanocytoma,1
abpath,Cyto_Neuro::Eye::Benign::Pigmented_Epithelial_Adenoma,1
abpath,Cyto_Neuro::Eye::Benign::Pleomorphic_Adenoma_Lacrimal,1
abpath,Cyto_Neuro::Eye::Benign::Toxocariasis,1
abpath,Cyto_Neuro::Eye::Benign::Uveal_Nevus,1
abpath,Cyto_Neuro::Eye::Malignant::Adenoid_Cystic_Carcinoma_Lacrimal,1
abpath,Cyto_Neuro::Eye::Malignant::Lymphoma_Vitreoretinal,1
abpath,Cyto_Neuro::Eye::Malignant::Medulloepithelioma,1
abpath,Cyto_Neuro::Eye::Malignant::Retinoblastoma,1
abpath,Cyto_Neuro::Eye::Malignant::Uveal_Melanoma_Epithelioid,1
abpath,Cyto_Neuro::Eye::Malignant::Uveal_Melanoma_Mixed,1
abpath,Cyto_Neuro::Eye::Malignant::Uveal_Melanoma_Spindle_Cell,1
abpath,Cyto_Neuro::Infectious::Bacteria::Borrelia_Burgdorferi_Lyme,1
abpath,Cyto_Neuro::Infectious::Bacteria::Haemophilus_Influenzae,1
abpath,Cyto_Neuro::Infectious::Bacteria::Listeria_Monocytogenes,1
abpath,Cyto_Neuro::Infectious::Bacteria::Mycobacterium_Tuberculosis,1
abpath,Cyto_Neuro::Infectious::Bacteria::Neisseria_Meningitidis,1
abpath,Cyto_Neuro::Infectious::Bacteria::Streptococcus_Pneumoniae,1
abpath,Cyto_Neuro::Infectious::Bacteria::Treponema_Pallidum_Syphilis,1
abpath,Cyto_Neuro::Infectious::Fungal::Coccidioides_Immitis,1
abpath,Cyto_Neuro::Infectious::Fungal::Cryptococcus_Neoformans,1
abpath,Cyto_Neuro::Infectious::Fungal::Histoplasma_Capsulatum,1
abpath,Cyto_Neuro::Infectious::Parasitic::Angiostrongylus_Cantonensis,1
abpath,Cyto_Neuro::Infectious::Parasitic::Entamoeba_Histolytica,1
abpath,Cyto_Neuro::Infectious::Parasitic::Naegleria_Fowleri,1
abpath,Cyto_Neuro::Infectious::Parasitic::Toxoplasma_Gondii,1
abpath,Cyto_Neuro::Infectious::Viral::Cytomegalovirus_CMV,1
abpath,Cyto_Neuro::Infectious::Viral::Herpes_Simplex_Virus_HSV,1
abpath,Cyto_Neuro::Infectious::Viral::JC_Virus_PML,1
abpath,Cyto_Neuro::Infectious::Viral::Varicella_Zoster_Virus_VZV,1
abpath,Cyto_Neuro::Malignant::Choroid_Plexus::Choroid_Plexus_Carcinoma,1
abpath,Cyto_Neuro::Malignant::Choroid_Plexus::Choroid_Plexus_Papilloma,1
abpath,Cyto_Neuro::Malignant::Embryonal::Atypical_Teratoid_Rhabdoid_Tumor_ATRT,1
abpath,Cyto_Neuro::Malignant::Embryonal::Medulloblastoma,1
abpath,Cyto_Neuro::Malignant::Embryonal::Pineoblastoma,1
abpath,Cyto_Neuro::Malignant::Embryonal::Primitive_Neuroectodermal_Tumor_PNET,1
abpath,Cyto_Neuro::Malignant::Eye_Tumor::Retinoblastoma,1
abpath,Cyto_Neuro::Malignant::Eye_Tumor::Uveal_Melanoma,1
abpath,Cyto_Neuro::Malignant::Germ_Cell::Choriocarcinoma,1
abpath,Cyto_Neuro::Malignant::Germ_Cell::Embryonal_Carcinoma,1
abpath,Cyto_Neuro::Malignant::Germ_Cell::Germinoma,1
abpath,Cyto_Neuro::Malignant::Germ_Cell::Teratoma,1
abpath,Cyto_Neuro::Malignant::Glioma::Astrocytoma_Anaplastic,1
abpath,Cyto_Neuro::Malignant::Glioma::Astrocytoma_Diffuse,1
abpath,Cyto_Neuro::Malignant::Glioma::Astrocytoma_Pilocytic,1
abpath,Cyto_Neuro::Malignant::Glioma::Astrocytoma_Pilomyxoid,1
abpath,Cyto_Neuro::Malignant::Glioma::Ependymoma,1
abpath,Cyto_Neuro::Malignant::Glioma::Ependymoma_Anaplastic,1
abpath,Cyto_Neuro::Malignant::Glioma::Ependymoma_Myxopapillary,1
abpath,Cyto_Neuro::Malignant::Glioma::Glioblastoma_GBM,1
abpath,Cyto_Neuro::Malignant::Glioma::Oligodendroglioma,1
abpath,Cyto_Neuro::Malignant::Glioma::Oligodendroglioma_Anaplastic,1
abpath,Cyto_Neuro::Malignant::Heme::Leukemia_Acute_Lymphoblastic_ALL,1
abpath,Cyto_Neuro::Malignant::Heme::Leukemia_Acute_Myeloid_AML,1
abpath,Cyto_Neuro::Malignant::Heme::Lymphoma_Primary_CNS,1
abpath,Cyto_Neuro::Malignant::Heme::Lymphoma_Secondary_Involvement,1
abpath,Cyto_Neuro::Malignant::Meningeal::Hemangioblastoma,1
abpath,Cyto_Neuro::Malignant::Meningeal::Meningioma_Anaplastic,1
abpath,Cyto_Neuro::Malignant::Meningeal::Meningioma_Atypical,1
abpath,Cyto_Neuro::Malignant::Meningeal::Meningioma_Benign,1
abpath,Cyto_Neuro::Malignant::Meningeal::Solitary_Fibrous_Tumor_HPC,1
abpath,Cyto_Neuro::Malignant::Meningeal_Tumor::Solitary_Fibrous_Tumor_Hemangiopericytoma,1
abpath,Cyto_Neuro::Malignant::Metastatic::Metastatic_Carcinoma_Breast,1
abpath,Cyto_Neuro::Malignant::Metastatic::Metastatic_Carcinoma_Lung,1
abpath,Cyto_Neuro::Malignant::Metastatic::Metastatic_Melanoma,1
abpath,Cyto_Neuro::Malignant::Metastatic::Metastatic_Renal_Cell_Carcinoma,1
abpath,Cyto_Neuro::Malignant::Nerve_Sheath::Neurofibroma,1
abpath,Cyto_Neuro::Malignant::Nerve_Sheath::Schwannoma,1
abpath,Cyto_Neuro::Malignant::Other::Esthesioneuroblastoma,1
abpath,Cyto_Neuro::Malignant::Sellar::Craniopharyngioma,1
abpath,Cyto_Neuro::Malignant::Sellar::Pituitary_Adenoma,1
abpath,Cyto_Neuro::Pattern::Anastomosing_Vessels_Clear_Cells,1
abpath,Cyto_Neuro::Pattern::Angiocentric_Diffuse,1
abpath,Cyto_Neuro::Pattern::Billiard_Table_Granular_Background,1
abpath,Cyto_Neuro::Pattern::Fibrillary_Threadlike_Background,1
abpath,Cyto_Neuro::Pattern::Loose_Fragments_Dispersed_Single_Cells,1
abpath,Cyto_Neuro::Pattern::Old_Fishnet_Twisted_Rope,1
abpath,Cyto_Neuro::Pattern::Perivascular_Gradient,1
abpath,Cyto_Neuro::Pattern::Randomized_Tissue_Fragments,1
abpath,Cyto_Neuro::Pattern::Syncytial_Whorls,1
abpath,Cyto_Neuro::Pattern::Thin_Walled_Vessels_Nonproliferative,1
abpath,Cyto_Neuro::Pattern::Vascular_Coronal,1
abpath,Cyto_Neuro::Pattern::Vessels_Proliferative_Glomeruloid,1
abpath,Cyto_Neuro::Specimen_Type::Cerebrospinal_Fluid_CSF,1
abpath,Cyto_Neuro::Specimen_Type::Eye_Vitreous_Fluid,1
abpath,Cyto_Neuro::Specimen_Type::Eye_Wash,1
abpath,Cyto_Neuro::Specimen_Type::Fine_Needle_Aspiration_Brain,1
abpath,Cyto_Neuro::Specimen_Type::Squash_Prep_Smear,1
abpath,Cyto_Pancreatobiliary::Benign::Normal_Pancreatobiliary_Cytology,1
abpath,Cyto_Pancreatobiliary::Benign_Neoplasm::Lipoma,1
abpath,Cyto_Pancreatobiliary::Benign_Neoplasm::Lymphangioma,1
abpath,Cyto_Pancreatobiliary::Benign_Neoplasm::Neurofibroma,1
abpath,Cyto_Pancreatobiliary::Benign_Neoplasm::Schwannoma,1
abpath,Cyto_Pancreatobiliary::Benign_Neoplasm::Serous_Cystadenoma_Microcystic,1
abpath,Cyto_Pancreatobiliary::Benign_Neoplasm::Serous_Cystadenoma_Oligocystic,1
abpath,Cyto_Pancreatobiliary::Benign_Neoplasm::Serous_Cystadenoma_Solid,1
abpath,Cyto_Pancreatobiliary::Benign_Reactive::Contaminant::Duodenal_Epithelium,1
abpath,Cyto_Pancreatobiliary::Benign_Reactive::Contaminant::Gastric_Epithelium_Foveolar,1
abpath,Cyto_Pancreatobiliary::Benign_Reactive::Cyst::Lymphoepithelial_Cyst,1
abpath,Cyto_Pancreatobiliary::Benign_Reactive::Cyst::Pseudocyst,1
abpath,Cyto_Pancreatobiliary::Benign_Reactive::Cyst::Retention_Cyst,1
abpath,Cyto_Pancreatobiliary::Benign_Reactive::Inflammatory::Acute_Pancreatitis,1
abpath,Cyto_Pancreatobiliary::Benign_Reactive::Inflammatory::Autoimmune_Pancreatitis_IgG4_Related,1
abpath,Cyto_Pancreatobiliary::Benign_Reactive::Inflammatory::Cholangitis,1
abpath,Cyto_Pancreatobiliary::Benign_Reactive::Inflammatory::Chronic_Pancreatitis,1
abpath,Cyto_Pancreatobiliary::Benign_Reactive::Inflammatory::Groove_Paraduodenal_Pancreatitis,1
abpath,Cyto_Pancreatobiliary::Benign_Reactive::Lesion::Ectopic_Adrenal_Tissue,1
abpath,Cyto_Pancreatobiliary::Benign_Reactive::Lesion::Splenule_Accessory_Spleen,1
abpath,Cyto_Pancreatobiliary::Benign_Reactive::Normal::Islet_Cells,1
abpath,Cyto_Pancreatobiliary::Benign_Reactive::Normal::Normal_Acinar_Cells,1
abpath,Cyto_Pancreatobiliary::Benign_Reactive::Normal::Normal_Ductal_Cells,1
abpath,Cyto_Pancreatobiliary::Category::Atypical,1
abpath,Cyto_Pancreatobiliary::Category::Malignant,1
abpath,Cyto_Pancreatobiliary::Category::Negative_For_Malignancy,1
abpath,Cyto_Pancreatobiliary::Category::Neoplastic_Benign,1
abpath,Cyto_Pancreatobiliary::Category::Neoplastic_Other,1
abpath,Cyto_Pancreatobiliary::Category::Nondiagnostic_Insufficient,1
abpath,Cyto_Pancreatobiliary::Category::Suspicious_For_Malignancy,1
abpath,Cyto_Pancreatobiliary::Malignant::Acinar::Pancreatic_Acinar_Cell_Carcinoma,1
abpath,Cyto_Pancreatobiliary::Malignant::Acinar::Pancreatoblastoma,1
abpath,Cyto_Pancreatobiliary::Malignant::Adenocarcinoma::Ampullary_Adenocarcinoma,1
abpath,Cyto_Pancreatobiliary::Malignant::Adenocarcinoma::Gallbladder_Adenocarcinoma,1
abpath,Cyto_Pancreatobiliary::Malignant::Biliary::Cholangiocarcinoma,1
abpath,Cyto_Pancreatobiliary::Malignant::Ductal::Pancreatic_Ductal_Adenocarcinoma_Adenosquamous,1
abpath,Cyto_Pancreatobiliary::Malignant::Ductal::Pancreatic_Ductal_Adenocarcinoma_Colloid_Mucinous,1
abpath,Cyto_Pancreatobiliary::Malignant::Ductal::Pancreatic_Ductal_Adenocarcinoma_Foamy_Gland,1
abpath,Cyto_Pancreatobiliary::Malignant::Ductal::Pancreatic_Ductal_Adenocarcinoma_Hepatoid,1
abpath,Cyto_Pancreatobiliary::Malignant::Ductal::Pancreatic_Ductal_Adenocarcinoma_Medullary,1
abpath,Cyto_Pancreatobiliary::Malignant::Ductal::Pancreatic_Ductal_Adenocarcinoma_NOS,1
abpath,Cyto_Pancreatobiliary::Malignant::Ductal::Pancreatic_Ductal_Adenocarcinoma_Osteoclast_Giant_Cells,1
abpath,Cyto_Pancreatobiliary::Malignant::Ductal::Pancreatic_Ductal_Adenocarcinoma_Signet_Ring_Cell,1
abpath,Cyto_Pancreatobiliary::Malignant::Ductal::Pancreatic_Ductal_Adenocarcinoma_Undifferentiated_Anaplastic,1
abpath,Cyto_Pancreatobiliary::Malignant::Lymphoid::Lymphoma_Primary_Pancreatic,1
abpath,Cyto_Pancreatobiliary::Malignant::Lymphoid::Lymphoma_Secondary,1
abpath,Cyto_Pancreatobiliary::Malignant::Metastatic::Metastasis_Breast_Carcinoma,1
abpath,Cyto_Pancreatobiliary::Malignant::Metastatic::Metastasis_Colon_Carcinoma,1
abpath,Cyto_Pancreatobiliary::Malignant::Metastatic::Metastasis_GIST,1
abpath,Cyto_Pancreatobiliary::Malignant::Metastatic::Metastasis_Lung_Carcinoma,1
abpath,Cyto_Pancreatobiliary::Malignant::Metastatic::Metastasis_Melanoma,1
abpath,Cyto_Pancreatobiliary::Malignant::Metastatic::Metastasis_Renal_Cell_Carcinoma,1
abpath,Cyto_Pancreatobiliary::Malignant::Neuroendocrine::Neuroendocrine_Carcinoma_Large_Cell,1
abpath,Cyto_Pancreatobiliary::Malignant::Neuroendocrine::Neuroendocrine_Carcinoma_Small_Cell,1
abpath,Cyto_Pancreatobiliary::Malignant::Neuroendocrine::Neuroendocrine_Tumor_G1,1
abpath,Cyto_Pancreatobiliary::Malignant::Neuroendocrine::Neuroendocrine_Tumor_G2,1
abpath,Cyto_Pancreatobiliary::Malignant::Neuroendocrine::Neuroendocrine_Tumor_G3,1
abpath,Cyto_Pancreatobiliary::Malignant::Neuroendocrine::Neuroendocrine_Tumor_Lipid_Rich,1
abpath,Cyto_Pancreatobiliary::Malignant::Solid_Pseudopapillary::Solid_Pseudopapillary_Neoplasm_SPN,1
abpath,Cyto_Pancreatobiliary::Neoplasm_Risk::High_Grade::Biliary_IPN_High_Grade,1
abpath,Cyto_Pancreatobiliary::Neoplasm_Risk::High_Grade::Intraductal_Oncocytic_Papillary_Neoplasm_IOPN,1
abpath,Cyto_Pancreatobiliary::Neoplasm_Risk::High_Grade::Intraductal_Tubulopapillary_Neoplasm_ITPN,1
abpath,Cyto_Pancreatobiliary::Neoplasm_Risk::High_Grade::Mucinous_Cystic_Neoplasm_High_Grade,1
abpath,Cyto_Pancreatobiliary::Neoplasm_Risk::High_Grade::Pancreatic_IPMN_High_Grade,1
abpath,Cyto_Pancreatobiliary::Neoplasm_Risk::High_Grade::Pancreatic_Intraepithelial_Neoplasia_High_Grade,1
abpath,Cyto_Pancreatobiliary::Neoplasm_Risk::Low_Grade::Biliary_IPN_Low_Grade,1
abpath,Cyto_Pancreatobiliary::Neoplasm_Risk::Low_Grade::Mucinous_Cystic_Neoplasm_Low_Grade,1
abpath,Cyto_Pancreatobiliary::Neoplasm_Risk::Low_Grade::Pancreatic_IPMN_Low_Grade,1
abpath,Cyto_Pancreatobiliary::Neoplasm_Risk::Low_Grade::Pancreatic_Intraepithelial_Neoplasia_Low_Grade,1
abpath,Cyto_Pancreatobiliary::Pattern::Cohesive_Epithelial_Fragments,1
abpath,Cyto_Pancreatobiliary::Pattern::Dirty_Necrotic_Background,1
abpath,Cyto_Pancreatobiliary::Pattern::Fibrovascular_Stroma_Pseudopapillary,1
abpath,Cyto_Pancreatobiliary::Pattern::Inflammatory_Acute_Chronic,1
abpath,Cyto_Pancreatobiliary::Pattern::Loosely_Cohesive_Dispersed_Single_Cells,1
abpath,Cyto_Pancreatobiliary::Pattern::Mucinous_Background,1
abpath,Cyto_Pancreatobiliary::Pattern::Squamous_Cells_Predominating,1
abpath,Cyto_Pancreatobiliary::Pattern::Stromal_Fragments,1
abpath,Cyto_Retroperitoneum::Benign::Ganglioneuroma,1
abpath,Cyto_Retroperitoneum::Benign::Idiopathic_Retroperitoneal_Fibrosis,1
abpath,Cyto_Retroperitoneum::Benign::Lipoma,1
abpath,Cyto_Retroperitoneum::Benign::Lymphangioma,1
abpath,Cyto_Retroperitoneum::Benign::Neurofibroma,1
abpath,Cyto_Retroperitoneum::Benign::Normal_Retroperitoneum_Cytology,1
abpath,Cyto_Retroperitoneum::Benign::Paraganglioma,1
abpath,Cyto_Retroperitoneum::Benign::Schwannoma,1
abpath,Cyto_Retroperitoneum::Benign::Xanthogranuloma,1
abpath,Cyto_Retroperitoneum::Benign_Reactive::Acute_Inflammation_Abscess,1
abpath,Cyto_Retroperitoneum::Benign_Reactive::Granulomatous_Inflammation,1
abpath,Cyto_Retroperitoneum::Category::Atypical,1
abpath,Cyto_Retroperitoneum::Category::Benign,1
abpath,Cyto_Retroperitoneum::Category::Malignant,1
abpath,Cyto_Retroperitoneum::Category::Nondiagnostic,1
abpath,Cyto_Retroperitoneum::Category::Suspicious,1
abpath,Cyto_Retroperitoneum::Malignant::Ganglioneuroblastoma,1
abpath,Cyto_Retroperitoneum::Malignant::Germ_Cell::Choriocarcinoma,1
abpath,Cyto_Retroperitoneum::Malignant::Germ_Cell::Embryonal_Carcinoma,1
abpath,Cyto_Retroperitoneum::Malignant::Germ_Cell::Mixed_Germ_Cell_Tumor,1
abpath,Cyto_Retroperitoneum::Malignant::Germ_Cell::Seminoma,1
abpath,Cyto_Retroperitoneum::Malignant::Germ_Cell::Teratoma,1
abpath,Cyto_Retroperitoneum::Malignant::Germ_Cell::Yolk_Sac_Tumor,1
abpath,Cyto_Retroperitoneum::Malignant::Lymphoma_Retroperitoneal,1
abpath,Cyto_Retroperitoneum::Malignant::Metastatic::Metastatic_Carcinoma_to_Retroperitoneum,1
abpath,Cyto_Retroperitoneum::Malignant::Metastatic::Metastatic_Melanoma_to_Retroperitoneum,1
abpath,Cyto_Retroperitoneum::Malignant::Neuroblastoma,1
abpath,Cyto_Retroperitoneum::Malignant::Sarcoma::Alveolar_Soft_Part_Sarcoma,1
abpath,Cyto_Retroperitoneum::Malignant::Sarcoma::Desmoplastic_Small_Round_Cell_Tumor_DSRCT,1
abpath,Cyto_Retroperitoneum::Malignant::Sarcoma::Ewing_Sarcoma_PNET,1
abpath,Cyto_Retroperitoneum::Malignant::Sarcoma::Gastrointestinal_Stromal_Tumor_GIST,1
abpath,Cyto_Retroperitoneum::Malignant::Sarcoma::Leiomyosarcoma,1
abpath,Cyto_Retroperitoneum::Malignant::Sarcoma::Liposarcoma_Dedifferentiated,1
abpath,Cyto_Retroperitoneum::Malignant::Sarcoma::Liposarcoma_Myxoid,1
abpath,Cyto_Retroperitoneum::Malignant::Sarcoma::Liposarcoma_Pleomorphic,1
abpath,Cyto_Retroperitoneum::Malignant::Sarcoma::Liposarcoma_Well_Differentiated,1
abpath,Cyto_Retroperitoneum::Malignant::Sarcoma::Malignant_Peripheral_Nerve_Sheath_Tumor_MPNST,1
abpath,Cyto_Retroperitoneum::Malignant::Sarcoma::PEComa,1
abpath,Cyto_Retroperitoneum::Malignant::Sarcoma::Rhabdomyosarcoma_Embryonal,1
abpath,Cyto_Retroperitoneum::Malignant::Sarcoma::Solitary_Fibrous_Tumor,1
abpath,Cyto_Retroperitoneum::Malignant::Sarcoma::Synovial_Sarcoma,1
abpath,Cyto_Retroperitoneum::Malignant::Sarcoma::Undifferentiated_Pleomorphic_Sarcoma_MFH,1
abpath,Cyto_Retroperitoneum::Pattern::Adipocytic_Tumor,1
abpath,Cyto_Retroperitoneum::Pattern::Necrosis,1
abpath,Cyto_Retroperitoneum::Pattern::Pleomorphic_Sarcoma,1
abpath,Cyto_Retroperitoneum::Pattern::Small_Round_Blue_Cell_Tumor,1
abpath,Cyto_Retroperitoneum::Pattern::Spindle_Cell_Lesion,1
abpath,Cyto_Salivary::Benign::Basal_Cell_Adenoma_Membranous,1
abpath,Cyto_Salivary::Benign::Basal_Cell_Adenoma_Solid,1
abpath,Cyto_Salivary::Benign::Canalicular_Adenoma,1
abpath,Cyto_Salivary::Benign::Hemangioma,1
abpath,Cyto_Salivary::Benign::Lipoma,1
abpath,Cyto_Salivary::Benign::Myoepithelioma_Plasmacytoid,1
abpath,Cyto_Salivary::Benign::Myoepithelioma_Spindle_Cell,1
abpath,Cyto_Salivary::Benign::Neurofibroma,1
abpath,Cyto_Salivary::Benign::Normal_Salivary_Cytology,1
abpath,Cyto_Salivary::Benign::Oncocytoma,1
abpath,Cyto_Salivary::Benign::Pleomorphic_Adenoma_Cellular,1
abpath,Cyto_Salivary::Benign::Pleomorphic_Adenoma_Mixed_Tumor,1
abpath,Cyto_Salivary::Benign::Pleomorphic_Adenoma_Myoepithelial_Rich,1
abpath,Cyto_Salivary::Benign::Schwannoma,1
abpath,Cyto_Salivary::Benign::Sebaceous_Adenoma,1
abpath,Cyto_Salivary::Benign::Sebaceous_Lymphadenoma,1
abpath,Cyto_Salivary::Benign::Warthin_Tumor_Papillary_Cystadenolymphoma,1
abpath,Cyto_Salivary::Category::Atypia_Of_Undetermined_Significance_AUS,1
abpath,Cyto_Salivary::Category::Benign_Neoplasm,1
abpath,Cyto_Salivary::Category::Malignant,1
abpath,Cyto_Salivary::Category::Non_Neoplastic,1
abpath,Cyto_Salivary::Category::Nondiagnostic,1
abpath,Cyto_Salivary::Category::Salivary_Gland_Neoplasm_Uncertain_Malignant_Potential_SUMP,1
abpath,Cyto_Salivary::Category::Suspicious_For_Malignancy,1
abpath,Cyto_Salivary::Malignant::Acinic_Cell_Carcinoma,1
abpath,Cyto_Salivary::Malignant::Acinic_Cell_Carcinoma_High_Grade_Transformation,1
abpath,Cyto_Salivary::Malignant::Adenoid_Cystic_Carcinoma_Cribriform_Tubular,1
abpath,Cyto_Salivary::Malignant::Adenoid_Cystic_Carcinoma_Solid,1
abpath,Cyto_Salivary::Malignant::Basal_Cell_Adenocarcinoma,1
abpath,Cyto_Salivary::Malignant::Carcinoma_Ex_Pleomorphic_Adenoma,1
abpath,Cyto_Salivary::Malignant::Carcinosarcoma_True_Malignant_Mixed_Tumor,1
abpath,Cyto_Salivary::Malignant::Clear_Cell_Carcinoma_Hyalinizing,1
abpath,Cyto_Salivary::Malignant::Epithelial_Myoepithelial_Carcinoma,1
abpath,Cyto_Salivary::Malignant::Large_Cell_Undifferentiated_Carcinoma,1
abpath,Cyto_Salivary::Malignant::Lymphoepithelial_Carcinoma,1
abpath,Cyto_Salivary::Malignant::Lymphoma_Diffuse_Large_B_Cell,1
abpath,Cyto_Salivary::Malignant::Lymphoma_MALT,1
abpath,Cyto_Salivary::Malignant::Metastasis_To_Salivary_Gland_Melanoma,1
abpath,Cyto_Salivary::Malignant::Metastasis_To_Salivary_Gland_Renal_Cell_Carcinoma,1
abpath,Cyto_Salivary::Malignant::Metastasis_To_Salivary_Gland_Squamous_Cell_Carcinoma,1
abpath,Cyto_Salivary::Malignant::Metastasizing_Pleomorphic_Adenoma,1
abpath,Cyto_Salivary::Malignant::Mucoepidermoid_Carcinoma_High_Grade,1
abpath,Cyto_Salivary::Malignant::Mucoepidermoid_Carcinoma_Intermediate_Grade,1
abpath,Cyto_Salivary::Malignant::Mucoepidermoid_Carcinoma_Low_Grade,1
abpath,Cyto_Salivary::Malignant::Mucoepidermoid_Carcinoma_Oncocytic_Variant,1
abpath,Cyto_Salivary::Malignant::Myoepithelial_Carcinoma,1
abpath,Cyto_Salivary::Malignant::Oncocytic_Carcinoma,1
abpath,Cyto_Salivary::Malignant::Polymorphous_Adenocarcinoma_PLGA,1
abpath,Cyto_Salivary::Malignant::Salivary_Duct_Carcinoma,1
abpath,Cyto_Salivary::Malignant::Sebaceous_Carcinoma,1
abpath,Cyto_Salivary::Malignant::Secretory_Carcinoma_MASC,1
abpath,Cyto_Salivary::Malignant::Small_Cell_Carcinoma_Primary,1
abpath,Cyto_Salivary::Malignant::Squamous_Cell_Carcinoma_Primary,1
abpath,Cyto_Salivary::NonNeoplastic::Cystic::Epidermoid_Cyst,1
abpath,Cyto_Salivary::NonNeoplastic::Reactive::Intraparotid_Lymph_Node,1
abpath,Cyto_Salivary::NonNeoplastic::Reactive::Necrotizing_Sialometaplasia,1
abpath,Cyto_Salivary::NonNeoplastic::Reactive::Oncocytic_Metaplasia,1
abpath,Cyto_Salivary::NonNeoplastic::Reactive::Reactive_Lymph_Node,1
abpath,Cyto_Salivary::Non_Neoplastic::Amyloidosis,1
abpath,Cyto_Salivary::Non_Neoplastic::Cyst_Branchial_Cleft,1
abpath,Cyto_Salivary::Non_Neoplastic::Cyst_Lymphoepithelial_HIV_Associated,1
abpath,Cyto_Salivary::Non_Neoplastic::Cyst_Mucocele_Extravasation,1
abpath,Cyto_Salivary::Non_Neoplastic::Cyst_Retention_Ductal,1
abpath,Cyto_Salivary::Non_Neoplastic::Lymphoepithelial_Sialadenitis_LESA,1
abpath,Cyto_Salivary::Non_Neoplastic::Nodular_Oncocytic_Hyperplasia,1
abpath,Cyto_Salivary::Non_Neoplastic::Sialadenitis_Acute,1
abpath,Cyto_Salivary::Non_Neoplastic::Sialadenitis_Chronic_Obstructive,1
abpath,Cyto_Salivary::Non_Neoplastic::Sialadenitis_Chronic_Sclerosing_Kuttner,1
abpath,Cyto_Salivary::Non_Neoplastic::Sialadenitis_Granulomatous_Sarcoidosis,1
abpath,Cyto_Salivary::Non_Neoplastic::Sialadenosis,1
abpath,Cyto_Salivary::Non_Neoplastic::Sialolithiasis,1
abpath,Cyto_Salivary::Pattern::Abundant_Myoepithelial_Stroma,1
abpath,Cyto_Salivary::Pattern::Basaloid_Neoplasm,1
abpath,Cyto_Salivary::Pattern::Clear_Cell_Neoplasm,1
abpath,Cyto_Salivary::Pattern::Cystic_Lesion,1
abpath,Cyto_Salivary::Pattern::Epithelial_Proliferation_With_Lymphoid_Background,1
abpath,Cyto_Salivary::Pattern::Epithelial_Proliferation_Without_Stroma,1
abpath,Cyto_Salivary::Pattern::Lymphocyte_Only,1
abpath,Cyto_Salivary::Pattern::Mixed_Inflammatory,1
abpath,Cyto_Salivary::Pattern::Oncocytic_Neoplasm,1
abpath,Cyto_Salivary::Pattern::Scant_Myoepithelial_Stroma,1
abpath,Cyto_Soft_Tissue::Benign::Adipocytic::Hibernoma,1
abpath,Cyto_Soft_Tissue::Benign::Adipocytic::Lipoblastoma,1
abpath,Cyto_Soft_Tissue::Benign::Adipocytic::Lipoma,1
abpath,Cyto_Soft_Tissue::Benign::Adipocytic::Spindle_Cell_Pleomorphic_Lipoma,1
abpath,Cyto_Soft_Tissue::Benign::Chondro_Osseous::Myositis_Ossificans,1
abpath,Cyto_Soft_Tissue::Benign::Chondro_Osseous::Soft_Tissue_Chondroma,1
abpath,Cyto_Soft_Tissue::Benign::Epithelioid::Epithelioid_Hemangioma,1
abpath,Cyto_Soft_Tissue::Benign::Epithelioid::Glomus_Tumor,1
abpath,Cyto_Soft_Tissue::Benign::Epithelioid::Granular_Cell_Tumor,1
abpath,Cyto_Soft_Tissue::Benign::Epithelioid::Rhabdomyoma,1
abpath,Cyto_Soft_Tissue::Benign::Epithelioid::Tenosynovial_Giant_Cell_Tumor,1
abpath,Cyto_Soft_Tissue::Benign::Ganglioneuroma,1
abpath,Cyto_Soft_Tissue::Benign::Giant_Cell_Tumor_of_Tendon_Sheath,1
abpath,Cyto_Soft_Tissue::Benign::Intramuscular_Myxoma,1
abpath,Cyto_Soft_Tissue::Benign::Leiomyoma,1
abpath,Cyto_Soft_Tissue::Benign::Mass_Forming_Inflammatory::Acute_Inflammation,1
abpath,Cyto_Soft_Tissue::Benign::Mass_Forming_Inflammatory::Fat_Necrosis,1
abpath,Cyto_Soft_Tissue::Benign::Mass_Forming_Inflammatory::Granulomatous_Suppurative_Inflammation,1
abpath,Cyto_Soft_Tissue::Benign::Mass_Forming_Inflammatory::IgG4_Related_Disease,1
abpath,Cyto_Soft_Tissue::Benign::Mass_Forming_Inflammatory::Ischemic_Fasciitis,1
abpath,Cyto_Soft_Tissue::Benign::Mass_Forming_Inflammatory::Silicone_Granuloma,1
abpath,Cyto_Soft_Tissue::Benign::Myxoid_Stroma::Ganglion_Cyst,1
abpath,Cyto_Soft_Tissue::Benign::Myxoid_Stroma::Intramuscular_Juxta_Articular_Myxoma,1
abpath,Cyto_Soft_Tissue::Benign::Normal_Soft_Tissue_Cytology,1
abpath,Cyto_Soft_Tissue::Benign::Pilomatrixoma,1
abpath,Cyto_Soft_Tissue::Benign::Rhabdomyoma,1
abpath,Cyto_Soft_Tissue::Benign::Spindle_Cell::Elastofibroma,1
abpath,Cyto_Soft_Tissue::Benign::Spindle_Cell::Fibromatosis_Desmoid_Tumor,1
abpath,Cyto_Soft_Tissue::Benign::Spindle_Cell::Hemangioma,1
abpath,Cyto_Soft_Tissue::Benign::Spindle_Cell::Leiomyoma,1
abpath,Cyto_Soft_Tissue::Benign::Spindle_Cell::Myofibroblastoma,1
abpath,Cyto_Soft_Tissue::Benign::Spindle_Cell::Neurofibroma,1
abpath,Cyto_Soft_Tissue::Benign::Spindle_Cell::Nodular_Fasciitis,1
abpath,Cyto_Soft_Tissue::Benign::Spindle_Cell::Perineurioma,1
abpath,Cyto_Soft_Tissue::Benign::Spindle_Cell::Proliferative_Fasciitis,1
abpath,Cyto_Soft_Tissue::Benign::Spindle_Cell::Proliferative_Myositis,1
abpath,Cyto_Soft_Tissue::Benign::Spindle_Cell::Schwannoma,1
abpath,Cyto_Soft_Tissue::Category::Atypical,1
abpath,Cyto_Soft_Tissue::Category::Benign,1
abpath,Cyto_Soft_Tissue::Category::Insufficient,1
abpath,Cyto_Soft_Tissue::Category::Malignant,1
abpath,Cyto_Soft_Tissue::Category::STNUMP_Soft_Tissue_Neoplasm_Of_Uncertain_Malignant_Potential,1
abpath,Cyto_Soft_Tissue::Category::Suspicious_For_Malignancy,1
abpath,Cyto_Soft_Tissue::Malignant::Adipocytic::Atypical_Lipomatous_Tumor_Well_Differentiated_Liposarcoma,1
abpath,Cyto_Soft_Tissue::Malignant::Adipocytic::Dedifferentiated_Liposarcoma,1
abpath,Cyto_Soft_Tissue::Malignant::Adipocytic::Myxoid_Liposarcoma,1
abpath,Cyto_Soft_Tissue::Malignant::Adipocytic::Pleomorphic_Liposarcoma,1
abpath,Cyto_Soft_Tissue::Malignant::Epithelioid::Alveolar_Soft_Part_Sarcoma,1
abpath,Cyto_Soft_Tissue::Malignant::Epithelioid::Clear_Cell_Sarcoma_Of_Soft_Tissue,1
abpath,Cyto_Soft_Tissue::Malignant::Epithelioid::Epithelioid_Angiosarcoma,1
abpath,Cyto_Soft_Tissue::Malignant::Epithelioid::Epithelioid_Hemangioendothelioma,1
abpath,Cyto_Soft_Tissue::Malignant::Epithelioid::Epithelioid_Sarcoma_Classic_Distal,1
abpath,Cyto_Soft_Tissue::Malignant::Epithelioid::Epithelioid_Sarcoma_Proximal,1
abpath,Cyto_Soft_Tissue::Malignant::Epithelioid::Extrarenal_Rhabdoid_Tumor,1
abpath,Cyto_Soft_Tissue::Malignant::Epithelioid::Pseudomyogenic_Hemangioendothelioma,1
abpath,Cyto_Soft_Tissue::Malignant::Hematopoietic::Lymphoma_Leukemia_Involvement,1
abpath,Cyto_Soft_Tissue::Malignant::Merkel_Cell_Carcinoma,1
abpath,Cyto_Soft_Tissue::Malignant::Metastatic::Soft_Tissue_Metastases,1
abpath,Cyto_Soft_Tissue::Malignant::Metastatic_Carcinoma,1
abpath,Cyto_Soft_Tissue::Malignant::Myxoid::Chordoma,1
abpath,Cyto_Soft_Tissue::Malignant::Myxoid::Extraskeletal_Myxoid_Chondrosarcoma,1
abpath,Cyto_Soft_Tissue::Malignant::Myxoid::Myxofibrosarcoma,1
abpath,Cyto_Soft_Tissue::Malignant::Myxoid::Myxoinflammatory_Fibroblastic_Sarcoma,1
abpath,Cyto_Soft_Tissue::Malignant::Pleomorphic::Intimal_Sarcoma,1
abpath,Cyto_Soft_Tissue::Malignant::Pleomorphic::Pleomorphic_Leiomyosarcoma,1
abpath,Cyto_Soft_Tissue::Malignant::Pleomorphic::Pleomorphic_Rhabdomyosarcoma,1
abpath,Cyto_Soft_Tissue::Malignant::Pleomorphic::Undifferentiated_Pleomorphic_Sarcoma_UPS,1
abpath,Cyto_Soft_Tissue::Malignant::Round_Cell::Alveolar_Rhabdomyosarcoma,1
abpath,Cyto_Soft_Tissue::Malignant::Round_Cell::CIC_Rearranged_Sarcoma,1
abpath,Cyto_Soft_Tissue::Malignant::Round_Cell::Desmoplastic_Small_Round_Cell_Tumor_DSRCT,1
abpath,Cyto_Soft_Tissue::Malignant::Round_Cell::Embryonal_Rhabdomyosarcoma,1
abpath,Cyto_Soft_Tissue::Malignant::Round_Cell::Ewing_Sarcoma,1
abpath,Cyto_Soft_Tissue::Malignant::Round_Cell::Extraskeletal_Osteosarcoma,1
abpath,Cyto_Soft_Tissue::Malignant::Round_Cell::Mesenchymal_Chondrosarcoma,1
abpath,Cyto_Soft_Tissue::Malignant::Round_Cell::Neuroblastic_Tumors,1
abpath,Cyto_Soft_Tissue::Malignant::Round_Cell::Neuroblastoma,1
abpath,Cyto_Soft_Tissue::Malignant::Round_Cell::Sarcoma_With_BCOR_Genetic_Alterations,1
abpath,Cyto_Soft_Tissue::Malignant::Sarcoma::Adipocytic::Round_Cell_Liposarcoma,1
abpath,Cyto_Soft_Tissue::Malignant::Spindle_Cell::Adult_Fibrosarcoma,1
abpath,Cyto_Soft_Tissue::Malignant::Spindle_Cell::Angiosarcoma,1
abpath,Cyto_Soft_Tissue::Malignant::Spindle_Cell::Infantile_Fibrosarcoma,1
abpath,Cyto_Soft_Tissue::Malignant::Spindle_Cell::Kaposi_Sarcoma,1
abpath,Cyto_Soft_Tissue::Malignant::Spindle_Cell::Leiomyosarcoma,1
abpath,Cyto_Soft_Tissue::Malignant::Spindle_Cell::Low_Grade_Fibromyxoid_Sarcoma,1
abpath,Cyto_Soft_Tissue::Malignant::Spindle_Cell::Malignant_Melanotic_Nerve_Sheath_Tumor,1
abpath,Cyto_Soft_Tissue::Malignant::Spindle_Cell::Malignant_Peripheral_Nerve_Sheath_Tumor_MPNST,1
abpath,Cyto_Soft_Tissue::Malignant::Spindle_Cell::Spindle_Cell_Sclerosing_Rhabdomyosarcoma,1
abpath,Cyto_Soft_Tissue::Malignant::Spindle_Cell::Synovial_Sarcoma_Biphasic,1
abpath,Cyto_Soft_Tissue::Malignant::Spindle_Cell::Synovial_Sarcoma_Monophasic,1
abpath,Cyto_Soft_Tissue::NonNeoplastic::Infectious::Bacterial_Infection,1
abpath,Cyto_Soft_Tissue::NonNeoplastic::Infectious::Fungal_Infection,1
abpath,Cyto_Soft_Tissue::NonNeoplastic::Infectious::Mycobacterial_Infection,1
abpath,Cyto_Soft_Tissue::NonNeoplastic::Reactive::Amyloidoma,1
abpath,Cyto_Soft_Tissue::NonNeoplastic::Reactive::Endometriosis,1
abpath,Cyto_Soft_Tissue::NonNeoplastic::Reactive::Epidermal_Inclusion_Cyst,1
abpath,Cyto_Soft_Tissue::NonNeoplastic::Reactive::Extramedullary_Hematopoiesis,1
abpath,Cyto_Soft_Tissue::NonNeoplastic::Reactive::Ganglion_Cyst,1
abpath,Cyto_Soft_Tissue::NonNeoplastic::Reactive::Neuroma,1
abpath,Cyto_Soft_Tissue::NonNeoplastic::Reactive::Tumoral_Calcinosis,1
abpath,Cyto_Soft_Tissue::STNUMP::Myxoid::Aggressive_Angiomyxoma,1
abpath,Cyto_Soft_Tissue::STNUMP::Spindle_Cell::Angiomatoid_Fibrous_Histiocytoma,1
abpath,Cyto_Soft_Tissue::STNUMP::Spindle_Cell::Dermatofibrosarcoma_Protuberans_DFSP,1
abpath,Cyto_Soft_Tissue::STNUMP::Spindle_Cell::Gastrointestinal_Stromal_Tumor_GIST,1
abpath,Cyto_Soft_Tissue::STNUMP::Spindle_Cell::Inflammatory_Myofibroblastic_Tumor,1
abpath,Cyto_Soft_Tissue::STNUMP::Spindle_Cell::Myoepithelial_Neoplasms,1
abpath,Cyto_Soft_Tissue::STNUMP::Spindle_Cell::PEComa,1
abpath,Cyto_Soft_Tissue::STNUMP::Spindle_Cell::Plexiform_Fibrohistiocytic_Tumor,1
abpath,Cyto_Soft_Tissue::STNUMP::Spindle_Cell::Solitary_Fibrous_Tumor,1
abpath,Cyto_Thoracic::Benign::Normal_Thoracic_Cytology,1
abpath,Cyto_Thoracic::Benign_Neoplasm::Granular_Cell_Tumor,1
abpath,Cyto_Thoracic::Benign_Neoplasm::Inflammatory_Myofibroblastic_Tumor_IMT,1
abpath,Cyto_Thoracic::Benign_Neoplasm::Meningioma_Pulmonary,1
abpath,Cyto_Thoracic::Benign_Neoplasm::PEComa_Clear_Cell_Tumor,1
abpath,Cyto_Thoracic::Benign_Neoplasm::Pleomorphic_Adenoma_Benign_Mixed_Tumor,1
abpath,Cyto_Thoracic::Benign_Neoplasm::Pulmonary_Hamartoma,1
abpath,Cyto_Thoracic::Benign_Neoplasm::Sclerosing_Pneumocytoma,1
abpath,Cyto_Thoracic::Benign_Neoplasm::Solitary_Tracheobronchial_Papilloma,1
abpath,Cyto_Thoracic::Benign_Reactive::Epithelial::Radiation_Chemotherapy_Effect,1
abpath,Cyto_Thoracic::Benign_Reactive::Epithelial::Reactive_Bronchial_Cells_Creola_Bodies,1
abpath,Cyto_Thoracic::Benign_Reactive::Epithelial::Repair_Atypia,1
abpath,Cyto_Thoracic::Benign_Reactive::Epithelial::Reserve_Cell_Hyperplasia,1
abpath,Cyto_Thoracic::Benign_Reactive::Epithelial::Squamous_Metaplasia_Atypical,1
abpath,Cyto_Thoracic::Benign_Reactive::Epithelial::Squamous_Metaplasia_Typical,1
abpath,Cyto_Thoracic::Benign_Reactive::Epithelial::Type_II_Pneumocyte_Hyperplasia,1
abpath,Cyto_Thoracic::Benign_Reactive::Inflammatory::Acute_Inflammation_Abscess,1
abpath,Cyto_Thoracic::Benign_Reactive::Inflammatory::Amyloidosis_Lung,1
abpath,Cyto_Thoracic::Benign_Reactive::Inflammatory::Granulomatosis_With_Polyangiitis_Wegener,1
abpath,Cyto_Thoracic::Benign_Reactive::Inflammatory::Granulomatous_Inflammation_Sarcoidosis,1
abpath,Cyto_Thoracic::Benign_Reactive::Inflammatory::Langerhans_Cell_Histiocytosis_LCH,1
abpath,Cyto_Thoracic::Benign_Reactive::Inflammatory::Lipoid_Pneumonia,1
abpath,Cyto_Thoracic::Benign_Reactive::Inflammatory::Malakoplakia,1
abpath,Cyto_Thoracic::Benign_Reactive::Inflammatory::Organizing_Pneumonia,1
abpath,Cyto_Thoracic::Benign_Reactive::Inflammatory::Pulmonary_Alveolar_Proteinosis_PAP,1
abpath,Cyto_Thoracic::Benign_Reactive::Non_Cellular::Charcot_Leyden_Crystals,1
abpath,Cyto_Thoracic::Benign_Reactive::Non_Cellular::Corpora_Amylacea,1
abpath,Cyto_Thoracic::Benign_Reactive::Non_Cellular::Curschmann_Spirals,1
abpath,Cyto_Thoracic::Benign_Reactive::Non_Cellular::Ferruginous_Bodies_Asbestos,1
abpath,Cyto_Thoracic::Category::Atypical,1
abpath,Cyto_Thoracic::Category::Benign,1
abpath,Cyto_Thoracic::Category::Malignant,1
abpath,Cyto_Thoracic::Category::Nondiagnostic,1
abpath,Cyto_Thoracic::Category::Suspicious_For_Malignancy,1
abpath,Cyto_Thoracic::Infectious::Bacterial::Actinomyces,1
abpath,Cyto_Thoracic::Infectious::Bacterial::Legionella,1
abpath,Cyto_Thoracic::Infectious::Bacterial::Mycobacterium_Non_Tuberculous,1
abpath,Cyto_Thoracic::Infectious::Bacterial::Mycobacterium_Tuberculosis,1
abpath,Cyto_Thoracic::Infectious::Bacterial::Nocardia,1
abpath,Cyto_Thoracic::Infectious::Bacterial::Rhodococcus,1
abpath,Cyto_Thoracic::Infectious::Fungal::Aspergillus_Species,1
abpath,Cyto_Thoracic::Infectious::Fungal::Blastomyces_Dermatitidis,1
abpath,Cyto_Thoracic::Infectious::Fungal::Candida_Species,1
abpath,Cyto_Thoracic::Infectious::Fungal::Coccidioides_Immitis,1
abpath,Cyto_Thoracic::Infectious::Fungal::Cryptococcus_Neoformans,1
abpath,Cyto_Thoracic::Infectious::Fungal::Histoplasma_Capsulatum,1
abpath,Cyto_Thoracic::Infectious::Fungal::Pneumocystis_Jirovecii,1
abpath,Cyto_Thoracic::Infectious::Fungal::Sporothrix_Schenckii,1
abpath,Cyto_Thoracic::Infectious::Fungal::Zygomycosis_Mucor,1
abpath,Cyto_Thoracic::Infectious::Parasitic::Dirofilaria_Immitis,1
abpath,Cyto_Thoracic::Infectious::Parasitic::Echinococcus,1
abpath,Cyto_Thoracic::Infectious::Parasitic::Entamoeba_Histolytica,1
abpath,Cyto_Thoracic::Infectious::Parasitic::Paragonimus,1
abpath,Cyto_Thoracic::Infectious::Parasitic::Strongyloides_Stercoralis,1
abpath,Cyto_Thoracic::Infectious::Viral::Adenovirus,1
abpath,Cyto_Thoracic::Infectious::Viral::Cytomegalovirus_CMV,1
abpath,Cyto_Thoracic::Infectious::Viral::Herpes_Simplex_Virus_HSV,1
abpath,Cyto_Thoracic::Infectious::Viral::Measles_Virus,1
abpath,Cyto_Thoracic::Infectious::Viral::Respiratory_Syncytial_Virus_RSV,1
abpath,Cyto_Thoracic::Malignant::Carcinoma::Adenocarcinoma_Lung_Enteric,1
abpath,Cyto_Thoracic::Malignant::Carcinoma::Adenocarcinoma_Lung_Fetal,1
abpath,Cyto_Thoracic::Malignant::Carcinoma::Adenocarcinoma_Lung_Invasive,1
abpath,Cyto_Thoracic::Malignant::Carcinoma::Adenocarcinoma_Lung_Lepidic_Pattern,1
abpath,Cyto_Thoracic::Malignant::Carcinoma::Adenocarcinoma_Lung_Mucinous,1
abpath,Cyto_Thoracic::Malignant::Carcinoma::Adenosquamous_Carcinoma,1
abpath,Cyto_Thoracic::Malignant::Carcinoma::Carcinosarcoma,1
abpath,Cyto_Thoracic::Malignant::Carcinoma::Large_Cell_Carcinoma,1
abpath,Cyto_Thoracic::Malignant::Carcinoma::Lymphoepithelioma_Like_Carcinoma,1
abpath,Cyto_Thoracic::Malignant::Carcinoma::NUT_Carcinoma,1
abpath,Cyto_Thoracic::Malignant::Carcinoma::Pleomorphic_Carcinoma,1
abpath,Cyto_Thoracic::Malignant::Carcinoma::Pulmonary_Blastoma,1
abpath,Cyto_Thoracic::Malignant::Carcinoma::Salivary_Gland_Type_Carcinoma,1
abpath,Cyto_Thoracic::Malignant::Carcinoma::Squamous_Cell_Carcinoma_Basaloid,1
abpath,Cyto_Thoracic::Malignant::Carcinoma::Squamous_Cell_Carcinoma_Keratinizing,1
abpath,Cyto_Thoracic::Malignant::Carcinoma::Squamous_Cell_Carcinoma_Non_Keratinizing,1
abpath,Cyto_Thoracic::Malignant::Lymphoid::Lymphoma_Diffuse_Large_B_Cell,1
abpath,Cyto_Thoracic::Malignant::Lymphoid::Lymphoma_Hodgkin,1
abpath,Cyto_Thoracic::Malignant::Lymphoid::Lymphoma_MALT,1
abpath,Cyto_Thoracic::Malignant::Lymphoid::Lymphomatoid_Granulomatosis,1
abpath,Cyto_Thoracic::Malignant::Mesothelial::Mesothelioma_Biphasic,1
abpath,Cyto_Thoracic::Malignant::Mesothelial::Mesothelioma_Epithelioid,1
abpath,Cyto_Thoracic::Malignant::Mesothelial::Mesothelioma_Sarcomatoid,1
abpath,Cyto_Thoracic::Malignant::Metastatic::Metastatic_Tumor_To_Lung,1
abpath,Cyto_Thoracic::Malignant::Neuroendocrine::Carcinoid_Tumor_Atypical,1
abpath,Cyto_Thoracic::Malignant::Neuroendocrine::Carcinoid_Tumor_Typical,1
abpath,Cyto_Thoracic::Malignant::Neuroendocrine::Large_Cell_Neuroendocrine_Carcinoma_LCNEC,1
abpath,Cyto_Thoracic::Malignant::Neuroendocrine::Small_Cell_Lung_Carcinoma,1
abpath,Cyto_Thoracic::Malignant::Sarcoma::Angiosarcoma,1
abpath,Cyto_Thoracic::Malignant::Sarcoma::Epithelioid_Hemangioendothelioma,1
abpath,Cyto_Thoracic::Malignant::Sarcoma::Solitary_Fibrous_Tumor_Malignant,1
abpath,Cyto_Thoracic::Malignant::Sarcoma::Synovial_Sarcoma,1
abpath,Cyto_Thoracic::Malignant::Sarcoma::Thoracic_SMARCA4_Deficient_Undifferentiated_Tumor,1
abpath,Cyto_Thyroid::Benign::Normal_Parathyroid_Cytology,1
abpath,Cyto_Thyroid::Benign::Normal_Thyroid_Cytology,1
abpath,Cyto_Thyroid::Benign_Reactive::Acute_Thyroiditis_Infectious,1
abpath,Cyto_Thyroid::Benign_Reactive::Amyloid_Goiter,1
abpath,Cyto_Thyroid::Benign_Reactive::Black_Thyroid_Minocycline,1
abpath,Cyto_Thyroid::Benign_Reactive::Cyst_Lining_Cells_Repair,1
abpath,Cyto_Thyroid::Benign_Reactive::Follicular_Adenoma_Macrofollicular,1
abpath,Cyto_Thyroid::Benign_Reactive::Follicular_Adenoma_Microfollicular,1
abpath,Cyto_Thyroid::Benign_Reactive::Follicular_Adenoma_Trabecular,1
abpath,Cyto_Thyroid::Benign_Reactive::Follicular_Nodule_Colloid_Goiter,1
abpath,Cyto_Thyroid::Benign_Reactive::Graves_Disease_Toxic_Hyperplasia,1
abpath,Cyto_Thyroid::Benign_Reactive::Hashimoto_Thyroiditis_Chronic_Lymphocytic,1
abpath,Cyto_Thyroid::Benign_Reactive::Radiation_Changes,1
abpath,Cyto_Thyroid::Benign_Reactive::Riedel_Thyroiditis,1
abpath,Cyto_Thyroid::Benign_Reactive::Subacute_Granulomatous_Thyroiditis_De_Quervain,1
abpath,Cyto_Thyroid::Benign_Reactive::Thyroglossal_Duct_Cyst,1
abpath,Cyto_Thyroid::Category::Atypia_Undetermined_Significance_AUS_FLUS,1
abpath,Cyto_Thyroid::Category::Benign_Follicular_Nodule,1
abpath,Cyto_Thyroid::Category::Follicular_Neoplasm_Hurthle_Cell_Type,1
abpath,Cyto_Thyroid::Category::Follicular_Neoplasm_Suspicious_FN_SFN,1
abpath,Cyto_Thyroid::Category::Malignant,1
abpath,Cyto_Thyroid::Category::Nondiagnostic_Cyst_Fluid_Only,1
abpath,Cyto_Thyroid::Category::Suspicious_For_Malignancy,1
abpath,Cyto_Thyroid::Intermediate::Hyalinizing_Trabecular_Tumor,1
abpath,Cyto_Thyroid::Intermediate::Noninvasive_Follicular_Thyroid_Neoplasm_NIFTP,1
abpath,Cyto_Thyroid::Malignant::Anaplastic::Anaplastic_Thyroid_Carcinoma_Giant_Cell,1
abpath,Cyto_Thyroid::Malignant::Anaplastic::Anaplastic_Thyroid_Carcinoma_Paucicellular,1
abpath,Cyto_Thyroid::Malignant::Anaplastic::Anaplastic_Thyroid_Carcinoma_Spindle_Cell,1
abpath,Cyto_Thyroid::Malignant::Anaplastic::Anaplastic_Thyroid_Carcinoma_Squamous,1
abpath,Cyto_Thyroid::Malignant::Follicular::Follicular_Thyroid_Carcinoma_Minimally_Invasive,1
abpath,Cyto_Thyroid::Malignant::Follicular::Follicular_Thyroid_Carcinoma_Widely_Invasive,1
abpath,Cyto_Thyroid::Malignant::Hurthle_Cell::Hurthle_Cell_Carcinoma,1
abpath,Cyto_Thyroid::Malignant::Lymphoma::Lymphoma_Hodgkin,1
abpath,Cyto_Thyroid::Malignant::Lymphoma::Lymphoma_Thyroid_DLBCL,1
abpath,Cyto_Thyroid::Malignant::Lymphoma::Lymphoma_Thyroid_MALT,1
abpath,Cyto_Thyroid::Malignant::Medullary::Medullary_Thyroid_Carcinoma,1
abpath,Cyto_Thyroid::Malignant::Metastatic::Metastasis_To_Thyroid_Breast,1
abpath,Cyto_Thyroid::Malignant::Metastatic::Metastasis_To_Thyroid_Colorectal,1
abpath,Cyto_Thyroid::Malignant::Metastatic::Metastasis_To_Thyroid_Lung,1
abpath,Cyto_Thyroid::Malignant::Metastatic::Metastasis_To_Thyroid_Melanoma,1
abpath,Cyto_Thyroid::Malignant::Metastatic::Metastasis_To_Thyroid_Renal_Cell,1
abpath,Cyto_Thyroid::Malignant::Other::Carcinoma_Showing_Thymus_Like_Differentiation_CASTLE,1
abpath,Cyto_Thyroid::Malignant::Other::Mucoepidermoid_Carcinoma_Sclerosing,1
abpath,Cyto_Thyroid::Malignant::Other::Secretory_Carcinoma_MASC,1
abpath,Cyto_Thyroid::Malignant::Other::Spindle_Epithelial_Tumor_Thymus_Like_SETTLE,1
abpath,Cyto_Thyroid::Malignant::Other::Squamous_Cell_Carcinoma_Primary,1
abpath,Cyto_Thyroid::Malignant::Papillary::Papillary_Thyroid_Carcinoma_Classic,1
abpath,Cyto_Thyroid::Malignant::Papillary::Papillary_Thyroid_Carcinoma_Clear_Cell,1
abpath,Cyto_Thyroid::Malignant::Papillary::Papillary_Thyroid_Carcinoma_Columnar_Cell,1
abpath,Cyto_Thyroid::Malignant::Papillary::Papillary_Thyroid_Carcinoma_Cribriform_Morular,1
abpath,Cyto_Thyroid::Malignant::Papillary::Papillary_Thyroid_Carcinoma_Cystic,1
abpath,Cyto_Thyroid::Malignant::Papillary::Papillary_Thyroid_Carcinoma_Diffuse_Sclerosing,1
abpath,Cyto_Thyroid::Malignant::Papillary::Papillary_Thyroid_Carcinoma_Follicular_Variant,1
abpath,Cyto_Thyroid::Malignant::Papillary::Papillary_Thyroid_Carcinoma_Hobnail,1
abpath,Cyto_Thyroid::Malignant::Papillary::Papillary_Thyroid_Carcinoma_Macrofollicular,1
abpath,Cyto_Thyroid::Malignant::Papillary::Papillary_Thyroid_Carcinoma_Oncocytic_Warthin_Like,1
abpath,Cyto_Thyroid::Malignant::Papillary::Papillary_Thyroid_Carcinoma_Solid_Trabecular,1
abpath,Cyto_Thyroid::Malignant::Papillary::Papillary_Thyroid_Carcinoma_Tall_Cell,1
abpath,Cyto_Thyroid::Malignant::Poorly_Differentiated::Poorly_Differentiated_Thyroid_Carcinoma_Insular,1
abpath,Cyto_Thyroid::Other::Langerhans_Cell_Histiocytosis_Thyroid,1
abpath,Cyto_Thyroid::Other::Paraganglioma_Thyroid,1
abpath,Cyto_Thyroid::Other::Rosai_Dorfman_Disease,1
abpath,Cyto_Thyroid::Other::Sarcoma_Thyroid,1
abpath,Cyto_Thyroid::Parathyroid::Parathyroid_Adenoma,1
abpath,Cyto_Thyroid::Parathyroid::Parathyroid_Carcinoma,1
abpath,Cyto_Thyroid::Parathyroid::Parathyroid_Cyst,1
abpath,Cyto_Thyroid::Pattern::Dispersed_Hypercellular_Lymph_Node_Like,1
abpath,Cyto_Thyroid::Pattern::Dispersed_Hypocellular_Cystic_Hemorrhagic,1
abpath,Cyto_Thyroid::Pattern::Epithelial_Fragments_Nuclear_Grooves_Pseudoinclusions,1
abpath,Cyto_Thyroid::Pattern::Hypercellular_Mixed_Dispersed_Tissue_Fragment,1
abpath,Cyto_Thyroid::Pattern::Hypocellular_Mixed_Dispersed_Tissue_Fragment,1
abpath,Cyto_Thyroid::Pattern::Single_Cells_Epithelioid_Spindle,1
abpath,Cyto_Thyroid::Pattern::Tissue_Fragment_Granular_Cytoplasm,1
abpath,Cyto_Thyroid::Pattern::Tissue_Fragment_Microfollicles,1
abpath,Cyto_Urinary::Benign::Contaminants_Lubricant_Talc,1
abpath,Cyto_Urinary::Benign::Glandular_Cells,1
abpath,Cyto_Urinary::Benign::Intestinal_Epithelium_Ileal_Conduit,1
abpath,Cyto_Urinary::Benign::Normal_Urinary_Cytology,1
abpath,Cyto_Urinary::Benign::Spermatozoa,1
abpath,Cyto_Urinary::Benign::Squamous_Cells_Contamination,1
abpath,Cyto_Urinary::Benign_Neoplasm::Inverted_Papilloma,1
abpath,Cyto_Urinary::Benign_Neoplasm::Urothelial_Papilloma,1
abpath,Cyto_Urinary::Benign_Reactive::Cystitis_Cystica,1
abpath,Cyto_Urinary::Benign_Reactive::Cystitis_Glandularis,1
abpath,Cyto_Urinary::Benign_Reactive::Inflammatory::Malakoplakia,1
abpath,Cyto_Urinary::Benign_Reactive::Inflammatory::Reactive_Urothelial_Cells_Inflammation,1
abpath,Cyto_Urinary::Benign_Reactive::Inflammatory::Reactive_Urothelial_Cells_Stones_Calculi,1
abpath,Cyto_Urinary::Benign_Reactive::Lesion::Condyloma_Acuminatum,1
abpath,Cyto_Urinary::Benign_Reactive::Lesion::Endometriosis,1
abpath,Cyto_Urinary::Benign_Reactive::Lesion::Nephrogenic_Adenoma,1
abpath,Cyto_Urinary::Benign_Reactive::Lesion::Urethral_Caruncle,1
abpath,Cyto_Urinary::Benign_Reactive::Normal::Corpora_Amylacea,1
abpath,Cyto_Urinary::Benign_Reactive::Normal::Crystals_And_Casts,1
abpath,Cyto_Urinary::Benign_Reactive::Normal::Renal_Tubular_Cells,1
abpath,Cyto_Urinary::Benign_Reactive::Normal::Seminal_Vesicle_Cells,1
abpath,Cyto_Urinary::Benign_Reactive::Normal::Umbrella_Cells,1
abpath,Cyto_Urinary::Benign_Reactive::Polypoid_Cystitis,1
abpath,Cyto_Urinary::Benign_Reactive::Reactive_Urothelial_Cells,1
abpath,Cyto_Urinary::Benign_Reactive::Treatment_Effect::Chemotherapy_Effect_Cyclophosphamide,1
abpath,Cyto_Urinary::Benign_Reactive::Treatment_Effect::Chemotherapy_Effect_Mitomycin_C,1
abpath,Cyto_Urinary::Benign_Reactive::Treatment_Effect::Immunotherapy_Effect_BCG,1
abpath,Cyto_Urinary::Benign_Reactive::Treatment_Effect::Radiation_Effect,1
abpath,Cyto_Urinary::Category::Atypical_Urothelial_Cells_AUC,1
abpath,Cyto_Urinary::Category::High_Grade_Urothelial_Carcinoma_HGUC,1
abpath,Cyto_Urinary::Category::Low_Grade_Urothelial_Neoplasm_LGUN,1
abpath,Cyto_Urinary::Category::Negative_For_High_Grade_Urothelial_Carcinoma_NHGUC,1
abpath,Cyto_Urinary::Category::Nondiagnostic_Unsatisfactory,1
abpath,Cyto_Urinary::Category::Other_Malignancy,1
abpath,Cyto_Urinary::Category::Suspicious_For_High_Grade_Urothelial_Carcinoma_SHGUC,1
abpath,Cyto_Urinary::Concept::Collection_Techniques_and_Preparations,1
abpath,Cyto_Urinary::Concept::Indications_for_Urinary_Cytology,1
abpath,Cyto_Urinary::Concept::Reporting_and_Management_Guidelines,1
abpath,Cyto_Urinary::Concept::Specimen_Adequacy,1
abpath,Cyto_Urinary::Infectious::Bacterial::Actinomyces,1
abpath,Cyto_Urinary::Infectious::Bacterial::Mycobacterium_Non_Tuberculous,1
abpath,Cyto_Urinary::Infectious::Bacterial::Mycobacterium_Tuberculosis,1
abpath,Cyto_Urinary::Infectious::Fungal::Candida_Species,1
abpath,Cyto_Urinary::Infectious::Parasitic::Schistosoma_Haematobium,1
abpath,Cyto_Urinary::Infectious::Parasitic::Trichomonas_Vaginalis,1
abpath,Cyto_Urinary::Infectious::Viral::Adenovirus,1
abpath,Cyto_Urinary::Infectious::Viral::Cytomegalovirus_CMV,1
abpath,Cyto_Urinary::Infectious::Viral::Herpes_Simplex_Virus_HSV,1
abpath,Cyto_Urinary::Infectious::Viral::Human_Papillomavirus_HPV,1
abpath,Cyto_Urinary::Infectious::Viral::Polyomavirus_Decoy_Cells,1
abpath,Cyto_Urinary::Malignant::Metastatic::Lymphoma_Secondary,1
abpath,Cyto_Urinary::Malignant::Metastatic::Metastatic_Breast_Carcinoma,1
abpath,Cyto_Urinary::Malignant::Metastatic::Metastatic_Colorectal_Adenocarcinoma,1
abpath,Cyto_Urinary::Malignant::Metastatic::Metastatic_Melanoma,1
abpath,Cyto_Urinary::Malignant::Metastatic::Metastatic_Prostatic_Adenocarcinoma,1
abpath,Cyto_Urinary::Malignant::Metastatic::Metastatic_Renal_Cell_Carcinoma,1
abpath,Cyto_Urinary::Malignant::Metastatic_Prostate_Adenocarcinoma,1
abpath,Cyto_Urinary::Malignant::Non_Urothelial::Adenocarcinoma_Primary_Bladder,1
abpath,Cyto_Urinary::Malignant::Non_Urothelial::Adenocarcinoma_Urachal,1
abpath,Cyto_Urinary::Malignant::Non_Urothelial::Melanoma_Primary,1
abpath,Cyto_Urinary::Malignant::Non_Urothelial::Small_Cell_Neuroendocrine_Carcinoma,1
abpath,Cyto_Urinary::Malignant::Non_Urothelial::Squamous_Cell_Carcinoma,1
abpath,Cyto_Urinary::Malignant::Urothelial::Carcinoma_In_Situ_CIS,1
abpath,Cyto_Urinary::Malignant::Urothelial::High_Grade_Urothelial_Carcinoma_Micropapillary,1
abpath,Cyto_Urinary::Malignant::Urothelial::High_Grade_Urothelial_Carcinoma_NOS,1
abpath,Cyto_Urinary::Malignant::Urothelial::High_Grade_Urothelial_Carcinoma_Plasmacytoid,1
abpath,Cyto_Urinary::Malignant::Urothelial::High_Grade_Urothelial_Carcinoma_Sarcomatoid,1
abpath,Cyto_Urinary::Neoplastic::Urothelial::Low_Grade_Papillary_Urothelial_Carcinoma,1
abpath,Cyto_Urinary::Neoplastic::Urothelial::Papillary_Urothelial_Neoplasm_of_Low_Malignant_Potential_PUNLMP,1
abpath,Cyto_Urinary::Pattern::Coarse_Clumpy_Chromatin,1
abpath,Cyto_Urinary::Pattern::Degenerated_Atypical_Cells,1
abpath,Cyto_Urinary::Pattern::Fibrovascular_Cores,1
abpath,Cyto_Urinary::Pattern::High_NC_Ratio_Hyperchromasia,1
abpath,Cyto_Urinary::Pattern::Hypochromatic_HGUC,1
abpath,Cyto_Urinary::Pattern::Irregular_Nuclear_Membranes,1
abpath,Cyto_Urinary::Specimen_Type::Bladder_Washing,1
abpath,Cyto_Urinary::Specimen_Type::Catheterized_Urine,1
abpath,Cyto_Urinary::Specimen_Type::Ileal_Conduit_Urine,1
abpath,Cyto_Urinary::Specimen_Type::Renal_Pelvic_Washing,1
abpath,Cyto_Urinary::Specimen_Type::Ureteral_Washing,1
abpath,Cyto_Urinary::Specimen_Type::Voided_Urine,1
abpath,Endo::Adrenal::Congenital_Structural::Cyst::Adrenal_Cyst,1
abpath,Endo::Adrenal::Congenital_Structural::Malformation::Adrenal_Heterotopia,1
abpath,Endo::Adrenal::Congenital_Structural::Malformation::Adrenal_Hypoplasia,1
abpath,Endo::Adrenal::Infectious::Bacterial_Fungal::Infectious_Adrenalitis,1
abpath,Endo::Adrenal::Inflammatory::Autoimmune::Autoimmune_Adrenalitis,1
abpath,Endo::Adrenal::Neoplastic::Epithelial_Cortical::Benign::Aldosterone_Producing_Adenoma,1
abpath,Endo::Adrenal::Neoplastic::Epithelial_Cortical::Benign::Cortisol_Secreting_Adenoma,1
abpath,Endo::Adrenal::Neoplastic::Epithelial_Cortical::Benign::Nonfunctioning_Adrenal_Cortical_Adenoma,1
abpath,Endo::Adrenal::Neoplastic::Epithelial_Cortical::Benign::Oncocytic_Adrenal_Cortical_Adenoma,1
abpath,Endo::Adrenal::Neoplastic::Epithelial_Cortical::Benign::Sex_Hormone_Producing_Adenoma,1
abpath,Endo::Adrenal::Neoplastic::Epithelial_Cortical::Malignant::Adrenal_Cortical_Carcinoma,1
abpath,Endo::Adrenal::Neoplastic::Epithelial_Cortical::Precursor::Adrenocortical_Hyperplasia_Nodular,1
abpath,Endo::Adrenal::Neoplastic::Epithelial_Cortical::Precursor::Primary_Pigmented_Nodular_Adrenocortical_Disease,1
abpath,Endo::Adrenal::Neoplastic::Melanocytic::Malignant::Primary_Adrenal_Melanoma,1
abpath,Endo::Adrenal::Neoplastic::Mesenchymal::Benign::Myelolipoma,1
abpath,Endo::Adrenal::Neoplastic::Mesenchymal::Malignant::Primary_Adrenal_Angiosarcoma,1
abpath,Endo::Adrenal::Neoplastic::Mesenchymal::Malignant::Primary_Adrenal_Leiomyosarcoma,1
abpath,Endo::Adrenal::Neoplastic::Metastatic::Metastasis_To_Adrenal,1
abpath,Endo::Adrenal::Neoplastic::Neuroendocrine::Benign::Adrenal_Medullary_Hyperplasia,1
abpath,Endo::Adrenal::Neoplastic::Neuroendocrine::Malignant::Composite_Pheochromocytoma,1
abpath,Endo::Adrenal::Neoplastic::Neuroendocrine::Malignant::Ganglioneuroblastoma,1
abpath,Endo::Adrenal::Neoplastic::Neuroendocrine::Malignant::Neuroblastoma,1
abpath,Endo::Adrenal::Neoplastic::Neuroendocrine::Malignant::Pheochromocytoma,1
abpath,Endo::Adrenal::Nonneoplastic::Depositional::Adrenal_Amyloidosis,1
abpath,Endo::Adrenal::Nonneoplastic::Reactive::Adrenal_Cytomegaly,1
abpath,Endo::Adrenal::Nonneoplastic::Reactive::Incidental_Adrenal_Nodules,1
abpath,Endo::Pancreas::Neoplastic::Neuroendocrine::Benign::Insulinoma,1
abpath,Endo::Pancreas::Neoplastic::Neuroendocrine::Malignant::Pancreatic_Neuroendocrine_Tumor_PanNET,1
abpath,Endo::Pancreas::Nonneoplastic::Hyperplasia::Glucagon_Cell_Hyperplasia,1
abpath,Endo::Pancreas::Nonneoplastic::Hyperplasia::Islet_Cell_Hyperplasia_Nesidioblastosis,1
abpath,Endo::Paraneoplastic::Syndrome::Ectopic_Paraneoplastic_Syndromes,1
abpath,Endo::Parathyroid::Congenital_Structural::Cyst::Parathyroid_Cyst,1
abpath,Endo::Parathyroid::Inflammatory::Chronic::Chronic_Parathyroiditis,1
abpath,Endo::Parathyroid::Neoplastic::Epithelial::Benign::Parathyroid_Adenoma,1
abpath,Endo::Parathyroid::Neoplastic::Epithelial::Benign::Parathyroid_Lipoadenoma,1
abpath,Endo::Parathyroid::Neoplastic::Epithelial::Malignant::Parathyroid_Carcinoma,1
abpath,Endo::Parathyroid::Neoplastic::Epithelial::Uncertain_Potential::Atypical_Parathyroid_Tumor,1
abpath,Endo::Parathyroid::Neoplastic::Metastatic::Metastasis_To_Parathyroid,1
abpath,Endo::Parathyroid::Nonneoplastic::Hyperplasia::Primary_Clear_Cell_Hyperplasia,1
abpath,Endo::Parathyroid::Nonneoplastic::Hyperplasia::Primary_Multiglandular_Parathyroid_Disease,1
abpath,Endo::Parathyroid::Nonneoplastic::Hyperplasia::Secondary_Parathyroid_Hyperplasia,1
abpath,Endo::Parathyroid::Nonneoplastic::Hyperplasia::Tertiary_Parathyroid_Hyperplasia,1
abpath,Endo::Parathyroid::Normal_Histology::Normal_Anatomy,1
abpath,Endo::Pituitary::Congenital_Structural::Cyst::Rathke_Cleft_Cyst,1
abpath,Endo::Pituitary::Congenital_Structural::Mechanical::Empty_Sella_Syndrome,1
abpath,Endo::Pituitary::Congenital_Structural::Vascular::Sheehan_Syndrome_Infarction,1
abpath,Endo::Pituitary::Inflammatory::Autoimmune::Hypophysitis,1
abpath,Endo::Pituitary::Inflammatory::Granulomatous::Sarcoidosis,1
abpath,Endo::Pituitary::Neoplastic::Embryonal::Malignant::Pituitary_Blastoma,1
abpath,Endo::Pituitary::Neoplastic::Epithelial::Benign::Adamantinomatous_Craniopharyngioma,1
abpath,Endo::Pituitary::Neoplastic::Epithelial::Benign::Papillary_Craniopharyngioma,1
abpath,Endo::Pituitary::Neoplastic::Glial::Benign::Granular_Cell_Tumor_Sella,1
abpath,Endo::Pituitary::Neoplastic::Glial::Benign::Pituicytoma,1
abpath,Endo::Pituitary::Neoplastic::Glial::Benign::Spindle_Cell_Oncocytoma,1
abpath,Endo::Pituitary::Neoplastic::Metastatic::Metastasis_To_Pituitary,1
abpath,Endo::Pituitary::Neoplastic::Neuroendocrine::Benign::Corticotroph_PitNET_Adenoma,1
abpath,Endo::Pituitary::Neoplastic::Neuroendocrine::Benign::Gonadotroph_PitNET_Adenoma,1
abpath,Endo::Pituitary::Neoplastic::Neuroendocrine::Benign::Lactotroph_PitNET_Adenoma,1
abpath,Endo::Pituitary::Neoplastic::Neuroendocrine::Benign::Plurihormonal_PitNET_Adenoma,1
abpath,Endo::Pituitary::Neoplastic::Neuroendocrine::Benign::Somatotroph_PitNET_Adenoma,1
abpath,Endo::Pituitary::Neoplastic::Neuroendocrine::Benign::Thyrotroph_PitNET_Adenoma,1
abpath,Endo::Pituitary::Nonneoplastic::Hyperplasia::Pituitary_Hyperplasia,1
abpath,Endo::Skin::Neoplastic::Neuroendocrine::Malignant::Merkel_Cell_Carcinoma,1
abpath,Endo::Syndromes::MEN::Multiple_Endocrine_Neoplasia_Type_1,1
abpath,Endo::Syndromes::MEN::Multiple_Endocrine_Neoplasia_Type_2,1
abpath,Endo::Syndromes::MEN::Multiple_Endocrine_Neoplasia_Type_4,1
abpath,Endo::Syndromes::MEN::Multiple_Endocrine_Neoplasia_Type_5_MAX_Related,1
abpath,Endo::Syndromes::Other::Beckwith_Wiedemann_Syndrome,1
abpath,Endo::Syndromes::Other::Carney_Complex,1
abpath,Endo::Syndromes::Other::McCune_Albright_Syndrome,1
abpath,Endo::Syndromes::Other::Neurofibromatosis_Type_1,1
abpath,Endo::Syndromes::Other::Von_Hippel_Lindau_Syndrome,1
abpath,Endo::Syndromes::Paraganglioma::Hereditary_Paraganglioma_Pheochromocytoma_Syndrome,1
abpath,Endo::Syndromes::Parathyroid::Familial_Isolated_Hyperparathyroidism,1
abpath,Endo::Syndromes::Parathyroid::Hyperparathyroidism_Jaw_Tumor_Syndrome,1
abpath,Endo::Syndromes::Thyroid::DICER1_Syndrome,1
abpath,Endo::Syndromes::Thyroid::Familial_Thyroid_Carcinoma,1
abpath,Endo::Syndromes::Thyroid::PTEN_Hamartoma_Tumor_Syndrome,1
abpath,Endo::Thyroid::Congenital_Structural::Cyst::Thyroglossal_Duct_Cyst,1
abpath,Endo::Thyroid::Congenital_Structural::Malformation::Ectopic_Thyroid,1
abpath,Endo::Thyroid::Congenital_Structural::Malformation::Solid_Cell_Nests,1
abpath,Endo::Thyroid::Congenital_Structural::Metabolic::Dyshormonogenetic_Goiter,1
abpath,Endo::Thyroid::Inflammatory::Autoimmune::Graves_Disease,1
abpath,Endo::Thyroid::Inflammatory::Chronic_Lymphocytic::Hashimoto_Thyroiditis,1
abpath,Endo::Thyroid::Inflammatory::Fibrosing::IgG4_Related_Thyroid_Disease,1
abpath,Endo::Thyroid::Inflammatory::Fibrosing::Riedel_Thyroiditis,1
abpath,Endo::Thyroid::Inflammatory::Granulomatous::Palpation_Thyroiditis,1
abpath,Endo::Thyroid::Inflammatory::Granulomatous::Subacute_Thyroiditis,1
abpath,Endo::Thyroid::Neoplastic::Epithelial::Benign::Follicular_Adenoma,1
abpath,Endo::Thyroid::Neoplastic::Epithelial::Malignant::Anaplastic_Thyroid_Carcinoma,1
abpath,Endo::Thyroid::Neoplastic::Epithelial::Malignant::Cribriform_Morular_Thyroid_Carcinoma,1
abpath,Endo::Thyroid::Neoplastic::Epithelial::Malignant::Follicular_Thyroid_Carcinoma,1
abpath,Endo::Thyroid::Neoplastic::Epithelial::Malignant::Intrathyroid_Thymic_Carcinoma,1
abpath,Endo::Thyroid::Neoplastic::Epithelial::Malignant::Mucoepidermoid_Carcinoma,1
abpath,Endo::Thyroid::Neoplastic::Epithelial::Malignant::Oncocytic_Carcinoma,1
abpath,Endo::Thyroid::Neoplastic::Epithelial::Malignant::Papillary_Thyroid_Carcinoma,1
abpath,Endo::Thyroid::Neoplastic::Epithelial::Malignant::Sclerosing_Mucoepidermoid_Carcinoma_With_Eosinophilia,1
abpath,Endo::Thyroid::Neoplastic::Epithelial::Malignant::Secretory_Carcinoma,1
abpath,Endo::Thyroid::Neoplastic::Epithelial::Malignant::Spindle_Epithelial_Tumor_Thymus_Like_SETTLE,1
abpath,Endo::Thyroid::Neoplastic::Epithelial_C_Cell::Malignant::Medullary_Thyroid_Carcinoma,1
abpath,Endo::Thyroid::Neoplastic::Epithelial_C_Cell::Precursor::C_Cell_Hyperplasia,1
abpath,Endo::Thyroid::Neoplastic::Hematolymphoid::Malignant::Follicular_Dendritic_Cell_Sarcoma,1
abpath,Endo::Thyroid::Neoplastic::Hematolymphoid::Malignant::Langerhans_Cell_Histiocytosis,1
abpath,Endo::Thyroid::Neoplastic::Hematolymphoid::Malignant::Lymphoma,1
abpath,Endo::Thyroid::Neoplastic::Mesenchymal::Benign::Leiomyoma,1
abpath,Endo::Thyroid::Neoplastic::Mesenchymal::Benign::Peripheral_Nerve_Sheath_Tumor,1
abpath,Endo::Thyroid::Neoplastic::Mesenchymal::Benign::Solitary_Fibrous_Tumor,1
abpath,Endo::Thyroid::Neoplastic::Mesenchymal::Malignant::Angiosarcoma,1
abpath,Endo::Thyroid::Neoplastic::Mesenchymal::Malignant::Leiomyosarcoma,1
abpath,Endo::Thyroid::Neoplastic::Mesenchymal::Malignant::Primary_Ewing_Sarcoma,1
abpath,Endo::Thyroid::Neoplastic::Metastatic::Metastasis_To_Thyroid,1
abpath,Endo::Thyroid::Nonneoplastic::Depositional::Amyloid_Goiter,1
abpath,Endo::Thyroid::Nonneoplastic::Reactive::Pigments_And_Crystals,1
abpath,Endo::Thyroid::Nonneoplastic::Reactive::Post_FNA_Site_Changes,1
abpath,Endo::Thyroid::Normal_Histology::Normal_Anatomy,1
abpath,Eye_Orbit::Bone::Chondrogenic::Mesenchymal_Chondrosarcoma,1
abpath,Eye_Orbit::Bone::Chondrogenic::Soft_Tissue_Chondroma,1
abpath,Eye_Orbit::Bone::Fibrous_Fibroblastic::Fibrous_Dysplasia,1
abpath,Eye_Orbit::Bone::Osteoclast_Rich::Aneurysmal_Bone_Cyst,1
abpath,Eye_Orbit::Bone::Osteoclast_Rich::Giant_Cell_Tumor_Of_Bone,1
abpath,Eye_Orbit::Bone::Osteogenic::Osteoblastoma,1
abpath,Eye_Orbit::Bone::Osteogenic::Osteoma,1
abpath,Eye_Orbit::Bone::Osteogenic::Osteosarcoma,1
abpath,Eye_Orbit::Bone::Other::Ewing_Sarcoma,1
abpath,Eye_Orbit::Bone::Vascular::Angiosarcoma_Of_Bone,1
abpath,Eye_Orbit::Bone::Vascular::Epithelioid_Hemangioendothelioma,1
abpath,Eye_Orbit::Bone::Vascular::Hemangioma_Of_Bone,1
abpath,Eye_Orbit::Conjunctiva::Choristoma::Epibulbar_Choristoma::Complex_Choristoma,1
abpath,Eye_Orbit::Conjunctiva::Choristoma::Epibulbar_Choristoma::Dermoid,1
abpath,Eye_Orbit::Conjunctiva::Choristoma::Epibulbar_Choristoma::Dermolipoma,1
abpath,Eye_Orbit::Conjunctiva::Choristoma::Epibulbar_Osseous_Choristoma,1
abpath,Eye_Orbit::Conjunctiva::Cysts::Epithelial_Conjunctival_Inclusion_Cyst,1
abpath,Eye_Orbit::Conjunctiva::Epithelial_Tumors::Benign::Hereditary_Benign_Intraepithelial_Dyskeratosis,1
abpath,Eye_Orbit::Conjunctiva::Epithelial_Tumors::Benign::Oncocytoma,1
abpath,Eye_Orbit::Conjunctiva::Epithelial_Tumors::Benign::Squamous_Cell_Papilloma,1
abpath,Eye_Orbit::Conjunctiva::Epithelial_Tumors::Premalignant_Malignant::Adenosquamous_Carcinoma,1
abpath,Eye_Orbit::Conjunctiva::Epithelial_Tumors::Premalignant_Malignant::Squamous_Cell_Carcinoma,1
abpath,Eye_Orbit::Conjunctiva::Epithelial_Tumors::Premalignant_Malignant::Squamous_Intraepithelial_Neoplasia,1
abpath,Eye_Orbit::Conjunctiva::Melanocytic_Tumors::Benign::Benign_Epithelial_Melanosis,1
abpath,Eye_Orbit::Conjunctiva::Melanocytic_Tumors::Benign::Blue_Nevus,1
abpath,Eye_Orbit::Conjunctiva::Melanocytic_Tumors::Benign::Combined_Nevus,1
abpath,Eye_Orbit::Conjunctiva::Melanocytic_Tumors::Benign::Conjunctival_Nevus::Compound_Nevus,1
abpath,Eye_Orbit::Conjunctiva::Melanocytic_Tumors::Benign::Conjunctival_Nevus::Junctional_Nevus,1
abpath,Eye_Orbit::Conjunctiva::Melanocytic_Tumors::Benign::Conjunctival_Nevus::Subepithelial_Nevus,1
abpath,Eye_Orbit::Conjunctiva::Melanocytic_Tumors::Benign::Inflamed_Juvenile_Conjunctival_Nevus,1
abpath,Eye_Orbit::Conjunctiva::Melanocytic_Tumors::Benign::WNT_Activated_Deep_Penetrating_Plexiform_Melanocytoma,1
abpath,Eye_Orbit::Conjunctiva::Melanocytic_Tumors::Premalignant_Malignant::Melanocytic_Intraepithelial_Lesion,1
abpath,Eye_Orbit::Conjunctiva::Melanocytic_Tumors::Premalignant_Malignant::Melanoma,1
abpath,Eye_Orbit::Conjunctiva::Reactive_Epithelial_Degenerative::Follicular_Conjunctivitis,1
abpath,Eye_Orbit::Conjunctiva::Reactive_Epithelial_Degenerative::Papillary_Conjunctivitis,1
abpath,Eye_Orbit::Conjunctiva::Reactive_Epithelial_Degenerative::Pingueculum,1
abpath,Eye_Orbit::Conjunctiva::Reactive_Epithelial_Degenerative::Pterygium,1
abpath,Eye_Orbit::Conjunctiva::Reactive_Epithelial_Degenerative::Reactive_Epithelial_Hyperplasia,1
abpath,Eye_Orbit::Eyelid::Choristoma::Phakomatous_Choristoma,1
abpath,Eye_Orbit::Eyelid::Melanocytic_Tumors::Benign_Premalignant::In_Situ_Cutaneous_Melanoma,1
abpath,Eye_Orbit::Eyelid::Melanocytic_Tumors::Benign_Premalignant::Nevus,1
abpath,Eye_Orbit::Eyelid::Melanocytic_Tumors::Benign_Premalignant::Spitz_Nevus,1
abpath,Eye_Orbit::Eyelid::Melanocytic_Tumors::Malignant::Invasive_Cutaneous_Melanoma,1
abpath,Eye_Orbit::Eyelid_Adnexal::Benign::Ductal_Hidrocystoma,1
abpath,Eye_Orbit::Eyelid_Adnexal::Benign::Mixed_Tumor,1
abpath,Eye_Orbit::Eyelid_Adnexal::Benign::Pilomatricoma,1
abpath,Eye_Orbit::Eyelid_Adnexal::Benign::Sebaceoma,1
abpath,Eye_Orbit::Eyelid_Adnexal::Benign::Sebaceous_Adenoma,1
abpath,Eye_Orbit::Eyelid_Adnexal::Benign::Sebaceous_Hyperplasia,1
abpath,Eye_Orbit::Eyelid_Adnexal::Benign::Syringocystadenoma_Papilliferum,1
abpath,Eye_Orbit::Eyelid_Adnexal::Benign::Syringoma,1
abpath,Eye_Orbit::Eyelid_Adnexal::Benign::Trichilemmoma,1
abpath,Eye_Orbit::Eyelid_Adnexal::Benign::Tubular_Adenoma,1
abpath,Eye_Orbit::Eyelid_Adnexal::Malignant::Adenoid_Cystic_Carcinoma,1
abpath,Eye_Orbit::Eyelid_Adnexal::Malignant::Apocrine_Carcinoma,1
abpath,Eye_Orbit::Eyelid_Adnexal::Malignant::Endocrine_Mucin_Producing_Sweat_Gland_Carcinoma,1
abpath,Eye_Orbit::Eyelid_Adnexal::Malignant::Microcystic_Adnexal_Carcinoma,1
abpath,Eye_Orbit::Eyelid_Adnexal::Malignant::Mucinous_Carcinoma,1
abpath,Eye_Orbit::Eyelid_Adnexal::Malignant::Sebaceous_Carcinoma,1
abpath,Eye_Orbit::Eyelid_Adnexal::Malignant::Signet_Ring_Cell_Histiocytoid_Carcinoma,1
abpath,Eye_Orbit::Eyelid_Cysts::Epidermal_Inclusion_Cyst,1
abpath,Eye_Orbit::Eyelid_Cysts::Intratarsal_Cyst,1
abpath,Eye_Orbit::Eyelid_Epithelial::Benign_Premalignant::Actinic_Keratosis,1
abpath,Eye_Orbit::Eyelid_Epithelial::Benign_Premalignant::Inverted_Follicular_Keratosis,1
abpath,Eye_Orbit::Eyelid_Epithelial::Benign_Premalignant::Molluscum_Contagiosum,1
abpath,Eye_Orbit::Eyelid_Epithelial::Benign_Premalignant::Seborrheic_Keratosis,1
abpath,Eye_Orbit::Eyelid_Epithelial::Benign_Premalignant::Squamous_Cell_Papilloma,1
abpath,Eye_Orbit::Eyelid_Epithelial::Benign_Premalignant::Verruca_Vulgaris,1
abpath,Eye_Orbit::Eyelid_Epithelial::Malignant::Basal_Cell_Carcinoma,1
abpath,Eye_Orbit::Eyelid_Epithelial::Malignant::Merkel_Cell_Carcinoma,1
abpath,Eye_Orbit::Eyelid_Epithelial::Malignant::Squamous_Cell_Carcinoma,1
abpath,Eye_Orbit::Genetics::BAP1_Tumor_Predisposition_Syndrome,1
abpath,Eye_Orbit::Genetics::Goldenhar_Syndrome,1
abpath,Eye_Orbit::Genetics::Muir_Torre_Syndrome,1
abpath,Eye_Orbit::Genetics::Neurofibromatosis_Type_1,1
abpath,Eye_Orbit::Genetics::Retinoblastoma_Syndrome,1
abpath,Eye_Orbit::Genetics::Sturge_Weber_Syndrome,1
abpath,Eye_Orbit::Genetics::Von_Hippel_Lindau_Syndrome,1
abpath,Eye_Orbit::Hematolymphoid::Histiocytic_Dendritic::Adult_Orbital_Xanthogranulomatous_Disease,1
abpath,Eye_Orbit::Hematolymphoid::Histiocytic_Dendritic::Erdheim_Chester_Disease,1
abpath,Eye_Orbit::Hematolymphoid::Histiocytic_Dendritic::Juvenile_Xanthogranuloma,1
abpath,Eye_Orbit::Hematolymphoid::Histiocytic_Dendritic::Langerhans_Cell_Tumors,1
abpath,Eye_Orbit::Hematolymphoid::Histiocytic_Dendritic::Rosai_Dorfman_Disease,1
abpath,Eye_Orbit::Hematolymphoid::Histiocytic_Dendritic::Xanthelasma,1
abpath,Eye_Orbit::Hematolymphoid::Lymphoma::Intraocular::Primary_Choroidal_Lymphoma,1
abpath,Eye_Orbit::Hematolymphoid::Lymphoma::Intraocular::Primary_Vitreoretinal_Large_B_Cell_Lymphoma,1
abpath,Eye_Orbit::Hematolymphoid::Lymphoma::Ocular_Adnexa::B_Cell::CLL_SLL,1
abpath,Eye_Orbit::Hematolymphoid::Lymphoma::Ocular_Adnexa::B_Cell::Diffuse_Large_B_Cell_Lymphoma,1
abpath,Eye_Orbit::Hematolymphoid::Lymphoma::Ocular_Adnexa::B_Cell::Extranodal_Marginal_Zone_Lymphoma,1
abpath,Eye_Orbit::Hematolymphoid::Lymphoma::Ocular_Adnexa::B_Cell::Follicular_Lymphoma,1
abpath,Eye_Orbit::Hematolymphoid::Lymphoma::Ocular_Adnexa::B_Cell::Mantle_Cell_Lymphoma,1
abpath,Eye_Orbit::Hematolymphoid::Lymphoma::Ocular_Adnexa::B_Cell::Plasmacytoma,1
abpath,Eye_Orbit::Hematolymphoid::Lymphoma::Ocular_Adnexa::T_NK::CD30_Positive_Lymphoproliferative_Disorder,1
abpath,Eye_Orbit::Hematolymphoid::Lymphoma::Ocular_Adnexa::T_NK::Extranodal_Mature_NK_T_Cell_Lymphoma,1
abpath,Eye_Orbit::Hematolymphoid::Lymphoma::Ocular_Adnexa::T_NK::T_Cell_Lymphoma_NOS,1
abpath,Eye_Orbit::Hematolymphoid::Myeloid::Extramedullary_Myeloid_Sarcoma,1
abpath,Eye_Orbit::Hematolymphoid::Myeloid::Myeloid_Sarcoma,1
abpath,Eye_Orbit::Hematolymphoid::Reactive::IgG4_Related_Disease,1
abpath,Eye_Orbit::Hematolymphoid::Reactive::Reactive_Lymphoid_Hyperplasia,1
abpath,Eye_Orbit::Lacrimal_Drainage_System::Melanocytic_Tumors::Melanoma,1
abpath,Eye_Orbit::Lacrimal_Epithelial::Benign_Premalignant::Intraductal_Carcinoma,1
abpath,Eye_Orbit::Lacrimal_Epithelial::Benign_Premalignant::Myoepithelioma,1
abpath,Eye_Orbit::Lacrimal_Epithelial::Benign_Premalignant::Oncocytoma,1
abpath,Eye_Orbit::Lacrimal_Epithelial::Benign_Premalignant::Papilloma_Inverted,1
abpath,Eye_Orbit::Lacrimal_Epithelial::Benign_Premalignant::Papilloma_Squamous,1
abpath,Eye_Orbit::Lacrimal_Epithelial::Benign_Premalignant::Pleomorphic_Adenoma,1
abpath,Eye_Orbit::Lacrimal_Epithelial::Malignant::Acinic_Cell_Carcinoma,1
abpath,Eye_Orbit::Lacrimal_Epithelial::Malignant::Adenocarcinoma_NOS,1
abpath,Eye_Orbit::Lacrimal_Epithelial::Malignant::Adenoid_Cystic_Carcinoma,1
abpath,Eye_Orbit::Lacrimal_Epithelial::Malignant::Carcinoma_Ex_Pleomorphic_Adenoma,1
abpath,Eye_Orbit::Lacrimal_Epithelial::Malignant::Epithelial_Myoepithelial_Carcinoma,1
abpath,Eye_Orbit::Lacrimal_Epithelial::Malignant::Lymphoepithelial_Carcinoma,1
abpath,Eye_Orbit::Lacrimal_Epithelial::Malignant::Mucoepidermoid_Carcinoma,1
abpath,Eye_Orbit::Lacrimal_Epithelial::Malignant::Other_Salivary_Gland_Type_Carcinomas,1
abpath,Eye_Orbit::Lacrimal_Epithelial::Malignant::Primary_Ductal_Adenocarcinoma,1
abpath,Eye_Orbit::Lacrimal_Epithelial::Malignant::Secretory_Carcinoma,1
abpath,Eye_Orbit::Lacrimal_Epithelial::Malignant::Squamous_Cell_Carcinoma,1
abpath,Eye_Orbit::Lacrimal_Gland::Cysts::Dacryops_Cyst,1
abpath,Eye_Orbit::Metastases::Intraocular,1
abpath,Eye_Orbit::Metastases::Ocular_Adnexa,1
abpath,Eye_Orbit::Optic_Disc_Optic_Nerve::Malformation::Optic_Nerve_Choristoma,1
abpath,Eye_Orbit::Optic_Disc_Optic_Nerve::Melanocytic_Tumors::Melanocytoma,1
abpath,Eye_Orbit::Optic_Disc_Optic_Nerve::Meningeal_Tumors::Optic_Nerve_Meningioma,1
abpath,Eye_Orbit::Optic_Disc_Optic_Nerve::Neural_Tumors::Optic_Nerve_Glioma,1
abpath,Eye_Orbit::Optic_Disc_Optic_Nerve::Pigment_Epithelial_Tumors::Medulloepithelioma,1
abpath,Eye_Orbit::Orbit::Cysts::Dermoid_Cyst,1
abpath,Eye_Orbit::Orbit::Cysts::Other_Orbital_Cyst_NOS,1
abpath,Eye_Orbit::Orbit::Germ_Cell_Tumors::Teratoma,1
abpath,Eye_Orbit::Orbit::Germ_Cell_Tumors::Yolk_Sac_Tumor,1
abpath,Eye_Orbit::Orbit::Hamartoma::Mesenchymal_Hamartoma,1
abpath,Eye_Orbit::Orbit::Hamartoma::Orbital_Glial_Heterotopia,1
abpath,Eye_Orbit::Orbit::Melanocytic_Tumors::Primary_Orbital_Melanoma,1
abpath,Eye_Orbit::Orbit::Vascular_Malformations::Arteriovenous_Malformation,1
abpath,Eye_Orbit::Orbit::Vascular_Malformations::Cavernous_Vascular_Malformation,1
abpath,Eye_Orbit::Orbit::Vascular_Malformations::Combined_Lymphatic_Venous_Malformation,1
abpath,Eye_Orbit::Orbit::Vascular_Malformations::Orbital_Venous_Malformation,1
abpath,Eye_Orbit::Retina_Neuroepithelium::Iris_Ciliary_Body_Pigment_Epithelium::Neoplastic::Adenocarcinoma_Of_Ciliary_Body,1
abpath,Eye_Orbit::Retina_Neuroepithelium::Iris_Ciliary_Body_Pigment_Epithelium::Neoplastic::Adenoma_Of_Ciliary_Body,1
abpath,Eye_Orbit::Retina_Neuroepithelium::Iris_Ciliary_Body_Pigment_Epithelium::Neoplastic::Medulloepithelioma_Ciliary_Body,1
abpath,Eye_Orbit::Retina_Neuroepithelium::Iris_Ciliary_Body_Pigment_Epithelium::Reactive_Cystic::Glioneuronal_Hamartoma_Ciliary_Body,1
abpath,Eye_Orbit::Retina_Neuroepithelium::Iris_Ciliary_Body_Pigment_Epithelium::Reactive_Cystic::Nodular_Hyperplasia_Ciliary_Epithelium,1
abpath,Eye_Orbit::Retina_Neuroepithelium::Iris_Ciliary_Body_Pigment_Epithelium::Reactive_Cystic::Reactive_Epithelial_Hyperplasia_Ciliary_Epithelium,1
abpath,Eye_Orbit::Retina_Neuroepithelium::Neurosensory_Retina::Benign::Astrocytic_Tumors,1
abpath,Eye_Orbit::Retina_Neuroepithelium::Neurosensory_Retina::Benign::Nodular_Massive_Retinal_Gliosis,1
abpath,Eye_Orbit::Retina_Neuroepithelium::Neurosensory_Retina::Premalignant_Malignant::Retinoblastoma,1
abpath,Eye_Orbit::Retina_Neuroepithelium::Neurosensory_Retina::Premalignant_Malignant::Retinocytoma,1
abpath,Eye_Orbit::Retina_Neuroepithelium::Retinal_Pigment_Epithelium::Neoplastic::Adenocarcinoma_Of_Retinal_Pigment_Epithelium,1
abpath,Eye_Orbit::Retina_Neuroepithelium::Retinal_Pigment_Epithelium::Neoplastic::Adenoma_Of_Retinal_Pigment_Epithelium,1
abpath,Eye_Orbit::Retina_Neuroepithelium::Retinal_Pigment_Epithelium::Reactive_Hamartomatous::Congenital_Hypertrophy_Of_Retinal_Pigment_Epithelium,1
abpath,Eye_Orbit::Retina_Neuroepithelium::Retinal_Pigment_Epithelium::Reactive_Hamartomatous::Hamartoma_Of_Retinal_Pigment_Epithelium,1
abpath,Eye_Orbit::Retina_Neuroepithelium::Retinal_Pigment_Epithelium::Reactive_Hamartomatous::Reactive_Hyperplasia_Of_Retinal_Pigment_Epithelium,1
abpath,Eye_Orbit::Soft_Tissue::Adipocytic::Benign_Lipomatous_Tumors,1
abpath,Eye_Orbit::Soft_Tissue::Adipocytic::Malignant_Adipocytic_Tumors,1
abpath,Eye_Orbit::Soft_Tissue::Fibrous_Fibroblastic::Angiomyxoma,1
abpath,Eye_Orbit::Soft_Tissue::Fibrous_Fibroblastic::Conjunctival_Stromal_Tumor_Ocular_Surface_Fibroma,1
abpath,Eye_Orbit::Soft_Tissue::Fibrous_Fibroblastic::Dermatofibrosarcoma_Protuberans,1
abpath,Eye_Orbit::Soft_Tissue::Fibrous_Fibroblastic::Fibrous_Histiocytoma,1
abpath,Eye_Orbit::Soft_Tissue::Fibrous_Fibroblastic::Inflammatory_Myofibroblastic_Tumor,1
abpath,Eye_Orbit::Soft_Tissue::Fibrous_Fibroblastic::Nodular_Fasciitis,1
abpath,Eye_Orbit::Soft_Tissue::Fibrous_Fibroblastic::Proliferative_Fasciitis,1
abpath,Eye_Orbit::Soft_Tissue::Fibrous_Fibroblastic::Proliferative_Myositis,1
abpath,Eye_Orbit::Soft_Tissue::Fibrous_Fibroblastic::Solitary_Fibrous_Tumor,1
abpath,Eye_Orbit::Soft_Tissue::Peripheral_Nerve_Sheath::Granular_Cell_Tumor,1
abpath,Eye_Orbit::Soft_Tissue::Peripheral_Nerve_Sheath::Malignant_Peripheral_Nerve_Sheath_Tumor,1
abpath,Eye_Orbit::Soft_Tissue::Peripheral_Nerve_Sheath::Neurofibroma,1
abpath,Eye_Orbit::Soft_Tissue::Peripheral_Nerve_Sheath::Schwannoma,1
abpath,Eye_Orbit::Soft_Tissue::Peripheral_Nerve_Sheath::Solitary_Circumscribed_Neuroma,1
abpath,Eye_Orbit::Soft_Tissue::Perivascular::Glomus_Tumor,1
abpath,Eye_Orbit::Soft_Tissue::Perivascular::Myopericytoma_Myofibroma,1
abpath,Eye_Orbit::Soft_Tissue::Skeletal_Muscle::Rhabdomyosarcoma_Family,1
abpath,Eye_Orbit::Soft_Tissue::Smooth_Muscle::Leiomyoma,1
abpath,Eye_Orbit::Soft_Tissue::Smooth_Muscle::Leiomyosarcoma,1
abpath,Eye_Orbit::Soft_Tissue::Smooth_Muscle::Mesectodermal_Leiomyoma,1
abpath,Eye_Orbit::Soft_Tissue::Uncertain_Derivation::Alveolar_Soft_Part_Sarcoma,1
abpath,Eye_Orbit::Soft_Tissue::Uncertain_Derivation::Epithelioid_Sarcoma,1
abpath,Eye_Orbit::Soft_Tissue::Uncertain_Derivation::PEComa,1
abpath,Eye_Orbit::Soft_Tissue::Uncertain_Derivation::Synovial_Sarcoma,1
abpath,Eye_Orbit::Soft_Tissue::Vascular::Angiosarcoma,1
abpath,Eye_Orbit::Soft_Tissue::Vascular::Epithelioid_Hemangioma,1
abpath,Eye_Orbit::Soft_Tissue::Vascular::Hemangioblastoma,1
abpath,Eye_Orbit::Soft_Tissue::Vascular::Infantile_Hemangioma,1
abpath,Eye_Orbit::Soft_Tissue::Vascular::Lobular_Capillary_Hemangioma,1
abpath,Eye_Orbit::Soft_Tissue::Vascular::Lymphangiectasia,1
abpath,Eye_Orbit::Soft_Tissue::Vascular::Masson_Tumor,1
abpath,Eye_Orbit::Uveal_Tract::Ciliary_Body_Choroid::Benign_Melanocytic::Bilateral_Diffuse_Uveal_Melanocytic_Proliferation,1
abpath,Eye_Orbit::Uveal_Tract::Ciliary_Body_Choroid::Benign_Melanocytic::Choroidal_Ciliary_Body_Nevus,1
abpath,Eye_Orbit::Uveal_Tract::Ciliary_Body_Choroid::Benign_Melanocytic::Uveal_Melanocytoma,1
abpath,Eye_Orbit::Uveal_Tract::Ciliary_Body_Choroid::Malignant_Melanocytic::Choroidal_Ciliary_Body_Melanoma,1
abpath,Eye_Orbit::Uveal_Tract::Iris::Benign_Hamartoma::Ectopic_Tissue,1
abpath,Eye_Orbit::Uveal_Tract::Iris::Benign_Hamartoma::Implantation_Cyst,1
abpath,Eye_Orbit::Uveal_Tract::Iris::Benign_Hamartoma::Lisch_Nodule,1
abpath,Eye_Orbit::Uveal_Tract::Iris::Benign_Hamartoma::Pigmented_Epithelial_Cyst,1
abpath,Eye_Orbit::Uveal_Tract::Iris::Melanocytic::Iris_Melanoma,1
abpath,Eye_Orbit::Uveal_Tract::Iris::Melanocytic::Iris_Nevus,1
abpath,Eye_Orbit::Uveal_Tract::Iris::Melanocytic::Ocular_Melanocytosis,1
abpath,GI::Anus::Inflammatory::Infectious::Anal_Infections_Other,1
abpath,GI::Anus::Neoplastic::Glandular::Anal_Adenocarcinoma,1
abpath,GI::Anus::Neoplastic::Neuroendocrine::Anal_Neuroendocrine_Neoplasm,1
abpath,GI::Anus::Neoplastic::Squamous::Anal_Squamous_Cell_Carcinoma_Overview,1
abpath,GI::Anus::Neoplastic::Squamous::Anal_Squamous_Intraepithelial_Neoplasia,1
abpath,GI::Appendix::Inflammatory::Acute::Appendiceal_Acute_Appendicitis_Suppurative_And_Gangrenous,1
abpath,GI::Appendix::Inflammatory::Acute::Appendiceal_Periappendicitis,1
abpath,GI::Appendix::Inflammatory::Chronic_Granulomatous::Appendiceal_Crohn_Disease,1
abpath,GI::Appendix::Inflammatory::Chronic_Granulomatous::Appendiceal_Granulomatous_Appendicitis_NOS,1
abpath,GI::Appendix::Inflammatory::Chronic_Granulomatous::Appendiceal_Yersinia_Infection,1
abpath,GI::Appendix::Inflammatory::Infectious::Appendiceal_Enterobius_Vermicularis_Pinworm,1
abpath,GI::Appendix::Inflammatory::Obstructive::Appendiceal_Fibrous_Obliteration_Neuroma,1
abpath,GI::Appendix::Neoplastic::Adenocarcinoma::Appendiceal_Adenocarcinoma_Intestinal_Type,1
abpath,GI::Appendix::Neoplastic::Adenocarcinoma::Appendiceal_Goblet_Cell_Adenocarcinoma,1
abpath,GI::Appendix::Neoplastic::Adenoma::Appendiceal_Conventional_Adenoma,1
abpath,GI::Appendix::Neoplastic::Mucinous::Appendiceal_High_Grade_Mucinous_Neoplasm_HAMN,1
abpath,GI::Appendix::Neoplastic::Mucinous::Appendiceal_Low_Grade_Mucinous_Neoplasm_LAMN,1
abpath,GI::Appendix::Neoplastic::Mucinous::Appendiceal_Mucinous_Adenocarcinoma_Invasive,1
abpath,GI::Appendix::Neoplastic::Mucinous::Appendiceal_Mucinous_Adenoma,1
abpath,GI::Appendix::Neoplastic::Mucinous::Appendiceal_Mucinous_Neoplasm_Overview,1
abpath,GI::Appendix::Neoplastic::Mucinous::Appendiceal_Pseudomyxoma_Peritonei,1
abpath,GI::Appendix::Neoplastic::Neuroendocrine::Appendiceal_Neuroendocrine_Tumor_Well_Differentiated,1
abpath,GI::Appendix::Neoplastic::Polyp::Appendiceal_Hyperplastic_Polyp,1
abpath,GI::Appendix::Neoplastic::Polyp::Appendiceal_Sessile_Serrated_Lesion,1
abpath,GI::Appendix::Normal_Histology::Normal_Anatomy,1
abpath,GI::Biliary::Inflammatory::Cholecystitis::Gallbladder_Cholelithiasis,1
abpath,GI::Biliary::Inflammatory::Obstructive::Large_Duct_Obstruction,1
abpath,GI::Biliary::Neoplastic::Carcinoma::Gallbladder_Carcinoma,1
abpath,GI::Biliary::Neoplastic::Neuroendocrine::Extrahepatic_Bile_Duct_Neuroendocrine_Neoplasm,1
abpath,GI::Biliary::Neoplastic::Neuroendocrine::Gallbladder_Neuroendocrine_Neoplasm,1
abpath,GI::Biliary::Neoplastic::Precursor::Biliary_Intraductal_Oncocytic_Papillary_Neoplasm,1
abpath,GI::Biliary::Neoplastic::Precursor::Biliary_Intraductal_Tubulopapillary_Neoplasm_ITPN,1
abpath,GI::Biliary::Neoplastic::Precursor::Biliary_Intraepithelial_Neoplasia_BilIN,1
abpath,GI::Colon::Congenital_Structural::Aganglionosis::Colonic_Hirschsprung_Disease,1
abpath,GI::Colon::Congenital_Structural::Structural::Colonic_Diverticular_Disease_Overview,1
abpath,GI::Colon::Congenital_Structural::Structural::Colonic_Solitary_Rectal_Ulcer_SyndROME_Prolapse,1
abpath,GI::Colon::Inflammatory::Injury::Colonic_Medication_Induced_Enterocolitis,1
abpath,GI::Colon::Neoplastic::Adenocarcinoma::Colonic_Adenocarcinoma_Arising_In_Adenoma,1
abpath,GI::Colon::Neoplastic::IBD_Associated::Colonic_Dysplasia_And_IBD_Related_Adenocarcinoma,1
abpath,GI::Colon::Neoplastic::Neuroendocrine::Colorectal_Neuroendocrine_Neoplasms_Overview,1
abpath,GI::Colon::Normal_Histology::Normal_Anatomy,1
abpath,GI::Colon::Polyp::Hamartoma::Juvenile_Polyp,1
abpath,GI::Colon::Polyp::Serrated::Colorectal_Hyperplastic_Polyp_Overview,1
abpath,GI::Esophagus::Congenital_Structural::Anomaly::Esophageal_Atresia_And_Fistula,1
abpath,GI::Esophagus::Congenital_Structural::Anomaly::Esophageal_Duplication_Cyst,1
abpath,GI::Esophagus::Congenital_Structural::Diverticulum::Esophageal_Zenker_Diverticulum,1
abpath,GI::Esophagus::Congenital_Structural::Malformation::Esophageal_Webs_And_Rings,1
abpath,GI::Esophagus::Congenital_Structural::Mechanical::Achalasia_Disorder,1
abpath,GI::Esophagus::Congenital_Structural::Mechanical::Esophageal_Tears_And_Perforations,1
abpath,GI::Esophagus::Congenital_Structural::Vascular::Esophageal_Varices,1
abpath,GI::Esophagus::Heterotopia::Esophageal_Gastric_Heterotopia_Inlet_Patch,1
abpath,GI::Esophagus::Heterotopia::Esophageal_Sebaceous_Heterotopia,1
abpath,GI::Esophagus::Inflammatory::Esophagitis::Esophageal_Eosinophilic_Esophagitis,1
abpath,GI::Esophagus::Inflammatory::Esophagitis::Esophageal_Esophagitis_Overview_NOS,1
abpath,GI::Esophagus::Inflammatory::Esophagitis::Esophageal_Lymphocytic_Esophagitis,1
abpath,GI::Esophagus::Inflammatory::Esophagitis::Esophageal_Reflux_Esophagitis_GERD,1
abpath,GI::Esophagus::Inflammatory::Esophagitis::Esophageal_Sloughing_Esophagitis_Dissecans,1
abpath,GI::Esophagus::Inflammatory::Infectious::Esophageal_Candida_Esophagitis,1
abpath,GI::Esophagus::Inflammatory::Infectious::Esophageal_Cytomegalovirus_Esophagitis,1
abpath,GI::Esophagus::Inflammatory::Infectious::Esophageal_Herpes_Simplex_Virus_Esophagitis,1
abpath,GI::Esophagus::Inflammatory::Infectious::HIV_Associated_Esophageal_Ulcers,1
abpath,GI::Esophagus::Inflammatory::Injury::Esophageal_Chemical_Corrosive_Esophagitis,1
abpath,GI::Esophagus::Inflammatory::Injury::Esophageal_Pill_Induced_Esophagitis,1
abpath,GI::Esophagus::Inflammatory::Injury::Esophageal_Radiation_Esophagitis,1
abpath,GI::Esophagus::Metaplastic::Barrett::Esophageal_Barrett_Mucosa_High_Grade_Dysplasia,1
abpath,GI::Esophagus::Metaplastic::Barrett::Esophageal_Barrett_Mucosa_Indefinite_For_Dysplasia,1
abpath,GI::Esophagus::Metaplastic::Barrett::Esophageal_Barrett_Mucosa_Low_Grade_Dysplasia,1
abpath,GI::Esophagus::Metaplastic::Barrett::Esophageal_Barrett_Mucosa_No_Dysplasia,1
abpath,GI::Esophagus::Metaplastic::Barrett::Esophageal_Barrett_Mucosa_Overview,1
abpath,GI::Esophagus::Metaplastic::Squamous::Esophageal_Epidermoid_Metaplasia,1
abpath,GI::Esophagus::Neoplastic::Adenocarcinoma::Esophageal_Adenocarcinoma_Conventional,1
abpath,GI::Esophagus::Neoplastic::Carcinoma::Esophageal_Undifferentiated_Carcinoma,1
abpath,GI::Esophagus::Neoplastic::Mesenchymal::Esophageal_Granular_Cell_Tumor,1
abpath,GI::Esophagus::Neoplastic::Mesenchymal::Esophageal_Liposarcoma_Giant_Fibrovascular_Polyp,1
abpath,GI::Esophagus::Neoplastic::Neuroendocrine::Esophageal_Neuroendocrine_Carcinoma_Small_Cell,1
abpath,GI::Esophagus::Neoplastic::Neuroendocrine::Esophageal_Neuroendocrine_Tumor_Well_Differentiated,1
abpath,GI::Esophagus::Neoplastic::Salivary_Type::Esophageal_Adenoid_Cystic_Carcinoma,1
abpath,GI::Esophagus::Neoplastic::Salivary_Type::Esophageal_Mucoepidermoid_Carcinoma,1
abpath,GI::Esophagus::Neoplastic::Squamous::Esophageal_Squamous_Cell_Carcinoma_Basaloid,1
abpath,GI::Esophagus::Neoplastic::Squamous::Esophageal_Squamous_Cell_Carcinoma_Conventional,1
abpath,GI::Esophagus::Neoplastic::Squamous::Esophageal_Squamous_Cell_Carcinoma_Overview,1
abpath,GI::Esophagus::Neoplastic::Squamous::Esophageal_Squamous_Cell_Carcinoma_Verrucous,1
abpath,GI::Esophagus::Neoplastic::Squamous::Esophageal_Squamous_Dysplasia,1
abpath,GI::Esophagus::Neoplastic::Squamous::Esophageal_Squamous_Papilloma,1
abpath,GI::Esophagus::Neoplastic::Squamous::Esophageal_Squamous_Papilloma_HPV_Associated,1
abpath,GI::Esophagus::Normal_Histology::Normal_Anatomy,1
abpath,GI::General::Neoplastic::Germ_Cell::Germ_Cell_Tumors_Digestive_System,1
abpath,GI::General::Neoplastic::Melanocytic::Mucosal_Melanoma_Digestive_System,1
abpath,GI::General::Neoplastic::Metastatic::Carcinoma_Of_Unknown_Primary_CUP,1
abpath,GI::General::Neoplastic::Metastatic::Metastases_To_Digestive_System_Sites,1
abpath,GI::General::Neoplastic::Metastatic::Metastatic_Nonappendiceal_Tumors,1
abpath,GI::General::Neoplastic::Neuroendocrine::Paraganglioma,1
abpath,GI::Hematolymphoid::B_Cell_Lymphoma::Burkitt_Lymphoma,1
abpath,GI::Hematolymphoid::B_Cell_Lymphoma::Follicular_Lymphoma,1
abpath,GI::Hematolymphoid::Mastocytosis::Systemic_Mastocytosis,1
abpath,GI::Hematolymphoid::Reactive::EBV_Positive_Mucocutaneous_Ulcer,1
abpath,GI::Hematolymphoid::T_Cell_Lymphoma::Indolent_NK_Cell_Lymphoproliferative_Disorder_GI_Tract,1
abpath,GI::Hematolymphoid::T_Cell_Lymphoma::Indolent_T_Cell_Lymphoma_GI_Tract,1
abpath,GI::Hematolymphoid::T_Cell_Lymphoma::Intestinal_T_Cell_Lymphoma_NOS,1
abpath,GI::Liver::Inflammatory::Autoimmune::Hepatic_Autoimmune_Hepatitis_Overlap_Syndromes,1
abpath,GI::Liver::Inflammatory::Infectious::Protozoal::Hepatic_Amebic_Abscess,1
abpath,GI::Liver::Inflammatory::Viral::Hepatic_EBV_CMV_HSV_Hepatitis,1
abpath,GI::Liver::Neoplastic::Benign_Biliary::Bile_Duct_Adenoma,1
abpath,GI::Liver::Neoplastic::Benign_Biliary::Biliary_Adenofibroma,1
abpath,GI::Liver::Neoplastic::Benign_Cystic::Hepatic_Simple_Cyst,1
abpath,GI::Liver::Neoplastic::Benign_Hepatocellular::Focal_Nodular_Hyperplasia,1
abpath,GI::Liver::Neoplastic::Cystic::Hepatic_Mucinous_Cystic_Neoplasm,1
abpath,GI::Liver::Neoplastic::Malignant::Undifferentiated_Primary_Liver_Carcinoma,1
abpath,GI::Liver::Neoplastic::Malignant_Biliary::Intrahepatic_Cholangiocarcinoma_Large_Duct,1
abpath,GI::Liver::Neoplastic::Malignant_Biliary::Intrahepatic_Cholangiocarcinoma_Small_Duct,1
abpath,GI::Liver::Neoplastic::Malignant_Mixed::Combined_Hepatocellular_Cholangiocarcinoma,1
abpath,GI::Liver::Neoplastic::Mesenchymal::Embryonal_Sarcoma,1
abpath,GI::Liver::Neoplastic::Mesenchymal::Hepatic_Mesenchymal_Hamartoma,1
abpath,GI::Liver::Neoplastic::Metastatic::Metastases_To_Liver,1
abpath,GI::Liver::Neoplastic::Mixed::Calcifying_Nested_Stromal_Epithelial_Tumor,1
abpath,GI::Liver::Neoplastic::Neuroendocrine::Hepatic_Neuroendocrine_Neoplasm,1
abpath,GI::Mesenchymal::Adipocytic::Lipoma,1
abpath,GI::Mesenchymal::Adipocytic::Liposarcoma,1
abpath,GI::Mesenchymal::Miscellaneous::Calcifying_Fibrous_Tumor,1
abpath,GI::Mesenchymal::Miscellaneous::Desmoid_Fibromatosis,1
abpath,GI::Mesenchymal::Miscellaneous::EBV_Positive_Inflammatory_Follicular_Dendritic_Cell_Sarcoma_Digestive_Tract,1
abpath,GI::Mesenchymal::Miscellaneous::NUT_Rearranged_Sarcoma,1
abpath,GI::Mesenchymal::Miscellaneous::Synovial_Sarcoma,1
abpath,GI::Mesenchymal::Miscellaneous::Undifferentiated_Sarcoma,1
abpath,GI::Mesenchymal::Neural::Ganglioneuroma,1
abpath,GI::Mesenchymal::Neural::Ganglioneuromatosis,1
abpath,GI::Mesenchymal::Neural::Microcystic_Reticular_Schwannoma,1
abpath,GI::Mesenchymal::Neural::Perineurioma,1
abpath,GI::Mesenchymal::Neural::Schwannoma,1
abpath,GI::Mesenchymal::Skeletal_Muscle::Rhabdomyosarcoma,1
abpath,GI::Mesenchymal::Smooth_Muscle::Smooth_Muscle_Tumors,1
abpath,GI::Mesenchymal::Spindle_Cell::GIST::SDH_Deficient_GIST,1
abpath,GI::Mesenchymal::Uncertain::PEComa,1
abpath,GI::Mesenchymal::Vascular::Angiosarcoma,1
abpath,GI::Mesenchymal::Vascular::Benign_Vascular_Anomalies_And_Vascular_Tumors,1
abpath,GI::Mesenchymal::Vascular::Epithelioid_Hemangioendothelioma,1
abpath,GI::Mesenchymal::Vascular::Kaposi_Sarcoma,1
abpath,GI::Pancreas::Inflammatory::Pancreatitis::Pancreatic_Pseudocyst,1
abpath,GI::Pancreas::Neoplastic::Blastemal::Pancreatoblastoma,1
abpath,GI::Pancreas::Neoplastic::Cystic::Pancreatic_Intraductal_Oncocytic_Papillary_Neoplasm_IOPN,1
abpath,GI::Pancreas::Neoplastic::Cystic::Pancreatic_Intraductal_Tubulopapillary_Neoplasm_ITPN,1
abpath,GI::Pancreas::Neoplastic::Cystic::Pancreatic_Mucinous_Cystic_Neoplasm,1
abpath,GI::Pancreas::Neoplastic::Cystic::Pancreatic_Simple_Mucinous_Cyst,1
abpath,GI::Pancreas::Neoplastic::Neuroendocrine::Pancreatic_MiNEN_Mixed_Neuroendocrine_Nonneuroendocrine_Neoplasm,1
abpath,GI::Pancreas::Neoplastic::Neuroendocrine::Pancreatic_NET::ACTH_Producing_NET,1
abpath,GI::Pancreas::Neoplastic::Neuroendocrine::Pancreatic_NET::Gastrinoma,1
abpath,GI::Pancreas::Neoplastic::Neuroendocrine::Pancreatic_NET::Glucagonoma,1
abpath,GI::Pancreas::Neoplastic::Neuroendocrine::Pancreatic_NET::Insulinoma,1
abpath,GI::Pancreas::Neoplastic::Neuroendocrine::Pancreatic_NET::Nonfunctioning_Pancreatic_NET,1
abpath,GI::Pancreas::Neoplastic::Neuroendocrine::Pancreatic_NET::Serotonin_Producing_NET,1
abpath,GI::Pancreas::Neoplastic::Neuroendocrine::Pancreatic_NET::Somatostatinoma,1
abpath,GI::Pancreas::Neoplastic::Neuroendocrine::Pancreatic_NET::VIPoma,1
abpath,GI::Pancreas::Neoplastic::Neuroendocrine::Pancreatic_Neuroendocrine_Carcinoma,1
abpath,GI::Pancreas::Neoplastic::Precursor::PanIN_Pancreatic_Intraepithelial_Neoplasia,1
abpath,GI::Small_Intestine::Congenital_Structural::Heterotopia::Small_Intestinal_Gastric_Heterotopia,1
abpath,GI::Small_Intestine::Congenital_Structural::Heterotopia::Small_Intestinal_Pancreatic_Heterotopia,1
abpath,GI::Small_Intestine::Congenital_Structural::Malformation::Small_Intestinal_Lymphangioma,1
abpath,GI::Small_Intestine::Congenital_Structural::Malformation::Small_Intestinal_Primary_Lymphangiectasia,1
abpath,GI::Small_Intestine::Congenital_Structural::Mechanical::Bacterial_Overgrowth_Stasis,1
abpath,GI::Small_Intestine::Congenital_Structural::Mechanical::Microvillus_Inclusion_Disease,1
abpath,GI::Small_Intestine::Congenital_Structural::Structural::Small_Intestinal_Duplication_Cyst,1
abpath,GI::Small_Intestine::Congenital_Structural::Structural::Small_Intestinal_Meckel_Diverticulum,1
abpath,GI::Small_Intestine::Infectious::Bacterial::Small_Intestinal_Mycobacterium_Avium_Complex,1
abpath,GI::Small_Intestine::Infectious::Bacterial::Small_Intestinal_Mycobacterium_Tuberculosis,1
abpath,GI::Small_Intestine::Infectious::Bacterial::Small_Intestinal_Whipple_Disease,1
abpath,GI::Small_Intestine::Infectious::Bacterial::Small_Intestinal_Yersinia,1
abpath,GI::Small_Intestine::Infectious::Parasitic::Small_Intestinal_Strongyloides,1
abpath,GI::Small_Intestine::Infectious::Protozoal::Small_Intestinal_Cryptosporidiosis,1
abpath,GI::Small_Intestine::Infectious::Protozoal::Small_Intestinal_Cyclosporiasis,1
abpath,GI::Small_Intestine::Infectious::Protozoal::Small_Intestinal_Cystoisosporiasis_Isosporiasis,1
abpath,GI::Small_Intestine::Infectious::Protozoal::Small_Intestinal_Giardiasis,1
abpath,GI::Small_Intestine::Infectious::Protozoal::Small_Intestinal_Microsporidiosis,1
abpath,GI::Small_Intestine::Inflammatory::Acute::Small_Intestinal_Necrotizing_Enterocolitis,1
abpath,GI::Small_Intestine::Inflammatory::Acute::Small_Intestinal_Pouchitis,1
abpath,GI::Small_Intestine::Inflammatory::IBD::Small_Intestinal_Crohn_Disease,1
abpath,GI::Small_Intestine::Inflammatory::Injury::Small_Intestinal_Drug_Induced_Enteropathy_Olmesartan,1
abpath,GI::Small_Intestine::Inflammatory::Injury::Small_Intestinal_Ischemic_Enteritis,1
abpath,GI::Small_Intestine::Inflammatory::Injury::Small_Intestinal_Peptic_Duodenitis,1
abpath,GI::Small_Intestine::Inflammatory::Malabsorption::Small_Intestinal_Autoimmune_Enteropathy,1
abpath,GI::Small_Intestine::Inflammatory::Malabsorption::Small_Intestinal_CVID_Enteropathy,1
abpath,GI::Small_Intestine::Inflammatory::Malabsorption::Small_Intestinal_Celiac_Disease,1
abpath,GI::Small_Intestine::Inflammatory::Malabsorption::Small_Intestinal_Tropical_Sprue,1
abpath,GI::Small_Intestine::Neoplastic::Adenocarcinoma::Ampullary_Adenocarcinoma_Intestinal_Type,1
abpath,GI::Small_Intestine::Neoplastic::Adenocarcinoma::Ampullary_Adenocarcinoma_Pancreatobiliary_Type,1
abpath,GI::Small_Intestine::Neoplastic::Adenocarcinoma::Duodenal_Non_Ampullary_Adenocarcinoma,1
abpath,GI::Small_Intestine::Neoplastic::Adenocarcinoma::Small_Intestinal_Adenocarcinoma_Conventional,1
abpath,GI::Small_Intestine::Neoplastic::Adenoma::Ampullary_Tubular_Adenoma,1
abpath,GI::Small_Intestine::Neoplastic::Adenoma::Duodenal_Non_Ampullary_Adenoma,1
abpath,GI::Small_Intestine::Neoplastic::Adenoma::Small_Intestinal_Tubular_Adenoma,1
abpath,GI::Small_Intestine::Neoplastic::Mesenchymal::Small_Intestinal_Clear_Cell_Sarcoma_Like_Tumor,1
abpath,GI::Small_Intestine::Neoplastic::Neuroendocrine::Ampullary_Gangliocytic_Paraganglioma,1
abpath,GI::Small_Intestine::Neoplastic::Neuroendocrine::Small_Intestinal_Neuroendocrine_Carcinoma_High_Grade,1
abpath,GI::Small_Intestine::Neoplastic::Neuroendocrine::Small_Intestinal_Neuroendocrine_Tumor_Well_Differentiated,1
abpath,GI::Small_Intestine::Normal_Histology::Normal_Anatomy,1
abpath,GI::Small_Intestine::Polyp::Hamartoma::Small_Intestinal_Brunner_Gland_Hamartoma,1
abpath,GI::Small_Intestine::Polyp::Hamartoma::Small_Intestinal_Juvenile_Type_Polyp,1
abpath,GI::Small_Intestine::Polyp::Hamartoma::Small_Intestinal_Peutz_Jeghers_Type_Polyp,1
abpath,GI::Stomach::Congenital_Structural::Heterotopia::Gastric_Pancreatic_Heterotopia,1
abpath,GI::Stomach::Congenital_Structural::Structural::Gastric_Diverticulum,1
abpath,GI::Stomach::Congenital_Structural::Structural::Gastric_Pyloric_Stenosis,1
abpath,GI::Stomach::Congenital_Structural::Structural::Gastric_Volvulus_Ischemic_Change,1
abpath,GI::Stomach::Depositional_Metabolic::Gastric_Iron_Pill_Induced_Gastropathy,1
abpath,GI::Stomach::Depositional_Metabolic::Gastric_Mucosal_Calcinosis,1
abpath,GI::Stomach::Depositional_Metabolic::Gastric_Xanthoma,1
abpath,GI::Stomach::Gastropathy::Hypertrophic::Gastric_Menetrier_Disease,1
abpath,GI::Stomach::Gastropathy::Hypertrophic::Gastric_Zollinger_Ellison_Syndrome,1
abpath,GI::Stomach::Gastropathy::Reactive::Gastric_Carditis,1
abpath,GI::Stomach::Gastropathy::Reactive::Gastric_Proton_Pump_Inhibitor_Effect,1
abpath,GI::Stomach::Gastropathy::Reactive::Gastric_Reactive_Gastropathy_Chemical,1
abpath,GI::Stomach::Gastropathy::Vascular::Gastric_Antral_Vascular_Ectasia_GAVE,1
abpath,GI::Stomach::Gastropathy::Vascular::Gastric_Dieulafoy_Lesion,1
abpath,GI::Stomach::Gastropathy::Vascular::Gastric_Portal_Hypertensive_Gastropathy,1
abpath,GI::Stomach::Inflammatory::Gastritis::Gastric_Acute_Hemorrhagic_Gastritis,1
abpath,GI::Stomach::Inflammatory::Gastritis::Gastric_Autoimmune_Metaplastic_Atrophic_Gastritis_AMAG,1
abpath,GI::Stomach::Inflammatory::Gastritis::Gastric_Chronic_Helicobacter_Pylori_Gastritis,1
abpath,GI::Stomach::Inflammatory::Gastritis::Gastric_Collagenous_Gastritis,1
abpath,GI::Stomach::Inflammatory::Gastritis::Gastric_Eosinophilic_Gastritis,1
abpath,GI::Stomach::Inflammatory::Gastritis::Gastric_Focally_Enhanced_Gastritis,1
abpath,GI::Stomach::Inflammatory::Gastritis::Gastric_Gastritis_Overview_NOS,1
abpath,GI::Stomach::Inflammatory::Gastritis::Gastric_Granulomatous_Gastritis,1
abpath,GI::Stomach::Inflammatory::Gastritis::Gastric_Helicobacter_Heilmannii_Gastritis,1
abpath,GI::Stomach::Inflammatory::Gastritis::Gastric_Lymphocytic_Gastritis_Celiac_Associated,1
abpath,GI::Stomach::Inflammatory::Gastritis::Gastric_Multifocal_Atrophic_Gastritis,1
abpath,GI::Stomach::Inflammatory::Gastritis::Gastric_Phlegmonous_Gastritis,1
abpath,GI::Stomach::Inflammatory::Ulcerative::Gastric_Ulcers,1
abpath,GI::Stomach::Neoplastic::Adenocarcinoma::Gastric_Adenocarcinoma_Diffuse_Signet_Ring_Type,1
abpath,GI::Stomach::Neoplastic::Adenocarcinoma::Gastric_Adenocarcinoma_Hepatoid_Variant,1
abpath,GI::Stomach::Neoplastic::Adenocarcinoma::Gastric_Adenocarcinoma_Intestinal_Type,1
abpath,GI::Stomach::Neoplastic::Adenocarcinoma::Gastric_Adenocarcinoma_Micropapillary_Variant,1
abpath,GI::Stomach::Neoplastic::Adenocarcinoma::Gastric_Adenocarcinoma_Overview_Molecular_Classification,1
abpath,GI::Stomach::Neoplastic::Adenocarcinoma::Gastric_Carcinoma_With_Lymphoid_Stroma_EBV,1
abpath,GI::Stomach::Neoplastic::Adenocarcinoma::Gastric_Gastroblastoma,1
abpath,GI::Stomach::Neoplastic::Carcinoma::Gastric_Adenosquamous_Carcinoma,1
abpath,GI::Stomach::Neoplastic::Carcinoma::Gastric_Squamous_Cell_Carcinoma,1
abpath,GI::Stomach::Neoplastic::Carcinoma::Gastric_Undifferentiated_Carcinoma,1
abpath,GI::Stomach::Neoplastic::Mesenchymal::Gastric_GIST_Spindle_And_Epithelioid,1
abpath,GI::Stomach::Neoplastic::Mesenchymal::Gastric_Glomus_Tumor,1
abpath,GI::Stomach::Neoplastic::Mesenchymal::Gastric_Plexiform_Fibromyxoma,1
abpath,GI::Stomach::Neoplastic::Neuroendocrine::Gastric_Neuroendocrine_Carcinoma_High_Grade,1
abpath,GI::Stomach::Neoplastic::Neuroendocrine::Gastric_Neuroendocrine_Tumor_Type_1_Autoimmune,1
abpath,GI::Stomach::Neoplastic::Neuroendocrine::Gastric_Neuroendocrine_Tumor_Type_2_MEN1,1
abpath,GI::Stomach::Neoplastic::Neuroendocrine::Gastric_Neuroendocrine_Tumor_Type_3_Sporadic,1
abpath,GI::Stomach::Neoplastic::Precursor::Gastric_Dysplasia,1
abpath,GI::Stomach::Normal_Histology::Normal_Anatomy,1
abpath,GI::Stomach::Polyp::Adenoma::Gastric_Adenoma_With_Dysplasia_NOS,1
abpath,GI::Stomach::Polyp::Adenoma::Gastric_Foveolar_Adenoma,1
abpath,GI::Stomach::Polyp::Adenoma::Gastric_Intestinal_Type_Adenoma,1
abpath,GI::Stomach::Polyp::Adenoma::Gastric_Oxyntic_Gland_Adenoma,1
abpath,GI::Stomach::Polyp::Adenoma::Gastric_Pyloric_Gland_Adenoma,1
abpath,GI::Stomach::Polyp::Epithelial::Gastric_Fundic_Gland_Polyp,1
abpath,GI::Stomach::Polyp::Epithelial::Gastric_Hyperplastic_Polyp,1
abpath,GI::Stomach::Polyp::Hamartoma::Gastric_Juvenile_Type_Polyp,1
abpath,GI::Stomach::Polyp::Hamartoma::Gastric_Peutz_Jeghers_Type_Polyp,1
abpath,GI::Stomach::Polyp::Reactive::Gastric_Inflammatory_Fibroid_Polyp_Vanek,1
abpath,GI::Syndrome::Cancer_Predisposition::Hereditary_Colorectal::Lynch_Syndrome,1
abpath,GI::Syndrome::Cancer_Predisposition::Hereditary_Pancreatic::Hereditary_Familial_Pancreatic_Cancer,1
abpath,GI::Syndrome::Cancer_Predisposition::MMR::Constitutional_Mismatch_Repair_Deficiency_CMMRD,1
abpath,GI::Syndrome::Cancer_Predisposition::NF1::Neurofibromatosis_Type_1,1
abpath,GI::Syndrome::Polyposis::Adenomatous::AXIN2_Associated_Polyposis,1
abpath,GI::Syndrome::Polyposis::Adenomatous::Familial_Adenomatous_Polyposis_APC,1
abpath,GI::Syndrome::Polyposis::Adenomatous::MSH3_Associated_Polyposis,1
abpath,GI::Syndrome::Polyposis::Adenomatous::MUTYH_Associated_Polyposis_MUTYH,1
abpath,GI::Syndrome::Polyposis::Adenomatous::NTHL1_Associated_Polyposis,1
abpath,GI::Syndrome::Polyposis::Adenomatous::Polymerase_Proofreading_Associated_Polyposis_POLE_POLD1,1
abpath,GI::Syndrome::Polyposis::Hamartomatous::Juvenile_Polyposis_Syndrome,1
abpath,GI::Syndrome::Polyposis::Mixed::Hereditary_Mixed_Polyposis_Syndrome_GREM1,1
abpath,GI::Syndrome::Polyposis::Serrated::Serrated_Polyposis,1
abpath,GU::Bladder::Congenital_Developmental::Diverticula,1
abpath,GU::Bladder::Glandular_Neoplasms::Adenocarcinoma_Non_Urachal,1
abpath,GU::Bladder::Glandular_Neoplasms::Clear_Cell_Carcinoma,1
abpath,GU::Bladder::Glandular_Neoplasms::Urachal_Carcinoma,1
abpath,GU::Bladder::Glandular_Neoplasms::Villous_Adenoma,1
abpath,GU::Bladder::Histology_&_Anatomy::Histology_&_Anatomy_of_Urinary_Bladder,1
abpath,GU::Bladder::Histology_&_Anatomy::Normal_Bladder_Anatomy,1
abpath,GU::Bladder::Histology_&_Anatomy::Von_Brunn_Nests,1
abpath,GU::Bladder::Infectious::Schistosomiasis,1
abpath,GU::Bladder::Inflammatory::Iatrogenic::BCG_Effects,1
abpath,GU::Bladder::Inflammatory::Polyp::Urethral_Polyp,1
abpath,GU::Bladder::Mesenchymal::Angiosarcoma,1
abpath,GU::Bladder::Mesenchymal::Fibroepithelial_Polyp,1
abpath,GU::Bladder::Mesenchymal::Inflammatory_Myofibroblastic_Tumor,1
abpath,GU::Bladder::Mesenchymal::Leiomyoma,1
abpath,GU::Bladder::Mesenchymal::Leiomyosarcoma,1
abpath,GU::Bladder::Mesenchymal::Myopericytoma,1
abpath,GU::Bladder::Mesenchymal::PEComa,1
abpath,GU::Bladder::Mesenchymal::Rhabdomyosarcoma,1
abpath,GU::Bladder::Mesenchymal::Solitary_Fibrous_Tumor,1
abpath,GU::Bladder::Neuroendocrine::Paraganglioma,1
abpath,GU::Bladder::Neuroendocrine::Small_Cell_Neuroendocrine_Carcinoma,1
abpath,GU::Bladder::Neuroendocrine::Well_Differentiated_Neuroendocrine_Tumor,1
abpath,GU::Bladder::Non_Neoplastic::Amyloidosis,1
abpath,GU::Bladder::Non_Neoplastic::Cystitis_Cystica,1
abpath,GU::Bladder::Non_Neoplastic::Cystitis_Glandularis,1
abpath,GU::Bladder::Non_Neoplastic::Emphysematous_Cystitis,1
abpath,GU::Bladder::Non_Neoplastic::Encrusted_Cystitis_Pyelitis,1
abpath,GU::Bladder::Non_Neoplastic::Eosinophilic_Cystitis,1
abpath,GU::Bladder::Non_Neoplastic::Follicular_Cystitis,1
abpath,GU::Bladder::Non_Neoplastic::Keratinizing_Squamous_Metaplasia,1
abpath,GU::Bladder::Non_Neoplastic::Malakoplakia,1
abpath,GU::Bladder::Non_Neoplastic::Mullerian_Lesions,1
abpath,GU::Bladder::Non_Neoplastic::Nephrogenic_Adenoma,1
abpath,GU::Bladder::Non_Neoplastic::Nephrogenic_Metaplasia,1
abpath,GU::Bladder::Non_Neoplastic::Polypoid_Cystitis,1
abpath,GU::Bladder::Non_Neoplastic::Pseudocarcinomatous_Hyperplasia,1
abpath,GU::Bladder::Non_Neoplastic::Radiation_Cystitis,1
abpath,GU::Bladder::Non_Neoplastic::Urachal_Remnant,1
abpath,GU::Bladder::Other::Diverticular_Carcinoma,1
abpath,GU::Bladder::Other::Metastasis_to_the_Urinary_Tract,1
abpath,GU::Bladder::Physiologic_Trauma::Radiation_Changes,1
abpath,GU::Bladder::Squamous_Neoplasms::Squamous_Cell_Carcinoma,1
abpath,GU::Bladder::Squamous_Neoplasms::Verrucous_Carcinoma,1
abpath,GU::Bladder::Urothelial::Adenocarcinoma_NOS,1
abpath,GU::Bladder::Urothelial::Atypical_Urothelial_Proliferation,1
abpath,GU::Bladder::Urothelial::Flat_Urothelial_Lesions,1
abpath,GU::Bladder::Urothelial::High_Grade_Papillary_Urothelial_Carcinoma,1
abpath,GU::Bladder::Urothelial::Invasive_Urothelial_Carcinoma,1
abpath,GU::Bladder::Urothelial::Inverted_Urothelial_Papilloma,1
abpath,GU::Bladder::Urothelial::Low_Grade_Papillary_Urothelial_Carcinoma,1
abpath,GU::Bladder::Urothelial::Non_Invasive_Papillary_Urothelial_Carcinoma,1
abpath,GU::Bladder::Urothelial::Papillary_Urothelial_Hyperplasia,1
abpath,GU::Bladder::Urothelial::Papillary_Urothelial_Neoplasm_of_Low_Malignant_Potential,1
abpath,GU::Bladder::Urothelial::Urothelial_Carcinoma_In_Situ,1
abpath,GU::Bladder::Urothelial::Urothelial_Papilloma,1
abpath,GU::Bladder::Urothelial::Urothelial_Proliferation_of_Uncertain_Malignant_Potential,1
abpath,GU::Kidney::Additional_Topics::Tissue_Processing_of_Renal_Biopsies,1
abpath,GU::Kidney::Histology_&_Anatomy::Histology_&_Anatomy_of_Kidney,1
abpath,GU::Kidney::Infectious::Renal_Tuberculosis,1
abpath,GU::Kidney::Inflammatory::Infectious::Pyelonephritis,1
abpath,GU::Kidney::Medical_Kidney_Disease::End_Stage_Renal_Disease,1
abpath,GU::Kidney::Medical_Kidney_Disease::Glomerular::Acellular_Closure::Amyloidosis,1
abpath,GU::Kidney::Medical_Kidney_Disease::Glomerular::Acellular_Closure::Cryoglobulinemic_Glomerulonephritis,1
abpath,GU::Kidney::Medical_Kidney_Disease::Glomerular::Acellular_Closure::Fibrillary_Glomerulonephritis,1
abpath,GU::Kidney::Medical_Kidney_Disease::Glomerular::Acellular_Closure::Thrombotic_Microangiopathy,1
abpath,GU::Kidney::Medical_Kidney_Disease::Glomerular::Immune_Complex::Lupus_Nephritis,1
abpath,GU::Kidney::Medical_Kidney_Disease::Glomerular::Isolated_Hematuria::Alport_Syndrome,1
abpath,GU::Kidney::Medical_Kidney_Disease::Glomerular::Isolated_Hematuria::Henoch_Schonlein_Purpura_IgA_Vasculitis,1
abpath,GU::Kidney::Medical_Kidney_Disease::Glomerular::Isolated_Hematuria::IgA_Nephropathy,1
abpath,GU::Kidney::Medical_Kidney_Disease::Glomerular::Isolated_Hematuria::Thin_Basement_Membrane_Disease,1
abpath,GU::Kidney::Medical_Kidney_Disease::Glomerular::Monoclonal_Gammopathy_Associated_Renal_Disease,1
abpath,GU::Kidney::Medical_Kidney_Disease::Glomerular::Nonproliferative::Diabetic_Nephropathy,1
abpath,GU::Kidney::Medical_Kidney_Disease::Glomerular::Nonproliferative::Focal_Segmental_Glomerulosclerosis,1
abpath,GU::Kidney::Medical_Kidney_Disease::Glomerular::Nonproliferative::Membranous_Nephropathy,1
abpath,GU::Kidney::Medical_Kidney_Disease::Glomerular::Nonproliferative::Minimal_Change_Disease,1
abpath,GU::Kidney::Medical_Kidney_Disease::Glomerular::Proliferative::Acute_Diffuse_Intracapillary_Proliferative_Glomerulonephritis,1
abpath,GU::Kidney::Medical_Kidney_Disease::Glomerular::Proliferative::Crescentic_Extracapillary_Proliferative_Glomerulonephritis,1
abpath,GU::Kidney::Medical_Kidney_Disease::Glomerular::Proliferative::Membranoproliferative_Glomerulonephritis,1
abpath,GU::Kidney::Medical_Kidney_Disease::Tubulointerstitial::Acute_Tubular_Necrosis,1
abpath,GU::Kidney::Medical_Kidney_Disease::Tubulointerstitial::Interstitial_Nephritis,1
abpath,GU::Kidney::Medical_Kidney_Disease::Vascular::Arterial_Arteriolar_Nephrosclerosis,1
abpath,GU::Kidney::Medical_Kidney_Disease::Vascular::Renal_Artery_Stenosis,1
abpath,GU::Kidney::Medical_Kidney_Disease::Vascular::Renal_Atheroembolic_Disease,1
abpath,GU::Kidney::Medical_Kidney_Disease::Vascular::Renal_Vasculitis,1
abpath,GU::Kidney::Mesenchymal::Angiomyolipoma,1
abpath,GU::Kidney::Mesenchymal::Clear_Cell_Sarcoma_of_the_Kidney,1
abpath,GU::Kidney::Mesenchymal::Epithelioid_Angiomyolipoma,1
abpath,GU::Kidney::Mesenchymal::Ewing_Sarcoma,1
abpath,GU::Kidney::Mesenchymal::Glomus_Tumor,1
abpath,GU::Kidney::Mesenchymal::Juxtaglomerular_Cell_Tumor,1
abpath,GU::Kidney::Mesenchymal::Leiomyosarcoma,1
abpath,GU::Kidney::Mesenchymal::Renal_Hemangioblastoma,1
abpath,GU::Kidney::Mesenchymal::Renomedullary_Interstitial_Cell_Tumor,1
abpath,GU::Kidney::Mesenchymal::Synovial_Sarcoma,1
abpath,GU::Kidney::Metanephric::Cystic_Nephroma,1
abpath,GU::Kidney::Metanephric::Metanephric_Adenofibroma,1
abpath,GU::Kidney::Metanephric::Metanephric_Adenoma,1
abpath,GU::Kidney::Metanephric::Metanephric_Stromal_Tumor,1
abpath,GU::Kidney::Metanephric::Mixed_Epithelial_and_Stromal_Tumor,1
abpath,GU::Kidney::Nephroblastic_Nephrogenic::Congenital_Mesoblastic_Nephroma,1
abpath,GU::Kidney::Nephroblastic_Nephrogenic::Cystic_Partially_Differentiated_Nephroblastoma,1
abpath,GU::Kidney::Nephroblastic_Nephrogenic::Nephroblastoma_Wilms_Tumor,1
abpath,GU::Kidney::Nephroblastic_Nephrogenic::Nephrogenic_Rests,1
abpath,GU::Kidney::Neuroendocrine::Well_Differentiated_Neuroendocrine_Tumor,1
abpath,GU::Kidney::Non_Neoplastic::Renal_Malakoplakia,1
abpath,GU::Kidney::Non_Neoplastic::Xanthogranulomatous_Pyelonephritis,1
abpath,GU::Kidney::Other::Germ_Cell_Tumors_of_the_Kidney,1
abpath,GU::Kidney::Other::Metastasis_to_the_Kidney,1
abpath,GU::Kidney::Other::Ossifying_Renal_Tumor_of_Infancy,1
abpath,GU::Kidney::Other::Rhabdoid_Tumor_of_the_Kidney,1
abpath,GU::Kidney::Renal_cell::ALK_Rearranged_Renal_Cell_Carcinoma,1
abpath,GU::Kidney::Renal_cell::Acquired_Cystic_Disease_Associated_RCC,1
abpath,GU::Kidney::Renal_cell::Chromophobe_Renal_Cell_Carcinoma,1
abpath,GU::Kidney::Renal_cell::Clear_Cell_Papillary_Renal_Cell_Tumor,1
abpath,GU::Kidney::Renal_cell::Clear_Cell_RCC,1
abpath,GU::Kidney::Renal_cell::Collecting_Duct_Carcinoma,1
abpath,GU::Kidney::Renal_cell::ELOC_TCEB1_Mutated_Renal_Cell_Carcinoma,1
abpath,GU::Kidney::Renal_cell::Eosinophilic_Solid_and_Cystic_RCC,1
abpath,GU::Kidney::Renal_cell::Eosinophilic_Vacuolated_Tumor_of_the_Kidney,1
abpath,GU::Kidney::Renal_cell::Fumarate_Hydratase_Deficient_Renal_Cell_Carcinoma,1
abpath,GU::Kidney::Renal_cell::Medullary_RCC,1
abpath,GU::Kidney::Renal_cell::Mucinous_Tubular_and_Spindle_Cell_Carcinoma,1
abpath,GU::Kidney::Renal_cell::Multilocular_Cystic_Renal_Neoplasm_of_Low_Malignant_Potential,1
abpath,GU::Kidney::Renal_cell::Oncocytoma_of_the_Kidney,1
abpath,GU::Kidney::Renal_cell::Other_Oncocytic_Tumors_of_the_Kidney,1
abpath,GU::Kidney::Renal_cell::Papillary_RCC,1
abpath,GU::Kidney::Renal_cell::Renal_Cell_Carcinoma_NOS,1
abpath,GU::Kidney::Renal_cell::Renal_Papillary_Adenoma,1
abpath,GU::Kidney::Renal_cell::SDH_Deficient_Renal_Cell_Carcinoma,1
abpath,GU::Kidney::Renal_cell::Thyroid_Like_Follicular_Carcinoma_of_the_Kidney,1
abpath,GU::Kidney::Renal_cell::Tubulocystic_RCC,1
abpath,GU::Kidney::Renal_cell::Xp11_Translocation_Renal_Cell_Carcinoma,1
abpath,GU::Kidney::Renal_cell::t_6_11_Renal_Cell_Carcinoma,1
abpath,GU::Kidney::Transplant::Donor_Assessment,1
abpath,GU::Kidney::Transplant::Rejection,1
abpath,GU::Other::Histology_&_Anatomy::Histology_&_Anatomy_of_Male_Urethra,1
abpath,GU::Other::Melanocytic_Neoplasms::Mucosal_Melanoma,1
abpath,GU::Other::Urethra::Carcinoma_of_Urethra,1
abpath,GU::Other::Urethra::Inflammatory_Lesions_of_Urethra,1
abpath,GU::Penis::Benign::Condyloma,1
abpath,GU::Penis::Histology_&_Anatomy::Histology_&_Anatomy_of_Penis_&_Scrotum,1
abpath,GU::Penis::Mesenchymal::Kaposi_Sarcoma,1
abpath,GU::Penis::Mesenchymal::Myointimoma,1
abpath,GU::Penis::Non_Neoplastic::Lichen_Sclerosus,1
abpath,GU::Penis::Non_Neoplastic::Lipogranuloma,1
abpath,GU::Penis::Non_Neoplastic::Scrotal_Calcinosis,1
abpath,GU::Penis::Non_Neoplastic::Squamous_Hyperplasia,1
abpath,GU::Penis::Other::Extramammary_Paget_Disease,1
abpath,GU::Penis::Other::Paget_Disease,1
abpath,GU::Penis::Precursor_Lesions::Bowenoid_Papulosis,1
abpath,GU::Penis::Precursor_Lesions::Penile_Intraepithelial_Neoplasia_PeIN,1
abpath,GU::Penis::Squamous_Neoplasms::Basaloid_Squamous_Cell_Carcinoma,1
abpath,GU::Penis::Squamous_Neoplasms::Clear_Cell_Carcinoma,1
abpath,GU::Penis::Squamous_Neoplasms::Cuniculatum_Squamous_Cell_Carcinoma,1
abpath,GU::Penis::Squamous_Neoplasms::Mixed_Squamous_Cell_Carcinoma,1
abpath,GU::Penis::Squamous_Neoplasms::Papillary_Squamous_Cell_Carcinoma,1
abpath,GU::Penis::Squamous_Neoplasms::Pseudoglandular_Squamous_Cell_Carcinoma,1
abpath,GU::Penis::Squamous_Neoplasms::Pseudohyperplastic_Squamous_Cell_Carcinoma,1
abpath,GU::Penis::Squamous_Neoplasms::Sarcomatoid_Squamous_Cell_Carcinoma,1
abpath,GU::Penis::Squamous_Neoplasms::Squamous_Cell_Carcinoma_Usual_Type,1
abpath,GU::Penis::Squamous_Neoplasms::Verrucous_Carcinoma,1
abpath,GU::Penis::Squamous_Neoplasms::Warty_Basaloid_Squamous_Cell_Carcinoma,1
abpath,GU::Penis::Squamous_Neoplasms::Warty_Condylomatous_Squamous_Cell_Carcinoma,1
abpath,GU::Prostate::Additional_Topics::Extraprostatic_Extension,1
abpath,GU::Prostate::Additional_Topics::Gleason_Grading,1
abpath,GU::Prostate::Additional_Topics::Immunohistochemistry,1
abpath,GU::Prostate::Additional_Topics::Lymph_Node_Metastasis,1
abpath,GU::Prostate::Additional_Topics::Margins,1
abpath,GU::Prostate::Additional_Topics::Tumor_Volume_Estimation,1
abpath,GU::Prostate::Basal_Cell_Neoplasms::Basal_Cell_Carcinoma,1
abpath,GU::Prostate::Benign::Adenosis,1
abpath,GU::Prostate::Benign::Atrophy,1
abpath,GU::Prostate::Benign::Basal_Cell_Hyperplasia,1
abpath,GU::Prostate::Benign::Clear_Cell_Cribriform_Hyperplasia,1
abpath,GU::Prostate::Benign::Hyperplasia,1
abpath,GU::Prostate::Benign::Large_&_Cribriform_Gland_Patterns,1
abpath,GU::Prostate::Benign::Nonglandular_Patterns,1
abpath,GU::Prostate::Benign::Normal_Prostate,1
abpath,GU::Prostate::Benign::Post_Atrophic_Hyperplasia,1
abpath,GU::Prostate::Benign::Prostatic_Type_Polyp_Ectopic,1
abpath,GU::Prostate::Benign::Sclerosing_Adenosis,1
abpath,GU::Prostate::Benign::Veromontanum_Hyperplasia,1
abpath,GU::Prostate::Benign::Xanthoma,1
abpath,GU::Prostate::Glandular_neoplasms::Foamy_Gland_Adenocarcinoma,1
abpath,GU::Prostate::Glandular_neoplasms::High_Grade_Prostatic_Intraepithelial_Neoplasia,1
abpath,GU::Prostate::Glandular_neoplasms::Intraductal_Carcinoma_of_the_Prostate,1
abpath,GU::Prostate::Glandular_neoplasms::Mucinous_Adenocarcinoma,1
abpath,GU::Prostate::Glandular_neoplasms::Prostatic_Acinar_Adenocarcinoma,1
abpath,GU::Prostate::Glandular_neoplasms::Prostatic_Adenocarcinoma_with_Therapy_Effect,1
abpath,GU::Prostate::Glandular_neoplasms::Prostatic_Cystadenoma,1
abpath,GU::Prostate::Glandular_neoplasms::Prostatic_Ductal_Adenocarcinoma,1
abpath,GU::Prostate::Glandular_neoplasms::Pseudohyperplastic_Prostatic_Adenocarcinoma,1
abpath,GU::Prostate::Glandular_neoplasms::Treatment_Related_Neuroendocrine_Prostate_Cancer,1
abpath,GU::Prostate::Hematolymphoid::Lymphoma_Leukemia,1
abpath,GU::Prostate::Histology_&_Anatomy::Histology_&_Anatomy_of_Prostate_Gland,1
abpath,GU::Prostate::Inflammatory::Amyloid,1
abpath,GU::Prostate::Inflammatory::Malakoplakia,1
abpath,GU::Prostate::Inflammatory::Post_Biopsy_Changes,1
abpath,GU::Prostate::Mesenchymal::Leiomyosarcoma,1
abpath,GU::Prostate::Mesenchymal::Sarcomatoid_Carcinoma_of_Prostate,1
abpath,GU::Prostate::Other::Prostatic_Urethral_Polyp,1
abpath,GU::Prostate::Precursor_Lesions::Atypical_Small_Acinar_Proliferation_ASAP,1
abpath,GU::Prostate::Prostatitis::Acute_Inflammation_of_the_Prostate,1
abpath,GU::Prostate::Prostatitis::Chronic_Prostatitis,1
abpath,GU::Prostate::Prostatitis::Granulomatous_Prostatitis,1
abpath,GU::Prostate::Squamous_Neoplasms::Adenoid_Cystic_Carcinoma_of_the_Prostate,1
abpath,GU::Prostate::Squamous_Neoplasms::Adenosquamous_Carcinoma_of_the_Prostate,1
abpath,GU::Prostate::Squamous_Neoplasms::Prostatic_Stromal_Sarcoma,1
abpath,GU::Prostate::Squamous_Neoplasms::Prostatic_Stromal_Tumor_of_Uncertain_Malignant_Potential,1
abpath,GU::Prostate::Squamous_Neoplasms::Squamous_Cell_Carcinoma_of_the_Prostate,1
abpath,GU::Prostate::Therapy_Effects::Anti_Androgen,1
abpath,GU::Prostate::Therapy_Effects::Radiation,1
abpath,GU::Seminal_Vesicle::Adenocarcinoma_of_the_Seminal_Vesicle,1
abpath,GU::Seminal_Vesicle::Cystadenoma_of_the_Seminal_Vesicle,1
abpath,GU::Seminal_Vesicle::Histology_&_Anatomy::Histology_&_Anatomy_Seminal_Vesicle,1
abpath,GU::Seminal_Vesicle::Mixed_Epithelial_and_Stromal_Tumor_of_the_Seminal_Vesicle,1
abpath,GU::Seminal_Vesicle::Squamous_Cell_Carcinoma_of_the_Seminal_Vesicle,1
abpath,GU::Syndromes::BAP1_Tumor_Predisposition_Syndrome,1
abpath,GU::Syndromes::Birt_Hogg_Dube_Syndrome,1
abpath,GU::Syndromes::Carney_Complex,1
abpath,GU::Syndromes::Genitourinary_System_and_Lynch_Syndrome,1
abpath,GU::Syndromes::Hereditary_Leiomyomatosis_and_Renal_Cell_Carcinoma_Syndrome,1
abpath,GU::Syndromes::Hereditary_Papillary_Renal_Carcinoma,1
abpath,GU::Syndromes::Hereditary_Pheochromocytoma_Paraganglioma_Syndromes,1
abpath,GU::Syndromes::Hereditary_Tumor_Syndromes_Homologous_Recombination_Pathway,1
abpath,GU::Syndromes::Peutz_Jeghers_Syndrome,1
abpath,GU::Syndromes::Succinate_Dehydrogenase_Deficient_Tumor_Syndromes,1
abpath,GU::Syndromes::Tuberous_Sclerosis,1
abpath,GU::Syndromes::Von_Hippel_Lindau_Syndrome,1
abpath,GU::Testis::Additional_Topics::Chemotherapy_Effects,1
abpath,GU::Testis::Additional_Topics::Intersex_Syndromes,1
abpath,GU::Testis::Additional_Topics::Radiation_Effects,1
abpath,GU::Testis::Germ_Cell_Tumors::Choriocarcinoma,1
abpath,GU::Testis::Germ_Cell_Tumors::Cystic_Trophoblastic_Tumor,1
abpath,GU::Testis::Germ_Cell_Tumors::Embryonal_Carcinoma,1
abpath,GU::Testis::Germ_Cell_Tumors::Epithelioid_Trophoblastic_Tumor,1
abpath,GU::Testis::Germ_Cell_Tumors::Germ_Cell_Neoplasia_In_Situ,1
abpath,GU::Testis::Germ_Cell_Tumors::Mixed_Germ_Cell_Tumor,1
abpath,GU::Testis::Germ_Cell_Tumors::Mixed_Teratoma_and_Yolk_Sac_Tumor_Preprubertal_Type,1
abpath,GU::Testis::Germ_Cell_Tumors::Placental_Site_Trophoblastic_Tumor,1
abpath,GU::Testis::Germ_Cell_Tumors::Regressed_Germ_Cell_Tumor,1
abpath,GU::Testis::Germ_Cell_Tumors::Seminoma,1
abpath,GU::Testis::Germ_Cell_Tumors::Spermatocytic_Tumor,1
abpath,GU::Testis::Germ_Cell_Tumors::Teratoma_Postpubertal_Type,1
abpath,GU::Testis::Germ_Cell_Tumors::Teratoma_Prepubertal_Type,1
abpath,GU::Testis::Germ_Cell_Tumors::Teratoma_and_Yolk_Sac_Tumor_Prepubertal_Type,1
abpath,GU::Testis::Germ_Cell_Tumors::Teratoma_with_Somatic_Type_Malignancy,1
abpath,GU::Testis::Germ_Cell_Tumors::Yolk_Sac_Tumor_Postpubertal_Type,1
abpath,GU::Testis::Germ_Cell_Tumors::Yolk_Sac_Tumor_Prepubertal_Type,1
abpath,GU::Testis::Heme::Diffuse_Large_B_Cell_Lymphoma,1
abpath,GU::Testis::Heme::Extranodal_Marginal_Zone_Lymphoma_of_MALT,1
abpath,GU::Testis::Heme::Juvenile_Xanthogranuloma,1
abpath,GU::Testis::Heme::Plasmacytoma,1
abpath,GU::Testis::Histology_&_Anatomy::Histology_&_Anatomy_of_Testis_&_Epididymis,1
abpath,GU::Testis::Infectious::Tuberculous_Epididymo_Orchitis,1
abpath,GU::Testis::Infertility::Duct_Obstruction_Vasitis_Nodosum,1
abpath,GU::Testis::Infertility::Germinal_Cell_Aplasia,1
abpath,GU::Testis::Infertility::Hypospermatogenesis,1
abpath,GU::Testis::Infertility::Karyotypic_Abnormalities,1
abpath,GU::Testis::Infertility::Maturation_Arrest,1
abpath,GU::Testis::Metastatic::Metastasis_to_Testis_and_Paratestis,1
abpath,GU::Testis::Metastatic::Metastatic_Tumors_To_Testis,1
abpath,GU::Testis::Neuroendocrine::Carcinoid_Tumor,1
abpath,GU::Testis::Neuroendocrine::Testicular_Neuroendocrine_Tumor_Preprubertal_Type,1
abpath,GU::Testis::Non_Neoplastic::Cryptorchidism,1
abpath,GU::Testis::Non_Neoplastic::Cysts,1
abpath,GU::Testis::Non_Neoplastic::Dermoid_Cyst,1
abpath,GU::Testis::Non_Neoplastic::Epidermoid_Cyst,1
abpath,GU::Testis::Non_Neoplastic::Granulomatous_Orchitis,1
abpath,GU::Testis::Non_Neoplastic::Nonneoplastic_Vascular_Pathology,1
abpath,GU::Testis::Non_Neoplastic::Torsion_Infarction,1
abpath,GU::Testis::Non_Neoplastic::Varicocele,1
abpath,GU::Testis::Other::Testicular_Tumor_of_Adrenogenital_Syndrome,1
abpath,GU::Testis::Paratesticular::Adenocarcinoma_of_Rete_Testis,1
abpath,GU::Testis::Paratesticular::Adenomatoid_Tumor,1
abpath,GU::Testis::Paratesticular::Liposarcoma,1
abpath,GU::Testis::Paratesticular::Malignant_Mesothelioma,1
abpath,GU::Testis::Paratesticular::Melanotic_Neuroectodermal_Tumor,1
abpath,GU::Testis::Paratesticular::Rhabdomyosarcoma,1
abpath,GU::Testis::Paratesticular::Well_Differentiated_Papillary_Mesothelial_Tumor,1
abpath,GU::Testis::Sex_Cord_Stromal_Tumors::Adult_Granulosa_Cell_Tumor,1
abpath,GU::Testis::Sex_Cord_Stromal_Tumors::Gonadoblastoma,1
abpath,GU::Testis::Sex_Cord_Stromal_Tumors::Intratubular_Large_Cell_Hyalinizing_Sertoli_Cell_Neoplasia,1
abpath,GU::Testis::Sex_Cord_Stromal_Tumors::Juvenile_Granulosa_Cell_Tumor,1
abpath,GU::Testis::Sex_Cord_Stromal_Tumors::Large_Cell_Calcifying_Sertoli_Cell_Tumor,1
abpath,GU::Testis::Sex_Cord_Stromal_Tumors::Leydig_Cell_Tumor,1
abpath,GU::Testis::Sex_Cord_Stromal_Tumors::Mixed_Sex_Cord_Stromal_Tumor,1
abpath,GU::Testis::Sex_Cord_Stromal_Tumors::Myoid_Gonadal_Stromal_Tumor,1
abpath,GU::Testis::Sex_Cord_Stromal_Tumors::Sertoli_Cell_Tumor,1
abpath,GU::Testis::Sex_Cord_Stromal_Tumors::Sertoli_Leydig_Cell_Tumor,1
abpath,GU::Testis::Sex_Cord_Stromal_Tumors::Sertoli_Only_Syndrome,1
abpath,GU::Testis::Sex_Cord_Stromal_Tumors::Sex_Cord_Stromal_Tumor_NOS,1
abpath,GU::Testis::Sex_Cord_Stromal_Tumors::Signet_Ring_Stromal_Tumor,1
abpath,GU::Testis::Sex_Cord_Stromal_Tumors::Tumors_in_the_Fibroma_Thecoma_Group,1
abpath,GU::Testis::Tunica_Albuginea_Mesothelium::Tumors,1
abpath,GU::Urothelial::Other::Clear_Cell_Adenocarcinoma_of_the_Urinary_Tract,1
abpath,GU::Urothelial::Other::Cowper_Gland_Adenocarcinoma_of_the_Urethra,1
abpath,GU::Urothelial::Other::Endometrioid_Carcinoma_of_the_Urinary_Tract,1
abpath,GYN::Cervix::Congenital_Structural::Cyst::Nabothian_Cyst,1
abpath,GYN::Cervix::Congenital_Structural::Cyst::Tunnel_Clusters,1
abpath,GYN::Cervix::Congenital_Structural::Heterotopia::Ectopic_Prostate_Tissue,1
abpath,GYN::Cervix::Congenital_Structural::Heterotopia::Endocervicosis,1
abpath,GYN::Cervix::Congenital_Structural::Heterotopia::Endometriosis,1
abpath,GYN::Cervix::Congenital_Structural::Polyp::Endocervical_Polyp,1
abpath,GYN::Cervix::Congenital_Structural::Remnant::Mesonephric_Remnants,1
abpath,GYN::Cervix::Infectious::Miscellaneous::Cervical_Infections,1
abpath,GYN::Cervix::Neoplastic::Epithelial::Benign::Endocervical_Glandular_Hyperplasia,1
abpath,GYN::Cervix::Neoplastic::Epithelial::Benign::Mesonephric_Hyperplasia,1
abpath,GYN::Cervix::Neoplastic::Epithelial::Benign::Microglandular_Hyperplasia,1
abpath,GYN::Cervix::Neoplastic::Epithelial::Benign::Mullerian_Papilloma,1
abpath,GYN::Cervix::Neoplastic::Epithelial::Malignant::Adenoid_Basal_Carcinoma,1
abpath,GYN::Cervix::Neoplastic::Epithelial::Malignant::Adenoid_Cystic_Carcinoma,1
abpath,GYN::Cervix::Neoplastic::Epithelial::Malignant::Carcinosarcoma,1
abpath,GYN::Cervix::Neoplastic::Epithelial::Malignant::Clear_Cell_Adenocarcinoma_HPV_Independent,1
abpath,GYN::Cervix::Neoplastic::Epithelial::Malignant::Endometrioid_Adenocarcinoma_HPV_Independent,1
abpath,GYN::Cervix::Neoplastic::Epithelial::Malignant::Gastric_Type_Adenocarcinoma_HPV_Independent,1
abpath,GYN::Cervix::Neoplastic::Epithelial::Malignant::HPV_Associated_Adenocarcinoma,1
abpath,GYN::Cervix::Neoplastic::Epithelial::Malignant::HPV_Associated_Adenosquamous_Carcinoma,1
abpath,GYN::Cervix::Neoplastic::Epithelial::Malignant::Mesonephric_Adenocarcinoma_HPV_Independent,1
abpath,GYN::Cervix::Neoplastic::Epithelial::Malignant::Neuroendocrine_Carcinoma,1
abpath,GYN::Cervix::Neoplastic::Epithelial::Malignant::Squamous_Cell_Carcinoma,1
abpath,GYN::Cervix::Neoplastic::Epithelial::Precursor::Adenocarcinoma_In_Situ,1
abpath,GYN::Cervix::Neoplastic::Epithelial::Precursor::Squamous_Intraepithelial_Lesion,1
abpath,GYN::Cervix::Neoplastic::Hematolymphoid::Malignant::Lymphoma,1
abpath,GYN::Cervix::Neoplastic::Mesenchymal::Malignant::Rhabdomyosarcoma,1
abpath,GYN::Cervix::Neoplastic::Mesenchymal::Malignant::Spindle_Cell_Sarcoma_NTRK_Rearranged,1
abpath,GYN::Cervix::Neoplastic::Metastatic::Secondary_Tumors,1
abpath,GYN::Cervix::Neoplastic::Mixed::Benign::Adenomyoma_Endocervical_Type,1
abpath,GYN::Cervix::Neoplastic::Mixed::Malignant::Mullerian_Adenosarcoma,1
abpath,GYN::Cervix::Normal_Histology::Atrophy,1
abpath,GYN::Cervix::Normal_Histology::Metaplasia::Immature_Squamous_Metaplasia,1
abpath,GYN::Cervix::Normal_Histology::Metaplasia::Transitional_Cell_Metaplasia,1
abpath,GYN::Cervix::Normal_Histology::Metaplasia::Tubal_And_Tuboendometrioid_Metaplasia,1
abpath,GYN::Cervix::Normal_Histology::Physiologic_Change::Arias_Stella_Reaction,1
abpath,GYN::Cervix::Normal_Histology::Physiologic_Change::Deciduosis,1
abpath,GYN::Fallopian_Tube::Congenital_Structural::Heterotopia::Endometriosis,1
abpath,GYN::Fallopian_Tube::Congenital_Structural::Physiologic::Pseudocarcinomatous_Hyperplasia,1
abpath,GYN::Fallopian_Tube::Inflammatory::Acute::Salpingitis,1
abpath,GYN::Fallopian_Tube::Neoplastic::Epithelial::Benign::Metaplastic_Papillary_Tumor,1
abpath,GYN::Fallopian_Tube::Neoplastic::Epithelial::Borderline::Serous_Borderline_Tumor,1
abpath,GYN::Fallopian_Tube::Neoplastic::Epithelial::Malignant::Endometrioid_Adenocarcinoma,1
abpath,GYN::Fallopian_Tube::Neoplastic::Epithelial::Malignant::Serous_Carcinoma_And_STIC,1
abpath,GYN::Fallopian_Tube::Neoplastic::Mesothelial::Benign::Adenomatoid_Tumor,1
abpath,GYN::Fallopian_Tube::Neoplastic::Miscellaneous::Female_Adnexal_Tumor_Probable_Wolffian_Origin_FATWO,1
abpath,GYN::Fallopian_Tube::Neoplastic::Miscellaneous::STK11_Adnexal_Tumor,1
abpath,GYN::Fallopian_Tube::Normal_Histology::Metaplasia::Tubal_Metaplasias,1
abpath,GYN::Ovary::Congenital_Structural::Cyst::Follicular_Cysts,1
abpath,GYN::Ovary::Congenital_Structural::Cyst::Large_Solitary_Luteinized_Follicle_Cyst,1
abpath,GYN::Ovary::Congenital_Structural::Heterotopia::Endometriosis_And_Deciduosis,1
abpath,GYN::Ovary::Congenital_Structural::Mechanical::Massive_Edema_And_Fibromatosis,1
abpath,GYN::Ovary::Congenital_Structural::Mechanical::Ovarian_Torsion,1
abpath,GYN::Ovary::Congenital_Structural::Physiologic::Hyperreactio_Luteinalis,1
abpath,GYN::Ovary::Congenital_Structural::Physiologic::Pregnancy_Luteoma,1
abpath,GYN::Ovary::Congenital_Structural::Physiologic::Stromal_Hyperplasia_And_Hyperthecosis,1
abpath,GYN::Ovary::Inflammatory::Autoimmune::Autoimmune_Oophoritis,1
abpath,GYN::Ovary::Inflammatory::Chronic::Luteinized_Thecoma_With_Sclerosing_Peritonitis,1
abpath,GYN::Ovary::Neoplastic::Epithelial::Benign::Brenner_Tumor_Benign,1
abpath,GYN::Ovary::Neoplastic::Epithelial::Benign::Endometrioid_Tumor_Benign,1
abpath,GYN::Ovary::Neoplastic::Epithelial::Benign::Mucinous_Tumor_Benign,1
abpath,GYN::Ovary::Neoplastic::Epithelial::Benign::Serous_Tumor_Benign,1
abpath,GYN::Ovary::Neoplastic::Epithelial::Borderline::Brenner_Tumor_Borderline,1
abpath,GYN::Ovary::Neoplastic::Epithelial::Borderline::Clear_Cell_Borderline_Tumor,1
abpath,GYN::Ovary::Neoplastic::Epithelial::Borderline::Endometrioid_Borderline_Tumor,1
abpath,GYN::Ovary::Neoplastic::Epithelial::Borderline::Mucinous_Borderline_Tumor_Intestinal_Type,1
abpath,GYN::Ovary::Neoplastic::Epithelial::Borderline::Seromucinous_Borderline_Tumor,1
abpath,GYN::Ovary::Neoplastic::Epithelial::Borderline::Serous_Borderline_Tumor,1
abpath,GYN::Ovary::Neoplastic::Epithelial::Malignant::Brenner_Tumor_Malignant,1
abpath,GYN::Ovary::Neoplastic::Epithelial::Malignant::Carcinosarcoma,1
abpath,GYN::Ovary::Neoplastic::Epithelial::Malignant::Clear_Cell_Carcinoma,1
abpath,GYN::Ovary::Neoplastic::Epithelial::Malignant::Endometrioid_Adenocarcinoma,1
abpath,GYN::Ovary::Neoplastic::Epithelial::Malignant::Hepatoid_Carcinoma,1
abpath,GYN::Ovary::Neoplastic::Epithelial::Malignant::High_Grade_Serous_Adenocarcinoma,1
abpath,GYN::Ovary::Neoplastic::Epithelial::Malignant::Large_Cell_Neuroendocrine_Carcinoma,1
abpath,GYN::Ovary::Neoplastic::Epithelial::Malignant::Low_Grade_Serous_Adenocarcinoma,1
abpath,GYN::Ovary::Neoplastic::Epithelial::Malignant::Mesonephric_Like_Carcinoma,1
abpath,GYN::Ovary::Neoplastic::Epithelial::Malignant::Mucinous_Adenocarcinoma,1
abpath,GYN::Ovary::Neoplastic::Epithelial::Malignant::Small_Cell_Carcinoma_Hypercalcemic_Type,1
abpath,GYN::Ovary::Neoplastic::Epithelial::Malignant::Small_Cell_Carcinoma_Pulmonary_Type,1
abpath,GYN::Ovary::Neoplastic::Germ_Cell::Benign::Mature_Cystic_Teratoma,1
abpath,GYN::Ovary::Neoplastic::Germ_Cell::Benign::Struma_Ovarii,1
abpath,GYN::Ovary::Neoplastic::Germ_Cell::Malignant::Carcinoid_Tumor,1
abpath,GYN::Ovary::Neoplastic::Germ_Cell::Malignant::Dysgerminoma,1
abpath,GYN::Ovary::Neoplastic::Germ_Cell::Malignant::Immature_Teratoma,1
abpath,GYN::Ovary::Neoplastic::Germ_Cell::Malignant::Nongestational_Choriocarcinoma,1
abpath,GYN::Ovary::Neoplastic::Germ_Cell::Malignant::Polyembryoma,1
abpath,GYN::Ovary::Neoplastic::Germ_Cell::Malignant::Primitive_Neuroectodermal_Tumor,1
abpath,GYN::Ovary::Neoplastic::Germ_Cell::Malignant::Secondary_Tumors_In_Teratomas,1
abpath,GYN::Ovary::Neoplastic::Germ_Cell::Malignant::Strumal_Carcinoid,1
abpath,GYN::Ovary::Neoplastic::Germ_Cell::Malignant::Yolk_Sac_Tumor,1
abpath,GYN::Ovary::Neoplastic::Hematolymphoid::Malignant::Lymphoma_Leukemia,1
abpath,GYN::Ovary::Neoplastic::Melanocytic::Malignant::Melanoma,1
abpath,GYN::Ovary::Neoplastic::Mesenchymal::Benign::Vascular_Tumors,1
abpath,GYN::Ovary::Neoplastic::Mesenchymal::Malignant::Low_Grade_Endometrioid_Stromal_Sarcoma,1
abpath,GYN::Ovary::Neoplastic::Mesenchymal::Malignant::Smooth_Muscle_Tumors,1
abpath,GYN::Ovary::Neoplastic::Mesothelial::Malignant::Malignant_Mesothelioma,1
abpath,GYN::Ovary::Neoplastic::Metastatic::Metastatic_Appendiceal_Tumor,1
abpath,GYN::Ovary::Neoplastic::Metastatic::Metastatic_Breast_Carcinoma,1
abpath,GYN::Ovary::Neoplastic::Metastatic::Metastatic_Cervical_Carcinoma,1
abpath,GYN::Ovary::Neoplastic::Metastatic::Metastatic_Colorectal_Carcinoma,1
abpath,GYN::Ovary::Neoplastic::Metastatic::Metastatic_Gastric_Carcinoma,1
abpath,GYN::Ovary::Neoplastic::Metastatic::Metastatic_Gastrointestinal_Stromal_Tumor,1
abpath,GYN::Ovary::Neoplastic::Metastatic::Metastatic_Lung_Carcinoma,1
abpath,GYN::Ovary::Neoplastic::Metastatic::Metastatic_Melanoma,1
abpath,GYN::Ovary::Neoplastic::Metastatic::Metastatic_Pancreaticobiliary_Adenocarcinoma,1
abpath,GYN::Ovary::Neoplastic::Metastatic::Metastatic_Uterine_Corpus_Carcinoma,1
abpath,GYN::Ovary::Neoplastic::Mixed::Malignant::Mesodermal_Adenosarcoma,1
abpath,GYN::Ovary::Neoplastic::Mixed::Malignant::Mixed_Germ_Cell_Sex_Cord_Stromal_Tumor,1
abpath,GYN::Ovary::Neoplastic::Mixed::Malignant::Mucinous_Cystic_Tumor_With_Mural_Nodules,1
abpath,GYN::Ovary::Neoplastic::Sex_Cord_Stromal::Benign::Fibromatous_Neoplasms,1
abpath,GYN::Ovary::Neoplastic::Sex_Cord_Stromal::Benign::Leydig_Cell_Tumor,1
abpath,GYN::Ovary::Neoplastic::Sex_Cord_Stromal::Benign::Sclerosing_Stromal_Tumor,1
abpath,GYN::Ovary::Neoplastic::Sex_Cord_Stromal::Benign::Signet_Ring_Stromal_Tumor,1
abpath,GYN::Ovary::Neoplastic::Sex_Cord_Stromal::Benign::Stromal_Luteoma,1
abpath,GYN::Ovary::Neoplastic::Sex_Cord_Stromal::Benign::Thecoma,1
abpath,GYN::Ovary::Neoplastic::Sex_Cord_Stromal::Intermediate::Gonadoblastoma,1
abpath,GYN::Ovary::Neoplastic::Sex_Cord_Stromal::Intermediate::Microcystic_Stromal_Tumor,1
abpath,GYN::Ovary::Neoplastic::Sex_Cord_Stromal::Intermediate::Sertoli_Cell_Tumor,1
abpath,GYN::Ovary::Neoplastic::Sex_Cord_Stromal::Intermediate::Sertoli_Leydig_Cell_Tumor,1
abpath,GYN::Ovary::Neoplastic::Sex_Cord_Stromal::Intermediate::Sex_Cord_Tumor_With_Annular_Tubules,1
abpath,GYN::Ovary::Neoplastic::Sex_Cord_Stromal::Malignant::Adult_Granulosa_Cell_Tumor,1
abpath,GYN::Ovary::Neoplastic::Sex_Cord_Stromal::Malignant::Juvenile_Granulosa_Cell_Tumor,1
abpath,GYN::Ovary::Neoplastic::Sex_Cord_Stromal::Malignant::Steroid_Cell_Tumor_NOS,1
abpath,GYN::Peritoneum::Congenital_Structural::Cyst::Peritoneal_Inclusion_Cysts,1
abpath,GYN::Peritoneum::Congenital_Structural::Malformation::Benign_Mullerian_Lesions,1
abpath,GYN::Peritoneum::Neoplastic::Epithelial::Borderline::Serous_Borderline_Tumor,1
abpath,GYN::Peritoneum::Neoplastic::Epithelial::Malignant::Pseudomyxoma_Peritonei,1
abpath,GYN::Peritoneum::Neoplastic::Epithelial::Malignant::Serous_Carcinoma,1
abpath,GYN::Peritoneum::Neoplastic::Mesenchymal::Benign::Disseminated_Peritoneal_Leiomyomatosis,1
abpath,GYN::Peritoneum::Neoplastic::Mesenchymal::Intermediate::Solitary_Fibrous_Tumor,1
abpath,GYN::Peritoneum::Neoplastic::Mesenchymal::Malignant::Desmoplastic_Small_Round_Cell_Tumor,1
abpath,GYN::Peritoneum::Neoplastic::Mesenchymal::Malignant::Extragastrointestinal_Stromal_Tumor_GIST,1
abpath,GYN::Peritoneum::Neoplastic::Mesothelial::Benign::Florid_Mesothelial_Hyperplasia,1
abpath,GYN::Peritoneum::Neoplastic::Mesothelial::Benign::Well_Differentiated_Papillary_Mesothelial_Tumor,1
abpath,GYN::Peritoneum::Neoplastic::Mesothelial::Malignant::Malignant_Mesothelioma,1
abpath,GYN::Uterus::Congenital_Structural::Polyp::Endometrial_Polyp,1
abpath,GYN::Uterus::Inflammatory::Chronic::Endometritis,1
abpath,GYN::Uterus::Neoplastic::Epithelial::Malignant::Carcinosarcoma,1
abpath,GYN::Uterus::Neoplastic::Epithelial::Malignant::Clear_Cell_Adenocarcinoma,1
abpath,GYN::Uterus::Neoplastic::Epithelial::Malignant::Endometrioid_Adenocarcinoma,1
abpath,GYN::Uterus::Neoplastic::Epithelial::Malignant::Mesonephric_Like_Carcinoma,1
abpath,GYN::Uterus::Neoplastic::Epithelial::Malignant::Neuroendocrine_Carcinoma,1
abpath,GYN::Uterus::Neoplastic::Epithelial::Malignant::Serous_Adenocarcinoma,1
abpath,GYN::Uterus::Neoplastic::Epithelial::Malignant::Squamous_Cell_Carcinoma,1
abpath,GYN::Uterus::Neoplastic::Epithelial::Malignant::Undifferentiated_Dedifferentiated_Carcinoma,1
abpath,GYN::Uterus::Neoplastic::Epithelial::Precursor::Endometrial_Intraepithelial_Neoplasia_Atypical_Hyperplasia,1
abpath,GYN::Uterus::Neoplastic::Germ_Cell::Malignant::Germ_Cell_Tumors,1
abpath,GYN::Uterus::Neoplastic::Hematolymphoid::Malignant::Lymphoma_Leukemia,1
abpath,GYN::Uterus::Neoplastic::Mesenchymal::Benign::Endometrial_Stromal_Nodule,1
abpath,GYN::Uterus::Neoplastic::Mesenchymal::Benign::Intravenous_Leiomyomatosis,1
abpath,GYN::Uterus::Neoplastic::Mesenchymal::Benign::Leiomyoma,1
abpath,GYN::Uterus::Neoplastic::Mesenchymal::Benign::PEComa,1
abpath,GYN::Uterus::Neoplastic::Mesenchymal::Intermediate::Inflammatory_Myofibroblastic_Tumor,1
abpath,GYN::Uterus::Neoplastic::Mesenchymal::Intermediate::Smooth_Muscle_Tumor_Uncertain_Potential,1
abpath,GYN::Uterus::Neoplastic::Mesenchymal::Malignant::Alveolar_Soft_Part_Sarcoma,1
abpath,GYN::Uterus::Neoplastic::Mesenchymal::Malignant::High_Grade_Endometrial_Stromal_Sarcoma,1
abpath,GYN::Uterus::Neoplastic::Mesenchymal::Malignant::Leiomyosarcoma,1
abpath,GYN::Uterus::Neoplastic::Mesenchymal::Malignant::Low_Grade_Endometrial_Stromal_Sarcoma,1
abpath,GYN::Uterus::Neoplastic::Mesenchymal::Malignant::Rhabdomyosarcoma,1
abpath,GYN::Uterus::Neoplastic::Mesenchymal::Malignant::SMARC_Deficient_Uterine_Sarcoma,1
abpath,GYN::Uterus::Neoplastic::Mesenchymal::Malignant::Undifferentiated_Uterine_Sarcoma,1
abpath,GYN::Uterus::Neoplastic::Mesothelial::Benign::Adenomatoid_Tumor,1
abpath,GYN::Uterus::Neoplastic::Metastatic::Secondary_Tumors,1
abpath,GYN::Uterus::Neoplastic::Miscellaneous::Malignant::Central_Primitive_Neuroectodermal_Tumor,1
abpath,GYN::Uterus::Neoplastic::Miscellaneous::Malignant::Wilms_Tumor,1
abpath,GYN::Uterus::Neoplastic::Mixed::Benign::Adenomyoma_Endometrioid_Type,1
abpath,GYN::Uterus::Neoplastic::Mixed::Intermediate::Atypical_Polypoid_Adenomyoma,1
abpath,GYN::Uterus::Neoplastic::Mixed::Malignant::Mullerian_Adenosarcoma,1
abpath,GYN::Uterus::Neoplastic::Sex_Cord_Stromal::Intermediate::Uterine_Tumor_Resembling_Ovarian_Sex_Cord_Tumor,1
abpath,GYN::Uterus::Normal_Histology::Metaplasia::Endometrial_Metaplasias,1
abpath,GYN::Vagina::Congenital_Structural::Cyst::Vaginal_Cysts,1
abpath,GYN::Vagina::Congenital_Structural::Malformation::Adenosis,1
abpath,GYN::Vagina::Congenital_Structural::Mechanical::Fallopian_Tube_Prolapse,1
abpath,GYN::Vagina::Congenital_Structural::Polyp::Vaginal_Polyp,1
abpath,GYN::Vagina::Inflammatory::Chronic::Desquamative_Inflammatory_Vaginitis,1
abpath,GYN::Vagina::Inflammatory::Chronic::Ligneous_Vaginitis,1
abpath,GYN::Vagina::Inflammatory::Granulomatous::Malakoplakia,1
abpath,GYN::Vagina::Neoplastic::Epithelial::Benign::Mixed_Tumor,1
abpath,GYN::Vagina::Neoplastic::Epithelial::Malignant::Adenocarcinoma_Non_Clear_Cell,1
abpath,GYN::Vagina::Neoplastic::Epithelial::Malignant::Clear_Cell_Carcinoma,1
abpath,GYN::Vagina::Neoplastic::Epithelial::Malignant::Squamous_Cell_Carcinoma,1
abpath,GYN::Vagina::Neoplastic::Epithelial::Metastatic::Secondary_Neoplasms,1
abpath,GYN::Vagina::Neoplastic::Epithelial::Precursor::Vaginal_Intraepithelial_Neoplasia_VaIN,1
abpath,GYN::Vagina::Neoplastic::Germ_Cell::Malignant::Yolk_Sac_Tumor,1
abpath,GYN::Vagina::Neoplastic::Melanocytic::Malignant::Malignant_Melanoma,1
abpath,GYN::Vagina::Neoplastic::Mesenchymal::Benign::Rhabdomyoma,1
abpath,GYN::Vulva::Congenital_Structural::Cyst::Bartholin_Cyst,1
abpath,GYN::Vulva::Congenital_Structural::Mechanical::Massive_Edema,1
abpath,GYN::Vulva::Infectious::Bacterial::Chancroid,1
abpath,GYN::Vulva::Infectious::Bacterial::Syphilis,1
abpath,GYN::Vulva::Infectious::Fungal::Candidiasis,1
abpath,GYN::Vulva::Infectious::Fungal::Dermatophytosis,1
abpath,GYN::Vulva::Infectious::Parasitic::Scabetic_Infestations,1
abpath,GYN::Vulva::Infectious::Viral::Herpes_Simplex_Virus,1
abpath,GYN::Vulva::Infectious::Viral::Molluscum_Contagiosum,1
abpath,GYN::Vulva::Inflammatory::Acute::Hidradenitis_Suppurativa,1
abpath,GYN::Vulva::Inflammatory::Bullous::Bullous_Pemphigoid,1
abpath,GYN::Vulva::Inflammatory::Bullous::Linear_IgA_Disease,1
abpath,GYN::Vulva::Inflammatory::Bullous::Mucous_Membrane_Pemphigoid,1
abpath,GYN::Vulva::Inflammatory::Bullous::Pemphigoid_Gestationis,1
abpath,GYN::Vulva::Inflammatory::Bullous::Pemphigus,1
abpath,GYN::Vulva::Inflammatory::Dermatosis::Allergic_Contact_Dermatitis,1
abpath,GYN::Vulva::Inflammatory::Dermatosis::Epidermolytic_Acanthoma,1
abpath,GYN::Vulva::Inflammatory::Dermatosis::Erythema_Multiforme,1
abpath,GYN::Vulva::Inflammatory::Dermatosis::Fixed_Drug_Eruption,1
abpath,GYN::Vulva::Inflammatory::Dermatosis::Lichen_Planus,1
abpath,GYN::Vulva::Inflammatory::Dermatosis::Lichen_Sclerosus,1
abpath,GYN::Vulva::Inflammatory::Dermatosis::Lichen_Simplex_Chronicus,1
abpath,GYN::Vulva::Inflammatory::Dermatosis::Papular_Acantholytic_Dermatosis,1
abpath,GYN::Vulva::Inflammatory::Dermatosis::Psoriasis,1
abpath,GYN::Vulva::Inflammatory::Granulomatous::Crohn_Disease,1
abpath,GYN::Vulva::Inflammatory::Granulomatous::Foreign_Body_Granulomas,1
abpath,GYN::Vulva::Inflammatory::Miscellaneous::Behcet_Disease,1
abpath,GYN::Vulva::Inflammatory::Miscellaneous::Plasmacytosis_Mucosae_Zoon,1
abpath,GYN::Vulva::Inflammatory::Miscellaneous::Verruciform_Xanthoma,1
abpath,GYN::Vulva::Neoplastic::Epithelial::Benign::Eccrine_Spiradenoma,1
abpath,GYN::Vulva::Neoplastic::Epithelial::Benign::Fibroadenoma,1
abpath,GYN::Vulva::Neoplastic::Epithelial::Benign::Hidradenoma_Papilliferum,1
abpath,GYN::Vulva::Neoplastic::Epithelial::Benign::Mixed_Tumor,1
abpath,GYN::Vulva::Neoplastic::Epithelial::Benign::Sebaceous_Hyperplasia,1
abpath,GYN::Vulva::Neoplastic::Epithelial::Benign::Syringoma,1
abpath,GYN::Vulva::Neoplastic::Epithelial::Benign::Trichoepithelioma,1
abpath,GYN::Vulva::Neoplastic::Epithelial::Benign::Trichofolliculoma,1
abpath,GYN::Vulva::Neoplastic::Epithelial::Malignant::Bartholin_Gland_Carcinoma,1
abpath,GYN::Vulva::Neoplastic::Epithelial::Malignant::Basal_Cell_Carcinoma,1
abpath,GYN::Vulva::Neoplastic::Epithelial::Malignant::Extramammary_Paget_Disease,1
abpath,GYN::Vulva::Neoplastic::Epithelial::Malignant::Microcystic_Adnexal_Carcinoma,1
abpath,GYN::Vulva::Neoplastic::Epithelial::Malignant::Phyllodes_Tumor,1
abpath,GYN::Vulva::Neoplastic::Epithelial::Malignant::Sebaceous_Carcinoma,1
abpath,GYN::Vulva::Neoplastic::Epithelial::Malignant::Squamous_Cell_Carcinoma,1
abpath,GYN::Vulva::Neoplastic::Epithelial::Precursor::Vulvar_Intraepithelial_Neoplasia_VIN,1
abpath,GYN::Vulva::Neoplastic::Melanocytic::Benign::Common_Melanocytic_Nevus,1
abpath,GYN::Vulva::Neoplastic::Melanocytic::Benign::Mucosal_Melanotic_Macule,1
abpath,GYN::Vulva::Neoplastic::Melanocytic::Dysplastic::Atypical_Nevus_of_Genital_Tract,1
abpath,GYN::Vulva::Neoplastic::Melanocytic::Malignant::Malignant_Melanoma,1
abpath,GYN::Vulva::Neoplastic::Mesenchymal::Benign::Angiomyofibroblastoma,1
abpath,GYN::Vulva::Neoplastic::Mesenchymal::Benign::Cellular_Angiofibroma,1
abpath,GYN::Vulva::Neoplastic::Mesenchymal::Benign::Fibroepithelial_Stromal_Polyp,1
abpath,GYN::Vulva::Neoplastic::Mesenchymal::Benign::Granular_Cell_Tumor,1
abpath,GYN::Vulva::Neoplastic::Mesenchymal::Benign::Leiomyoma,1
abpath,GYN::Vulva::Neoplastic::Mesenchymal::Benign::Lipoblastoma_Like_Tumor,1
abpath,GYN::Vulva::Neoplastic::Mesenchymal::Benign::Prepubertal_Vulval_Fibroma,1
abpath,GYN::Vulva::Neoplastic::Mesenchymal::Benign::Superficial_Angiomyxoma,1
abpath,GYN::Vulva::Neoplastic::Mesenchymal::Intermediate::Deep_Aggressive_Angiomyxoma,1
abpath,GYN::Vulva::Neoplastic::Mesenchymal::Intermediate::Dermatofibrosarcoma_Protuberans,1
abpath,GYN::Vulva::Neoplastic::Mesenchymal::Intermediate::Solitary_Fibrous_Tumor,1
abpath,GYN::Vulva::Neoplastic::Mesenchymal::Malignant::Epithelioid_Sarcoma,1
abpath,GYN::Vulva::Normal_Histology::Heterotopia::Endometriosis,1
abpath,HN::Ear_Temporal_Bone::External_Auditory_Canal::Auricular_Pseudocyst,1
abpath,HN::Ear_Temporal_Bone::External_Auditory_Canal::Ceruminous_Adenocarcinoma,1
abpath,HN::Ear_Temporal_Bone::External_Auditory_Canal::Ceruminous_Adenoma,1
abpath,HN::Ear_Temporal_Bone::External_Auditory_Canal::Chondrodermatitis_Nodularis_Chronica_Helicis,1
abpath,HN::Ear_Temporal_Bone::External_Auditory_Canal::Cystic_Chondromalacia,1
abpath,HN::Ear_Temporal_Bone::External_Auditory_Canal::Exostosis,1
abpath,HN::Ear_Temporal_Bone::External_Auditory_Canal::Keloid,1
abpath,HN::Ear_Temporal_Bone::External_Auditory_Canal::Kimura_Disease,1
abpath,HN::Ear_Temporal_Bone::External_Auditory_Canal::Squamous_Cell_Carcinoma,1
abpath,HN::Ear_Temporal_Bone::Inflammatory::Infection,1
abpath,HN::Ear_Temporal_Bone::Middle_Inner_Ear::Branchial_Cleft_Anomaly,1
abpath,HN::Ear_Temporal_Bone::Middle_Inner_Ear::Cholesteatoma,1
abpath,HN::Ear_Temporal_Bone::Middle_Inner_Ear::Endolymphatic_Sac_Tumor,1
abpath,HN::Ear_Temporal_Bone::Middle_Inner_Ear::Middle_Ear_Adenocarcinoma,1
abpath,HN::Ear_Temporal_Bone::Middle_Inner_Ear::Middle_Ear_Adenoma,1
abpath,HN::Ear_Temporal_Bone::Middle_Inner_Ear::Middle_Ear_Neuroendocrine_Tumor,1
abpath,HN::Ear_Temporal_Bone::Middle_Inner_Ear::Middle_Ear_Papilloma,1
abpath,HN::Ear_Temporal_Bone::Middle_Inner_Ear::Middle_Ear_Squamous_Cell_Carcinoma,1
abpath,HN::Ear_Temporal_Bone::Middle_Inner_Ear::Otic_Polyp,1
abpath,HN::Ear_Temporal_Bone::Middle_Inner_Ear::Otosclerosis,1
abpath,HN::Ear_Temporal_Bone::Middle_Inner_Ear::Paraganglioma_Jugulotympanic,1
abpath,HN::Ear_Temporal_Bone::Middle_Inner_Ear::Vestibular_Schwannoma,1
abpath,HN::Eye_Adnexa::Benign_Neoplasm,1
abpath,HN::Eye_Adnexa::Malignant_Neoplasm,1
abpath,HN::Eye_Adnexa::Non_Neoplastic,1
abpath,HN::Genetics::Ataxia_Telangiectasia,1
abpath,HN::Genetics::Bloom_Syndrome,1
abpath,HN::Genetics::Brooke_Spiegler_Syndrome,1
abpath,HN::Genetics::Cowden_Syndrome,1
abpath,HN::Genetics::Dyskeratosis_Congenita,1
abpath,HN::Genetics::Familial_Adenomatous_Polyposis,1
abpath,HN::Genetics::Familial_Paraganglioma_Syndrome,1
abpath,HN::Genetics::Fanconi_Anemia,1
abpath,HN::Genetics::Gorlin_Syndrome,1
abpath,HN::Genetics::Hyperparathyroidism_Jaw_Tumor_Syndrome,1
abpath,HN::Genetics::Li_Fraumeni_Syndrome,1
abpath,HN::Genetics::Multiple_Endocrine_Neoplasia_Type_2,1
abpath,HN::Genetics::Neurofibromatosis_Type_1,1
abpath,HN::Genetics::Nevoid_Basal_Cell_Carcinoma_Syndrome,1
abpath,HN::Genetics::Tuberous_Sclerosis,1
abpath,HN::Genetics::Von_Hippel_Lindau_Syndrome,1
abpath,HN::Germ_Cell::Germ_Cell_Tumor,1
abpath,HN::Heme::B_Cell::Burkitt_Lymphoma,1
abpath,HN::Heme::B_Cell::Diffuse_Large_B_Cell_Lymphoma,1
abpath,HN::Heme::B_Cell::Extranodal_Marginal_Zone_Lymphoma,1
abpath,HN::Heme::B_Cell::Follicular_Lymphoma,1
abpath,HN::Heme::B_Cell::Large_B_Cell_Lymphoma_With_IRF4_Rearrangement,1
abpath,HN::Heme::B_Cell::Mantle_Cell_Lymphoma,1
abpath,HN::Heme::B_Cell::Pediatric_Type_Follicular_Lymphoma,1
abpath,HN::Heme::B_Cell::Plasmablastic_Lymphoma,1
abpath,HN::Heme::B_Cell::Plasmacytoma,1
abpath,HN::Heme::Histiocytic_Dendritic::Erdheim_Chester_Disease,1
abpath,HN::Heme::Histiocytic_Dendritic::Follicular_Dendritic_Cell_Sarcoma,1
abpath,HN::Heme::Histiocytic_Dendritic::Juvenile_Xanthogranuloma,1
abpath,HN::Heme::Histiocytic_Dendritic::Langerhans_Cell_Histiocytosis,1
abpath,HN::Heme::Histiocytic_Dendritic::Rosai_Dorfman_Disease,1
abpath,HN::Heme::Hodgkin::Hodgkin_Lymphoma,1
abpath,HN::Heme::Myeloid::Myeloid_Sarcoma,1
abpath,HN::Heme::Reactive::EBV_Positive_Mucocutaneous_Ulcer,1
abpath,HN::Heme::Reactive::IgG4_Related_Disease,1
abpath,HN::Heme::Reactive::Reactive_Lymphoid_Hyperplasia,1
abpath,HN::Heme::T_NK_Cell::Extranodal_NK_T_Cell_Lymphoma,1
abpath,HN::Heme::T_NK_Cell::Primary_Mucosal_CD30_Positive_T_Cell_Lymphoproliferative_Disorder,1
abpath,HN::Heme::T_NK_Cell::T_Lymphoblastic_Leukemia_Lymphoma,1
abpath,HN::Larynx_Hypopharynx_Trachea::Carcinoma::Adenosquamous_Carcinoma,1
abpath,HN::Larynx_Hypopharynx_Trachea::Carcinoma::Basaloid_Squamous_Cell_Carcinoma,1
abpath,HN::Larynx_Hypopharynx_Trachea::Carcinoma::Conventional_Squamous_Cell_Carcinoma,1
abpath,HN::Larynx_Hypopharynx_Trachea::Carcinoma::Lymphoepithelial_Carcinoma,1
abpath,HN::Larynx_Hypopharynx_Trachea::Carcinoma::Neuroendocrine_Carcinoma,1
abpath,HN::Larynx_Hypopharynx_Trachea::Carcinoma::Papillary_Squamous_Cell_Carcinoma,1
abpath,HN::Larynx_Hypopharynx_Trachea::Carcinoma::Spindle_Cell_Squamous_Cell_Carcinoma,1
abpath,HN::Larynx_Hypopharynx_Trachea::Carcinoma::Verrucous_Carcinoma,1
abpath,HN::Larynx_Hypopharynx_Trachea::Inflammatory::Contact_Ulcer,1
abpath,HN::Larynx_Hypopharynx_Trachea::Inflammatory::Infection,1
abpath,HN::Larynx_Hypopharynx_Trachea::Inflammatory::Vocal_Cord_Cyst,1
abpath,HN::Larynx_Hypopharynx_Trachea::Inflammatory::Vocal_Cord_Nodule,1
abpath,HN::Larynx_Hypopharynx_Trachea::Inflammatory::Vocal_Cord_Polyp,1
abpath,HN::Larynx_Hypopharynx_Trachea::Mesenchymal::Laryngeal_Cartilaginous_Tumor,1
abpath,HN::Larynx_Hypopharynx_Trachea::Precursor::Epithelial_Dysplasia,1
abpath,HN::Larynx_Hypopharynx_Trachea::Precursor::Squamous_Papilloma,1
abpath,HN::Larynx_Hypopharynx_Trachea::Precursor::Squamous_Papillomatosis,1
abpath,HN::Melanocytic::Mucosal_Melanoma,1
abpath,HN::Metastasis::Metastatic_Tumor,1
abpath,HN::Nasopharynx::Carcinoma::Low_Grade_Nasopharyngeal_Papillary_Adenocarcinoma,1
abpath,HN::Nasopharynx::Carcinoma::Nasopharyngeal_Carcinoma,1
abpath,HN::Nasopharynx::Hamartoma::Hairy_Polyp,1
abpath,HN::Nasopharynx::Hamartoma::Salivary_Gland_Anlage_Tumor,1
abpath,HN::Neck_Lymph_Node::Cyst::Branchial_Cleft_Cyst,1
abpath,HN::Neck_Lymph_Node::Cyst::Dermoid_Cyst,1
abpath,HN::Neck_Lymph_Node::Cyst::Lymphoepithelial_Cyst,1
abpath,HN::Neck_Lymph_Node::Cyst::Ranula,1
abpath,HN::Neck_Lymph_Node::Cyst::Teratoid_Cyst,1
abpath,HN::Neck_Lymph_Node::Cyst::Thyroglossal_Duct_Cyst,1
abpath,HN::Neck_Lymph_Node::Tumor::Branchioma,1
abpath,HN::Neck_Lymph_Node::Tumor::Heterotopia_Associated_Carcinoma,1
abpath,HN::Neck_Lymph_Node::Tumor::Squamous_Cell_Carcinoma_Of_Unknown_Primary,1
abpath,HN::Neuroendocrine_Paraganglioma::Neuroendocrine_Carcinoma::Large_Cell_Neuroendocrine_Carcinoma,1
abpath,HN::Neuroendocrine_Paraganglioma::Neuroendocrine_Carcinoma::Merkel_Cell_Carcinoma,1
abpath,HN::Neuroendocrine_Paraganglioma::Neuroendocrine_Carcinoma::Small_Cell_Neuroendocrine_Carcinoma,1
abpath,HN::Neuroendocrine_Paraganglioma::Neuroendocrine_Tumor::Ectopic_Pituitary_Adenoma,1
abpath,HN::Neuroendocrine_Paraganglioma::Neuroendocrine_Tumor::Neuroendocrine_Tumor_NOS,1
abpath,HN::Neuroendocrine_Paraganglioma::Paraganglioma::Head_And_Neck_Paraganglioma,1
abpath,HN::Odontogenic_Maxillofacial::Benign_Bone_Cartilage::Chondroblastoma,1
abpath,HN::Odontogenic_Maxillofacial::Benign_Bone_Cartilage::Chondromyxoid_Fibroma,1
abpath,HN::Odontogenic_Maxillofacial::Benign_Bone_Cartilage::Desmoplastic_Fibroma,1
abpath,HN::Odontogenic_Maxillofacial::Benign_Bone_Cartilage::Osteoblastoma,1
abpath,HN::Odontogenic_Maxillofacial::Benign_Bone_Cartilage::Osteochondroma,1
abpath,HN::Odontogenic_Maxillofacial::Benign_Bone_Cartilage::Osteoma,1
abpath,HN::Odontogenic_Maxillofacial::Benign_Epithelial::Adenoid_Ameloblastoma,1
abpath,HN::Odontogenic_Maxillofacial::Benign_Epithelial::Adenomatoid_Odontogenic_Tumor,1
abpath,HN::Odontogenic_Maxillofacial::Benign_Epithelial::Ameloblastoma_Conventional,1
abpath,HN::Odontogenic_Maxillofacial::Benign_Epithelial::Ameloblastoma_Peripheral,1
abpath,HN::Odontogenic_Maxillofacial::Benign_Epithelial::Ameloblastoma_Unicystic,1
abpath,HN::Odontogenic_Maxillofacial::Benign_Epithelial::Calcifying_Epithelial_Odontogenic_Tumor,1
abpath,HN::Odontogenic_Maxillofacial::Benign_Epithelial::Metastasizing_Ameloblastoma,1
abpath,HN::Odontogenic_Maxillofacial::Benign_Epithelial::Squamous_Odontogenic_Tumor,1
abpath,HN::Odontogenic_Maxillofacial::Benign_Mesenchymal::Cemento_Ossifying_Fibroma,1
abpath,HN::Odontogenic_Maxillofacial::Benign_Mesenchymal::Cementoblastoma,1
abpath,HN::Odontogenic_Maxillofacial::Benign_Mesenchymal::Odontogenic_Fibroma,1
abpath,HN::Odontogenic_Maxillofacial::Benign_Mesenchymal::Odontogenic_Myxoma,1
abpath,HN::Odontogenic_Maxillofacial::Benign_Mixed::Ameloblastic_Fibroma,1
abpath,HN::Odontogenic_Maxillofacial::Benign_Mixed::Dentinogenic_Ghost_Cell_Tumor,1
abpath,HN::Odontogenic_Maxillofacial::Benign_Mixed::Odontoma,1
abpath,HN::Odontogenic_Maxillofacial::Benign_Mixed::Primordial_Odontogenic_Tumor,1
abpath,HN::Odontogenic_Maxillofacial::Bone_Cyst::Aneurysmal_Bone_Cyst,1
abpath,HN::Odontogenic_Maxillofacial::Bone_Cyst::Simple_Bone_Cyst,1
abpath,HN::Odontogenic_Maxillofacial::Fibro_Osseous::Cemento_Osseous_Dysplasia,1
abpath,HN::Odontogenic_Maxillofacial::Fibro_Osseous::Familial_Gigantiform_Cementoma,1
abpath,HN::Odontogenic_Maxillofacial::Fibro_Osseous::Fibrous_Dysplasia,1
abpath,HN::Odontogenic_Maxillofacial::Fibro_Osseous::Juvenile_Trabecular_Ossifying_Fibroma,1
abpath,HN::Odontogenic_Maxillofacial::Fibro_Osseous::Psammomatoid_Ossifying_Fibroma,1
abpath,HN::Odontogenic_Maxillofacial::Fibro_Osseous::Segmental_Odontomaxillary_Dysplasia,1
abpath,HN::Odontogenic_Maxillofacial::Giant_Cell_Lesion::Central_Giant_Cell_Granuloma,1
abpath,HN::Odontogenic_Maxillofacial::Giant_Cell_Lesion::Cherubism,1
abpath,HN::Odontogenic_Maxillofacial::Giant_Cell_Lesion::Peripheral_Giant_Cell_Granuloma,1
abpath,HN::Odontogenic_Maxillofacial::Jaw_Cyst::Botryoid_Odontogenic_Cyst,1
abpath,HN::Odontogenic_Maxillofacial::Jaw_Cyst::Calcifying_Odontogenic_Cyst,1
abpath,HN::Odontogenic_Maxillofacial::Jaw_Cyst::Dentigerous_Cyst,1
abpath,HN::Odontogenic_Maxillofacial::Jaw_Cyst::Gingival_Cyst,1
abpath,HN::Odontogenic_Maxillofacial::Jaw_Cyst::Glandular_Odontogenic_Cyst,1
abpath,HN::Odontogenic_Maxillofacial::Jaw_Cyst::Inflammatory_Collateral_Cyst,1
abpath,HN::Odontogenic_Maxillofacial::Jaw_Cyst::Lateral_Periodontal_Cyst,1
abpath,HN::Odontogenic_Maxillofacial::Jaw_Cyst::Nasopalatine_Duct_Cyst,1
abpath,HN::Odontogenic_Maxillofacial::Jaw_Cyst::Odontogenic_Keratocyst,1
abpath,HN::Odontogenic_Maxillofacial::Jaw_Cyst::Orthokeratinized_Odontogenic_Cyst,1
abpath,HN::Odontogenic_Maxillofacial::Jaw_Cyst::Radicular_Cyst,1
abpath,HN::Odontogenic_Maxillofacial::Jaw_Cyst::Surgical_Ciliated_Cyst,1
abpath,HN::Odontogenic_Maxillofacial::Malignant::Ameloblastic_Carcinoma,1
abpath,HN::Odontogenic_Maxillofacial::Malignant::Clear_Cell_Odontogenic_Carcinoma,1
abpath,HN::Odontogenic_Maxillofacial::Malignant::Ghost_Cell_Odontogenic_Carcinoma,1
abpath,HN::Odontogenic_Maxillofacial::Malignant::Odontogenic_Carcinosarcoma,1
abpath,HN::Odontogenic_Maxillofacial::Malignant::Odontogenic_Sarcoma,1
abpath,HN::Odontogenic_Maxillofacial::Malignant::Primary_Intraosseous_Carcinoma_NOS,1
abpath,HN::Odontogenic_Maxillofacial::Malignant::Sclerosing_Odontogenic_Carcinoma,1
abpath,HN::Odontogenic_Maxillofacial::Malignant_Bone_Cartilage::Chondrosarcoma,1
abpath,HN::Odontogenic_Maxillofacial::Malignant_Bone_Cartilage::Mesenchymal_Chondrosarcoma,1
abpath,HN::Odontogenic_Maxillofacial::Malignant_Bone_Cartilage::Osteosarcoma_Of_Jaw,1
abpath,HN::Odontogenic_Maxillofacial::Malignant_Bone_Cartilage::Rhabdomyosarcoma_With_TFCP2_Rearrangement,1
abpath,HN::Oral_Cavity::Carcinoma::Carcinoma_Cuniculatum,1
abpath,HN::Oral_Cavity::Carcinoma::Oral_Squamous_Cell_Carcinoma,1
abpath,HN::Oral_Cavity::Carcinoma::Verrucous_Carcinoma,1
abpath,HN::Oral_Cavity::Inflammatory::Infection,1
abpath,HN::Oral_Cavity::Inflammatory::Lichen_Planus,1
abpath,HN::Oral_Cavity::Inflammatory::Pyogenic_Granuloma,1
abpath,HN::Oral_Cavity::Non_Neoplastic::Multifocal_Epithelial_Hyperplasia,1
abpath,HN::Oral_Cavity::Non_Neoplastic::Necrotizing_Sialometaplasia,1
abpath,HN::Oral_Cavity::Non_Neoplastic::Oral_Melanoacanthoma,1
abpath,HN::Oral_Cavity::Precursor::HPV_Associated_Oral_Epithelial_Dysplasia,1
abpath,HN::Oral_Cavity::Precursor::Oral_Epithelial_Dysplasia,1
abpath,HN::Oral_Cavity::Precursor::Proliferative_Verrucous_Leukoplakia,1
abpath,HN::Oral_Cavity::Precursor::Squamous_Dysplasia,1
abpath,HN::Oral_Cavity::Precursor::Squamous_Papilloma,1
abpath,HN::Oral_Cavity::Precursor::Submucous_Fibrosis,1
abpath,HN::Oral_Cavity::Tumor_Uncertain_Histogenesis::Congenital_Granular_Cell_Epulis,1
abpath,HN::Oral_Cavity::Tumor_Uncertain_Histogenesis::Ectomesenchymal_Chondromyxoid_Tumor,1
abpath,HN::Oral_Cavity::Tumor_Uncertain_Histogenesis::Granular_Cell_Tumor,1
abpath,HN::Oral_Cavity::Tumor_Uncertain_Histogenesis::Melanotic_Neuroectodermal_Tumor_Of_Infancy,1
abpath,HN::Oropharynx::Benign::Hamartomatous_Polyp,1
abpath,HN::Oropharynx::Carcinoma::Squamous_Cell_Carcinoma_HPV_Associated,1
abpath,HN::Oropharynx::Carcinoma::Squamous_Cell_Carcinoma_HPV_Independent,1
abpath,HN::Salivary_Gland::Benign_Tumor::Basal_Cell_Adenoma,1
abpath,HN::Salivary_Gland::Benign_Tumor::Canalicular_Adenoma,1
abpath,HN::Salivary_Gland::Benign_Tumor::Cystadenoma,1
abpath,HN::Salivary_Gland::Benign_Tumor::Intercalated_Duct_Adenoma,1
abpath,HN::Salivary_Gland::Benign_Tumor::Intercalated_Duct_Hyperplasia,1
abpath,HN::Salivary_Gland::Benign_Tumor::Keratocystoma,1
abpath,HN::Salivary_Gland::Benign_Tumor::Lymphadenoma,1
abpath,HN::Salivary_Gland::Benign_Tumor::Myoepithelioma,1
abpath,HN::Salivary_Gland::Benign_Tumor::Oncocytoma,1
abpath,HN::Salivary_Gland::Benign_Tumor::Pleomorphic_Adenoma,1
abpath,HN::Salivary_Gland::Benign_Tumor::Sclerosing_Polycystic_Adenoma,1
abpath,HN::Salivary_Gland::Benign_Tumor::Sebaceous_Adenoma,1
abpath,HN::Salivary_Gland::Benign_Tumor::Sialadenoma_Papilliferum,1
abpath,HN::Salivary_Gland::Benign_Tumor::Sialolipoma,1
abpath,HN::Salivary_Gland::Benign_Tumor::Striated_Duct_Adenoma,1
abpath,HN::Salivary_Gland::Benign_Tumor::Warthin_Tumor,1
abpath,HN::Salivary_Gland::Inflammatory::Infection,1
abpath,HN::Salivary_Gland::Malignant_Tumor::Acinic_Cell_Carcinoma,1
abpath,HN::Salivary_Gland::Malignant_Tumor::Adenoid_Cystic_Carcinoma,1
abpath,HN::Salivary_Gland::Malignant_Tumor::Basal_Cell_Adenocarcinoma,1
abpath,HN::Salivary_Gland::Malignant_Tumor::Carcinoma_Ex_Pleomorphic_Adenoma,1
abpath,HN::Salivary_Gland::Malignant_Tumor::Carcinosarcoma,1
abpath,HN::Salivary_Gland::Malignant_Tumor::Epithelial_Myoepithelial_Carcinoma,1
abpath,HN::Salivary_Gland::Malignant_Tumor::Hyalinizing_Clear_Cell_Carcinoma,1
abpath,HN::Salivary_Gland::Malignant_Tumor::Intraductal_Carcinoma,1
abpath,HN::Salivary_Gland::Malignant_Tumor::Lymphoepithelial_Carcinoma,1
abpath,HN::Salivary_Gland::Malignant_Tumor::Lymphoepithelioma_Like_Undifferentiated_Carcinoma,1
abpath,HN::Salivary_Gland::Malignant_Tumor::Microsecretory_Adenocarcinoma,1
abpath,HN::Salivary_Gland::Malignant_Tumor::Mucinous_Adenocarcinoma,1
abpath,HN::Salivary_Gland::Malignant_Tumor::Mucoepidermoid_Carcinoma,1
abpath,HN::Salivary_Gland::Malignant_Tumor::Myoepithelial_Carcinoma,1
abpath,HN::Salivary_Gland::Malignant_Tumor::Polymorphous_Adenocarcinoma,1
abpath,HN::Salivary_Gland::Malignant_Tumor::Salivary_Duct_Carcinoma,1
abpath,HN::Salivary_Gland::Malignant_Tumor::Salivary_Gland_Carcinoma_NOS,1
abpath,HN::Salivary_Gland::Malignant_Tumor::Sclerosing_Microcystic_Adenocarcinoma,1
abpath,HN::Salivary_Gland::Malignant_Tumor::Sebaceous_Adenocarcinoma,1
abpath,HN::Salivary_Gland::Malignant_Tumor::Secretory_Carcinoma,1
abpath,HN::Salivary_Gland::Malignant_Tumor::Sialoblastoma,1
abpath,HN::Salivary_Gland::Malignant_Tumor::Squamous_Cell_Carcinoma,1
abpath,HN::Salivary_Gland::Non_Neoplastic::Benign_Lymphoepithelial_Lesion,1
abpath,HN::Salivary_Gland::Non_Neoplastic::Lymphoepithelial_Cyst,1
abpath,HN::Salivary_Gland::Non_Neoplastic::Lymphoepithelial_Sialadenitis,1
abpath,HN::Salivary_Gland::Non_Neoplastic::Mucocele,1
abpath,HN::Salivary_Gland::Non_Neoplastic::Necrotizing_Sialometaplasia,1
abpath,HN::Salivary_Gland::Non_Neoplastic::Nodular_Oncocytic_Hyperplasia,1
abpath,HN::Salivary_Gland::Non_Neoplastic::Ranula,1
abpath,HN::Salivary_Gland::Non_Neoplastic::Sjogren_Syndrome,1
abpath,HN::Sinonasal::Adenocarcinoma::Intestinal_Type_Sinonasal_Adenocarcinoma,1
abpath,HN::Sinonasal::Adenocarcinoma::Non_Intestinal_Type_Sinonasal_Adenocarcinoma,1
abpath,HN::Sinonasal::Carcinoma::HPV_Related_Multiphenotypic_Sinonasal_Carcinoma,1
abpath,HN::Sinonasal::Carcinoma::Keratinizing_Squamous_Cell_Carcinoma,1
abpath,HN::Sinonasal::Carcinoma::NUT_Carcinoma,1
abpath,HN::Sinonasal::Carcinoma::Non_Keratinizing_Squamous_Cell_Carcinoma,1
abpath,HN::Sinonasal::Carcinoma::SWI_SNF_Complex_Deficient_Sinonasal_Carcinoma,1
abpath,HN::Sinonasal::Carcinoma::Sinonasal_Lymphoepithelial_Carcinoma,1
abpath,HN::Sinonasal::Carcinoma::Sinonasal_Undifferentiated_Carcinoma,1
abpath,HN::Sinonasal::Carcinoma::Teratocarcinosarcoma,1
abpath,HN::Sinonasal::Hamartoma::Glial_Heterotopia,1
abpath,HN::Sinonasal::Hamartoma::Nasal_Chondromesenchymal_Hamartoma,1
abpath,HN::Sinonasal::Hamartoma::Respiratory_Epithelial_Adenomatoid_Hamartoma,1
abpath,HN::Sinonasal::Hamartoma::Seromucinous_Hamartoma,1
abpath,HN::Sinonasal::Inflammatory::Granulomatosis_With_Polyangiitis,1
abpath,HN::Sinonasal::Inflammatory::Infection,1
abpath,HN::Sinonasal::Inflammatory::Nasal_Polyp,1
abpath,HN::Sinonasal::Mesenchymal::Biphenotypic_Sinonasal_Sarcoma,1
abpath,HN::Sinonasal::Mesenchymal::Chordoma,1
abpath,HN::Sinonasal::Mesenchymal::Sinonasal_Glomangiopericytoma,1
abpath,HN::Sinonasal::Mesenchymal::Sinonasal_Tract_Angiofibroma,1
abpath,HN::Sinonasal::Neuroendocrine::Olfactory_Neuroblastoma,1
abpath,HN::Sinonasal::Neuroendocrine::Small_Cell_Undifferentiated_Carcinoma,1
abpath,HN::Sinonasal::Other::Adamantinomatous_Craniopharyngioma,1
abpath,HN::Sinonasal::Other::Meningioma,1
abpath,HN::Sinonasal::Other::Sinonasal_Ameloblastoma,1
abpath,HN::Sinonasal::Papilloma::Schneiderian_Papilloma,1
abpath,HN::Sinonasal::Papilloma::Sinonasal_Papilloma_Exophytic,1
abpath,HN::Sinonasal::Papilloma::Sinonasal_Papilloma_Inverted,1
abpath,HN::Sinonasal::Papilloma::Sinonasal_Papilloma_Oncocytic,1
abpath,HN::Soft_Tissue::Adipocytic::Lipoma,1
abpath,HN::Soft_Tissue::Adipocytic::Liposarcoma,1
abpath,HN::Soft_Tissue::Chondro_Osseous::Chondroma,1
abpath,HN::Soft_Tissue::Fibroblastic_Myofibroblastic::Desmoid_Fibromatosis,1
abpath,HN::Soft_Tissue::Fibroblastic_Myofibroblastic::Inflammatory_Myofibroblastic_Tumor,1
abpath,HN::Soft_Tissue::Fibroblastic_Myofibroblastic::Low_Grade_Myofibroblastic_Sarcoma,1
abpath,HN::Soft_Tissue::Fibroblastic_Myofibroblastic::Nodular_Fasciitis,1
abpath,HN::Soft_Tissue::Fibroblastic_Myofibroblastic::Solitary_Fibrous_Tumor,1
abpath,HN::Soft_Tissue::Pericytic::Myofibroma,1
abpath,HN::Soft_Tissue::Peripheral_Nerve_Sheath::Malignant_Peripheral_Nerve_Sheath_Tumor,1
abpath,HN::Soft_Tissue::Peripheral_Nerve_Sheath::Neurofibroma,1
abpath,HN::Soft_Tissue::Peripheral_Nerve_Sheath::Neuroma,1
abpath,HN::Soft_Tissue::Peripheral_Nerve_Sheath::Schwannoma,1
abpath,HN::Soft_Tissue::Skeletal_Muscle::Rhabdomyoma,1
abpath,HN::Soft_Tissue::Skeletal_Muscle::Rhabdomyosarcoma,1
abpath,HN::Soft_Tissue::Smooth_Muscle::Angioleiomyoma,1
abpath,HN::Soft_Tissue::Smooth_Muscle::EBV_Associated_Smooth_Muscle_Tumor,1
abpath,HN::Soft_Tissue::Smooth_Muscle::Leiomyoma,1
abpath,HN::Soft_Tissue::Smooth_Muscle::Leiomyosarcoma,1
abpath,HN::Soft_Tissue::Smooth_Muscle::Smooth_Muscle_Tumor_Of_Uncertain_Malignant_Potential,1
abpath,HN::Soft_Tissue::Uncertain_Differentiation::Extraskeletal_Myxoid_Chondrosarcoma,1
abpath,HN::Soft_Tissue::Uncertain_Differentiation::GLI1_Altered_Soft_Tissue_Tumor,1
abpath,HN::Soft_Tissue::Uncertain_Differentiation::Myxoma,1
abpath,HN::Soft_Tissue::Uncertain_Differentiation::Phosphaturic_Mesenchymal_Tumor,1
abpath,HN::Soft_Tissue::Uncertain_Differentiation::Synovial_Sarcoma,1
abpath,HN::Soft_Tissue::Undifferentiated::Ewing_Sarcoma,1
abpath,HN::Soft_Tissue::Undifferentiated::Undifferentiated_Small_Round_Cell_Sarcoma,1
abpath,HN::Soft_Tissue::Vascular::Angiosarcoma,1
abpath,HN::Soft_Tissue::Vascular::Epithelioid_Hemangioendothelioma,1
abpath,HN::Soft_Tissue::Vascular::Epithelioid_Hemangioma,1
abpath,HN::Soft_Tissue::Vascular::Hemangioma,1
abpath,HN::Soft_Tissue::Vascular::Kaposi_Sarcoma,1
abpath,HN::Soft_Tissue::Vascular::Lymphangioma,1
abpath,Heme::Acute_Leukemia_Of_Ambiguous_Lineage::ALAL_NOS,1
abpath,Heme::Acute_Leukemia_Of_Ambiguous_Lineage::ALAL_With_Other_Defined_Genetic_Alterations,1
abpath,Heme::Acute_Leukemia_Of_Ambiguous_Lineage::Acute_Undifferentiated_Leukemia,1
abpath,Heme::Acute_Leukemia_Of_Ambiguous_Lineage::MPAL_B_Myeloid,1
abpath,Heme::Acute_Leukemia_Of_Ambiguous_Lineage::MPAL_Rare_Types,1
abpath,Heme::Acute_Leukemia_Of_Ambiguous_Lineage::MPAL_T_Myeloid,1
abpath,Heme::Acute_Leukemia_Of_Ambiguous_Lineage::MPAL_With_BCR_ABL1_Fusion,1
abpath,Heme::Acute_Leukemia_Of_Ambiguous_Lineage::MPAL_With_KMT2A_Rearrangement,1
abpath,Heme::Acute_Myeloid_Leukemia::Differentiation_Defined::AML_With_Maturation,1
abpath,Heme::Acute_Myeloid_Leukemia::Differentiation_Defined::AML_With_Minimal_Differentiation,1
abpath,Heme::Acute_Myeloid_Leukemia::Differentiation_Defined::AML_Without_Maturation,1
abpath,Heme::Acute_Myeloid_Leukemia::Differentiation_Defined::Acute_Basophilic_Leukemia,1
abpath,Heme::Acute_Myeloid_Leukemia::Differentiation_Defined::Acute_Erythroid_Leukemia,1
abpath,Heme::Acute_Myeloid_Leukemia::Differentiation_Defined::Acute_Megakaryoblastic_Leukemia,1
abpath,Heme::Acute_Myeloid_Leukemia::Differentiation_Defined::Acute_Monoblastic_Monocytic_Leukemia,1
abpath,Heme::Acute_Myeloid_Leukemia::Differentiation_Defined::Acute_Myelomonocytic_Leukemia,1
abpath,Heme::Acute_Myeloid_Leukemia::Genetic_Defined::AML_Myelodysplasia_Related,1
abpath,Heme::Acute_Myeloid_Leukemia::Genetic_Defined::AML_With_BCR_ABL1,1
abpath,Heme::Acute_Myeloid_Leukemia::Genetic_Defined::AML_With_CBFB_MYH11,1
abpath,Heme::Acute_Myeloid_Leukemia::Genetic_Defined::AML_With_CEBPA_Mutation,1
abpath,Heme::Acute_Myeloid_Leukemia::Genetic_Defined::AML_With_DEK_NUP214,1
abpath,Heme::Acute_Myeloid_Leukemia::Genetic_Defined::AML_With_KMT2A_Rearrangement,1
abpath,Heme::Acute_Myeloid_Leukemia::Genetic_Defined::AML_With_MECOM_Rearrangement,1
abpath,Heme::Acute_Myeloid_Leukemia::Genetic_Defined::AML_With_NPM1_Mutation,1
abpath,Heme::Acute_Myeloid_Leukemia::Genetic_Defined::AML_With_NUP98_Rearrangement,1
abpath,Heme::Acute_Myeloid_Leukemia::Genetic_Defined::AML_With_Other_Defined_Genetic_Alterations,1
abpath,Heme::Acute_Myeloid_Leukemia::Genetic_Defined::AML_With_RBM15_MRTFA,1
abpath,Heme::Acute_Myeloid_Leukemia::Genetic_Defined::AML_With_RUNX1_RUNX1T1,1
abpath,Heme::Acute_Myeloid_Leukemia::Genetic_Defined::Acute_Promyelocytic_Leukemia_PML_RARA,1
abpath,Heme::Clonal_Hematopoiesis::Clonal_Cytopenia_Of_Undetermined_Significance,1
abpath,Heme::Genetics::Ataxia_Telangiectasia,1
abpath,Heme::Genetics::Bloom_Syndrome,1
abpath,Heme::Genetics::Fanconi_Anemia,1
abpath,Heme::Genetics::RASopathy,1
abpath,Heme::Histiocytic_Dendritic_Cell::Langerhans::Langerhans_Cell_Histiocytosis,1
abpath,Heme::Histiocytic_Dendritic_Cell::Langerhans::Langerhans_Cell_Sarcoma,1
abpath,Heme::Histiocytic_Dendritic_Cell::Macrophage::ALK_Positive_Histiocytosis,1
abpath,Heme::Histiocytic_Dendritic_Cell::Macrophage::Erdheim_Chester_Disease,1
abpath,Heme::Histiocytic_Dendritic_Cell::Macrophage::Hemophagocytic_Lymphohistiocytosis_HLH,1
abpath,Heme::Histiocytic_Dendritic_Cell::Macrophage::Histiocytic_Sarcoma,1
abpath,Heme::Histiocytic_Dendritic_Cell::Macrophage::Juvenile_Xanthogranuloma,1
abpath,Heme::Histiocytic_Dendritic_Cell::Macrophage::Prosthetic_Associated_Histiocyte_Proliferation,1
abpath,Heme::Histiocytic_Dendritic_Cell::Macrophage::Rosai_Dorfman_Disease,1
abpath,Heme::Histiocytic_Dendritic_Cell::Macrophage::Storage_Disease,1
abpath,Heme::Histiocytic_Dendritic_Cell::Other_Dendritic::Indeterminate_Dendritic_Cell_Tumor,1
abpath,Heme::Histiocytic_Dendritic_Cell::Other_Dendritic::Interdigitating_Dendritic_Cell_Sarcoma,1
abpath,Heme::Histiocytic_Dendritic_Cell::Plasmacytoid::Blastic_Plasmacytoid_Dendritic_Cell_Neoplasm,1
abpath,Heme::Histiocytic_Dendritic_Cell::Plasmacytoid::Mature_Plasmacytoid_Dendritic_Cell_Proliferation,1
abpath,Heme::Hodgkin_Lymphoma::Classic_Hodgkin_Lymphoma,1
abpath,Heme::Hodgkin_Lymphoma::Nodular_Lymphocyte_Predominant_Hodgkin_Lymphoma,1
abpath,Heme::Immune_Deficiency_Associated::EBV_Positive_Mucocutaneous_Ulcer,1
abpath,Heme::Immune_Deficiency_Associated::HIV_Associated_Lymphoproliferative_Disorder,1
abpath,Heme::Immune_Deficiency_Associated::Hyperplasia_Arising_In_Immune_Deficiency,1
abpath,Heme::Immune_Deficiency_Associated::Iatrogenic_Lymphoproliferative_Disorder,1
abpath,Heme::Immune_Deficiency_Associated::Inborn_Error_Of_Immunity_Associated_Lymphoid_Proliferation,1
abpath,Heme::Immune_Deficiency_Associated::Lymphoma_Arising_In_Immune_Deficiency,1
abpath,Heme::Immune_Deficiency_Associated::Polymorphic_Lymphoproliferative_Disorder,1
abpath,Heme::Immune_Deficiency_Associated::Post_Transplant_Lymphoproliferative_Disorder_PTLD,1
abpath,Heme::Infection::Anaplasma,1
abpath,Heme::Infection::Babesia,1
abpath,Heme::Infection::Cat_Scratch_Disease,1
abpath,Heme::Infection::Ehrlichia,1
abpath,Heme::Infection::Histoplasma,1
abpath,Heme::Infection::Infectious_Mononucleosis,1
abpath,Heme::Infection::Malaria,1
abpath,Heme::Infection::Parvovirus,1
abpath,Heme::Infection::Pertussis,1
abpath,Heme::Infection::Syphilis,1
abpath,Heme::Infection::Toxoplasmosis,1
abpath,Heme::Mastocytosis::Cutaneous_Mastocytosis,1
abpath,Heme::Mastocytosis::Mast_Cell_Sarcoma,1
abpath,Heme::Mastocytosis::Systemic_Mastocytosis,1
abpath,Heme::Mature_B_Cell::Burkitt::Burkitt_Lymphoma,1
abpath,Heme::Mature_B_Cell::Follicular::Duodenal_Type_Follicular_Lymphoma,1
abpath,Heme::Mature_B_Cell::Follicular::Follicular_Lymphoma,1
abpath,Heme::Mature_B_Cell::Follicular::In_Situ_Follicular_B_Cell_Neoplasm,1
abpath,Heme::Mature_B_Cell::Follicular::Pediatric_Type_Follicular_Lymphoma,1
abpath,Heme::Mature_B_Cell::Follicular::Primary_Cutaneous_Follicle_Center_Lymphoma,1
abpath,Heme::Mature_B_Cell::KSHV_HHV8_Associated::KSHV_HHV8_Positive_Diffuse_Large_B_Cell_Lymphoma,1
abpath,Heme::Mature_B_Cell::KSHV_HHV8_Associated::KSHV_HHV8_Positive_Germinotropic_Lymphoproliferative_Disorder,1
abpath,Heme::Mature_B_Cell::KSHV_HHV8_Associated::Primary_Effusion_Lymphoma,1
abpath,Heme::Mature_B_Cell::Large_B_Cell::ALK_Positive_Large_B_Cell_Lymphoma,1
abpath,Heme::Mature_B_Cell::Large_B_Cell::DLBCL_Associated_With_Chronic_Inflammation,1
abpath,Heme::Mature_B_Cell::Large_B_Cell::DLBCL_High_Grade_With_MYC_And_BCL2_Rearrangements,1
abpath,Heme::Mature_B_Cell::Large_B_Cell::Diffuse_Large_B_Cell_Lymphoma_NOS,1
abpath,Heme::Mature_B_Cell::Large_B_Cell::EBV_Positive_Diffuse_Large_B_Cell_Lymphoma,1
abpath,Heme::Mature_B_Cell::Large_B_Cell::Fibrin_Associated_Large_B_Cell_Lymphoma,1
abpath,Heme::Mature_B_Cell::Large_B_Cell::Fluid_Overload_Associated_Large_B_Cell_Lymphoma,1
abpath,Heme::Mature_B_Cell::Large_B_Cell::High_Grade_B_Cell_Lymphoma_NOS,1
abpath,Heme::Mature_B_Cell::Large_B_Cell::High_Grade_B_Cell_Lymphoma_With_11q_Aberration,1
abpath,Heme::Mature_B_Cell::Large_B_Cell::Intravascular_Large_B_Cell_Lymphoma,1
abpath,Heme::Mature_B_Cell::Large_B_Cell::Large_B_Cell_Lymphoma_With_IRF4_Rearrangement,1
abpath,Heme::Mature_B_Cell::Large_B_Cell::Lymphomatoid_Granulomatosis,1
abpath,Heme::Mature_B_Cell::Large_B_Cell::Mediastinal_Grey_Zone_Lymphoma,1
abpath,Heme::Mature_B_Cell::Large_B_Cell::Plasmablastic_Lymphoma,1
abpath,Heme::Mature_B_Cell::Large_B_Cell::Primary_Cutaneous_Diffuse_Large_B_Cell_Lymphoma_Leg_Type,1
abpath,Heme::Mature_B_Cell::Large_B_Cell::Primary_Large_B_Cell_Lymphoma_Of_Immune_Privileged_Sites,1
abpath,Heme::Mature_B_Cell::Large_B_Cell::Primary_Mediastinal_Large_B_Cell_Lymphoma,1
abpath,Heme::Mature_B_Cell::Large_B_Cell::T_Cell_Histiocyte_Rich_Large_B_Cell_Lymphoma,1
abpath,Heme::Mature_B_Cell::Lymphoplasmacytic::Lymphoplasmacytic_Lymphoma,1
abpath,Heme::Mature_B_Cell::Mantle_Cell::In_Situ_Mantle_Cell_Neoplasm,1
abpath,Heme::Mature_B_Cell::Mantle_Cell::Leukemic_Non_Nodal_Mantle_Cell_Lymphoma,1
abpath,Heme::Mature_B_Cell::Mantle_Cell::Mantle_Cell_Lymphoma,1
abpath,Heme::Mature_B_Cell::Marginal_Zone::Extranodal_Marginal_Zone_Lymphoma_Of_MALT,1
abpath,Heme::Mature_B_Cell::Marginal_Zone::Nodal_Marginal_Zone_Lymphoma,1
abpath,Heme::Mature_B_Cell::Marginal_Zone::Pediatric_Nodal_Marginal_Zone_Lymphoma,1
abpath,Heme::Mature_B_Cell::Marginal_Zone::Primary_Cutaneous_Marginal_Zone_Lymphoma,1
abpath,Heme::Mature_B_Cell::Small_Lymphocytic::Chronic_Lymphocytic_Leukemia_Small_Lymphocytic_Lymphoma,1
abpath,Heme::Mature_B_Cell::Small_Lymphocytic::Monoclonal_B_Cell_Lymphocytosis,1
abpath,Heme::Mature_B_Cell::Splenic::Hairy_Cell_Leukemia,1
abpath,Heme::Mature_B_Cell::Splenic::Splenic_B_Cell_Lymphoma_Leukemia_With_Prominent_Nucleoli,1
abpath,Heme::Mature_B_Cell::Splenic::Splenic_Diffuse_Red_Pulp_Small_B_Cell_Lymphoma,1
abpath,Heme::Mature_B_Cell::Splenic::Splenic_Marginal_Zone_Lymphoma,1
abpath,Heme::Mature_B_Cell::Transformation::Transformation_Of_Indolent_B_Cell_Lymphoma,1
abpath,Heme::Mature_T_NK_Cell::Anaplastic_Large_Cell::ALK_Negative_Anaplastic_Large_Cell_Lymphoma,1
abpath,Heme::Mature_T_NK_Cell::Anaplastic_Large_Cell::ALK_Positive_Anaplastic_Large_Cell_Lymphoma,1
abpath,Heme::Mature_T_NK_Cell::Anaplastic_Large_Cell::Breast_Implant_Associated_Anaplastic_Large_Cell_Lymphoma,1
abpath,Heme::Mature_T_NK_Cell::Cutaneous::Lymphomatoid_Papulosis,1
abpath,Heme::Mature_T_NK_Cell::Cutaneous::Mycosis_Fungoides,1
abpath,Heme::Mature_T_NK_Cell::Cutaneous::Primary_Cutaneous_Acral_CD8_Positive_T_Cell_LPD,1
abpath,Heme::Mature_T_NK_Cell::Cutaneous::Primary_Cutaneous_Anaplastic_Large_Cell_Lymphoma,1
abpath,Heme::Mature_T_NK_Cell::Cutaneous::Primary_Cutaneous_CD4_Positive_Small_Medium_T_Cell_LPD,1
abpath,Heme::Mature_T_NK_Cell::Cutaneous::Primary_Cutaneous_CD8_Positive_Aggressive_Epidermotropic_Cytotoxic_T_Cell_Lymphoma,1
abpath,Heme::Mature_T_NK_Cell::Cutaneous::Primary_Cutaneous_Gamma_Delta_T_Cell_Lymphoma,1
abpath,Heme::Mature_T_NK_Cell::Cutaneous::Primary_Cutaneous_Peripheral_T_Cell_Lymphoma_NOS,1
abpath,Heme::Mature_T_NK_Cell::Cutaneous::Subcutaneous_Panniculitis_Like_T_Cell_Lymphoma,1
abpath,Heme::Mature_T_NK_Cell::EBV_Positive::EBV_Positive_Nodal_T_NK_Cell_Lymphoma,1
abpath,Heme::Mature_T_NK_Cell::EBV_Positive::Extranodal_NK_T_Cell_Lymphoma,1
abpath,Heme::Mature_T_NK_Cell::EBV_Positive::Hydroa_Vacciniforme_Lymphoproliferative_Disorder,1
abpath,Heme::Mature_T_NK_Cell::EBV_Positive::Severe_Mosquito_Bite_Allergy,1
abpath,Heme::Mature_T_NK_Cell::EBV_Positive::Systemic_Chronic_Active_EBV_Disease,1
abpath,Heme::Mature_T_NK_Cell::EBV_Positive::Systemic_EBV_Positive_T_Cell_Lymphoma_Of_Childhood,1
abpath,Heme::Mature_T_NK_Cell::Hepatosplenic::Hepatosplenic_T_Cell_Lymphoma,1
abpath,Heme::Mature_T_NK_Cell::Intestinal::Enteropathy_Associated_T_Cell_Lymphoma,1
abpath,Heme::Mature_T_NK_Cell::Intestinal::Indolent_NK_Cell_LPD_Of_GI_Tract,1
abpath,Heme::Mature_T_NK_Cell::Intestinal::Indolent_T_Cell_Lymphoma_Of_GI_Tract,1
abpath,Heme::Mature_T_NK_Cell::Intestinal::Intestinal_T_Cell_Lymphoma_NOS,1
abpath,Heme::Mature_T_NK_Cell::Intestinal::Monomorphic_Epitheliotropic_Intestinal_T_Cell_Lymphoma,1
abpath,Heme::Mature_T_NK_Cell::Leukemia::Adult_T_Cell_Leukemia_Lymphoma,1
abpath,Heme::Mature_T_NK_Cell::Leukemia::Aggressive_NK_Cell_Leukemia,1
abpath,Heme::Mature_T_NK_Cell::Leukemia::NK_Large_Granular_Lymphocytic_Leukemia,1
abpath,Heme::Mature_T_NK_Cell::Leukemia::Sezary_Syndrome,1
abpath,Heme::Mature_T_NK_Cell::Leukemia::T_Large_Granular_Lymphocytic_Leukemia,1
abpath,Heme::Mature_T_NK_Cell::Leukemia::T_Prolymphocytic_Leukemia,1
abpath,Heme::Mature_T_NK_Cell::Other::Peripheral_T_Cell_Lymphoma_NOS,1
abpath,Heme::Mature_T_NK_Cell::TFH::Nodal_TFH_Cell_Lymphoma_Angioimmunoblastic_Type,1
abpath,Heme::Mature_T_NK_Cell::TFH::Nodal_TFH_Cell_Lymphoma_Follicular_Type,1
abpath,Heme::Mature_T_NK_Cell::TFH::Nodal_TFH_Cell_Lymphoma_NOS,1
abpath,Heme::Metastasis::Metastatic_Tumor_To_Bone_Marrow,1
abpath,Heme::Metastasis::Metastatic_Tumor_To_Lymph_Node,1
abpath,Heme::Metastasis::Metastatic_Tumor_To_Spleen,1
abpath,Heme::Myelodysplastic_Myeloproliferative_Neoplasm::Atypical_Chronic_Myeloid_Leukemia,1
abpath,Heme::Myelodysplastic_Myeloproliferative_Neoplasm::Chronic_Myelomonocytic_Leukemia,1
abpath,Heme::Myelodysplastic_Myeloproliferative_Neoplasm::MDS_MPN_NOS,1
abpath,Heme::Myelodysplastic_Myeloproliferative_Neoplasm::MDS_MPN_With_Neutrophilia,1
abpath,Heme::Myelodysplastic_Myeloproliferative_Neoplasm::MDS_MPN_With_SF3B1_Mutation_And_Thrombocytosis,1
abpath,Heme::Myelodysplastic_Neoplasm::Childhood::Childhood_MDS_With_Increased_Blasts,1
abpath,Heme::Myelodysplastic_Neoplasm::Childhood::Childhood_MDS_With_Low_Blasts,1
abpath,Heme::Myelodysplastic_Neoplasm::Genetic_Defined::MDS_With_Biallelic_TP53_Inactivation,1
abpath,Heme::Myelodysplastic_Neoplasm::Genetic_Defined::MDS_With_Low_Blasts_And_5q_Deletion,1
abpath,Heme::Myelodysplastic_Neoplasm::Genetic_Defined::MDS_With_Low_Blasts_And_SF3B1_Mutation,1
abpath,Heme::Myelodysplastic_Neoplasm::Morphologic_Defined::MDS_Hypoplastic,1
abpath,Heme::Myelodysplastic_Neoplasm::Morphologic_Defined::MDS_With_Increased_Blasts,1
abpath,Heme::Myelodysplastic_Neoplasm::Morphologic_Defined::MDS_With_Low_Blasts,1
abpath,Heme::Myeloid_Lymphoid_Neoplasm_With_Eosinophilia::MLN_With_ETV6_ABL1_Fusion,1
abpath,Heme::Myeloid_Lymphoid_Neoplasm_With_Eosinophilia::MLN_With_FGFR1_Rearrangement,1
abpath,Heme::Myeloid_Lymphoid_Neoplasm_With_Eosinophilia::MLN_With_FLT3_Rearrangement,1
abpath,Heme::Myeloid_Lymphoid_Neoplasm_With_Eosinophilia::MLN_With_JAK2_Rearrangement,1
abpath,Heme::Myeloid_Lymphoid_Neoplasm_With_Eosinophilia::MLN_With_Other_Tyrosine_Kinase_Gene_Fusions,1
abpath,Heme::Myeloid_Lymphoid_Neoplasm_With_Eosinophilia::MLN_With_PCM1_JAK2_Rearrangement,1
abpath,Heme::Myeloid_Lymphoid_Neoplasm_With_Eosinophilia::MLN_With_PDGFRA_Rearrangement,1
abpath,Heme::Myeloid_Lymphoid_Neoplasm_With_Eosinophilia::MLN_With_PDGFRB_Rearrangement,1
abpath,Heme::Myeloid_Sarcoma,1
abpath,Heme::Myeloproliferative_Neoplasm::Chronic_Eosinophilic_Leukemia,1
abpath,Heme::Myeloproliferative_Neoplasm::Chronic_Myeloid_Leukemia,1
abpath,Heme::Myeloproliferative_Neoplasm::Chronic_Neutrophilic_Leukemia,1
abpath,Heme::Myeloproliferative_Neoplasm::Essential_Thrombocythemia,1
abpath,Heme::Myeloproliferative_Neoplasm::Juvenile_Myelomonocytic_Leukemia,1
abpath,Heme::Myeloproliferative_Neoplasm::Myeloproliferative_Neoplasm_NOS,1
abpath,Heme::Myeloproliferative_Neoplasm::Polycythemia_Vera,1
abpath,Heme::Myeloproliferative_Neoplasm::Primary_Myelofibrosis,1
abpath,Heme::Non_Neoplastic::Bone_Marrow::Paget_Disease,1
abpath,Heme::Non_Neoplastic::Bone_Marrow::Renal_Osteodystrophy,1
abpath,Heme::Non_Neoplastic::Bone_Marrow::Therapy_Related_Changes,1
abpath,Heme::Non_Neoplastic::Erythrocyte::Anemia_Of_Chronic_Disease,1
abpath,Heme::Non_Neoplastic::Erythrocyte::Aplastic_Anemia,1
abpath,Heme::Non_Neoplastic::Erythrocyte::Congenital_Dyserythropoietic_Anemia,1
abpath,Heme::Non_Neoplastic::Erythrocyte::Diamond_Blackfan_Anemia,1
abpath,Heme::Non_Neoplastic::Erythrocyte::Erythrocytosis,1
abpath,Heme::Non_Neoplastic::Erythrocyte::G6PD_Deficiency,1
abpath,Heme::Non_Neoplastic::Erythrocyte::Hemoglobin_C_Disease,1
abpath,Heme::Non_Neoplastic::Erythrocyte::Hemoglobin_E_Disease,1
abpath,Heme::Non_Neoplastic::Erythrocyte::Hemoglobin_S_Disease,1
abpath,Heme::Non_Neoplastic::Erythrocyte::Hereditary_Elliptocytosis,1
abpath,Heme::Non_Neoplastic::Erythrocyte::Hereditary_Spherocytosis,1
abpath,Heme::Non_Neoplastic::Erythrocyte::Immune_Hemolytic_Anemia,1
abpath,Heme::Non_Neoplastic::Erythrocyte::Iron_Deficiency_Anemia,1
abpath,Heme::Non_Neoplastic::Erythrocyte::Lead_Poisoning,1
abpath,Heme::Non_Neoplastic::Erythrocyte::Megaloblastic_Anemia,1
abpath,Heme::Non_Neoplastic::Erythrocyte::Microangiopathic_Hemolytic_Anemia,1
abpath,Heme::Non_Neoplastic::Erythrocyte::Paroxysmal_Nocturnal_Hemoglobinuria_PNH,1
abpath,Heme::Non_Neoplastic::Erythrocyte::Porphyria,1
abpath,Heme::Non_Neoplastic::Erythrocyte::Pyruvate_Kinase_Deficiency,1
abpath,Heme::Non_Neoplastic::Erythrocyte::Sideroblastic_Anemia_Acquired,1
abpath,Heme::Non_Neoplastic::Erythrocyte::Sideroblastic_Anemia_Inherited,1
abpath,Heme::Non_Neoplastic::Erythrocyte::Spur_Cell_Anemia,1
abpath,Heme::Non_Neoplastic::Erythrocyte::Thalassemia,1
abpath,Heme::Non_Neoplastic::Erythrocyte::Thermal_Injury_Hemolytic_Anemia,1
abpath,Heme::Non_Neoplastic::Leukocyte::Alder_Reilly_Anomaly,1
abpath,Heme::Non_Neoplastic::Leukocyte::Chediak_Higashi_Syndrome,1
abpath,Heme::Non_Neoplastic::Leukocyte::May_Hegglin_Anomaly,1
abpath,Heme::Non_Neoplastic::Leukocyte::Pelger_Huet_Anomaly,1
abpath,Heme::Non_Neoplastic::Lymph_Node::Dermatopathic_Lymphadenopathy,1
abpath,Heme::Non_Neoplastic::Lymph_Node::Non_Lymphoid_Inclusions_Mesothelial,1
abpath,Heme::Non_Neoplastic::Lymph_Node::Phenytoin_Induced_Lymphadenopathy,1
abpath,Heme::Non_Neoplastic::Platelet_Coagulation::Antiphospholipid_Antibody_Syndrome,1
abpath,Heme::Non_Neoplastic::Platelet_Coagulation::Disseminated_Intravascular_Coagulation,1
abpath,Heme::Non_Neoplastic::Platelet_Coagulation::Factor_Deficiency,1
abpath,Heme::Non_Neoplastic::Platelet_Coagulation::Factor_Inhibitor,1
abpath,Heme::Non_Neoplastic::Platelet_Coagulation::Fibrinolysis,1
abpath,Heme::Non_Neoplastic::Platelet_Coagulation::Fibrinolytic_Thrombotic_Disorder,1
abpath,Heme::Non_Neoplastic::Platelet_Coagulation::Heparin_Induced_Thrombocytopenia,1
abpath,Heme::Non_Neoplastic::Platelet_Coagulation::Immune_Thrombocytopenia,1
abpath,Heme::Non_Neoplastic::Platelet_Coagulation::Inherited_Thrombocytopenia,1
abpath,Heme::Non_Neoplastic::Platelet_Coagulation::Qualitative_Platelet_Disorder,1
abpath,Heme::Non_Neoplastic::Platelet_Coagulation::Thrombocytosis,1
abpath,Heme::Non_Neoplastic::Platelet_Coagulation::Thrombotic_Thrombocytopenic_Purpura_Hemolytic_Uremic_Syndrome,1
abpath,Heme::Non_Neoplastic::Platelet_Coagulation::Von_Willebrand_Disease,1
abpath,Heme::Non_Neoplastic::Spleen::Lymphoid_Hyperplasia,1
abpath,Heme::Non_Neoplastic::Spleen::Splenic_Cyst,1
abpath,Heme::Non_Neoplastic::Thymus::Thymic_Hyperplasia,1
abpath,Heme::Non_Neoplastic::Thymus::Thymoma,1
abpath,Heme::Plasma_Cell_Neoplasm::Cryoglobulinemia,1
abpath,Heme::Plasma_Cell_Neoplasm::Deposition_Disease::Immunoglobulin_Related_Amyloidosis_AL,1
abpath,Heme::Plasma_Cell_Neoplasm::Deposition_Disease::Monoclonal_Immunoglobulin_Deposition_Disease,1
abpath,Heme::Plasma_Cell_Neoplasm::Heavy_Chain_Disease::Alpha_Heavy_Chain_Disease,1
abpath,Heme::Plasma_Cell_Neoplasm::Heavy_Chain_Disease::Gamma_Heavy_Chain_Disease,1
abpath,Heme::Plasma_Cell_Neoplasm::Heavy_Chain_Disease::Mu_Heavy_Chain_Disease,1
abpath,Heme::Plasma_Cell_Neoplasm::Monoclonal_Gammopathy::Cold_Agglutinin_Disease,1
abpath,Heme::Plasma_Cell_Neoplasm::Monoclonal_Gammopathy::IgM_MGUS,1
abpath,Heme::Plasma_Cell_Neoplasm::Monoclonal_Gammopathy::Monoclonal_Gammopathy_Of_Renal_Significance,1
abpath,Heme::Plasma_Cell_Neoplasm::Monoclonal_Gammopathy::Non_IgM_MGUS,1
abpath,Heme::Plasma_Cell_Neoplasm::POEMS_Syndrome,1
abpath,Heme::Plasma_Cell_Neoplasm::Plasma_Cell_Myeloma,1
abpath,Heme::Plasma_Cell_Neoplasm::Plasma_Cell_Neoplasm_With_Paraneoplastic_Syndrome,1
abpath,Heme::Plasma_Cell_Neoplasm::Plasmacytoma,1
abpath,Heme::Precursor_B_Cell::B_ALL_NOS,1
abpath,Heme::Precursor_B_Cell::B_ALL_With_BCR_ABL1_Fusion,1
abpath,Heme::Precursor_B_Cell::B_ALL_With_BCR_ABL1_Like_Features,1
abpath,Heme::Precursor_B_Cell::B_ALL_With_ETV6_RUNX1_Fusion,1
abpath,Heme::Precursor_B_Cell::B_ALL_With_ETV6_RUNX1_Like_Features,1
abpath,Heme::Precursor_B_Cell::B_ALL_With_High_Hyperdiploidy,1
abpath,Heme::Precursor_B_Cell::B_ALL_With_Hypodiploidy,1
abpath,Heme::Precursor_B_Cell::B_ALL_With_IGH_IL3_Fusion,1
abpath,Heme::Precursor_B_Cell::B_ALL_With_KMT2A_Rearrangement,1
abpath,Heme::Precursor_B_Cell::B_ALL_With_Other_Defined_Genetic_Alterations,1
abpath,Heme::Precursor_B_Cell::B_ALL_With_TCF3_HLF_Fusion,1
abpath,Heme::Precursor_B_Cell::B_ALL_With_TCF3_PBX1_Fusion,1
abpath,Heme::Precursor_B_Cell::B_ALL_With_iAMP21,1
abpath,Heme::Precursor_T_Cell::Early_T_Precursor_Lymphoblastic_Leukemia_Lymphoma,1
abpath,Heme::Precursor_T_Cell::T_ALL_NOS,1
abpath,Heme::Secondary_Myeloid_Neoplasm::Myeloid_Neoplasm_Associated_With_Germline_Predisposition,1
abpath,Heme::Secondary_Myeloid_Neoplasm::Myeloid_Neoplasm_Post_Cytotoxic_Therapy,1
abpath,Heme::Secondary_Myeloid_Neoplasm::Myeloid_Proliferation_Associated_With_Down_Syndrome,1
abpath,Heme::Stroma_Derived::EBV_Positive_Inflammatory_Follicular_Dendritic_Cell_Sarcoma,1
abpath,Heme::Stroma_Derived::Fibroblastic_Reticular_Cell_Tumor,1
abpath,Heme::Stroma_Derived::Follicular_Dendritic_Cell_Sarcoma,1
abpath,Heme::Stroma_Derived::Intranodal_Palisaded_Myofibroblastoma,1
abpath,Heme::Stroma_Derived::Littoral_Cell_Angioma,1
abpath,Heme::Stroma_Derived::Sclerosing_Angiomatoid_Nodular_Transformation_Of_Spleen,1
abpath,Heme::Stroma_Derived::Splenic_Hamartoma,1
abpath,Heme::Tumor_Like_B_Cell::Idiopathic_Multicentric_Castleman_Disease,1
abpath,Heme::Tumor_Like_B_Cell::IgG4_Related_Disease,1
abpath,Heme::Tumor_Like_B_Cell::KSHV_HHV8_Associated_Multicentric_Castleman_Disease,1
abpath,Heme::Tumor_Like_B_Cell::Unicentric_Castleman_Disease,1
abpath,Heme::Tumor_Like_T_Cell::Autoimmune_Lymphoproliferative_Syndrome,1
abpath,Heme::Tumor_Like_T_Cell::Indolent_T_Lymphoblastic_Proliferation,1
abpath,Heme::Tumor_Like_T_Cell::Kikuchi_Fujimoto_Disease,1
abpath,Molecular::Concept::Assay::Performance::Assay_Optimization,1
abpath,Molecular::Concept::Assay::Performance::LOD_LOQ_VAF,1
abpath,Molecular::Concept::Assay::Performance::Postanalytic_Interpretation_Followup_Testing,1
abpath,Molecular::Concept::Assay::Performance::Sensitivity_Specificity,1
abpath,Molecular::Concept::Basic_Science::DNA_RNA_Gene_Structure,1
abpath,Molecular::Concept::Basic_Science::Epigenetics_Mechanisms,1
abpath,Molecular::Concept::Basic_Science::Mosaicism,1
abpath,Molecular::Concept::Basic_Science::Replication_Transcription_Translation,1
abpath,Molecular::Concept::Basic_Science::Splicing_Isoforms,1
abpath,Molecular::Concept::Basic_Science::Trinucleotide_Repeats,1
abpath,Molecular::Concept::Billing::CPT_Coding,1
abpath,Molecular::Concept::Billing::ICD_Coding,1
abpath,Molecular::Concept::Biomarker::Tumor_Mutational_Burden,1
abpath,Molecular::Concept::Ethics::Consent_Incidental_Findings,1
abpath,Molecular::Concept::Ethics::Genetic_Testing_of_Children,1
abpath,Molecular::Concept::Ethics::IRB,1
abpath,Molecular::Concept::Ethics::Secondary_Incidental_Findings_ACMG_List,1
abpath,Molecular::Concept::Indications::Cancer_Monitoring_MRD,1
abpath,Molecular::Concept::Indications::Carrier_Screening_Newborn_Screening,1
abpath,Molecular::Concept::Indications::Diagnostic_Testing,1
abpath,Molecular::Concept::Indications::Early_Cancer_Detection,1
abpath,Molecular::Concept::Indications::Molecular_Cancer_Early_Detection_Screening,1
abpath,Molecular::Concept::Indications::Predictive_Presymptomatic_Testing,1
abpath,Molecular::Concept::Indications::Prenatal_PGT_PGD,1
abpath,Molecular::Concept::Informatics::Genomic_Databases_COSMIC_gnomAD_ClinVar,1
abpath,Molecular::Concept::Informatics::Variant_Curation_Interpretation,1
abpath,Molecular::Concept::Interpretation::HGVS_Nomenclature,1
abpath,Molecular::Concept::Interpretation::Somatic_Tiered_Variant_Classification,1
abpath,Molecular::Concept::Interpretation::Variant_Classification_ACMG_AMP,1
abpath,Molecular::Concept::Interpretation::Variant_Reevaluation_Reclassification_VUS,1
abpath,Molecular::Concept::Preanalytic::Collection_Anticoagulants,1
abpath,Molecular::Concept::Preanalytic::Fixation_FFPE_Stability,1
abpath,Molecular::Concept::Preanalytic::Specimen_Selection_Tumor_Content,1
abpath,Molecular::Concept::Quality::Contamination_Prevention,1
abpath,Molecular::Concept::Quality::Internal_Controls_Housekeeping_Genes,1
abpath,Molecular::Concept::Quality::Proficiency_Testing,1
abpath,Molecular::Concept::Quality::QA_QC_Controls,1
abpath,Molecular::Concept::Quality::Quantitative_Controls_Gene_Expression_MRD,1
abpath,Molecular::Concept::Quality::Validation_and_Verification,1
abpath,Molecular::Concept::Therapy::Gene_Editing_CRISPR,1
abpath,Molecular::Concept::Therapy::Gene_Modifying_CFTR_DMD_SMA,1
abpath,Molecular::Concept::Therapy::Gene_Therapy_Adverse_Events,1
abpath,Molecular::Concept::Therapy::Gene_Therapy_Mechanisms,1
abpath,Molecular::Concept::Therapy::Gene_Transfer_Viral_Constructs,1
abpath,Molecular::Concept::Utilization::Test_Utilization_Management,1
abpath,Molecular::Concept::Variants::Chromothripsis_Genomic_Instability,1
abpath,Molecular::Concept::Variants::Copy_Number_Variation,1
abpath,Molecular::Concept::Variants::Gene_Fusions,1
abpath,Molecular::Concept::Variants::MSI_LOH_Clonality,1
abpath,Molecular::Concept::Variants::SNV_Indel_Frameshift,1
abpath,Molecular::Concept::Variants::Structural_Variants_Rearrangements,1
abpath,Molecular::Heme::Dendritic::Blastic_Plasmacytoid_Dendritic_Cell_Neoplasm,1
abpath,Molecular::Heme::Histiocytic::Langerhans_Cell_Histiocytosis,1
abpath,Molecular::Heme::Lymphoid::Acute_Lymphoblastic_Leukemia,1
abpath,Molecular::Heme::Lymphoid::B_Cell_Lymphoma,1
abpath,Molecular::Heme::Lymphoid::Chronic_Lymphocytic_Leukemia,1
abpath,Molecular::Heme::Lymphoid::T_Cell_Lymphoma,1
abpath,Molecular::Heme::Myeloid::Acute_Myeloid_Leukemia,1
abpath,Molecular::Heme::Myeloid::Acute_Promyelocytic_Leukemia,1
abpath,Molecular::Heme::Myeloid::Chronic_Myeloid_Leukemia,1
abpath,Molecular::Heme::Myeloid::Eosinophilia_PDGFRA_B,1
abpath,Molecular::Heme::Myeloid::MDS_MPN_Overlap,1
abpath,Molecular::Heme::Myeloid::Mastocytosis,1
abpath,Molecular::Heme::Myeloid::Myelodysplastic_Syndromes,1
abpath,Molecular::Heme::Myeloid::Myeloproliferative_Neoplasms,1
abpath,Molecular::Heme::Plasma_Cell::Plasma_Cell_Myeloma,1
abpath,Molecular::Hereditary::Cardiovascular::Arrhythmias_Long_QT,1
abpath,Molecular::Hereditary::Cardiovascular::Cardiomyopathy,1
abpath,Molecular::Hereditary::Cardiovascular::Hereditary_Aortic_Disease,1
abpath,Molecular::Hereditary::Cell_cycle::FAS_Pathway::Autoimmune_Lymphoproliferative_Syndrome_FAS,1
abpath,Molecular::Hereditary::Cell_cycle::P53_Pathway::Li_Fraumeni_Syndrome_TP53,1
abpath,Molecular::Hereditary::Cell_cycle::RB_Pathway::CDK4_Related_Melanoma_Predisposition_Syndrome_CDK4,1
abpath,Molecular::Hereditary::Cell_cycle::RB_Pathway::CDKN2A_Related_Tumor_Predisposition_Syndrome_CDKN2A,1
abpath,Molecular::Hereditary::Cell_cycle::RB_Pathway::Multiple_Endocrine_Neoplasia_Type_4_CDKN1B,1
abpath,Molecular::Hereditary::Cell_cycle::RB_Pathway::Retinoblastoma_Syndrome_RB1,1
abpath,Molecular::Hereditary::DNA_Repair::Aneuploidy_Syndromes::Down_Syndrome,1
abpath,Molecular::Hereditary::DNA_Repair::Aneuploidy_Syndromes::Klinefelter_Syndrome,1
abpath,Molecular::Hereditary::DNA_Repair::Aneuploidy_Syndromes::Mosaic_Variegated_Aneuploidy_BUB1B_CEP57_TRIP13_BUB1_BUB3,1
abpath,Molecular::Hereditary::DNA_Repair::Aneuploidy_Syndromes::Turner_Syndrome,1
abpath,Molecular::Hereditary::DNA_Repair::Base_Excision_Repair::MBD4_Associated_Neoplasia_Syndrome_MBD4,1
abpath,Molecular::Hereditary::DNA_Repair::Base_Excision_Repair::MUTYH_Associated_Polyposis_MUTYH,1
abpath,Molecular::Hereditary::DNA_Repair::Base_Excision_Repair::NTHL1_Related_Tumor_Syndrome_NTHL1,1
abpath,Molecular::Hereditary::DNA_Repair::DNA_Polymerization::Polymerase_Proofreading_Associated_Polyposis_POLD1_POLE,1
abpath,Molecular::Hereditary::DNA_Repair::Helicases::Bloom_Syndrome_BLM,1
abpath,Molecular::Hereditary::DNA_Repair::Helicases::DDX41_Related_Hematologic_Tumor_Predisposition_Syndrome_DDX41,1
abpath,Molecular::Hereditary::DNA_Repair::Helicases::Rothmund_Thomson_Syndrome_ANAPC1_RECQL4,1
abpath,Molecular::Hereditary::DNA_Repair::Helicases::Werner_Syndrome_WRN,1
abpath,Molecular::Hereditary::DNA_Repair::Homologous_Recombination::BRCA_Related_Cancer_Predisposition_BRCA1_BRCA2,1
abpath,Molecular::Hereditary::DNA_Repair::Homologous_Recombination::Fanconi_Anemia_FANC_Genes,1
abpath,Molecular::Hereditary::DNA_Repair::Homologous_Recombination::PALB2_Related_Cancer_Predisposition_PALB2,1
abpath,Molecular::Hereditary::DNA_Repair::Homologous_Recombination::RAD51_Related_Cancer_Predisposition_RAD51C_RAD51D,1
abpath,Molecular::Hereditary::DNA_Repair::Mismatch_Repair::Constitutional_Mismatch_Repair_Deficiency_CMMRD_MLH1_PMS2_MSH2_MSH6,1
abpath,Molecular::Hereditary::DNA_Repair::Mismatch_Repair::Lynch_Syndrome_MLH1_PMS2_MSH2_MSH6,1
abpath,Molecular::Hereditary::DNA_Repair::Mismatch_Repair::Muir_Torre_Syndrome_MLH1_PMS2_MSH2_MSH6,1
abpath,Molecular::Hereditary::DNA_Repair::Non_Homologous_End_Joining::Ataxia_Telangiectasia_Syndrome_ATM,1
abpath,Molecular::Hereditary::DNA_Repair::Non_Homologous_End_Joining::CHEK2_Related_Cancer_Predisposition_CHEK2,1
abpath,Molecular::Hereditary::DNA_Repair::Non_Homologous_End_Joining::Nijmegen_Breakage_Syndrome_NBN,1
abpath,Molecular::Hereditary::DNA_Repair::Nucleotide_Excision_Repair::Xeroderma_Pigmentosum,1
abpath,Molecular::Hereditary::Developmental::Imprinting_Disorders,1
abpath,Molecular::Hereditary::Developmental::Overgrowth_Syndromes,1
abpath,Molecular::Hereditary::Epigenetics_Chromatin_Remodeling::Chromatin_Remodeling_Pathway::Clear_Cell_Meningioma_Predisposition_Syndrome_SMARCE1,1
abpath,Molecular::Hereditary::Epigenetics_Chromatin_Remodeling::Chromatin_Remodeling_Pathway::Rhabdoid_Tumor_Predisposition_Syndrome_SMARCB1_SMARCA4,1
abpath,Molecular::Hereditary::Epigenetics_Chromatin_Remodeling::Chromatin_Remodeling_Pathway::Schwannomatosis_SMARCB1_LZTR1,1
abpath,Molecular::Hereditary::Epigenetics_Chromatin_Remodeling::Chromatin_Remodeling_Pathway::Weaver_Syndrome_EZH2,1
abpath,Molecular::Hereditary::Epigenetics_Chromatin_Remodeling::Histone_and_DNA_Methylation::Enchondromatosis_IDH1_IDH2,1
abpath,Molecular::Hereditary::Epigenetics_Chromatin_Remodeling::Imprinting_Disorders::Beckwith_Wiedemann_Spectrum_IGF2_CDKN1C,1
abpath,Molecular::Hereditary::Growth_Factor::G_Protein_Coupled_Receptor_Pathway::Glucagon_Cell_Hyperplasia_and_Neoplasia_GCGR,1
abpath,Molecular::Hereditary::Growth_Factor::G_Protein_Coupled_Receptor_Pathway::McCune_Albright_Syndrome_GNAS,1
abpath,Molecular::Hereditary::Growth_Factor::G_Protein_Coupled_Receptor_Pathway::Sturge_Weber_Syndrome_GNAQ,1
abpath,Molecular::Hereditary::Growth_Factor::Growth_Factor_Receptors::Encephalocraniocutaneous_Lipomatosis_FGFR1,1
abpath,Molecular::Hereditary::Growth_Factor::Growth_Factor_Receptors::Hereditary_Neuroblastoma_ALK_PHOX2B,1
abpath,Molecular::Hereditary::Growth_Factor::Growth_Factor_Receptors::Hereditary_Papillary_Renal_Carcinoma_MET,1
abpath,Molecular::Hereditary::Growth_Factor::Growth_Factor_Receptors::Juvenile_Polyposis_Syndrome_BMPR1A_SMAD4,1
abpath,Molecular::Hereditary::Growth_Factor::Growth_Factor_Receptors::Multiple_Endocrine_Neoplasia_Type_2_RET,1
abpath,Molecular::Hereditary::Growth_Factor::Hedgehog_Signaling_Pathway::Curry_Jones_Syndrome_SMO,1
abpath,Molecular::Hereditary::Growth_Factor::Hedgehog_Signaling_Pathway::ELP1_Related_Medulloblastoma_Predisposition_Syndrome_ELP1,1
abpath,Molecular::Hereditary::Growth_Factor::Hedgehog_Signaling_Pathway::Gorlin_Syndrome_PTCH1_SUFU_GPR161,1
abpath,Molecular::Hereditary::Growth_Factor::Hedgehog_Signaling_Pathway::Osteochondromatosis_EXT1_EXT2,1
abpath,Molecular::Hereditary::Growth_Factor::NFkB_Signaling_Pathway::Brooke_Spiegler_Syndrome_CYLD,1
abpath,Molecular::Hereditary::Growth_Factor::PKA_Signaling_Pathway::Carney_Complex_PRKAR1A_PDE8B_PDE11A,1
abpath,Molecular::Hereditary::Growth_Factor::PKA_Signaling_Pathway::PROS_Syndrome_PIK3CA,1
abpath,Molecular::Hereditary::Growth_Factor::RAS_MAPK_Pathway::Costello_Syndrome_HRAS,1
abpath,Molecular::Hereditary::Growth_Factor::RAS_MAPK_Pathway::NF2_Related_Schwannomatosis_NF2,1
abpath,Molecular::Hereditary::Growth_Factor::RAS_MAPK_Pathway::Neurofibromatosis_Type_1_NF1,1
abpath,Molecular::Hereditary::Growth_Factor::RAS_MAPK_Pathway::Noonan_Syndrome,1
abpath,Molecular::Hereditary::Growth_Factor::RAS_MAPK_Pathway::Schimmelpenning_Feuerstein_Mims_Syndrome_HRAS_KRAS,1
abpath,Molecular::Hereditary::Growth_Factor::Transcription_Factors_and_Regulators::Birt_Hogg_Dube_Syndrome_FLCN,1
abpath,Molecular::Hereditary::Growth_Factor::Transcription_Factors_and_Regulators::Familial_Chordoma_TBXT,1
abpath,Molecular::Hereditary::Growth_Factor::Transcription_Factors_and_Regulators::Hyperparathyroidism_Jaw_Tumor_Syndrome_CDC73,1
abpath,Molecular::Hereditary::Growth_Factor::Transcription_Factors_and_Regulators::MAFA_Related_Familial_Insulinomatosis_MAFA,1
abpath,Molecular::Hereditary::Growth_Factor::Transcription_Factors_and_Regulators::Multiple_Endocrine_Neoplasia_Type_5_MAX_Related_Tumors_MAX,1
abpath,Molecular::Hereditary::Growth_Factor::WNT_TGFbeta_Pathway::AXIN2_Associated_Polyposis_AXIN2,1
abpath,Molecular::Hereditary::Growth_Factor::WNT_TGFbeta_Pathway::Familial_Adenomatous_Polyposis_APC,1
abpath,Molecular::Hereditary::Growth_Factor::WNT_TGFbeta_Pathway::GAPPS_APC_Promoter,1
abpath,Molecular::Hereditary::Growth_Factor::WNT_TGFbeta_Pathway::Hereditary_Gastric_and_Breast_Cancer_Syndrome_CDH1_CTNNA1,1
abpath,Molecular::Hereditary::Growth_Factor::WNT_TGFbeta_Pathway::Hereditary_Mixed_Polyposis_Syndrome_GREM1,1
abpath,Molecular::Hereditary::Growth_Factor::WNT_TGFbeta_Pathway::Multiple_Endocrine_Neoplasia_Type_1_MEN1,1
abpath,Molecular::Hereditary::Growth_Factor::WNT_TGFbeta_Pathway::Peutz_Jeghers_Syndrome_STK11,1
abpath,Molecular::Hereditary::Growth_Factor::WNT_TGFbeta_Pathway::Serrated_Polyposis_Syndrome_RNF43,1
abpath,Molecular::Hereditary::Growth_Factor::WNT_TGFbeta_Pathway::WAGR_Syndrome_WT1,1
abpath,Molecular::Hereditary::Growth_Factor::WNT_TGFbeta_Pathway::WT1_Related_Tumor_Predisposition_Syndrome_WT1,1
abpath,Molecular::Hereditary::Growth_Factor::mTOR_and_PI3K_Pathway::Activated_PI3K_Delta_Syndrome_APDS_PIK3CD,1
abpath,Molecular::Hereditary::Growth_Factor::mTOR_and_PI3K_Pathway::PTEN_Hamartoma_Tumor_Syndrome_PTEN,1
abpath,Molecular::Hereditary::Growth_Factor::mTOR_and_PI3K_Pathway::Tuberous_Sclerosis_Complex_TSC1_TSC2,1
abpath,Molecular::Hereditary::Hematology::Hemochromatosis,1
abpath,Molecular::Hereditary::Hematology::Hemoglobinopathies_Thalassemia,1
abpath,Molecular::Hereditary::Hematology::Thrombophilia_Coagulation,1
abpath,Molecular::Hereditary::Metabolic::Alpha_1_Antitrypsin_Deficiency,1
abpath,Molecular::Hereditary::Metabolic::Cystic_Fibrosis,1
abpath,Molecular::Hereditary::Metabolic::Mitochondrial_Disorders,1
abpath,Molecular::Hereditary::Metabolic::Storage_Disorders,1
abpath,Molecular::Hereditary::Neurology::Ataxia,1
abpath,Molecular::Hereditary::Neurology::Fragile_X_Syndrome,1
abpath,Molecular::Hereditary::Neurology::Huntington_Disease,1
abpath,Molecular::Hereditary::Neurology::Muscular_Dystrophy,1
abpath,Molecular::Hereditary::Neurology::Spinal_Muscular_Atrophy,1
abpath,Molecular::Hereditary::Oxidative::Angiogenesis::Von_Hippel_Lindau_Syndrome_VHL,1
abpath,Molecular::Hereditary::Oxidative::Krebs_Cycle::Hereditary_Leiomyomatosis_and_Renal_Cell_Carcinoma_FH,1
abpath,Molecular::Hereditary::Oxidative::Krebs_Cycle::SDH_Deficient_Tumor_Syndrome_Hereditary_PPGL_SDHA_SDHB_SDHC_SDHD_SDHAF2,1
abpath,Molecular::Hereditary::Oxidative::Toxic_Metabolite_Mediated_Disorders::Hereditary_Tyrosinemia_Type_1_FAH,1
abpath,Molecular::Hereditary::Protein_Regulation::Ubiquitin_Pathway::BAP1_Related_Tumor_Predisposition_Syndrome_BAP1,1
abpath,Molecular::Hereditary::RNA_Regulation::MicroRNA::DICER1_Related_Tumor_Predisposition_Syndrome_DICER1,1
abpath,Molecular::Hereditary::RNA_Regulation::MicroRNA::MicroRNA_Processor_Tumor_Predisposition_Syndromes_DROSHA_DGCR8,1
abpath,Molecular::Hereditary::RNA_Regulation::RNA_Splicing::Goldenhar_Syndrome_MYT1_SF3B2,1
abpath,Molecular::Hereditary::Renal::Polycystic_Kidney_Disease,1
abpath,Molecular::Hereditary::Telomere::Telomere_Biology_Disorders::Dyskeratosis_Congenita_DKC1_TERT_TERC_TINF2_Other_IBMFS_Genes,1
abpath,Molecular::Hereditary::Telomere::Telomere_Biology_Disorders::POT1_and_Shelterin_Related_Tumor_Predisposition_Syndrome_POT1_ACD_TERF2IP_TERT_Promoter,1
abpath,Molecular::Hereditary::Tissue::Connective_Tissue_Disorders,1
abpath,Molecular::Histocompatibility::HLA_Disease_Association,1
abpath,Molecular::Histocompatibility::HLA_Typing,1
abpath,Molecular::Infectious::Bacterial::Central_Nervous_System_Pathogens,1
abpath,Molecular::Infectious::Bacterial::Clostridioides_difficile,1
abpath,Molecular::Infectious::Bacterial::Gastrointestinal_Pathogens_E_coli_Campylobacter,1
abpath,Molecular::Infectious::Bacterial::Methicillin_Resistant_Staph_Aureus,1
abpath,Molecular::Infectious::Bacterial::Mycobacterium_Tuberculosis,1
abpath,Molecular::Infectious::Bacterial::Neisseria_Gonorrhoeae_Chlamydia,1
abpath,Molecular::Infectious::Bacterial::Respiratory_Bacteria,1
abpath,Molecular::Infectious::Concept::Antimicrobial_Resistance,1
abpath,Molecular::Infectious::Concept::Molecular_Epidemiology,1
abpath,Molecular::Infectious::Other::Fungal_Pathogens,1
abpath,Molecular::Infectious::Other::Microbiome_Metagenomics,1
abpath,Molecular::Infectious::Other::Parasitic_Pathogens,1
abpath,Molecular::Infectious::Viral::BK_Virus,1
abpath,Molecular::Infectious::Viral::CNS_Viral_Infections,1
abpath,Molecular::Infectious::Viral::Cytomegalovirus,1
abpath,Molecular::Infectious::Viral::Epstein_Barr_Virus,1
abpath,Molecular::Infectious::Viral::Gastrointestinal_Viruses,1
abpath,Molecular::Infectious::Viral::Hepatitis_B_Virus,1
abpath,Molecular::Infectious::Viral::Hepatitis_C_Virus,1
abpath,Molecular::Infectious::Viral::Human_Immunodeficiency_Virus,1
abpath,Molecular::Infectious::Viral::Human_Papillomavirus,1
abpath,Molecular::Infectious::Viral::Merkel_Cell_Polyomavirus,1
abpath,Molecular::Infectious::Viral::Respiratory_Viruses,1
abpath,Molecular::Infectious::Viral::Viral_Infections_Immunocompromised_Hosts,1
abpath,Molecular::Pharmacogenetics::Cytochrome_P450,1
abpath,Molecular::Pharmacogenetics::Dihydropyrimidine_Dehydrogenase,1
abpath,Molecular::Pharmacogenetics::HLA_Associated_Pharmacogenetics,1
abpath,Molecular::Pharmacogenetics::Thiopurine_Methyltransferase,1
abpath,Molecular::Pharmacogenetics::UGT1A1,1
abpath,Molecular::Pharmacogenetics::VKORC1_Warfarin,1
abpath,Molecular::Regulations::US::CAP_Accreditation,1
abpath,Molecular::Regulations::US::CLIA_Compliance,1
abpath,Molecular::Regulations::US::CMS_Oversight,1
abpath,Molecular::Regulations::US::FDA_LDT_LDP_IUO_RUO,1
abpath,Molecular::Regulations::US::FDA_Oversight,1
abpath,Molecular::Regulations::US::GINA,1
abpath,Molecular::Regulations::US::HIPAA,1
abpath,Molecular::Solid::Bone::Ewing_Sarcoma,1
abpath,Molecular::Solid::Bone::Osteosarcoma,1
abpath,Molecular::Solid::Breast::Invasive_Carcinoma,1
abpath,Molecular::Solid::CNS::Diffuse_Glioma,1
abpath,Molecular::Solid::CNS::Medulloblastoma,1
abpath,Molecular::Solid::CNS::Meningioma,1
abpath,Molecular::Solid::Colorectal::Adenocarcinoma,1
abpath,Molecular::Solid::Colorectal::Lynch_Syndrome_Tumor,1
abpath,Molecular::Solid::Endocrine::Adrenal_Cortical_Carcinoma,1
abpath,Molecular::Solid::Endocrine::Parathyroid_Carcinoma,1
abpath,Molecular::Solid::Endocrine::Pheochromocytoma_Paraganglioma,1
abpath,Molecular::Solid::Gastrointestinal::Cholangiocarcinoma,1
abpath,Molecular::Solid::Gastrointestinal::Gastric_Adenocarcinoma,1
abpath,Molecular::Solid::Gastrointestinal::Gastrointestinal_Stromal_Tumor,1
abpath,Molecular::Solid::Gastrointestinal::Hepatoblastoma,1
abpath,Molecular::Solid::Gastrointestinal::Hepatocellular_Carcinoma,1
abpath,Molecular::Solid::Gastrointestinal::Pancreatic_Adenocarcinoma,1
abpath,Molecular::Solid::General::Cancer_of_Unknown_Primary,1
abpath,Molecular::Solid::Genitourinary::Prostate_Adenocarcinoma,1
abpath,Molecular::Solid::Genitourinary::Renal_Cell_Carcinoma,1
abpath,Molecular::Solid::Genitourinary::Testicular_Germ_Cell_Tumor,1
abpath,Molecular::Solid::Genitourinary::Urothelial_Carcinoma,1
abpath,Molecular::Solid::Gynecologic::Cervical_Carcinoma,1
abpath,Molecular::Solid::Gynecologic::Endometrial_Carcinoma,1
abpath,Molecular::Solid::Gynecologic::Gestational_Trophoblastic_Disease,1
abpath,Molecular::Solid::Gynecologic::Ovarian_Carcinoma,1
abpath,Molecular::Solid::Head_and_Neck::Odontogenic_Tumor,1
abpath,Molecular::Solid::Head_and_Neck::Salivary_Gland_Tumor,1
abpath,Molecular::Solid::Head_and_Neck::Sinonasal_Carcinoma,1
abpath,Molecular::Solid::Head_and_Neck::Squamous_Cell_Carcinoma,1
abpath,Molecular::Solid::Lung::Non_Small_Cell_Carcinoma,1
abpath,Molecular::Solid::Lung::Small_Cell_Carcinoma,1
abpath,Molecular::Solid::Skin::Melanoma,1
abpath,Molecular::Solid::Skin::Merkel_Cell_Carcinoma,1
abpath,Molecular::Solid::Skin::Non_Melanoma_Skin_Cancer,1
abpath,Molecular::Solid::Soft_Tissue::Sarcoma_Complex_Karyotype,1
abpath,Molecular::Solid::Soft_Tissue::Sarcoma_Translocation_Associated,1
abpath,Molecular::Solid::Thoracic::Mesothelioma,1
abpath,Molecular::Solid::Thyroid::Follicular_Carcinoma,1
abpath,Molecular::Solid::Thyroid::Medullary_Carcinoma,1
abpath,Molecular::Solid::Thyroid::Papillary_Carcinoma,1
abpath,Molecular::Technique::Cytogenetics::FISH,1
abpath,Molecular::Technique::Cytogenetics::Karyotype,1
abpath,Molecular::Technique::Electrophoresis::Capillary_Electrophoresis,1
abpath,Molecular::Technique::Emerging::Single_Cell_Analysis,1
abpath,Molecular::Technique::Emerging::Spatial_Transcriptomics,1
abpath,Molecular::Technique::Enzymatic::Restriction_Enzyme_Digestion,1
abpath,Molecular::Technique::Epigenetics::Methylation_Analysis,1
abpath,Molecular::Technique::Hybridization::MLPA,1
abpath,Molecular::Technique::Hybridization::Southern_Blot,1
abpath,Molecular::Technique::Identity::Chimerism_Analysis,1
abpath,Molecular::Technique::Identity::Forensic_Applications,1
abpath,Molecular::Technique::Identity::Gestational_Disease_Molar_Pregnancy,1
abpath,Molecular::Technique::Identity::Maternal_Cell_Contamination,1
abpath,Molecular::Technique::Identity::Paternal_Relationship_Testing,1
abpath,Molecular::Technique::Identity::Sample_Contamination,1
abpath,Molecular::Technique::Identity::Short_Tandem_Repeat_Analysis,1
abpath,Molecular::Technique::Informatics::Artificial_Intelligence_Machine_Learning,1
abpath,Molecular::Technique::Informatics::Bioinformatics_Pipeline,1
abpath,Molecular::Technique::Microarray::Chromosomal_Microarray,1
abpath,Molecular::Technique::Microarray::Chromosomal_Microarray_Acquired,1
abpath,Molecular::Technique::Microarray::Chromosomal_Microarray_Constitutional,1
abpath,Molecular::Technique::Microarray::Oligo_Array,1
abpath,Molecular::Technique::Microarray::SNP_Array,1
abpath,Molecular::Technique::PCR::Allele_Specific_PCR,1
abpath,Molecular::Technique::PCR::Digital_Droplet_PCR,1
abpath,Molecular::Technique::PCR::Melt_Curve_Analysis,1
abpath,Molecular::Technique::PCR::Methylation_Specific_PCR,1
abpath,Molecular::Technique::PCR::Real_Time_qPCR,1
abpath,Molecular::Technique::PCR::Reverse_Transcription_PCR,1
abpath,Molecular::Technique::Preanalytic::Nucleic_Acid_Isolation_Quantitation,1
abpath,Molecular::Technique::Proteomics::Mass_Spectrometry,1
abpath,Molecular::Technique::Sequencing::Long_Read_Sequencing,1
abpath,Molecular::Technique::Sequencing::Next_Generation_Sequencing,1
abpath,Molecular::Technique::Sequencing::Pyrosequencing,1
abpath,Molecular::Technique::Sequencing::Sanger_Sequencing,1
abpath,Neuro::Artifact::Iatrogenic::Chemotherapy::Gliadel_Wafer,1
abpath,Neuro::Artifact::Iatrogenic::Embolic_Agent::Embosphere,1
abpath,Neuro::Artifact::Iatrogenic::Embolic_Agent::Gelatin_Foam,1
abpath,Neuro::Artifact::Iatrogenic::Embolic_Agent::Onyx,1
abpath,Neuro::Artifact::Iatrogenic::Embolic_Agent::Polyvinyl_Alcohol,1
abpath,Neuro::Artifact::Iatrogenic::Hemostatic_Agent::Avitene_Bovine_Collagen,1
abpath,Neuro::Artifact::Iatrogenic::Hemostatic_Agent::Surgicel,1
abpath,Neuro::Artifact::Mimic::Normal_Anatomy_Mimic_Cerebellum,1
abpath,Neuro::Artifact::Technical::Blue_Sponge_Artifact,1
abpath,Neuro::Artifact::Technical::Bone_Dust,1
abpath,Neuro::Artifact::Technical::CUSA_Artifact,1
abpath,Neuro::Artifact::Technical::Cautery_Artifact,1
abpath,Neuro::Artifact::Technical::Dark_Cell_Change,1
abpath,Neuro::Artifact::Technical::Embedding_Bag_Artifact,1
abpath,Neuro::Artifact::Technical::Formalin_Precipitate,1
abpath,Neuro::Artifact::Technical::Formic_Acid_Artifact,1
abpath,Neuro::Artifact::Technical::Freeze_Artifact,1
abpath,Neuro::Artifact::Technical::Pseudonecrosis_Hemorrhage,1
abpath,Neuro::Artifact::Technical::Pseudonecrosis_Technical,1
abpath,Neuro::Concept::IHC::ATRX,1
abpath,Neuro::Concept::IHC::Alpha_Synuclein,1
abpath,Neuro::Concept::IHC::BAP1,1
abpath,Neuro::Concept::IHC::BRAF_V600E,1
abpath,Neuro::Concept::IHC::Beta_Amyloid,1
abpath,Neuro::Concept::IHC::CD34,1
abpath,Neuro::Concept::IHC::CD45,1
abpath,Neuro::Concept::IHC::Cytokeratin_AE1_AE3,1
abpath,Neuro::Concept::IHC::EMA,1
abpath,Neuro::Concept::IHC::GFAP,1
abpath,Neuro::Concept::IHC::H3G34R_V,1
abpath,Neuro::Concept::IHC::H3K27M,1
abpath,Neuro::Concept::IHC::H3K27me3,1
abpath,Neuro::Concept::IHC::IDH1_R132H,1
abpath,Neuro::Concept::IHC::INI1_SMARCB1,1
abpath,Neuro::Concept::IHC::Ki67,1
abpath,Neuro::Concept::IHC::NeuN,1
abpath,Neuro::Concept::IHC::OLIG2,1
abpath,Neuro::Concept::IHC::P53,1
abpath,Neuro::Concept::IHC::Phospho_Tau,1
abpath,Neuro::Concept::IHC::S100,1
abpath,Neuro::Concept::IHC::SOX10,1
abpath,Neuro::Concept::IHC::Synaptophysin,1
abpath,Neuro::Concept::IHC::TDP43,1
abpath,Neuro::Concept::IHC::TTF1,1
abpath,Neuro::Concept::Molecular_Techniques,1
abpath,Neuro::Concept::Specimen::Autopsy_Brain,1
abpath,Neuro::Concept::Specimen::Brain_Biopsy,1
abpath,Neuro::Concept::Specimen::Brain_Resection,1
abpath,Neuro::Concept::Specimen::CSF_Cytology,1
abpath,Neuro::Concept::Specimen::Intraoperative_Consultation,1
abpath,Neuro::Concept::Specimen::Muscle_Biopsy,1
abpath,Neuro::Concept::Specimen::Peripheral_Nerve_Biopsy,1
abpath,Neuro::Concept::Specimen::Squash_Smear,1
abpath,Neuro::Concept::Specimen::Stereotactic_Biopsy,1
abpath,Neuro::Concept::Specimen::Touch_Imprint,1
abpath,Neuro::Concept::Stains::AFB,1
abpath,Neuro::Concept::Stains::Bielschowsky,1
abpath,Neuro::Concept::Stains::Bodian,1
abpath,Neuro::Concept::Stains::Congo_Red,1
abpath,Neuro::Concept::Stains::GMS,1
abpath,Neuro::Concept::Stains::Gomori_Trichrome,1
abpath,Neuro::Concept::Stains::Gram_Stain,1
abpath,Neuro::Concept::Stains::Luxol_Fast_Blue,1
abpath,Neuro::Concept::Stains::Oil_Red_O,1
abpath,Neuro::Concept::Stains::PAS,1
abpath,Neuro::Concept::Stains::Prussian_Blue,1
abpath,Neuro::Concept::Stains::Silver_Stain,1
abpath,Neuro::Concept::Stains::Thioflavin,1
abpath,Neuro::Cyst::Arachnoid_Cyst,1
abpath,Neuro::Cyst::Choroid_Plexus_Xanthogranuloma,1
abpath,Neuro::Cyst::Colloid_Cyst,1
abpath,Neuro::Cyst::Dermoid_Cyst,1
abpath,Neuro::Cyst::Ependymal_Cyst,1
abpath,Neuro::Cyst::Epidermoid_Cyst,1
abpath,Neuro::Cyst::Neurenteric_Cyst,1
abpath,Neuro::Cyst::Rathke_Cleft_Cyst,1
abpath,Neuro::Developmental_Neural_Tube::Anencephaly,1
abpath,Neuro::Developmental_Neural_Tube::Anterior_Sacral_Meningocele,1
abpath,Neuro::Developmental_Neural_Tube::Craniorachischisis_Totalis,1
abpath,Neuro::Developmental_Neural_Tube::Meningocele,1
abpath,Neuro::Developmental_Neural_Tube::Myelomeningocele,1
abpath,Neuro::Epilepsy::Focal_Cortical_Dysplasia,1
abpath,Neuro::Epilepsy::Hippocampal_Sclerosis,1
abpath,Neuro::Epilepsy::Malformation_Of_Cortical_Development,1
abpath,Neuro::Epilepsy::Rasmussen_Encephalitis,1
abpath,Neuro::Genetic_Syndrome::Constitutional_Mismatch_Repair_Deficiency_Syndrome,1
abpath,Neuro::Genetic_Syndrome::Cowden_Syndrome,1
abpath,Neuro::Genetic_Syndrome::DICER1_Syndrome,1
abpath,Neuro::Genetic_Syndrome::Familial_Adenomatous_Polyposis_1,1
abpath,Neuro::Genetic_Syndrome::Familial_Retinoblastoma,1
abpath,Neuro::Genetic_Syndrome::Melanoma_Astrocytoma_Syndrome,1
abpath,Neuro::Genetic_Syndrome::Neurofibromatosis_Type_1,1
abpath,Neuro::Genetic_Syndrome::Neurofibromatosis_Type_2,1
abpath,Neuro::Genetic_Syndrome::Nevoid_Basal_Cell_Carcinoma_Syndrome,1
abpath,Neuro::Genetic_Syndrome::Rhabdoid_Tumor_Predisposition_Syndrome,1
abpath,Neuro::Genetic_Syndrome::Sturge_Weber_Syndrome,1
abpath,Neuro::Genetic_Syndrome::Tuberous_Sclerosis_Complex,1
abpath,Neuro::Genetic_Syndrome::Von_Hippel_Lindau_Syndrome,1
abpath,Neuro::Heme::Histiocytic::Erdheim_Chester_Disease,1
abpath,Neuro::Heme::Histiocytic::Hemophagocytic_Lymphohistiocytosis,1
abpath,Neuro::Heme::Histiocytic::Histiocytic_Sarcoma,1
abpath,Neuro::Heme::Histiocytic::Juvenile_Xanthogranuloma,1
abpath,Neuro::Heme::Histiocytic::Langerhans_Cell_Histiocytosis,1
abpath,Neuro::Heme::Histiocytic::Rosai_Dorfman_Disease,1
abpath,Neuro::Heme::Lymphoma::Anaplastic_Large_Cell_Lymphoma,1
abpath,Neuro::Heme::Lymphoma::Immunodeficiency_Associated_CNS_Lymphoma,1
abpath,Neuro::Heme::Lymphoma::Intraocular_Lymphoma,1
abpath,Neuro::Heme::Lymphoma::Intravascular_Large_B_Cell_Lymphoma,1
abpath,Neuro::Heme::Lymphoma::Lymphomatoid_Granulomatosis,1
abpath,Neuro::Heme::Lymphoma::Lymphomatosis_Cerebri,1
abpath,Neuro::Heme::Lymphoma::MALT_Lymphoma_Of_Dura,1
abpath,Neuro::Heme::Lymphoma::Neurolymphomatosis,1
abpath,Neuro::Heme::Lymphoma::Other_Low_Grade_B_Cell_Lymphoma_Of_The_CNS,1
abpath,Neuro::Heme::Lymphoma::Primary_Diffuse_Large_B_Cell_Lymphoma_Of_The_CNS,1
abpath,Neuro::Heme::Lymphoma::T_Cell_And_NK_T_Cell_Lymphoma,1
abpath,Neuro::Heme::Myeloid::Myeloid_Sarcoma,1
abpath,Neuro::Infection::Actinomycosis,1
abpath,Neuro::Infection::Acute_Purulent_Meningitis,1
abpath,Neuro::Infection::Acute_Viral_Infections::Adenovirus_Infections,1
abpath,Neuro::Infection::Acute_Viral_Infections::Arbovirus_Infections,1
abpath,Neuro::Infection::Acute_Viral_Infections::Enteroviral_Encephalitis,1
abpath,Neuro::Infection::Acute_Viral_Infections::Herpes_Simplex_Virus_Infections,1
abpath,Neuro::Infection::Acute_Viral_Infections::Other_Herpes_Viral_Infections,1
abpath,Neuro::Infection::Acute_Viral_Infections::Paramyxovirus_Infections,1
abpath,Neuro::Infection::Acute_Viral_Infections::Poliomyelitis,1
abpath,Neuro::Infection::Acute_Viral_Infections::Rubella_Encephalitis,1
abpath,Neuro::Infection::Acute_Viral_Infections::West_Nile_Encephalitis,1
abpath,Neuro::Infection::Amebic_Encephalitis,1
abpath,Neuro::Infection::Aspergillosis,1
abpath,Neuro::Infection::Bacterial_Infections::Epidural_Abscess,1
abpath,Neuro::Infection::Bacterial_Infections::Whipple_Disease,1
abpath,Neuro::Infection::Brain_Abscess,1
abpath,Neuro::Infection::CMV_Encephalitis,1
abpath,Neuro::Infection::Cerebral_Malaria,1
abpath,Neuro::Infection::Chronic_And_Subacute_Viral_Infections_Of_The_CNS::Measles_Inclusion_Body_Encephalitis,1
abpath,Neuro::Infection::Chronic_And_Subacute_Viral_Infections_Of_The_CNS::Progressive_Multifocal_Leukoencephalopathy_Includes_PML_And_PML_IRIS_Associated_With_MS_Therapy,1
abpath,Neuro::Infection::Cryptococcal_Meningitis,1
abpath,Neuro::Infection::Fungal_Infections::Mucorales_Infections,1
abpath,Neuro::Infection::HIV_Leukoencephalopathy,1
abpath,Neuro::Infection::Herpes_Simplex_Encephalitis,1
abpath,Neuro::Infection::Human_Immunodeficiency_Virus_Infection::HIV_Associated_Neurologic_Disease,1
abpath,Neuro::Infection::Human_Immunodeficiency_Virus_Infection::HIV_Encephalitis_Leukoencephalitis,1
abpath,Neuro::Infection::Mucormycosis,1
abpath,Neuro::Infection::Mycobacterial_Abscess,1
abpath,Neuro::Infection::Neurocysticercosis,1
abpath,Neuro::Infection::Nocardiosis,1
abpath,Neuro::Infection::Parasitic_Infections::Amebic_Infections::Primary_Amebic_Meningoencephalitis,1
abpath,Neuro::Infection::Progressive_Multifocal_Leukoencephalopathy,1
abpath,Neuro::Infection::Rabies_Encephalitis,1
abpath,Neuro::Infection::Subacute_Sclerosing_Panencephalitis,1
abpath,Neuro::Infection::Subdural_Empyema,1
abpath,Neuro::Infection::Toxoplasmosis,1
abpath,Neuro::Infection::Tuberculosis,1
abpath,Neuro::Infection::Tuberculous_Meningitis,1
abpath,Neuro::Inflammation::CLIPPERS,1
abpath,Neuro::Inflammation::IgG4_Related_Disease,1
abpath,Neuro::Inflammation::Neurosarcoidosis,1
abpath,Neuro::Inflammation::Other_Inflammatory_Diseases::Autoimmune_Encephalitis,1
abpath,Neuro::Inflammation::Other_Inflammatory_Diseases::Paraneoplastic_Disorders::Paraneoplastic_Cerebellar_Degeneration,1
abpath,Neuro::Inflammation::Other_Inflammatory_Diseases::Paraneoplastic_Disorders::Paraneoplastic_Encephalomyelitis,1
abpath,Neuro::Inflammation::Other_Inflammatory_Diseases::Paraneoplastic_Disorders::Paraneoplastic_Neuropathy,1
abpath,Neuro::Inflammation::Tumefactive_Demyelination,1
abpath,Neuro::Non_Neoplastic::Age_Related_Change::Amyloid_Plaque,1
abpath,Neuro::Non_Neoplastic::Age_Related_Change::Corpora_Amylacea,1
abpath,Neuro::Non_Neoplastic::Age_Related_Change::Granulovacuolar_Degeneration,1
abpath,Neuro::Non_Neoplastic::Age_Related_Change::Meningeal_Fibrous_Plaque,1
abpath,Neuro::Non_Neoplastic::Age_Related_Change::Neurofibrillary_Tangle,1
abpath,Neuro::Non_Neoplastic::Age_Related_Change::Vascular_Mineralization,1
abpath,Neuro::Non_Neoplastic::Degenerative::Alzheimer_Disease,1
abpath,Neuro::Non_Neoplastic::Degenerative::Alzheimer_Disease::Basic_Changes_Of_Alzheimer_Disease,1
abpath,Neuro::Non_Neoplastic::Degenerative::Frontotemporal_Lobar_Degeneration_TDP43,1
abpath,Neuro::Non_Neoplastic::Degenerative::Frontotemporal_Lobar_Degeneration_With_Or_Without_ALS::FTLD_With_Motor_Neuron_Disease,1
abpath,Neuro::Non_Neoplastic::Degenerative::Lewy_Body_Disease,1
abpath,Neuro::Non_Neoplastic::Degenerative::Motor_Neuron_Disease::Amyotrophic_Lateral_Sclerosis,1
abpath,Neuro::Non_Neoplastic::Degenerative::Motor_Neuron_Disease::Primary_Lateral_Sclerosis,1
abpath,Neuro::Non_Neoplastic::Degenerative::Multiple_System_Atrophy,1
abpath,Neuro::Non_Neoplastic::Degenerative::Neuroaxonal_Dystrophy::Neurodegeneration_With_Brain_Iron_Accumulation,1
abpath,Neuro::Non_Neoplastic::Degenerative::Neuroaxonal_Dystrophy::Sporadic_Adult_Onset_Leukoencephalopathy_With_Neuroaxonal_Spheroids,1
abpath,Neuro::Non_Neoplastic::Degenerative::Prion_Disease::Creutzfeldt_Jakob_Disease,1
abpath,Neuro::Non_Neoplastic::Degenerative::Prion_Disease::Iatrogenic_Creutzfeldt_Jakob_Disease,1
abpath,Neuro::Non_Neoplastic::Degenerative::Prion_Disease::Inherited_Creutzfeldt_Jakob_Disease::Fatal_Familial_Insomnia,1
abpath,Neuro::Non_Neoplastic::Degenerative::Prion_Disease::Inherited_Creutzfeldt_Jakob_Disease::Gerstmann_Straussler_Scheinker_Disease,1
abpath,Neuro::Non_Neoplastic::Degenerative::Prion_Disease::Inherited_Creutzfeldt_Jakob_Disease::Other_Inherited_Creutzfeldt_Jakob_Disease,1
abpath,Neuro::Non_Neoplastic::Degenerative::Prion_Disease::Protease_Sensitive_Prionopathy,1
abpath,Neuro::Non_Neoplastic::Degenerative::Prion_Disease::Sporadic_Creutzfeldt_Jakob_Disease,1
abpath,Neuro::Non_Neoplastic::Degenerative::Synucleinopathies::Lewy_Body_DiseaseSpectrum_Disorders::LBD_Brainstem_Type,1
abpath,Neuro::Non_Neoplastic::Degenerative::Synucleinopathies::Lewy_Body_DiseaseSpectrum_Disorders::LBD_Neocortical_Type,1
abpath,Neuro::Non_Neoplastic::Degenerative::Synucleinopathies::Lewy_Body_DiseaseSpectrum_Disorders::Parkinson_Disease_Dementia,1
abpath,Neuro::Non_Neoplastic::Degenerative::Synucleinopathy::Parkinson_Disease,1
abpath,Neuro::Non_Neoplastic::Degenerative::Tauopathies_Including_Frontotemporal_Lobar_Degeneration_Tau::Argyrophilic_Grain_Disease,1
abpath,Neuro::Non_Neoplastic::Degenerative::Tauopathies_Including_Frontotemporal_Lobar_Degeneration_Tau::Chronic_Traumatic_Encephalopathy,1
abpath,Neuro::Non_Neoplastic::Degenerative::Tauopathies_Including_Frontotemporal_Lobar_Degeneration_Tau::Frontotemporal_Dementia_Parkinsonism_Linked_To_Chromosome,1
abpath,Neuro::Non_Neoplastic::Degenerative::Tauopathies_Including_Frontotemporal_Lobar_Degeneration_Tau::Hippocampal_Sclerosis_Demential_Tauopathy,1
abpath,Neuro::Non_Neoplastic::Degenerative::Tauopathies_Including_Frontotemporal_Lobar_Degeneration_Tau::Parkinsonism_Dementia_Complex_Of_Guam,1
abpath,Neuro::Non_Neoplastic::Degenerative::Tauopathies_Including_Frontotemporal_Lobar_Degeneration_Tau::Postencephalitic_Parkinsonism,1
abpath,Neuro::Non_Neoplastic::Degenerative::Tauopathies_Including_Frontotemporal_Lobar_Degeneration_Tau::Tangle_Only_Dementia,1
abpath,Neuro::Non_Neoplastic::Degenerative::Tauopathy::Corticobasal_Degeneration,1
abpath,Neuro::Non_Neoplastic::Degenerative::Tauopathy::Pick_Disease,1
abpath,Neuro::Non_Neoplastic::Degenerative::Tauopathy::Progressive_Supranuclear_Palsy,1
abpath,Neuro::Non_Neoplastic::Degenerative::Trinucleotide_Repeat_Disorders::Dentatorubral_Pallidoluysian_Atrophy,1
abpath,Neuro::Non_Neoplastic::Degenerative::Trinucleotide_Repeat_Disorders::Huntington_Disease,1
abpath,Neuro::Non_Neoplastic::Degenerative::Trinucleotide_Repeat_Disorders::Machado_Joseph_Disease,1
abpath,Neuro::Non_Neoplastic::Degenerative::Trinucleotide_Repeat_Disorders::Myotonic_Dystrophy,1
abpath,Neuro::Non_Neoplastic::Degenerative::Trinucleotide_Repeat_Disorders::Oculopharyngeal_Muscular_Dystrophy,1
abpath,Neuro::Non_Neoplastic::Degenerative::Trinucleotide_Repeat_Disorders::Spinal_Bulbar_Muscular_Atrophy_X_Linked_Bulbospinal_Neuronopathy,1
abpath,Neuro::Non_Neoplastic::Demyelinating::Acute_Disseminated_Encephalomyelitis,1
abpath,Neuro::Non_Neoplastic::Demyelinating::Acute_Hemorrhagic_Leukoencephalopathy,1
abpath,Neuro::Non_Neoplastic::Demyelinating::Central_Pontine_Myelinolysis,1
abpath,Neuro::Non_Neoplastic::Demyelinating::Leukodystrophy::Adrenoleukodystrophy,1
abpath,Neuro::Non_Neoplastic::Demyelinating::Leukodystrophy::Alexander_Disease,1
abpath,Neuro::Non_Neoplastic::Demyelinating::Leukodystrophy::Canavan_Disease,1
abpath,Neuro::Non_Neoplastic::Demyelinating::Leukodystrophy::Krabbe_Disease,1
abpath,Neuro::Non_Neoplastic::Demyelinating::Leukodystrophy::Metachromatic_Leukodystrophy,1
abpath,Neuro::Non_Neoplastic::Demyelinating::Multiple_Sclerosis,1
abpath,Neuro::Non_Neoplastic::Demyelinating::Multiple_Sclerosis::Concentric_Sclerosis,1
abpath,Neuro::Non_Neoplastic::Demyelinating::Other_Demyelinating_Diseases::Chronic_Inflammatory_Demyelinating_Polyneuropathy,1
abpath,Neuro::Non_Neoplastic::Demyelinating::Other_Demyelinating_Diseases::Guillain_Barr_Syndrome,1
abpath,Neuro::Non_Neoplastic::Development::Cerebellum::Menkes_Disease,1
abpath,Neuro::Non_Neoplastic::Development::Disorders_That_Primarily_Affect_White_Matter::Pelizaeus_Merzbacher_Disease,1
abpath,Neuro::Non_Neoplastic::Development::Dysgenetic_Syndromes::Schwannomatosis,1
abpath,Neuro::Non_Neoplastic::Development::Dysgenetic_Syndromes::Sturge_Weber_Syndromes,1
abpath,Neuro::Non_Neoplastic::Development::External_Granular_Cell_Layer,1
abpath,Neuro::Non_Neoplastic::Development::Fetal_And_Neonatal_Hypoxic_Ischemic_Lesions::Schizencephaly_And_Multicystic_Encephalopathy,1
abpath,Neuro::Non_Neoplastic::Development::Germinal_Matrix,1
abpath,Neuro::Non_Neoplastic::Development::Malformations::Chiari_Malformations::Chiari_Type_III_Malformation,1
abpath,Neuro::Non_Neoplastic::Development::Malformations::Chiari_Malformations::Chiari_Type_II_Malformation,1
abpath,Neuro::Non_Neoplastic::Development::Malformations::Chiari_Malformations::Chiari_Type_I_Malformation,1
abpath,Neuro::Non_Neoplastic::Development::Malformations::Chromosomal_And_Single_Gene_Defects::Adult_Polyglucosan_Body_Disease,1
abpath,Neuro::Non_Neoplastic::Development::Malformations::Chromosomal_And_Single_Gene_Defects::Down_Syndrome,1
abpath,Neuro::Non_Neoplastic::Development::Malformations::Chromosomal_And_Single_Gene_Defects::Fragile_X_Syndrome,1
abpath,Neuro::Non_Neoplastic::Development::Malformations::Malformations_Of_The_Cerebellum::Chiari_Type_I_Malformation,1
abpath,Neuro::Non_Neoplastic::Development::Malformations::Malformations_Of_The_Cerebellum::Dandy_Walker_Syndrome,1
abpath,Neuro::Non_Neoplastic::Development::Malformations::Malformations_Of_The_Cerebellum::Joubert_Syndrome,1
abpath,Neuro::Non_Neoplastic::Development::Malformations::Malformations_Of_The_Cerebellum::Lhermitte_Duclos_Disease,1
abpath,Neuro::Non_Neoplastic::Development::Metabolic_Environmental_Iatrogenic_Factors::Maternal_Infection,1
abpath,Neuro::Non_Neoplastic::Development::Perinatal_Hemorrhages::Cerebellar_Hemorrhage,1
abpath,Neuro::Non_Neoplastic::Development::Perinatal_Hemorrhages::Cerebral_Parenchymal_Hemorrhage,1
abpath,Neuro::Non_Neoplastic::Development::Perinatal_Hemorrhages::Choroid_And_Intraventricular_Hemorrhage,1
abpath,Neuro::Non_Neoplastic::Development::Perinatal_Hemorrhages::Periventricular_Hemorrhagic_Infarct,1
abpath,Neuro::Non_Neoplastic::Development::Perinatal_Hemorrhages::Subdural_Subarachnoid_And_Subpial_Hemorrhages,1
abpath,Neuro::Non_Neoplastic::Development::Perinatal_Hemorrhages::Subependymal_Germinal_Plate_Matrix_Hemorrhage,1
abpath,Neuro::Non_Neoplastic::Development::Spinal_Muscular_Atrophy,1
abpath,Neuro::Non_Neoplastic::Development::Sudden_Infant_Death_Syndrome,1
abpath,Neuro::Non_Neoplastic::Gliosis::Alzheimer_Type_II_Astrocyte,1
abpath,Neuro::Non_Neoplastic::Gliosis::Bergmann_Gliosis,1
abpath,Neuro::Non_Neoplastic::Gliosis::Creutzfeldt_Cell,1
abpath,Neuro::Non_Neoplastic::Gliosis::Gemistocytic_Astrocyte,1
abpath,Neuro::Non_Neoplastic::Gliosis::Piloid_Gliosis,1
abpath,Neuro::Non_Neoplastic::Malformation::Hypothalamic_Hamartoma,1
abpath,Neuro::Non_Neoplastic::Malformation::Nodular_Heterotopia,1
abpath,Neuro::Non_Neoplastic::Malformation::Polymicrogyria,1
abpath,Neuro::Non_Neoplastic::Mimic::Calcifying_Pseudoneoplasm_Of_Neuraxis,1
abpath,Neuro::Non_Neoplastic::Mimic::Meningothelial_Hyperplasia,1
abpath,Neuro::Non_Neoplastic::Mimic::Minute_Meningothelial_Pulmonary_Nodule,1
abpath,Neuro::Non_Neoplastic::Pathologic_Response::Axonal_Spheroid,1
abpath,Neuro::Non_Neoplastic::Pathologic_Response::Bunina_Body,1
abpath,Neuro::Non_Neoplastic::Pathologic_Response::Central_Chromatolysis,1
abpath,Neuro::Non_Neoplastic::Pathologic_Response::Gliosis_Reactive_Astrocytosis,1
abpath,Neuro::Non_Neoplastic::Pathologic_Response::Lafora_Body,1
abpath,Neuro::Non_Neoplastic::Pathologic_Response::Laminar_Necrosis,1
abpath,Neuro::Non_Neoplastic::Pathologic_Response::Marinesco_Body,1
abpath,Neuro::Non_Neoplastic::Pathologic_Response::Microglial_Nodule,1
abpath,Neuro::Non_Neoplastic::Pathologic_Response::Neuronophagia,1
abpath,Neuro::Non_Neoplastic::Pathologic_Response::Olivary_Hypertrophy,1
abpath,Neuro::Non_Neoplastic::Pathologic_Response::Red_Neuron_Ischemic_Neuron,1
abpath,Neuro::Non_Neoplastic::Pathologic_Response::Swollen_Ballooned_Neuron,1
abpath,Neuro::Non_Neoplastic::Pathologic_Response::Tract_Degeneration,1
abpath,Neuro::Non_Neoplastic::Pathologic_Response::Transsynaptic_Degeneration,1
abpath,Neuro::Non_Neoplastic::Pathologic_Response::Wallerian_Degeneration,1
abpath,Neuro::Non_Neoplastic::Peripheral_Nerve::Hereditary_Motor_And_Sensory_Neuropathies,1
abpath,Neuro::Non_Neoplastic::Peripheral_Nerve::Infectious_Neuropathies::Leprosy,1
abpath,Neuro::Non_Neoplastic::Peripheral_Nerve::Inflammatory_Neuropathies::Chronic_Inflammatory_Demyelinating_Polyradiculopathy,1
abpath,Neuro::Non_Neoplastic::Peripheral_Nerve::Inflammatory_Neuropathies::Guillain_Barr_Syndrome,1
abpath,Neuro::Non_Neoplastic::Peripheral_Nerve::Inflammatory_Neuropathies::Paraneoplastic_Neuropathy,1
abpath,Neuro::Non_Neoplastic::Peripheral_Nerve::Inflammatory_Neuropathies::Sarcoid_Neuropathy,1
abpath,Neuro::Non_Neoplastic::Peripheral_Nerve::Inflammatory_Neuropathies::Vasculitic_Neuropathy,1
abpath,Neuro::Non_Neoplastic::Peripheral_Nerve::Major_Pathologic_Processes::AxonalDegeneration,1
abpath,Neuro::Non_Neoplastic::Peripheral_Nerve::Major_Pathologic_Processes::Demyelination,1
abpath,Neuro::Non_Neoplastic::Peripheral_Nerve::Major_Pathologic_Processes::DistalAxonopathy,1
abpath,Neuro::Non_Neoplastic::Peripheral_Nerve::Morton_Neuroma,1
abpath,Neuro::Non_Neoplastic::Peripheral_Nerve::Mucosal_Neuroma,1
abpath,Neuro::Non_Neoplastic::Peripheral_Nerve::Neuropathies_Associated_With_Systemic_Diseases::Amyloid_Neuropathy,1
abpath,Neuro::Non_Neoplastic::Peripheral_Nerve::Neuropathies_Associated_With_Systemic_Diseases::Diabetic_Neuropathy,1
abpath,Neuro::Non_Neoplastic::Peripheral_Nerve::Nutritional_Deficiency_Toxic_Neuropathies,1
abpath,Neuro::Non_Neoplastic::Peripheral_Nerve::Pacinian_Neuroma,1
abpath,Neuro::Non_Neoplastic::Peripheral_Nerve::Palisaded_Encapsulated_Neuroma,1
abpath,Neuro::Non_Neoplastic::Peripheral_Nerve::Peripheral_Nerve_Biopsy::Handling,1
abpath,Neuro::Non_Neoplastic::Peripheral_Nerve::Peripheral_Nerve_Ultrastructure,1
abpath,Neuro::Non_Neoplastic::Peripheral_Nerve::Traumatic_Neuroma,1
abpath,Neuro::Non_Neoplastic::Sellar::Granulomatous_Hypophysitis,1
abpath,Neuro::Non_Neoplastic::Sellar::Lymphocytic_Hypophysitis,1
abpath,Neuro::Non_Neoplastic::Sellar::Xanthomatous_Hypophysitis,1
abpath,Neuro::Non_Neoplastic::Systemic::Disorders_Of_Serum_Electrolytes::Calcium_Disturbances_Siderocalcinosis_Ferrugination_Microvessel,1
abpath,Neuro::Non_Neoplastic::Systemic::Liver_Disease::Acquired_Hepatic_Encephalopathy,1
abpath,Neuro::Non_Neoplastic::Systemic::Liver_Disease::Hepatolenticular_Degeneration,1
abpath,Neuro::Non_Neoplastic::Systemic::Lysosomal_And_Peroxisomal_Disorders::Acid_Beta_Glucosidase_Associated_Parkinson_Disease,1
abpath,Neuro::Non_Neoplastic::Systemic::Lysosomal_And_Peroxisomal_Disorders::Ceroid_Lipofuscinosis,1
abpath,Neuro::Non_Neoplastic::Systemic::Lysosomal_And_Peroxisomal_Disorders::Fabry_Disease,1
abpath,Neuro::Non_Neoplastic::Systemic::Lysosomal_And_Peroxisomal_Disorders::Farber_Disease,1
abpath,Neuro::Non_Neoplastic::Systemic::Lysosomal_And_Peroxisomal_Disorders::GM1_Gangliosidosis,1
abpath,Neuro::Non_Neoplastic::Systemic::Lysosomal_And_Peroxisomal_Disorders::GM2_Gangliosidosis,1
abpath,Neuro::Non_Neoplastic::Systemic::Lysosomal_And_Peroxisomal_Disorders::Gaucher_Disease,1
abpath,Neuro::Non_Neoplastic::Systemic::Lysosomal_And_Peroxisomal_Disorders::Niemann_Pick_Disease_Including_Type_C,1
abpath,Neuro::Non_Neoplastic::Systemic::Lysosomal_And_Peroxisomal_Disorders::Peroxisomal_Disorders::Zellweger_Cerebroheptorenal_Syndrome,1
abpath,Neuro::Non_Neoplastic::Systemic::Lysosomal_And_Peroxisomal_Disorders::Type_II_Glycogenesis,1
abpath,Neuro::Non_Neoplastic::Systemic::Mitochondrial_Disorders::Kearns_Sayre_Syndromeand_Chronic_Progressive_External_Ophthalmoplegia,1
abpath,Neuro::Non_Neoplastic::Systemic::Mitochondrial_Disorders::Leber_Hereditary_Optic_Neuropathy_Bilateral_Striatial_Necrosis_And_Multiple_Sclerosis_Like_Mitochondrial_Disease,1
abpath,Neuro::Non_Neoplastic::Systemic::Mitochondrial_Disorders::Leigh_Disease,1
abpath,Neuro::Non_Neoplastic::Systemic::Mitochondrial_Disorders::Mitochondrial_Myopathy_Encephalopathy_Lactic_Acidosis_And_Stroke_Like_Symptoms,1
abpath,Neuro::Non_Neoplastic::Systemic::Mitochondrial_Disorders::Myoneurogastrointestinal_Encephalopathy,1
abpath,Neuro::Non_Neoplastic::Systemic::Mitochondrial_Disorders::Neuropathy_Ataxia_And_Retinitis_Pigmentosa,1
abpath,Neuro::Non_Neoplastic::Systemic::Vitamin_Deficiencies::Thiamine_Deficiency_And_Wernicke_Encephalopathy,1
abpath,Neuro::Non_Neoplastic::Systemic::Vitamin_Deficiencies::Vitamin_B12_Deficiency_And_Subacute_Combined_Degeneration,1
abpath,Neuro::Non_Neoplastic::Treatment_Effect::Chemotherapy_Induced_Leukoencephalopathy,1
abpath,Neuro::Non_Neoplastic::Treatment_Effect::Radiation_Vasculopathy,1
abpath,Neuro::Normal::Astrocyte::Resting_Astrocyte,1
abpath,Neuro::Normal::Brainstem::Brainstem_Midbrain_Pons_Medulla,1
abpath,Neuro::Normal::Cerebellum::Cerebellar_Cortex,1
abpath,Neuro::Normal::Cerebrum::Basal_Ganglia_Pencil_Fiber,1
abpath,Neuro::Normal::Cerebrum::Hippocampal_Formation,1
abpath,Neuro::Normal::Cerebrum::Neocortex,1
abpath,Neuro::Normal::Cerebrum::Primary_Visual_Cortex,1
abpath,Neuro::Normal::Cerebrum::Thalamus,1
abpath,Neuro::Normal::Cerebrum::White_Matter,1
abpath,Neuro::Normal::Ependyma_And_Choroid::Choroid_Plexus,1
abpath,Neuro::Normal::Ependyma_And_Choroid::Ependyma,1
abpath,Neuro::Normal::Meninges::Leptomeningeal_Melanocyte,1
abpath,Neuro::Normal::Meninges::Meninges_Dura_Arachnoid_Pia,1
abpath,Neuro::Normal::Meninges::Meningothelial_Cell,1
abpath,Neuro::Normal::Microglia::Microglia_Rod_Cell,1
abpath,Neuro::Normal::Neuron::Anterior_Horn_Cell,1
abpath,Neuro::Normal::Neuron::Betz_Cell,1
abpath,Neuro::Normal::Neuron::Cerebellar_Granular_Cell,1
abpath,Neuro::Normal::Neuron::Dentate_Gyrus_Granular_Neuron,1
abpath,Neuro::Normal::Neuron::Dopaminergic_Neuron,1
abpath,Neuro::Normal::Neuron::Purkinje_Cell,1
abpath,Neuro::Normal::Neuron::Pyramidal_Neuron,1
abpath,Neuro::Normal::Oligodendrocyte::Oligodendrocyte,1
abpath,Neuro::Normal::PNS_Component::Satellite_Cell,1
abpath,Neuro::Normal::PNS_Component::Schwann_Cell,1
abpath,Neuro::Normal::Pineal::Pineal_Gland,1
abpath,Neuro::Normal::Pituitary::Anterior_Pituitary_Adenohypophysis,1
abpath,Neuro::Normal::Pituitary::Posterior_Pituitary_Neurohypophysis,1
abpath,Neuro::Normal::Spinal_Cord::Spinal_Cord,1
abpath,Neuro::Normal::Vascular::Artery_And_Virchow_Robin_Space,1
abpath,Neuro::Normal::Vascular::Capillary,1
abpath,Neuro::Ophthalmic::Diseases_Of_The_Anterior_Segment,1
abpath,Neuro::Ophthalmic::Diseases_Of_The_Conjunctiva,1
abpath,Neuro::Ophthalmic::Diseases_Of_The_Cornea,1
abpath,Neuro::Ophthalmic::Diseases_Of_The_Optic_Nerve,1
abpath,Neuro::Ophthalmic::Diseases_Of_The_Orbit,1
abpath,Neuro::Ophthalmic::Diseases_Of_The_Uvea,1
abpath,Neuro::Ophthalmic::Phthisis_Bulbi,1
abpath,Neuro::Ophthalmic::Retina_And_Vitreous::Age_Related_Macular_Degeneration,1
abpath,Neuro::Ophthalmic::Retina_And_Vitreous::Other_Retinal_Degeneration,1
abpath,Neuro::Ophthalmic::Retina_And_Vitreous::Retinal_Detachment,1
abpath,Neuro::Ophthalmic::Retina_And_Vitreous::Retinal_Neoplasms::Melanoma,1
abpath,Neuro::Ophthalmic::Retina_And_Vitreous::Retinal_Neoplasms::Retinoblastoma,1
abpath,Neuro::Ophthalmic::Retina_And_Vitreous::Retinal_Vascular_Disease,1
abpath,Neuro::Ophthalmic::Retina_And_Vitreous::Retinitis,1
abpath,Neuro::Ophthalmic::Therapeutic_Or_Iatrogenic_Complications,1
abpath,Neuro::Radiology::Technique::CT_Angiogram,1
abpath,Neuro::Radiology::Technique::Catheter_Angiography,1
abpath,Neuro::Radiology::Technique::Functional_MRI,1
abpath,Neuro::Radiology::Technique::High_Resolution_CT,1
abpath,Neuro::Radiology::Technique::MR_Spectroscopy,1
abpath,Neuro::Radiology::Technique::Magnetic_Resonance_Angiography,1
abpath,Neuro::Radiology::Technique::Perfusion_MRI,1
abpath,Neuro::Rapid_Diagnosis::Smear_In_Rapid_Diagnosis,1
abpath,Neuro::Rapid_Diagnosis::Stereotactic_Biopsy_Challenge,1
abpath,Neuro::Skeletal_Muscle::Autophagic_Vacuolar_Myopathies,1
abpath,Neuro::Skeletal_Muscle::Channelopathies,1
abpath,Neuro::Skeletal_Muscle::Congenital_Myopathies::Centronuclear_Myopathies,1
abpath,Neuro::Skeletal_Muscle::Congenital_Myopathies::Congenital_Fiber_Type_Disproportion_Myopathies,1
abpath,Neuro::Skeletal_Muscle::Congenital_Myopathies::Core_Myopathies,1
abpath,Neuro::Skeletal_Muscle::Congenital_Myopathies::Nemaline_Myopathies,1
abpath,Neuro::Skeletal_Muscle::Distal_Myopathies_Including_Valsoin_Containing_Protein,1
abpath,Neuro::Skeletal_Muscle::Inflammatory_Myopathies::Bacterial_Myositis,1
abpath,Neuro::Skeletal_Muscle::Inflammatory_Myopathies::Dermatomyositis,1
abpath,Neuro::Skeletal_Muscle::Inflammatory_Myopathies::Fungal_Myositis,1
abpath,Neuro::Skeletal_Muscle::Inflammatory_Myopathies::Inclusion_Body_Myositis,1
abpath,Neuro::Skeletal_Muscle::Inflammatory_Myopathies::Paraneoplastic_Myositis,1
abpath,Neuro::Skeletal_Muscle::Inflammatory_Myopathies::Parasitic_Myositis,1
abpath,Neuro::Skeletal_Muscle::Inflammatory_Myopathies::Sarcoid_Myopathy,1
abpath,Neuro::Skeletal_Muscle::Inflammatory_Myopathies::Vasculitis,1
abpath,Neuro::Skeletal_Muscle::Inflammatory_Myopathies::Viral_Myositis,1
abpath,Neuro::Skeletal_Muscle::Metabolic_Diseases::Glycogenoses::Type_II,1
abpath,Neuro::Skeletal_Muscle::Metabolic_Diseases::Glycogenoses::Type_V,1
abpath,Neuro::Skeletal_Muscle::Metabolic_Diseases::Lipid_Storage_Myopathies,1
abpath,Neuro::Skeletal_Muscle::Metabolic_Diseases::Mitochondrial_Myopathy,1
abpath,Neuro::Skeletal_Muscle::Muscle_Biopsy::Handling,1
abpath,Neuro::Skeletal_Muscle::Muscle_Biopsy::Muscle_Biopsy_Techniques_IHC_Special_Stains,1
abpath,Neuro::Skeletal_Muscle::Muscle_Biopsy::Skeletal_Muscle_Ultrastructure,1
abpath,Neuro::Skeletal_Muscle::Muscular_Dystrophies::Congenital_Muscular_Dystrophy,1
abpath,Neuro::Skeletal_Muscle::Muscular_Dystrophies::Dystrophinopathies,1
abpath,Neuro::Skeletal_Muscle::Muscular_Dystrophies::Emery_Dreifuss_Muscular_Dystrophy,1
abpath,Neuro::Skeletal_Muscle::Muscular_Dystrophies::Facioscapulohumeral_Dystrophy,1
abpath,Neuro::Skeletal_Muscle::Muscular_Dystrophies::Limb_Girdle_Muscular_Dystrophy,1
abpath,Neuro::Skeletal_Muscle::Muscular_Dystrophies::Myotonic_Dystrophy,1
abpath,Neuro::Skeletal_Muscle::Muscular_Dystrophies::Oculopharyngeal_Muscular_Dystrophy,1
abpath,Neuro::Skeletal_Muscle::Myofibrillar_Myopathies,1
abpath,Neuro::Skeletal_Muscle::Myopathic_Processes::Myopathic_Histopathologic_Features,1
abpath,Neuro::Skeletal_Muscle::NeuropathicDiseases::Motor_Neuron_Diseases_Spinal_Muscular_Atrophy,1
abpath,Neuro::Skeletal_Muscle::NeuropathicDiseases::Neuropathic_Histopathologic_Features,1
abpath,Neuro::Skeletal_Muscle::Toxic_Myopathies::Chloroquine_Hydroxychloroquine_Vacuolar_Myopathy,1
abpath,Neuro::Skeletal_Muscle::Toxic_Myopathies::Steroid_Myopathy_Acute_Care_Myopathy,1
abpath,Neuro::Trauma::Craniocerebral_Trauma::Intraparenchymal_Hemorrhages,1
abpath,Neuro::Trauma::Craniocerebral_Trauma::Traumatic_Subarachnoid_Hemorrhage,1
abpath,Neuro::Trauma::Sequelae_Of_Head_Injury::Chronic_Traumatic_Encephalopathy,1
abpath,Neuro::Trauma::Traumatic_Brain_Injury,1
abpath,Neuro::Trauma_And_Hemorrhage::Acute_Epidural_Hematoma,1
abpath,Neuro::Trauma_And_Hemorrhage::Intracerebral_Hematoma,1
abpath,Neuro::Treatment_Effect::Radiation_Necrosis,1
abpath,Neuro::Tumor::Adult_Type_Diffuse_Gliomas::Astrocytoma_IDH_Mutant_CNS_WHO_Grade_2_3_4,1
abpath,Neuro::Tumor::Adult_Type_Diffuse_Gliomas::Diffuse_Glioma_NOS,1
abpath,Neuro::Tumor::Adult_Type_Diffuse_Gliomas::Oligodendroglioma_IDH_Mutant_And_1p_19q_Co_Deleted_CNS_WHO_Grade_2_3,1
abpath,Neuro::Tumor::Astrocytic_Circumscribed::Astroblastoma_MN1_Altered,1
abpath,Neuro::Tumor::Astrocytic_Circumscribed::Chordoid_Glioma,1
abpath,Neuro::Tumor::Astrocytic_Circumscribed::High_Grade_Astrocytoma_With_Piloid_Features,1
abpath,Neuro::Tumor::Astrocytic_Circumscribed::Pilocytic_Astrocytoma,1
abpath,Neuro::Tumor::Astrocytic_Circumscribed::Pilomyxoid_Astrocytoma,1
abpath,Neuro::Tumor::Astrocytic_Circumscribed::Pleomorphic_Xanthoastrocytoma,1
abpath,Neuro::Tumor::Astrocytic_Circumscribed::Subependymal_Giant_Cell_Astrocytoma,1
abpath,Neuro::Tumor::Choroid_Plexus::Atypical_Choroid_Plexus_Papilloma,1
abpath,Neuro::Tumor::Choroid_Plexus::Choroid_Plexus_Carcinoma,1
abpath,Neuro::Tumor::Choroid_Plexus::Choroid_Plexus_Papilloma,1
abpath,Neuro::Tumor::Cysts::Colloid_Cyst_Of_The_Third_Ventricle,1
abpath,Neuro::Tumor::Cysts::Endodermal_Enterogenous_Cyst,1
abpath,Neuro::Tumor::Cysts::Epidermoid_And_Dermoid_Cysts,1
abpath,Neuro::Tumor::Cysts::Pineal_Cyst,1
abpath,Neuro::Tumor::Diffuse_Glioma::Adult::Astrocytoma_IDH_mutant,1
abpath,Neuro::Tumor::Diffuse_Glioma::Adult::Glioblastoma_IDH_wildtype,1
abpath,Neuro::Tumor::Diffuse_Glioma::Adult::Oligodendroglioma_IDH_mutant_and_1p19q_codeleted,1
abpath,Neuro::Tumor::Diffuse_Glioma::Gliomatosis_Cerebri,1
abpath,Neuro::Tumor::Diffuse_Glioma::Pediatric_High_Grade::Diffuse_Hemispheric_Glioma_H3_G34_mutant,1
abpath,Neuro::Tumor::Diffuse_Glioma::Pediatric_High_Grade::Diffuse_Midline_Glioma_H3K27_altered,1
abpath,Neuro::Tumor::Diffuse_Glioma::Pediatric_High_Grade::Diffuse_Pediatric_High_Grade_Glioma_H3_wildtype_and_IDH_wildtype,1
abpath,Neuro::Tumor::Diffuse_Glioma::Pediatric_High_Grade::Infant_type_Hemispheric_Glioma,1
abpath,Neuro::Tumor::Diffuse_Glioma::Pediatric_Low_Grade::Angiocentric_Glioma,1
abpath,Neuro::Tumor::Diffuse_Glioma::Pediatric_Low_Grade::Diffuse_Astrocytoma_MYB_or_MYBL1_altered,1
abpath,Neuro::Tumor::Diffuse_Glioma::Pediatric_Low_Grade::Diffuse_Low_Grade_Glioma_MAPK_Pathway_Altered,1
abpath,Neuro::Tumor::Diffuse_Glioma::Pediatric_Low_Grade::Polymorphous_Low_Grade_Neuroepithelial_Tumor_of_the_Young,1
abpath,Neuro::Tumor::Embryonal::Atypical_Teratoid_Rhabdoid_Tumor,1
abpath,Neuro::Tumor::Embryonal::CNS_Embryonal_Tumor_NEC_NOS,1
abpath,Neuro::Tumor::Embryonal::CNS_Neuroblastoma_FOXR2_activated,1
abpath,Neuro::Tumor::Embryonal::CNS_Tumor_With_BCOR_Internal_Tandem_Duplication,1
abpath,Neuro::Tumor::Embryonal::Cribriform_Neuroepithelial_Tumor,1
abpath,Neuro::Tumor::Embryonal::Embryonal_Tumor_With_Abundant_Neuropil_And_True_Rosette,1
abpath,Neuro::Tumor::Embryonal::Embryonal_Tumor_With_Multilayered_Rosette,1
abpath,Neuro::Tumor::Embryonal::Ependymoblastoma,1
abpath,Neuro::Tumor::Embryonal::Medulloblastoma_Histologically_Defined,1
abpath,Neuro::Tumor::Embryonal::Medulloblastoma_Molecularly_Defined,1
abpath,Neuro::Tumor::Embryonal::Medulloblastoma_SHH_activated_and_TP53_mutant,1
abpath,Neuro::Tumor::Embryonal::Medulloblastoma_non_WNT_non_SHH,1
abpath,Neuro::Tumor::Embryonal::Medulloepithelioma,1
abpath,Neuro::Tumor::Embryonal_Tumors::Embryonal_Tumors_With_Multilayered_Rosettes,1
abpath,Neuro::Tumor::Embryonal_Tumors::Embryonal_Tumors_With_Multilayered_Rosettes_C19MC_Altered,1
abpath,Neuro::Tumor::Embryonal_Tumors::Medulloblastoma_Classic_Type,1
abpath,Neuro::Tumor::Embryonal_Tumors::Medulloblastoma_Desmoplastic_Nodular_Type,1
abpath,Neuro::Tumor::Embryonal_Tumors::Medulloblastoma_Large_Cell_Anaplastic_Type,1
abpath,Neuro::Tumor::Embryonal_Tumors::Medulloblastoma_Non_WHT_Non_SHH,1
abpath,Neuro::Tumor::Embryonal_Tumors::Medulloblastoma_WNT_Activated,1
abpath,Neuro::Tumor::Embryonal_Tumors::Medulloblastoma_With_Extensive_Nodularity,1
abpath,Neuro::Tumor::Ependymal::Ependymoma::Cellular_Ependymoma,1
abpath,Neuro::Tumor::Ependymal::Ependymoma::Clear_Cell_Ependymoma,1
abpath,Neuro::Tumor::Ependymal::Ependymoma::Lipidized_Ependymoma,1
abpath,Neuro::Tumor::Ependymal::Ependymoma::Papillary_Ependymoma,1
abpath,Neuro::Tumor::Ependymal::Ependymoma::Signet_Ring_Ependymoma,1
abpath,Neuro::Tumor::Ependymal::Ependymoma::Tanycytic_Ependymoma,1
abpath,Neuro::Tumor::Ependymal::Myxopapillary_Ependymoma,1
abpath,Neuro::Tumor::Ependymal::Posterior_Fossa_Ependymoma,1
abpath,Neuro::Tumor::Ependymal::Posterior_Fossa_Group_A_PFA_Ependymoma,1
abpath,Neuro::Tumor::Ependymal::Posterior_Fossa_Group_B_PFB_Ependymoma,1
abpath,Neuro::Tumor::Ependymal::Spinal_Ependymoma,1
abpath,Neuro::Tumor::Ependymal::Spinal_Ependymoma_MYCN_amplified,1
abpath,Neuro::Tumor::Ependymal::Subependymoma,1
abpath,Neuro::Tumor::Ependymal::Supratentorial_Ependymoma,1
abpath,Neuro::Tumor::Ependymal::Supratentorial_Ependymoma_YAP1_Fusion_Positive,1
abpath,Neuro::Tumor::Ependymal::Supratentorial_Ependymoma_ZFTA_Fusion_Positive,1
abpath,Neuro::Tumor::Familial_Tumor_Predisposition_Syndromes::BAP1_Tumor_Predisposition_Syndrome,1
abpath,Neuro::Tumor::Familial_Tumor_Predisposition_Syndromes::Carney_Complex,1
abpath,Neuro::Tumor::Familial_Tumor_Predisposition_Syndromes::Cowden_Disease,1
abpath,Neuro::Tumor::Familial_Tumor_Predisposition_Syndromes::ELP1_Medulloblastoma_Syndrome,1
abpath,Neuro::Tumor::Familial_Tumor_Predisposition_Syndromes::Fanconi_Anemia,1
abpath,Neuro::Tumor::Familial_Tumor_Predisposition_Syndromes::Li_Fraumeni_Syndrome,1
abpath,Neuro::Tumor::Familial_Tumor_Predisposition_Syndromes::Lynch_Syndrome,1
abpath,Neuro::Tumor::Familial_Tumor_Predisposition_Syndromes::Von_Hippel_Lindau_Disease,1
abpath,Neuro::Tumor::Germ_Cell::Choriocarcinoma,1
abpath,Neuro::Tumor::Germ_Cell::Embryonal_Carcinoma,1
abpath,Neuro::Tumor::Germ_Cell::Germinoma,1
abpath,Neuro::Tumor::Germ_Cell::Mixed_Germ_Cell_Tumor,1
abpath,Neuro::Tumor::Germ_Cell::Teratoma::Immature_Teratoma,1
abpath,Neuro::Tumor::Germ_Cell::Teratoma::Mature_Teratoma,1
abpath,Neuro::Tumor::Germ_Cell::Teratoma_With_Somatic_Type_Malignancy,1
abpath,Neuro::Tumor::Germ_Cell::Yolk_Sac_Tumor,1
abpath,Neuro::Tumor::Germ_Cell_Tumors::Teratoma_With_Malignant_Transformation,1
abpath,Neuro::Tumor::Glial_Other::Chordoid_Glioma_Of_Third_Ventricle,1
abpath,Neuro::Tumor::Glioneuronal_And_Neuronal_Tumors::Dysplastic_Gangliocytoma_Of_The_Cerebellum,1
abpath,Neuro::Tumor::Glioneuronal_Neuronal::Central_Neurocytoma,1
abpath,Neuro::Tumor::Glioneuronal_Neuronal::Cerebellar_Liponeurocytoma,1
abpath,Neuro::Tumor::Glioneuronal_Neuronal::Desmoplastic_Infantile_Astrocytoma_And_Ganglioglioma,1
abpath,Neuro::Tumor::Glioneuronal_Neuronal::Diffuse_Glioneuronal_Tumor_With_Oligodendroglioma_like_Features_And_Nuclear_Clusters,1
abpath,Neuro::Tumor::Glioneuronal_Neuronal::Diffuse_Leptomeningeal_Glioneuronal_Tumor,1
abpath,Neuro::Tumor::Glioneuronal_Neuronal::Dysembryoplastic_Neuroepithelial_Tumor,1
abpath,Neuro::Tumor::Glioneuronal_Neuronal::Dysplastic_Cerebellar_Gangliocytoma,1
abpath,Neuro::Tumor::Glioneuronal_Neuronal::Extraventricular_Neurocytoma,1
abpath,Neuro::Tumor::Glioneuronal_Neuronal::Gangliocytoma,1
abpath,Neuro::Tumor::Glioneuronal_Neuronal::Ganglioglioma,1
abpath,Neuro::Tumor::Glioneuronal_Neuronal::Multinodular_And_Vacuolating_Neuronal_Tumor,1
abpath,Neuro::Tumor::Glioneuronal_Neuronal::Myxoid_Glioneuronal_Tumor,1
abpath,Neuro::Tumor::Glioneuronal_Neuronal::Papillary_Glioneuronal_Tumor,1
abpath,Neuro::Tumor::Glioneuronal_Neuronal::Rosette_Forming_Glioneuronal_Tumor,1
abpath,Neuro::Tumor::Lesions_Of_The_Sellar_Region::Pituitary_Adenoma_Pituitary_Neuroendocrine_Tumor::Acidophil_Stem_Cell_Adenoma,1
abpath,Neuro::Tumor::Lesions_Of_The_Sellar_Region::Pituitary_Adenoma_Pituitary_Neuroendocrine_Tumor::Crooke_Cell_Adenoma,1
abpath,Neuro::Tumor::Lesions_Of_The_Sellar_Region::Pituitary_Adenoma_Pituitary_Neuroendocrine_Tumor::Densely_Granulated_Corticotroph_Adenoma,1
abpath,Neuro::Tumor::Lesions_Of_The_Sellar_Region::Pituitary_Adenoma_Pituitary_Neuroendocrine_Tumor::Densely_Granulated_Lactotroph_Adenoma,1
abpath,Neuro::Tumor::Lesions_Of_The_Sellar_Region::Pituitary_Adenoma_Pituitary_Neuroendocrine_Tumor::Densely_Granulated_Somatotroph_Adenoma,1
abpath,Neuro::Tumor::Lesions_Of_The_Sellar_Region::Pituitary_Adenoma_Pituitary_Neuroendocrine_Tumor::Gonadotroph_Adenoma,1
abpath,Neuro::Tumor::Lesions_Of_The_Sellar_Region::Pituitary_Adenoma_Pituitary_Neuroendocrine_Tumor::Mammosomatotroph_Adenoma,1
abpath,Neuro::Tumor::Lesions_Of_The_Sellar_Region::Pituitary_Adenoma_Pituitary_Neuroendocrine_Tumor::Mixed_Somatotroph_Lactotroph_Adenoma,1
abpath,Neuro::Tumor::Lesions_Of_The_Sellar_Region::Pituitary_Adenoma_Pituitary_Neuroendocrine_Tumor::Null_Cell_Adenoma,1
abpath,Neuro::Tumor::Lesions_Of_The_Sellar_Region::Pituitary_Adenoma_Pituitary_Neuroendocrine_Tumor::Plurihormonal_PIT1_Positive_Adenoma,1
abpath,Neuro::Tumor::Lesions_Of_The_Sellar_Region::Pituitary_Adenoma_Pituitary_Neuroendocrine_Tumor::Sparsely_Granulated_Corticotroph_Adenoma,1
abpath,Neuro::Tumor::Lesions_Of_The_Sellar_Region::Pituitary_Adenoma_Pituitary_Neuroendocrine_Tumor::Sparsely_Granulated_Lactotroph_Adenoma,1
abpath,Neuro::Tumor::Lesions_Of_The_Sellar_Region::Pituitary_Adenoma_Pituitary_Neuroendocrine_Tumor::Sparsely_Granulated_Somatotroph_Adenoma,1
abpath,Neuro::Tumor::Lesions_Of_The_Sellar_Region::Pituitary_Adenoma_Pituitary_Neuroendocrine_Tumor::Thyrotroph_Adenoma,1
abpath,Neuro::Tumor::Lesions_Of_The_Sellar_Region::Pituitary_Carcinoma_Metastatic_PitNET,1
abpath,Neuro::Tumor::Lesions_Of_The_Sellar_Region::Pituitary_Hyperplasia,1
abpath,Neuro::Tumor::Lymphoma_And_Hematopoietic_Tumors_Of_The_Central_Nervous_System::Immunodeficiency_Associated_CNS_Lymphomas,1
abpath,Neuro::Tumor::Lymphoma_And_Hematopoietic_Tumors_Of_The_Central_Nervous_System::MALT_Lymphomas_Of_The_Dura,1
abpath,Neuro::Tumor::Lymphoma_And_Hematopoietic_Tumors_Of_The_Central_Nervous_System::Non_Langerhans_Histiocytosis,1
abpath,Neuro::Tumor::Melanocytic::Melanocytoma,1
abpath,Neuro::Tumor::Melanocytic::Meningeal_Melanocytosis_And_Melanomatosis,1
abpath,Neuro::Tumor::Melanocytic::Neurocutaneous_Melanomatosis,1
abpath,Neuro::Tumor::Melanocytic::Primary_CNS_Melanoma,1
abpath,Neuro::Tumor::Meninges::Mesenchymal::Meningioangiomatosis,1
abpath,Neuro::Tumor::Meningioma::Angiomatous_Meningioma,1
abpath,Neuro::Tumor::Meningioma::Atypical_Meningioma,1
abpath,Neuro::Tumor::Meningioma::Brain_Invasive_Meningioma,1
abpath,Neuro::Tumor::Meningioma::Chordoid_Meningioma,1
abpath,Neuro::Tumor::Meningioma::Clear_Cell_Meningioma,1
abpath,Neuro::Tumor::Meningioma::Cystic_Meningioma,1
abpath,Neuro::Tumor::Meningioma::Fibrous_Meningioma,1
abpath,Neuro::Tumor::Meningioma::Lymphoplasmacyte_Rich_Meningioma,1
abpath,Neuro::Tumor::Meningioma::Meningothelial_Meningioma,1
abpath,Neuro::Tumor::Meningioma::Metaplastic_Meningioma,1
abpath,Neuro::Tumor::Meningioma::Papillary_Meningioma,1
abpath,Neuro::Tumor::Meningioma::Psammomatous_Meningioma,1
abpath,Neuro::Tumor::Meningioma::Rhabdoid_Meningioma,1
abpath,Neuro::Tumor::Meningioma::Secretory_Meningioma,1
abpath,Neuro::Tumor::Meningioma::Transitional_Meningioma,1
abpath,Neuro::Tumor::Meningothelial_Tumors::Anaplastic_Meningioma,1
abpath,Neuro::Tumor::Meningothelial_Tumors::Meningioma_Microcystic,1
abpath,Neuro::Tumor::Meningothelial_Tumors::Meningioma_NOS,1
abpath,Neuro::Tumor::Meningothelial_Tumors::Meningioma_Other_Types,1
abpath,Neuro::Tumor::Meningothelial_Tumors::Meningoangiomatomatosis,1
abpath,Neuro::Tumor::Mesenchymal::CIC_rearranged_Sarcoma,1
abpath,Neuro::Tumor::Mesenchymal::Ewing_Sarcoma,1
abpath,Neuro::Tumor::Mesenchymal::Hemangioblastoma,1
abpath,Neuro::Tumor::Mesenchymal::Intracranial_Mesenchymal_Tumor_FET_CREB_Fusion_Positive,1
abpath,Neuro::Tumor::Mesenchymal::Mesenchymal_Chondrosarcoma,1
abpath,Neuro::Tumor::Mesenchymal::Primary_Intracranial_Sarcoma_DICER1_mutant,1
abpath,Neuro::Tumor::Mesenchymal::Rhabdomyosarcoma,1
abpath,Neuro::Tumor::Mesenchymal::Solitary_Fibrous_Tumor,1
abpath,Neuro::Tumor::MesenchymalTumors::Hemangioma,1
abpath,Neuro::Tumor::Mesenchymal_Non_Meningothelial::Bone::Osteosarcoma,1
abpath,Neuro::Tumor::Mesenchymal_Non_Meningothelial::Cartilage::Chondrosarcoma,1
abpath,Neuro::Tumor::Mesenchymal_Non_Meningothelial::Inflammatory_Myofibroblastic_Tumor,1
abpath,Neuro::Tumor::Mesenchymal_Non_Meningothelial::Lipoma,1
abpath,Neuro::Tumor::Mesenchymal_Non_Meningothelial::Muscle::Leiomyosarcoma,1
abpath,Neuro::Tumor::Mesenchymal_Non_Meningothelial::Muscle::Rhabdomyosarcoma_Alveolar,1
abpath,Neuro::Tumor::Mesenchymal_Non_Meningothelial::Muscle::Rhabdomyosarcoma_Embryonal,1
abpath,Neuro::Tumor::Mesenchymal_Non_Meningothelial::Undifferentiated_Sarcoma,1
abpath,Neuro::Tumor::Metastatic::Meningeal_Carcinomatosis,1
abpath,Neuro::Tumor::Metastatic::Metastases_To_The_Brain_And_Spinal_Cord_Parenchyma,1
abpath,Neuro::Tumor::Metastatic::Metastases_To_The_Meninges,1
abpath,Neuro::Tumor::Metastatic::Metastatic_Carcinoma,1
abpath,Neuro::Tumor::Metastatic::Metastatic_Melanoma,1
abpath,Neuro::Tumor::Metastatic::Metastatic_Sarcoma,1
abpath,Neuro::Tumor::Metastatic_Tumors::Neoplasms_In_Tissues_Surrounding_The_CNS,1
abpath,Neuro::Tumor::Metastatic_Tumors::Secondary_Neoplasms_In_The_Brain_And_Spinal_Cord,1
abpath,Neuro::Tumor::Metastatic_Tumors::Secondary_Neoplasms_In_The_Meninges,1
abpath,Neuro::Tumor::Nerve::Cauda_Equina_Neuroendocrine_Tumor,1
abpath,Neuro::Tumor::Nerve::Ganglioneuroma,1
abpath,Neuro::Tumor::Nerve::Granular_Cell_Tumor,1
abpath,Neuro::Tumor::Nerve::Hybrid_Nerve_Sheath_Tumor,1
abpath,Neuro::Tumor::Nerve::Malignant_Melanotic_Nerve_Sheath_Tumor,1
abpath,Neuro::Tumor::Nerve::Malignant_Peripheral_Nerve_Sheath_Tumor,1
abpath,Neuro::Tumor::Nerve::Malignant_Peripheral_Nerve_Sheath_Tumor::Triton_Tumor,1
abpath,Neuro::Tumor::Nerve::Nerve_Sheath_Myxoma,1
abpath,Neuro::Tumor::Nerve::Neurofibroma,1
abpath,Neuro::Tumor::Nerve::Neurothekeoma,1
abpath,Neuro::Tumor::Nerve::Perineurioma,1
abpath,Neuro::Tumor::Nerve::Schwannoma,1
abpath,Neuro::Tumor::Neuroendocrine::Paraganglioma,1
abpath,Neuro::Tumor::Notochordal::Chordoma,1
abpath,Neuro::Tumor::Paraneoplastic_Disorders::Paraneoplastic_Cerebellar_Degeneration,1
abpath,Neuro::Tumor::Paraneoplastic_Disorders::Paraneoplastic_Encephalomyelitis,1
abpath,Neuro::Tumor::Paraneoplastic_Disorders::Paraneoplastic_Opsoclonus_Myoclonus_Ataxia,1
abpath,Neuro::Tumor::Pediatric_Type_Diffuse_High_Grade_Gliomas::Diffuse_Midline_Glioma_H3_K27_Altered,1
abpath,Neuro::Tumor::Pineal::Desmoplastic_Myxoid_Tumor_Of_The_Pineal_Region_SMARCB1_mutant,1
abpath,Neuro::Tumor::Pineal::Papillary_Tumor_Of_The_Pineal_Region,1
abpath,Neuro::Tumor::Pineal::Pineal_Parenchymal_Tumor_Of_Intermediate_Differentiation,1
abpath,Neuro::Tumor::Pineal::Pineoblastoma,1
abpath,Neuro::Tumor::Pineal::Pineocytoma,1
abpath,Neuro::Tumor::Pineal::Pineocytoma::Pleomorphic_Pineocytoma,1
abpath,Neuro::Tumor::Primary_Melanocytic_Tumors::Melanocytosis,1
abpath,Neuro::Tumor::Primary_Melanocytic_Tumors::Melanoma,1
abpath,Neuro::Tumor::Primary_Melanocytic_Tumors::Melanomatosis,1
abpath,Neuro::Tumor::Sellar::Adamantinomatous_Craniopharyngioma,1
abpath,Neuro::Tumor::Sellar::Granular_Cell_Tumor_Of_Sellar_Region,1
abpath,Neuro::Tumor::Sellar::Metastatic_Pituitary_Neuroendocrine_Tumor_PitNET,1
abpath,Neuro::Tumor::Sellar::Papillary_Craniopharyngioma,1
abpath,Neuro::Tumor::Sellar::Pituicytoma,1
abpath,Neuro::Tumor::Sellar::Pituitary_Blastoma,1
abpath,Neuro::Tumor::Sellar::Pituitary_Neuroendocrine_Tumor_PitNET,1
abpath,Neuro::Tumor::Sellar::Spindle_Cell_Oncocytoma,1
abpath,Neuro::Tumor::Spine::Benign_Tumors_Of_The_Vertebral_Column,1
abpath,Neuro::Tumor::Spine::Malignant_Tumors_Of_The_Vertebral_Column,1
abpath,Neuro::Tumor::Tumors_Of_The_Cranial_And_Paraspinal_Nerves::Atypical_Neurofibromatous_Neoplasm_Of_Uncertain_Biologic_Potential,1
abpath,Neuro::Tumor::Tumors_Of_The_Cranial_And_Paraspinal_Nerves::Hybrid_Nerve_Sheath_Tumors,1
abpath,Neuro::Tumor::Tumors_Of_The_Cranial_And_Paraspinal_Nerves::MPNST_With_Divergent_Mesenchymal_And_Or_Epithelial_Differentiation_Or_Perineural_Differentiation,1
abpath,Neuro::Tumor::Tumors_Of_The_Cranial_And_Paraspinal_Nerves::Plexiform_Neurofibroma,1
abpath,Neuro::Vascular::Acquired_Vascular_Malformation,1
abpath,Neuro::Vascular::Angiitis_And_Vasculitis::Vasculitis_Of_The_Peripheral_Nervous_System,1
abpath,Neuro::Vascular::Arteriovenous_Fistula,1
abpath,Neuro::Vascular::Arteriovenous_Malformation,1
abpath,Neuro::Vascular::CNS_Infarct::Hemorrhagic_Infarcts,1
abpath,Neuro::Vascular::CNS_Infarct::Iatrogenic_Infarcts,1
abpath,Neuro::Vascular::CNS_Infarct::Infarcts_Caused_By_Thromboembolic_Occlusion_Of_Large_Arteries,1
abpath,Neuro::Vascular::CNS_Infarct::Lacunar_Infarcts,1
abpath,Neuro::Vascular::CNS_Infarct::Watershed_Or_Borderzone_Infarcts,1
abpath,Neuro::Vascular::Capillary_Telangiectasia,1
abpath,Neuro::Vascular::Cavernous_Angioma,1
abpath,Neuro::Vascular::Cerebral_Amyloid_Angiopathy::Brain_Hemorrhage,1
abpath,Neuro::Vascular::Cerebral_Amyloid_Angiopathy::Inherited_Amyloidoses,1
abpath,Neuro::Vascular::Cerebral_Amyloid_Angiopathy::Systemic_Amyloidoses,1
abpath,Neuro::Vascular::Cerebral_Amyloid_Pathology,1
abpath,Neuro::Vascular::Cerebral_Cavernous_Malformation,1
abpath,Neuro::Vascular::Developmental_Venous_Anomaly,1
abpath,Neuro::Vascular::Genetic::CADASIL,1
abpath,Neuro::Vascular::Intracerebral_Hemorrhage,1
abpath,Neuro::Vascular::Intracranial_Aneurysm,1
abpath,Neuro::Vascular::Ischemic::Acute_Infarction,1
abpath,Neuro::Vascular::Ischemic::Cerebral_Infarction,1
abpath,Neuro::Vascular::Ischemic::Hypoxic_Ischemic_Encephalopathy,1
abpath,Neuro::Vascular::Ischemic::Lacunar_Infarction,1
abpath,Neuro::Vascular::Ischemic::Remote_Infarction,1
abpath,Neuro::Vascular::Miscellaneous_Vascular_Disorders::Vascular_Dementia,1
abpath,Neuro::Vascular::Spontaneous_Hemorrhage::Brain_Hemorrhage_Secondary_To_Systemic_Disease_Or_Therapy,1
abpath,Neuro::Vascular::Spontaneous_Hemorrhage::Hypertensive_Brain_Hemorrhage,1
abpath,Neuro::Vascular::Spontaneous_Hemorrhage::Spontaneous_Subarachnoid_Hemorrhage,1
abpath,Neuro::Vascular::Spontaneous_Hemorrhage::Spontaneous_Subdural_Hemorrhage,1
abpath,Neuro::Vascular::Syndromic_Association_With_Vascular_Malformation,1
abpath,Neuro::Vascular::Vascular_Disease_And_Infarcts::Arteriolosclerosis,1
abpath,Neuro::Vascular::Vascular_Disease_And_Infarcts::Atherosclerosis,1
abpath,Neuro::Vascular::Vascular_Disease_And_Infarcts::Binswanger_Disease,1
abpath,Neuro::Vascular::Vascular_Disease_And_Infarcts::Ischemic_Leukoencephalopathy,1
abpath,Neuro::Vascular::Vascular_Disease_And_Infarcts::Moyamoya_Disease,1
abpath,Neuro::Vascular::Vascular_Disease_And_Infarcts::Retinocochleocerebral_Vasculopathy,1
abpath,Neuro::Vascular::Vascular_Disease_And_Infarcts::Siderocalcinosis_Ferrugination_Of_Microvessels,1
abpath,Neuro::Vascular::Vascular_Malformation_Of_The_Spinal_Cord,1
abpath,Neuro::Vascular::Vascular_Malformations::Arteriovenous_Malformations,1
abpath,Neuro::Vascular::Vascular_Malformations::Vein_Of_Galen_Malformation,1
abpath,Neuro::Vascular::Vasculitis::Giant_Cell_Arteritis,1
abpath,Neuro::Vascular::Vasculitis::Polyarteritis_Nodosa,1
abpath,Neuro::Vascular::Vasculitis::Primary_Angiitis_Of_CNS,1
abpath,Neuro::Vascular::Venous_Angioma,1
abpath,Peds::BST::Bone::Adamantinoma,1
abpath,Peds::BST::Bone::Aneurysmal_Bone_Cyst,1
abpath,Peds::BST::Bone::Bizarre_Parosteal_Osteochondromatous_Proliferation,1
abpath,Peds::BST::Bone::Chondroblastoma,1
abpath,Peds::BST::Bone::Chondromesenchymal_Hamartoma_Of_Chest_Wall,1
abpath,Peds::BST::Bone::Chondromyxoid_Fibroma,1
abpath,Peds::BST::Bone::Chondrosarcoma,1
abpath,Peds::BST::Bone::Enchondroma_Enchondromatosis,1
abpath,Peds::BST::Bone::Fibrous_Dysplasia,1
abpath,Peds::BST::Bone::Giant_Cell_Tumor_Of_Bone,1
abpath,Peds::BST::Bone::Mesenchymal_Chondrosarcoma,1
abpath,Peds::BST::Bone::Non_Ossifying_Fibroma,1
abpath,Peds::BST::Bone::Osteoblastoma,1
abpath,Peds::BST::Bone::Osteochondroma,1
abpath,Peds::BST::Bone::Osteofibrous_Dysplasia,1
abpath,Peds::BST::Bone::Osteoid_Osteoma,1
abpath,Peds::BST::Bone::Osteosarcoma_Conventional,1
abpath,Peds::BST::Bone::Osteosarcoma_Surface,1
abpath,Peds::BST::Bone::Simple_Bone_Cyst,1
abpath,Peds::BST::Bone::Subungual_Exostosis,1
abpath,Peds::BST::Soft_Tissue::Alveolar_Soft_Part_Sarcoma,1
abpath,Peds::BST::Soft_Tissue::Angiomatoid_Fibrous_Histiocytoma,1
abpath,Peds::BST::Soft_Tissue::Angiosarcoma,1
abpath,Peds::BST::Soft_Tissue::CIC_Rearranged_Sarcoma,1
abpath,Peds::BST::Soft_Tissue::Calcifying_Aponeurotic_Fibroma,1
abpath,Peds::BST::Soft_Tissue::Clear_Cell_Sarcoma_Of_Soft_Tissue,1
abpath,Peds::BST::Soft_Tissue::Congenital_Hemangioma,1
abpath,Peds::BST::Soft_Tissue::Dermatofibrosarcoma_Protuberans,1
abpath,Peds::BST::Soft_Tissue::Desmoid_Fibromatosis,1
abpath,Peds::BST::Soft_Tissue::Desmoplastic_Small_Round_Cell_Tumor,1
abpath,Peds::BST::Soft_Tissue::EBV_Associated_Smooth_Muscle_Tumor,1
abpath,Peds::BST::Soft_Tissue::EWSR1_SMAD3_Rearranged_Fibroblastic_Tumor,1
abpath,Peds::BST::Soft_Tissue::Ectomesenchymoma,1
abpath,Peds::BST::Soft_Tissue::Epithelioid_Hemangioendothelioma,1
abpath,Peds::BST::Soft_Tissue::Epithelioid_Hemangioma,1
abpath,Peds::BST::Soft_Tissue::Epithelioid_Sarcoma,1
abpath,Peds::BST::Soft_Tissue::Ewing_Sarcoma,1
abpath,Peds::BST::Soft_Tissue::Extrarenal_Rhabdoid_Tumor,1
abpath,Peds::BST::Soft_Tissue::Fibrodysplasia_Ossificans_Progressiva,1
abpath,Peds::BST::Soft_Tissue::Fibroma_Of_Tendon_Sheath,1
abpath,Peds::BST::Soft_Tissue::Fibromatosis_Colli,1
abpath,Peds::BST::Soft_Tissue::Fibrous_Hamartoma_Of_Infancy,1
abpath,Peds::BST::Soft_Tissue::Gardner_Fibroma,1
abpath,Peds::BST::Soft_Tissue::Gastrointestinal_Stromal_Tumor_GIST,1
abpath,Peds::BST::Soft_Tissue::Glomus_Tumor_Glomuvenous_Malformation,1
abpath,Peds::BST::Soft_Tissue::Granular_Cell_Tumor,1
abpath,Peds::BST::Soft_Tissue::Inclusion_Body_Infantile_Digital_Fibromatosis,1
abpath,Peds::BST::Soft_Tissue::Infantile_Fibrosarcoma,1
abpath,Peds::BST::Soft_Tissue::Infantile_Hemangioma,1
abpath,Peds::BST::Soft_Tissue::Inflammatory_Myofibroblastic_Tumor,1
abpath,Peds::BST::Soft_Tissue::Juvenile_Hyaline_Fibromatosis,1
abpath,Peds::BST::Soft_Tissue::Kaposi_Sarcoma,1
abpath,Peds::BST::Soft_Tissue::Kaposiform_Hemangioendothelioma,1
abpath,Peds::BST::Soft_Tissue::Lipoblastoma_Lipoblastomatosis,1
abpath,Peds::BST::Soft_Tissue::Lipofibromatosis,1
abpath,Peds::BST::Soft_Tissue::Lipomatosis,1
abpath,Peds::BST::Soft_Tissue::Liposarcoma,1
abpath,Peds::BST::Soft_Tissue::Lobular_Capillary_Hemangioma,1
abpath,Peds::BST::Soft_Tissue::Low_Grade_Fibromyxoid_Sarcoma,1
abpath,Peds::BST::Soft_Tissue::Low_Grade_Myofibroblastic_Sarcoma,1
abpath,Peds::BST::Soft_Tissue::Malignant_Peripheral_Nerve_Sheath_Tumor_MPNST,1
abpath,Peds::BST::Soft_Tissue::Myofibroma_Myopericytoma,1
abpath,Peds::BST::Soft_Tissue::Neurofibroma,1
abpath,Peds::BST::Soft_Tissue::PEComa,1
abpath,Peds::BST::Soft_Tissue::Papillary_Intralymphatic_Angioendothelioma,1
abpath,Peds::BST::Soft_Tissue::Pediatric_NTRK_Rearranged_Spindle_Cell_Neoplasm,1
abpath,Peds::BST::Soft_Tissue::Perineurioma,1
abpath,Peds::BST::Soft_Tissue::Phosphaturic_Mesenchymal_Tumor,1
abpath,Peds::BST::Soft_Tissue::Plexiform_Fibrohistiocytic_Tumor,1
abpath,Peds::BST::Soft_Tissue::Pseudomyogenic_Hemangioendothelioma,1
abpath,Peds::BST::Soft_Tissue::Retiform_Hemangioendothelioma,1
abpath,Peds::BST::Soft_Tissue::Rhabdomyoma,1
abpath,Peds::BST::Soft_Tissue::Rhabdomyosarcoma_Alveolar,1
abpath,Peds::BST::Soft_Tissue::Rhabdomyosarcoma_Embryonal,1
abpath,Peds::BST::Soft_Tissue::Rhabdomyosarcoma_Spindle_Cell_Sclerosing,1
abpath,Peds::BST::Soft_Tissue::Round_Cell_Sarcoma_EWSR1_Non_ETS_Fusion,1
abpath,Peds::BST::Soft_Tissue::Sarcoma_With_BCOR_Genetic_Alteration,1
abpath,Peds::BST::Soft_Tissue::Schwannoma,1
abpath,Peds::BST::Soft_Tissue::Sclerosing_Epithelioid_Fibrosarcoma,1
abpath,Peds::BST::Soft_Tissue::Sinonasal_Angiofibroma,1
abpath,Peds::BST::Soft_Tissue::Solitary_Circumscribed_Neuroma,1
abpath,Peds::BST::Soft_Tissue::Synovial_Sarcoma,1
abpath,Peds::BST::Soft_Tissue::Tenosynovial_Giant_Cell_Tumor,1
abpath,Peds::BST::Soft_Tissue::Tufted_Angioma,1
abpath,Peds::BST::Soft_Tissue::Vascular_Arteriovenous_Malformation,1
abpath,Peds::BST::Soft_Tissue::Vascular_Capillary_Malformation,1
abpath,Peds::BST::Soft_Tissue::Vascular_Venous_Malformation,1
abpath,Peds::Breast::Gynecomastia,1
abpath,Peds::Breast::Juvenile_Fibroadenoma,1
abpath,Peds::Breast::Juvenile_Papillomatosis,1
abpath,Peds::Breast::Phyllodes_Tumor,1
abpath,Peds::Breast::Secretory_Carcinoma,1
abpath,Peds::Endocrine::Adrenal::Adrenal_Cortical_Tumor,1
abpath,Peds::Endocrine::Adrenal::Congenital_Adrenal_Hyperplasia,1
abpath,Peds::Endocrine::Adrenal::Pheochromocytoma,1
abpath,Peds::Endocrine::Adrenal::Sympathetic_Paraganglioma,1
abpath,Peds::Endocrine::Parathyroid::Parathyroid_Adenoma,1
abpath,Peds::Endocrine::Thyroid::Cribriform_Morular_Thyroid_Carcinoma,1
abpath,Peds::Endocrine::Thyroid::Follicular_Adenoma,1
abpath,Peds::Endocrine::Thyroid::Medullary_Thyroid_Carcinoma,1
abpath,Peds::Endocrine::Thyroid::Papillary_Thyroid_Carcinoma,1
abpath,Peds::Endocrine::Thyroid::Thyroiditis,1
abpath,Peds::Eye::Conjunctival_Epibulbar_Choristoma,1
abpath,Peds::Eye::Diffuse_Choroidal_Neurofibroma,1
abpath,Peds::Eye::Inflamed_Juvenile_Conjunctival_Nevus,1
abpath,Peds::Eye::Lisch_Nodule_Iris_Hamartoma,1
abpath,Peds::Eye::Medulloepithelioma,1
abpath,Peds::Eye::Optic_Nerve_Pilocytic_Astrocytoma,1
abpath,Peds::Eye::Phakomatous_Choristoma,1
abpath,Peds::Eye::Retinoblastoma,1
abpath,Peds::Eye::Retinocytoma,1
abpath,Peds::GI::Biliary_Atresia,1
abpath,Peds::GI::Calcifying_Nested_Stromal_Epithelial_Tumor,1
abpath,Peds::GI::Caroli_Disease,1
abpath,Peds::GI::Congenital_Hepatic_Fibrosis,1
abpath,Peds::GI::Embryonal_Sarcoma_Of_The_Liver,1
abpath,Peds::GI::Fibrolamellar_Hepatocellular_Carcinoma,1
abpath,Peds::GI::Gastroblastoma,1
abpath,Peds::GI::Hepatic_Angiosarcoma,1
abpath,Peds::GI::Hepatoblastoma,1
abpath,Peds::GI::Hirschsprung_Disease,1
abpath,Peds::GI::Mesenchymal_Hamartoma_Of_Liver,1
abpath,Peds::GI::Microvillous_Inclusion_Disease,1
abpath,Peds::GI::Pancreatic_Acinar_Cell_Carcinoma,1
abpath,Peds::GI::Pancreatoblastoma,1
abpath,Peds::GI::Pediatric_Hepatocellular_Carcinoma,1
abpath,Peds::GI::Solid_Pseudopapillary_Neoplasm,1
abpath,Peds::GI::Tufting_Enteropathy,1
abpath,Peds::GU::Germ_Cell::Choriocarcinoma_Non_Gestational,1
abpath,Peds::GU::Germ_Cell::Embryonal_Carcinoma,1
abpath,Peds::GU::Germ_Cell::Extragonadal_Teratoma,1
abpath,Peds::GU::Germ_Cell::Germinoma_Dysgerminoma_Seminoma,1
abpath,Peds::GU::Germ_Cell::Gonadoblastoma,1
abpath,Peds::GU::Germ_Cell::Immature_Teratoma,1
abpath,Peds::GU::Germ_Cell::Mature_Cystic_Teratoma,1
abpath,Peds::GU::Germ_Cell::Postpubertal_Type_Teratoma,1
abpath,Peds::GU::Germ_Cell::Prepubertal_Type_Testicular_Teratoma,1
abpath,Peds::GU::Germ_Cell::Yolk_Sac_Tumor,1
abpath,Peds::GU::Male::Cryptorchidism,1
abpath,Peds::GU::Male::Juvenile_Granulosa_Cell_Tumor_Testis,1
abpath,Peds::GU::Male::Meconium_Periorchitis,1
abpath,Peds::GU::Male::Testicular_Regression_Syndrome,1
abpath,Peds::GU::Renal::ALK_Rearranged_Renal_Cell_Carcinoma,1
abpath,Peds::GU::Renal::Anaplastic_Sarcoma_Of_The_Kidney,1
abpath,Peds::GU::Renal::Autosomal_Recessive_Polycystic_Kidney_Disease,1
abpath,Peds::GU::Renal::Clear_Cell_Sarcoma_Of_The_Kidney,1
abpath,Peds::GU::Renal::Eosinophilic_Solid_And_Cystic_Renal_Cell_Carcinoma,1
abpath,Peds::GU::Renal::Malignant_Rhabdoid_Tumor_Of_The_Kidney,1
abpath,Peds::GU::Renal::Mesoblastic_Nephroma,1
abpath,Peds::GU::Renal::Metanephric_Adenofibroma,1
abpath,Peds::GU::Renal::Metanephric_Adenoma,1
abpath,Peds::GU::Renal::Metanephric_Stromal_Tumor,1
abpath,Peds::GU::Renal::Multicystic_Renal_Dysplasia,1
abpath,Peds::GU::Renal::Nephroblastoma_Wilms_Tumor,1
abpath,Peds::GU::Renal::Nephrogenic_Adenoma,1
abpath,Peds::GU::Renal::Nephrogenic_Rests,1
abpath,Peds::GU::Renal::Ossifying_Renal_Tumor_Of_Infancy,1
abpath,Peds::GU::Renal::Pediatric_Cystic_Nephroma,1
abpath,Peds::GU::Renal::Prune_Belly_Syndrome,1
abpath,Peds::GU::Renal::Renal_Cell_Carcinoma_MiT_Translocation,1
abpath,Peds::GU::Renal::Renal_Ewing_Sarcoma,1
abpath,Peds::GU::Renal::Renal_Tubular_Dysgenesis,1
abpath,Peds::GU::Renal::SMARCB1_Deficient_Renal_Medullary_Carcinoma,1
abpath,Peds::GYN::Gynandroblastoma,1
abpath,Peds::GYN::Juvenile_Granulosa_Cell_Tumor_Ovary,1
abpath,Peds::GYN::Mesonephric_Remnants_Hyperplasia,1
abpath,Peds::GYN::Mullerian_Papilloma,1
abpath,Peds::GYN::Sertoli_Leydig_Cell_Tumor,1
abpath,Peds::GYN::Sex_Cord_Tumor_With_Annular_Tubules,1
abpath,Peds::GYN::Small_Cell_Carcinoma_Ovary_Hypercalcemic_Type,1
abpath,Peds::Genetics::Alpha_1_Antitrypsin_Deficiency,1
abpath,Peds::Genetics::Cholesterol_Ester_Storage_Disease,1
abpath,Peds::Genetics::Cystic_Fibrosis,1
abpath,Peds::Genetics::Fabry_Disease,1
abpath,Peds::Genetics::Fatty_Acid_Oxidation_Disorder,1
abpath,Peds::Genetics::Gangliosidosis,1
abpath,Peds::Genetics::Gaucher_Disease,1
abpath,Peds::Genetics::Glycogen_Storage_Disease,1
abpath,Peds::Genetics::Menkes_Disease,1
abpath,Peds::Genetics::Metachromatic_Leukodystrophy,1
abpath,Peds::Genetics::Mitochondriopathy,1
abpath,Peds::Genetics::Mucolipidosis,1
abpath,Peds::Genetics::Mucopolysaccharidosis,1
abpath,Peds::Genetics::Neonatal_Hemochromatosis,1
abpath,Peds::Genetics::Neuronal_Ceroid_Lipofuscinosis,1
abpath,Peds::Genetics::Organic_Acidemia,1
abpath,Peds::Genetics::Peroxisomal_Disorder,1
abpath,Peds::Genetics::Phenylketonuria_PKU,1
abpath,Peds::Genetics::Trisomy_13,1
abpath,Peds::Genetics::Trisomy_18,1
abpath,Peds::Genetics::Trisomy_21,1
abpath,Peds::Genetics::Tyrosinemia,1
abpath,Peds::Genetics::Urea_Cycle_Disorder,1
abpath,Peds::Genetics::Wilson_Disease,1
abpath,Peds::Genetics::Wolman_Disease,1
abpath,Peds::Genetics::Zellweger_Syndrome,1
abpath,Peds::Head_Neck::Congenital_Granular_Cell_Epulis,1
abpath,Peds::Head_Neck::White_Sponge_Nevus,1
abpath,Peds::Heme::Histiocytic::Langerhans_Cell_Histiocytosis,1
abpath,Peds::Heme::Hodgkin::Classic_Hodgkin_Lymphoma,1
abpath,Peds::Heme::Hodgkin::Nodular_Lymphocyte_Predominant_Hodgkin_Lymphoma,1
abpath,Peds::Heme::Immunodeficiency::HIV_Associated_Lymphoproliferative_Disorder,1
abpath,Peds::Heme::Immunodeficiency::Posttransplant_Lymphoproliferative_Disorder_PTLD,1
abpath,Peds::Heme::Immunodeficiency::Primary_Immunodeficiency_Associated_LPD,1
abpath,Peds::Heme::Lymphoid::ALK_Positive_Large_B_Cell_Lymphoma,1
abpath,Peds::Heme::Lymphoid::Aggressive_NK_Cell_Leukemia,1
abpath,Peds::Heme::Lymphoid::Anaplastic_Large_Cell_Lymphoma_ALK_Negative,1
abpath,Peds::Heme::Lymphoid::Anaplastic_Large_Cell_Lymphoma_ALK_Positive,1
abpath,Peds::Heme::Lymphoid::B_Lymphoblastic_Leukemia_Lymphoma,1
abpath,Peds::Heme::Lymphoid::Burkitt_Lymphoma,1
abpath,Peds::Heme::Lymphoid::Cutaneous_CD30_Positive_T_Cell_LPD,1
abpath,Peds::Heme::Lymphoid::Diffuse_Large_B_Cell_Lymphoma_NOS,1
abpath,Peds::Heme::Lymphoid::EBV_Positive_Diffuse_Large_B_Cell_Lymphoma,1
abpath,Peds::Heme::Lymphoid::Hepatosplenic_T_Cell_Lymphoma,1
abpath,Peds::Heme::Lymphoid::High_Grade_B_Cell_Lymphoma_11q_Aberration,1
abpath,Peds::Heme::Lymphoid::Hydroa_Vacciniforme_Lymphoproliferative_Disorder,1
abpath,Peds::Heme::Lymphoid::Large_B_Cell_Lymphoma_IRF4_Rearrangement,1
abpath,Peds::Heme::Lymphoid::Lymphomatoid_Granulomatosis,1
abpath,Peds::Heme::Lymphoid::Mediastinal_Grey_Zone_Lymphoma,1
abpath,Peds::Heme::Lymphoid::Mycosis_Fungoides,1
abpath,Peds::Heme::Lymphoid::Pediatric_Nodal_Marginal_Zone_Lymphoma,1
abpath,Peds::Heme::Lymphoid::Pediatric_Type_Follicular_Lymphoma,1
abpath,Peds::Heme::Lymphoid::Peripheral_T_Cell_Lymphoma_NOS,1
abpath,Peds::Heme::Lymphoid::Plasmablastic_Lymphoma,1
abpath,Peds::Heme::Lymphoid::Primary_Mediastinal_Large_B_Cell_Lymphoma,1
abpath,Peds::Heme::Lymphoid::Subcutaneous_Panniculitis_Like_T_Cell_Lymphoma,1
abpath,Peds::Heme::Lymphoid::Systemic_EBV_Positive_T_Cell_Lymphoma_Of_Childhood,1
abpath,Peds::Heme::Lymphoid::T_NK_Lymphoblastic_Leukemia_Lymphoma,1
abpath,Peds::Heme::Myeloid::Acute_Myeloid_Leukemia_Differentiation_Defined,1
abpath,Peds::Heme::Myeloid::Acute_Myeloid_Leukemia_Genetic_Defined,1
abpath,Peds::Heme::Myeloid::Childhood_Myelodysplastic_Neoplasm_Increased_Blasts,1
abpath,Peds::Heme::Myeloid::Childhood_Myelodysplastic_Neoplasm_Low_Blasts,1
abpath,Peds::Heme::Myeloid::Chronic_Myeloid_Leukemia_CML,1
abpath,Peds::Heme::Myeloid::Juvenile_Myelomonocytic_Leukemia,1
abpath,Peds::Heme::Myeloid::Mastocytosis,1
abpath,Peds::Heme::Myeloid::Myeloid_Neoplasm_Germline_Predisposition,1
abpath,Peds::Heme::Myeloid::Myeloid_Proliferation_Down_Syndrome,1
abpath,Peds::Heme::Myeloid::Refractory_Cytopenia_Of_Childhood,1
abpath,Peds::Neuro::Choroid_Plexus::Atypical_Choroid_Plexus_Papilloma,1
abpath,Peds::Neuro::Choroid_Plexus::Choroid_Plexus_Carcinoma,1
abpath,Peds::Neuro::Choroid_Plexus::Choroid_Plexus_Papilloma,1
abpath,Peds::Neuro::Embryonal::Atypical_Teratoid_Rhabdoid_Tumor_ATRT,1
abpath,Peds::Neuro::Embryonal::CNS_Neuroblastoma_FOXR2_Activated,1
abpath,Peds::Neuro::Embryonal::CNS_Tumor_With_BCOR_ITD,1
abpath,Peds::Neuro::Embryonal::Cribriform_Neuroepithelial_Tumor,1
abpath,Peds::Neuro::Embryonal::Embryonal_Tumor_With_Multilayered_Rosettes,1
abpath,Peds::Neuro::Ependymal::Myxopapillary_Ependymoma,1
abpath,Peds::Neuro::Ependymal::Posterior_Fossa_Group_A_PFA_Ependymoma,1
abpath,Peds::Neuro::Ependymal::Posterior_Fossa_Group_B_PFB_Ependymoma,1
abpath,Peds::Neuro::Ependymal::Spinal_Ependymoma_MYCN_Amplified,1
abpath,Peds::Neuro::Ependymal::Supratentorial_Ependymoma_YAP1_Fusion,1
abpath,Peds::Neuro::Ependymal::Supratentorial_Ependymoma_ZFTA_Fusion,1
abpath,Peds::Neuro::Glioma::Angiocentric_Glioma,1
abpath,Peds::Neuro::Glioma::Astroblastoma_MN1_Altered,1
abpath,Peds::Neuro::Glioma::Diffuse_Astrocytoma_MYB_MYBL1_Altered,1
abpath,Peds::Neuro::Glioma::Diffuse_Hemispheric_Glioma_H3_G34_Mutant,1
abpath,Peds::Neuro::Glioma::Diffuse_Low_Grade_Glioma_MAPK_Pathway_Altered,1
abpath,Peds::Neuro::Glioma::Diffuse_Midline_Glioma_H3_K27_Altered,1
abpath,Peds::Neuro::Glioma::Diffuse_Pediatric_Type_High_Grade_Glioma_H3_Wildtype,1
abpath,Peds::Neuro::Glioma::High_Grade_Astrocytoma_Piloid_Features,1
abpath,Peds::Neuro::Glioma::Infant_Type_Hemispheric_Glioma,1
abpath,Peds::Neuro::Glioma::Pilocytic_Astrocytoma,1
abpath,Peds::Neuro::Glioma::Pleomorphic_Xanthoastrocytoma,1
abpath,Peds::Neuro::Glioma::Polymorphous_Low_Grade_Neuroepithelial_Tumor_Of_Young,1
abpath,Peds::Neuro::Glioma::Subependymal_Giant_Cell_Astrocytoma,1
abpath,Peds::Neuro::Glioneuronal::Desmoplastic_Infantile_Ganglioglioma_Astrocytoma,1
abpath,Peds::Neuro::Glioneuronal::Diffuse_Glioneuronal_Tumor_Oligodendroglioma_Like,1
abpath,Peds::Neuro::Glioneuronal::Diffuse_Leptomeningeal_Glioneuronal_Tumor,1
abpath,Peds::Neuro::Glioneuronal::Dysembryoplastic_Neuroepithelial_Tumor_DNET,1
abpath,Peds::Neuro::Glioneuronal::Ganglioglioma,1
abpath,Peds::Neuro::Glioneuronal::Multinodular_And_Vacuolating_Neuronal_Tumor,1
abpath,Peds::Neuro::Medulloblastoma::Medulloblastoma_Non_WNT_Non_SHH,1
abpath,Peds::Neuro::Medulloblastoma::Medulloblastoma_SHH_Activated_TP53_Mutant,1
abpath,Peds::Neuro::Medulloblastoma::Medulloblastoma_SHH_Activated_TP53_Wildtype,1
abpath,Peds::Neuro::Medulloblastoma::Medulloblastoma_WNT_Activated,1
abpath,Peds::Neuro::Melanocytic::Diffuse_Meningeal_Melanocytosis_Melanomatosis,1
abpath,Peds::Neuro::Pineal::Pineoblastoma,1
abpath,Peds::Neuro::Sellar::Adamantinomatous_Craniopharyngioma,1
abpath,Peds::Neuro::Sellar::Pituitary_Adenoma_PitNET,1
abpath,Peds::Neuro::Sellar::Pituitary_Blastoma,1
abpath,Peds::Neuroblastic::Ganglioneuroblastoma_Intermixed,1
abpath,Peds::Neuroblastic::Ganglioneuroblastoma_Nodular,1
abpath,Peds::Neuroblastic::Ganglioneuroma,1
abpath,Peds::Neuroblastic::Neuroblastoma,1
abpath,Peds::Perinatal::Fetal_Pathology::Association,1
abpath,Peds::Perinatal::Fetal_Pathology::Congenital_Infection_Bacterial,1
abpath,Peds::Perinatal::Fetal_Pathology::Congenital_Infection_Fungal,1
abpath,Peds::Perinatal::Fetal_Pathology::Congenital_Infection_Parasitic,1
abpath,Peds::Perinatal::Fetal_Pathology::Congenital_Infection_Viral,1
abpath,Peds::Perinatal::Fetal_Pathology::Deformation,1
abpath,Peds::Perinatal::Fetal_Pathology::Disruption,1
abpath,Peds::Perinatal::Fetal_Pathology::Hydrops_Immune,1
abpath,Peds::Perinatal::Fetal_Pathology::Hydrops_Non_Immune,1
abpath,Peds::Perinatal::Fetal_Pathology::Intrauterine_Growth_Restriction,1
abpath,Peds::Perinatal::Fetal_Pathology::Large_For_Gestational_Age,1
abpath,Peds::Perinatal::Fetal_Pathology::Malformation,1
abpath,Peds::Perinatal::Fetal_Pathology::Sequence,1
abpath,Peds::Perinatal::Fetal_Pathology::Syndrome,1
abpath,Peds::Perinatal::Multifetal::Acardiac_Twin,1
abpath,Peds::Perinatal::Multifetal::Conjoined_Twins,1
abpath,Peds::Perinatal::Multifetal::Fetus_In_Fetu,1
abpath,Peds::Perinatal::Multifetal::Intragestational_Fetal_Loss,1
abpath,Peds::Perinatal::Multifetal::Twin_Reversed_Arterial_Perfusion_TRAP,1
abpath,Peds::Perinatal::Multifetal::Twin_Twin_Transfusion_Syndrome,1
abpath,Peds::Perinatal::Placenta::Basal_Plate::Maternal_Vasculopathy,1
abpath,Peds::Perinatal::Placenta::Basal_Plate::Placental_Abruption,1
abpath,Peds::Perinatal::Placenta::Basal_Plate::Retroplacental_Hematoma,1
abpath,Peds::Perinatal::Placenta::Fetal_Vessels::Avascular_Villi,1
abpath,Peds::Perinatal::Placenta::Fetal_Vessels::Fetal_Vascular_Malperfusion,1
abpath,Peds::Perinatal::Placenta::Fetal_Vessels::Thrombi,1
abpath,Peds::Perinatal::Placenta::Implantation::Ectopic_Pregnancy,1
abpath,Peds::Perinatal::Placenta::Implantation::Placenta_Accreta_Spectrum,1
abpath,Peds::Perinatal::Placenta::Implantation::Placenta_Previa,1
abpath,Peds::Perinatal::Placenta::Intervillous::Intervillositis,1
abpath,Peds::Perinatal::Placenta::Intervillous::Massive_Perivillous_Fibrin_Deposition,1
abpath,Peds::Perinatal::Placenta::Intervillous::Massive_Subchorionic_Hematoma,1
abpath,Peds::Perinatal::Placenta::Intervillous::Maternal_Floor_Infarction,1
abpath,Peds::Perinatal::Placenta::Membranes::Amnion_Nodosum,1
abpath,Peds::Perinatal::Placenta::Membranes::Amniotic_Bands,1
abpath,Peds::Perinatal::Placenta::Membranes::Chorioamnionitis,1
abpath,Peds::Perinatal::Placenta::Membranes::Meconium_Staining,1
abpath,Peds::Perinatal::Placenta::Membranes::Squamous_Metaplasia,1
abpath,Peds::Perinatal::Placenta::Tumors::Chorangioma,1
abpath,Peds::Perinatal::Placenta::Tumors::Placental_Metastasis,1
abpath,Peds::Perinatal::Placenta::Umbilical_Cord::Abnormal_Length,1
abpath,Peds::Perinatal::Placenta::Umbilical_Cord::Coiling_Abnormality,1
abpath,Peds::Perinatal::Placenta::Umbilical_Cord::Cord_Rupture,1
abpath,Peds::Perinatal::Placenta::Umbilical_Cord::Funisitis,1
abpath,Peds::Perinatal::Placenta::Umbilical_Cord::Furcate_Insertion,1
abpath,Peds::Perinatal::Placenta::Umbilical_Cord::Single_Umbilical_Artery,1
abpath,Peds::Perinatal::Placenta::Umbilical_Cord::True_Knot,1
abpath,Peds::Perinatal::Placenta::Umbilical_Cord::Vasa_Previa,1
abpath,Peds::Perinatal::Placenta::Umbilical_Cord::Velamentous_Insertion,1
abpath,Peds::Perinatal::Placenta::Villous::Acute_Villitis,1
abpath,Peds::Perinatal::Placenta::Villous::Chorangiosis,1
abpath,Peds::Perinatal::Placenta::Villous::Chronic_Villitis_Of_Unknown_Etiology,1
abpath,Peds::Perinatal::Placenta::Villous::Dysmature_Villous_Maturation,1
abpath,Peds::Perinatal::Placenta::Villous::Hydrops_Placentalis,1
abpath,Peds::Perinatal::Placenta::Villous::Hypermature_Villous_Maturation,1
abpath,Peds::Perinatal::Placenta::Villous::Immature_Villous_Maturation,1
abpath,Peds::Perinatal::Placenta::Villous::Infarct,1
abpath,Peds::Perinatal::Placenta::Villous::Infectious_Villitis,1
abpath,Peds::Perinatal::Placenta::Villous::Placental_Mesenchymal_Dysplasia,1
abpath,Peds::Perinatal::Prematurity::Bronchopulmonary_Dysplasia,1
abpath,Peds::Perinatal::Prematurity::Intraventricular_Hemorrhage,1
abpath,Peds::Perinatal::Prematurity::Necrotizing_Enterocolitis,1
abpath,Peds::Perinatal::Prematurity::Persistent_Pulmonary_Hypertension_Of_Newborn,1
abpath,Peds::Perinatal::Prematurity::Retinopathy_Of_Prematurity,1
abpath,Peds::Perinatal::Trophoblastic::Choriocarcinoma,1
abpath,Peds::Perinatal::Trophoblastic::Complete_Hydatidiform_Mole,1
abpath,Peds::Perinatal::Trophoblastic::Invasive_Mole,1
abpath,Peds::Perinatal::Trophoblastic::Non_Molar_Triploidy,1
abpath,Peds::Perinatal::Trophoblastic::Partial_Hydatidiform_Mole,1
lectures,BST::Bone::Chondrogenic::Benign::Chondroblastoma,7
lectures,BST::Bone::Chondrogenic::Benign::Enchondroma,2
lectures,BST::Bone::Chondrogenic::Benign::Osteochondroma,6
lectures,BST::Bone::Chondrogenic::Benign::Synovial_Chondromatosis,1
lectures,BST::Bone::Chondrogenic::Malignant::Chondrosarcoma_Clear_Cell,3
lectures,BST::Bone::Chondrogenic::Malignant::Chondrosarcoma_Dedifferentiated,2
lectures,BST::Bone::Chondrogenic::Malignant::Chondrosarcoma_Grade_1,1
lectures,BST::Bone::Chondrogenic::Malignant::Chondrosarcoma_Grade_2_3,8
lectures,BST::Bone::Chondrogenic::Malignant::Chondrosarcoma_Mesenchymal,5
lectures,BST::Bone::Congenital_Structural::Cyst::Simple_Bone_Cyst,1
lectures,BST::Bone::Depositional_Metabolic::Metabolic::Brown_Tumor,1
lectures,BST::Bone::Giant_Cell::Intermediate::Giant_Cell_Tumor_Of_Bone,1
lectures,BST::Bone::Normal_Histology::Anatomy_Bone_And_Joints,4
lectures,BST::Bone::Normal_Histology::Bone_Formation_And_Growth,4
lectures,BST::Bone::Normal_Histology::Histology_Bone,4
lectures,BST::Bone::Normal_Histology::Radiologic_Approach_To_Bone_Tumors,5
lectures,BST::Bone::Osteogenic::Malignant::Osteosarcoma_Conventional,8
lectures,BST::Bone::Other::Benign::Fibrous_Dysplasia,2
lectures,BST::Bone::Other::Benign::Simple_Bone_Cyst,3
lectures,BST::Bone::Other::Malignant::Metastatic_Carcinoma_Bone,1
lectures,BST::Bone::Reactive::Infectious::Osteomyelitis_Acute,6
lectures,BST::Bone::Reactive::Infectious::Osteomyelitis_Chronic,7
lectures,BST::Bone::Reactive::Joint::Osteoarthritis,1
lectures,BST::Bone::Reactive::Metabolic::Paget_Disease,8
lectures,BST::Bone::Reactive::Structural::Fracture_Callus,7
lectures,BST::Lectures::BST_Lecture_1_Grossing::Above_Knee_Amputation_for_Soft_Tissue_Tumor_Gross_Assessment,1
lectures,BST::Lectures::BST_Lecture_1_Grossing::Accessing_Epic_Hyperspace_for_UCSF_Production,1
lectures,BST::Lectures::BST_Lecture_1_Grossing::Alternative_Specimen_Processing_Freezing_Entire_Specimen_at_80_C_for_PA_Sawing_a,1
lectures,BST::Lectures::BST_Lecture_1_Grossing::Amputation_for_Bone_Tumor_Gross_Pathology_of_a_Femoral_Specimen,1
lectures,BST::Lectures::BST_Lecture_1_Grossing::Amputation_for_Recurrent_Soft_Tissue_Tumor_with_No_Bone_Involvement,1
lectures,BST::Lectures::BST_Lecture_1_Grossing::Amputation_for_Soft_Tissue_Tumor,1
lectures,BST::Lectures::BST_Lecture_1_Grossing::Approaches_to_Bone_Specimen_Analysis,1
lectures,BST::Lectures::BST_Lecture_1_Grossing::Biopsy_and_Curettage_Procedures,2
lectures,BST::Lectures::BST_Lecture_1_Grossing::Bone_Pathology_Specimen_Types_for_Diagnosis_and_Therapy,1
lectures,BST::Lectures::BST_Lecture_1_Grossing::Core_and_Incisional_Biopsy_Procedures,1
lectures,BST::Lectures::BST_Lecture_1_Grossing::Decalcification,1
lectures,BST::Lectures::BST_Lecture_1_Grossing::Decalcification_Process_Steps,1
lectures,BST::Lectures::BST_Lecture_1_Grossing::Diagnosis_Dependent_Management_of_Large_Bone_Specimens_Wide_Excision_Limb_Sparin,1
lectures,BST::Lectures::BST_Lecture_1_Grossing::Effective_Grossing_Practices,1
lectures,BST::Lectures::BST_Lecture_1_Grossing::Evaluating_Primary_Bone_Pathology_Specimens,1
lectures,BST::Lectures::BST_Lecture_1_Grossing::Fixation_and_Decalcification_of_Bone_Specimens,1
lectures,BST::Lectures::BST_Lecture_1_Grossing::Flow_Cytometry_Special_Processing,1
lectures,BST::Lectures::BST_Lecture_1_Grossing::Flow_Cytometry_Special_Processing_and_Considerations,1
lectures,BST::Lectures::BST_Lecture_1_Grossing::Flow_Cytometry_Special_Processing_and_Requirements,1
lectures,BST::Lectures::BST_Lecture_1_Grossing::General_Tissue_Sampling_Guidelines,1
lectures,BST::Lectures::BST_Lecture_1_Grossing::Gross_Examination_and_Dissection_of_Amputation_Specimen_with_Soft_Tissue_Tumor,1
lectures,BST::Lectures::BST_Lecture_1_Grossing::Grossing_Bone_and_Soft_Tissue_Specimens_Outline,1
lectures,BST::Lectures::BST_Lecture_1_Grossing::Grossing_Core_and_Incisional_Biopsies,1
lectures,BST::Lectures::BST_Lecture_1_Grossing::Ink_and_Sampling_Soft_Tissue_Margins,1
lectures,BST::Lectures::BST_Lecture_1_Grossing::Inking_and_Sectioning_Colors_Posterior_Surface,1
lectures,BST::Lectures::BST_Lecture_1_Grossing::Inking_and_Sectioning_Colors_for_Superior_and_Inferior_Identification,1
lectures,BST::Lectures::BST_Lecture_1_Grossing::Inking_and_Sectioning_of_Unoriented_Tissue_Specimens,1
lectures,BST::Lectures::BST_Lecture_1_Grossing::Karyotype_Chromosome_Analysis_Processing,1
lectures,BST::Lectures::BST_Lecture_1_Grossing::Karyotype_Special_Processing,1
lectures,BST::Lectures::BST_Lecture_1_Grossing::Karyotyping_for_Soft_Tissue_and_Bone_Tumors,1
lectures,BST::Lectures::BST_Lecture_1_Grossing::Karyotyping_for_Soft_Tissue_and_Bone_Tumors_Current_Indications,1
lectures,BST::Lectures::BST_Lecture_1_Grossing::Large_Unoriented_Retroperitoneal_Mass_with_Kidney,1
lectures,BST::Lectures::BST_Lecture_1_Grossing::Marginal_vs_Wide_Excision,1
lectures,BST::Lectures::BST_Lecture_1_Grossing::Medical_Saws,1
lectures,BST::Lectures::BST_Lecture_1_Grossing::Medical_Saws_for_Bone,1
lectures,BST::Lectures::BST_Lecture_1_Grossing::Oriented_Inking_and_Perpendicular_Sectioning,1
lectures,BST::Lectures::BST_Lecture_1_Grossing::Oriented_Specimen_Inking_and_Sectioning,1
lectures,BST::Lectures::BST_Lecture_1_Grossing::Pathological_Examination_of_Bone_Specimens,1
lectures,BST::Lectures::BST_Lecture_1_Grossing::Processing_Amputation_Specimens,1
lectures,BST::Lectures::BST_Lecture_1_Grossing::Processing_Biopsy_and_Curettage_Samples_with_Calcification,1
lectures,BST::Lectures::BST_Lecture_1_Grossing::Processing_and_Sampling_Wide_Excision_Limb_Sparing_Bone_Specimens,1
lectures,BST::Lectures::BST_Lecture_1_Grossing::Q_and_A_Bony_Margin_Assessment,1
lectures,BST::Lectures::BST_Lecture_1_Grossing::Sampling_Soft_Tissue_Margins_Avoiding_Excess,1
lectures,BST::Lectures::BST_Lecture_1_Grossing::Session_Commencement,1
lectures,BST::Lectures::BST_Lecture_1_Grossing::Soft_Tissue_Margins_Selection_and_Submission_Guidelines,1
lectures,BST::Lectures::BST_Lecture_1_Grossing::Soft_Tissue_Specimen_Types,2
lectures,BST::Lectures::BST_Lecture_1_Grossing::Special_Processing_Flow_Cytometry,1
lectures,BST::Lectures::BST_Lecture_1_Grossing::Special_Processing_Methods,1
lectures,BST::Lectures::BST_Lecture_1_Grossing::Special_Processing_RNA_Tests_RT_PCR,1
lectures,BST::Lectures::BST_Lecture_1_Grossing::Special_Processing_for_DNA_Based_Tests_FISH_PCR_NGS_Methylation,2
lectures,BST::Lectures::BST_Lecture_1_Grossing::Special_Processing_for_RNA_Tests_RT_PCR,1
lectures,BST::Lectures::BST_Lecture_1_Grossing::Specimen_Orientation_for_Inking_and_Sectioning,1
lectures,BST::Lectures::BST_Lecture_1_Grossing::Specimen_Processing_Marginal_or_Wide_Excision,1
lectures,BST::Lectures::BST_Lecture_1_Grossing::Tumor_Sampling_Quantity_and_Specific_Areas_for_Sectioning,1
lectures,BST::Lectures::BST_Lecture_1_Grossing::Unoriented_Thigh_Mass_Gross_Examination_and_Margin_Analysis,1
lectures,BST::Lectures::BST_Lecture_1_Grossing::Wide_Excision_and_Limb_Sparing_Procedures,1
lectures,BST::Lectures::BST_Lecture_2_SoftTissue1::Approaches_to_Sarcoma_Classification_Histotype_and_Grade,1
lectures,BST::Lectures::BST_Lecture_2_SoftTissue1::Assessing_Tissue_Differentiation_Growth_Vascular_Cytomorphology_and_Matrix,1
lectures,BST::Lectures::BST_Lecture_2_SoftTissue1::Assessing_Tumors_Growth_Vascular_Patterns_and_Differentiation,1
lectures,BST::Lectures::BST_Lecture_2_SoftTissue1::Cytomorphology_of_Small_Round_Blue_Cell_Tumors,1
lectures,BST::Lectures::BST_Lecture_2_SoftTissue1::Dense_Collagenous_Matrix_in_Tumors_Superficial_and_Desmoid_Fibromatosis,1
lectures,BST::Lectures::BST_Lecture_2_SoftTissue1::Differentiating_Rhabdoid_from_Rhabdomyoblastic_Differentiation,1
lectures,BST::Lectures::BST_Lecture_2_SoftTissue1::Distinguishing_Malignant_vs_Benign_Lesions,1
lectures,BST::Lectures::BST_Lecture_2_SoftTissue1::Factors_in_Tumor_Diagnosis_Growth_Vascularity_and_Matrix,1
lectures,BST::Lectures::BST_Lecture_2_SoftTissue1::Genetics_of_Sarcoma_Identified_Genetic_Events,1
lectures,BST::Lectures::BST_Lecture_2_SoftTissue1::Histological_Differentiation_Lipoma_vs_Liposarcoma,1
lectures,BST::Lectures::BST_Lecture_2_SoftTissue1::Pathologic_Diagnosis_Recognizable_vs_Unrecognizable_Differentiation,1
lectures,BST::Lectures::BST_Lecture_2_SoftTissue1::Pause_for_questions_before_discussing_myphibolastic_proliferation,1
lectures,BST::Lectures::BST_Lecture_2_SoftTissue1::Principles_of_Therapy_for_Diagnosing_Soft_Tissue_Tumors,1
lectures,BST::Lectures::BST_Lecture_2_SoftTissue1::Rhabdoid_Cytomorphology_in_Tumors,1
lectures,BST::Lectures::BST_Lecture_2_SoftTissue1::Secondary_Features_for_Diagnosing_Undifferentiated_Tumors,1
lectures,BST::Lectures::BST_Lecture_2_SoftTissue1::Storia_Latin_for_Mat_featuring_a_straw_mat,1
lectures,BST::Lectures::BST_Lecture_2_SoftTissue1::Storiform_Growth_Pattern_Spokes_of_a_Wheel,1
lectures,BST::Lectures::BST_Lecture_2_SoftTissue1::USP6_Genetics_in_Various_Tumors_and_Conditions,1
lectures,BST::Lectures::BST_Lecture_2_SoftTissue1::Understanding_Zonations_in_Histological_Samples,1
lectures,BST::Lectures::BST_Lecture_3_SofTissue2::Classification_of_Vascular_Anomalies_Angioma_vs_Malformation,1
lectures,BST::Lectures::BST_Lecture_3_SofTissue2::Comparison_of_Benign_Lipogenic_Tumors,1
lectures,BST::Lectures::BST_Lecture_3_SofTissue2::Comparison_of_Hemangioma_Subtypes,1
lectures,BST::Lectures::BST_Lecture_3_SofTissue2::Diagnosing_Liposarcoma_Key_Principles_and_Subtypes,1
lectures,BST::Lectures::BST_Lecture_3_SofTissue2::Distinguishing_Benign_from_Malignant_Vascular_Tumors,1
lectures,BST::Lectures::BST_Lecture_3_SofTissue2::Distinguishing_Congenital_from_Infantile_Hemangiomas_Microscopically,1
lectures,BST::Lectures::BST_Lecture_3_SofTissue2::Epithelioid_Vascular_Tumors_Genetics_and_Classification,1
lectures,BST::Lectures::BST_Lecture_3_SofTissue2::Error_Image_Missing,1
lectures,BST::Lectures::BST_Lecture_3_SofTissue2::GLUT1_Staining_Distinguishes_Juvenile_from_Congenital_Hemangiomas,1
lectures,BST::Lectures::BST_Lecture_3_SofTissue2::Genetics_of_Malignant_Lipogenic_Tumors,1
lectures,BST::Lectures::BST_Lecture_3_SofTissue2::Hemangioendothelioma_Epithelioid_Kaposiform_Hobnail_and_Pseudomyogenic,1
lectures,BST::Lectures::BST_Lecture_3_SofTissue2::Identifying_Lipoma_Subtypes_Angiolipoma_and_Lipoblasts,1
lectures,BST::Lectures::BST_Lecture_3_SofTissue2::Immunohistochemistry_Markers_for_Vascular_Tumors,1
lectures,BST::Lectures::BST_Lecture_3_SofTissue2::Introduction_to_Lyubov_Loza,1
lectures,BST::Lectures::BST_Lecture_3_SofTissue2::Microscopic_Features_of_Venous_Malformation,1
lectures,BST::Lectures::BST_Lecture_3_SofTissue2::Overview_of_Hemangioma_Types_and_Characteristics,1
lectures,BST::Lectures::BST_Lecture_3_SofTissue2::Overview_of_Selected_Malformation_Syndromes_and_Genetics,1
lectures,BST::Lectures::BST_Lecture_3_SofTissue2::Overview_of_Soft_Tissue_Tumors_Vascular_and_Adipocytic,1
lectures,BST::Lectures::BST_Lecture_3_SofTissue2::Summary_Table_of_Vascular_Malformations,1
lectures,BST::Lectures::BST_Lecture_3_SofTissue2::Vascular_Malformations_Clinical_Presentation_and_Subtypes,1
lectures,BST::Lectures::BST_Lecture_3_SofTissue2::Vascular_Tumor_Classification_A_Detailed_Overview,1
lectures,BST::Lectures::BST_Lecture_3_SofTissue2::Vascular_Tumor_Terminology_Benign_to_Malignant,1
lectures,BST::Lectures::BST_Lecture_3_SofTissue2::Vascular_Tumors_Terminology_and_Definitions,1
lectures,BST::Lectures::BST_Lecture_4_SoftTissue3::Angioleiomyoma_and_Malignant_Smooth_Muscle_Tumor_Classification,1
lectures,BST::Lectures::BST_Lecture_4_SoftTissue3::Benign_Skeletal_Muscle_Tumors_A_Comparative_Overview,1
lectures,BST::Lectures::BST_Lecture_4_SoftTissue3::Cutaneous_Fibrous_Histiocytoma_and_DFSP_Unrelated_Fibrohistiocytic_Lesions,1
lectures,BST::Lectures::BST_Lecture_4_SoftTissue3::Desmin_staining_Use_with_caution_for_muscle_cell_identification,1
lectures,BST::Lectures::BST_Lecture_4_SoftTissue3::Distinguishing_Myxofibrosarcoma_and_Low_Grade_Fibromyxoid_Sarcoma,1
lectures,BST::Lectures::BST_Lecture_4_SoftTissue3::Distinguishing_Smooth_Muscle_Tumors_and_Mimics,1
lectures,BST::Lectures::BST_Lecture_4_SoftTissue3::Distinguishing_Superficial_Spindle_Cell_Lesions,1
lectures,BST::Lectures::BST_Lecture_4_SoftTissue3::Error_Image_Missing,1
lectures,BST::Lectures::BST_Lecture_4_SoftTissue3::Fibrohistiocytoma_Morphology_Behavior_and_Differential_Diagnosis,1
lectures,BST::Lectures::BST_Lecture_4_SoftTissue3::GI_Smooth_Muscle_Tumors_Mitotic_Rate_Size_and_Diagnosis,1
lectures,BST::Lectures::BST_Lecture_4_SoftTissue3::Histological_features_of_atypical_smooth_muscle_neoplasm,1
lectures,BST::Lectures::BST_Lecture_4_SoftTissue3::History_of_Fibrohistiocytic_Lesions_Not_a_Specific_Cell_Type,1
lectures,BST::Lectures::BST_Lecture_4_SoftTissue3::Immunohistochemistry_Markers_for_Muscle_Tumor_Classification,1
lectures,BST::Lectures::BST_Lecture_4_SoftTissue3::Intradermal_Atypical_Smooth_Muscle_Neoplasm_vs_Deeper_Tumors,1
lectures,BST::Lectures::BST_Lecture_4_SoftTissue3::Malignant_Skeletal_Muscle_Tumors_Classification_and_Characteristics,1
lectures,BST::Lectures::BST_Lecture_4_SoftTissue3::Man_in_a_hat_and_jacket_smiling_outdoors,1
lectures,BST::Lectures::BST_Lecture_4_SoftTissue3::Outline_of_Soft_Tissue_Tumor_Categories,1
lectures,BST::Lectures::BST_Lecture_4_SoftTissue3::Overview_of_Benign_Fibroblastic_Fibrosing_Lesions,1
lectures,BST::Lectures::BST_Lecture_4_SoftTissue3::Overview_of_Benign_Smooth_Muscle_Tumors,1
lectures,BST::Lectures::BST_Lecture_4_SoftTissue3::Overview_of_Tumors_of_Uncertain_Histotype,1
lectures,BST::Lectures::BST_Lecture_4_SoftTissue3::PDGFB_COL1A1_fusion_in_fibroid_lesions,1
lectures,BST::Lectures::BST_Lecture_4_SoftTissue3::Summary_of_Malignant_Fibroblastic_Lesions,1
lectures,BST::Lectures::BST_Lecture_4_SoftTissue3::Table_of_Tumors_with_Uncertain_Histotype,1
lectures,BST::Lectures::BST_Lecture_4_SoftTissue3::Tumors_of_Uncertain_Histotype_Characteristics_and_DDx,1
lectures,BST::Lectures::BST_Lecture_4_SoftTissue3::Uterine_Smooth_Muscle_Tumors_WHO_Classification_Criteria,1
lectures,BST::Lectures::BST_Lecture_5_Bone1::Abnormal_Bone_Marrow_Replacement_Neoplasms_and_Other_Causes,1
lectures,BST::Lectures::BST_Lecture_5_Bone1::Abnormal_Cartilage_Chondrocyte_and_Matrix_Characteristics,1
lectures,BST::Lectures::BST_Lecture_5_Bone1::Aseptic_vs_Septic_Prosthesis_Loosening_and_Treatment,1
lectures,BST::Lectures::BST_Lecture_5_Bone1::Bone_Tumor_Location_and_Associated_Diagnoses,1
lectures,BST::Lectures::BST_Lecture_5_Bone1::Clinical_Correlation_of_Bone_Tumors_by_Age,1
lectures,BST::Lectures::BST_Lecture_5_Bone1::Clinical_presentation_of_bone_lesions_Pain_characteristics,1
lectures,BST::Lectures::BST_Lecture_5_Bone1::Common_findings_in_revision_arthroplasty_methylmethacrylate_and_foam_cells,1
lectures,BST::Lectures::BST_Lecture_5_Bone1::Concluding_Remarks_and_Farewell_from_Aubrey_admin,1
lectures,BST::Lectures::BST_Lecture_5_Bone1::Counting_Neutrophils_What_to_Count_and_What_to_Exclude,1
lectures,BST::Lectures::BST_Lecture_5_Bone1::General_Principles_of_Bone_Tumors_and_Lesions,2
lectures,BST::Lectures::BST_Lecture_5_Bone1::Identifying_Neutrophils_in_Synovium_or_Granulation_Tissue,1
lectures,BST::Lectures::BST_Lecture_5_Bone1::Infected_Arthroplasty_Early_vs_Late_Presentation_Comparison,1
lectures,BST::Lectures::BST_Lecture_5_Bone1::Key_factors_for_diagnosing_bone_lesions,1
lectures,BST::Lectures::BST_Lecture_5_Bone1::Neutrophils_in_Fibrin_Are_Not_a_Valid_Indicator,1
lectures,BST::Lectures::BST_Lecture_5_Bone1::Overview_of_Non_Neoplastic_Bone_Conditions,1
lectures,BST::Lectures::BST_Lecture_5_Bone1::Septic_Loosening_Diagnosis_Intraoperative_Neutrophil_Evaluation,1
lectures,BST::Lectures::BST_Lecture_5_Bone1::Wear_Debris_Reaction_in_Arthroplasty_Findings,1
lectures,BST::Lectures::BST_Lecture_6_Bone2::Approach_to_Bone_Diagnosis_Part_2,2
lectures,BST::Lectures::BST_Lecture_6_Bone2::Chondro_osseous_Loose_Body_Characteristics_and_Differentiation,2
lectures,BST::Lectures::BST_Lecture_6_Bone2::Comparison_of_Benign_Cartilage_Lesions,1
lectures,BST::Lectures::BST_Lecture_6_Bone2::Distinguishing_Benign_and_Malignant_Tumors_Cartilage_Lesions,1
lectures,BST::Lectures::BST_Lecture_6_Bone2::Histologic_Identification_of_Chondro_osseous_Loose_Bodies,1
lectures,BST::Lectures::BST_Lecture_6_Bone2::Hyaline_Cartilage_Composition_Properties_and_Neoplasm_Indicators,1
lectures,BST::Lectures::BST_Lecture_6_Bone2::Introduction_to_The_Starry_Night_by_Vincent_van_Gogh,1
lectures,BST::Lectures::BST_Lecture_6_Bone2::Malignant_Transformation_of_Sporadic_Cartilage_Tumors,1
lectures,BST::Lectures::BST_Lecture_6_Bone2::Malignant_cartilage_neoplasms_diagnosis_and_genetics,1
lectures,BST::Lectures::BST_Lecture_6_Bone2::Overview_of_Benign_Cartilage_Neoplasms_and_Lesions,1
lectures,BST::Lectures::BST_Lecture_6_Bone2::Overview_of_Malignant_Cartilage_Tumors,1
lectures,BST::Lectures::BST_Lecture_6_Bone2::Overview_of_Syndromes_Associated_with_Cartilage_Tumors,1
lectures,BST::Lectures::BST_Lecture_6_Bone2::Permeation_in_Bone_Histology_and_Analogy,1
lectures,BST::Lectures::BST_Lecture_6_Bone2::Principles_Syndromes_and_Malignant_Transformation_Risk,1
lectures,BST::Lectures::BST_Lecture_6_Bone2::Recap_of_Always_Abnormal_Bone_Biopsy_Features,1
lectures,BST::Lectures::BST_Lecture_6_Bone2::Treatment_Principles_for_Cartilage_Tumors,1
lectures,BST::Soft_Tissue::Adipocytic::Intermediate::Atypical_Lipomatous_Tumor_Well_Differentiated_Liposarcoma,7
lectures,BST::Soft_Tissue::Adipocytic::Malignant::Dedifferentiated_Liposarcoma,3
lectures,BST::Soft_Tissue::Adipocytic::Malignant::Myxoid_Liposarcoma,8
lectures,BST::Soft_Tissue::Adipocytic::Malignant::Pleomorphic_Liposarcoma,2
lectures,BST::Soft_Tissue::Adipocytic::Spindle_Cell_Lipoma_and_Pleomorphic_Lipoma,6
lectures,BST::Soft_Tissue::Congenital_Structural::Malformation::Arteriovenous_Malformation,1
lectures,BST::Soft_Tissue::Fibroblastic::Benign::Nodular_Fasciitis,6
lectures,BST::Soft_Tissue::Fibroblastic::Intermediate::Dermatofibrosarcoma_Protuberans_Conventional,3
lectures,BST::Soft_Tissue::Fibroblastic::Intermediate::Desmoid_Type_Fibromatosis,4
lectures,BST::Soft_Tissue::Fibroblastic::Intermediate::Solitary_Fibrous_Tumor,2
lectures,BST::Soft_Tissue::Fibroblastic::Malignant::Dermatofibrosarcoma_Protuberans_Fibrosarcomatous,1
lectures,BST::Soft_Tissue::Fibroblastic::Malignant::Low_Grade_Fibromyxoid_Sarcoma,5
lectures,BST::Soft_Tissue::Fibroblastic::Malignant::Myxofibrosarcoma,4
lectures,BST::Soft_Tissue::Fibrohistiocytic::Benign::Dermatofibroma_Fibrous_Histiocytoma,5
lectures,BST::Soft_Tissue::Inflammatory::Acute_Chronic::Ischemic_Fasciitis,2
lectures,BST::Soft_Tissue::Inflammatory::Acute_Chronic::Myositis_Ossificans,3
lectures,BST::Soft_Tissue::Inflammatory::Acute_Chronic::Proliferative_Myositis,2
lectures,BST::Soft_Tissue::Nerve_Sheath::Benign::Neurofibroma_Localized,1
lectures,BST::Soft_Tissue::Pericytic::Benign::Glomus_Tumor,1
lectures,BST::Soft_Tissue::Skeletal_Muscle::Benign::Rhabdomyoma_Adult,1
lectures,BST::Soft_Tissue::Skeletal_Muscle::Benign::Rhabdomyoma_Fetal,1
lectures,BST::Soft_Tissue::Skeletal_Muscle::Malignant::Alveolar_Rhabdomyosarcoma,2
lectures,BST::Soft_Tissue::Skeletal_Muscle::Malignant::Embryonal_Rhabdomyosarcoma,7
lectures,BST::Soft_Tissue::Skeletal_Muscle::Malignant::Pleomorphic_Rhabdomyosarcoma,1
lectures,BST::Soft_Tissue::Smooth_Muscle::Benign::Cutaneous_Leiomyoma,1
lectures,BST::Soft_Tissue::Smooth_Muscle::Malignant::Leiomyosarcoma,7
lectures,BST::Soft_Tissue::Uncertain_Diff::Benign::Intramuscular_Myxoma,1
lectures,BST::Soft_Tissue::Uncertain_Diff::Malignant::Alveolar_Soft_Part_Sarcoma,2
lectures,BST::Soft_Tissue::Uncertain_Diff::Malignant::Clear_Cell_Sarcoma_Soft_Tissue,2
lectures,BST::Soft_Tissue::Uncertain_Diff::Malignant::Extraskeletal_Myxoid_Chondrosarcoma,2
lectures,BST::Soft_Tissue::Uncertain_Diff::Malignant::Synovial_Sarcoma_Biphasic,1
lectures,BST::Soft_Tissue::Uncertain_Diff::Malignant::Synovial_Sarcoma_Monophasic,6
lectures,BST::Soft_Tissue::Uncertain_Diff::Malignant::Undifferentiated_Pleomorphic_Sarcoma,2
lectures,BST::Soft_Tissue::Uncertain_Diff::Malignant::Undifferentiated_Round_Cell_Sarcoma_Ewing,12
lectures,BST::Soft_Tissue::Vascular::Benign::Infantile_Hemangioma,2
lectures,BST::Soft_Tissue::Vascular::Benign::Lobular_Capillary_Hemangioma,3
lectures,BST::Soft_Tissue::Vascular::Benign::Papillary_Endothelial_Hyperplasia,2
lectures,BST::Soft_Tissue::Vascular::Epithelioid_Hemangioma,3
lectures,BST::Soft_Tissue::Vascular::Lymphangioma_and_Lymphangiomatosis,1
lectures,BST::Soft_Tissue::Vascular::Malignant::Angiosarcoma,6
lectures,BST::Soft_Tissue::Vascular::Malignant::Epithelioid_Hemangioendothelioma,3
lectures,BST::Syndromes::Predisposition::Skeletal::Enchondromatosis_Ollier_Maffucci,4
lectures,BST::Syndromes::Predisposition::Skeletal::Multiple_Osteochondromas,1
lectures,Breast::Concept::Classification::Axillary_Lymph_Nodes,3
lectures,Breast::Concept::Classification::Triple_Negative_Breast_Cancer,1
lectures,Breast::Concept::Classification::WHO_Classification,2
lectures,Breast::Concept::Grading::Histologic_Grading,7
lectures,Breast::Concept::Management_Workup::Hormone_Receptors,8
lectures,Breast::Concept::Management_Workup::Neoadjuvant_Chemotherapy,63
lectures,Breast::Concept::Management_Workup::Secretory_Change,2
lectures,Breast::Concept::Molecular_Genetics::HER2_C_ERBB2_Breast,11
lectures,Breast::Concept::Molecular_Genetics::Molecular_Subtypes,8
lectures,Breast::Concept::Procedure_Specimen::Biopsy_Marking_Devices,7
lectures,Breast::Concept::Procedure_Specimen::Core_Biopsy,26
lectures,Breast::Concept::Reporting_Grossing::Grossing_And_Features_To_Report,50
lectures,Breast::Concept::Staging::Staging,13
lectures,Breast::Congenital_Structural::Cyst::Fibrocystic_Changes,1
lectures,Breast::Congenital_Structural::Mechanical::Mammary_Duct_Ectasia,1
lectures,Breast::Epithelial::Neuroendocrine_Tumors::Neuroendocrine_Carcinoma,2
lectures,Breast::Epithelial::Papillary_Neoplasms::Invasive_Papillary_Carcinoma,5
lectures,Breast::FibroEpithelial::Hamartoma,3
lectures,Breast::Inflammatory::Reactive::Fat_Necrosis,3
lectures,Breast::Inflammatory::Reactive::Squamous_Metaplasia_Of_Lactiferous_Ducts,5
lectures,Breast::Inflammatory::Treatment_Related::Radiation_Atypia,1
lectures,Breast::Lectures::Breast_Lecture_Epithelial::Approach_to_Borderline_Ductal_Lesions_in_Biology,1
lectures,Breast::Lectures::Breast_Lecture_Epithelial::Benign_Breast_Disease_and_Breast_Cancer_Risk_Studies,1
lectures,Breast::Lectures::Breast_Lecture_Epithelial::Breast_Biopsy_Lesion_Management_Guidelines,1
lectures,Breast::Lectures::Breast_Lecture_Epithelial::Breast_Cancer_Histopathology_Uniform_Cell_Structure,1
lectures,Breast::Lectures::Breast_Lecture_Epithelial::Breast_Epithelial_Tumors_Benign_vs_Malignant,1
lectures,Breast::Lectures::Breast_Lecture_Epithelial::Cytologic_Features_in_Chronic_Lymphocytic_Leukemia_CLL,1
lectures,Breast::Lectures::Breast_Lecture_Epithelial::Cytological_Features_in_Chronic_Lymphocytic_Leukemia,1
lectures,Breast::Lectures::Breast_Lecture_Epithelial::Diagnosing_Architectural_Patterns_Grade_and_Structure,1
lectures,Breast::Lectures::Breast_Lecture_Epithelial::Diagnosing_Ductal_Proliferative_Lesions_Architecture_and_Cytology,1
lectures,Breast::Lectures::Breast_Lecture_Epithelial::Dimension_Size_and_Proximity_in_Comminution,1
lectures,Breast::Lectures::Breast_Lecture_Epithelial::Error_Image_Missing,1
lectures,Breast::Lectures::Breast_Lecture_Epithelial::Hannah_Lee_and_Lyubov_Loza_Presenters,1
lectures,Breast::Lectures::Breast_Lecture_Epithelial::High_Molecular_Weight_Cytokeratin_in_Ductal_Lesions,1
lectures,Breast::Lectures::Breast_Lecture_Epithelial::Historical_Perspective_of_Breast_Cancer_Progression,1
lectures,Breast::Lectures::Breast_Lecture_Epithelial::Improved_Interobserver_Reproducibility_in_Breast_Lesion_Diagnosis,1
lectures,Breast::Lectures::Breast_Lecture_Epithelial::Lobular_Pathways_and_Cellular_Development,1
lectures,Breast::Lectures::Breast_Lecture_Epithelial::Low_Power_Micrograph_Glandular_Proliferation,1
lectures,Breast::Lectures::Breast_Lecture_Epithelial::Microscopic_Analysis_Low_N_C_Ratio_and_Cellular_Features,1
lectures,Breast::Lectures::Breast_Lecture_Epithelial::Microscopic_Brain_Structure_and_ADHD,1
lectures,Breast::Lectures::Breast_Lecture_Epithelial::Microscopic_Image_ADHD_Indication,1
lectures,Breast::Lectures::Breast_Lecture_Epithelial::Microscopic_Image_ADHD_and_Partial_Involvement,1
lectures,Breast::Lectures::Breast_Lecture_Epithelial::Microscopic_Pathology_Diagnosing_Irregular_Spaces,1
lectures,Breast::Lectures::Breast_Lecture_Epithelial::Pathologist_Diagnostic_Concordance_in_Breast_Biopsy_Specimens,1
lectures,Breast::Lectures::Breast_Lecture_Epithelial::Poorly_Developed_Glandular_Architecture_in_Pathology,1
lectures,Breast::Lectures::Breast_Lecture_Epithelial::Radiation_Therapy_and_Breast_Cancer_Recurrence,1
lectures,Breast::Lectures::Breast_Lecture_Epithelial::Similar_Psychology_of_Low_Grade_Breast_Lesions,1
lectures,Breast::Lectures::Breast_Lecture_Epithelial::Snouts_Comparing_Animal_Features,1
lectures,Breast::Lectures::Breast_Lecture_Epithelial::Tamoxifen_s_Role_in_Reducing_Breast_Cancer_Recurrence_NSABP_24,1
lectures,Breast::Lectures::Breast_Lecture_Epithelial::Team_Member_Introductions,4
lectures,Breast::Lectures::Breast_Lecture_Epithelial::Uterine_Ductal_Adenocarcinoma_UDA_Diagnosis_with_CK5_6_and_ER,1
lectures,Breast::Lectures::Breast_Lecture_Epithelial::Variability_and_Uncertainty_in_Breast_Cancer_Diagnosis_and_Treatment,1
lectures,Breast::Lectures::Breast_Lecture_Fibroepithelial::Breast_Ultrasound_Hypoechoic_Lesion_with_Hyperechoic_Striations,1
lectures,Breast::Lectures::Breast_Lecture_Fibroepithelial::Giant_Breast_Mass_in_a_17_Year_Old_Case_Study,1
lectures,Breast::Lectures::Breast_Lecture_Fibroepithelial::Gross_Pathology_Lobulated_Mass_with_Slit_like_Spaces,1
lectures,Breast::Lectures::Breast_Lecture_Fibroepithelial::Infiltrative_Borders_in_Histopathology,1
lectures,Breast::Lectures::Breast_Lecture_Fibroepithelial::Infiltrative_Borders_of_Malignant_Thyroid_Tumor,1
lectures,Breast::Lectures::Breast_Lecture_Fibroepithelial::Metastatic_Small_Cell_Carcinoma_Lung_and_Vulva,1
lectures,Breast::Lectures::Breast_Lecture_Fibroepithelial::Review_Epithelial_Regions_in_Previous_Lectures,1
lectures,Breast::Lectures::Breast_Lecture_Fibroepithelial::Team_Member_Introductions_Project_Team,1
lectures,Breast::Lectures::Breast_Lecture_Fibroepithelial::Team_Member_Introductions_and_Project_Discussion,1
lectures,Breast::Lectures::Breast_Lecture_Fibroepithelial::Tumor_Recurrence_and_Grade_Progression,1
lectures,Breast::Lectures::Breast_Lecture_Grossing::Breast_Cancer_Tracking_Sheet_Example,1
lectures,Breast::Lectures::Breast_Lecture_Grossing::Breast_Cancer_Treatment_Modalities,1
lectures,Breast::Lectures::Breast_Lecture_Grossing::Breast_Specimen_Types_Indications_and_Procedures,1
lectures,Breast::Lectures::Breast_Lecture_Grossing::Error_Image_Missing,1
lectures,Breast::Lectures::Breast_Lecture_Grossing::Fibrosystem_Change_Example_Case_Study,1
lectures,Breast::Lectures::Breast_Lecture_Grossing::General_Indications_for_Breast_Surgery,1
lectures,Breast::Lectures::Breast_Lecture_Grossing::Gross_Pathology_of_Breast_Tissue_Normal_Variations_and_Lesion_Description,1
lectures,Breast::Lectures::Breast_Lecture_Grossing::Gross_Photo_Indications_Breast_Specimens,2
lectures,Breast::Lectures::Breast_Lecture_Grossing::Patterns_of_Residual_Tumor_After_Treatment,1
lectures,Breast::Lectures::Breast_Lecture_Grossing::Patterns_of_Residual_Tumor_Concentric_Reduction,1
lectures,Breast::Lectures::Breast_Lecture_Grossing::Residual_Gross_Mass_Post_Surgical_Pathology_Images,1
lectures,Breast::Lectures::Breast_Lecture_Grossing::Submitting_Tissue_for_Pathological_Examination,1
lectures,Breast::Lectures::Breast_Lecture_Grossing::Team_Members_SFGH_Project,1
lectures,Breast::Lectures::Breast_Lecture_IHC::Additional_Markers_for_Metastatic_Workup_of_Breast_Cancer,1
lectures,Breast::Lectures::Breast_Lecture_IHC::Adenocarcinoma_Comparing_Breast_and_Lung_Cancer,1
lectures,Breast::Lectures::Breast_Lecture_IHC::Adenocarcinoma_Differential_Diagnosis_in_Breast_vs_Lung,1
lectures,Breast::Lectures::Breast_Lecture_IHC::Adenocarcinoma_Differential_Diagnosis_of_Breast_vs_Lung_Cancer,1
lectures,Breast::Lectures::Breast_Lecture_IHC::Adenocarcinoma_Distinguishing_Breast_vs_Lung_Origin,1
lectures,Breast::Lectures::Breast_Lecture_IHC::Adenocarcinoma_Distinguishing_Breast_vs_Lung_Primary,1
lectures,Breast::Lectures::Breast_Lecture_IHC::Apocrine_Tumor_Morphology_Mammaglobin_and_GCDFP_15_Expression,1
lectures,Breast::Lectures::Breast_Lecture_IHC::Biomarker_Assessment_in_Breast_Pathology,1
lectures,Breast::Lectures::Breast_Lecture_IHC::Biomarker_Evaluation_in_Breast_Cancer_Optimal_Fixation_and_IHC,1
lectures,Breast::Lectures::Breast_Lecture_IHC::Breast_Cancer_Molecular_Subgroups_and_Immunohistochemical_Surrogates,1
lectures,Breast::Lectures::Breast_Lecture_IHC::Common_Markers_in_Breast_Carcinoma,1
lectures,Breast::Lectures::Breast_Lecture_IHC::Differential_Expression_of_Mammaglobin_and_GCDFP_15_in_Tumors,1
lectures,Breast::Lectures::Breast_Lecture_IHC::Distinguishing_Breast_Cancer_from_Lung_Primary_Cancer,1
lectures,Breast::Lectures::Breast_Lecture_IHC::ER_Expression_in_Lung_Adenocarcinomas_A_Comparative_Study,1
lectures,Breast::Lectures::Breast_Lecture_IHC::ER_Immunohistochemistry_Positive_Internal_Control,1
lectures,Breast::Lectures::Breast_Lecture_IHC::Error_Image_Missing,1
lectures,Breast::Lectures::Breast_Lecture_IHC::GATA3_A_Useful_Marker_in_Surgical_Pathology,1
lectures,Breast::Lectures::Breast_Lecture_IHC::GATA3_Expression_in_Breast_Cancer_Subtypes,1
lectures,Breast::Lectures::Breast_Lecture_IHC::GATA3_as_a_Diagnostic_Marker_in_Triple_Negative_Breast_Cancer,1
lectures,Breast::Lectures::Breast_Lecture_IHC::GATA3_in_Tumor_Diagnosis_Discriminatory_Uses,1
lectures,Breast::Lectures::Breast_Lecture_IHC::IHC_Markers_for_Metastatic_Breast_Cancer_Diagnosis,1
lectures,Breast::Lectures::Breast_Lecture_IHC::Immunohistochemical_Markers_for_Metastatic_Breast_Cancer,1
lectures,Breast::Lectures::Breast_Lecture_IHC::Immunohistochemistry_in_Breast_Pathology,5
lectures,Breast::Lectures::Breast_Lecture_IHC::Immunohistochemistry_in_Ovarian_Cancer_Diagnosis,1
lectures,Breast::Lectures::Breast_Lecture_IHC::Key_Considerations_for_Metastatic_Tumor_Analysis,1
lectures,Breast::Lectures::Breast_Lecture_IHC::Metastatic_Breast_Cancer_Diagnosis_Immunohistochemical_Markers,1
lectures,Breast::Lectures::Breast_Lecture_IHC::Metastatic_Melanoma_Mimicking_Breast_Carcinoma,1
lectures,Breast::Lectures::Breast_Lecture_IHC::Metastatic_Melanoma_to_Breast_IHC_Markers,1
lectures,Breast::Lectures::Breast_Lecture_IHC::Microscopic_Analysis_Epithelial_Cells_and_Calponin_Staining,1
lectures,Breast::Lectures::Breast_Lecture_IHC::Microscopic_Images_Comparing_SMM_Staining,1
lectures,Breast::Lectures::Breast_Lecture_IHC::Occult_Metastases_IHC_Impact_on_Survival,1
lectures,Breast::Lectures::Breast_Lecture_IHC::Optimal_Fixation_Importance_in_Histopathology,1
lectures,Breast::Lectures::Breast_Lecture_IHC::Optimal_Fixation_in_Histopathology_Importance_and_Impact_on_ER_Staining,1
lectures,Breast::Lectures::Breast_Lecture_IHC::Optimal_Tissue_Fixation_Importance_in_Pathology,1
lectures,Breast::Lectures::Breast_Lecture_IHC::PGY1_Pathology_Team_Members,1
lectures,Breast::Lectures::Breast_Lecture_IHC::Pathology_Resident_Team_Introduction,1
lectures,Breast::Lectures::Breast_Lecture_IHC::Practical_Immunohistochemistry_in_Breast_Pathology,5
lectures,Breast::Lectures::Breast_Lecture_IHC::Problems_with_MEC_Marker_Evaluation_in_Cancer_Diagnosis,1
lectures,Breast::Lectures::Breast_Lecture_IHC::SOX10_Marker_for_Breast_and_Salivary_Gland_Tumors,1
lectures,Breast::Lectures::Breast_Lecture_IHC::Stromal_Invasion_vs_Sclerosing_Lesion_A_Diagnostic_Challenge,1
lectures,Breast::Lectures::Breast_Lecture_IHC::TTF_1_Expression_in_Breast_Carcinomas_Prevalence_and_Clinical_Correlations,1
lectures,Breast::Lectures::Breast_Lecture_IHC::Team_Introduction_Slide,1
lectures,Breast::Lectures::Breast_Lecture_IHC::Team_Introductions_Poonam_Vohra_Nesli_Kayraklioglu_et_al,1
lectures,Breast::Lectures::Breast_Lecture_IHC::Triple_Negative_Breast_Cancer_vs_Lung_Adenocarcinoma_SOX10_Diagnostic_Utility,1
lectures,Breast::Lectures::Breast_Lecture_IHC::Tumor_Cell_Staining_SMM_and_P63_Immunohistochemistry,1
lectures,Breast::Lectures::Breast_Lecture_IHC::Tumor_Cell_Staining_p63_Immunohistochemistry,1
lectures,Breast::Lectures::Breast_Lecture_IHC::p63_Reactivity_in_Invasive_Basal_Like_Cancers,1
lectures,Breast::Lectures::Breast_Lecture_Invasive::21st_Century_Breast_Cancer_Prognosis_and_Subtypes,1
lectures,Breast::Lectures::Breast_Lecture_Invasive::Breast_Cancer_Recurrence_Risk_and_Treatment,1
lectures,Breast::Lectures::Breast_Lecture_Invasive::Diagnosing_Special_Type_Breast_Cancer_Percentage_Guidelines,1
lectures,Breast::Lectures::Breast_Lecture_Invasive::Error_Image_Missing,1
lectures,Breast::Lectures::Breast_Lecture_Invasive::Histologic_Types_of_Breast_Tumors,1
lectures,Breast::Lectures::Breast_Lecture_Invasive::Invasive_Mixed_Ductal_and_Lobular_Carcinoma_Diagnosis_and_Terminology,1
lectures,Breast::Lectures::Breast_Lecture_Invasive::Lobular_Carcinoma_Macroscopic_and_Microscopic_Disease,1
lectures,Breast::Lectures::Breast_Lecture_Invasive::Mixed_Mucinous_and_Ductal_Carcinoma_Gross_Pathology,1
lectures,Breast::Lectures::Breast_Lecture_Invasive::Mucinous_Colloid_Carcinoma_of_the_Breast,1
lectures,Breast::Lectures::Breast_Lecture_Invasive::Radial_Sclerosing_Lesion_Histological_Example,1
lectures,Breast::Lectures::Breast_Lecture_Invasive::Radial_Sclerosing_Lesion_p63_Stain_and_Diagnosis,1
lectures,Breast::Lectures::Breast_Lecture_Invasive::Rare_Breast_Tumor_Subtypes_Salivary_Gland_and_Neuroendocrine,1
lectures,Breast::Lectures::Breast_Lecture_Invasive::Tumor_Typing_and_Grading_Prognostic_Significance,1
lectures,Breast::Lectures::Breast_Lecture_Invasive::Well_Differentiated_IDC_Microscopic_Image,1
lectures,Breast::Lectures::Breast_Lecture_Lobular::Breast_Biopsy_Outcomes_Concordant_vs_Discordant_Lesions,1
lectures,Breast::Lectures::Breast_Lecture_Lobular::Dr_James_Ewing_TIME_Magazine_s_Cancer_Man,1
lectures,Breast::Lectures::Breast_Lecture_Lobular::Dr_James_Ewing_and_Neoplastic_Diseases_1919,1
lectures,Breast::Lectures::Breast_Lecture_Lobular::Error_Image_Missing,1
lectures,Breast::Lectures::Breast_Lecture_Lobular::Ewing_s_1919_Research_Precancerous_Breast_Changes,1
lectures,Breast::Lectures::Breast_Lecture_Lobular::Identifying_AOH_Loss_of_Lumen_at_Low_Power,1
lectures,Breast::Lectures::Breast_Lecture_Lobular::Interpreting_and_Managing_Pituitary_Adenomas,1
lectures,Breast::Lectures::Breast_Lecture_Lobular::Overdiagnosis_and_Underdiagnosis_in_Differential_Diagnosis,1
lectures,Breast::Lectures::Breast_Lecture_Lobular::Population_Legion_Discussion_Wednesday,1
lectures,Breast::Lectures::Breast_Lecture_Normal::Apocrine_Metaplasia_in_Breast_Biopsies,1
lectures,Breast::Lectures::Breast_Lecture_Normal::Approach_to_Diagnosis_of_Breast_Pathology,1
lectures,Breast::Lectures::Breast_Lecture_Normal::Basic_Approach_to_Pathology_Classification,1
lectures,Breast::Lectures::Breast_Lecture_Normal::Benign_Breast_Lesions_Atypia_and_Cancer_Risk,1
lectures,Breast::Lectures::Breast_Lecture_Normal::Breast_Cancer_Lymphatic_Drainage_and_Nodal_Involvement,1
lectures,Breast::Lectures::Breast_Lecture_Normal::Breast_Cancer_Treatment_Overview,1
lectures,Breast::Lectures::Breast_Lecture_Normal::Breast_Epithelial_Cell_Morphology_and_Hormonal_Changes,1
lectures,Breast::Lectures::Breast_Lecture_Normal::Breast_Epithelial_Specific_Markers_Mammaglobin_GCDFP_15_and_GATA3,1
lectures,Breast::Lectures::Breast_Lecture_Normal::Breast_Pathology_Course_Outline,1
lectures,Breast::Lectures::Breast_Lecture_Normal::Breast_Pathology_Lecture_Series_Schedule,1
lectures,Breast::Lectures::Breast_Lecture_Normal::Breast_Pathology_Overview_of_Epithelial_Proliferation,1
lectures,Breast::Lectures::Breast_Lecture_Normal::Breast_Quadrant_Analysis_in_Pathology,1
lectures,Breast::Lectures::Breast_Lecture_Normal::Breast_Specimen_Types_Indications_and_Procedures,1
lectures,Breast::Lectures::Breast_Lecture_Normal::Breast_Tissue_Pathology_Normal_Cells_vs_Diseases,1
lectures,Breast::Lectures::Breast_Lecture_Normal::CD34_and_D240_Immunohistochemistry_in_Breast_Stroma,1
lectures,Breast::Lectures::Breast_Lecture_Normal::CK7_and_CK20_Immunohistochemistry_in_Breast_Epithelium,1
lectures,Breast::Lectures::Breast_Lecture_Normal::Categorizing_Breast_Abnormalities_A_Diagnostic_Approach,1
lectures,Breast::Lectures::Breast_Lecture_Normal::Categorizing_Breast_Pathology_Abnormalities,1
lectures,Breast::Lectures::Breast_Lecture_Normal::Comparison_of_Intralobular_and_Extralobular_Stroma,1
lectures,Breast::Lectures::Breast_Lecture_Normal::D2_40_Immunostaining_in_Lymphatic_Endothelium_and_Myoepithelium,1
lectures,Breast::Lectures::Breast_Lecture_Normal::D2_40_Staining_Patterns_Endothelium_vs_Myoepithelium,2
lectures,Breast::Lectures::Breast_Lecture_Normal::D2_40_Staining_Patterns_in_Stromal_Cell_Background,1
lectures,Breast::Lectures::Breast_Lecture_Normal::Differential_Expression_of_Mammaglobin_and_GCDFP_15_in_Breast_Tissue,1
lectures,Breast::Lectures::Breast_Lecture_Normal::Epithelial_Component_in_Histological_Sample,1
lectures,Breast::Lectures::Breast_Lecture_Normal::Error_Image_Missing,1
lectures,Breast::Lectures::Breast_Lecture_Normal::Evolution_of_Breast_Cancer_Treatment,1
lectures,Breast::Lectures::Breast_Lecture_Normal::Evolution_of_Cancer_Treatment_Decision_Analysis,1
lectures,Breast::Lectures::Breast_Lecture_Normal::Glandular_Ductular_Proliferation_Microscopic_Images,1
lectures,Breast::Lectures::Breast_Lecture_Normal::High_Molecular_Weight_Keratin_CK5_6_Immunohistochemistry,1
lectures,Breast::Lectures::Breast_Lecture_Normal::Histological_Features_of_Ductal_Changes_in_Breast_Tissue,1
lectures,Breast::Lectures::Breast_Lecture_Normal::Hormonal_Effects_on_Epithelial_Cell_Cytomorphology,1
lectures,Breast::Lectures::Breast_Lecture_Normal::Immunohistochemical_Markers_for_Endothelial_Cells,1
lectures,Breast::Lectures::Breast_Lecture_Normal::Increased_Breast_Cancer_Diagnosis_and_the_Overdiagnosis_Problem,1
lectures,Breast::Lectures::Breast_Lecture_Normal::Lactational_Secretory_Breast_Changes_Microscopic_Images,1
lectures,Breast::Lectures::Breast_Lecture_Normal::Mammogram_Image_Segmental_Duct_System_in_Right_Breast,1
lectures,Breast::Lectures::Breast_Lecture_Normal::Microscopic_Image_Lobules_and_Fibroid_Tissue,1
lectures,Breast::Lectures::Breast_Lecture_Normal::Microscopic_View_of_Laciferous_Ducts,1
lectures,Breast::Lectures::Breast_Lecture_Normal::Microscopic_View_of_Lactifurous_Sinus_and_Squamous_Epithelium,1
lectures,Breast::Lectures::Breast_Lecture_Normal::Polarization_Microscopy_Enhancing_H_and_N_Visibility,1
lectures,Breast::Lectures::Breast_Lecture_Normal::Postmenopausal_Breast_Atrophy_Microscopic_Appearance,1
lectures,Breast::Lectures::Breast_Lecture_Normal::Questions_and_Answers_Session,1
lectures,Breast::Lectures::Breast_Lecture_Normal::Radiation_Effect_on_Tissue_Colonization,1
lectures,Breast::Lectures::Breast_Lecture_Normal::Radiation_Effects_on_the_Terminal_Ductal_System,1
lectures,Breast::Lectures::Breast_Lecture_Normal::Radiation_Induced_Stromal_Atypia_Microscopic_Images,1
lectures,Breast::Lectures::Breast_Lecture_Normal::Recommended_Resources_for_Breast_Pathology,1
lectures,Breast::Lectures::Breast_Lecture_Normal::Scope_of_Breast_Cancer_in_the_USA,1
lectures,Breast::Lectures::Breast_Lecture_Normal::Squamo_Columnar_Junction_in_the_Nipple,1
lectures,Breast::Lectures::Breast_Lecture_Normal::The_Expanding_Role_of_the_Pathologist,1
lectures,Breast::Lectures::Breast_Lecture_Papillary::Biopsy_Analysis_Invasive_vs_Non_Invasive_Glandular_Tissue,1
lectures,Breast::Lectures::Breast_Lecture_Papillary::CK5_6_Stain_Tumor_Cell_Markers_in_Diagnosis,1
lectures,Breast::Lectures::Breast_Lecture_Papillary::Error_Image_Missing,1
lectures,Breast::Lectures::Breast_Lecture_Papillary::Evaluating_Cancer_Invasion_in_Endocervical_Polyp,1
lectures,Breast::Lectures::Breast_Lecture_Papillary::Evaluating_Invasion_in_Endometrial_Polyp_Pathology,1
lectures,Breast::Lectures::Breast_Lecture_Papillary::Evaluation_of_Invasion_in_Endometrial_Polyp,1
lectures,Breast::Lectures::Breast_Lecture_Papillary::High_Grade_Histologic_Features_of_Palpable_Mass,1
lectures,Breast::Lectures::Breast_Lecture_Papillary::Microscopic_Analysis_Adenosis_and_Myopathylios_Cells,1
lectures,Breast::Lectures::Breast_Lecture_Papillary::Microscopic_Appearance_of_Fibrovascular_Tissue,1
lectures,Breast::Lectures::Breast_Lecture_Papillary::Microscopic_Appearance_of_Pink_appearing_Tissue,1
lectures,Breast::Lectures::Breast_Lecture_Papillary::Microscopic_Features_of_Benign_Prostatic_Hyperplasia,1
lectures,Breast::Lectures::Breast_Lecture_Papillary::Microscopic_Pathology_Slide_High_Power_View_of_Tissue,1
lectures,Breast::Lectures::Breast_Lecture_Papillary::Microscopic_View_Cellular_Monotony_and_Proliferation,1
lectures,Breast::Lectures::Breast_Lecture_Papillary::Myopathology_Calponin_Immunohistochemistry,1
lectures,Breast::Lectures::Breast_Lecture_Papillary::Palpable_Mass_in_34_Year_Old_Female_Histopathology,1
lectures,Breast::Lectures::Breast_Lecture_Papillary::Patient_Case_Study_Microscopic_Image_of_an_Incisive_Lesion,1
lectures,Breast::Lectures::Breast_Lecture_Papillary::Pitfalls_in_Interpreting_MEC_Markers_in_Pathology,1
lectures,Breast::Lectures::Breast_Lecture_Papillary::SMM_Stain_Hair_Follicle_Origin_Determination,1
lectures,Breast::Lectures::Breast_Lecture_Papillary::Team_Introduction_Breast_Epithelial_Tissue,1
lectures,Breast::Lectures::Breast_Lecture_Papillary::Team_Member_Introductions,1
lectures,Breast::Lectures::Breast_Lecture_Prognostics::ASCO_CAP_ER_and_PR_Testing_in_Breast_Cancer_2019_Guidelines,1
lectures,Breast::Lectures::Breast_Lecture_Prognostics::Breast_Cancer_ER_PR_and_Endocrine_Therapy_Response,1
lectures,Breast::Lectures::Breast_Lecture_Prognostics::Breast_Cancer_Prognostic_Factors_Patient_Age,1
lectures,Breast::Lectures::Breast_Lecture_Prognostics::Clinical_Significance_of_ER_Semi_Quantification_in_Endocrine_Therapy,1
lectures,Breast::Lectures::Breast_Lecture_Prognostics::End_of_Presentation_Thank_You,1
lectures,Breast::Lectures::Breast_Lecture_Prognostics::Error_Image_Missing,1
lectures,Breast::Lectures::Breast_Lecture_Prognostics::IDFS_Stratified_by_Menopausal_Status_in_Breast_Cancer,1
lectures,Breast::Lectures::Breast_Lecture_Prognostics::Instructor_Profile_Dr_Name,1
lectures,Breast::Lectures::Breast_Lecture_Prognostics::Level_of_Evidence_in_Tumor_Marker_Studies,1
lectures,Breast::Lectures::Breast_Lecture_Prognostics::Lymphovascular_Invasion_LVI_in_Tumors,1
lectures,Breast::Lectures::Breast_Lecture_Prognostics::Lymphovascular_Invasion_Locoregional_Treatment_Guidelines,1
lectures,Breast::Lectures::Breast_Lecture_Prognostics::Lymphovascular_Invasion_in_Breast_Cancer,1
lectures,Breast::Lectures::Breast_Lecture_Prognostics::MINDACT_Study_Biology_Informs_High_Risk_Breast_Cancer_Treatment,1
lectures,Breast::Lectures::Breast_Lecture_Prognostics::Mammaprint_70_Gene_Breast_Cancer_Prognosis_Profile,1
lectures,Breast::Lectures::Breast_Lecture_Prognostics::Mammaprint_Metastasis_Free_and_Overall_Survival,1
lectures,Breast::Lectures::Breast_Lecture_Prognostics::NCCN_Guidelines_Accessing_and_Utilizing_Cancer_Treatment_Information,1
lectures,Breast::Lectures::Breast_Lecture_Prognostics::Occult_Metastases_in_Node_Negative_Breast_Cancer_NSABP_B_32_Trial,1
lectures,Breast::Lectures::Breast_Lecture_Prognostics::Placeholder_Image_for_Presentation,1
lectures,Breast::Lectures::Breast_Lecture_Prognostics::Prognostic_vs_Predictive_Biomarkers_in_Clinical_Trials,1
lectures,Breast::Lectures::Breast_Lecture_Prognostics::Prognostic_vs_Predictive_Biomarkers_in_Oncology,2
lectures,Breast::Lectures::Breast_Lecture_Prognostics::TAILORx_Trial_Endocrine_Therapy_Alone_vs_Chemoendocrine_Therapy,1
lectures,Breast::Lectures::Breast_Lecture_Prognostics::TAILORx_Trial_Treatment_Assignment_and_Randomization,1
lectures,Breast::Lectures::Breast_Lecture_Rad_Path::American_Society_of_Breast_Surgeons_Official_Statements_and_Guidelines,1
lectures,Breast::Lectures::Breast_Lecture_Rad_Path::Biomarker_Repetition_in_Excisional_Biopsies,1
lectures,Breast::Lectures::Breast_Lecture_Rad_Path::Biopsy_Needles_9_Gauge_vs_14_Gauge,1
lectures,Breast::Lectures::Breast_Lecture_Rad_Path::Biopsy_Sample_Sizes_in_Cancer_Treatment,1
lectures,Breast::Lectures::Breast_Lecture_Rad_Path::Borderline_Nonmalignant_Breast_Lesions_To_Excise_or_Not,1
lectures,Breast::Lectures::Breast_Lecture_Rad_Path::Breast_Biopsy_Managing_Borderline_or_High_Risk_Lesions,1
lectures,Breast::Lectures::Breast_Lecture_Rad_Path::Breast_Biopsy_Outcomes_Concordant_vs_Discordant_Lesions,1
lectures,Breast::Lectures::Breast_Lecture_Rad_Path::Breast_Cancer_Histopathology_Invasive_Ductal_vs_Lobular_Carcinoma,1
lectures,Breast::Lectures::Breast_Lecture_Rad_Path::Breast_Cancer_Pathology_Reporting_Guidelines,1
lectures,Breast::Lectures::Breast_Lecture_Rad_Path::Breast_Imaging_for_Pathologists_Interdisciplinary_Collaboration,1
lectures,Breast::Lectures::Breast_Lecture_Rad_Path::Breast_Lesion_Upgrade_Rates_to_Carcinoma,1
lectures,Breast::Lectures::Breast_Lecture_Rad_Path::College_of_American_Breast_Surgeons_Breast_Biopsy_Position_Statement,1
lectures,Breast::Lectures::Breast_Lecture_Rad_Path::Epithelial_Displacement_Post_Biopsy_Imaging_Considerations,1
lectures,Breast::Lectures::Breast_Lecture_Rad_Path::Epithelial_Displacement_Tumor_Cells_and_Granulation_Tissue,1
lectures,Breast::Lectures::Breast_Lecture_Rad_Path::Epithelial_Displacement_in_Surgical_Breast_Specimens,1
lectures,Breast::Lectures::Breast_Lecture_Rad_Path::Error_Image_Missing,1
lectures,Breast::Lectures::Breast_Lecture_Rad_Path::Heterogeneous_Biomarker_Expression_in_Cancer,1
lectures,Breast::Lectures::Breast_Lecture_Rad_Path::IDC_with_Heterogeneous_Differentiation_Grade_1_vs_Grade_2,1
lectures,Breast::Lectures::Breast_Lecture_Rad_Path::MLL_Excision_Findings_Atypia_and_Malignancy_Upgrade_Rates,1
lectures,Breast::Lectures::Breast_Lecture_Rad_Path::Managing_Borderline_High_Risk_Breast_Lesions,1
lectures,Breast::Lectures::Breast_Lecture_Rad_Path::Microscopic_Image_Fatty_Tissue_and_Cancer_Misdiagnosis,1
lectures,Breast::Lectures::Breast_Lecture_Rad_Path::Microscopic_Image_Granulation_Tissue_in_Wound_Healing,1
lectures,Breast::Lectures::Breast_Lecture_Rad_Path::Microscopic_Image_of_Epithelioid_Hemangioendothelioma,1
lectures,Breast::Lectures::Breast_Lecture_Rad_Path::Microscopic_Tissue_Sample_Giant_Cell_Reaction_and_Inflammatory_Changes,1
lectures,Breast::Lectures::Breast_Lecture_Rad_Path::Microscopic_View_of_Epithelial_Nests,1
lectures,Breast::Lectures::Breast_Lecture_Rad_Path::Mucocele_like_Lesions_Clinical_Features_and_Characteristics,1
lectures,Breast::Lectures::Breast_Lecture_Rad_Path::Mucocele_like_Lesions_Evaluation_and_Differential_Diagnosis,1
lectures,Breast::Lectures::Breast_Lecture_Rad_Path::Mucocele_like_Lesions_Pathology_and_Biopsy,1
lectures,Breast::Lectures::Breast_Lecture_Rad_Path::Post_Biopsy_Epithelial_Changes_Mimicking_Carcinoma,1
lectures,Breast::Lectures::Breast_Lecture_Rad_Path::Rad_Path_Discordance_in_Screen_Detected_Breast_Mass,1
lectures,Breast::Lectures::Breast_Lecture_Rad_Path::Reporting_Cancer_in_COVID_19_Patients_Microscopic_Analysis,1
lectures,Breast::Lectures::Breast_Lecture_Rad_Path::Screen_Detected_Left_Breast_Mass_Mammogram_and_Ultrasound_Findings,1
lectures,Breast::Lectures::Breast_Lecture_Rad_Path::Tumor_Typing_on_Core_and_Excision_A_Comparison,1
lectures,Breast::Lectures::Breast_Lecture_SpindleCell::Breast_Neoplasm_Differential_Diagnosis_and_Management,1
lectures,Breast::Lectures::Breast_Lecture_SpindleCell::Breast_Spindle_Cell_Lesions_High_vs_Low_Grade_Features,1
lectures,Breast::Lectures::Breast_Lecture_SpindleCell::CK5_CD34_Immunohistochemistry_in_Low_Grade_Tumors,1
lectures,Breast::Lectures::Breast_Lecture_SpindleCell::Classic_Features_of_a_Soft_Tissue_Tumor,1
lectures,Breast::Lectures::Breast_Lecture_SpindleCell::Classifying_Fibroepithelial_Lesions_A_Diagnostic_Approach,1
lectures,Breast::Lectures::Breast_Lecture_SpindleCell::Comparing_Benign_and_Atypical_Stromal_Cells_in_Breast_Tumors,1
lectures,Breast::Lectures::Breast_Lecture_SpindleCell::Epithelioid_MFB_vs_ER_Microscopic_Diagnosis,1
lectures,Breast::Lectures::Breast_Lecture_SpindleCell::Epithelioid_Tumor_Cell_Aggregates_Histological_Image,1
lectures,Breast::Lectures::Breast_Lecture_SpindleCell::Error_Image_Missing,1
lectures,Breast::Lectures::Breast_Lecture_SpindleCell::Genetic_Differences_in_Metaplastic_vs_Other_Triple_Negative_Breast_Carcinomas,1
lectures,Breast::Lectures::Breast_Lecture_SpindleCell::High_Grade_Spindle_Cell_Lesions_Differential_Diagnosis,1
lectures,Breast::Lectures::Breast_Lecture_SpindleCell::Histopathology_Well_Circumscribed_Border_No_Epithelial_Entrapment,1
lectures,Breast::Lectures::Breast_Lecture_SpindleCell::Immunohistochemical_Staining_ER_Keratin_and_CD34,1
lectures,Breast::Lectures::Breast_Lecture_SpindleCell::Interobserver_Variability_in_Diagnosing_Breast_Tumors,1
lectures,Breast::Lectures::Breast_Lecture_SpindleCell::Malignant_Spindle_Cell_Neoplasms_Key_Diagnostic_Considerations,1
lectures,Breast::Lectures::Breast_Lecture_SpindleCell::Microscopic_Clues_in_Vascular_Tumor_Diagnosis,1
lectures,Breast::Lectures::Breast_Lecture_SpindleCell::Microscopic_Examination_Low_Grade_Cellular_Area,1
lectures,Breast::Lectures::Breast_Lecture_SpindleCell::Microscopic_Examination_of_Carcinoma_Cells_and_Keratin,1
lectures,Breast::Lectures::Breast_Lecture_SpindleCell::Microscopic_Image_Abundant_Collagenous_Stormers,1
lectures,Breast::Lectures::Breast_Lecture_SpindleCell::Microscopic_Images_CK5_p63_and_Histological_Findings,1
lectures,Breast::Lectures::Breast_Lecture_SpindleCell::Microscopic_Pathology_Collagenous_Stromal_Pattern,1
lectures,Breast::Lectures::Breast_Lecture_SpindleCell::Microscopic_Pathology_Identifying_Glandular_Foci,1
lectures,Breast::Lectures::Breast_Lecture_SpindleCell::Microscopic_View_Glandular_Foci_in_Tissue_Sample,1
lectures,Breast::Lectures::Breast_Lecture_SpindleCell::Microscopic_View_of_High_Grade_Nuclei_and_Mitosis,1
lectures,Breast::Lectures::Breast_Lecture_SpindleCell::Moderate_or_Marked_Nuclear_Atypia_in_Carcinoma,1
lectures,Breast::Lectures::Breast_Lecture_SpindleCell::Osteosarcoma_and_Malignant_Fibrous_Tumor_Differentiation,1
lectures,Breast::Lectures::Breast_Lecture_SpindleCell::Patterns_Differential_Diagnosis_and_Biomarkers,1
lectures,Breast::Lectures::Breast_Lecture_SpindleCell::Primary_Breast_Sarcomas_Diagnosis_and_Characteristics,1
lectures,Breast::Lectures::Breast_Lecture_SpindleCell::Rapidly_Growing_Breast_Mass_Histopathological_Analysis,1
lectures,Breast::Lectures::Breast_Lecture_SpindleCell::Reactive_Spindle_Cell_Nodule_Morphologic_Diagnosis,1
lectures,Breast::Lectures::Breast_Lecture_SpindleCell::Reactive_Spindle_Cell_Nodule_Post_Biopsy_Findings,1
lectures,Breast::Lectures::Breast_Lecture_SpindleCell::Spindle_Cell_Lesions_in_the_Breast_A_Diagnostic_Challenge,1
lectures,Breast::Lectures::Breast_Lecture_SpindleCell::Spindle_Cell_Lesions_of_the_Breast_Microscopic_vs_Gross_Findings,1
lectures,Breast::Lectures::Breast_Lecture_Treated::Error_Image_Missing,1
lectures,Breast::Lectures::Breast_Lecture_Treated::Grossly_Altered_Stroma_Pathology_Specimen_Images,1
lectures,Breast::Lectures::Breast_Lecture_Treated::Hemorrhagic_vs_Fibrotic_Tumor_Microscopy,1
lectures,Breast::Lectures::Breast_Lecture_Treated::High_Power_View_of_Tumor_Nuclei_and_Atypical_Mitosis,1
lectures,Breast::Lectures::Breast_Lecture_Treated::Histocyte_Identification_Microscopic_Analysis_and_Cytokeratin_Staining,1
lectures,Breast::Lectures::Breast_Lecture_Treated::Keratin_Stains_in_Tumor_Diagnosis,1
lectures,Breast::Lectures::Breast_Lecture_Treated::Microscopic_Identification_of_Tumor_Cells,1
lectures,Breast::Lectures::Breast_Lecture_Treated::Microscopic_Pathology_Slide_Inflammatory_Changes,1
lectures,Breast::Lectures::Breast_Lecture_Treated::Microscopic_Tissue_Patterns_High_Power_View,1
lectures,Breast::Lectures::Breast_Lecture_Treated::Microscopic_Tumor_Sectioning_and_Cellularity_Analysis,1
lectures,Breast::Lectures::Breast_Lecture_Treated::Microscopic_View_of_Fibroblasts_in_Stroma,1
lectures,Breast::Lectures::Breast_Lecture_Treated::Microscopic_View_of_Multinucleated_Giant_Cells_in_Tumor,1
lectures,Breast::Lectures::Breast_Lecture_Treated::Mucinous_Changes_in_Residual_Tumor_High_Power_View,1
lectures,Breast::Lectures::Breast_Lecture_Treated::Necrotic_Tumor_Ghost_Cells_Histopathology,1
lectures,Breast::Lectures::Breast_Lecture_Treated::Necrotic_Tumor_Guest_Cells_Reticular_Keratin,1
lectures,Breast::Lectures::Breast_Lecture_Treated::Necrotic_Tumor_Pan_Keratin_Staining,1
lectures,Breast::Lectures::Breast_Lecture_Treated::RCB_Predicts_Breast_Cancer_Outcomes_Across_Subtypes,1
lectures,Breast::Lectures::Breast_Lecture_Treated::Treatment_Effects_on_Cellular_Morphology_A_Case_Study,1
lectures,Breast::Mesenchymal::Vascular_Tumors::Hemangioma,1
lectures,Breast::Neoplastic::Epithelial::Benign::Columnar_Cell_Hyperplasia,1
lectures,Breast::Neoplastic::Epithelial::Benign::Intraductal_Papilloma,24
lectures,Breast::Neoplastic::Epithelial::Benign::Microglandular_Adenosis,7
lectures,Breast::Neoplastic::Epithelial::Benign::Tubular_Adenoma,2
lectures,Breast::Neoplastic::Epithelial::Benign::Usual_Ductal_Hyperplasia_UDH,16
lectures,Breast::Neoplastic::Epithelial::In_Situ::Ductal_Carcinoma_In_Situ_DCIS,107
lectures,Breast::Neoplastic::Epithelial::In_Situ::Florid_Lobular_Carcinoma_In_Situ,2
lectures,Breast::Neoplastic::Epithelial::In_Situ::Lobular_Carcinoma_In_Situ_LCIS,69
lectures,Breast::Neoplastic::Epithelial::In_Situ::Paget_Disease_Of_Nipple,5
lectures,Breast::Neoplastic::Epithelial::In_Situ::Papillary_Ductal_Carcinoma_In_Situ,5
lectures,Breast::Neoplastic::Epithelial::In_Situ::Pleomorphic_Lobular_Carcinoma_In_Situ,11
lectures,Breast::Neoplastic::Epithelial::Malignant::Adenoid_Cystic_Carcinoma,1
lectures,Breast::Neoplastic::Epithelial::Malignant::Cribriform_Carcinoma,3
lectures,Breast::Neoplastic::Epithelial::Malignant::Encapsulated_Papillary_Carcinoma,16
lectures,Breast::Neoplastic::Epithelial::Malignant::Invasive_Breast_Carcinoma_NST,29
lectures,Breast::Neoplastic::Epithelial::Malignant::Invasive_Lobular_Carcinoma,30
lectures,Breast::Neoplastic::Epithelial::Malignant::Metaplastic_Carcinoma,23
lectures,Breast::Neoplastic::Epithelial::Malignant::Microinvasive_Carcinoma,2
lectures,Breast::Neoplastic::Epithelial::Malignant::Micropapillary_Carcinoma,15
lectures,Breast::Neoplastic::Epithelial::Malignant::Mucinous_Carcinoma,17
lectures,Breast::Neoplastic::Epithelial::Malignant::Solid_Papillary_Carcinoma,18
lectures,Breast::Neoplastic::Epithelial::Malignant::Tubular_Carcinoma,10
lectures,Breast::Neoplastic::Epithelial::Precursor::Atypical_Ductal_Hyperplasia_ADH,23
lectures,Breast::Neoplastic::Epithelial::Precursor::Atypical_Lobular_Hyperplasia_ALH,5
lectures,Breast::Neoplastic::Epithelial::Precursor::Flat_Epithelial_Atypia,32
lectures,Breast::Neoplastic::Fibroepithelial::Benign::Cellular_Fibroadenoma,4
lectures,Breast::Neoplastic::Fibroepithelial::Benign::Fibroadenoma,25
lectures,Breast::Neoplastic::Fibroepithelial::Benign::Juvenile_Fibroadenoma,3
lectures,Breast::Neoplastic::Fibroepithelial::Variable_Behavior::Phyllodes_Tumor,73
lectures,Breast::Neoplastic::Malignant::KI67_Breast,1
lectures,Breast::Neoplastic::Malignant::Microcalcifications,7
lectures,Breast::Neoplastic::Mesenchymal::Benign::Myofibroblastoma,5
lectures,Breast::Neoplastic::Mesenchymal::Intermediate::Fibromatosis_Desmoid_Type,11
lectures,Breast::Neoplastic::Mesenchymal::Low_Grade::Angiomyxoma,2
lectures,Breast::Neoplastic::Multigene_Expression_Tumor_Prognostic_Profiling_In_Breast_Cancer,6
lectures,Breast::Neoplastic::Papillary,28
lectures,Breast::Normal_Histology::Anatomy_And_Histology,34
lectures,Breast::PathOut_Residual_Generated::Breast_Columnarcelllesion,3
lectures,Breast::Syndromes::BRCA1_BRCA2_Associated_Syndrome,1
lectures,Cyto_Head_Neck::Benign::Branchial_Cleft_Cyst,3
lectures,Cyto_Thoracic::Malignant::Carcinoma::Adenocarcinoma_Lung_Invasive,1
lectures,Cyto_Thyroid::Lectures::ASC_Cyto_Thyroid_Rossi::Benign_Cystic_Neck_Mass_Case_01,2
lectures,Cyto_Thyroid::Lectures::ASC_Cyto_Thyroid_Rossi::NIS_Elements_F_Current_user_zmaleki1,2
lectures,Cyto_Thyroid::Lectures::ASC_Cyto_Thyroid_Rossi::NIS_Elements_F_Current_user_zmaleki1_Live_Fast,13
lectures,Cyto_Thyroid::Lectures::ASC_Cyto_Thyroid_Rossi::Site_of_Pathology_and_the_Paris_System_for_Reporting_Urinary_Cytopathology,1
lectures,Cyto_Thyroid::Lectures::ASC_Cyto_Thyroid_Rossi::Video_Conference_Screen,1
lectures,GI::Colon::Neoplastic::Adenocarcinoma::Colonic_Adenocarcinoma_Arising_In_Adenoma,2
lectures,GU::Kidney::Renal_cell::Clear_Cell_RCC,2
lectures,HEME::T_NK_Cell::Infectious::Sezary_Syndrome,1
lectures,HN::Eye_Adnexa::Benign_Neoplasm,1
lectures,HN::Heme::Histiocytic_Dendritic::Juvenile_Xanthogranuloma,2
lectures,HN::Heme::Histiocytic_Dendritic::Langerhans_Cell_Histiocytosis,1
lectures,HN::Metastasis::Metastatic_Tumor,2
lectures,HN::Neck_Lymph_Node::Cyst::Branchial_Cleft_Cyst,1
lectures,HN::Neuroendocrine_Paraganglioma::Neuroendocrine_Carcinoma::Merkel_Cell_Carcinoma,2
lectures,HN::Oral_Cavity::Carcinoma::Oral_Squamous_Cell_Carcinoma,1
lectures,HN::Oral_Cavity::Carcinoma::Verrucous_Carcinoma,1
lectures,HN::Oral_Cavity::Inflammatory::Infection,5
lectures,HN::Oral_Cavity::Inflammatory::Lichen_Planus,5
lectures,HN::Oropharynx::Carcinoma::Squamous_Cell_Carcinoma_HPV_Associated,1
lectures,HN::Salivary_Gland::Malignant_Tumor::Adenoid_Cystic_Carcinoma,1
lectures,HN::Salivary_Gland::Malignant_Tumor::Squamous_Cell_Carcinoma,1
lectures,HN::Sinonasal::Inflammatory::Granulomatosis_With_Polyangiitis,1
lectures,HN::Soft_Tissue::Vascular::Angiosarcoma,1
lectures,HN::Soft_Tissue::Vascular::Epithelioid_Hemangioendothelioma,1
lectures,HN::Soft_Tissue::Vascular::Epithelioid_Hemangioma,3
lectures,HN::Soft_Tissue::Vascular::Hemangioma,8
lectures,HN::Soft_Tissue::Vascular::Kaposi_Sarcoma,1
lectures,HN::Soft_Tissue::Vascular::Lymphangioma,1
lectures,Heme::Lectures::gcs_gs_pathology_hub_02_normalized_lectures_lecture_chunks::Benign_Cystic_Neck_Mass_Case_01,11
lectures,Heme::Mature_T_NK_Cell::Cutaneous::Lymphomatoid_Papulosis,1
lectures,Heme::Mature_T_NK_Cell::Cutaneous::Mycosis_Fungoides,3
lectures,Skin::Appendageal_Neoplasm::Digital_Papillary_Adenocarcinoma,2
lectures,Skin::Appendageal_Neoplasm::Endocrine_Mucin_Producing_Sweat_Gland_Carcinoma,2
lectures,Skin::Appendageal_Neoplasm::Hidradenocarcinoma,1
lectures,Skin::Appendageal_Neoplasm::Mixed_Tumor,2
lectures,Skin::Appendageal_Neoplasm::Mucinous_carcinoma,1
lectures,Skin::Appendageal_Neoplasm::Porocarcinoma,2
lectures,Skin::Appendageal_Neoplasm::Sebaceous_Carcinoma,1
lectures,Skin::Blister::Warty_Dyskeratoma,2
lectures,Skin::Concept::Other::Subungual_Exostosis,1
lectures,Skin::Congenital_Structural::Cyst::Ruptured_Follicular_Cyst_Granuloma,1
lectures,Skin::Congenital_Structural::Genodermatosis::Darier_Disease_Keratosis_Follicularis,4
lectures,Skin::Congenital_Structural::Genodermatosis::Epidermolysis_Bullosa,4
lectures,Skin::Congenital_Structural::Genodermatosis::Genodermatosis_Overview_NOS,1
lectures,Skin::Congenital_Structural::Genodermatosis::Incontinentia_Pigmenti,6
lectures,Skin::Congenital_Structural::Genodermatosis::Incontinentia_Pigmenti_Achromians,2
lectures,Skin::Congenital_Structural::Genodermatosis::Pseudoxanthoma_Elasticum,1
lectures,Skin::Congenital_Structural::Maturation_Keratinization::Epidermolytic_Hyperkeratosis,1
lectures,Skin::Congenital_Structural::Maturation_Keratinization::Porokeratosis,2
lectures,Skin::Depositional_Metabolic::Acrodermatitis_Enteropathica,2
lectures,Skin::Depositional_Metabolic::Amyloidosis::Amyloidosis_Lichen,2
lectures,Skin::Depositional_Metabolic::Amyloidosis::Amyloidosis_Nodular,2
lectures,Skin::Depositional_Metabolic::Amyloidosis::Amyloidosis_Overview,2
lectures,Skin::Depositional_Metabolic::Gout,4
lectures,Skin::Depositional_Metabolic::Metabolic::Ochronosis,1
lectures,Skin::Depositional_Metabolic::Mucinosis::Scleromyxedema,5
lectures,Skin::Depositional_Metabolic::Nutritional::Pellagra,1
lectures,Skin::Depositional_Metabolic::Pigment::Amalgam_Tattoo,2
lectures,Skin::Depositional_Metabolic::Pigment::Drug_Induced_Pigmentation,1
lectures,Skin::Depositional_Metabolic::Pigment::Monsel_Reaction,1
lectures,Skin::Depositional_Metabolic::Pigment::Tattoo_Reaction,2
lectures,Skin::Depositional_Metabolic::Xanthoma::Eruptive_Xanthoma,2
lectures,Skin::Depositional_Metabolic::Xanthoma::Tendinous_Xanthoma,1
lectures,Skin::Depositional_Metabolic::Xanthoma::Tuberous_Xanthoma,1
lectures,Skin::Depositional_Metabolic::Xanthoma::Xanthelasma,4
lectures,Skin::Depositional_Metabolic::Xanthoma::Xanthogranuloma_Juvenile,7
lectures,Skin::Depositional_Metabolic::Xanthoma::Xanthoma_Disseminatum,1
lectures,Skin::Disorders_of_Pigmentation::Becker_Nevus,2
lectures,Skin::Disorders_of_Pigmentation::Dowling_Degos_Disease,2
lectures,Skin::Disorders_of_Pigmentation::Hyperpigmentation::Drug_Induced_Hyperpigmentation,2
lectures,Skin::Disorders_of_Pigmentation::Hyperpigmentation::Melasma,2
lectures,Skin::Disorders_of_Pigmentation::Hypopigmentation::Idiopathic_Guttate_Hypomelanosis,2
lectures,Skin::Disorders_of_Pigmentation::Hypopigmentation::Post_Inflammatory_Hypopigmentation,1
lectures,Skin::Disorders_of_Pigmentation::Hypopigmentation::Progressive_Macular_Hypomelanosis,2
lectures,Skin::Disorders_of_Pigmentation::Hypopigmentation::Vitiligo,5
lectures,Skin::Disorders_of_Pigmentation::Pityriasis_Alba,2
lectures,Skin::Disorders_of_Pigmentation::Postinflammatory_Pigment_Alteration,1
lectures,Skin::Epidermal_Neoplasm::Actinic_Keratosis,1
lectures,Skin::Epidermal_Neoplasm::Solar_Lentigo,1
lectures,Skin::Epidermal_Neoplasm::Squamous_Cell_Carcinoma::Squamous_Cell_Carcinoma_in_Situ_Bowen_Disease,1
lectures,Skin::Infectious::Bacterial::Bacillary_Angiomatosis_Bartonella,1
lectures,Skin::Infectious::Bacterial::Bullous_Impetigo,4
lectures,Skin::Infectious::Bacterial::Folliculitis,165
lectures,Skin::Infectious::Bacterial::Syphilis_Secondary_Cutaneous,14
lectures,Skin::Infectious::Bacterial::Tuberculosis,4
lectures,Skin::Infectious::Fungal::Candidiasis,2
lectures,Skin::Infectious::Fungal::Dermatophytosis::Majocchi_Granuloma,4
lectures,Skin::Infectious::Fungal::Dermatophytosis_Tinea_Overview,5
lectures,Skin::Infectious::Fungal::Onychomycosis,5
lectures,Skin::Infectious::Fungal::Pityriasis_Tinea_Versicolor,4
lectures,Skin::Infectious::Fungal::Tinea_Nigra,2
lectures,Skin::Infectious::Parasitic::Demodicosis_Demodex,1
lectures,Skin::Infectious::Viral::Epstein_Barr_Virus,1
lectures,Skin::Infectious::Viral::Hand_Foot_And_Mouth_Disease,2
lectures,Skin::Infectious::Viral::Herpes_Simplex_Virus_HSV1_HSV2,5
lectures,Skin::Infectious::Viral::Herpes_Zoster_Varicella_VZV,1
lectures,Skin::Infectious::Viral::Molluscum_Contagiosum,1
lectures,Skin::Infectious::Viral::Verruca_Vulgaris_Common_Wart,2
lectures,Skin::Inflammatory::Adnexal::Acne_Vulgaris,1
lectures,Skin::Inflammatory::Adnexal::Eosinophilic_Pustular_Folliculitis_Ofuji,2
lectures,Skin::Inflammatory::Adnexal::Folliculitis_Decalvans,1
lectures,Skin::Inflammatory::Adnexal::Hidradenitis_Suppurativa,1
lectures,Skin::Inflammatory::Adnexal::Keratosis_Pilaris,4
lectures,Skin::Inflammatory::Adnexal::Rosacea_Erythematotelangiectatic,1
lectures,Skin::Inflammatory::Adnexal::Rosacea_Granulomatous,1
lectures,Skin::Inflammatory::Alopecia::Alopecia_Overview_NOS,5
lectures,Skin::Inflammatory::Arthropod_Bite_Reaction,3
lectures,Skin::Inflammatory::Blistering::Bullous_Pemphigoid,12
lectures,Skin::Inflammatory::Blistering::Cicatricial_Pemphigoid_Mucous_Membrane,12
lectures,Skin::Inflammatory::Blistering::Dermatitis_Herpetiformis,6
lectures,Skin::Inflammatory::Blistering::Epidermolysis_Bullosa_Acquisita,3
lectures,Skin::Inflammatory::Blistering::Friction_Blister,2
lectures,Skin::Inflammatory::Blistering::Grover_Disease_Transient_Acantholytic,1
lectures,Skin::Inflammatory::Blistering::Hailey_Hailey_Disease,1
lectures,Skin::Inflammatory::Blistering::Herpesvirus_Infection,3
lectures,Skin::Inflammatory::Blistering::Immunobullous_Dermatosis_Overview,7
lectures,Skin::Inflammatory::Blistering::Intraepidermal_Vesicular_Dermatitis_Overview,94
lectures,Skin::Inflammatory::Blistering::Linear_IgA_Bullous_Dermatosis,3
lectures,Skin::Inflammatory::Blistering::Pemphigus_Foliaceus,10
lectures,Skin::Inflammatory::Blistering::Pemphigus_Vulgaris,14
lectures,Skin::Inflammatory::Blistering::Porphyria_Cutanea_Tarda,1
lectures,Skin::Inflammatory::Blistering::Pressure_Coma_Bulla,2
lectures,Skin::Inflammatory::Blistering::Stevens_Johnson_Syndrome_Toxic_Epidermal_Necrolysis,4
lectures,Skin::Inflammatory::Connective_Tissue::Graft_Versus_Host_Disease,1
lectures,Skin::Inflammatory::Degenerative::Solar_Elastosis,6
lectures,Skin::Inflammatory::Dermal_Sclerosing::Hypertrophic_Scar,1
lectures,Skin::Inflammatory::Dermal_Sclerosing::Lichen_Sclerosus_et_Atrophicus,7
lectures,Skin::Inflammatory::Drug_Eruption::Acute_Generalized_Exanthematous_Pustulosis_AGEP,9
lectures,Skin::Inflammatory::Drug_Eruption::Drug_Eruption_Overview_NOS,48
lectures,Skin::Inflammatory::Drug_Eruption::Drug_Reaction_With_Eosinophilia_And_Systemic_Symptoms_DRESS,5
lectures,Skin::Inflammatory::Drug_Eruption::Exanthematous_Drug_Eruption,3
lectures,Skin::Inflammatory::Drug_Eruption::Fixed_Drug_Eruption,8
lectures,Skin::Inflammatory::Drug_Eruption::Immune_Checkpoint_Inhibitor_Reaction,3
lectures,Skin::Inflammatory::Drug_Eruption::Lichenoid_Drug_Eruption,7
lectures,Skin::Inflammatory::Drug_Eruption::Lymphomatoid_Drug_Eruption,2
lectures,Skin::Inflammatory::Drug_Eruption::Morbilliform_Drug_Reaction,3
lectures,Skin::Inflammatory::Drug_Eruption::Symmetrical_Drug_Related_Intertriginous_And_Flexural_Erythema_SDRIFE,3
lectures,Skin::Inflammatory::Drug_Eruption::Urticarial_Drug_Eruption,1
lectures,Skin::Inflammatory::Granulomatous::Granuloma_Annulare,10
lectures,Skin::Inflammatory::Granulomatous::Granulomatous_Cheilitis_Melkersson_Rosenthal,3
lectures,Skin::Inflammatory::Granulomatous::Granulomatous_Dermatitis_Overview,58
lectures,Skin::Inflammatory::Granulomatous::Granulomatous_Dermatitis_of_Immunodeficiency,4
lectures,Skin::Inflammatory::Granulomatous::Interstitial_Granulomatous_Drug_Reaction,3
lectures,Skin::Inflammatory::Granulomatous::Necrobiosis_Lipoidica,6
lectures,Skin::Inflammatory::Granulomatous::Necrobiotic_Xanthogranuloma,8
lectures,Skin::Inflammatory::Granulomatous::Palisaded_Neutrophilic_Granulomatous_Dermatitis,4
lectures,Skin::Inflammatory::Granulomatous::Rheumatoid_Nodule,3
lectures,Skin::Inflammatory::Granulomatous::Sarcoidosis_Cutaneous,6
lectures,Skin::Inflammatory::Histiocytic::Histiocytosis,47
lectures,Skin::Inflammatory::Interface::Dermatomyositis,2
lectures,Skin::Inflammatory::Interface::Erythema_Multiforme,10
lectures,Skin::Inflammatory::Interface::Fixed_Drug_Eruption,3
lectures,Skin::Inflammatory::Interface::Graft_Versus_Host_Disease_Acute,2
lectures,Skin::Inflammatory::Interface::Interface_Dermatitis_HIV,1
lectures,Skin::Inflammatory::Interface::Interface_Dermatitis_Overview,107
lectures,Skin::Inflammatory::Interface::Lichen_Planus,63
lectures,Skin::Inflammatory::Interface::Lichen_Striatus,3
lectures,Skin::Inflammatory::Interface::Lichenoid_Drug_Eruption,2
lectures,Skin::Inflammatory::Interface::Lupus_Erythematosus_Discoid_DLE,7
lectures,Skin::Inflammatory::Interface::Pityriasis_Lichenoides_PLEVA_PLC,15
lectures,Skin::Inflammatory::Neutrophilic::Halogenoderma,3
lectures,Skin::Inflammatory::Neutrophilic::Neutrophilic_Eccrine_Hidradenitis,3
lectures,Skin::Inflammatory::Panniculitis::Panniculitis_Overview_NOS,4
lectures,Skin::Inflammatory::Papulosquamous::Psoriasis,1
lectures,Skin::Inflammatory::Psoriasiform::Nutritional_Deficiency_Dermatitis,3
lectures,Skin::Inflammatory::Psoriasiform::Pityriasis_Rubra_Pilaris,5
lectures,Skin::Inflammatory::Psoriasiform::Psoriasiform_Dermatitis_Overview,154
lectures,Skin::Inflammatory::Psoriasiform::Psoriasis_Guttate,3
lectures,Skin::Inflammatory::Psoriasiform::Psoriasis_Pustular,1
lectures,Skin::Inflammatory::Psoriasiform::Psoriasis_Vulgaris_Plaque,2
lectures,Skin::Inflammatory::Reactive::Erythema_Ab_Igne,1
lectures,Skin::Inflammatory::Spongiotic::Allergic_Contact_Dermatitis,10
lectures,Skin::Inflammatory::Spongiotic::Lichen_Simplex_Chronicus,1
lectures,Skin::Inflammatory::Spongiotic::Pityriasis_Rosea,7
lectures,Skin::Inflammatory::Spongiotic::Prurigo_Nodularis,1
lectures,Skin::Inflammatory::Spongiotic::Seborrheic_Dermatitis,9
lectures,Skin::Inflammatory::Spongiotic::Spongiotic_Dermatitis_Eczema_Overview,84
lectures,Skin::Inflammatory::Spongiotic::Stasis_Dermatitis,4
lectures,Skin::Inflammatory::Vasculitis::Churg_Strauss_Syndrome_EGPA,6
lectures,Skin::Inflammatory::Vasculitis::Cryoglobulinemic_Vasculitis,1
lectures,Skin::Inflammatory::Vasculitis::Erythema_Elevatum_Diutinum,5
lectures,Skin::Inflammatory::Vasculitis::Giant_Cell_Arteritis_Temporal,6
lectures,Skin::Inflammatory::Vasculitis::Henoch_Schonlein_Purpura_IgA_Vasculitis,4
lectures,Skin::Inflammatory::Vasculitis::Leukocytoclastic_Vasculitis_LCV,18
lectures,Skin::Inflammatory::Vasculitis::Livedoid_Vasculopathy_Atrophie_Blanche,4
lectures,Skin::Inflammatory::Vasculitis::Lymphocytic_Vasculitis,4
lectures,Skin::Inflammatory::Vasculitis::Pernio_Chilblains,3
lectures,Skin::Inflammatory::Vasculitis::Pigmented_Purpuric_Dermatosis_Capillaritis,3
lectures,Skin::Inflammatory::Vasculitis::Polyarteritis_Nodosa,5
lectures,Skin::Inflammatory::Vasculitis::Septic_Vasculitis,2
lectures,Skin::Inflammatory::Vasculitis::Thrombotic_Vasculopathy,3
lectures,Skin::Inflammatory::Vasculitis::Urticaria_Hives,3
lectures,Skin::Inflammatory::Vasculitis::Urticarial_Vasculitis,3
lectures,Skin::Inflammatory::Vasculitis::Vasculitis_Overview_NOS,75
lectures,Skin::Inflammatory::Vasculitis::Wegener_Granulomatosis_GPA,3
lectures,Skin::Lectures::Derm_Lecture_13_pigment_disorders::10_Tattoo_and_reactions_to_tattoo,1
lectures,Skin::Lectures::Derm_Lecture_13_pigment_disorders::6_Hemochromatosis,1
lectures,Skin::Lectures::Derm_Lecture_13_pigment_disorders::9_Ochronosis,1
lectures,Skin::Lectures::Derm_Lecture_13_pigment_disorders::Benign_Cystic_Neck_Mass_Case_01,2
lectures,Skin::Lectures::Derm_Lecture_13_pigment_disorders::Disorders_of_Pigmentation,1
lectures,Skin::Lectures::Derm_Lecture_13_pigment_disorders::Fontana_Masson,1
lectures,Skin::Lectures::Derm_Lecture_13_pigment_disorders::Fontana_Masson_and_Pearl,1
lectures,Skin::Lectures::Derm_Lecture_13_pigment_disorders::Fontana_masson,1
lectures,Skin::Lectures::Derm_Lecture_13_pigment_disorders::H_and_E_and_Electron_Microscopy_Findings_in_a_Hypopigmentary_Condition,1
lectures,Skin::Lectures::Derm_Lecture_13_pigment_disorders::Histological_Analysis_of_Hyperpigmentation,1
lectures,Skin::Lectures::Derm_Lecture_13_pigment_disorders::Histological_and_Ultrastructural_Analysis_of_Hypopigmentation,1
lectures,Skin::Lectures::Derm_Lecture_13_pigment_disorders::Histology,2
lectures,Skin::Lectures::Derm_Lecture_13_pigment_disorders::Histopathology_of_Dense_Cellular_Infiltrate_with_Pigment_Deposition,1
lectures,Skin::Lectures::Derm_Lecture_13_pigment_disorders::Hypothesis_Pathogenesis_of_EO_Exogenous_Ochronosis,1
lectures,Skin::Lectures::Derm_Lecture_13_pigment_disorders::Let_s_Recap,1
lectures,Skin::Lectures::Derm_Lecture_13_pigment_disorders::Melanophages,1
lectures,Skin::Lectures::Derm_Lecture_13_pigment_disorders::Nevus_Depigmentosus,1
lectures,Skin::Lectures::Derm_Lecture_13_pigment_disorders::Patterns_of_Hypopigmentation,1
lectures,Skin::Lectures::Derm_Lecture_13_pigment_disorders::Pearl,1
lectures,Skin::Lectures::Derm_Lecture_13_pigment_disorders::Pigmentary_Incontinence_in_Skin_Histology,1
lectures,Skin::Lectures::Derm_Lecture_13_pigment_disorders::QUESTIONS,1
lectures,Skin::Lectures::Derm_Lecture_13_pigment_disorders::Sage_4_Hypopigmented,1
lectures,Skin::Lectures::Derm_Lecture_13_pigment_disorders::Stage_2_Verrucous,2
lectures,Skin::Lectures::Derm_Lecture_13_pigment_disorders::Stage_3_Hyperpigmented,1
lectures,Skin::Lectures::Derm_Lecture_13_pigment_disorders::Stages_of_melanosomes,1
lectures,Skin::Lectures::Derm_Lecture_17_intro_to_dermpath::2023_2024_Slide_review,1
lectures,Skin::Lectures::Derm_Lecture_17_intro_to_dermpath::2023_24_Dermpath_Teaching_Schedule,2
lectures,Skin::Lectures::Derm_Lecture_17_intro_to_dermpath::Benign_Cystic_Neck_Mass_Case_01,1
lectures,Skin::Lectures::Derm_Lecture_17_intro_to_dermpath::Boot_camp_for_1st_years,1
lectures,Skin::Lectures::Derm_Lecture_17_intro_to_dermpath::Inflammatory_Skin_Diseases,1
lectures,Skin::Lectures::Derm_Lecture_17_intro_to_dermpath::Misc,1
lectures,Skin::Lectures::Derm_Lecture_17_intro_to_dermpath::Month_long_dermpath_rotation_year,1
lectures,Skin::Lectures::Derm_Lecture_17_intro_to_dermpath::Other_perks,1
lectures,Skin::Lectures::Derm_Lecture_17_intro_to_dermpath::Subepidermal_Vesicular_Dermatitis,1
lectures,Skin::Lectures::Derm_Lecture_17_intro_to_dermpath::Superficial_and_Deep_Perivascular_Dermatitis,1
lectures,Skin::Lectures::Derm_Lecture_17_intro_to_dermpath::Unknowns,1
lectures,Skin::Lectures::Derm_Lecture_17_intro_to_dermpath::Virtual_Meeting,1
lectures,Skin::Lectures::Derm_Lecture_17_intro_to_dermpath::Virtual_Meeting_Participants,3
lectures,Skin::Lectures::Derm_Lecture_17_intro_to_dermpath::Virtual_Team_Meeting,1
lectures,Skin::Lectures::Derm_Lecture_17_intro_to_dermpath::Weekly_core_exam_preparation_Tuesdays_7_30,5
lectures,Skin::Lectures::Derm_Lecture_17_intro_to_dermpath::Weekly_morning_lecture_Tuesdays_8_9_am,2
lectures,Skin::Lectures::Derm_Lecture_17_intro_to_dermpath::Welcome_to_Dermatopathology,1
lectures,Skin::Lectures::Derm_Lecture_17_intro_to_dermpath::Welcome_to_dermatopathology,1
lectures,Skin::Lectures::Derm_Lecture_17_intro_to_dermpath::Your_dermatopathology_education,9
lectures,Skin::Lectures::Derm_Lecture_17_intro_to_dermpath::Your_teachers_and_administrative_support,3
lectures,Skin::Lectures::Derm_Lecture_20_margins_and_levels::Blank_Slide,1
lectures,Skin::Lectures::Derm_Lecture_20_margins_and_levels::Error_Text_Step_Exception,1
lectures,Skin::Lectures::Derm_Lecture_20_margins_and_levels::Levels,2
lectures,Skin::Lectures::Derm_Lecture_20_margins_and_levels::Margins_and_Levels,1
lectures,Skin::Lectures::Derm_Lecture_20_margins_and_levels::Margins_and_Levels_II,10
lectures,Skin::Lectures::Derm_Lecture_20_margins_and_levels::Margins_and_Levels_II_pptx,2
lectures,Skin::Lectures::Derm_Lecture_20_margins_and_levels::Margins_and_Levels_in_Surgical_Pathology,1
lectures,Skin::Lectures::Derm_Lecture_20_margins_and_levels::Remember,2
lectures,Skin::Lectures::Derm_Lecture_20_margins_and_levels::SP_and_D,1
lectures,Skin::Lectures::Derm_Lecture_20_margins_and_levels::Slide_preparation_and_the_diagnostic_workflow,1
lectures,Skin::Lectures::Derm_Lecture_20_margins_and_levels::Specimen_types_and_their_appropriate_use_in_dermatopathology,1
lectures,Skin::Lectures::Derm_Lecture_20_margins_and_levels::Surgical_Pathology,1
lectures,Skin::Lectures::Derm_Lecture_20_margins_and_levels::Surgical_pathology,1
lectures,Skin::Lectures::Derm_Lecture_28_oral::17_yo_female_primary_herpes,1
lectures,Skin::Lectures::Derm_Lecture_28_oral::Acute_oral_ulceration_secondary_to_trauma_food_burns,1
lectures,Skin::Lectures::Derm_Lecture_28_oral::Analysis_of_Mucosa_Specimen_Curling,1
lectures,Skin::Lectures::Derm_Lecture_28_oral::Anatomy_of_the_Mouth,1
lectures,Skin::Lectures::Derm_Lecture_28_oral::Anatomy_of_the_Oral_Cavity,1
lectures,Skin::Lectures::Derm_Lecture_28_oral::Aphthous_ulceration_non_keratinized_mucosa_single_or_multiple_short_lasting_shal,1
lectures,Skin::Lectures::Derm_Lecture_28_oral::Association_of_Number_of_Lifetime_Sexual_Partners_With_Prevalent_Oral_HPV_Infect,1
lectures,Skin::Lectures::Derm_Lecture_28_oral::Benign_Cystic_Neck_Mass_Case_01,1
lectures,Skin::Lectures::Derm_Lecture_28_oral::Cancers_Involving_the_Floor_of_Mouth,1
lectures,Skin::Lectures::Derm_Lecture_28_oral::Clinical_Presentation_of_Poor_Oral_Hygiene_and_Oral_Lesions,1
lectures,Skin::Lectures::Derm_Lecture_28_oral::Demonstration_of_an_Oral_Punch_Biopsy_Technique,1
lectures,Skin::Lectures::Derm_Lecture_28_oral::Dental_Trays_for_Effective_Treatment,1
lectures,Skin::Lectures::Derm_Lecture_28_oral::Herpes_keratitis,1
lectures,Skin::Lectures::Derm_Lecture_28_oral::Intralesional_Injection_for_an_Oral_Lesion,1
lectures,Skin::Lectures::Derm_Lecture_28_oral::Intralesional_steroid_injections,1
lectures,Skin::Lectures::Derm_Lecture_28_oral::Major_aphthous_ulceration_stomatitis,1
lectures,Skin::Lectures::Derm_Lecture_28_oral::Michael_Douglas_Shocker_Sex_Gave_Me_Cancer,1
lectures,Skin::Lectures::Derm_Lecture_28_oral::ORAL_PATHOLOGY_FOR_DERMATOLOGISTS_PARTS_1_and_2,2
lectures,Skin::Lectures::Derm_Lecture_28_oral::Oral_Cancer_Etiology,1
lectures,Skin::Lectures::Derm_Lecture_28_oral::Oral_cancer_As_we_have_known_it,1
lectures,Skin::Lectures::Derm_Lecture_28_oral::Oral_cancer_presents_in_one_of_4_ways,1
lectures,Skin::Lectures::Derm_Lecture_28_oral::Patient_with_a_Cheek_Lesion_Treated_with_Kenalog_40_Injection,1
lectures,Skin::Lectures::Derm_Lecture_28_oral::Rate_per_100_000_population,1
lectures,Skin::Lectures::Derm_Lecture_28_oral::Recurrent_minor_aphthous_ulceration_stomatitis,1
lectures,Skin::Lectures::Derm_Lecture_28_oral::Secondary_herpes,2
lectures,Skin::Lectures::Derm_Lecture_28_oral::Syphilitic_Chancres_of_the_Lips,1
lectures,Skin::Lectures::Derm_Lecture_28_oral::TB_Caseating_granulomas_containing_Langhans_giant_cells_arrow,1
lectures,Skin::Lectures::Derm_Lecture_28_oral::Teeth_Numbering_System_in_the_United_States,1
lectures,Skin::Lectures::Derm_Lecture_28_oral::The_flange_of_the_tray_has_to_cover_the_gingiva_completely,1
lectures,Skin::Lectures::Derm_Lecture_28_oral::Title_Unknown,1
lectures,Skin::Lectures::Derm_Lecture_28_oral::Two_types_of_oral_cancer,2
lectures,Skin::Lectures::Derm_Lecture_28_oral::Use_of_Silver_Nitrates_for_Hemostasis_after_a_Punch_Biopsy,1
lectures,Skin::Lectures::Derm_Lecture_28_oral::Using_a_Fite_stain_to_show_Mycobacteria_in_tissue_section,1
lectures,Skin::Lectures::Derm_Lecture_28_oral::Various_Forms_of_Tongue_Lesions,1
lectures,Skin::Lectures::Derm_Lecture_28_oral::Video_Conference_Call_with_Multiple_Participants,1
lectures,Skin::Lectures::Derm_Lecture_28_oral::Video_Conference_Participants,1
lectures,Skin::Lectures::Derm_Lecture_28_oral::Virtual_Meeting_Participants,1
lectures,Skin::Lectures::Derm_Lecture_28_oral::Wet_fingered_dentistry,1
lectures,Skin::Lectures::Derm_Lecture_28_oral::Who_you_gonna_call,1
lectures,Skin::Lectures::Derm_Lecture_30_miscellaneous::A_practical_approach_to_malignant_adnexal_neoplasms,1
lectures,Skin::Lectures::Derm_Lecture_30_miscellaneous::Analysis_of_Immunohistochemical_Marker_Expression_from_Multiple_Studies,1
lectures,Skin::Lectures::Derm_Lecture_30_miscellaneous::Benign_Cystic_Neck_Mass_Case_01,124
lectures,Skin::Lectures::Derm_Lecture_30_miscellaneous::Breast_Metastasis_Lobular_Carcinoma,1
lectures,Skin::Lectures::Derm_Lecture_30_miscellaneous::Breast_metastasis,1
lectures,Skin::Lectures::Derm_Lecture_30_miscellaneous::Breast_metastasis_ductal_carcinoma,2
lectures,Skin::Lectures::Derm_Lecture_30_miscellaneous::Breast_metastasis_lobular,1
lectures,Skin::Lectures::Derm_Lecture_30_miscellaneous::Case_example,1
lectures,Skin::Lectures::Derm_Lecture_30_miscellaneous::Comparison_of_CD10_and_p53_Immunohistochemistry_Stains,1
lectures,Skin::Lectures::Derm_Lecture_30_miscellaneous::Comparison_of_Cam5_2_and_CK20_Immunohistochemical_Staining,1
lectures,Skin::Lectures::Derm_Lecture_30_miscellaneous::Comparison_of_Cribriform_and_Solid_Histological_Patterns,1
lectures,Skin::Lectures::Derm_Lecture_30_miscellaneous::Comparison_of_Cribriform_and_Tubular_Histological_Patterns,1
lectures,Skin::Lectures::Derm_Lecture_30_miscellaneous::Conflict_of_interest,1
lectures,Skin::Lectures::Derm_Lecture_30_miscellaneous::High_Grade_Neuroendocrine_Carcinoma_Small_Cell_Type,1
lectures,Skin::Lectures::Derm_Lecture_30_miscellaneous::High_Grade_Pleomorphic_Sarcoma_with_Surface_Ulceration,1
lectures,Skin::Lectures::Derm_Lecture_30_miscellaneous::High_Power_View_of_a_Pleomorphic_Cellular_Neoplasm,1
lectures,Skin::Lectures::Derm_Lecture_30_miscellaneous::Histology_of_a_Poorly_Differentiated_Malignant_Neoplasm_with_a_Brisk_Lymphocytic,1
lectures,Skin::Lectures::Derm_Lecture_30_miscellaneous::Histopathology_Showing_Cribriform_Architecture_and_Basophilic_Matrix,1
lectures,Skin::Lectures::Derm_Lecture_30_miscellaneous::Histopathology_of_Infiltrating_Small_Glands,1
lectures,Skin::Lectures::Derm_Lecture_30_miscellaneous::Histopathology_of_Perineural_Invasion_by_a_Malignant_Neoplasm,1
lectures,Skin::Lectures::Derm_Lecture_30_miscellaneous::Histopathology_of_a_Small_Cell_Carcinoma,1
lectures,Skin::Lectures::Derm_Lecture_30_miscellaneous::Immunohistochemical_Staining_for_CD45_LCA_and_TTF_1,1
lectures,Skin::Lectures::Derm_Lecture_30_miscellaneous::Immunohistochemical_Staining_for_Neuroendocrine_Markers_CHG_and_Synaptophysin,1
lectures,Skin::Lectures::Derm_Lecture_30_miscellaneous::Immunohistochemistry_Panel,1
lectures,Skin::Lectures::Derm_Lecture_30_miscellaneous::Immunohistochemistry_Panel_for_a_Skin_Lesion,1
lectures,Skin::Lectures::Derm_Lecture_30_miscellaneous::Keratin_cysts,1
lectures,Skin::Lectures::Derm_Lecture_30_miscellaneous::Literature_Summary_of_CK20_TTF_1_and_NF_Expression,1
lectures,Skin::Lectures::Derm_Lecture_30_miscellaneous::Lung_metastasis_Adenocarcinoma,1
lectures,Skin::Lectures::Derm_Lecture_30_miscellaneous::Metastatic_colorectal_adenocarcinoma,2
lectures,Skin::Lectures::Derm_Lecture_30_miscellaneous::Michael_Tetzlaff_UCSF,1
lectures,Skin::Lectures::Derm_Lecture_30_miscellaneous::Small_Cell_Carcinoma,1
lectures,Skin::Lectures::Derm_Lecture_30_miscellaneous::Video_Conference,1
lectures,Skin::Lectures::Derm_Lecture_33_subepidermal_vesicular_dermatitis::Ackerman,1
lectures,Skin::Lectures::Derm_Lecture_33_subepidermal_vesicular_dermatitis::Adverse_Cutaneous_Reactions_to_Cupping_Therapy,1
lectures,Skin::Lectures::Derm_Lecture_33_subepidermal_vesicular_dermatitis::Benign_Cystic_Neck_Mass_Case_01,10
lectures,Skin::Lectures::Derm_Lecture_33_subepidermal_vesicular_dermatitis::COMPONENTS_OF_EPIDERMAL_BASEMENT_MEMBRANE,1
lectures,Skin::Lectures::Derm_Lecture_33_subepidermal_vesicular_dermatitis::Clinical_Case_Infant_with_Bullae_and_Erosions,1
lectures,Skin::Lectures::Derm_Lecture_33_subepidermal_vesicular_dermatitis::Clinical_Image_of_Bullous_Skin_Lesions_on_Legs,1
lectures,Skin::Lectures::Derm_Lecture_33_subepidermal_vesicular_dermatitis::Clinical_Image_of_Periareolar_Blisters,1
lectures,Skin::Lectures::Derm_Lecture_33_subepidermal_vesicular_dermatitis::Clinical_Image_of_Perioral_Dermatitis_and_Cheilitis,1
lectures,Skin::Lectures::Derm_Lecture_33_subepidermal_vesicular_dermatitis::Clinical_Image_of_a_Finger,1
lectures,Skin::Lectures::Derm_Lecture_33_subepidermal_vesicular_dermatitis::Clinical_Images_of_Skin_Lesions_on_Hands_and_Feet,1
lectures,Skin::Lectures::Derm_Lecture_33_subepidermal_vesicular_dermatitis::Clinical_Presentation_of_Skin_Lesions_on_the_Dorsal_Hand,1
lectures,Skin::Lectures::Derm_Lecture_33_subepidermal_vesicular_dermatitis::Clinical_Presentation_of_a_Pediatric_Rash_on_the_Abdomen_and_Thighs,1
lectures,Skin::Lectures::Derm_Lecture_33_subepidermal_vesicular_dermatitis::Clinical_Presentation_of_a_Skin_Rash,1
lectures,Skin::Lectures::Derm_Lecture_33_subepidermal_vesicular_dermatitis::Clinical_Presentation_of_a_Skin_Rash_during_a_Video_Conference,1
lectures,Skin::Lectures::Derm_Lecture_33_subepidermal_vesicular_dermatitis::Dermatological_Case_Presentation_via_Teleconference,1
lectures,Skin::Lectures::Derm_Lecture_33_subepidermal_vesicular_dermatitis::Dermatopathology_of_an_Inflammatory_Skin_Condition,1
lectures,Skin::Lectures::Derm_Lecture_33_subepidermal_vesicular_dermatitis::Histopathology_of_Dermal_Vasculature,1
lectures,Skin::Lectures::Derm_Lecture_33_subepidermal_vesicular_dermatitis::Histopathology_of_Skin_Biopsy_Findings,1
lectures,Skin::Lectures::Derm_Lecture_33_subepidermal_vesicular_dermatitis::Histopathology_of_a_Skin_Biopsy_with_Dense_Dermal_Infiltrate,1
lectures,Skin::Lectures::Derm_Lecture_33_subepidermal_vesicular_dermatitis::Histopathology_of_a_Subepidermal_Blister,2
lectures,Skin::Lectures::Derm_Lecture_33_subepidermal_vesicular_dermatitis::Histopathology_of_a_Subepidermal_Blistering_Disease,1
lectures,Skin::Lectures::Derm_Lecture_33_subepidermal_vesicular_dermatitis::Image_of_a_Pediatric_Patient_in_Intensive_Care,1
lectures,Skin::Lectures::Derm_Lecture_33_subepidermal_vesicular_dermatitis::Image_of_a_Rash_on_a_Palm_during_a_Video_Conference,1
lectures,Skin::Lectures::Derm_Lecture_33_subepidermal_vesicular_dermatitis::Immunofluorescence_Micrograph_of_Tissue,1
lectures,Skin::Lectures::Derm_Lecture_33_subepidermal_vesicular_dermatitis::Micrograph_of_Skin_Tissue_in_a_Virtual_Presentation,1
lectures,Skin::Lectures::Derm_Lecture_33_subepidermal_vesicular_dermatitis::Microscopic_View_of_Tissue_Sample_in_a_Virtual_Presentation,1
lectures,Skin::Lectures::Derm_Lecture_33_subepidermal_vesicular_dermatitis::No_title_available,1
lectures,Skin::Lectures::Derm_Lecture_33_subepidermal_vesicular_dermatitis::Skin_Histopathology,1
lectures,Skin::Lectures::Derm_Lecture_33_subepidermal_vesicular_dermatitis::Subepidermal_Vesicular_Dermatitis,1
lectures,Skin::Lectures::Derm_Lecture_33_subepidermal_vesicular_dermatitis::System_Information_for_PATH_24C57P2_DT,1
lectures,Skin::Lectures::Derm_Lecture_33_subepidermal_vesicular_dermatitis::The_Resilient_Spirit_of_Children,1
lectures,Skin::Lectures::Derm_Lecture_33_subepidermal_vesicular_dermatitis::Title_Unknown,1
lectures,Skin::Lectures::Derm_Lecture_33_subepidermal_vesicular_dermatitis::Vesicular_Dermatitis_Part_2,1
lectures,Skin::Lectures::Derm_Lecture_33_subepidermal_vesicular_dermatitis::Video_Conference_Call,1
lectures,Skin::Lectures::Derm_Lecture_33_subepidermal_vesicular_dermatitis::Virtual_Meeting_Participants,2
lectures,Skin::Lectures::Derm_Lecture_35_vascular2::Aisling_Storey,1
lectures,Skin::Lectures::Derm_Lecture_35_vascular2::Benign_Cystic_Neck_Mass_Case_01,1
lectures,Skin::Lectures::Derm_Lecture_35_vascular2::Blister_cells,2
lectures,Skin::Lectures::Derm_Lecture_35_vascular2::Histology_Micrograph_Dense_Cellular_Infiltrate_with_Eosinophils_and_Pleomorphic,1
lectures,Skin::Lectures::Derm_Lecture_35_vascular2::Histology_of_Malignant_Epithelioid_Cells_Morphology_and_Differential_Diagnosis,1
lectures,Skin::Lectures::Derm_Lecture_35_vascular2::Histology_of_a_Nodular_Skin_Lesion,1
lectures,Skin::Lectures::Derm_Lecture_35_vascular2::Histopathology_Slide,1
lectures,Skin::Lectures::Derm_Lecture_35_vascular2::Histopathology_Slide_Image,1
lectures,Skin::Lectures::Derm_Lecture_35_vascular2::Histopathology_Slide_Presentation,1
lectures,Skin::Lectures::Derm_Lecture_35_vascular2::Histopathology_of_Cellular_Infiltrate_with_Prominent_Eosinophils,1
lectures,Skin::Lectures::Derm_Lecture_35_vascular2::Histopathology_of_a_Highly_Vascular_Spindle_Cell_Neoplasm,1
lectures,Skin::Lectures::Derm_Lecture_35_vascular2::Histopathology_of_a_Highly_Vascular_and_Cellular_Lesion,1
lectures,Skin::Lectures::Derm_Lecture_35_vascular2::Histopathology_of_a_Signet_Ring_Cell,1
lectures,Skin::Lectures::Derm_Lecture_35_vascular2::Histopathology_of_a_Subepidermal_Blistering_Disease,1
lectures,Skin::Lectures::Derm_Lecture_35_vascular2::Immunohistochemistry_Analysis_of_a_Cellular_Lesion,1
lectures,Skin::Lectures::Derm_Lecture_35_vascular2::Lignin_Vascular_Neoplasms,1
lectures,Skin::Lectures::Derm_Lecture_35_vascular2::Micrograph_of_Inflammatory_Cellular_Infiltrate_H_and_E_Stain,1
lectures,Skin::Lectures::Derm_Lecture_35_vascular2::Microscopic_Image_of_Tissue_Sample,1
lectures,Skin::Lectures::Derm_Lecture_35_vascular2::No_discernible_title,1
lectures,Skin::Lectures::Derm_Lecture_35_vascular2::Plasma_cells,1
lectures,Skin::Lectures::Derm_Lecture_35_vascular2::Title_not_visible,1
lectures,Skin::Lectures::Derm_Lecture_35_vascular2::Untitled_Slide_with_Histology_Micrograph,1
lectures,Skin::Lectures::Derm_Lecture_35_vascular2::Vascular_Neoplasms_II,1
lectures,Skin::Lectures::Derm_Lecture_35_vascular2::Video_Conference_Call,1
lectures,Skin::Lectures::Derm_Lecture_35_vascular2::Video_Conference_Call_Participants,1
lectures,Skin::Lectures::Derm_Lecture_35_vascular2::Video_Conference_Participants,1
lectures,Skin::Lectures::Derm_Lecture_35_vascular2::Virtual_Meeting_Participants,2
lectures,Skin::Lectures::Derm_Lecture_37_vascular1::Anatomy_of_the_Renal_Glomerulus,1
lectures,Skin::Lectures::Derm_Lecture_37_vascular1::Benign_Cystic_Neck_Mass_Case_01,5
lectures,Skin::Lectures::Derm_Lecture_37_vascular1::Classes_of_vasculature,1
lectures,Skin::Lectures::Derm_Lecture_37_vascular1::Clinical_Image_of_a_Skin_Condition,1
lectures,Skin::Lectures::Derm_Lecture_37_vascular1::Clinical_Image_of_a_Skin_Lesion_on_a_Hand,1
lectures,Skin::Lectures::Derm_Lecture_37_vascular1::Clinical_Photograph_of_a_Lesion_on_the_Lower_Lip,1
lectures,Skin::Lectures::Derm_Lecture_37_vascular1::Clinical_Presentation_of_Multiple_Cutaneous_Nodules,1
lectures,Skin::Lectures::Derm_Lecture_37_vascular1::Comparison_of_Artery_Vein_and_Capillary_Structures,1
lectures,Skin::Lectures::Derm_Lecture_37_vascular1::Dermatological_Condition_of_a_Foot_Presented_in_a_Video_Conference,1
lectures,Skin::Lectures::Derm_Lecture_37_vascular1::Hemorrhagic_Bulla_Histology,1
lectures,Skin::Lectures::Derm_Lecture_37_vascular1::High_Power_View_of_a_Malignant_Neoplasm,1
lectures,Skin::Lectures::Derm_Lecture_37_vascular1::Histology_Slide_Shared_During_a_Virtual_Meeting,1
lectures,Skin::Lectures::Derm_Lecture_37_vascular1::Histology_of_Human_Skin,1
lectures,Skin::Lectures::Derm_Lecture_37_vascular1::Histology_of_a_Lymphatic_Vessel,1
lectures,Skin::Lectures::Derm_Lecture_37_vascular1::Histology_of_a_Nodular_Skin_Lesion,1
lectures,Skin::Lectures::Derm_Lecture_37_vascular1::Histology_of_a_Renal_Glomerulus,1
lectures,Skin::Lectures::Derm_Lecture_37_vascular1::Histology_of_a_Well_Circumscribed_Pigmented_Nodule,1
lectures,Skin::Lectures::Derm_Lecture_37_vascular1::Histopathology_Image_of_a_Tissue_Section,1
lectures,Skin::Lectures::Derm_Lecture_37_vascular1::Histopathology_Slide_Presented_in_a_Virtual_Meeting,1
lectures,Skin::Lectures::Derm_Lecture_37_vascular1::Histopathology_Slide_of_Placental_Tissue_in_a_Virtual_Presentation,1
lectures,Skin::Lectures::Derm_Lecture_37_vascular1::Histopathology_Slide_of_a_Skin_Lesion,1
lectures,Skin::Lectures::Derm_Lecture_37_vascular1::Histopathology_of_Cellular_Fibrous_Tissue,1
lectures,Skin::Lectures::Derm_Lecture_37_vascular1::Histopathology_of_Hydropic_Chorionic_Villi_Suggestive_of_Molar_Pregnancy,1
lectures,Skin::Lectures::Derm_Lecture_37_vascular1::Histopathology_of_Lung_Tissue,1
lectures,Skin::Lectures::Derm_Lecture_37_vascular1::Histopathology_of_a_Dermal_Neoplasm,1
lectures,Skin::Lectures::Derm_Lecture_37_vascular1::Histopathology_of_a_Glandular_Neoplasm,1
lectures,Skin::Lectures::Derm_Lecture_37_vascular1::Histopathology_of_a_High_Grade_Pleomorphic_Malignancy,1
lectures,Skin::Lectures::Derm_Lecture_37_vascular1::Histopathology_of_a_Malignant_Tumor_with_Dense_Inflammatory_Infiltrate,1
lectures,Skin::Lectures::Derm_Lecture_37_vascular1::Histopathology_of_a_Skin_Lesion,1
lectures,Skin::Lectures::Derm_Lecture_37_vascular1::Histopathology_of_a_Skin_Lesion_in_a_Virtual_Presentation,1
lectures,Skin::Lectures::Derm_Lecture_37_vascular1::Histopathology_of_a_Subepidermal_Blistering_Disease,1
lectures,Skin::Lectures::Derm_Lecture_37_vascular1::Histopathology_of_a_Subepidermal_Hemorrhagic_Lesion,1
lectures,Skin::Lectures::Derm_Lecture_37_vascular1::Histopathology_of_a_Thrombosed_Dermal_Vessel,1
lectures,Skin::Lectures::Derm_Lecture_37_vascular1::Histopathology_of_an_Invasive_Carcinoma,1
lectures,Skin::Lectures::Derm_Lecture_37_vascular1::Image_of_a_Skin_Condition_with_Multiple_Red_Lesions,1
lectures,Skin::Lectures::Derm_Lecture_37_vascular1::Image_of_a_Skin_Lesion,1
lectures,Skin::Lectures::Derm_Lecture_37_vascular1::Immunohistochemistry,1
lectures,Skin::Lectures::Derm_Lecture_37_vascular1::Infiltrating_Carcinoma_with_Desmoplastic_Stroma,1
lectures,Skin::Lectures::Derm_Lecture_37_vascular1::Low_Magnification_Histopathology_of_a_Polypoid_Lesion,1
lectures,Skin::Lectures::Derm_Lecture_37_vascular1::Low_Power_Histology_of_a_Large_Dermal_Based_Cellular_Neoplasm,1
lectures,Skin::Lectures::Derm_Lecture_37_vascular1::No_Title,1
lectures,Skin::Lectures::Derm_Lecture_37_vascular1::Osteosarcoma,1
lectures,Skin::Lectures::Derm_Lecture_37_vascular1::PAS,1
lectures,Skin::Lectures::Derm_Lecture_37_vascular1::Sinusoidal,1
lectures,Skin::Lectures::gcs_gs_pathology_hub_02_normalized_lectures_lecture_chunks::Benign_Cystic_Neck_Mass_Case_01,1
lectures,Skin::Neoplastic::Adnexal::Adnexal_Neoplasm_Overview_NOS,42
lectures,Skin::Neoplastic::Adnexal::Eccrine::Adenoid_Cystic_Carcinoma_Cutaneous,10
lectures,Skin::Neoplastic::Adnexal::Eccrine::Cylindroma,1
lectures,Skin::Neoplastic::Adnexal::Eccrine::Digital_Papillary_Adenocarcinoma,21
lectures,Skin::Neoplastic::Adnexal::Eccrine::Endocrine_Mucin_Producing_Sweat_Gland_Carcinoma,25
lectures,Skin::Neoplastic::Adnexal::Eccrine::Hidradenocarcinoma,29
lectures,Skin::Neoplastic::Adnexal::Eccrine::Microcystic_Adnexal_Carcinoma,10
lectures,Skin::Neoplastic::Adnexal::Eccrine::Porocarcinoma,12
lectures,Skin::Neoplastic::Adnexal::Eccrine::Secretory_Carcinoma,1
lectures,Skin::Neoplastic::Adnexal::Follicular::Pilomatrical_Carcinoma,1
lectures,Skin::Neoplastic::Adnexal::Follicular::Pilomatricoma,2
lectures,Skin::Neoplastic::Adnexal::Nail::Lentigo_,1
lectures,Skin::Neoplastic::Adnexal::Paget::Extramammary_Paget_Disease,21
lectures,Skin::Neoplastic::Adnexal::Sebaceous::Sebaceoma,3
lectures,Skin::Neoplastic::Adnexal::Sebaceous::Sebaceous_Adenoma,1
lectures,Skin::Neoplastic::Adnexal::Sebaceous::Sebaceous_Carcinoma,2
lectures,Skin::Neoplastic::Epidermal::Benign::Inflammatory_Linear_Verrucous_Epidermal_Nevus,6
lectures,Skin::Neoplastic::Epidermal::Benign::Seborrheic_Keratosis_NOS,2
lectures,Skin::Neoplastic::Epidermal::Malignant::Basal_Cell_Carcinoma_Nodular,2
lectures,Skin::Neoplastic::Epidermal::Malignant::Basal_Cell_Carcinoma_Overview_NOS,17
lectures,Skin::Neoplastic::Epidermal::Malignant::Keratoacanthoma,3
lectures,Skin::Neoplastic::Epidermal::Malignant::Squamous_Cell_Carcinoma_Invasive_NOS,37
lectures,Skin::Neoplastic::Epidermal::Malignant::Squamous_Cell_Carcinoma_Spindle_Cell,1
lectures,Skin::Neoplastic::Epidermal::Malignant::Squamous_Cell_Carcinoma_Verrucous,4
lectures,Skin::Neoplastic::Epidermal::Precursor::Actinic_Keratosis_NOS,22
lectures,Skin::Neoplastic::Epidermal::Precursor::Bowen_Disease_SCC_In_Situ,14
lectures,Skin::Neoplastic::Epidermal::Precursor::Bowenoid_Papulosis,3
lectures,Skin::Neoplastic::Hematolymphoid::Congenital_Self_Healing_Reticulohistiocytosis,3
lectures,Skin::Neoplastic::Hematolymphoid::Cutaneous_Gamma_Delta_T_Cell_Lymphoma,7
lectures,Skin::Neoplastic::Hematolymphoid::Cutaneous_Lymphoma_Overview_NOS,84
lectures,Skin::Neoplastic::Hematolymphoid::Granulomatous_Slack_Skin,2
lectures,Skin::Neoplastic::Hematolymphoid::Indeterminate_Cell_Histiocytosis,3
lectures,Skin::Neoplastic::Hematolymphoid::Langerhans_Cell_Histiocytosis,17
lectures,Skin::Neoplastic::Hematolymphoid::Lymphomatoid_Papulosis,12
lectures,Skin::Neoplastic::Hematolymphoid::Mastocytosis_Urticaria_Pigmentosa,3
lectures,Skin::Neoplastic::Hematolymphoid::Mycosis_Fungoides,53
lectures,Skin::Neoplastic::Hematolymphoid::Pagetoid_Reticulosis,4
lectures,Skin::Neoplastic::Hematolymphoid::Primary_Cutaneous_Anaplastic_Large_Cell_Lymphoma,1
lectures,Skin::Neoplastic::Hematolymphoid::Primary_Cutaneous_CD4_Positive_Small_Medium_T_Cell_Lymphoproliferative_Disorder,5
lectures,Skin::Neoplastic::Hematolymphoid::Primary_Cutaneous_Follicle_Center_Lymphoma,3
lectures,Skin::Neoplastic::Hematolymphoid::Primary_Cutaneous_Marginal_Zone_Lymphoma,3
lectures,Skin::Neoplastic::Hematolymphoid::Pseudolymphoma_Cutaneous_Lymphoid_Hyperplasia,3
lectures,Skin::Neoplastic::Hematolymphoid::Rosai_Dorfman_Disease,2
lectures,Skin::Neoplastic::Hematolymphoid::Sezary_Syndrome,5
lectures,Skin::Neoplastic::Hematolymphoid::Subcutaneous_Panniculitis_Like_T_Cell_Lymphoma,13
lectures,Skin::Neoplastic::Melanocytic::Benign::Acral_Nevus,1
lectures,Skin::Neoplastic::Melanocytic::Benign::BAP1_Inactivated_Melanocytoma,10
lectures,Skin::Neoplastic::Melanocytic::Benign::Blue_Nevus_Cellular,2
lectures,Skin::Neoplastic::Melanocytic::Benign::Blue_Nevus_Common,3
lectures,Skin::Neoplastic::Melanocytic::Benign::Common_Acquired_Nevus_NOS,99
lectures,Skin::Neoplastic::Melanocytic::Benign::Congenital_Nevus,2
lectures,Skin::Neoplastic::Melanocytic::Benign::Deep_Penetrating_Nevus,6
lectures,Skin::Neoplastic::Melanocytic::Benign::Dermal_Melanocytoses_Overview,6
lectures,Skin::Neoplastic::Melanocytic::Benign::Desmoplastic_Spitz_Nevus,2
lectures,Skin::Neoplastic::Melanocytic::Benign::Dysplastic_Nevus,48
lectures,Skin::Neoplastic::Melanocytic::Benign::Halo_Nevus,1
lectures,Skin::Neoplastic::Melanocytic::Benign::Lentigo_Simplex,2
lectures,Skin::Neoplastic::Melanocytic::Benign::Melanotic_Macule_Labial_Oral,5
lectures,Skin::Neoplastic::Melanocytic::Benign::Nevus_of_Ota_Ito,1
lectures,Skin::Neoplastic::Melanocytic::Benign::Recurrent_Nevus_Pseudomelanoma,6
lectures,Skin::Neoplastic::Melanocytic::Benign::Solar_Lentigo,2
lectures,Skin::Neoplastic::Melanocytic::Benign::Special_Site_Nevus,3
lectures,Skin::Neoplastic::Melanocytic::Benign::Spitz_Nevus,7
lectures,Skin::Neoplastic::Melanocytic::Benign::Unna_Nevus,2
lectures,Skin::Neoplastic::Melanocytic::In_Situ::Melanoma_In_Situ_NOS,24
lectures,Skin::Neoplastic::Melanocytic::Malignant::Malignant_Melanoma,32
lectures,Skin::Neoplastic::Melanocytic::Malignant::Melanoma_Acral_Lentiginous,8
lectures,Skin::Neoplastic::Melanocytic::Malignant::Melanoma_Desmoplastic,10
lectures,Skin::Neoplastic::Melanocytic::Malignant::Melanoma_Invasive_Overview_NOS,189
lectures,Skin::Neoplastic::Melanocytic::Malignant::Melanoma_Nevoid,1
lectures,Skin::Neoplastic::Melanocytic::Malignant::Melanoma_Nodular,3
lectures,Skin::Neoplastic::Melanocytic::Malignant::Melanoma_Superficial_Spreading,1
lectures,Skin::Neoplastic::Melanocytic::Malignant::Metastatic_Melanoma,2
lectures,Skin::Neoplastic::Metastatic::Breast,1
lectures,Skin::Neoplastic::Metastatic::Metastatic_Carcinoma_Cutaneous_Overview,6
lectures,Skin::Neoplastic::Metastatic::Metastatic_Lung_Carcinoma,1
lectures,Skin::Neoplastic::Metastatic::Metastatic_Renal_Cell_Carcinoma,1
lectures,Skin::Neoplastic::Metastatic::Rete_Testis,1
lectures,Skin::Neoplastic::Soft_Tissue::Benign::Tenosynovial_Giant_Cell_Tumor,1
lectures,Skin::Neoplastic::Soft_Tissue::Fibrous::Angiofibroma_and_Related_Lesions,1
lectures,Skin::Neoplastic::Soft_Tissue::Fibrous::Atypical_Fibroxanthoma,8
lectures,Skin::Neoplastic::Soft_Tissue::Fibrous::Dermatofibroma_Benign_Fibrous_Histiocytoma,4
lectures,Skin::Neoplastic::Soft_Tissue::Fibrous::Dermatofibrosarcoma_Protuberans_DFSP,3
lectures,Skin::Neoplastic::Soft_Tissue::Fibrous::Pleomorphic_Dermal_Sarcoma,8
lectures,Skin::Neoplastic::Soft_Tissue::Neural::Granular_Cell_Tumor,2
lectures,Skin::Neoplastic::Soft_Tissue::Neural::Merkel_Cell_Carcinoma,52
lectures,Skin::Neoplastic::Soft_Tissue::Neural::Neurofibroma_Plexiform,1
lectures,Skin::Neoplastic::Soft_Tissue::Vascular::Acquired_Elastotic_Hemangioma,4
lectures,Skin::Neoplastic::Soft_Tissue::Vascular::Angiokeratoma,1
lectures,Skin::Neoplastic::Soft_Tissue::Vascular::Angiolymphoid_Hyperplasia_With_Eosinophilia,2
lectures,Skin::Neoplastic::Soft_Tissue::Vascular::Angiosarcoma_Cutaneous,16
lectures,Skin::Neoplastic::Soft_Tissue::Vascular::Atypical_Vascular_Lesion,1
lectures,Skin::Neoplastic::Soft_Tissue::Vascular::Cherry_Hemangioma,1
lectures,Skin::Neoplastic::Soft_Tissue::Vascular::Epithelioid_Hemangioendothelioma,5
lectures,Skin::Neoplastic::Soft_Tissue::Vascular::Glomeruloid_Hemangioma,1
lectures,Skin::Neoplastic::Soft_Tissue::Vascular::Glomus_Tumor,1
lectures,Skin::Neoplastic::Soft_Tissue::Vascular::Hobnail_Hemangioma,3
lectures,Skin::Neoplastic::Soft_Tissue::Vascular::Infantile_Juvenile_Hemangioma,4
lectures,Skin::Neoplastic::Soft_Tissue::Vascular::Intravascular_Papillary_Endothelial_Hyperplasia,3
lectures,Skin::Neoplastic::Soft_Tissue::Vascular::Kaposi_Sarcoma,15
lectures,Skin::Neoplastic::Soft_Tissue::Vascular::Kaposiform_Hemangioendothelioma,3
lectures,Skin::Neoplastic::Soft_Tissue::Vascular::Lobular_Capillary_Hemangioma_Pyogenic_Granuloma,5
lectures,Skin::Neoplastic::Soft_Tissue::Vascular::Lymphangioma_and_Superficial_Lymphangioma,5
lectures,Skin::Neoplastic::Soft_Tissue::Vascular::Malignant_Glomus_Tumor,2
lectures,Skin::Neoplastic::Soft_Tissue::Vascular::Microvenular_Hemangioma,3
lectures,Skin::Neoplastic::Soft_Tissue::Vascular::Retiform_Hemangioendothelioma,5
lectures,Skin::Neoplastic::Soft_Tissue::Vascular::Tufted_Angioma,1
lectures,Skin::Neoplastic::Soft_Tissue::Vascular::Unilateral_Nevoid_Telangiectasia,4
lectures,Skin::Neoplastic::Soft_Tissue::Vascular::Vascular_Malformations,3
lectures,Skin::Neoplastic::Soft_Tissue::Vascular::Venous_Lake,3
lectures,Skin::Normal_Histology::Adnexa::Nail_Unit,109
lectures,Skin::Normal_Histology::Dermis,9
lectures,Skin::Normal_Histology::Epidermis,14
lectures,Skin::Normal_Histology::Hair,79
lectures,Skin::Normal_Histology::Melanocyte,19
lectures,Skin::Normal_Histology::Nail,1
lectures,Skin::Normal_Histology::Overview,1
lectures,Skin::Soft_Tissue::Fibrous::Angiokeratoma,1
lectures,Skin::Soft_Tissue::Vascular::Acquired_Elastotic_Hemangioma,1
lectures,Skin::Soft_Tissue::Vascular::Cherry_Hemangioma,1
lectures,Skin::Soft_Tissue::Vascular::Glomus_Tumor,1
lectures,Skin::Soft_Tissue::Vascular::Tufted_Hemangioma,1
lectures,Skin::Traumatic::Talon_Noir,2
lectures,Skin::Traumatic::Traumatic_Overview_NOS,8
lectures,_UNMAPPED_,967
pathout,BST::Bone::Chondrogenic::Benign::Bizarre_Parosteal_Osteochondromatous_Proliferation,1
pathout,BST::Bone::Chondrogenic::Benign::Chondroblastoma,1
pathout,BST::Bone::Chondrogenic::Benign::Chondromyxoid_Fibroma,1
pathout,BST::Bone::Chondrogenic::Benign::Enchondroma,1
pathout,BST::Bone::Chondrogenic::Benign::Osteochondroma,1
pathout,BST::Bone::Chondrogenic::Benign::Osteochondromyxoma,1
pathout,BST::Bone::Chondrogenic::Benign::Periosteal_Chondroma,1
pathout,BST::Bone::Chondrogenic::Benign::Subungual_Exostosis,1
pathout,BST::Bone::Chondrogenic::Intermediate::Atypical_Cartilaginous_Tumor,1
pathout,BST::Bone::Chondrogenic::Malignant::Chondrosarcoma_Dedifferentiated,1
pathout,BST::Bone::Chondrogenic::Malignant::Chondrosarcoma_Mesenchymal,2
pathout,BST::Bone::Chondrogenic::Malignant::Chondrosarcoma_Periosteal,3
pathout,BST::Bone::Concept::Classification::WHO_Classification,1
pathout,BST::Bone::Concept::Grading::Grading,1
pathout,BST::Bone::Concept::Management_Workup::Fibrodysplasia_Ossificans_Progressiva,1
pathout,BST::Bone::Concept::Molecular_Genetics::Neurofibroma_General,1
pathout,BST::Bone::Concept::Molecular_Genetics::Osteogenesis_Imperfecta,1
pathout,BST::Bone::Concept::Other::Morel_Lavallee_Lesions,1
pathout,BST::Bone::Concept::Procedure_Specimen::Biopsy,1
pathout,BST::Bone::Concept::Reporting_Grossing::Grossing_Frozen_Section_And_Features_To_Report,1
pathout,BST::Bone::Concept::Reporting_Grossing::Infarct,1
pathout,BST::Bone::Concept::Staging::Staging,1
pathout,BST::Bone::Congenital_Structural::Cyst::Aneurysmal_Bone_Cyst,1
pathout,BST::Bone::Congenital_Structural::Cyst::Epidermoid_Inclusion_Cyst,1
pathout,BST::Bone::Congenital_Structural::Cyst::Simple_Bone_Cyst,2
pathout,BST::Bone::Congenital_Structural::Verrucous_Venous_Malformation,1
pathout,BST::Bone::Depositional_Metabolic::Deposition::Crystal_Deposition_Diseases,1
pathout,BST::Bone::Depositional_Metabolic::Metabolic::Brown_Tumor,1
pathout,BST::Bone::Depositional_Metabolic::Storage_Disease::Gaucher_Disease,1
pathout,BST::Bone::Fibrogenic::Benign::Desmoplastic_Fibroma,1
pathout,BST::Bone::Fibrogenic::Benign::Non_Ossifying_Fibroma,1
pathout,BST::Bone::Giant_Cell::Intermediate::Giant_Cell_Tumor_Of_Bone,2
pathout,BST::Bone::Hematolymphoid::Intermediate::Erdheim_Chester_Disease,1
pathout,BST::Bone::Hematolymphoid::Intermediate::Langerhans_Cell_Histiocytosis,1
pathout,BST::Bone::Infectious::Other_Infections,1
pathout,BST::Bone::Inflammatory::Osteochondritis_Dissecans,1
pathout,BST::Bone::Neoplastic::Benign::Subconjunctival_Herniated_Orbital_Fat,1
pathout,BST::Bone::Neoplastic::GLI1_Altered_Soft_Tissue_Tumors,1
pathout,BST::Bone::Neoplastic::Keratin_Positive_Giant_Cell_Rich_Tumor,1
pathout,BST::Bone::Neoplastic::Liposclerosing_Myxofibrous_Tumor,1
pathout,BST::Bone::Neoplastic::Lymphangioendothelioma,1
pathout,BST::Bone::Neoplastic::Malignant::Carcinosarcoma,1
pathout,BST::Bone::Neoplastic::Malignant::Gliosarcoma,1
pathout,BST::Bone::Neoplastic::Malignant::Hematoma,1
pathout,BST::Bone::Neoplastic::Malignant::Osteocartilaginous_Loose_Bodies,1
pathout,BST::Bone::Neoplastic::Malignant::Primary_Intracranial_Sarcoma_DICER1_Mutant,1
pathout,BST::Bone::Neoplastic::Malignant::Rhabdomyosarcoma_Orbit,1
pathout,BST::Bone::Neoplastic::Malignant::Staging_Orbital_Sarcoma,1
pathout,BST::Bone::Neoplastic::Malignant::Therapy_Related_B_ALL,1
pathout,BST::Bone::Neoplastic::Neuroma,1
pathout,BST::Bone::Neoplastic::Ossifying_Spindled_And_Epithelioid_Tumor_Oset,1
pathout,BST::Bone::Neoplastic::Perinephric_Myxoid_Pseudotumor_Of_Fat,1
pathout,BST::Bone::Neoplastic::Precursor::Mazabraud_Syndrome,1
pathout,BST::Bone::Neoplastic::Precursor::Skeletal_Dysplasias,1
pathout,BST::Bone::Neoplastic::Staging_GIST,1
pathout,BST::Bone::Neoplastic::Syndromes,1
pathout,BST::Bone::Neoplastic::WHO_Classification_Gi_Mesenchymal_Tumors,1
pathout,BST::Bone::Normal_Histology::Anatomy_Bone_And_Joints,1
pathout,BST::Bone::Normal_Histology::Bone_Formation_And_Growth,1
pathout,BST::Bone::Normal_Histology::Histology_Blood_Vessels,1
pathout,BST::Bone::Normal_Histology::Histology_Bone,1
pathout,BST::Bone::Normal_Histology::Histology_Fibrous_Tissue_And_Nerve,1
pathout,BST::Bone::Normal_Histology::Histology_Skeletal_Muscle,1
pathout,BST::Bone::Normal_Histology::Histology_Smooth_Muscle,1
pathout,BST::Bone::Notochordal::Benign::Benign_Notochordal_Cell_Tumor,1
pathout,BST::Bone::Notochordal::Malignant::Chordoma_Conventional,1
pathout,BST::Bone::Osteogenic::Benign::Bone_Island_Enostosis,1
pathout,BST::Bone::Osteogenic::Benign::Osteoblastoma,1
pathout,BST::Bone::Osteogenic::Benign::Osteoid_Osteoma,1
pathout,BST::Bone::Osteogenic::Benign::Osteoma,1
pathout,BST::Bone::Osteogenic::Malignant::Osteosarcoma_Conventional,1
pathout,BST::Bone::Osteogenic::Malignant::Osteosarcoma_High_Grade_Surface,1
pathout,BST::Bone::Osteogenic::Malignant::Osteosarcoma_Low_Grade_Central,1
pathout,BST::Bone::Osteogenic::Malignant::Osteosarcoma_Parosteal,1
pathout,BST::Bone::Osteogenic::Malignant::Osteosarcoma_Periosteal,1
pathout,BST::Bone::Osteogenic::Malignant::Osteosarcoma_Secondary,1
pathout,BST::Bone::Other::Benign::Fibrous_Dysplasia,1
pathout,BST::Bone::Other::Benign::Osteofibrous_Dysplasia,1
pathout,BST::Bone::Other::Intermediate::Adamantinoma_Classic,1
pathout,BST::Bone::Other::Malignant::Ewing_Sarcoma,2
pathout,BST::Bone::Other::Malignant::Undifferentiated_Pleomorphic_Sarcoma_Bone,1
pathout,BST::Bone::Other_Mesenchymal::Bone_Metastases,1
pathout,BST::Bone::Reactive::Infectious::Osteomyelitis_Acute,1
pathout,BST::Bone::Reactive::Infectious::Osteomyelitis_Chronic,1
pathout,BST::Bone::Reactive::Metabolic::Osteopetrosis,1
pathout,BST::Bone::Reactive::Metabolic::Osteoporosis,1
pathout,BST::Bone::Reactive::Metabolic::Paget_Disease,1
pathout,BST::Bone::Reactive::Metabolic::Rickets_Osteomalacia,1
pathout,BST::Bone::Reactive::Structural::Fracture_Callus,1
pathout,BST::Bone::Reactive::Structural::Osteonecrosis_Avascular_Necrosis,1
pathout,BST::Bone::Vascular::Benign::Hemangioma_Of_Bone,1
pathout,BST::Joint::Concept::Classification::Synovial_And_Tenosynovial_Chondromatosis,1
pathout,BST::Other::Concept::Classification::WHO_Classification,1
pathout,BST::Other::Concept::Molecular_Genetics::Soft_Tissue_And_Bone_Molecular,1
pathout,BST::Other::Concept::Staging::Staging,1
pathout,BST::Other::Concept::Staging::Staging_Softtissuestagingabdomen,1
pathout,BST::Other::Concept::Staging::Staging_Softtissuestagingheadneck,1
pathout,BST::Other::Concept::Staging::Staging_Softtissuestagingretroperitoneum,1
pathout,BST::Other::Concept::Staging::Staging_Softtissuestagingtrunkextremities,1
pathout,BST::Other::Concept::Staging::Staging_Softtissuestagingunusual,1
pathout,BST::Other::Inflammatory::Pseudotumor_Funiculitis,1
pathout,BST::Other::Inflammatory::Tuberculous_Osteomyelitis,1
pathout,BST::Other::Neoplastic::Benign::Xanthoma,1
pathout,BST::Other::Neoplastic::Hemangioma_And_Variants,1
pathout,BST::Other::Neoplastic::Malignant::Sarcomatoid,1
pathout,BST::Other::Normal_Histology::Cartilaginous_Rest,1
pathout,BST::Round_Cell_Sarcomas::Sarcoma_with_BCOR_Genetic_Alterations,1
pathout,BST::Soft_Tissue::Adipocytic::Benign::Angiolipoma,1
pathout,BST::Soft_Tissue::Adipocytic::Benign::Hibernoma,1
pathout,BST::Soft_Tissue::Adipocytic::Benign::Lipoblastoma_Lipoblastomatosis,1
pathout,BST::Soft_Tissue::Adipocytic::Benign::Lipoma_Chondroid,1
pathout,BST::Soft_Tissue::Adipocytic::Benign::Lipoma_Conventional,1
pathout,BST::Soft_Tissue::Adipocytic::Benign::Lipoma_Spindle_Cell_Pleomorphic,1
pathout,BST::Soft_Tissue::Adipocytic::Benign::Lipomatosis_Of_Nerve,1
pathout,BST::Soft_Tissue::Adipocytic::Benign::Myolipoma_Of_Soft_Tissue,1
pathout,BST::Soft_Tissue::Adipocytic::Intermediate::Atypical_Lipomatous_Tumor_Well_Differentiated_Liposarcoma,1
pathout,BST::Soft_Tissue::Adipocytic::Intermediate::Atypical_Spindle_Cell_Pleomorphic_Lipomatous_Tumor,1
pathout,BST::Soft_Tissue::Adipocytic::Lipomatosis,1
pathout,BST::Soft_Tissue::Adipocytic::Malignant::Dedifferentiated_Liposarcoma,1
pathout,BST::Soft_Tissue::Adipocytic::Malignant::Myxoid_Liposarcoma,1
pathout,BST::Soft_Tissue::Adipocytic::Malignant::Myxoid_Pleomorphic_Liposarcoma,1
pathout,BST::Soft_Tissue::Adipocytic::Malignant::Pleomorphic_Liposarcoma,1
pathout,BST::Soft_Tissue::Adipocytic::Myolipoma_of_Soft_Tissue,1
pathout,BST::Soft_Tissue::ChondroOsseous::Extraskeletal_Osteosarcoma,1
pathout,BST::Soft_Tissue::Congenital_Structural::Cyst::Aneurysmal_Bone_Cyst_Of_Soft_Tissue,1
pathout,BST::Soft_Tissue::Congenital_Structural::Hamartoma::Ectopic_Meningioma_And_Meningothelial_Hamartoma,1
pathout,BST::Soft_Tissue::Congenital_Structural::Hamartoma::Fibrous_Hamartoma_Of_Infancy,1
pathout,BST::Soft_Tissue::Congenital_Structural::Malformation::Massive_Localized_Lymphedema,1
pathout,BST::Soft_Tissue::Depositional_Metabolic::Deposition::Tumoral_Calcinosis,1
pathout,BST::Soft_Tissue::Fibroblastic::Benign::Acral_Fibromyxoma,1
pathout,BST::Soft_Tissue::Fibroblastic::Benign::Angiomyofibroblastoma,1
pathout,BST::Soft_Tissue::Fibroblastic::Benign::Calcifying_Aponeurotic_Fibroma,1
pathout,BST::Soft_Tissue::Fibroblastic::Benign::Calcifying_Fibrous_Tumor,1
pathout,BST::Soft_Tissue::Fibroblastic::Benign::Cellular_Angiofibroma,1
pathout,BST::Soft_Tissue::Fibroblastic::Benign::Desmoplastic_Fibroblastoma,1
pathout,BST::Soft_Tissue::Fibroblastic::Benign::Elastofibroma,1
pathout,BST::Soft_Tissue::Fibroblastic::Benign::Fibroma_Of_Tendon_Sheath,1
pathout,BST::Soft_Tissue::Fibroblastic::Benign::Fibromatosis_Colli,1
pathout,BST::Soft_Tissue::Fibroblastic::Benign::Gardner_Fibroma,1
pathout,BST::Soft_Tissue::Fibroblastic::Benign::Inclusion_Body_Fibromatosis,1
pathout,BST::Soft_Tissue::Fibroblastic::Benign::Juvenile_Hyaline_Fibromatosis,1
pathout,BST::Soft_Tissue::Fibroblastic::Benign::Myofibroblastoma,1
pathout,BST::Soft_Tissue::Fibroblastic::Benign::Nodular_Fasciitis,1
pathout,BST::Soft_Tissue::Fibroblastic::Benign::Nuchal_Type_Fibroma,1
pathout,BST::Soft_Tissue::Fibroblastic::Benign::Pleomorphic_Fibroma,1
pathout,BST::Soft_Tissue::Fibroblastic::Intermediate::Desmoid_Type_Fibromatosis,1
pathout,BST::Soft_Tissue::Fibroblastic::Intermediate::EWSR1_SMAD3_Fibroblastic_Tumor,1
pathout,BST::Soft_Tissue::Fibroblastic::Intermediate::Giant_Cell_Fibroblastoma,1
pathout,BST::Soft_Tissue::Fibroblastic::Intermediate::Infantile_Fibrosarcoma,1
pathout,BST::Soft_Tissue::Fibroblastic::Intermediate::Inflammatory_Myofibroblastic_Tumor,1
pathout,BST::Soft_Tissue::Fibroblastic::Intermediate::Lipofibromatosis,1
pathout,BST::Soft_Tissue::Fibroblastic::Intermediate::Low_Grade_Myofibroblastic_Sarcoma,1
pathout,BST::Soft_Tissue::Fibroblastic::Intermediate::Myxoinflammatory_Fibroblastic_Sarcoma,1
pathout,BST::Soft_Tissue::Fibroblastic::Intermediate::Palmar_Plantar_Fibromatosis,1
pathout,BST::Soft_Tissue::Fibroblastic::Intermediate::Solitary_Fibrous_Tumor,1
pathout,BST::Soft_Tissue::Fibroblastic::Intermediate::Superficial_CD34_Positive_Fibroblastic_Tumor,1
pathout,BST::Soft_Tissue::Fibroblastic::Malignant::Adult_Fibrosarcoma,2
pathout,BST::Soft_Tissue::Fibroblastic::Malignant::Low_Grade_Fibromyxoid_Sarcoma,1
pathout,BST::Soft_Tissue::Fibroblastic::Malignant::Myxofibrosarcoma,2
pathout,BST::Soft_Tissue::Fibroblastic::Malignant::Sclerosing_Epithelioid_Fibrosarcoma,1
pathout,BST::Soft_Tissue::Fibrohistiocytic::Benign::Dermatofibroma_Fibrous_Histiocytoma,1
pathout,BST::Soft_Tissue::Fibrohistiocytic::Benign::Plexiform_Fibrohistiocytic_Tumor,1
pathout,BST::Soft_Tissue::Fibrohistiocytic::Benign::Tenosynovial_Giant_Cell_Tumor_Localized,2
pathout,BST::Soft_Tissue::Fibrohistiocytic::Intermediate::Angiomatoid_Fibrous_Histiocytoma,1
pathout,BST::Soft_Tissue::Fibrohistiocytic::Intermediate::Giant_Cell_Tumor_Of_Soft_Tissue,1
pathout,BST::Soft_Tissue::GIST_Visceral::Intermediate::GIST_Risk_Stratified,1
pathout,BST::Soft_Tissue::Hematolymphoid::Malignant::Follicular_Dendritic_Cell_Sarcoma,1
pathout,BST::Soft_Tissue::Hematolymphoid::Malignant::Histiocytic_Sarcoma,1
pathout,BST::Soft_Tissue::Hematolymphoid::Malignant::Myeloid_Sarcoma,1
pathout,BST::Soft_Tissue::Inflammatory::Acute_Chronic::Ischemic_Fasciitis,1
pathout,BST::Soft_Tissue::Inflammatory::Acute_Chronic::Myositis_Ossificans,2
pathout,BST::Soft_Tissue::Inflammatory::Acute_Chronic::Necrotizing_Fasciitis,1
pathout,BST::Soft_Tissue::Inflammatory::Acute_Chronic::Proliferative_Fasciitis,1
pathout,BST::Soft_Tissue::Inflammatory::Acute_Chronic::Proliferative_Myositis,1
pathout,BST::Soft_Tissue::Mesothelial::Malignant::Malignant_Mesothelioma,1
pathout,BST::Soft_Tissue::Nerve_Sheath::Benign::Benign_Triton_Tumor,1
pathout,BST::Soft_Tissue::Nerve_Sheath::Benign::Dermal_Nerve_Sheath_Myxoma,1
pathout,BST::Soft_Tissue::Nerve_Sheath::Benign::Granular_Cell_Tumor,1
pathout,BST::Soft_Tissue::Nerve_Sheath::Benign::Hybrid_Nerve_Sheath_Tumor,1
pathout,BST::Soft_Tissue::Nerve_Sheath::Benign::Neurofibroma_Plexiform,1
pathout,BST::Soft_Tissue::Nerve_Sheath::Benign::Perineurioma_Soft_Tissue,1
pathout,BST::Soft_Tissue::Nerve_Sheath::Benign::Schwannoma_Conventional,1
pathout,BST::Soft_Tissue::Nerve_Sheath::Benign::Solitary_Circumscribed_Neuroma,1
pathout,BST::Soft_Tissue::Nerve_Sheath::Malignant::Malignant_Melanotic_Nerve_Sheath_Tumor,1
pathout,BST::Soft_Tissue::Nerve_Sheath::Malignant::Malignant_Peripheral_Nerve_Sheath_Tumor_MPNST,2
pathout,BST::Soft_Tissue::Pericytic::Benign::Angioleiomyoma,1
pathout,BST::Soft_Tissue::Pericytic::Benign::Glomus_Tumor,1
pathout,BST::Soft_Tissue::Pericytic::Benign::Myofibroma,2
pathout,BST::Soft_Tissue::Skeletal_Muscle::Benign::Rhabdomyoma_Adult,1
pathout,BST::Soft_Tissue::Skeletal_Muscle::Intermediate::Inflammatory_Rhabdomyoblastic_Tumor,1
pathout,BST::Soft_Tissue::Skeletal_Muscle::Malignant::Alveolar_Rhabdomyosarcoma,1
pathout,BST::Soft_Tissue::Skeletal_Muscle::Malignant::Ectomesenchymoma,1
pathout,BST::Soft_Tissue::Skeletal_Muscle::Malignant::Embryonal_Rhabdomyosarcoma,1
pathout,BST::Soft_Tissue::Skeletal_Muscle::Malignant::Pleomorphic_Rhabdomyosarcoma,1
pathout,BST::Soft_Tissue::Skeletal_Muscle::Malignant::Spindle_Cell_Sclerosing_Rhabdomyosarcoma,1
pathout,BST::Soft_Tissue::Smooth_Muscle::Benign::EBV_Associated_Smooth_Muscle_Tumor,1
pathout,BST::Soft_Tissue::Smooth_Muscle::Leiomyoma,1
pathout,BST::Soft_Tissue::Smooth_Muscle::Malignant::Leiomyosarcoma,1
pathout,BST::Soft_Tissue::Uncertain_Diff::Benign::Cellular_Neurothekeoma,1
pathout,BST::Soft_Tissue::Uncertain_Diff::Benign::Intramuscular_Myxoma,1
pathout,BST::Soft_Tissue::Uncertain_Diff::Benign::Juxta_Articular_Myxoma,1
pathout,BST::Soft_Tissue::Uncertain_Diff::Intermediate::Mixed_Tumor_Myoepithelioma,1
pathout,BST::Soft_Tissue::Uncertain_Diff::Intermediate::Ossifying_Fibromyxoid_Tumor,1
pathout,BST::Soft_Tissue::Uncertain_Diff::Intermediate::Phosphaturic_Mesenchymal_Tumor,1
pathout,BST::Soft_Tissue::Uncertain_Diff::Intermediate::Pleomorphic_Hyalinizing_Angiectatic_Tumor,1
pathout,BST::Soft_Tissue::Uncertain_Diff::Malignant::Alveolar_Soft_Part_Sarcoma,2
pathout,BST::Soft_Tissue::Uncertain_Diff::Malignant::Desmoplastic_Small_Round_Cell_Tumor,1
pathout,BST::Soft_Tissue::Uncertain_Diff::Malignant::Epithelioid_Sarcoma,1
pathout,BST::Soft_Tissue::Uncertain_Diff::Malignant::Extrarenal_Rhabdoid_Tumor,1
pathout,BST::Soft_Tissue::Uncertain_Diff::Malignant::Extraskeletal_Myxoid_Chondrosarcoma,1
pathout,BST::Soft_Tissue::Uncertain_Diff::Malignant::PEComa_Malignant,1
pathout,BST::Soft_Tissue::Uncertain_Diff::Malignant::Primary_Pulmonary_Myxoid_Sarcoma,1
pathout,BST::Soft_Tissue::Uncertain_Diff::Malignant::Synovial_Sarcoma_Monophasic,1
pathout,BST::Soft_Tissue::Uncertain_Diff::Malignant::Undifferentiated_Pleomorphic_Sarcoma,3
pathout,BST::Soft_Tissue::Uncertain_Diff::Malignant::Undifferentiated_Round_Cell_Sarcoma_Ewing,1
pathout,BST::Soft_Tissue::Uncertain_Diff::Malignant::Undifferentiated_Sarcoma_CIC_Rearranged,2
pathout,BST::Soft_Tissue::Vascular::Benign::Anastomosing_Hemangioma,1
pathout,BST::Soft_Tissue::Vascular::Benign::Hemangioma_Epithelioid,2
pathout,BST::Soft_Tissue::Vascular::Benign::Hemangioma_Intramuscular,1
pathout,BST::Soft_Tissue::Vascular::Benign::Hemangioma_Venous,1
pathout,BST::Soft_Tissue::Vascular::Benign::Lymphangioma,3
pathout,BST::Soft_Tissue::Vascular::Benign::Papillary_Endothelial_Hyperplasia,1
pathout,BST::Soft_Tissue::Vascular::Benign::Spindle_Cell_Hemangioma,1
pathout,BST::Soft_Tissue::Vascular::Intermediate::Composite_Hemangioendothelioma,1
pathout,BST::Soft_Tissue::Vascular::Intermediate::Kaposi_Sarcoma,1
pathout,BST::Soft_Tissue::Vascular::Intermediate::Kaposiform_Hemangioendothelioma,1
pathout,BST::Soft_Tissue::Vascular::Intermediate::Papillary_Intralymphatic_Angioendothelioma,1
pathout,BST::Soft_Tissue::Vascular::Intermediate::Pseudomyogenic_Hemangioendothelioma,2
pathout,BST::Soft_Tissue::Vascular::Intermediate::Retiform_Hemangioendothelioma,1
pathout,BST::Soft_Tissue::Vascular::Malignant::Angiosarcoma,3
pathout,BST::Soft_Tissue::Vascular::Malignant::Epithelioid_Hemangioendothelioma,2
pathout,BST::Soft_Tissue::Vascular::Malignant::Intimal_Sarcoma,1
pathout,BST::Syndromes::Predisposition::Skeletal::McCune_Albright_Syndrome,1
pathout,Breast::Concept::Classification::Axillary_Lymph_Nodes,1
pathout,Breast::Concept::Classification::HER2_Ultralow_Breast_Cancer,1
pathout,Breast::Concept::Classification::Male_Invasive,1
pathout,Breast::Concept::Classification::Pubertal_Macromastia,1
pathout,Breast::Concept::Classification::Triple_Negative_Breast_Cancer,1
pathout,Breast::Concept::Classification::WHO_Classification,1
pathout,Breast::Concept::Grading::Histologic_Grading,1
pathout,Breast::Concept::Grading::Low_Grade_Adenosquamous,1
pathout,Breast::Concept::IHC_Markers::Sebaceous,1
pathout,Breast::Concept::Management_Workup::Antibody_Drug_Conjugate_Therapy,1
pathout,Breast::Concept::Management_Workup::Hormone_Receptors,1
pathout,Breast::Concept::Management_Workup::Immunotherapy,1
pathout,Breast::Concept::Management_Workup::Neoadjuvant_Chemotherapy,1
pathout,Breast::Concept::Management_Workup::Radiation_Therapy_And_Cryoprobe,1
pathout,Breast::Concept::Management_Workup::Secretory_Change,1
pathout,Breast::Concept::Management_Workup::Subareolar_Sclerosing_Duct_Hyperplasia,1
pathout,Breast::Concept::Molecular_Genetics::Foreign_Body_Reaction,1
pathout,Breast::Concept::Molecular_Genetics::HER2_C_ERBB2_Breast,1
pathout,Breast::Concept::Molecular_Genetics::Molecular_Subtypes,1
pathout,Breast::Concept::Other::Filariasis,1
pathout,Breast::Concept::Procedure_Specimen::Biopsy_Marking_Devices,1
pathout,Breast::Concept::Procedure_Specimen::Core_Biopsy,1
pathout,Breast::Concept::Procedure_Specimen::Frozen_Sections,1
pathout,Breast::Concept::Reporting_Grossing::Grossing_And_Features_To_Report,1
pathout,Breast::Concept::Reporting_Grossing::Lipid_Rich,1
pathout,Breast::Concept::Staging::Staging,1
pathout,Breast::Congenital_Structural::Amastia_Aplasia_Hypoplasia_Athelia,1
pathout,Breast::Congenital_Structural::Apocrine_Metaplasia,1
pathout,Breast::Congenital_Structural::Benign_Breast_Implant_Related_Changes,1
pathout,Breast::Congenital_Structural::Cyst::Fibrocystic_Changes,1
pathout,Breast::Congenital_Structural::Cyst::Galactocele,1
pathout,Breast::Congenital_Structural::Malformation::Accessory_Breast_Tissue,1
pathout,Breast::Congenital_Structural::Malformation::Gynecomastia,1
pathout,Breast::Congenital_Structural::Malformation::Juvenile_Papillomatosis,1
pathout,Breast::Congenital_Structural::Mechanical::Mammary_Duct_Ectasia,1
pathout,Breast::Congenital_Structural::Microcysts,1
pathout,Breast::Depositional_Metabolic::Amyloid,1
pathout,Breast::Epithelial::Ductal_Adenoma,1
pathout,Breast::Epithelial::Ductal_Carcinoma::Cribriform_Carcinoma,1
pathout,Breast::Epithelial::Ductal_Carcinoma::Tubular_Carcinoma,1
pathout,Breast::Epithelial::Lactating_Adenoma,1
pathout,Breast::Epithelial::Microglandular_Adenosis,1
pathout,Breast::Epithelial::MyoEpithelial::Pleomorphic_Adenoma,1
pathout,Breast::Epithelial::Neuroendocrine_Tumors::Neuroendocrine_Carcinoma,2
pathout,Breast::Epithelial::Radial_Scar_complex_sclerosing_lesion,1
pathout,Breast::Epithelial::Salivary_Tumors::Acinic_Cell_Carcinoma,1
pathout,Breast::Epithelial::Salivary_Tumors::Mucoepidermoid_Carcinoma,1
pathout,Breast::Epithelial::Salivary_Tumors::Polymorphous_Adenocarcinoma,1
pathout,Breast::Epithelial::Salivary_Tumors::Tall_Cell_Carcinoma_with_Reversed_Polarity,3
pathout,Breast::Epithelial::Tubular_Adenoma,1
pathout,Breast::Epithelial::Usual_Ductal_Hyperplasia,1
pathout,Breast::FibroEpithelial::Hamartoma,1
pathout,Breast::Infectious::Bacterial::Acute_Mastitis,1
pathout,Breast::Infectious::Smold,1
pathout,Breast::Infectious::Sparganosis,1
pathout,Breast::Infectious::Tuberculosis,1
pathout,Breast::Inflammatory::Fibrosing::Lymphocytic_Diabetic_Mastitis,1
pathout,Breast::Inflammatory::Fibrosing::Sclerosing_Adenosis,1
pathout,Breast::Inflammatory::Granulomatous::Cystic_Neutrophilic_Granulomatous_Mastitis,1
pathout,Breast::Inflammatory::Granulomatous::Idiopathic_Granulomatous_Mastitis,1
pathout,Breast::Inflammatory::Osteoclast,1
pathout,Breast::Inflammatory::Reactive::Fat_Necrosis,1
pathout,Breast::Inflammatory::Reactive::Mucocele_Like_Lesion,1
pathout,Breast::Inflammatory::Silicone_Leak_Lymphadenopathy,1
pathout,Breast::Male_Tumors::Epithelial::Carcinoma_in_Situ,3
pathout,Breast::Mesenchymal::Fibroblastic_Tumors::Myofibroblastoma,1
pathout,Breast::Mesenchymal::Nerve_Tumors::Granular_Cell_Tumor,1
pathout,Breast::Mesenchymal::Other_Mesenchymal::Pseudoangiomatous_Stromal_Hyperplasia,1
pathout,Breast::Mesenchymal::Smooth_Tumors::Leiomyoma,1
pathout,Breast::Mesenchymal::Vascular_Tumors::Atypical_Vascular_Lesions,1
pathout,Breast::Neoplastic::Adenomyoepithelial_Adenosis,1
pathout,Breast::Neoplastic::Adenosis,1
pathout,Breast::Neoplastic::Benign::Epithelial_Mesothelial_Inclusions,1
pathout,Breast::Neoplastic::Epithelial::Benign::Apocrine_Adenosis,1
pathout,Breast::Neoplastic::Epithelial::Benign::Collagenous_Spherulosis,1
pathout,Breast::Neoplastic::Epithelial::Benign::Cystic_Hypersecretory_Lesion,2
pathout,Breast::Neoplastic::Epithelial::Benign::Intraductal_Papilloma,1
pathout,Breast::Neoplastic::Epithelial::Benign::Myoepithelioma,1
pathout,Breast::Neoplastic::Epithelial::Benign::Nipple_Adenoma,1
pathout,Breast::Neoplastic::Epithelial::Benign::Syringomatous_Tumor,1
pathout,Breast::Neoplastic::Epithelial::In_Situ::Ductal_Carcinoma_In_Situ_DCIS,1
pathout,Breast::Neoplastic::Epithelial::In_Situ::Florid_Lobular_Carcinoma_In_Situ,1
pathout,Breast::Neoplastic::Epithelial::In_Situ::Pleomorphic_Lobular_Carcinoma_In_Situ,1
pathout,Breast::Neoplastic::Epithelial::Malignant::Adenoid_Cystic_Carcinoma,1
pathout,Breast::Neoplastic::Epithelial::Malignant::Apocrine_Carcinoma,1
pathout,Breast::Neoplastic::Epithelial::Malignant::Encapsulated_Papillary_Carcinoma,1
pathout,Breast::Neoplastic::Epithelial::Malignant::Inflammatory_Carcinoma,1
pathout,Breast::Neoplastic::Epithelial::Malignant::Invasive_Breast_Carcinoma_NST,2
pathout,Breast::Neoplastic::Epithelial::Malignant::Invasive_Carcinoma_Medullary_Features,1
pathout,Breast::Neoplastic::Epithelial::Malignant::Invasive_Lobular_Carcinoma,2
pathout,Breast::Neoplastic::Epithelial::Malignant::Malignant_Adenomyoepithelioma,1
pathout,Breast::Neoplastic::Epithelial::Malignant::Metaplastic_Carcinoma,2
pathout,Breast::Neoplastic::Epithelial::Malignant::Microinvasive_Carcinoma,1
pathout,Breast::Neoplastic::Epithelial::Malignant::Micropapillary_Carcinoma,1
pathout,Breast::Neoplastic::Epithelial::Malignant::Mucinous_Carcinoma,1
pathout,Breast::Neoplastic::Epithelial::Malignant::Mucinous_Cystadenocarcinoma,1
pathout,Breast::Neoplastic::Epithelial::Malignant::Secretory_Carcinoma,1
pathout,Breast::Neoplastic::Epithelial::Malignant::Solid_Papillary_Carcinoma,1
pathout,Breast::Neoplastic::Epithelial::Malignant::Tubulolobular_Carcinoma,1
pathout,Breast::Neoplastic::Epithelial::Precursor::Atypical_Ductal_Hyperplasia_ADH,1
pathout,Breast::Neoplastic::Epithelial::Precursor::Atypical_Lobular_Hyperplasia_ALH,1
pathout,Breast::Neoplastic::Epithelial::Precursor::Flat_Epithelial_Atypia,1
pathout,Breast::Neoplastic::Fibroepithelial::Benign::Fibroadenoma,2
pathout,Breast::Neoplastic::Fibroepithelial::Variable_Behavior::Phyllodes_Tumor,1
pathout,Breast::Neoplastic::HER2_Low_Breast_Cancer,1
pathout,Breast::Neoplastic::Hematolymphoid::Malignant::Breast_Implant_Associated_ALCL,1
pathout,Breast::Neoplastic::Malignant::Fibromatosis_Like,1
pathout,Breast::Neoplastic::Malignant::Glycogen_Rich_Clear_Cell,1
pathout,Breast::Neoplastic::Malignant::KI67_Breast,1
pathout,Breast::Neoplastic::Malignant::Metastases,1
pathout,Breast::Neoplastic::Malignant::Microcalcifications,1
pathout,Breast::Neoplastic::Malignant::Mixed_Nst,1
pathout,Breast::Neoplastic::Malignant::Other_Sarcomas,1
pathout,Breast::Neoplastic::Malignant::Sentinel_Lymph_Nodes,1
pathout,Breast::Neoplastic::Malignant::Transgender_Breast_Pathology,1
pathout,Breast::Neoplastic::Mesenchymal::Benign::Hemangioma,1
pathout,Breast::Neoplastic::Mesenchymal::Benign::Schwannoma,1
pathout,Breast::Neoplastic::Mesenchymal::Intermediate::Fibromatosis_Desmoid_Type,1
pathout,Breast::Neoplastic::Mesenchymal::Malignant::Angiosarcoma,1
pathout,Breast::Neoplastic::Mesenchymal::Malignant::Liposarcoma,1
pathout,Breast::Neoplastic::Multigene_Expression_Tumor_Prognostic_Profiling_In_Breast_Cancer,1
pathout,Breast::Neoplastic::Multigene_Expression_Tumor_Prognostic_Profiling_In_Breast_Cancer_Moleculartumorprofiling,1
pathout,Breast::Neoplastic::Papillary,1
pathout,Breast::Neoplastic::Signet_Ring_Cell,1
pathout,Breast::Neoplastic::Spread_And_Metastases,1
pathout,Breast::Nipple_Tumors::Epithelial::Paget_Disease_of_the_Breast,1
pathout,Breast::Normal_Histology::Anatomy,1
pathout,Breast::Normal_Histology::Histology,1
pathout,Breast::PathOut_Residual_Generated::Breast_Columnarcelllesion,1
pathout,Cyto_Breast::Concept::Procedure_Specimen::Cytology,1
pathout,Cyto_GI_Tract::Small_Intestine::Infectious::Microsporidia,1
pathout,Cyto_GYN::Benign_Reactive::Organisms::Cytomegalovirus_CMV,1
pathout,Cyto_GYN::Benign_Reactive::Organisms::Neisseria_Gonorrhoeae,1
pathout,Cyto_GYN::Concept::Management_Workup::Asc_H_Cytology,1
pathout,Cyto_GYN::Concept::Molecular_Genetics::International_Academy_Of_Cytology_Yokohama_System,1
pathout,Cyto_GYN::Concept::Molecular_Genetics::International_Academy_Of_Cytology_Yokohama_System_Cytopathologyiacysystem,1
pathout,Cyto_GYN::Glandular::Atypical_Glandular_Cells_AGC_NOS,1
pathout,Cyto_GYN::Infectious::Cytology_Nonneoplastic,1
pathout,Cyto_GYN::Neoplastic::Malignant::Cytology_Neoplastic,1
pathout,Cyto_GYN::Normal_Histology::Bethesda_System,1
pathout,Cyto_GYN::Normal_Histology::Cytology_General_Normal_Findings_And_Biomarker_Testing,1
pathout,Cyto_GYN::Specimen_Type::Pap_Test_Liquid_Based,1
pathout,Cyto_GYN::Squamous::Atypical_Squamous_Cells_Undetermined_Significance_ASCUS,1
pathout,Cyto_GYN::Squamous::High_Grade_Squamous_Intraepithelial_Lesion_HSIL,1
pathout,Cyto_GYN::Squamous::Low_Grade_Squamous_Intraepithelial_Lesion_LSIL,1
pathout,Cyto_General::Concept::Procedure_Specimen::Automated_Assessment_Of_Cytology_Specimens,1
pathout,Cyto_General::Concept::Procedure_Specimen::FNA_Procedure,1
pathout,Cyto_General::Concept::Procedure_Specimen::Superficial_FNA_Procedure_Contraindications_And_Complications,1
pathout,Cyto_Heme::Neoplastic::Malignant::Hcc_Cytology,1
pathout,Cyto_Management::Ancillary_Testing::Flow_Cytometry,1
pathout,Cyto_Management::Technique::Rapid_On_Site_Evaluation_ROSE,1
pathout,Cyto_Neuro::Infectious::Bacteria::Listeria_Monocytogenes,1
pathout,Cyto_Pancreatobiliary::Inflammatory::Cytology,1
pathout,Cyto_Thoracic::Category::Atypical,1
pathout,Cyto_Thoracic::Category::Benign,1
pathout,Cyto_Thoracic::Category::Malignant,1
pathout,Cyto_Thoracic::Category::Nondiagnostic,1
pathout,Cyto_Thoracic::Category::Suspicious_For_Malignancy,1
pathout,Cyto_Thoracic::Infectious::Bacterial::Actinomyces,1
pathout,Cyto_Thyroid::Concept::Procedure_Specimen::FNA_General,1
pathout,Cyto_Thyroid::Concept::Procedure_Specimen::FNA_General_Thyroidfna,1
pathout,Cyto_Thyroid::Concept::Procedure_Specimen::Molecular_Testing_In_FNA,1
pathout,Cyto_Thyroid::Neoplastic::Malignant::Bethesda_System_Diagnostic_Categories,1
pathout,Endo::Other::Concept::Molecular_Genetics::Molecular_Pathology_Basics,1
pathout,Endo::Other::Concept::Molecular_Genetics::Molecular_Pathology_Practical,1
pathout,Endo::Other::Depositional_Metabolic::Lysosomal_Storage_Diseases,1
pathout,Endo::Other::Neoplastic::Composite_Gangliocytoma_Neuroma_And_Neuroendocrine_Tumor,1
pathout,Endo::Other::Neoplastic::Malignant::Children,1
pathout,Endo::Other::Neoplastic::Malignant::Poorly_Differentiated_Neuroendocrine_Carcinoma,1
pathout,Endo::Other::Neoplastic::Malignant::Poorly_Differentiated_Neuroendocrine_Carcinoma_Stomachneuroendocrine,1
pathout,Endo::Other::Neoplastic::Neuroendocrine_Classification,1
pathout,Endo::Other::Neoplastic::Neuroendocrine_Neoplasm,1
pathout,Endo::Other::Neoplastic::Neuroendocrine_Tumor,1
pathout,Endo::Other::Neoplastic::Neuroendocrine_Tumor_Appendixwdneuroendocrine,1
pathout,Endo::Other::Neoplastic::Neuroendocrine_Tumor_Smallbowelcarcinoidtumor,1
pathout,Endo::Other::Neoplastic::Niftp,1
pathout,Endo::Other::Neoplastic::Staging_Jejunal_And_Ileal_Neuroendocrine_Tumors,1
pathout,Endo::Other::Neoplastic::Staging_Neuroendocrine,1
pathout,Endo::Other::Neoplastic::Staging_Neuroendocrine_Tumors,1
pathout,Endo::Other::Neoplastic::Staging_Neuroendocrine_Tumors_Stomachstagingneuroendocrine,1
pathout,Endo::Pancreas::Neoplastic::Clear_Cell_Pancreatic_Endocrine_Tumor,1
pathout,Endo::Pancreas::Neoplastic::Cystic_Endocrine_Tumors,1
pathout,Endo::Pancreas::Neoplastic::Malignant::Neuroendocrine_Tumor_With_Sarcomatous_Differentiation,1
pathout,Endo::Pancreas::Neoplastic::Malignant::Poorly_Differentiated_Neuroendocrine_Carcinoma,1
pathout,Endo::Pancreas::Neoplastic::Neuroendocrine_Neoplasms_General,1
pathout,Endo::Pancreas::Neoplastic::Staging_Neuroendocrine,1
pathout,Endo::Parathyroid::Neoplastic::Epithelial::Benign::Parathyroid_Adenoma,1
pathout,Endo::Parathyroid::Neoplastic::Epithelial::Malignant::Parathyroid_Carcinoma,1
pathout,Endo::Parathyroid::Nonneoplastic::Hyperplasia::Primary_Clear_Cell_Hyperplasia,2
pathout,Endo::Parathyroid::Nonneoplastic::Hyperplasia::Secondary_Parathyroid_Hyperplasia,1
pathout,Endo::Pituitary::Inflammatory::Granulomatous::Sarcoidosis,1
pathout,Endo::Pituitary::Nonneoplastic::Hyperplasia::Pituitary_Hyperplasia,1
pathout,Endo::Skin::Neoplastic::Neuroendocrine::Malignant::Merkel_Cell_Carcinoma,1
pathout,Endo::Thyroid::Concept::Classification::Aus,1
pathout,Endo::Thyroid::Concept::Classification::Black_Pigmented_Thyroid,1
pathout,Endo::Thyroid::Concept::Classification::Endemic_Goiter,1
pathout,Endo::Thyroid::Concept::Classification::Invasive_Efvptc,1
pathout,Endo::Thyroid::Concept::Classification::Malakoplakia,1
pathout,Endo::Thyroid::Concept::Classification::Parathyroid_Tissue,1
pathout,Endo::Thyroid::Concept::Classification::Rosai_Dorfman_Disease_Rdd,1
pathout,Endo::Thyroid::Concept::Classification::Thyroid_Follicular_Nodular_Disease_Multinodular_Goiter,1
pathout,Endo::Thyroid::Concept::Classification::Thyroid_Inclusions,1
pathout,Endo::Thyroid::Concept::Classification::WHO_Classification,1
pathout,Endo::Thyroid::Concept::Classification::WHO_Classification_Parathyroid,1
pathout,Endo::Thyroid::Concept::Laboratory_Operations::Hypothyroidism,1
pathout,Endo::Thyroid::Concept::Management_Workup::Screening_Thyroid_Disorders,1
pathout,Endo::Thyroid::Concept::Molecular_Genetics::Ultrasound,1
pathout,Endo::Thyroid::Concept::Other::Parathyroid_Hormone,1
pathout,Endo::Thyroid::Concept::Other::Thyroid_Metastases,1
pathout,Endo::Thyroid::Concept::Procedure_Specimen::Frozen_Section,1
pathout,Endo::Thyroid::Concept::Procedure_Specimen::Frozen_Section_Parathyroid,1
pathout,Endo::Thyroid::Concept::Reporting_Grossing::Features_To_Report,1
pathout,Endo::Thyroid::Concept::Reporting_Grossing::Grossing,1
pathout,Endo::Thyroid::Concept::Reporting_Grossing::Thyroid_Ophthalmopathy,1
pathout,Endo::Thyroid::Concept::Staging::AJCC_TNM_Staging,1
pathout,Endo::Thyroid::Concept::Staging::Staging_Parathyroid,1
pathout,Endo::Thyroid::Congenital_Structural::Aplasia_Hypoplasia,1
pathout,Endo::Thyroid::Congenital_Structural::Branchial_Pouch_Cleft_Anomalies,1
pathout,Endo::Thyroid::Congenital_Structural::Congenital_Hypothyroidism,1
pathout,Endo::Thyroid::Congenital_Structural::Cyst::Thyroglossal_Duct_Cyst,2
pathout,Endo::Thyroid::Congenital_Structural::Ectopic_Parathyroid_Tissue,1
pathout,Endo::Thyroid::Congenital_Structural::Hashimoto_Fibrous,1
pathout,Endo::Thyroid::Congenital_Structural::Lateral_Aberrant_Thyroid,1
pathout,Endo::Thyroid::Congenital_Structural::Lymphoepithelial_Cyst,1
pathout,Endo::Thyroid::Congenital_Structural::Malformation::Ectopic_Thyroid,1
pathout,Endo::Thyroid::Congenital_Structural::Malformation::Solid_Cell_Nests,1
pathout,Endo::Thyroid::Congenital_Structural::Metabolic::Dyshormonogenetic_Goiter,1
pathout,Endo::Thyroid::Congenital_Structural::Nondiagnostic,1
pathout,Endo::Thyroid::Congenital_Structural::Other_Nonneoplastic_Parathyroid,1
pathout,Endo::Thyroid::Congenital_Structural::Thymic_Tissue,1
pathout,Endo::Thyroid::Depositional_Metabolic::Amiodarone_Induced_Hyperthyroidism,1
pathout,Endo::Thyroid::Depositional_Metabolic::Toxic_Goiter,1
pathout,Endo::Thyroid::Infectious::Acute_Infectious_Thyroiditis,1
pathout,Endo::Thyroid::Infectious::Parasitic_Nodule,1
pathout,Endo::Thyroid::Inflammatory::Autoimmune::Graves_Disease,1
pathout,Endo::Thyroid::Inflammatory::Autoimmune_Thyroiditis,1
pathout,Endo::Thyroid::Inflammatory::Benign,1
pathout,Endo::Thyroid::Inflammatory::Chronic_Lymphocytic::Hashimoto_Thyroiditis,1
pathout,Endo::Thyroid::Inflammatory::Fibromatosis_Fasciitis_Like,1
pathout,Endo::Thyroid::Inflammatory::Fibrosing::Riedel_Thyroiditis,1
pathout,Endo::Thyroid::Inflammatory::Focal_Lymphocytic_Thyroiditis,1
pathout,Endo::Thyroid::Inflammatory::Granulomatous::Palpation_Thyroiditis,1
pathout,Endo::Thyroid::Inflammatory::Granulomatous::Subacute_Thyroiditis,1
pathout,Endo::Thyroid::Inflammatory::Postoperative_Spindle_Cell_Nodule,1
pathout,Endo::Thyroid::Inflammatory::Radiation_Thyroiditis,1
pathout,Endo::Thyroid::Inflammatory::Thyroid_Autoantibodies,1
pathout,Endo::Thyroid::Neoplastic::Brown_Tumor,1
pathout,Endo::Thyroid::Neoplastic::Encapsulated,1
pathout,Endo::Thyroid::Neoplastic::Epithelial::Benign::Follicular_Adenoma,2
pathout,Endo::Thyroid::Neoplastic::Epithelial::Malignant::Anaplastic_Thyroid_Carcinoma,1
pathout,Endo::Thyroid::Neoplastic::Epithelial::Malignant::Cribriform_Morular_Thyroid_Carcinoma,1
pathout,Endo::Thyroid::Neoplastic::Epithelial::Malignant::Follicular_Thyroid_Carcinoma,1
pathout,Endo::Thyroid::Neoplastic::Epithelial::Malignant::Intrathyroid_Thymic_Carcinoma,1
pathout,Endo::Thyroid::Neoplastic::Epithelial::Malignant::Mucoepidermoid_Carcinoma,1
pathout,Endo::Thyroid::Neoplastic::Epithelial::Malignant::Oncocytic_Carcinoma,1
pathout,Endo::Thyroid::Neoplastic::Epithelial::Malignant::Papillary_Thyroid_Carcinoma,2
pathout,Endo::Thyroid::Neoplastic::Epithelial::Malignant::Sclerosing_Mucoepidermoid_Carcinoma_With_Eosinophilia,1
pathout,Endo::Thyroid::Neoplastic::Epithelial::Malignant::Secretory_Carcinoma,1
pathout,Endo::Thyroid::Neoplastic::Epithelial::Malignant::Spindle_Epithelial_Tumor_Thymus_Like_SETTLE,1
pathout,Endo::Thyroid::Neoplastic::Epithelial_C_Cell::Malignant::Medullary_Thyroid_Carcinoma,1
pathout,Endo::Thyroid::Neoplastic::Epithelial_C_Cell::Precursor::C_Cell_Hyperplasia,1
pathout,Endo::Thyroid::Neoplastic::Follicular_Neoplasm,1
pathout,Endo::Thyroid::Neoplastic::Follicular_Neoplasm_Oncocytic_Follicular_Neoplasm,1
pathout,Endo::Thyroid::Neoplastic::Hematolymphoid::Malignant::Langerhans_Cell_Histiocytosis,1
pathout,Endo::Thyroid::Neoplastic::Hematolymphoid::Malignant::Lymphoma,1
pathout,Endo::Thyroid::Neoplastic::Hyalinizing_Trabecular_Tumor,1
pathout,Endo::Thyroid::Neoplastic::Intermediate::Ft_Ump,1
pathout,Endo::Thyroid::Neoplastic::Intermediate::Wdt_Ump,1
pathout,Endo::Thyroid::Neoplastic::Malignant::Adequacy,1
pathout,Endo::Thyroid::Neoplastic::Malignant::Calcification,1
pathout,Endo::Thyroid::Neoplastic::Malignant::Columnar_Cell,1
pathout,Endo::Thyroid::Neoplastic::Malignant::Differentiated_High_Grade_Thyroid_Carcinoma_High_Grade_Differentiated_Thyroid_Carcinoma_Hgdtc,1
pathout,Endo::Thyroid::Neoplastic::Malignant::Diffuse_Follicular,1
pathout,Endo::Thyroid::Neoplastic::Malignant::Diffuse_Sclerosing,1
pathout,Endo::Thyroid::Neoplastic::Malignant::Follicular_Variant,1
pathout,Endo::Thyroid::Neoplastic::Malignant::Hobnail,1
pathout,Endo::Thyroid::Neoplastic::Malignant::Lingual_Thyroid,1
pathout,Endo::Thyroid::Neoplastic::Malignant::Macrofollicular,1
pathout,Endo::Thyroid::Neoplastic::Malignant::Malignant,1
pathout,Endo::Thyroid::Neoplastic::Malignant::Microcarcinoma,1
pathout,Endo::Thyroid::Neoplastic::Malignant::Poorly_Differentiated_Thyroid_Carcinoma,1
pathout,Endo::Thyroid::Neoplastic::Malignant::Sarcoma,1
pathout,Endo::Thyroid::Neoplastic::Malignant::Solid_Trabecular,1
pathout,Endo::Thyroid::Neoplastic::Malignant::Solitary_Thyroid_Nodule,1
pathout,Endo::Thyroid::Neoplastic::Malignant::Suspicious_For_Malignancy,1
pathout,Endo::Thyroid::Neoplastic::Malignant::Tall_Cell,1
pathout,Endo::Thyroid::Neoplastic::Malignant::Thyroblastoma,1
pathout,Endo::Thyroid::Neoplastic::Malignant::Warthin_Like,1
pathout,Endo::Thyroid::Neoplastic::Mesenchymal::Benign::Solitary_Fibrous_Tumor,1
pathout,Endo::Thyroid::Neoplastic::Mesenchymal::Malignant::Angiosarcoma,1
pathout,Endo::Thyroid::Neoplastic::Oncocytic_Hurthle_Cell_Tumors,1
pathout,Endo::Thyroid::Neoplastic::Pituitary_Neuroendocrine_Tumor_Pitnet,1
pathout,Endo::Thyroid::Neoplastic::Plasmacytoma,1
pathout,Endo::Thyroid::Neoplastic::Precursor::Digeorge_Syndrome,1
pathout,Endo::Thyroid::Neoplastic::References,1
pathout,Endo::Thyroid::Neoplastic::Teratoma,1
pathout,Endo::Thyroid::Nonneoplastic::Depositional::Amyloid_Goiter,1
pathout,Endo::Thyroid::Nonneoplastic::Reactive::Pigments_And_Crystals,1
pathout,Endo::Thyroid::Normal_Histology::Anatomy,1
pathout,Endo::Thyroid::Normal_Histology::Anatomy_And_Histology_Parathyroid,1
pathout,Endo::Thyroid::Normal_Histology::Embryology,1
pathout,Endo::Thyroid::Normal_Histology::Histology,1
pathout,Endo::Thyroid::Normal_Histology::Hyperparathyroidism,1
pathout,Endo::Thyroid::Normal_Histology::Hyperthyroidism,1
pathout,Endo::Thyroid::Normal_Histology::Thyroid_Function_Panel,1
pathout,Eye::PathOut_Residual_Generated::Eyeeyelidmelanoma,1
pathout,Eye_Orbit::Conjunctiva::Epithelial_Tumors::Benign::Oncocytoma,1
pathout,Eye_Orbit::Eyelid_Adnexal::Malignant::Adenoid_Cystic_Carcinoma,1
pathout,Eye_Orbit::Eyelid_Epithelial::Malignant::Squamous_Cell_Carcinoma,1
pathout,Eye_Orbit::Lacrimal_Epithelial::Benign_Premalignant::Oncocytoma,1
pathout,Eye_Orbit::Optic_Disc_Optic_Nerve::Melanocytic_Tumors::Melanocytoma,1
pathout,Eye_Orbit::Optic_Disc_Optic_Nerve::Pigment_Epithelial_Tumors::Medulloepithelioma,1
pathout,Eye_Orbit::Retina_Neuroepithelium::Iris_Ciliary_Body_Pigment_Epithelium::Neoplastic::Adenoma_Of_Ciliary_Body,1
pathout,Eye_Orbit::Retina_Neuroepithelium::Neurosensory_Retina::Premalignant_Malignant::Retinocytoma,1
pathout,Eye_Orbit::Soft_Tissue::Fibrous_Fibroblastic::Solitary_Fibrous_Tumor,1
pathout,Eye_Orbit::Uveal_Tract::Iris::Benign_Hamartoma::Lisch_Nodule,1
pathout,GI::Anus::Benign_Precursors::Anal_Condyloma,1
pathout,GI::Anus::Benign_Precursors::Inflammatory_Cloacogenic_Polyp,1
pathout,GI::Anus::Concept::Classification::Fistula,1
pathout,GI::Anus::Concept::Classification::Hypertrophied_Papillae,1
pathout,GI::Anus::Concept::Classification::WHO_Classification,1
pathout,GI::Anus::Concept::Molecular_Genetics::Fissure,1
pathout,GI::Anus::Concept::Molecular_Genetics::Hemorrhoids,1
pathout,GI::Anus::Concept::Reporting_Grossing::Grossing_And_Features_To_Report,1
pathout,GI::Anus::Concept::Staging::Staging,1
pathout,GI::Anus::Congenital_Structural::Pancreatic_Cystic_Fluid_Analysis,1
pathout,GI::Anus::Depositional_Metabolic::Cholestasis,1
pathout,GI::Anus::Infectious::Anogenital_Hypertrophic_Herpes,1
pathout,GI::Anus::Infectious::Cytomegalovirus_CMV,1
pathout,GI::Anus::Infectious::Syphilis,1
pathout,GI::Anus::Inflammatory::Crohns_Disease,1
pathout,GI::Anus::Inflammatory::Lymphogranuloma_Venereum,1
pathout,GI::Anus::Neoplastic::Benign::Hidradenoma_Papilliferum,1
pathout,GI::Anus::Neoplastic::Benign::Intradermal_Nevus,1
pathout,GI::Anus::Neoplastic::Buschke_Lowenstein_Tumor,1
pathout,GI::Anus::Neoplastic::Glandular::Anal_Adenocarcinoma,1
pathout,GI::Anus::Neoplastic::Lymphoid_Polyp,1
pathout,GI::Anus::Neoplastic::Malignant::Apocrine_Carcinoma,1
pathout,GI::Anus::Neoplastic::Malignant::Carcinoma_Overview,1
pathout,GI::Anus::Neoplastic::Precursor::Paget_Disease,1
pathout,GI::Anus::Neoplastic::Squamous::Anal_Squamous_Cell_Carcinoma_Overview,4
pathout,GI::Anus::Normal_Histology::Anatomy_And_Histology,1
pathout,GI::Anus::Normal_Histology::Granuloma_Inguinale,1
pathout,GI::Appendix::Appendiceal_Adenocarcinoma,1
pathout,GI::Appendix::Appendiceal_Mucinous_Neoplasm,1
pathout,GI::Appendix::Appendiceal_Serrated_Lesions_and_Polyps,1
pathout,GI::Appendix::Concept::Classification::Mucocele,1
pathout,GI::Appendix::Concept::Classification::WHO_Classification,1
pathout,GI::Appendix::Concept::Laboratory_Operations::Lymphoid_Hyperplasia,1
pathout,GI::Appendix::Concept::Other::Myxoglobulosis,1
pathout,GI::Appendix::Concept::Reporting_Grossing::Features_To_Report_And_Grossing,1
pathout,GI::Appendix::Congenital_Structural::Cystic_Fibrosis,1
pathout,GI::Appendix::Congenital_Structural::Diverticulosis,1
pathout,GI::Appendix::Infectious::Actinomycosis,1
pathout,GI::Appendix::Infectious::Adenovirus_And_Measles,1
pathout,GI::Appendix::Infectious::CMV_Appendicitis,1
pathout,GI::Appendix::Inflammatory::Acute::Appendiceal_Acute_Appendicitis_Suppurative_And_Gangrenous,1
pathout,GI::Appendix::Inflammatory::Acute::Appendiceal_Periappendicitis,1
pathout,GI::Appendix::Inflammatory::Chronic_Granulomatous::Appendiceal_Granulomatous_Appendicitis_NOS,1
pathout,GI::Appendix::Inflammatory::Infectious::Appendiceal_Enterobius_Vermicularis_Pinworm,1
pathout,GI::Appendix::Inflammatory::Interval_Appendicitis,1
pathout,GI::Appendix::Inflammatory::Obstructive::Appendiceal_Fibrous_Obliteration_Neuroma,1
pathout,GI::Appendix::Inflammatory::Xanthogranulomatous_Inflammation,1
pathout,GI::Appendix::Neoplastic::Adenocarcinoma::Appendiceal_Adenocarcinoma_Intestinal_Type,1
pathout,GI::Appendix::Neoplastic::Adenocarcinoma::Appendiceal_Goblet_Cell_Adenocarcinoma,1
pathout,GI::Appendix::Neoplastic::Gastrointestinal_Stromal_Tumor,1
pathout,GI::Appendix::Neoplastic::Inverted_Appendix,1
pathout,GI::Appendix::Neoplastic::Malignant::Lamn_And_Hamn,1
pathout,GI::Appendix::Neoplastic::Malignant::Pseudomyxoma_Peritonei_Mucinous_Carcinoma_Peritonei,1
pathout,GI::Appendix::Neoplastic::Malignant::Staging_Carcinoma_Mucinous_Neoplasms,1
pathout,GI::Appendix::Neoplastic::Mucinous::Appendiceal_Mucinous_Adenocarcinoma_Invasive,1
pathout,GI::Appendix::Neoplastic::Neuroendocrine::Appendiceal_Neuroendocrine_Tumor_Well_Differentiated,5
pathout,GI::Appendix::Neoplastic::Polyp::Appendiceal_Sessile_Serrated_Lesion,1
pathout,GI::Biliary::Concept::Classification::Benign_Recurrent_Intrahepatic_Cholestasis,1
pathout,GI::Biliary::Concept::Classification::Liver_Transplantation_Overview,1
pathout,GI::Biliary::Concept::Classification::WHO_Classification,1
pathout,GI::Biliary::Concept::Management_Workup::Hereditary_Hemorrhagic_Telangiectasia,1
pathout,GI::Biliary::Congenital_Structural::Ancillary_Techniques,1
pathout,GI::Biliary::Congenital_Structural::Choledochal_Cyst,1
pathout,GI::Biliary::Congenital_Structural::Polycystic_Liver_Disease,1
pathout,GI::Biliary::Depositional_Metabolic::Transplantation_Surgical_Vascular_Complications,1
pathout,GI::Biliary::Infectious::Visceral_Myopathy,1
pathout,GI::Biliary::Inflammatory::Caroli_Disease,1
pathout,GI::Biliary::Inflammatory::Chronic_Hepatitis,1
pathout,GI::Biliary::Inflammatory::Chronic_Hepatitis_Grading_Staging,1
pathout,GI::Biliary::Inflammatory::Granulomatous_Hepatitis,1
pathout,GI::Biliary::Inflammatory::Neutrophilic_Dermatosis_Associated_With_Gastrointestinal_And_Hepatobiliary_Disease,1
pathout,GI::Biliary::Inflammatory::Obstructive::Large_Duct_Obstruction,1
pathout,GI::Biliary::Inflammatory::Portal_Vein_Obstruction,1
pathout,GI::Biliary::Inflammatory::Primary_Biliary_Cholangitis,1
pathout,GI::Biliary::Inflammatory::Pyogenic_Abscess,1
pathout,GI::Biliary::Inflammatory::Secondary_Biliary_Cirrhosis,1
pathout,GI::Biliary::Inflammatory::WHO_Reporting_System_For_Pancreaticobiliary_Cytopathology,1
pathout,GI::Biliary::Neoplastic::Intraductal_Papillary_Neoplasm_Of_The_Bile_Ducts,1
pathout,GI::Biliary::Neoplastic::Intrahepatic_Biliary_Atresia,1
pathout,GI::Biliary::Neoplastic::Precursor::Biliary_Intraepithelial_Neoplasia_BilIN,1
pathout,GI::Biliary::Neoplastic::Precursor::Other_Flukes_Clonorchis_Opisthorchis,1
pathout,GI::Biliary::Normal_Histology::Anatomy_And_Histology,1
pathout,GI::Biliary::Normal_Histology::Extrahepatic_Biliary_Atresia,1
pathout,GI::Colon::Concept::Classification::Escherichia_Coli,1
pathout,GI::Colon::Concept::Classification::HER2_Colon,1
pathout,GI::Colon::Concept::Classification::Mast_Cell_Disorders,1
pathout,GI::Colon::Concept::Classification::Salmonella_Typhoid_And_Nontyphoidal,1
pathout,GI::Colon::Concept::Classification::WHO_Classification,1
pathout,GI::Colon::Concept::Laboratory_Operations::Yersiniosis,1
pathout,GI::Colon::Concept::Management_Workup::Ibd_Associated,1
pathout,GI::Colon::Concept::Management_Workup::Posttreatment_Changes,1
pathout,GI::Colon::Concept::Management_Workup::Volvulus,1
pathout,GI::Colon::Concept::Molecular_Genetics::Apc_Gene,1
pathout,GI::Colon::Concept::Molecular_Genetics::Colon_Cancer_Biomarker_Testing_Including_MSI_Lynch,1
pathout,GI::Colon::Concept::Molecular_Genetics::Common_Variable_Immunodeficiency_Cvid,1
pathout,GI::Colon::Concept::Molecular_Genetics::Graft_Versus_Host_Disease,1
pathout,GI::Colon::Concept::Molecular_Genetics::Microsatellite_Instability_Pathway,1
pathout,GI::Colon::Concept::Molecular_Genetics::Serrated_Lesions_General,1
pathout,GI::Colon::Concept::Molecular_Genetics::Serrated_Pathway,1
pathout,GI::Colon::Concept::Other::Apoptotic_Colopathy,1
pathout,GI::Colon::Concept::Other::Ehlers_Danlos_Syndrome,1
pathout,GI::Colon::Concept::Other::Gardner_Syndrome,1
pathout,GI::Colon::Concept::Other::Idiopathic_Retroperitoneal_Fibrosis,1
pathout,GI::Colon::Concept::Other::Intestinal_Spirochetosis,1
pathout,GI::Colon::Concept::Other::Xanthoma,1
pathout,GI::Colon::Concept::Reporting_Grossing::Endometriosis,1
pathout,GI::Colon::Concept::Reporting_Grossing::Grossing_And_Features_To_Report,1
pathout,GI::Colon::Concept::Reporting_Grossing::Infarct,1
pathout,GI::Colon::Congenital_Structural::Adhesions,1
pathout,GI::Colon::Congenital_Structural::Aganglionosis::Colonic_Hirschsprung_Disease,1
pathout,GI::Colon::Congenital_Structural::Atresia,1
pathout,GI::Colon::Congenital_Structural::Cyst_Of_Retrorectal_Space,1
pathout,GI::Colon::Congenital_Structural::Diverticulosis,1
pathout,GI::Colon::Congenital_Structural::Duplication,1
pathout,GI::Colon::Congenital_Structural::Mucosal_Schwann_Cell_Hamartoma,1
pathout,GI::Colon::Congenital_Structural::Pneumatosis_Cystoides_Intestinalis,1
pathout,GI::Colon::Congenital_Structural::Structural::Colonic_Solitary_Rectal_Ulcer_SyndROME_Prolapse,1
pathout,GI::Colon::Congenital_Structural::Tailgut_Cyst,1
pathout,GI::Colon::Depositional_Metabolic::Amyloidosis,1
pathout,GI::Colon::Depositional_Metabolic::Chronic_Intestinal_Pseudo_Obstruction,1
pathout,GI::Colon::Depositional_Metabolic::Melanosis_Coli,1
pathout,GI::Colon::Depositional_Metabolic::Vibrio_Cholerae,1
pathout,GI::Colon::Infectious::Adenovirus,1
pathout,GI::Colon::Infectious::Amebic_Colitis,1
pathout,GI::Colon::Infectious::Balantidiasis,1
pathout,GI::Colon::Infectious::Basidiobolomycosis,1
pathout,GI::Colon::Infectious::Campylobacter_Jejuni,1
pathout,GI::Colon::Infectious::Covid_19_Associated_Colitis,1
pathout,GI::Colon::Infectious::Cryptosporidiosis,1
pathout,GI::Colon::Infectious::Cytomegalovirus_CMV,1
pathout,GI::Colon::Infectious::Fasciola,1
pathout,GI::Colon::Infectious::Malakoplakia,1
pathout,GI::Colon::Infectious::Mycobacterium_Avium_Intracellulare,1
pathout,GI::Colon::Infectious::Pyogenic_Granuloma,1
pathout,GI::Colon::Infectious::Sapovirus,1
pathout,GI::Colon::Infectious::Schistosomiasis,1
pathout,GI::Colon::Infectious::Sexually_Transmitted_Infectious_Colitis_Proctitis,1
pathout,GI::Colon::Infectious::Shigella,1
pathout,GI::Colon::Infectious::Trichuriasis,1
pathout,GI::Colon::Infectious::Tuberculosis,1
pathout,GI::Colon::Inflammatory::Acute_Self_Limited_Colitis,1
pathout,GI::Colon::Inflammatory::Angiotensin_Receptor_Blocker_Arb_Colitis,1
pathout,GI::Colon::Inflammatory::Anti_PD1_Associated_Colitis,1
pathout,GI::Colon::Inflammatory::Behcets_Syndrome,1
pathout,GI::Colon::Inflammatory::Brown_Bowel_Syndrome,1
pathout,GI::Colon::Inflammatory::Chemotherapy_Induced_Colitis,1
pathout,GI::Colon::Inflammatory::Chronic_Granulomatous_Disease,1
pathout,GI::Colon::Inflammatory::Colitis_Cystica_Profunda,1
pathout,GI::Colon::Inflammatory::Collagenous_Colitis,1
pathout,GI::Colon::Inflammatory::Crohns_Disease,1
pathout,GI::Colon::Inflammatory::Diversion_Colitis,1
pathout,GI::Colon::Inflammatory::Eosinophilic_Gastroenterocolitis,1
pathout,GI::Colon::Inflammatory::Focal_Active_Colitis,1
pathout,GI::Colon::Inflammatory::Foreign_Materials_Food,1
pathout,GI::Colon::Inflammatory::Idelalisib_Associated,1
pathout,GI::Colon::Inflammatory::Infarcted_Epiploic_Appendages,1
pathout,GI::Colon::Inflammatory::Inflammatory_Bowel_Disease_Indeterminate_Type,1
pathout,GI::Colon::Inflammatory::Ipilimumab_Associated_Colitis,1
pathout,GI::Colon::Inflammatory::Ischemic_Colitis,1
pathout,GI::Colon::Inflammatory::Lymphocytic_Colitis,1
pathout,GI::Colon::Inflammatory::Mycophenolate_Mofetil_Associated_Colitis,1
pathout,GI::Colon::Inflammatory::Nsaid_Associated_Colitis,1
pathout,GI::Colon::Inflammatory::Pill_Fragment_Associated_Colitis,1
pathout,GI::Colon::Inflammatory::Pseudomembranous_Colitis,1
pathout,GI::Colon::Inflammatory::Pulse_Granuloma,1
pathout,GI::Colon::Inflammatory::Radiation_Enterocolitis,1
pathout,GI::Colon::Inflammatory::Reactive_Nodular_Fibrous_Pseudotumor,1
pathout,GI::Colon::Inflammatory::Sclerosing_Mesenteritis,1
pathout,GI::Colon::Inflammatory::Secukinumab_Induced_Colitis,1
pathout,GI::Colon::Inflammatory::Segmental_Colitis_Associated_With_Diverticula_Scad,1
pathout,GI::Colon::Inflammatory::Stercoral_Ulcer,1
pathout,GI::Colon::Inflammatory::Typhlitis,1
pathout,GI::Colon::Inflammatory::Ulcerative_Colitis_And_Proctitis,1
pathout,GI::Colon::Inflammatory::Vasculitis,1
pathout,GI::Colon::Neoplastic::Adenocarcinoma::Colonic_Adenocarcinoma_Arising_In_Adenoma,1
pathout,GI::Colon::Neoplastic::Benign::Adenoma,1
pathout,GI::Colon::Neoplastic::Benign::Adenoma_Overview,1
pathout,GI::Colon::Neoplastic::Benign::Elastofibromatous_Change,1
pathout,GI::Colon::Neoplastic::Benign::Serrated_Epithelial_Change,1
pathout,GI::Colon::Neoplastic::Benign::Traditional_Serrated_Adenoma,1
pathout,GI::Colon::Neoplastic::Benign::Tubulovillous_Villous_Adenoma,1
pathout,GI::Colon::Neoplastic::Cronkhite_Canada_Syndrome,1
pathout,GI::Colon::Neoplastic::Gastrointestinal_Stromal_Tumor,1
pathout,GI::Colon::Neoplastic::Hemangioma,1
pathout,GI::Colon::Neoplastic::IBD_Associated::Colonic_Dysplasia_And_IBD_Related_Adenocarcinoma,1
pathout,GI::Colon::Neoplastic::Idiopathic_Myointimal_Hyperplasia_Of_Mesenteric_Veins,1
pathout,GI::Colon::Neoplastic::Lifting_Agent_Granuloma,1
pathout,GI::Colon::Neoplastic::Malignant::Aberrant_Crypt_Foci,1
pathout,GI::Colon::Neoplastic::Malignant::Adenocarcinoma,1
pathout,GI::Colon::Neoplastic::Malignant::Adenoma_With_Invasive_Carcinoma,1
pathout,GI::Colon::Neoplastic::Malignant::Chagas_Disease_Trypanosomiasis,1
pathout,GI::Colon::Neoplastic::Malignant::Chromosomal_Instability_And_Mutyh_Pathways,1
pathout,GI::Colon::Neoplastic::Malignant::Colon_Carcinoma_Overview,1
pathout,GI::Colon::Neoplastic::Malignant::Hepatoid_Carcinoma,1
pathout,GI::Colon::Neoplastic::Malignant::Histoplasmosis,1
pathout,GI::Colon::Neoplastic::Malignant::Intramucosal_Carcinoma,1
pathout,GI::Colon::Neoplastic::Malignant::Leiomyosarcoma,1
pathout,GI::Colon::Neoplastic::Malignant::Low_Grade_Tubuloglandular_Adenocarcinoma,1
pathout,GI::Colon::Neoplastic::Malignant::Lymphoglandular_Complex_Like_Colorectal_Carcinoma,1
pathout,GI::Colon::Neoplastic::Malignant::Medullary_Carcinoma,1
pathout,GI::Colon::Neoplastic::Malignant::Micropapillary_Carcinoma,1
pathout,GI::Colon::Neoplastic::Malignant::Scleroderma,1
pathout,GI::Colon::Neoplastic::Malignant::Serrated_Adenocarcinoma_Sac,1
pathout,GI::Colon::Neoplastic::Malignant::Signet_Ring_Cell_Carcinoma,1
pathout,GI::Colon::Neoplastic::Malignant::Staging_Carcinoma,1
pathout,GI::Colon::Neoplastic::Malignant::Turcot_Syndrome,1
pathout,GI::Colon::Neoplastic::Mucosal_Prolapse_Polyp,1
pathout,GI::Colon::Neoplastic::Muir_Torre_Syndrome,1
pathout,GI::Colon::Neoplastic::Polyp_Overview,1
pathout,GI::Colon::Neoplastic::Precursor::Intestinal_Neuronal_Dysplasia,1
pathout,GI::Colon::Neoplastic::Precursor::Nonconventional_Dysplasia,1
pathout,GI::Colon::Normal_Histology::Anatomy_And_Histology,1
pathout,GI::Colon::Normal_Histology::Tactile_Corpuscle_Like_Bodies,1
pathout,GI::Colon::Polyp::Hamartoma::Juvenile_Polyp,2
pathout,GI::Colon::Polyp::Serrated::Colorectal_Hyperplastic_Polyp_Overview,4
pathout,GI::Esophagus::Concept::Reporting_Grossing::Graft_Versus_Host_Disease,1
pathout,GI::Esophagus::Concept::Reporting_Grossing::Grossing_And_Features_To_Report,1
pathout,GI::Esophagus::Concept::Staging::Staging,1
pathout,GI::Esophagus::Congenital_Structural::Diverticula,1
pathout,GI::Esophagus::Congenital_Structural::Esophageal_Cysts_And_Duplications,1
pathout,GI::Esophagus::Congenital_Structural::Heterotopic_Ectopic_Sebaceous_Glands,1
pathout,GI::Esophagus::Congenital_Structural::Mechanical::Achalasia_Disorder,1
pathout,GI::Esophagus::Congenital_Structural::Pancreatic_Acinar_Metaplasia,1
pathout,GI::Esophagus::Congenital_Structural::Vascular::Esophageal_Varices,1
pathout,GI::Esophagus::Heterotopia::Esophageal_Gastric_Heterotopia_Inlet_Patch,1
pathout,GI::Esophagus::Infectious::Esophageal_Manifestations_Of_Collagen_Vascular_Disease,1
pathout,GI::Esophagus::Inflammatory::Crohns_Disease,1
pathout,GI::Esophagus::Inflammatory::Esophagitis::Esophageal_Eosinophilic_Esophagitis,1
pathout,GI::Esophagus::Inflammatory::Esophagitis::Esophageal_Esophagitis_Overview_NOS,1
pathout,GI::Esophagus::Inflammatory::Esophagitis::Esophageal_Lymphocytic_Esophagitis,1
pathout,GI::Esophagus::Inflammatory::Esophagitis::Esophageal_Sloughing_Esophagitis_Dissecans,1
pathout,GI::Esophagus::Inflammatory::Hsv_Esophagitis,1
pathout,GI::Esophagus::Inflammatory::Infectious::Esophageal_Candida_Esophagitis,1
pathout,GI::Esophagus::Inflammatory::Infectious::Esophageal_Cytomegalovirus_Esophagitis,1
pathout,GI::Esophagus::Inflammatory::Infectious::Esophageal_Herpes_Simplex_Virus_Esophagitis,1
pathout,GI::Esophagus::Inflammatory::Infectious::HIV_Associated_Esophageal_Ulcers,1
pathout,GI::Esophagus::Inflammatory::Injury::Esophageal_Chemical_Corrosive_Esophagitis,1
pathout,GI::Esophagus::Inflammatory::Injury::Esophageal_Pill_Induced_Esophagitis,1
pathout,GI::Esophagus::Inflammatory::Injury::Esophageal_Radiation_Esophagitis,1
pathout,GI::Esophagus::Inflammatory::Lichenoid_Esophagitis,1
pathout,GI::Esophagus::Inflammatory::Reflux_Esophagitis_Gastroesophageal_Reflux_Disease,1
pathout,GI::Esophagus::Metaplastic::Barrett::Esophageal_Barrett_Mucosa_High_Grade_Dysplasia,1
pathout,GI::Esophagus::Metaplastic::Barrett::Esophageal_Barrett_Mucosa_Overview,1
pathout,GI::Esophagus::Metaplastic::Squamous::Esophageal_Epidermoid_Metaplasia,1
pathout,GI::Esophagus::Neoplastic::Adenocarcinoma::Esophageal_Adenocarcinoma_Conventional,1
pathout,GI::Esophagus::Neoplastic::Benign::Glycogenic_Acanthosis,1
pathout,GI::Esophagus::Neoplastic::Carcinoma::Esophageal_Undifferentiated_Carcinoma,3
pathout,GI::Esophagus::Neoplastic::Gastrointestinal_Stromal_Tumor,1
pathout,GI::Esophagus::Neoplastic::Malignant::Esophageal_Sarcoma_Overview,1
pathout,GI::Esophagus::Neoplastic::Malignant::Sarcomatoid_Carcinoma,1
pathout,GI::Esophagus::Neoplastic::Mesenchymal::Esophageal_Granular_Cell_Tumor,2
pathout,GI::Esophagus::Neoplastic::Neuroendocrine::Esophageal_Neuroendocrine_Carcinoma_Small_Cell,2
pathout,GI::Esophagus::Neoplastic::Squamous::Esophageal_Squamous_Cell_Carcinoma_Basaloid,1
pathout,GI::Esophagus::Neoplastic::Squamous::Esophageal_Squamous_Cell_Carcinoma_Verrucous,1
pathout,GI::Esophagus::Neoplastic::Squamous::Esophageal_Squamous_Dysplasia,1
pathout,GI::Esophagus::Neoplastic::Squamous::Esophageal_Squamous_Papilloma,1
pathout,GI::Esophagus::Normal_Histology::Anatomy_Embryology_And_Histology,1
pathout,GI::Esophagus::Normal_Histology::Melanocytosis,1
pathout,GI::GENETICS::Syndromes::Cowden_Syndrome,2
pathout,GI::General::Neoplastic::Germ_Cell::Germ_Cell_Tumors_Digestive_System,2
pathout,GI::General::Neoplastic::Metastatic::Carcinoma_Of_Unknown_Primary_CUP,1
pathout,GI::General::Neoplastic::Metastatic::Metastases_To_Digestive_System_Sites,1
pathout,GI::General::Neoplastic::Neuroendocrine::Paraganglioma,1
pathout,GI::Hematolymphoid::T_Cell_Lymphoma::Indolent_T_Cell_Lymphoma_GI_Tract,1
pathout,GI::Liver::Concept::Classification::Alagille_Syndrome,1
pathout,GI::Liver::Concept::Classification::Focal_Fatty_Change,1
pathout,GI::Liver::Concept::Classification::Gaucher_Disease,1
pathout,GI::Liver::Concept::Classification::Portal_Hypertension,1
pathout,GI::Liver::Concept::Classification::Portosinusoidal_Vascular_Disease,1
pathout,GI::Liver::Concept::Classification::Sinusoidal_Obstruction_Syndrome_Venoocclusive_Disease_Sos_Vod,1
pathout,GI::Liver::Concept::Grading::High_Grade_Dysplastic_Nodule,1
pathout,GI::Liver::Concept::Grading::Low_Grade_Dysplastic_Nodule,1
pathout,GI::Liver::Concept::Laboratory_Operations::Cirrhosis,1
pathout,GI::Liver::Concept::Laboratory_Operations::Fasciola_Hepatica,1
pathout,GI::Liver::Concept::Molecular_Genetics::Alcohol_Associated_Liver_Disease,1
pathout,GI::Liver::Concept::Molecular_Genetics::Erythropoietic_Protoporphyria,1
pathout,GI::Liver::Concept::Molecular_Genetics::Large_Regenerative_Nodule,1
pathout,GI::Liver::Concept::Molecular_Genetics::Macroregenerative_Nodule,1
pathout,GI::Liver::Concept::Molecular_Genetics::Navajo_Hepatopathy,1
pathout,GI::Liver::Concept::Molecular_Genetics::Primary_Hyperoxaluria,1
pathout,GI::Liver::Concept::Molecular_Genetics::Vascular_Disorders_General,1
pathout,GI::Liver::Concept::Other::Amiodarone,1
pathout,GI::Liver::Concept::Other::Ascites,1
pathout,GI::Liver::Concept::Other::Liver_Function_Test_Panel,1
pathout,GI::Liver::Concept::Other::Peliosis_Hepatis,1
pathout,GI::Liver::Concept::Procedure_Specimen::Biopsy,1
pathout,GI::Liver::Concept::Procedure_Specimen::Donor_Liver_Frozen_Section_Evaluation,1
pathout,GI::Liver::Concept::Reporting_Grossing::Budd_Chiari_Syndrome,1
pathout,GI::Liver::Concept::Reporting_Grossing::Grossing_Frozen_Section_And_Features_To_Report,1
pathout,GI::Liver::Congenital_Structural::Cardiac_Congestive_Hepatopathy_And_Fontan_Associated_Liver_Disease,1
pathout,GI::Liver::Congenital_Structural::Congenital_Hepatic_Fibrosis,1
pathout,GI::Liver::Congenital_Structural::Cystic_Fibrosis,1
pathout,GI::Liver::Congenital_Structural::Echinococcal_Cyst,1
pathout,GI::Liver::Congenital_Structural::Foregut_Cyst,1
pathout,GI::Liver::Congenital_Structural::Von_Meyenburg_Complex,1
pathout,GI::Liver::Depositional_Metabolic::Arterial_Disorders,1
pathout,GI::Liver::Depositional_Metabolic::Forms_Of_Hepatic_Injury,1
pathout,GI::Liver::Depositional_Metabolic::Glycogen_Storage_Diseases,1
pathout,GI::Liver::Depositional_Metabolic::Glycogenic_Hepatopathy,1
pathout,GI::Liver::Depositional_Metabolic::Hemochromatosis,1
pathout,GI::Liver::Depositional_Metabolic::Lysosomal_Acid_Lipase_Deficiency,1
pathout,GI::Liver::Depositional_Metabolic::Niemann_Pick_Disease,1
pathout,GI::Liver::Depositional_Metabolic::Segmental_Atrophy,1
pathout,GI::Liver::Depositional_Metabolic::Wilson_Disease,1
pathout,GI::Liver::Infectious::Adenovirus_Hepatitis,1
pathout,GI::Liver::Infectious::Chronic_Viral_Hepatitis,1
pathout,GI::Liver::Infectious::Covid_19,1
pathout,GI::Liver::Infectious::Entamoeba_Histolytica_Abscess,1
pathout,GI::Liver::Infectious::Hcc_Fibrolamellar_Variant,1
pathout,GI::Liver::Infectious::Hcc_Lymphocyte_Rich,1
pathout,GI::Liver::Infectious::Hepatic_Failure,1
pathout,GI::Liver::Infectious::Hepatitis_A_Virus_Hav,1
pathout,GI::Liver::Infectious::Hepatitis_B_Virus_Hbv,1
pathout,GI::Liver::Infectious::Hepatitis_C_Virus_Hcv,1
pathout,GI::Liver::Infectious::Q_Fever,1
pathout,GI::Liver::Infectious::Reye_Syndrome,1
pathout,GI::Liver::Infectious::Schistosomiasis,1
pathout,GI::Liver::Inflammatory::Acute_Antibody_Mediated_Rejection_Including_Hyperacute_Rejection,1
pathout,GI::Liver::Inflammatory::Acute_Hepatitis_General,1
pathout,GI::Liver::Inflammatory::Acute_T_Cell_Mediated_Rejection,1
pathout,GI::Liver::Inflammatory::Ascending_Cholangitis,1
pathout,GI::Liver::Inflammatory::Autoimmune::Hepatic_Autoimmune_Hepatitis_Overlap_Syndromes,1
pathout,GI::Liver::Inflammatory::Autoimmune_Cholangitis,1
pathout,GI::Liver::Inflammatory::Checkpoint_Inhibitor_Associated_Hepatitis,1
pathout,GI::Liver::Inflammatory::Cholangitis_Lenta_Sepsis,1
pathout,GI::Liver::Inflammatory::Chronic_Antibody_Mediated_Rejection,1
pathout,GI::Liver::Inflammatory::Chronic_Rejection,1
pathout,GI::Liver::Inflammatory::Diagnostic_Patterns_Differential_Diagnosis,1
pathout,GI::Liver::Inflammatory::Drug_Toxin_Induced_Hepatitis_Acetaminophen,1
pathout,GI::Liver::Inflammatory::Drug_Toxin_Induced_Hepatitis_Dili_General,1
pathout,GI::Liver::Inflammatory::Hepatitis_Acute_And_Chronic_General,1
pathout,GI::Liver::Inflammatory::Late_T_Cell_Mediated_Cellular_Rejection,1
pathout,GI::Liver::Inflammatory::Metabolic_Dysfunction_Associated_Steatotic_Liver_Disease_Masld_Metabolic_Dysfunction_Associated_Steat_48e62ede,1
pathout,GI::Liver::Inflammatory::Methotrexate,1
pathout,GI::Liver::Inflammatory::Neonatal_Hepatitis,1
pathout,GI::Liver::Inflammatory::Pregnancy,1
pathout,GI::Liver::Inflammatory::Primary_Sclerosing_Cholangitis,1
pathout,GI::Liver::Inflammatory::Reactive_Lymphoid_Hyperplasia_Pseudolymphoma,1
pathout,GI::Liver::Inflammatory::Recurrent_Disease,1
pathout,GI::Liver::Inflammatory::Recurrent_Pyogenic_Cholangitis,1
pathout,GI::Liver::Inflammatory::Viral::Hepatic_EBV_CMV_HSV_Hepatitis,2
pathout,GI::Liver::Neoplastic::Benign::Hepatocellular_Adenoma,1
pathout,GI::Liver::Neoplastic::Benign_Biliary::Bile_Duct_Adenoma,1
pathout,GI::Liver::Neoplastic::Benign_Biliary::Biliary_Adenofibroma,1
pathout,GI::Liver::Neoplastic::Benign_Hepatocellular::Focal_Nodular_Hyperplasia,2
pathout,GI::Liver::Neoplastic::Cystic::Hepatic_Mucinous_Cystic_Neoplasm,2
pathout,GI::Liver::Neoplastic::Ductular_Reaction,1
pathout,GI::Liver::Neoplastic::Extramedullary_Hematopoiesis,1
pathout,GI::Liver::Neoplastic::Hcc_Steatohepatitic,1
pathout,GI::Liver::Neoplastic::Hemangioma,1
pathout,GI::Liver::Neoplastic::Hepatic_Infantile_Hemangioma,1
pathout,GI::Liver::Neoplastic::Malignant::Alpha_1_Antitrypsin_Deficiency,1
pathout,GI::Liver::Neoplastic::Malignant::Hcc_Clear_Cell_Variant,1
pathout,GI::Liver::Neoplastic::Malignant::Hcc_Sarcomatoid_Variant,1
pathout,GI::Liver::Neoplastic::Malignant::Hcc_Scirrhous_Type,1
pathout,GI::Liver::Neoplastic::Malignant::Hcc_Undifferentiated_Variant,1
pathout,GI::Liver::Neoplastic::Malignant::Hepatic_Small_Vessel_Neoplasm,1
pathout,GI::Liver::Neoplastic::Malignant::Hepatoblastoma,1
pathout,GI::Liver::Neoplastic::Malignant::Hepatocellular_Carcinoma_Overview,1
pathout,GI::Liver::Neoplastic::Malignant::Staging_Cholangiocarcinoma,1
pathout,GI::Liver::Neoplastic::Malignant::Staging_Hepatocellular_Carcinoma,1
pathout,GI::Liver::Neoplastic::Malignant_Biliary::Intrahepatic_Cholangiocarcinoma_Large_Duct,1
pathout,GI::Liver::Neoplastic::Malignant_Mixed::Combined_Hepatocellular_Cholangiocarcinoma,1
pathout,GI::Liver::Neoplastic::Mesenchymal::Embryonal_Sarcoma,1
pathout,GI::Liver::Neoplastic::Mesenchymal::Hepatic_Mesenchymal_Hamartoma,1
pathout,GI::Liver::Neoplastic::Metastatic::Metastases_To_Liver,1
pathout,GI::Liver::Neoplastic::Mixed::Calcifying_Nested_Stromal_Epithelial_Tumor,1
pathout,GI::Liver::Neoplastic::Precursor::Liver_Cell_Dysplasia,1
pathout,GI::Liver::Normal_Histology::Liver_Dysfunction,1
pathout,GI::Liver::Normal_Histology::Malnutrition_Total_Parenteral_Nutrition,1
pathout,GI::Mesenchymal::Adipocytic::Lipoma,2
pathout,GI::Mesenchymal::Adipocytic::Liposarcoma,1
pathout,GI::Mesenchymal::Fibroblastic_Adipose::Inflammatory_Fibroid_Polyp,1
pathout,GI::Mesenchymal::Fibroblastic_Adipose::Inflammatory_Myofibroblastic_Tumor,2
pathout,GI::Mesenchymal::Muscle::Leiomyoma,3
pathout,GI::Mesenchymal::Muscle::Leiomyosarcoma,1
pathout,GI::Mesenchymal::Neural::Ganglioneuroma,2
pathout,GI::Mesenchymal::Neural::Ganglioneuromatosis,1
pathout,GI::Mesenchymal::Neural::Perineurioma,1
pathout,GI::Mesenchymal::Neural::Schwannoma,2
pathout,GI::Mesenchymal::Smooth_Muscle::Smooth_Muscle_Tumors,1
pathout,GI::Mesenchymal::Uncertain_Diff::PEComa_including_Angiomyolipoma,1
pathout,GI::Mesenchymal::Vascular::Angiosarcoma,2
pathout,GI::Mesenchymal::Vascular::Epithelioid_Hemangioendothelioma,1
pathout,GI::Mesenchymal::Vascular::Kaposi_Sarcoma,1
pathout,GI::Other::Mucosal_Melanoma_of_the_Digestive_System,1
pathout,GI::Other::Neoplastic::Intra_Ampullary_Papillary_Tubular_Neoplasm_Iapn,1
pathout,GI::Other::Neoplastic::Malignant::Adenocarcinoma_Ampulla,1
pathout,GI::Other::Normal_Histology::Anatomy_And_Histology_Ampulla,1
pathout,GI::Pancreas::Benign_Precursors::Acinar_Cystic_Transformation_of_the_Pancreas,1
pathout,GI::Pancreas::Concept::Classification::Nesidioblastosis,1
pathout,GI::Pancreas::Concept::Classification::Progressive_Familial_Intrahepatic_Cholestasis,1
pathout,GI::Pancreas::Concept::Classification::WHO_Classification,1
pathout,GI::Pancreas::Concept::Grading::Risk_Stratification_Of_Ipmns,1
pathout,GI::Pancreas::Concept::Management_Workup::Heterotopic_Pancreas,1
pathout,GI::Pancreas::Concept::Procedure_Specimen::Frozen_Section,1
pathout,GI::Pancreas::Concept::Reporting_Grossing::Features_To_Report_Pancreatectomy,1
pathout,GI::Pancreas::Concept::Reporting_Grossing::Grossing,1
pathout,GI::Pancreas::Concept::Staging::Staging_Exocrine,1
pathout,GI::Pancreas::Congenital_Structural::Cystic_Fibrosis,1
pathout,GI::Pancreas::Congenital_Structural::Lymphoepithelial_Cysts,1
pathout,GI::Pancreas::Congenital_Structural::Pseudocysts,1
pathout,GI::Pancreas::Congenital_Structural::Squamoid_Cyst_Of_Pancreatic_Ducts,1
pathout,GI::Pancreas::Congenital_Structural::True_Cysts,1
pathout,GI::Pancreas::Inflammatory::Acute_Pancreatitis,1
pathout,GI::Pancreas::Inflammatory::Allograft_Rejection,1
pathout,GI::Pancreas::Inflammatory::Autoimmune_Pancreatitis_Type_2,1
pathout,GI::Pancreas::Inflammatory::Chronic_Pancreatitis,1
pathout,GI::Pancreas::Inflammatory::PRSS1_Hereditary_Pancreatitis,1
pathout,GI::Pancreas::Neoplastic::Acth_Secreting_Tumors,1
pathout,GI::Pancreas::Neoplastic::Benign::MEN1_Syndrome,1
pathout,GI::Pancreas::Neoplastic::Benign::Serous_Cystadenoma,1
pathout,GI::Pancreas::Neoplastic::Blastemal::Pancreatoblastoma,1
pathout,GI::Pancreas::Neoplastic::Cystic::Pancreatic_Intraductal_Oncocytic_Papillary_Neoplasm_IOPN,2
pathout,GI::Pancreas::Neoplastic::Cystic::Pancreatic_Intraductal_Tubulopapillary_Neoplasm_ITPN,1
pathout,GI::Pancreas::Neoplastic::Cystic::Pancreatic_Mucinous_Cystic_Neoplasm,1
pathout,GI::Pancreas::Neoplastic::Cystic::Pancreatic_Simple_Mucinous_Cyst,2
pathout,GI::Pancreas::Neoplastic::Intraductal_Papillary_Mucinous_Neoplasm_Ipmn,1
pathout,GI::Pancreas::Neoplastic::Malignant::Colloid_Carcinoma,1
pathout,GI::Pancreas::Neoplastic::Malignant::Ductal_Adenocarcinoma_NOS,1
pathout,GI::Pancreas::Neoplastic::Malignant::Medullary_Carcinoma,1
pathout,GI::Pancreas::Neoplastic::Malignant::Molecular_Genetics_Of_Pancreatic_Ductal_Carcinoma,1
pathout,GI::Pancreas::Neoplastic::Malignant::Staging_Ampulla_Carcinoma,1
pathout,GI::Pancreas::Neoplastic::Malignant::Undifferentiated_Carcinoma_With_Osteoclast_Like_Giant_Cells,1
pathout,GI::Pancreas::Neoplastic::Neuroendocrine::Pancreatic_MiNEN_Mixed_Neuroendocrine_Nonneuroendocrine_Neoplasm,3
pathout,GI::Pancreas::Neoplastic::Neuroendocrine::Pancreatic_NET::Gastrinoma,1
pathout,GI::Pancreas::Neoplastic::Neuroendocrine::Pancreatic_NET::Glucagonoma,1
pathout,GI::Pancreas::Neoplastic::Neuroendocrine::Pancreatic_NET::Insulinoma,1
pathout,GI::Pancreas::Neoplastic::Neuroendocrine::Pancreatic_NET::Somatostatinoma,1
pathout,GI::Pancreas::Neoplastic::Neuroendocrine::Pancreatic_NET::VIPoma,1
pathout,GI::Pancreas::Neoplastic::Neuroendocrine::Pancreatic_Neuroendocrine_Carcinoma,4
pathout,GI::Pancreas::Neoplastic::Pancreatic_Polypeptide_Secreting_Tumors,1
pathout,GI::Pancreas::Neoplastic::Precursor::PanIN_Pancreatic_Intraepithelial_Neoplasia,1
pathout,GI::Pancreas::Neoplastic::Sclerosing_Epithelioid_Mesenchymal_Neoplasm,1
pathout,GI::Pancreas::Neoplastic::Solid_Pseudopapillary_Neoplasm,1
pathout,GI::Pancreas::Normal_Histology::Anatomy_And_Histology,1
pathout,GI::Pancreas::Normal_Histology::Diabetes_Mellitus,1
pathout,GI::PathOut_Residual_Generated::Nasalallergicrhinitis,1
pathout,GI::PathOut_Residual_Generated::Nasalstagingnasopharynx,1
pathout,GI::PathOut_Residual_Generated::Oralcavitygingivalhyperplasia,1
pathout,GI::Small_Intestine::Concept::Classification::WHO_Classification,1
pathout,GI::Small_Intestine::Concept::Management_Workup::Heterotopic_Gastric_Mucosa,1
pathout,GI::Small_Intestine::Concept::Molecular_Genetics::Common_Variable_Immunodeficiency_Syndrome,1
pathout,GI::Small_Intestine::Concept::Molecular_Genetics::Malabsorption_General,1
pathout,GI::Small_Intestine::Concept::Other::Celiac_Sprue,1
pathout,GI::Small_Intestine::Concept::Reporting_Grossing::Diaphragm_Disease,1
pathout,GI::Small_Intestine::Concept::Reporting_Grossing::Grossing_And_Features_To_Report,1
pathout,GI::Small_Intestine::Congenital_Structural::Diverticula_Other_Than_Meckel,1
pathout,GI::Small_Intestine::Congenital_Structural::Enterogenous_Cysts,1
pathout,GI::Small_Intestine::Congenital_Structural::Heterotopia::Small_Intestinal_Gastric_Heterotopia,1
pathout,GI::Small_Intestine::Congenital_Structural::Malformation::Small_Intestinal_Lymphangioma,1
pathout,GI::Small_Intestine::Congenital_Structural::Malformation::Small_Intestinal_Primary_Lymphangiectasia,1
pathout,GI::Small_Intestine::Congenital_Structural::Pneumatosis_Cystoides_Intestinalis,1
pathout,GI::Small_Intestine::Congenital_Structural::Structural::Small_Intestinal_Meckel_Diverticulum,1
pathout,GI::Small_Intestine::Depositional_Metabolic::Ischemia,1
pathout,GI::Small_Intestine::Infectious::Bacterial::Small_Intestinal_Whipple_Disease,1
pathout,GI::Small_Intestine::Infectious::Giardia_Lamblia,1
pathout,GI::Small_Intestine::Infectious::Infectious_Disorders_General,1
pathout,GI::Small_Intestine::Inflammatory::Acute::Small_Intestinal_Necrotizing_Enterocolitis,2
pathout,GI::Small_Intestine::Inflammatory::Enteritis_Cystica_Profunda,1
pathout,GI::Small_Intestine::Inflammatory::IBD::Small_Intestinal_Crohn_Disease,1
pathout,GI::Small_Intestine::Inflammatory::Ileal_Pouch_Pouchitis,1
pathout,GI::Small_Intestine::Inflammatory::Injury::Small_Intestinal_Drug_Induced_Enteropathy_Olmesartan,1
pathout,GI::Small_Intestine::Inflammatory::Injury::Small_Intestinal_Peptic_Duodenitis,1
pathout,GI::Small_Intestine::Inflammatory::Lymphocytic_Enterocolitis,1
pathout,GI::Small_Intestine::Inflammatory::Malabsorption::Small_Intestinal_Autoimmune_Enteropathy,1
pathout,GI::Small_Intestine::Inflammatory::Meconium_Peritonitis,1
pathout,GI::Small_Intestine::Inflammatory::Radiation_Enterocolitis,1
pathout,GI::Small_Intestine::Inflammatory::Reactive_Nodular_Fibrous_Pseudotumor,1
pathout,GI::Small_Intestine::Inflammatory::Rejection,1
pathout,GI::Small_Intestine::Inflammatory::Retroperitoneal_Fibrosis_Sclerosing_Mesenteritis,1
pathout,GI::Small_Intestine::Inflammatory::Ulcerative_Colitis,1
pathout,GI::Small_Intestine::Neoplastic::Adenocarcinoma::Small_Intestinal_Adenocarcinoma_Conventional,1
pathout,GI::Small_Intestine::Neoplastic::Adenoma::Ampullary_Tubular_Adenoma,2
pathout,GI::Small_Intestine::Neoplastic::Adenoma::Duodenal_Non_Ampullary_Adenoma,1
pathout,GI::Small_Intestine::Neoplastic::Benign::Heterotopic_Pancreas,1
pathout,GI::Small_Intestine::Neoplastic::Benign::Nonampullary_Adenoma,1
pathout,GI::Small_Intestine::Neoplastic::GIST,1
pathout,GI::Small_Intestine::Neoplastic::Malignant::Histology_Small_Intestine,1
pathout,GI::Small_Intestine::Neoplastic::Malignant::Immunoproliferative_Small_Intestinal_Disease_Isid,1
pathout,GI::Small_Intestine::Neoplastic::Malignant::Malignant_Gi_Neuroectodermal_Tumor,1
pathout,GI::Small_Intestine::Neoplastic::Malignant::Pseudomelanosis_Duodeni,1
pathout,GI::Small_Intestine::Neoplastic::Malignant::Staging_Small_Intestine_Carcinoma,1
pathout,GI::Small_Intestine::Normal_Histology::Normal_Anatomy,3
pathout,GI::Small_Intestine::Polyp::Hamartoma::Small_Intestinal_Brunner_Gland_Hamartoma,1
pathout,GI::Small_Intestine::Polyp::Hamartoma::Small_Intestinal_Peutz_Jeghers_Type_Polyp,3
pathout,GI::Stomach::Concept::Classification::WHO_Classification,1
pathout,GI::Stomach::Concept::Molecular_Genetics::Molecular_Pathology,1
pathout,GI::Stomach::Concept::Other::Cronkhite_Canada,1
pathout,GI::Stomach::Concept::Other::Peptic_Ulcer_Disease,1
pathout,GI::Stomach::Concept::Procedure_Specimen::Graft_Versus_Host_Disease,1
pathout,GI::Stomach::Concept::Reporting_Grossing::Features_To_Report_And_Grossing,1
pathout,GI::Stomach::Congenital_Structural::Arteriovenous_Malformation,1
pathout,GI::Stomach::Congenital_Structural::Heterotopic_Pancreas_Pancreatic_Acinar_Metaplasia,1
pathout,GI::Stomach::Congenital_Structural::Intestinal_Metaplasia,1
pathout,GI::Stomach::Congenital_Structural::Structural::Gastric_Pyloric_Stenosis,1
pathout,GI::Stomach::Depositional_Metabolic::Amyloid,1
pathout,GI::Stomach::Depositional_Metabolic::Gastric_Mucosal_Calcinosis,1
pathout,GI::Stomach::Depositional_Metabolic::Gastric_Xanthoma,1
pathout,GI::Stomach::Depositional_Metabolic::Lanthanum_Carbonate_Deposition,1
pathout,GI::Stomach::Gastropathy::Hypertrophic::Gastric_Menetrier_Disease,1
pathout,GI::Stomach::Gastropathy::Hypertrophic::Gastric_Zollinger_Ellison_Syndrome,1
pathout,GI::Stomach::Gastropathy::Reactive::Gastric_Proton_Pump_Inhibitor_Effect,1
pathout,GI::Stomach::Gastropathy::Reactive::Gastric_Reactive_Gastropathy_Chemical,1
pathout,GI::Stomach::Gastropathy::Vascular::Gastric_Antral_Vascular_Ectasia_GAVE,2
pathout,GI::Stomach::Gastropathy::Vascular::Gastric_Portal_Hypertensive_Gastropathy,2
pathout,GI::Stomach::Infectious::CMV,1
pathout,GI::Stomach::Infectious::Doxycycline,1
pathout,GI::Stomach::Infectious::Strongyloides_Stercoralis,1
pathout,GI::Stomach::Inflammatory::Eosinophilic_Gastroenterocolitis,1
pathout,GI::Stomach::Inflammatory::Erosive_Gastritis,1
pathout,GI::Stomach::Inflammatory::Gastritis::Gastric_Acute_Hemorrhagic_Gastritis,2
pathout,GI::Stomach::Inflammatory::Gastritis::Gastric_Autoimmune_Metaplastic_Atrophic_Gastritis_AMAG,1
pathout,GI::Stomach::Inflammatory::Gastritis::Gastric_Chronic_Helicobacter_Pylori_Gastritis,2
pathout,GI::Stomach::Inflammatory::Gastritis::Gastric_Collagenous_Gastritis,1
pathout,GI::Stomach::Inflammatory::Gastritis::Gastric_Granulomatous_Gastritis,1
pathout,GI::Stomach::Inflammatory::Gastritis::Gastric_Helicobacter_Heilmannii_Gastritis,1
pathout,GI::Stomach::Inflammatory::Gastritis::Gastric_Lymphocytic_Gastritis_Celiac_Associated,1
pathout,GI::Stomach::Inflammatory::Gastritis::Gastric_Multifocal_Atrophic_Gastritis,1
pathout,GI::Stomach::Inflammatory::Gastritis_Cystica_Polyposa,1
pathout,GI::Stomach::Inflammatory::Gastritis_Features_To_Report,1
pathout,GI::Stomach::Inflammatory::Iron_Pill_Gastritis_Pill_Gastritis,1
pathout,GI::Stomach::Inflammatory::Russell_Body_Gastritis,1
pathout,GI::Stomach::Neoplastic::Adenocarcinoma::Gastric_Adenocarcinoma_Diffuse_Signet_Ring_Type,1
pathout,GI::Stomach::Neoplastic::Adenocarcinoma::Gastric_Adenocarcinoma_Hepatoid_Variant,1
pathout,GI::Stomach::Neoplastic::Adenocarcinoma::Gastric_Carcinoma_With_Lymphoid_Stroma_EBV,1
pathout,GI::Stomach::Neoplastic::Adenocarcinoma::Gastric_Gastroblastoma,1
pathout,GI::Stomach::Neoplastic::Adenomyoma,1
pathout,GI::Stomach::Neoplastic::Benign::Adenomas,1
pathout,GI::Stomach::Neoplastic::Carcinoma::Gastric_Adenosquamous_Carcinoma,4
pathout,GI::Stomach::Neoplastic::Carcinoma::Gastric_Squamous_Cell_Carcinoma,1
pathout,GI::Stomach::Neoplastic::HER2_Stomach_Ge_Junction,1
pathout,GI::Stomach::Neoplastic::Malignant::Carcinoma_General,1
pathout,GI::Stomach::Neoplastic::Malignant::Hereditary_Diffuse_Gastric_Cancer,1
pathout,GI::Stomach::Neoplastic::Malignant::Staging_Carcinoma,1
pathout,GI::Stomach::Neoplastic::Mesenchymal::Gastric_GIST_Spindle_And_Epithelioid,1
pathout,GI::Stomach::Neoplastic::Mesenchymal::Gastric_Glomus_Tumor,1
pathout,GI::Stomach::Neoplastic::Mesenchymal::Gastric_Plexiform_Fibromyxoma,1
pathout,GI::Stomach::Neoplastic::Neuroendocrine::Gastric_Neuroendocrine_Tumor_Type_1_Autoimmune,1
pathout,GI::Stomach::Neoplastic::Precursor::Gastric_Dysplasia,1
pathout,GI::Stomach::Neoplastic::Staging_GIST,1
pathout,GI::Stomach::Normal_Histology::Anatomy_And_Histology,1
pathout,GI::Stomach::Normal_Histology::Bezoars,1
pathout,GI::Stomach::Polyp::Adenoma::Gastric_Oxyntic_Gland_Adenoma,1
pathout,GI::Stomach::Polyp::Adenoma::Gastric_Pyloric_Gland_Adenoma,1
pathout,GI::Stomach::Polyp::Epithelial::Gastric_Fundic_Gland_Polyp,1
pathout,GI::Stomach::Polyp::Reactive::Gastric_Inflammatory_Fibroid_Polyp_Vanek,5
pathout,GI::Syndrome::Cancer_Predisposition::Hereditary_Colorectal::Lynch_Syndrome,1
pathout,GI::Syndrome::Cancer_Predisposition::Hereditary_Pancreatic::Hereditary_Familial_Pancreatic_Cancer,1
pathout,GI::Syndrome::Polyposis::Adenomatous::Familial_Adenomatous_Polyposis_APC,2
pathout,GI::Syndrome::Polyposis::Adenomatous::MUTYH_Associated_Polyposis_MUTYH,1
pathout,GI::Syndrome::Polyposis::Adenomatous::Polymerase_Proofreading_Associated_Polyposis_POLE_POLD1,1
pathout,GI::Syndrome::Polyposis::Hamartomatous::Juvenile_Polyposis_Syndrome,2
pathout,GI::Syndrome::Polyposis::Mixed::Hereditary_Mixed_Polyposis_Syndrome_GREM1,1
pathout,GI::Syndrome::Polyposis::Serrated::Serrated_Polyposis,1
pathout,GU::Bladder::Concept::Classification::Exstrophy,1
pathout,GU::Bladder::Concept::Classification::IHC_Overview,1
pathout,GU::Bladder::Concept::Classification::Ossification,1
pathout,GU::Bladder::Concept::Classification::WHO_Classification,1
pathout,GU::Bladder::Concept::Classification::WHO_Classification_Penisscrotumwho,1
pathout,GU::Bladder::Concept::Classification::WHO_Classification_Prostatewho,1
pathout,GU::Bladder::Concept::Classification::WHO_Classification_Testistestclassif,1
pathout,GU::Bladder::Concept::Classification::With_Squamous_Differentiation,1
pathout,GU::Bladder::Concept::Grading::Grading_Bladder,1
pathout,GU::Bladder::Concept::IHC_Markers::Prostate_Specific_Membrane_Antigen_Psma,1
pathout,GU::Bladder::Concept::Laboratory_Operations::Hydrocele,1
pathout,GU::Bladder::Concept::Management_Workup::Persistent_Cloaca,1
pathout,GU::Bladder::Concept::Management_Workup::Treatment_Effect,1
pathout,GU::Bladder::Concept::Molecular_Genetics::Splenogonadal_Fusion,1
pathout,GU::Bladder::Concept::Procedure_Specimen::Biopsy,1
pathout,GU::Bladder::Concept::Reporting_Grossing::Disorders_Of_Sexual_Differentiation,1
pathout,GU::Bladder::Concept::Reporting_Grossing::Features_To_Report_Grossing_And_Frozen_Section,1
pathout,GU::Bladder::Concept::Reporting_Grossing::Grossing_And_Features_To_Report,1
pathout,GU::Bladder::Concept::Reporting_Grossing::Grossing_And_Features_To_Report_Prostategrossing,1
pathout,GU::Bladder::Concept::Reporting_Grossing::Grossing_And_Features_To_Report_Testisgrossing,1
pathout,GU::Bladder::Concept::Staging::Staging,1
pathout,GU::Bladder::Concept::Staging::Staging_Penis,1
pathout,GU::Bladder::Concept::Staging::Staging_Testisstaging,1
pathout,GU::Bladder::Congenital_Developmental::Diverticula,1
pathout,GU::Bladder::Congenital_Structural::Arteriovenous_Malformation,1
pathout,GU::Bladder::Congenital_Structural::Duplication,1
pathout,GU::Bladder::Congenital_Structural::Nonneoplastic_Metaplasia,1
pathout,GU::Bladder::Congenital_Structural::Spermatocele,1
pathout,GU::Bladder::Congenital_Structural::With_Trophoblastic_Differentiation,1
pathout,GU::Bladder::Depositional_Metabolic::Hgpin_With_Adjacent_Atypical_Glands,1
pathout,GU::Bladder::Glandular_Neoplasms::Adenocarcinoma_Non_Urachal,1
pathout,GU::Bladder::Glandular_Neoplasms::Villous_Adenoma,1
pathout,GU::Bladder::Histology_,3
pathout,GU::Bladder::Infectious::Schistosomiasis,2
pathout,GU::Bladder::Inflammatory::Abscess,1
pathout,GU::Bladder::Inflammatory::Balanitis_Phimosis,1
pathout,GU::Bladder::Inflammatory::Bullous_Cystitis,1
pathout,GU::Bladder::Inflammatory::Epididymitis,1
pathout,GU::Bladder::Inflammatory::Flat_Lesions_With_Atypia_Of_Unknown_Significance,1
pathout,GU::Bladder::Inflammatory::Flat_Lesions_With_Reactive_Changes,1
pathout,GU::Bladder::Inflammatory::Granulomatous_Cystitis,1
pathout,GU::Bladder::Inflammatory::Granulomatous_Inflammation,1
pathout,GU::Bladder::Inflammatory::Hemorrhagic_Cystitis,1
pathout,GU::Bladder::Inflammatory::Interstitial_Cystitis,1
pathout,GU::Bladder::Inflammatory::Lichen_Sclerosus_Balanitis_Xerotica_Obliterans,1
pathout,GU::Bladder::Inflammatory::Polyp::Urethral_Polyp,1
pathout,GU::Bladder::Inflammatory::Postoperative_Spindle_Cell_Nodule,1
pathout,GU::Bladder::Inflammatory::Prostatitis,1
pathout,GU::Bladder::Inflammatory::Vasculitis,1
pathout,GU::Bladder::Inflammatory::Vasitis_Nodosa,1
pathout,GU::Bladder::Mesenchymal::Angiosarcoma,1
pathout,GU::Bladder::Mesenchymal::Fibroepithelial_Polyp,1
pathout,GU::Bladder::Mesenchymal::Inflammatory_Myofibroblastic_Tumor,1
pathout,GU::Bladder::Mesenchymal::Leiomyoma,1
pathout,GU::Bladder::Mesenchymal::Leiomyosarcoma,1
pathout,GU::Bladder::Mesenchymal::Rhabdomyosarcoma,1
pathout,GU::Bladder::Mesenchymal::Solitary_Fibrous_Tumor,1
pathout,GU::Bladder::Neoplastic::Malignant::Adenocarcinoma,1
pathout,GU::Bladder::Neoplastic::Malignant::Adenocarcinoma_With_Aberrant_P63_Positivity,1
pathout,GU::Bladder::Neoplastic::Malignant::Atrophic_Adenocarcinoma,1
pathout,GU::Bladder::Neoplastic::Malignant::Hernia_Sac_With_Mesothelial_Entrapment,1
pathout,GU::Bladder::Neoplastic::Malignant::Lipid_Rich,1
pathout,GU::Bladder::Neoplastic::Malignant::Lymphoepithelioma_Like,1
pathout,GU::Bladder::Neoplastic::Malignant::Metastases,1
pathout,GU::Bladder::Neoplastic::Malignant::Microcystic_Adenocarcinoma,1
pathout,GU::Bladder::Neoplastic::Malignant::Pleomorphic_Giant_Cell_Adenocarcinoma,1
pathout,GU::Bladder::Neoplastic::Malignant::Poorly_Differentiated_Variant_Including_Osteoclast_Rich_Giant_Cells,1
pathout,GU::Bladder::Neoplastic::Malignant::Signet_Ring_Like_Cell_Adenocarcinoma,1
pathout,GU::Bladder::Neoplastic::Malignant::Staging_Bladder_Carcinoma,1
pathout,GU::Bladder::Neoplastic::Malignant::Staging_Ureter_Carcinoma,1
pathout,GU::Bladder::Neoplastic::Malignant::Urachus,1
pathout,GU::Bladder::Neoplastic::Malignant::Urinary_Diversion_Neobladder,1
pathout,GU::Bladder::Neoplastic::Polyembryoma,1
pathout,GU::Bladder::Neoplastic::Precursor::Adenocarcinoma_In_Situ,1
pathout,GU::Bladder::Neoplastic::Precursor::Dysplasia,1
pathout,GU::Bladder::Neoplastic::Precursor::Paris_System_For_Urothelial_Neoplasia,1
pathout,GU::Bladder::Neoplastic::Teratoma,1
pathout,GU::Bladder::Neoplastic::Teratoma_Neuroendocrine_Tumor,1
pathout,GU::Bladder::Neuroendocrine::Paraganglioma,5
pathout,GU::Bladder::Neuroendocrine::Small_Cell_Neuroendocrine_Carcinoma,2
pathout,GU::Bladder::Non_Neoplastic::Amyloidosis,2
pathout,GU::Bladder::Non_Neoplastic::Cystitis_Cystica,1
pathout,GU::Bladder::Non_Neoplastic::Emphysematous_Cystitis,1
pathout,GU::Bladder::Non_Neoplastic::Encrusted_Cystitis_Pyelitis,1
pathout,GU::Bladder::Non_Neoplastic::Eosinophilic_Cystitis,1
pathout,GU::Bladder::Non_Neoplastic::Follicular_Cystitis,1
pathout,GU::Bladder::Non_Neoplastic::Keratinizing_Squamous_Metaplasia,1
pathout,GU::Bladder::Non_Neoplastic::Malakoplakia,3
pathout,GU::Bladder::Non_Neoplastic::Mullerian_Lesions,1
pathout,GU::Bladder::Non_Neoplastic::Nephrogenic_Adenoma,1
pathout,GU::Bladder::Non_Neoplastic::Nephrogenic_Metaplasia,1
pathout,GU::Bladder::Non_Neoplastic::Polypoid_Cystitis,1
pathout,GU::Bladder::Non_Neoplastic::Radiation_Cystitis,1
pathout,GU::Bladder::Normal_Histology::Anatomy_And_Histology_Cowper_Glands,1
pathout,GU::Bladder::Normal_Histology::Anatomy_And_Histology_Paraganglion,1
pathout,GU::Bladder::Normal_Histology::Anatomy_And_Histology_Seminal_Vesicles_Ejaculatory_Duct,1
pathout,GU::Bladder::Normal_Histology::Prostate_Specific_Antigen_Psa,1
pathout,GU::Bladder::Normal_Histology::Testicular_Regression_Syndrome_Anorchia,1
pathout,GU::Bladder::Squamous_Neoplasms::Squamous_Cell_Carcinoma,2
pathout,GU::Bladder::Urothelial::Adenocarcinoma_NOS,2
pathout,GU::Bladder::Urothelial::Atypical_Urothelial_Proliferation,1
pathout,GU::Bladder::Urothelial::High_Grade_Papillary_Urothelial_Carcinoma,1
pathout,GU::Bladder::Urothelial::Invasive_Urothelial_Carcinoma,1
pathout,GU::Bladder::Urothelial::Inverted_Urothelial_Papilloma,1
pathout,GU::Bladder::Urothelial::Low_Grade_Papillary_Urothelial_Carcinoma,2
pathout,GU::Bladder::Urothelial::Papillary_Urothelial_Neoplasm_of_Low_Malignant_Potential,1
pathout,GU::Bladder::Urothelial::Urothelial_Carcinoma_In_Situ,2
pathout,GU::Bladder::Urothelial::Urothelial_Papilloma,1
pathout,GU::Kidney::Concept::Classification::Adrenal_Rests,1
pathout,GU::Kidney::Concept::Classification::Arterionephrosclerosis,1
pathout,GU::Kidney::Concept::Classification::Cryoglobulinemia,1
pathout,GU::Kidney::Concept::Classification::Idiopathic_Nodular_Glomerulosclerosis,1
pathout,GU::Kidney::Concept::Classification::Light_Chain_Cast_Nephropathy,1
pathout,GU::Kidney::Concept::Classification::Rhabdoid,1
pathout,GU::Kidney::Concept::Classification::Scleroderma_Renal_Disease,1
pathout,GU::Kidney::Concept::Classification::Systemic_Lupus_Erythematosus,1
pathout,GU::Kidney::Concept::Classification::WHO_Classification,1
pathout,GU::Kidney::Concept::Classification::WHO_Classification_Kidneytumorwhoclass,1
pathout,GU::Kidney::Concept::Grading::Grading,1
pathout,GU::Kidney::Concept::IHC_Markers::Diffuse_Mesangial_Sclerosis,1
pathout,GU::Kidney::Concept::IHC_Markers::Fibronectin_Glomerulopathy,1
pathout,GU::Kidney::Concept::IHC_Markers::Immunotactoid_Glomerulopathy,1
pathout,GU::Kidney::Concept::Laboratory_Operations::Adrenal_Insufficiency_Diagnosis,1
pathout,GU::Kidney::Concept::Laboratory_Operations::Ganglioneuroma,1
pathout,GU::Kidney::Concept::Laboratory_Operations::IGG4_Related_Disease,1
pathout,GU::Kidney::Concept::Laboratory_Operations::Obesity_Related_Glomerulopathy,1
pathout,GU::Kidney::Concept::Laboratory_Operations::Oxalosis,1
pathout,GU::Kidney::Concept::Management_Workup::Saline_Suppression_Test,1
pathout,GU::Kidney::Concept::Molecular_Genetics::ALK_Translocation,1
pathout,GU::Kidney::Concept::Molecular_Genetics::Adrenal_Cortical_Rests,1
pathout,GU::Kidney::Concept::Molecular_Genetics::Collagen_Type_Iii_Glomerulopathy,1
pathout,GU::Kidney::Concept::Molecular_Genetics::Renal_Disease_General,1
pathout,GU::Kidney::Concept::Molecular_Genetics::Urolithiasis_Stones,1
pathout,GU::Kidney::Concept::Other::Diffuse_Cortical_Necrosis,1
pathout,GU::Kidney::Concept::Other::Fabry_Disease,1
pathout,GU::Kidney::Concept::Other::Hyperaldosteronism,1
pathout,GU::Kidney::Concept::Other::Light_Chain_Proximal_Tubulopathy,1
pathout,GU::Kidney::Concept::Other::Malignant_Hypertension_And_Accelerated_Nephrosclerosis,1
pathout,GU::Kidney::Concept::Procedure_Specimen::Biopsy,1
pathout,GU::Kidney::Concept::Procedure_Specimen::Fludrocortisone_Suppression_Test,1
pathout,GU::Kidney::Concept::Procedure_Specimen::Sarcoidosis,1
pathout,GU::Kidney::Concept::Procedure_Specimen::Videos,1
pathout,GU::Kidney::Concept::Reporting_Grossing::Adrenocortical_Nodular_Disease,1
pathout,GU::Kidney::Concept::Reporting_Grossing::Features_To_Report,1
pathout,GU::Kidney::Concept::Reporting_Grossing::Grossing_And_Frozen_Section,1
pathout,GU::Kidney::Concept::Reporting_Grossing::Waterhouse_Friderichsen_Syndrome,1
pathout,GU::Kidney::Concept::Staging::Nephronophthisis,1
pathout,GU::Kidney::Concept::Staging::Recurrent_And_De_Novo_Diseases,1
pathout,GU::Kidney::Concept::Staging::Staging,1
pathout,GU::Kidney::Congenital_Structural::Congenital_Anomalies_General,1
pathout,GU::Kidney::Congenital_Structural::Congenital_Nephrotic_Syndrome,1
pathout,GU::Kidney::Congenital_Structural::Intestinal_Metaplasia,1
pathout,GU::Kidney::Congenital_Structural::Microcystic,1
pathout,GU::Kidney::Congenital_Structural::Ovarian_Thecal_Metaplasia,1
pathout,GU::Kidney::Congenital_Structural::Ureters_Congenital_Anomalies,1
pathout,GU::Kidney::Depositional_Metabolic::Calcineurin_Inhibitor_Toxicity,1
pathout,GU::Kidney::Depositional_Metabolic::Fh_Deficient,1
pathout,GU::Kidney::Depositional_Metabolic::Heavy_Chain_Deposition_Disease,1
pathout,GU::Kidney::Depositional_Metabolic::Indinavir_Nephropathy,1
pathout,GU::Kidney::Depositional_Metabolic::Light_Chain_Deposition_Disease,1
pathout,GU::Kidney::Depositional_Metabolic::Mpgn_Pattern_Of_Injury,1
pathout,GU::Kidney::Depositional_Metabolic::Nephrocalcinosis,1
pathout,GU::Kidney::Depositional_Metabolic::Obstructive_Uropathy,1
pathout,GU::Kidney::Depositional_Metabolic::Renal_Function_Test_Panel,1
pathout,GU::Kidney::Depositional_Metabolic::Rhabdomyolysis,1
pathout,GU::Kidney::Histology_&_Anatomy::Histology_&_Anatomy_of_Kidney,12
pathout,GU::Kidney::Infectious::Adenovirus,1
pathout,GU::Kidney::Infectious::Bacterial_Infection_Related_Gn,1
pathout,GU::Kidney::Infectious::Bk_Virus_Polyomavirus,1
pathout,GU::Kidney::Infectious::Fsgs_Collapsing_Variant,1
pathout,GU::Kidney::Infectious::Renal_Tuberculosis,1
pathout,GU::Kidney::Inflammatory::Active_Chronic_Active_Antibody_Mediated_Rejection,1
pathout,GU::Kidney::Inflammatory::Anti_Brush_Border_Antibody_Disease_Anti_LRP2_Nephropathy,1
pathout,GU::Kidney::Inflammatory::C3_Glomerulonephritis_Dense_Deposit_Disease,1
pathout,GU::Kidney::Inflammatory::Checkpoint_Inhibitor_Associated_Tubulointerstitial_Nephritis,1
pathout,GU::Kidney::Inflammatory::Embolic_Phenomenon_And_Infarction,1
pathout,GU::Kidney::Inflammatory::Eosinophilic_Granulomatosis_With_Polyangiitis_Egpa,1
pathout,GU::Kidney::Inflammatory::Infectious::Pyelonephritis,2
pathout,GU::Kidney::Inflammatory::Sjogren_Syndrome,1
pathout,GU::Kidney::Inflammatory::Takayasu_Arteritis,1
pathout,GU::Kidney::Medical_Kidney_Disease::Glomerular::Acellular_Closure::Fibrillary_Glomerulonephritis,1
pathout,GU::Kidney::Medical_Kidney_Disease::Glomerular::Acellular_Closure::Thrombotic_Microangiopathy,1
pathout,GU::Kidney::Medical_Kidney_Disease::Glomerular::Isolated_Hematuria::Alport_Syndrome,1
pathout,GU::Kidney::Medical_Kidney_Disease::Glomerular::Isolated_Hematuria::Henoch_Schonlein_Purpura_IgA_Vasculitis,1
pathout,GU::Kidney::Medical_Kidney_Disease::Glomerular::Isolated_Hematuria::IgA_Nephropathy,1
pathout,GU::Kidney::Medical_Kidney_Disease::Glomerular::Monoclonal_Gammopathy_Associated_Renal_Disease,2
pathout,GU::Kidney::Medical_Kidney_Disease::Glomerular::Nonproliferative::Focal_Segmental_Glomerulosclerosis,1
pathout,GU::Kidney::Medical_Kidney_Disease::Glomerular::Nonproliferative::Membranous_Nephropathy,1
pathout,GU::Kidney::Medical_Kidney_Disease::Glomerular::Nonproliferative::Minimal_Change_Disease,1
pathout,GU::Kidney::Medical_Kidney_Disease::Glomerular::Proliferative::Acute_Diffuse_Intracapillary_Proliferative_Glomerulonephritis,1
pathout,GU::Kidney::Medical_Kidney_Disease::Glomerular::Proliferative::Crescentic_Extracapillary_Proliferative_Glomerulonephritis,1
pathout,GU::Kidney::Medical_Kidney_Disease::Tubulointerstitial::Acute_Tubular_Necrosis,1
pathout,GU::Kidney::Medical_Kidney_Disease::Tubulointerstitial::Interstitial_Nephritis,1
pathout,GU::Kidney::Medical_Kidney_Disease::Vascular::Renal_Artery_Stenosis,1
pathout,GU::Kidney::Mesenchymal::Angiomyolipoma,1
pathout,GU::Kidney::Mesenchymal::Epithelioid_Angiomyolipoma,1
pathout,GU::Kidney::Mesenchymal::Glomus_Tumor,1
pathout,GU::Kidney::Mesenchymal::Juxtaglomerular_Cell_Tumor,1
pathout,GU::Kidney::Mesenchymal::Renal_Hemangioblastoma,1
pathout,GU::Kidney::Mesenchymal::Renomedullary_Interstitial_Cell_Tumor,1
pathout,GU::Kidney::Metanephric::Cystic_Nephroma,2
pathout,GU::Kidney::Metanephric::Metanephric_Adenofibroma,1
pathout,GU::Kidney::Metanephric::Metanephric_Adenoma,1
pathout,GU::Kidney::Metanephric::Metanephric_Stromal_Tumor,1
pathout,GU::Kidney::Metanephric::Mixed_Epithelial_and_Stromal_Tumor,2
pathout,GU::Kidney::Neoplastic::Benign::Adrenal_Cortical_Adenoma,1
pathout,GU::Kidney::Neoplastic::Hemangioma,1
pathout,GU::Kidney::Neoplastic::Hybrid_Oncocytic_Chromophobe_Tumor,1
pathout,GU::Kidney::Neoplastic::Low_Grade_Oncocytic_Tumor_Lot,1
pathout,GU::Kidney::Neoplastic::Malignant::Adrenal_Cortical_Carcinoma,1
pathout,GU::Kidney::Neoplastic::Malignant::Features_To_Report_Adrenal_Cortical_Carcinoma,1
pathout,GU::Kidney::Neoplastic::Malignant::Ganglioneuroblastoma_Intermixed_And_Nodular,1
pathout,GU::Kidney::Neoplastic::Malignant::Hemolytic_Uremic_Syndrome_Thrombotic_Thrombocytopenic_Purpura,1
pathout,GU::Kidney::Neoplastic::Malignant::Hypercortisolism,1
pathout,GU::Kidney::Neoplastic::Malignant::Micropapillary,1
pathout,GU::Kidney::Neoplastic::Malignant::Nested,1
pathout,GU::Kidney::Neoplastic::Malignant::Neuroblastoma,1
pathout,GU::Kidney::Neoplastic::Malignant::Pheochromocytoma,1
pathout,GU::Kidney::Neoplastic::Malignant::Sarcomatoid,1
pathout,GU::Kidney::Neoplastic::Malignant::Sarcomatoid_Variant,1
pathout,GU::Kidney::Neoplastic::Malignant::Staging_Adrenal_Cortical_Carcinoma,1
pathout,GU::Kidney::Neoplastic::Malignant::Tamm_Horsfall_Protein,1
pathout,GU::Kidney::Neoplastic::Malignant::Urate_Nephropathy,1
pathout,GU::Kidney::Neoplastic::Malignant::With_Glandular_Differentiation,1
pathout,GU::Kidney::Neoplastic::Papillary_Renal_Neoplasm_With_Reverse_Polarity,1
pathout,GU::Kidney::Neoplastic::Precursor::Dysplasia_Hypoplasia_Agenesis,1
pathout,GU::Kidney::Neoplastic::Staging_Neuroblastic_Tumors,1
pathout,GU::Kidney::Neoplastic::Unclassified,1
pathout,GU::Kidney::Nephroblastic_Nephrogenic::Congenital_Mesoblastic_Nephroma,1
pathout,GU::Kidney::Nephroblastic_Nephrogenic::Cystic_Partially_Differentiated_Nephroblastoma,1
pathout,GU::Kidney::Nephroblastic_Nephrogenic::Nephroblastoma_Wilms_Tumor,1
pathout,GU::Kidney::Nephroblastic_Nephrogenic::Nephrogenic_Rests,1
pathout,GU::Kidney::Neuroendocrine::Well_Differentiated_Neuroendocrine_Tumor,3
pathout,GU::Kidney::Non_Neoplastic::Xanthogranulomatous_Pyelonephritis,1
pathout,GU::Kidney::Normal_Histology::Anatomy_And_Histology_Adrenal_Cortex_Medulla_And_Paraganglia,1
pathout,GU::Kidney::Normal_Histology::Captopril_Suppression_Test,1
pathout,GU::Kidney::Other::Ossifying_Renal_Tumor_of_Infancy,1
pathout,GU::Kidney::Other::Rhabdoid_Tumor_of_the_Kidney,1
pathout,GU::Kidney::RCC_Molecular::TFEB_altered_RCC,1
pathout,GU::Kidney::RCC_Other::Chromophobe_Renal_Cell_Carcinoma,1
pathout,GU::Kidney::RCC_Other::Clear_Cell_Papillary_Renal_Cell_Tumor,1
pathout,GU::Kidney::RCC_Other::Oncocytoma_of_the_Kidney,1
pathout,GU::Kidney::RCC_Other::Tubulocystic_RCC,1
pathout,GU::Kidney::Renal_cell::ALK_Rearranged_Renal_Cell_Carcinoma,4
pathout,GU::Kidney::Renal_cell::Acquired_Cystic_Disease_Associated_RCC,2
pathout,GU::Kidney::Renal_cell::Collecting_Duct_Carcinoma,1
pathout,GU::Kidney::Renal_cell::ELOC_TCEB1_Mutated_Renal_Cell_Carcinoma,1
pathout,GU::Kidney::Renal_cell::Eosinophilic_Solid_and_Cystic_RCC,1
pathout,GU::Kidney::Renal_cell::Eosinophilic_Vacuolated_Tumor_of_the_Kidney,1
pathout,GU::Kidney::Renal_cell::Mucinous_Tubular_and_Spindle_Cell_Carcinoma,1
pathout,GU::Kidney::Renal_cell::Multilocular_Cystic_Renal_Neoplasm_of_Low_Malignant_Potential,1
pathout,GU::Kidney::Renal_cell::Papillary_RCC,1
pathout,GU::Kidney::Renal_cell::Renal_Papillary_Adenoma,1
pathout,GU::Kidney::Renal_cell::SDH_Deficient_Renal_Cell_Carcinoma,2
pathout,GU::Kidney::Renal_cell::Thyroid_Like_Follicular_Carcinoma_of_the_Kidney,2
pathout,GU::Kidney::Transplant::Donor_Assessment,1
pathout,GU::Kidney::Transplant::Rejection,3
pathout,GU::Other::Concept::Classification::Cholesterolosis,1
pathout,GU::Other::Concept::Classification::Hyalinizing_Porcelain_Gallbladder,1
pathout,GU::Other::Concept::Classification::WHO_Classification,1
pathout,GU::Other::Concept::Laboratory_Operations::Myelolipoma,1
pathout,GU::Other::Concept::Laboratory_Operations::Traumatic_Neuroma,1
pathout,GU::Other::Concept::Molecular_Genetics::Cholelithiasis,1
pathout,GU::Other::Concept::Other::Angiodysplasia,1
pathout,GU::Other::Concept::Procedure_Specimen::Bile_Cast_Nephropathy,1
pathout,GU::Other::Concept::Procedure_Specimen::Vanishing_Cancer,1
pathout,GU::Other::Concept::Reporting_Grossing::Grossing_Frozen_Section_And_Features_To_Report,1
pathout,GU::Other::Concept::Staging::Staging_Distal_Bile_Duct,1
pathout,GU::Other::Concept::Staging::Staging_Perihilar_Bile_Duct,1
pathout,GU::Other::Congenital_Structural::Choledochal_Cyst,1
pathout,GU::Other::Congenital_Structural::Cystoisospora_Like_Inclusions,1
pathout,GU::Other::Congenital_Structural::Hydrops_Mucocele,1
pathout,GU::Other::Congenital_Structural::Metaplasia,1
pathout,GU::Other::Congenital_Structural::Mucoid_Cyst,1
pathout,GU::Other::Histology_&_Anatomy::Histology_&_Anatomy_of_Male_Urethra,2
pathout,GU::Other::Infectious::Fournier_Gangrene,1
pathout,GU::Other::Inflammatory::Acute_Cholecystitis,1
pathout,GU::Other::Inflammatory::Chronic_Cholecystitis,1
pathout,GU::Other::Inflammatory::Emphysematous_Cholecystitis,1
pathout,GU::Other::Inflammatory::Follicular_Cholecystitis,1
pathout,GU::Other::Inflammatory::Gangrenous_Cholecystitis,1
pathout,GU::Other::Inflammatory::Granulomatous_Cholecystitis,1
pathout,GU::Other::Inflammatory::Inflammatory_Polyp,1
pathout,GU::Other::Inflammatory::Plasmacytoid,1
pathout,GU::Other::Inflammatory::Xanthogranulomatous_Cholecystitis,1
pathout,GU::Other::Neoplastic::Benign::Pyloric_Gland_Adenoma,1
pathout,GU::Other::Neoplastic::Cholesterol_Polyp,1
pathout,GU::Other::Neoplastic::Intracholecystic_Papillary_Neoplasm,1
pathout,GU::Other::Neoplastic::Intracholecystic_Tubular_Nonmucinous_Neoplasm_Ictn,1
pathout,GU::Other::Neoplastic::Intraductal_Papillary_Neoplasm_Of_Biliary_Tract,1
pathout,GU::Other::Neoplastic::Malignant::Analgesic_Nephropathy,1
pathout,GU::Other::Neoplastic::Malignant::Carcinoma_Of_Extrahepatic_Bile_Ducts,1
pathout,GU::Other::Neoplastic::Malignant::Gallbladder_Carcinoma,1
pathout,GU::Other::Neoplastic::Malignant::Metastases,1
pathout,GU::Other::Neoplastic::Malignant::Metastases_Bladdermets,1
pathout,GU::Other::Neoplastic::Malignant::Metastases_Kidneytumormalignantmetastases,1
pathout,GU::Other::Neoplastic::Malignant::Staging_Gallbladder_And_Cystic_Duct_Carcinoma,1
pathout,GU::Other::Neoplastic::Neuroendocrine_Tumor,1
pathout,GU::Other::Neoplastic::Precursor::Dysplasia,1
pathout,GU::Other::Normal_Histology::Anatomy,1
pathout,GU::Other::Urethra::Carcinoma_of_Urethra,2
pathout,GU::PathOut_Residual_Generated::Oralcavitygeographictongue,1
pathout,GU::Penis::Benign::Condyloma,2
pathout,GU::Penis::Concept::Laboratory_Operations::Syphilis,1
pathout,GU::Penis::Concept::Management_Workup::Granuloma_Inguinale,1
pathout,GU::Penis::Concept::Management_Workup::Verruciform_Xanthoma,1
pathout,GU::Penis::Congenital_Structural::Congenital_Anomalies,1
pathout,GU::Penis::Histology_&_Anatomy::Histology_&_Anatomy_of_Penis_&_Scrotum,2
pathout,GU::Penis::Infectious::Herpes_Simplex_Virus,1
pathout,GU::Penis::Infectious::Lymphogranuloma_Venereum,1
pathout,GU::Penis::Infectious::Molluscum_Contagiosum,1
pathout,GU::Penis::Inflammatory::Chancroid,1
pathout,GU::Penis::Inflammatory::Peyronie_Disease,1
pathout,GU::Penis::Mesenchymal::Myointimoma,1
pathout,GU::Penis::Neoplastic::Malignant::Pearly_Penile_Papules,1
pathout,GU::Penis::Neoplastic::Melanosis_And_Lentiginosis,1
pathout,GU::Penis::Non_Neoplastic::Lipogranuloma,1
pathout,GU::Penis::Non_Neoplastic::Scrotal_Calcinosis,1
pathout,GU::Penis::Non_Neoplastic::Squamous_Hyperplasia,1
pathout,GU::Penis::Other::Extramammary_Paget_Disease,1
pathout,GU::Penis::Precursor_Lesions::Bowenoid_Papulosis,1
pathout,GU::Penis::Precursor_Lesions::Penile_Intraepithelial_Neoplasia_PeIN,2
pathout,GU::Penis::Squamous_Neoplasms::Cuniculatum_Squamous_Cell_Carcinoma,1
pathout,GU::Penis::Squamous_Neoplasms::Verrucous_Carcinoma,1
pathout,GU::Prostate::Additional_Topics::Gleason_Grading,1
pathout,GU::Prostate::Basal_Cell_Neoplasms::Basal_Cell_Carcinoma,2
pathout,GU::Prostate::Benign::Adenosis,1
pathout,GU::Prostate::Benign::Atrophy,2
pathout,GU::Prostate::Benign::Basal_Cell_Hyperplasia,1
pathout,GU::Prostate::Benign::Clear_Cell_Cribriform_Hyperplasia,1
pathout,GU::Prostate::Benign::Hyperplasia,11
pathout,GU::Prostate::Benign::Large_,2
pathout,GU::Prostate::Benign::Post_Atrophic_Hyperplasia,1
pathout,GU::Prostate::Benign::Prostatic_Type_Polyp_Ectopic,2
pathout,GU::Prostate::Benign::Sclerosing_Adenosis,1
pathout,GU::Prostate::Glandular_neoplasms::Foamy_Gland_Adenocarcinoma,1
pathout,GU::Prostate::Glandular_neoplasms::High_Grade_Prostatic_Intraepithelial_Neoplasia,1
pathout,GU::Prostate::Glandular_neoplasms::Intraductal_Carcinoma_of_the_Prostate,1
pathout,GU::Prostate::Glandular_neoplasms::Mucinous_Adenocarcinoma,1
pathout,GU::Prostate::Glandular_neoplasms::Prostatic_Adenocarcinoma_with_Therapy_Effect,1
pathout,GU::Prostate::Glandular_neoplasms::Prostatic_Ductal_Adenocarcinoma,1
pathout,GU::Prostate::Glandular_neoplasms::Pseudohyperplastic_Prostatic_Adenocarcinoma,1
pathout,GU::Prostate::Glandular_neoplasms::Treatment_Related_Neuroendocrine_Prostate_Cancer,1
pathout,GU::Prostate::Inflammatory::Amyloid,1
pathout,GU::Prostate::Mesenchymal::Sarcomatoid_Carcinoma_of_Prostate,1
pathout,GU::Prostate::Precursor_Lesions::Atypical_Small_Acinar_Proliferation_ASAP,1
pathout,GU::Prostate::Prostatic_Cystadenoma,1
pathout,GU::Prostate::Prostatitis::Granulomatous_Prostatitis,2
pathout,GU::Prostate::Squamous_Neoplasms::Adenosquamous_Carcinoma_of_the_Prostate,1
pathout,GU::Prostate::Squamous_Neoplasms::Prostatic_Stromal_Sarcoma,1
pathout,GU::Prostate::Squamous_Neoplasms::Prostatic_Stromal_Tumor_of_Uncertain_Malignant_Potential,1
pathout,GU::Seminal_Vesicle::Adenocarcinoma_of_the_Seminal_Vesicle,1
pathout,GU::Syndromes::Hereditary_Leiomyomatosis_and_Renal_Cell_Carcinoma_Syndrome,1
pathout,GU::Testis::Germ_Cell_Tumors::Choriocarcinoma,1
pathout,GU::Testis::Germ_Cell_Tumors::Cystic_Trophoblastic_Tumor,1
pathout,GU::Testis::Germ_Cell_Tumors::Embryonal_Carcinoma,1
pathout,GU::Testis::Germ_Cell_Tumors::Epithelioid_Trophoblastic_Tumor,1
pathout,GU::Testis::Germ_Cell_Tumors::Germ_Cell_Neoplasia_In_Situ,1
pathout,GU::Testis::Germ_Cell_Tumors::Placental_Site_Trophoblastic_Tumor,1
pathout,GU::Testis::Germ_Cell_Tumors::Regressed_Germ_Cell_Tumor,1
pathout,GU::Testis::Germ_Cell_Tumors::Seminoma,1
pathout,GU::Testis::Germ_Cell_Tumors::Spermatocytic_Tumor,1
pathout,GU::Testis::Germ_Cell_Tumors::Teratoma_with_Somatic_Type_Malignancy,1
pathout,GU::Testis::Germ_Cell_Tumors::Yolk_Sac_Tumor_Prepubertal_Type,1
pathout,GU::Testis::Histology_&_Anatomy::Histology_&_Anatomy_of_Testis_&_Epididymis,1
pathout,GU::Testis::Non_Neoplastic::Cryptorchidism,1
pathout,GU::Testis::Non_Neoplastic::Cysts,3
pathout,GU::Testis::Non_Neoplastic::Dermoid_Cyst,1
pathout,GU::Testis::Non_Neoplastic::Epidermoid_Cyst,1
pathout,GU::Testis::Non_Neoplastic::Torsion_Infarction,1
pathout,GU::Testis::Non_Neoplastic::Varicocele,1
pathout,GU::Testis::Other::Testicular_Tumor_of_Adrenogenital_Syndrome,1
pathout,GU::Testis::Paratesticular::Adenomatoid_Tumor,2
pathout,GU::Testis::Paratesticular::Liposarcoma,1
pathout,GU::Testis::Paratesticular::Malignant_Mesothelioma,1
pathout,GU::Testis::Paratesticular::Melanotic_Neuroectodermal_Tumor,1
pathout,GU::Testis::Paratesticular::Well_Differentiated_Papillary_Mesothelial_Tumor,1
pathout,GU::Testis::Sex_Cord_Stromal_Tumors::Adult_Granulosa_Cell_Tumor,1
pathout,GU::Testis::Sex_Cord_Stromal_Tumors::Gonadoblastoma,1
pathout,GU::Testis::Sex_Cord_Stromal_Tumors::Intratubular_Large_Cell_Hyalinizing_Sertoli_Cell_Neoplasia,1
pathout,GU::Testis::Sex_Cord_Stromal_Tumors::Juvenile_Granulosa_Cell_Tumor,1
pathout,GU::Testis::Sex_Cord_Stromal_Tumors::Large_Cell_Calcifying_Sertoli_Cell_Tumor,1
pathout,GU::Testis::Sex_Cord_Stromal_Tumors::Leydig_Cell_Tumor,1
pathout,GU::Testis::Sex_Cord_Stromal_Tumors::Mixed_Sex_Cord_Stromal_Tumor,1
pathout,GU::Testis::Sex_Cord_Stromal_Tumors::Myoid_Gonadal_Stromal_Tumor,1
pathout,GU::Testis::Sex_Cord_Stromal_Tumors::Sertoli_Cell_Tumor,3
pathout,GU::Testis::Sex_Cord_Stromal_Tumors::Sex_Cord_Stromal_Tumor_NOS,1
pathout,GU::Testis::Sex_Cord_Stromal_Tumors::Tumors_in_the_Fibroma_Thecoma_Group,1
pathout,GU::Testis::Tunica_Albuginea_Mesothelium::Tumors,1
pathout,GU::Testis_Adnexa::Epididymis::Adenocarcinoma,1
pathout,GU::Testis_Adnexa::Epididymis::Papillary_Cystadenoma,1
pathout,GU::Testis_Adnexa::Ovarian_Type::Brenner_Tumor,1
pathout,GU::Testis_Adnexa::Ovarian_Type::Mucinous_Borderline_Tumor,1
pathout,GU::Testis_Adnexa::Ovarian_Type::Mucinous_Cystadenocarcinoma,1
pathout,GU::Testis_Adnexa::Ovarian_Type::Serous_Borderline_Tumor,1
pathout,GU::Testis_Adnexa::Ovarian_Type::Serous_Cystadenocarcinoma,1
pathout,GYN::Broad_Ligament::Tumor_Like::Adrenocortical_Remnants,1
pathout,GYN::Cervix::Concept::Classification::Granuloma_Inguinale,1
pathout,GYN::Cervix::Concept::Classification::WHO_Classification,1
pathout,GYN::Cervix::Concept::Laboratory_Operations::Lactobacillus,1
pathout,GYN::Cervix::Concept::Molecular_Genetics::Preparations,1
pathout,GYN::Cervix::Concept::Other::Leptothrix,1
pathout,GYN::Cervix::Concept::Reporting_Grossing::Grossing,1
pathout,GYN::Cervix::Concept::Reporting_Grossing::Grossing_And_Features_To_Report,1
pathout,GYN::Cervix::Concept::Reporting_Grossing::Radiation_Atypia,1
pathout,GYN::Cervix::Concept::Staging::Staging,1
pathout,GYN::Cervix::Congenital_Structural::Cyst::Nabothian_Cyst,1
pathout,GYN::Cervix::Congenital_Structural::Cyst::Tunnel_Clusters,1
pathout,GYN::Cervix::Congenital_Structural::Polyp::Endocervical_Polyp,1
pathout,GYN::Cervix::Depositional_Metabolic::Traumatic_Neuroma,1
pathout,GYN::Cervix::Glandular::Benign_Glandular::Diffuse_Laminar_Endocervical_Hyperplasia,1
pathout,GYN::Cervix::Glandular::Benign_Glandular::Mullerian_Papilloma_of_the_Uterine_Cervix,1
pathout,GYN::Cervix::Infectious::Bacterial_Vaginosis,1
pathout,GYN::Cervix::Infectious::CMV,1
pathout,GYN::Cervix::Infectious::Candida_Fungi,1
pathout,GYN::Cervix::Infectious::Condyloma,1
pathout,GYN::Cervix::Infectious::HPV_Overview,1
pathout,GYN::Cervix::Infectious::Hsil_Cin_Ii_Cin_Iii,1
pathout,GYN::Cervix::Infectious::Lsil_Cin_I,1
pathout,GYN::Cervix::Infectious::Trichomonas_Vaginalis,1
pathout,GYN::Cervix::Inflammatory::Chlamydia_Trachomatis,1
pathout,GYN::Cervix::Inflammatory::Chronic_Cervicitis,1
pathout,GYN::Cervix::Inflammatory::Vasculitis,1
pathout,GYN::Cervix::Mixed_Epithelial_Mesenchymal::Adenosarcoma_of_the_Uterine_Cervix,1
pathout,GYN::Cervix::Neoplastic::Benign::Blue_Nevus,1
pathout,GYN::Cervix::Neoplastic::Benign::Squamous_Papilloma,1
pathout,GYN::Cervix::Neoplastic::Epithelial::Benign::Endocervical_Glandular_Hyperplasia,1
pathout,GYN::Cervix::Neoplastic::Epithelial::Benign::Mesonephric_Hyperplasia,1
pathout,GYN::Cervix::Neoplastic::Epithelial::Benign::Microglandular_Hyperplasia,1
pathout,GYN::Cervix::Neoplastic::Epithelial::Malignant::Adenoid_Basal_Carcinoma,1
pathout,GYN::Cervix::Neoplastic::Epithelial::Malignant::Adenoid_Cystic_Carcinoma,1
pathout,GYN::Cervix::Neoplastic::Epithelial::Malignant::Carcinosarcoma,1
pathout,GYN::Cervix::Neoplastic::Epithelial::Malignant::Gastric_Type_Adenocarcinoma_HPV_Independent,1
pathout,GYN::Cervix::Neoplastic::Epithelial::Malignant::HPV_Associated_Adenocarcinoma,2
pathout,GYN::Cervix::Neoplastic::Epithelial::Malignant::HPV_Associated_Adenosquamous_Carcinoma,1
pathout,GYN::Cervix::Neoplastic::Epithelial::Malignant::Mesonephric_Adenocarcinoma_HPV_Independent,2
pathout,GYN::Cervix::Neoplastic::Epithelial::Malignant::Squamous_Cell_Carcinoma,3
pathout,GYN::Cervix::Neoplastic::Epithelial::Precursor::Adenocarcinoma_In_Situ,5
pathout,GYN::Cervix::Neoplastic::Epithelioid_Trophoblastic_Tumor,1
pathout,GYN::Cervix::Neoplastic::Glial_Polyp,1
pathout,GYN::Cervix::Neoplastic::Hematolymphoid::Malignant::Lymphoma,2
pathout,GYN::Cervix::Neoplastic::Malignant::Invasive_Stratified_Mucin_Producing_Carcinoma,1
pathout,GYN::Cervix::Neoplastic::Malignant::Lymphoepithelioma_Like_Carcinoma,1
pathout,GYN::Cervix::Neoplastic::Malignant::Metastases,1
pathout,GYN::Cervix::Neoplastic::Mesenchymal::Malignant::Rhabdomyosarcoma,2
pathout,GYN::Cervix::Neoplastic::Mesenchymal::Malignant::Spindle_Cell_Sarcoma_NTRK_Rearranged,1
pathout,GYN::Cervix::Neoplastic::Mixed::Benign::Adenomyoma_Endocervical_Type,1
pathout,GYN::Cervix::Neoplastic::Precursor::Melanosis,1
pathout,GYN::Cervix::Neoplastic::Precursor::Smile_Stratified_Mucin_Producing_Intraepithelial_Lesion,1
pathout,GYN::Cervix::Normal_Histology::Atrophy,2
pathout,GYN::Cervix::Normal_Histology::Embryology,1
pathout,GYN::Cervix::Normal_Histology::Histology,1
pathout,GYN::Cervix::Normal_Histology::Metaplasia::Immature_Squamous_Metaplasia,1
pathout,GYN::Cervix::Normal_Histology::Metaplasia::Tubal_And_Tuboendometrioid_Metaplasia,1
pathout,GYN::Cervix::Normal_Histology::Normal_And_Nonneoplastic_Findings,1
pathout,GYN::Cervix::Normal_Histology::Physiologic_Change::Arias_Stella_Reaction,2
pathout,GYN::Fallopian_Tube::Borderline_Serous::Serous_Borderline_Tumor_of_the_Fallopian_Tube,1
pathout,GYN::Fallopian_Tube::Carcinosarcoma_of_the_Fallopian_Tube,1
pathout,GYN::Fallopian_Tube::Concept::Reporting_Grossing::Metaplastic_Changes,1
pathout,GYN::Fallopian_Tube::Concept::Staging::Staging,1
pathout,GYN::Fallopian_Tube::Congenital_Structural::Mesonephric_Duct_Remnants,1
pathout,GYN::Fallopian_Tube::Inflammatory::Acute::Salpingitis,2
pathout,GYN::Fallopian_Tube::Mixed_Epithelial_Mesenchymal::Adenosarcoma_of_the_Fallopian_Tube,1
pathout,GYN::Fallopian_Tube::Neoplastic::Adenomyoma,1
pathout,GYN::Fallopian_Tube::Neoplastic::Benign::Papillary_Cystadenoma_Of_Mesosalpinx,1
pathout,GYN::Fallopian_Tube::Neoplastic::Epithelial::Benign::Metaplastic_Papillary_Tumor,1
pathout,GYN::Fallopian_Tube::Neoplastic::Epithelial::Malignant::Endometrioid_Adenocarcinoma,1
pathout,GYN::Fallopian_Tube::Neoplastic::Hydatidiform_Mole,1
pathout,GYN::Fallopian_Tube::Neoplastic::Miscellaneous::Female_Adnexal_Tumor_Probable_Wolffian_Origin_FATWO,1
pathout,GYN::Fallopian_Tube::Neoplastic::Miscellaneous::STK11_Adnexal_Tumor,1
pathout,GYN::Fallopian_Tube::Normal_Histology::Anatomy_Histology_And_Embryology,1
pathout,GYN::Fallopian_Tube::Tumor_Like::Paratubal_Cysts,1
pathout,GYN::Fallopian_Tube::Tumor_Like::Placental_Site_Nodule_Occurring_in_the_Fallopian_Tube,1
pathout,GYN::Fallopian_Tube::Tumor_Like::Salpingitis_Isthmica_Nodosa,1
pathout,GYN::Fallopian_Tube::Tumor_Like::Tubal_Hyperplasia,1
pathout,GYN::Fallopian_Tube::Tumor_Like::Tubo_ovarian_Abscess,1
pathout,GYN::GTD::GTN::Epithelioid_Trophoblastic_Tumor,1
pathout,GYN::GTD::GTN::Placental_Site_Trophoblastic_Tumor,1
pathout,GYN::GTD::Tumor_Like::Molar::Complete_Hydatidiform_Mole,1
pathout,GYN::GTD::Tumor_Like::Molar::Partial_Hydatidiform_Mole,1
pathout,GYN::GTD::Tumor_Like::Non_Neoplastic::Exaggerated_Placental_Site_Reaction,1
pathout,GYN::GTD::Tumor_Like::Non_Neoplastic::Placental_Site_Nodule_and_Plaque,2
pathout,GYN::Lower_Genital_Mesenchymal::Fibroblastic_Myofibroblastic::Fibroepithelial_Stromal_Polyp,1
pathout,GYN::Lower_Genital_Mesenchymal::Fibroblastic_Myofibroblastic::Postoperative_Spindle_Cell_Nodule,1
pathout,GYN::Other::Concept::Classification::46XX_Dsd,1
pathout,GYN::Other::Concept::Classification::Decidual_Reaction,1
pathout,GYN::Other::Concept::Classification::Ovotesticular_Dsd,1
pathout,GYN::Other::Concept::Classification::Sex_Chromosome_Dsd,1
pathout,GYN::Other::Concept::IHC_Markers::Meconium_Staining,1
pathout,GYN::Other::Concept::Molecular_Genetics::Intrauterine_Fetal_Demise,1
pathout,GYN::Other::Concept::Reporting_Grossing::Grossing,1
pathout,GYN::Other::Concept::Reporting_Grossing::Placenta_Previa,1
pathout,GYN::Other::Concept::Staging::Staging_Female_Urethra,1
pathout,GYN::Other::Congenital_Structural::Vulvovaginal_Cysts,1
pathout,GYN::Other::Infectious::Actinomycosis,1
pathout,GYN::Other::Infectious::Specific_Infectious_Organisms,1
pathout,GYN::Other::Neoplastic::Benign::Hepatocellular_Adenoma_Like_Lesion_Of_Placenta,1
pathout,GYN::Other::Neoplastic::Malignant::Upper_Gastrointestinal_Tract,1
pathout,GYN::Other::Normal_Histology::Anatomy,1
pathout,GYN::Other::Normal_Histology::Anatomy_And_Histology,1
pathout,GYN::Other::Normal_Histology::Anatomy_And_Histology_Vulva_Vagina_And_Female_Urethra,1
pathout,GYN::Other::Normal_Histology::Prolapsed_Umbilical_Cord,1
pathout,GYN::Ovary::Clear_Cell::Borderline::Clear_Cell_Borderline_Tumor,1
pathout,GYN::Ovary::Concept::Classification::WHO_Classification,1
pathout,GYN::Ovary::Concept::Molecular_Genetics::Olaparib,1
pathout,GYN::Ovary::Concept::Reporting_Grossing::Calcification,1
pathout,GYN::Ovary::Concept::Reporting_Grossing::Features_To_Report,1
pathout,GYN::Ovary::Concept::Staging::Staging,1
pathout,GYN::Ovary::Congenital_Structural::Cortical_Inclusion_Cyst,1
pathout,GYN::Ovary::Congenital_Structural::Cyst::Large_Solitary_Luteinized_Follicle_Cyst,2
pathout,GYN::Ovary::Congenital_Structural::Developmental_Cysts,1
pathout,GYN::Ovary::Congenital_Structural::Mechanical::Ovarian_Torsion,1
pathout,GYN::Ovary::Congenital_Structural::Physiologic::Hyperreactio_Luteinalis,1
pathout,GYN::Ovary::Congenital_Structural::Physiologic::Pregnancy_Luteoma,1
pathout,GYN::Ovary::Congenital_Structural::Physiologic::Stromal_Hyperplasia_And_Hyperthecosis,1
pathout,GYN::Ovary::Congenital_Structural::Polycystic_Ovary_Disease,1
pathout,GYN::Ovary::Congenital_Structural::Walthard_Cell_Nests,1
pathout,GYN::Ovary::Germ_Cell::Embryonal_Carcinoma,1
pathout,GYN::Ovary::Inflammatory::Chronic::Luteinized_Thecoma_With_Sclerosing_Peritonitis,1
pathout,GYN::Ovary::Inflammatory::Granulomatous_Inflammation,1
pathout,GYN::Ovary::Inflammatory::Xanthogranulomatous_Oophoritis,1
pathout,GYN::Ovary::Miscellaneous::Solid_Pseudopapillary_Tumor,1
pathout,GYN::Ovary::Monodermal_Teratoma::Somatic_Neoplasms_Arising_from_Teratomas,1
pathout,GYN::Ovary::Neoplastic::Benign::Seromucinous_Cystadenoma_And_Adenofibroma,1
pathout,GYN::Ovary::Neoplastic::Epithelial::Benign::Endometrioid_Tumor_Benign,3
pathout,GYN::Ovary::Neoplastic::Epithelial::Benign::Mucinous_Tumor_Benign,3
pathout,GYN::Ovary::Neoplastic::Epithelial::Benign::Serous_Tumor_Benign,2
pathout,GYN::Ovary::Neoplastic::Epithelial::Borderline::Brenner_Tumor_Borderline,1
pathout,GYN::Ovary::Neoplastic::Epithelial::Borderline::Endometrioid_Borderline_Tumor,1
pathout,GYN::Ovary::Neoplastic::Epithelial::Borderline::Mucinous_Borderline_Tumor_Intestinal_Type,1
pathout,GYN::Ovary::Neoplastic::Epithelial::Borderline::Seromucinous_Borderline_Tumor,1
pathout,GYN::Ovary::Neoplastic::Epithelial::Borderline::Serous_Borderline_Tumor,1
pathout,GYN::Ovary::Neoplastic::Epithelial::Malignant::Large_Cell_Neuroendocrine_Carcinoma,1
pathout,GYN::Ovary::Neoplastic::Epithelial::Malignant::Small_Cell_Carcinoma_Hypercalcemic_Type,1
pathout,GYN::Ovary::Neoplastic::Epithelial_Tumors_Overview_Molecular,1
pathout,GYN::Ovary::Neoplastic::Germ_Cell::Benign::Mature_Cystic_Teratoma,2
pathout,GYN::Ovary::Neoplastic::Germ_Cell::Benign::Struma_Ovarii,1
pathout,GYN::Ovary::Neoplastic::Germ_Cell::Malignant::Carcinoid_Tumor,3
pathout,GYN::Ovary::Neoplastic::Germ_Cell::Malignant::Dysgerminoma,1
pathout,GYN::Ovary::Neoplastic::Germ_Cell::Malignant::Immature_Teratoma,1
pathout,GYN::Ovary::Neoplastic::Germ_Cell::Malignant::Nongestational_Choriocarcinoma,1
pathout,GYN::Ovary::Neoplastic::Malignant::Choriocarcinoma,1
pathout,GYN::Ovary::Neoplastic::Malignant::Metastases_To_Ovary,1
pathout,GYN::Ovary::Neoplastic::Melanocytic::Malignant::Melanoma,2
pathout,GYN::Ovary::Neoplastic::Mesenchymal::Benign::Vascular_Tumors,1
pathout,GYN::Ovary::Neoplastic::Mesenchymal::Malignant::Low_Grade_Endometrioid_Stromal_Sarcoma,1
pathout,GYN::Ovary::Neoplastic::Mesenchymal::Malignant::Smooth_Muscle_Tumors,2
pathout,GYN::Ovary::Neoplastic::Metastatic::Metastatic_Appendiceal_Tumor,1
pathout,GYN::Ovary::Neoplastic::Metastatic::Metastatic_Cervical_Carcinoma,1
pathout,GYN::Ovary::Neoplastic::Mixed::Malignant::Mesodermal_Adenosarcoma,1
pathout,GYN::Ovary::Neoplastic::Mixed::Malignant::Mixed_Germ_Cell_Sex_Cord_Stromal_Tumor,2
pathout,GYN::Ovary::Neoplastic::Mixed::Malignant::Mucinous_Cystic_Tumor_With_Mural_Nodules,1
pathout,GYN::Ovary::Neoplastic::Sex_Cord_Stromal::Benign::Leydig_Cell_Tumor,2
pathout,GYN::Ovary::Neoplastic::Sex_Cord_Stromal::Benign::Sclerosing_Stromal_Tumor,1
pathout,GYN::Ovary::Neoplastic::Sex_Cord_Stromal::Benign::Signet_Ring_Stromal_Tumor,1
pathout,GYN::Ovary::Neoplastic::Sex_Cord_Stromal::Benign::Thecoma,1
pathout,GYN::Ovary::Neoplastic::Sex_Cord_Stromal::Intermediate::Gonadoblastoma,1
pathout,GYN::Ovary::Neoplastic::Sex_Cord_Stromal::Intermediate::Microcystic_Stromal_Tumor,1
pathout,GYN::Ovary::Neoplastic::Sex_Cord_Stromal::Intermediate::Sertoli_Cell_Tumor,1
pathout,GYN::Ovary::Neoplastic::Sex_Cord_Stromal::Intermediate::Sertoli_Leydig_Cell_Tumor,1
pathout,GYN::Ovary::Neoplastic::Sex_Cord_Stromal::Intermediate::Sex_Cord_Tumor_With_Annular_Tubules,1
pathout,GYN::Ovary::Neoplastic::Sex_Cord_Stromal::Malignant::Adult_Granulosa_Cell_Tumor,1
pathout,GYN::Ovary::Neoplastic::Sex_Cord_Stromal::Malignant::Juvenile_Granulosa_Cell_Tumor,1
pathout,GYN::Ovary::Neoplastic::Sex_Cord_Stromal::Malignant::Steroid_Cell_Tumor_NOS,1
pathout,GYN::Ovary::Normal_Histology::Anatomy_And_Histology,1
pathout,GYN::Ovary::Normal_Histology::Disorders_Of_Sex_Development_General,1
pathout,GYN::Ovary::Sex_Cord_Stromal::Mixed_Sex_Cord_Stromal::Gynandroblastoma,1
pathout,GYN::Ovary::Sex_Cord_Stromal::Stromal::Ovarian_Fibroma,1
pathout,GYN::Ovary::Tumor_Like::Corpus_Luteum_Cyst,1
pathout,GYN::Peritoneum::Neoplastic::Epithelial::Malignant::Serous_Carcinoma,5
pathout,GYN::Peritoneum::Neoplastic::Mesothelial::Benign::Well_Differentiated_Papillary_Mesothelial_Tumor,1
pathout,GYN::Peritoneum::Tumor_Like::Endosalpingiosis_of_the_Peritoneum,2
pathout,GYN::Placenta::Concept::Classification::Amnionic_Web_And_Amniotic_Band_Syndrome,1
pathout,GYN::Placenta::Concept::Classification::Furcate_Insertion,1
pathout,GYN::Placenta::Concept::Classification::Hematoma,1
pathout,GYN::Placenta::Concept::Classification::Infarct,1
pathout,GYN::Placenta::Concept::Classification::Knots,1
pathout,GYN::Placenta::Concept::Classification::Long_Cord,1
pathout,GYN::Placenta::Concept::Classification::Nuchal_Cord,1
pathout,GYN::Placenta::Concept::Classification::Short_Cord,1
pathout,GYN::Placenta::Concept::Classification::Thin_Cord,1
pathout,GYN::Placenta::Concept::Laboratory_Operations::Chorangiosis,1
pathout,GYN::Placenta::Concept::Laboratory_Operations::Fetus_In_Fetu,1
pathout,GYN::Placenta::Concept::Molecular_Genetics::Circummarginate_Placenta,1
pathout,GYN::Placenta::Concept::Molecular_Genetics::Distal_Villous_Hyperplasia_Villous_Dysmaturity_Delayed_Villous_Maturation,1
pathout,GYN::Placenta::Concept::Molecular_Genetics::Hydrops_Fetalis,1
pathout,GYN::Placenta::Concept::Molecular_Genetics::Placental_Site_Subinvolution,1
pathout,GYN::Placenta::Concept::Molecular_Genetics::Toxemia_Of_Pregnancy_Preeclampsia_And_Eclampsia,1
pathout,GYN::Placenta::Concept::Molecular_Genetics::Twin_Twin_Transfusion,1
pathout,GYN::Placenta::Concept::Molecular_Genetics::Velamentous_Insertion,1
pathout,GYN::Placenta::Concept::Other::Erythroblastosis,1
pathout,GYN::Placenta::Concept::Other::Retroplacental_Hematoma_With_Intraplacental_Extension_Placental_Abruption,1
pathout,GYN::Placenta::Concept::Reporting_Grossing::Accessory_Lobe_Bilobate_Placenta,1
pathout,GYN::Placenta::Concept::Reporting_Grossing::Circumvallate_Placenta,1
pathout,GYN::Placenta::Concept::Reporting_Grossing::Fetal_Thrombotic_Vasculopathy,1
pathout,GYN::Placenta::Concept::Reporting_Grossing::Grossing_Products_Of_Conception,1
pathout,GYN::Placenta::Concept::Reporting_Grossing::Marginal_Insertion,1
pathout,GYN::Placenta::Concept::Reporting_Grossing::Placental_Edema_Placental_Hydrops,1
pathout,GYN::Placenta::Concept::Reporting_Grossing::Single_Umbilical_Artery_And_Supernumerary_Vessels,1
pathout,GYN::Placenta::Congenital_Structural::Chorionic_Cysts,1
pathout,GYN::Placenta::Congenital_Structural::Ectopic_Pregnancy,1
pathout,GYN::Placenta::Congenital_Structural::Embryonic_Remnants,1
pathout,GYN::Placenta::Congenital_Structural::Pulmonary_Placental_Transmogrification,1
pathout,GYN::Placenta::Depositional_Metabolic::4_Main_Categories,1
pathout,GYN::Placenta::Depositional_Metabolic::Amnion_Nodosum,1
pathout,GYN::Placenta::Depositional_Metabolic::Decidual_Arteriopathy,1
pathout,GYN::Placenta::Depositional_Metabolic::Massive_Perivillous_Fibrin_Deposition_Maternal_Floor_Infarction,1
pathout,GYN::Placenta::Infectious::Covid_19_Placentitis,1
pathout,GYN::Placenta::Inflammatory::Acute_Villitis_And_Intervillositis,1
pathout,GYN::Placenta::Inflammatory::Chronic_Histiocytic_Intervillositis,1
pathout,GYN::Placenta::Inflammatory::Eosinophilic_T_Cell_Chorionic_Vasculitis,1
pathout,GYN::Placenta::Inflammatory::Umbilical_Vasculitis_And_Funisitis,1
pathout,GYN::Placenta::Inflammatory::Villitis_Of_Unknown_Etiology,1
pathout,GYN::Placenta::Neoplastic::Chorangioma,1
pathout,GYN::Placenta::Neoplastic::Chorangiomatosis,1
pathout,GYN::Placenta::Neoplastic::Human_Placental_Lactogen,1
pathout,GYN::Placenta::Neoplastic::Human_Placental_Lactogen_Stainshpl,1
pathout,GYN::Placenta::Neoplastic::Malignant::Metastases,1
pathout,GYN::Placenta::Neoplastic::Malignant::Small_Large_For_Gestational_Age,1
pathout,GYN::Placenta::Neoplastic::Malignant::Twins,1
pathout,GYN::Placenta::Neoplastic::Precursor::Mesenchymal_Dysplasia,1
pathout,GYN::Placenta::Neoplastic::Staging_Gestational_Trophoblastic_Neoplasms,1
pathout,GYN::Placenta::Normal_Histology::Anatomy_And_Histology_Placenta_And_Umbilical_Cord,1
pathout,GYN::Placenta::Normal_Histology::Blighted_Ovum_Anembryonic_Gestation,1
pathout,GYN::Placenta::Normal_Histology::Early_First_Trimester_Pregnancy_Loss,1
pathout,GYN::Placenta::Normal_Histology::Nonmolar_Aneuploidy,1
pathout,GYN::Placenta::Normal_Histology::Placental_Development_And_Hormones,1
pathout,GYN::Placenta::Normal_Histology::Torsion_Hypercoiling,1
pathout,GYN::Uterine_Corpus::Mesenchymal::Miscellaneous_Mesenchymal::Perivascular_Epithelioid_Cell_Tumor_PEComa_,1
pathout,GYN::Uterine_Corpus::Mixed_Epithelial_Mesenchymal::Adenosarcoma_of_the_Uterine_Corpus,1
pathout,GYN::Uterine_Corpus::Tumor_Like::Endometrial_Metaplasia,1
pathout,GYN::Uterus::Concept::Classification::WHO_Classification,1
pathout,GYN::Uterus::Concept::Management_Workup::Disordered_Proliferative,1
pathout,GYN::Uterus::Concept::Management_Workup::Progestin_Therapy_Related_Changes,1
pathout,GYN::Uterus::Concept::Procedure_Specimen::Histology_Of_Specimens_From_Gender_Affirming_Surgery_In_Individuals_Assigned_Female_At_Birth,1
pathout,GYN::Uterus::Congenital_Structural::Ectopic_Decidual_Reaction,1
pathout,GYN::Uterus::Congenital_Structural::Ectopic_Tubal_Pregnancy,1
pathout,GYN::Uterus::Congenital_Structural::Endometrial_Biopsy_Reporting_Benign_Metaplasia,1
pathout,GYN::Uterus::Congenital_Structural::Polyp::Endometrial_Polyp,1
pathout,GYN::Uterus::Inflammatory::Acute_Chorioamnionitis,1
pathout,GYN::Uterus::Inflammatory::Chronic::Endometritis,1
pathout,GYN::Uterus::Inflammatory::Chronic_Deciduitis,1
pathout,GYN::Uterus::Inflammatory::Hemorrhagic_Endovasculitis_Vasculopathy,1
pathout,GYN::Uterus::Neoplastic::Adenomyosis_Adenomyoma,1
pathout,GYN::Uterus::Neoplastic::Benign::Exogenous_Hormones,1
pathout,GYN::Uterus::Neoplastic::Epithelial::Malignant::Carcinosarcoma,2
pathout,GYN::Uterus::Neoplastic::Epithelial::Malignant::Endometrioid_Adenocarcinoma,1
pathout,GYN::Uterus::Neoplastic::Epithelial::Malignant::Mesonephric_Like_Carcinoma,1
pathout,GYN::Uterus::Neoplastic::Epithelial::Malignant::Neuroendocrine_Carcinoma,2
pathout,GYN::Uterus::Neoplastic::Epithelial::Malignant::Undifferentiated_Dedifferentiated_Carcinoma,2
pathout,GYN::Uterus::Neoplastic::Epithelial::Precursor::Endometrial_Intraepithelial_Neoplasia_Atypical_Hyperplasia,1
pathout,GYN::Uterus::Neoplastic::Malignant::Endometrial_Carcinoma_General,1
pathout,GYN::Uterus::Neoplastic::Malignant::Invasive_Hydatidiform_Mole,1
pathout,GYN::Uterus::Neoplastic::Malignant::Placenta_Accreta_Increta_And_Percreta,1
pathout,GYN::Uterus::Neoplastic::Malignant::Pole_Ultramutated_Endometrial_Carcinoma,1
pathout,GYN::Uterus::Neoplastic::Malignant::Staging_Sarcoma,1
pathout,GYN::Uterus::Neoplastic::Mesenchymal::Benign::Endometrial_Stromal_Nodule,1
pathout,GYN::Uterus::Neoplastic::Mesenchymal::Benign::Intravenous_Leiomyomatosis,1
pathout,GYN::Uterus::Neoplastic::Mesenchymal::Malignant::Alveolar_Soft_Part_Sarcoma,2
pathout,GYN::Uterus::Neoplastic::Mesenchymal::Malignant::High_Grade_Endometrial_Stromal_Sarcoma,1
pathout,GYN::Uterus::Neoplastic::Mesenchymal::Malignant::Leiomyosarcoma,2
pathout,GYN::Uterus::Neoplastic::Mesenchymal::Malignant::Low_Grade_Endometrial_Stromal_Sarcoma,1
pathout,GYN::Uterus::Neoplastic::Mesenchymal::Malignant::SMARC_Deficient_Uterine_Sarcoma,1
pathout,GYN::Uterus::Neoplastic::Mesothelial::Benign::Adenomatoid_Tumor,1
pathout,GYN::Uterus::Neoplastic::Miscellaneous::Malignant::Wilms_Tumor,1
pathout,GYN::Uterus::Neoplastic::Mixed::Intermediate::Atypical_Polypoid_Adenomyoma,2
pathout,GYN::Uterus::Neoplastic::Sex_Cord_Stromal::Intermediate::Uterine_Tumor_Resembling_Ovarian_Sex_Cord_Tumor,1
pathout,GYN::Uterus::Normal_Histology::Abnormal_Uterine_Bleeding,1
pathout,GYN::Vagina::Congenital_Structural::Malformation::Adenosis,1
pathout,GYN::Vagina::Congenital_Structural::Mechanical::Fallopian_Tube_Prolapse,1
pathout,GYN::Vagina::Glandular_Tumors::Endometrioid_Carcinoma_of_the_Vagina,1
pathout,GYN::Vagina::Neoplastic::Epithelial::Benign::Mixed_Tumor,1
pathout,GYN::Vagina::Neoplastic::Epithelial::Precursor::Vaginal_Intraepithelial_Neoplasia_VaIN,1
pathout,GYN::Vagina::Neoplastic::Germ_Cell::Malignant::Yolk_Sac_Tumor,1
pathout,GYN::Vagina::Neoplastic::Malignant::Staging_Vagina_Carcinoma,1
pathout,GYN::Vagina::Other_Epithelial::Mixed_Tumor_of_the_Vagina,1
pathout,GYN::Vulva::Benign_Squamous::Condyloma_Acuminatum,1
pathout,GYN::Vulva::Concept::Classification::Emerging_Novel_Neoplastic_Entities,1
pathout,GYN::Vulva::Concept::Reporting_Grossing::Features_To_Report,1
pathout,GYN::Vulva::Congenital_Structural::Mechanical::Massive_Edema,1
pathout,GYN::Vulva::Infectious::Infection,1
pathout,GYN::Vulva::Inflammatory::Dermatosis::Allergic_Contact_Dermatitis,1
pathout,GYN::Vulva::Inflammatory::Dermatosis::Lichen_Planus,1
pathout,GYN::Vulva::Inflammatory::Dermatosis::Lichen_Sclerosus,1
pathout,GYN::Vulva::Inflammatory::Dermatosis::Lichen_Simplex_Chronicus,1
pathout,GYN::Vulva::Inflammatory::Pigmented_Lesions_Vulva,1
pathout,GYN::Vulva::Neoplastic::Atypical_Melanocytic_Nevi_Of_The_Genital_Type_Vulva,1
pathout,GYN::Vulva::Neoplastic::Epithelial::Malignant::Bartholin_Gland_Carcinoma,1
pathout,GYN::Vulva::Neoplastic::Epithelial::Malignant::Basal_Cell_Carcinoma,1
pathout,GYN::Vulva::Neoplastic::Epithelial::Malignant::Extramammary_Paget_Disease,1
pathout,GYN::Vulva::Neoplastic::Malignant::Mammary_Mammary_Like_Tissue_And_Associated_Lesions,1
pathout,GYN::Vulva::Neoplastic::Malignant::Mammary_Mammary_Like_Tissue_And_Associated_Lesions_Vulvaectopicmammary,1
pathout,GYN::Vulva::Neoplastic::Malignant::Staging_Vulva_Carcinoma,1
pathout,GYN::Vulva::Neoplastic::Melanocytic::Benign::Common_Melanocytic_Nevus,1
pathout,GYN::Vulva::Neoplastic::Mesenchymal::Benign::Angiomyofibroblastoma,1
pathout,GYN::Vulva::Neoplastic::Mesenchymal::Benign::Cellular_Angiofibroma,2
pathout,GYN::Vulva::Neoplastic::Mesenchymal::Benign::Leiomyoma,3
pathout,GYN::Vulva::Neoplastic::Mesenchymal::Intermediate::Deep_Aggressive_Angiomyxoma,1
pathout,GYN::Vulva::Neoplastic::Mesenchymal::Malignant::Epithelioid_Sarcoma,1
pathout,GYN::Vulva::Normal_Histology::Heterotopia::Endometriosis,2
pathout,GYN::Vulva::Squamous_Tumors::Vulvar_Intraepithelial_Neoplasia_HPV_independent,1
pathout,General_Pathology::PathOut_Residual_Generated::Nasalnasopharyngealgeneral,1
pathout,HEME::B_Cell_Lymphomas::Concept::IHC_Markers::Lymphocyte_Maturation,1
pathout,HEME::B_Cell_Lymphomas::Concept::Laboratory_Operations::Follicular_Hyperplasia,1
pathout,HEME::B_Cell_Lymphomas::Depositional_Metabolic::Amyloid,1
pathout,HEME::B_Cell_Lymphomas::Infectious::EBV_Positive_DLBCL,1
pathout,HEME::B_Cell_Lymphomas::Inflammatory::Reactive_B_Cell_Rich_Lymphoid_Proliferations_That_Can_Mimic_Lymphoma,1
pathout,HEME::B_Cell_Lymphomas::Mature_B_Cell::Mantle_Cell::Leukemic_Non_nodal_Mantle_Cell_Lymphoma,2
pathout,HEME::B_Cell_Lymphomas::Neoplastic::Atypical_CLL,1
pathout,HEME::B_Cell_Lymphomas::Neoplastic::Malignant::Chl_Lymphocyte_Depleted,1
pathout,HEME::B_Cell_Lymphomas::Neoplastic::Malignant::Chl_Lymphocyte_Rich,1
pathout,HEME::B_Cell_Lymphomas::Neoplastic::Malignant::Composite_Lymphoma,1
pathout,HEME::B_Cell_Lymphomas::Neoplastic::Malignant::DLBCL_NOS,1
pathout,HEME::B_Cell_Lymphomas::Neoplastic::Malignant::DLBCL_Primary_Testicular,1
pathout,HEME::B_Cell_Lymphomas::Neoplastic::Malignant::Diffuse_Large_B_Cell_Lymphoma,1
pathout,HEME::B_Cell_Lymphomas::Neoplastic::Malignant::Extranodal_Marginal_Zone_Lymphoma_Of_Mucosa_Associated_Lymphoid_Tissue,1
pathout,HEME::B_Cell_Lymphomas::Neoplastic::Malignant::Extranodal_Marginal_Zone_Lymphoma_Of_Mucosa_Associated_Lymphoid_Tissue_Malt_Lymphoma,1
pathout,HEME::B_Cell_Lymphomas::Neoplastic::Malignant::Follicular_Usual,1
pathout,HEME::B_Cell_Lymphomas::Neoplastic::Malignant::Intravascular_Lbcl,1
pathout,HEME::B_Cell_Lymphomas::Neoplastic::Malignant::Intravascular_Lbcl_Lymphomadiffuseintra,1
pathout,HEME::B_Cell_Lymphomas::Neoplastic::Malignant::Lymphoma,1
pathout,HEME::B_Cell_Lymphomas::Neoplastic::Malignant::Lymphoma_Conjunctiva,1
pathout,HEME::B_Cell_Lymphomas::Neoplastic::Malignant::Lymphoma_Esophaguslymphoma,1
pathout,HEME::B_Cell_Lymphomas::Neoplastic::Malignant::Lymphoma_Mandiblemaxillalymphoma,1
pathout,HEME::B_Cell_Lymphomas::Neoplastic::Malignant::Mcl_Aggressive_Variants,1
pathout,HEME::B_Cell_Lymphomas::Neoplastic::Malignant::Mcl_Classic,1
pathout,HEME::B_Cell_Lymphomas::Neoplastic::Malignant::Neoplastic_Wbc,1
pathout,HEME::B_Cell_Lymphomas::Neoplastic::Malignant::Primary_Follicular_Lymphoma_Testis,1
pathout,HEME::B_Cell_Lymphomas::Neoplastic::Malignant::Splenic_B_Cell_Lymphoma_Leukemia_With_Prominent_Nucleoli,1
pathout,HEME::B_Cell_Lymphomas::Neoplastic::Malignant::T_Cell_Leukemia_Lymphoma_Protein_1_TCL1,1
pathout,HEME::B_Cell_Lymphomas::Neoplastic::Malignant::Therapy_Related_Myeloid_Neoplasm_Therapy_Related_AML,1
pathout,HEME::B_Cell_Lymphomas::Neoplastic::Malignant::WHO_2022_And_Icc_B_Cell,1
pathout,HEME::B_Cell_Lymphomas::Neoplastic::Precursor::WHO_2017_B_Cell,1
pathout,HEME::B_Cell_Lymphomas::Neoplastic::WHO_2019_Gi_Hematolymphoid_Tumors,1
pathout,HEME::B_Cell_Lymphomas::Normal_Histology::B_And_T_Cells,1
pathout,HEME::B_Cell_Lymphomas::Plasma_Cell::Concept::Management_Workup::Plasma_Cell_Granuloma,1
pathout,HEME::B_Cell_Lymphomas::Plasma_Cell::Concept::Other::Alcohol_Abuse,1
pathout,HEME::B_Cell_Lymphomas::Plasma_Cell::Concept::Other::Plasmacytosis,1
pathout,HEME::B_Cell_Lymphomas::Plasma_Cell::Concept::Staging::Plasma_Cells,1
pathout,HEME::B_Cell_Lymphomas::Plasma_Cell::Congenital_Structural::Thrombocytopenia_Absent_Radii_Tar_Syndrome,1
pathout,HEME::B_Cell_Lymphomas::Plasma_Cell::Depositional_Metabolic::Crystal_Storing_Histiocytosis,1
pathout,HEME::B_Cell_Lymphomas::Plasma_Cell::Infectious::Anaplasma,1
pathout,HEME::B_Cell_Lymphomas::Plasma_Cell::Infectious::Castleman_Disease,1
pathout,HEME::B_Cell_Lymphomas::Plasma_Cell::Infectious::Castleman_Disease_LymphomaHHV8asscmulticastleman,1
pathout,HEME::B_Cell_Lymphomas::Plasma_Cell::Infectious::Histoplasma_Capsulatum,1
pathout,HEME::B_Cell_Lymphomas::Plasma_Cell::Inflammatory::Plasma_Cell_Gingivitis,1
pathout,HEME::B_Cell_Lymphomas::Plasma_Cell::Neoplastic::Blastic_Plasmacytoid_Dendritic_Cell_Neoplasm,1
pathout,HEME::B_Cell_Lymphomas::Plasma_Cell::Neoplastic::Malignant::CLL_SLL,1
pathout,HEME::B_Cell_Lymphomas::Plasma_Cell::Neoplastic::Malignant::CLL_SLL_Lymphomacll,1
pathout,HEME::B_Cell_Lymphomas::Plasma_Cell::Neoplastic::Malignant::Nonsecretory_Myeloma,1
pathout,HEME::B_Cell_Lymphomas::Precursor_B_Cell::B_ALL::B_lymphoblastic_Leukemia_lymphoma_with_BCR_ABL1_like_Features,1
pathout,HEME::B_Cell_Lymphomas::Precursor_B_Cell::B_ALL::B_lymphoblastic_Leukemia_lymphoma_with_High_Hyperdiploidy,1
pathout,HEME::B_Cell_Lymphomas::Precursor_B_Cell::B_ALL::B_lymphoblastic_Leukemia_lymphoma_with_Hypodiploidy,1
pathout,HEME::GENETICS::Fanconi_Anemia,2
pathout,HEME::Histiocytic_Dendritic::Neoplastic::Precursor::Monocytes,1
pathout,HEME::Histiocytic_Dendritic::Plasmacytoid_Dendritic::Mature_Plasmacytoid_Dendritic_Cell_Proliferation_Associated_with_Myeloid_Neoplasm,1
pathout,HEME::Myeloid_Neoplasms::AML::Differentiation::Acute_Basophilic_Leukemia,1
pathout,HEME::Myeloid_Neoplasms::AML::Differentiation::Acute_Myeloid_Leukemia_with_Minimal_Differentiation,1
pathout,HEME::Myeloid_Neoplasms::AML::Differentiation::Acute_Myelomonocytic_Leukemia,1
pathout,HEME::Myeloid_Neoplasms::AML::Genetic_Abnormalities::Acute_Myeloid_Leukemia_with_BCR_ABL1_Fusion,1
pathout,HEME::Myeloid_Neoplasms::AML::Genetic_Abnormalities::Acute_Myeloid_Leukemia_with_CEBPA_Mutation,1
pathout,HEME::Myeloid_Neoplasms::AML::Genetic_Abnormalities::Acute_Myeloid_Leukemia_with_DEK_NUP214_Fusion,1
pathout,HEME::Myeloid_Neoplasms::AML::Genetic_Abnormalities::Acute_Myeloid_Leukemia_with_RUNX1_RUNX1T1_Fusion,1
pathout,HEME::Myeloid_Neoplasms::Ambiguous_Lineage::Immunophenotype::Acute_Leukemia_of_Ambiguous_Lineage_NOS,1
pathout,HEME::Myeloid_Neoplasms::Ambiguous_Lineage::Immunophenotype::Acute_Undifferentiated_Leukemia,1
pathout,HEME::Myeloid_Neoplasms::Concept::Molecular_Genetics::JAK2,1
pathout,HEME::Myeloid_Neoplasms::Concept::Molecular_Genetics::With_DDX41_Mutation,1
pathout,HEME::Myeloid_Neoplasms::Concept::Other::Chediak_Higashi_Syndrome,1
pathout,HEME::Myeloid_Neoplasms::Concept::Other::Cutaneous_Mastocytosis,1
pathout,HEME::Myeloid_Neoplasms::Infectious::CMV,1
pathout,HEME::Myeloid_Neoplasms::Inflammatory::Splendore_Hoeppli_Phenomenon,1
pathout,HEME::Myeloid_Neoplasms::Myelodysplastic_Neoplasms::Genetic_Abnormalities::Myelodysplastic_Neoplasm_with_Biallelic_TP53_Inactivation,1
pathout,HEME::Myeloid_Neoplasms::Myeloproliferative_Neoplasms::Chronic_Neutrophilic_Leukemia,1
pathout,HEME::Myeloid_Neoplasms::Neoplastic::MDS_General,1
pathout,HEME::Myeloid_Neoplasms::Neoplastic::MDS_General_Bonemarrowneoplasticmdsgeneral,1
pathout,HEME::Myeloid_Neoplasms::Neoplastic::MDS_Hypoplastic,1
pathout,HEME::Myeloid_Neoplasms::Neoplastic::MDS_In_Childhood,1
pathout,HEME::Myeloid_Neoplasms::Neoplastic::MDS_MPN_NOS_Unclassifiable,1
pathout,HEME::Myeloid_Neoplasms::Neoplastic::MDS_MPN_With_SF3B_1_And_Thrombocytosis,1
pathout,HEME::Myeloid_Neoplasms::Neoplastic::MDS_Prognostic_Scoring,1
pathout,HEME::Myeloid_Neoplasms::Neoplastic::MDS_Unclassifiable,1
pathout,HEME::Myeloid_Neoplasms::Neoplastic::MDS_With_Excess_Blasts,1
pathout,HEME::Myeloid_Neoplasms::Neoplastic::MDS_With_Mutated_SF3B_1,1
pathout,HEME::Myeloid_Neoplasms::Neoplastic::MPN_Unclassifiable,1
pathout,HEME::Myeloid_Neoplasms::Neoplastic::Malignant::AML_Hypocellular,1
pathout,HEME::Myeloid_Neoplasms::Neoplastic::Malignant::AML_M6,1
pathout,HEME::Myeloid_Neoplasms::Neoplastic::Malignant::AML_Megakaryoblastic_With_T_1_22_P13_3_Q13_1_RBM15_MRTF1,1
pathout,HEME::Myeloid_Neoplasms::Neoplastic::Malignant::AML_With_Cebpa_Mutation_WHO_HAEM5_Biallelic_Or_Icc_Bzip,1
pathout,HEME::Myeloid_Neoplasms::Neoplastic::Malignant::AML_With_FLT3,1
pathout,HEME::Myeloid_Neoplasms::Neoplastic::Malignant::AML_With_Inv_16_P13_1_Q22_Or_T_16_16_P13_1_Q22_Cbfb_MYH11,1
pathout,HEME::Myeloid_Neoplasms::Neoplastic::Malignant::AML_With_Inv_3_Q21_3_Q26_2_Or_T_3_3_Q21_3_Q26_2_GATA2_Mecom,1
pathout,HEME::Myeloid_Neoplasms::Neoplastic::Malignant::AML_With_KAT6A_Crebbp,1
pathout,HEME::Myeloid_Neoplasms::Neoplastic::Malignant::AML_With_Maturation_Fab_AML_M2,1
pathout,HEME::Myeloid_Neoplasms::Neoplastic::Malignant::AML_With_Mutated_NPM1,1
pathout,HEME::Myeloid_Neoplasms::Neoplastic::Malignant::AML_With_Myelodysplasia_Defining_Abnormalities,1
pathout,HEME::Myeloid_Neoplasms::Neoplastic::Malignant::AML_With_Other_KMT2A_Rearrangements,1
pathout,HEME::Myeloid_Neoplasms::Neoplastic::Malignant::AML_With_Other_Mecom_Rearrangements,1
pathout,HEME::Myeloid_Neoplasms::Neoplastic::Malignant::AML_With_Pseudo_Chediak_Higashi_Anomaly,1
pathout,HEME::Myeloid_Neoplasms::Neoplastic::Malignant::AML_With_RUNX1T_3_CBFA2T_3_GLIS2,1
pathout,HEME::Myeloid_Neoplasms::Neoplastic::Malignant::AML_With_T_1_3_P36_Q21_RDM16_RPN1,1
pathout,HEME::Myeloid_Neoplasms::Neoplastic::Malignant::AML_With_T_9_11_P22_Q23_KMT2A_MLLT3,1
pathout,HEME::Myeloid_Neoplasms::Neoplastic::Malignant::Acute_Panmyelosis_With_Myelofibrosis,1
pathout,HEME::Myeloid_Neoplasms::Neoplastic::Malignant::Amol,1
pathout,HEME::Myeloid_Neoplasms::Neoplastic::Malignant::Atypical_Chronic_Myeloid_Leukemia_Bcr_ABL1_Negative,1
pathout,HEME::Myeloid_Neoplasms::Neoplastic::Malignant::Chronic_Eosinophilic_Leukemia,1
pathout,HEME::Myeloid_Neoplasms::Neoplastic::Malignant::Chronic_Myeloid_Leukemia_Bcr_ABL1_Positive,1
pathout,HEME::Myeloid_Neoplasms::Neoplastic::Malignant::Chronic_Myelomonocytic_Leukemia,1
pathout,HEME::Myeloid_Neoplasms::Neoplastic::Malignant::Diamond_Blackfan_Anemia,1
pathout,HEME::Myeloid_Neoplasms::Neoplastic::Malignant::Diamond_Blackfan_Anemia_Bonemarrowneoplasticdiamondblackfan,1
pathout,HEME::Myeloid_Neoplasms::Neoplastic::Malignant::Juvenile_Myelomonocytic_Leukemia,1
pathout,HEME::Myeloid_Neoplasms::Neoplastic::Malignant::M5B,1
pathout,HEME::Myeloid_Neoplasms::Neoplastic::Malignant::Mixed_Phenotype,1
pathout,HEME::Myeloid_Neoplasms::Neoplastic::Malignant::Myeloid_Sarcoma,1
pathout,HEME::Myeloid_Neoplasms::Neoplastic::Malignant::Myeloid_Sarcoma_Skintumornonmelanocyticgranulocytic,1
pathout,HEME::Myeloid_Neoplasms::Neoplastic::Malignant::T_12_21_P13_Q22_ETV6_RUNX1,1
pathout,HEME::Myeloid_Neoplasms::Neoplastic::Myeloid_Neoplasms_With_Germline_GATA2_Mutation,1
pathout,HEME::Myeloid_Neoplasms::Neoplastic::Myeloid_Neoplasms_With_Germline_SAMD9_Mutation,1
pathout,HEME::Myeloid_Neoplasms::Neoplastic::Myeloid_Or_Lymphoid_Neoplasms_With_Germline_RUNX1_Mutation,1
pathout,HEME::Myeloid_Neoplasms::Neoplastic::Precursor::MDS_With_Multilineage_Dysplasia,1
pathout,HEME::Myeloid_Neoplasms::Neoplastic::Precursor::MDS_With_Single_Lineage_Dysplasia,1
pathout,HEME::Myeloid_Neoplasms::Neoplastic::Sea_Blue_Histiocytosis_Syndrome,1
pathout,HEME::Myeloid_Neoplasms::Precursor_Lesions::Clonal_Hematopoiesis::Clonal_Cytopenia_of_Undetermined_Significance,1
pathout,HEME::Myeloid_Neoplasms::Secondary_Neoplasms::Antecedent_Conditions::Myeloid_Proliferations_Associated_with_Down_Syndrome,1
pathout,HEME::Non_Neoplastic::Concept::Classification::Hereditary_Persistence_Of_Fetal_Hemoglobin_Hpfh,1
pathout,HEME::Non_Neoplastic::Concept::Classification::Megakaryocytes,1
pathout,HEME::Non_Neoplastic::Concept::Classification::Megaloblastic_Anemia,1
pathout,HEME::Non_Neoplastic::Concept::Management_Workup::Copper_Deficiency,1
pathout,HEME::Non_Neoplastic::Concept::Management_Workup::Rbc_Inclusions,1
pathout,HEME::Non_Neoplastic::Concept::Management_Workup::Shwachman_Diamond_Syndrome,1
pathout,HEME::Non_Neoplastic::Concept::Management_Workup::Shwachman_Diamond_Syndrome_Bonemarrowshwachmandiamond,1
pathout,HEME::Non_Neoplastic::Concept::Molecular_Genetics::Paroxysmal_Nocturnal_Hemoglobinuria_Pnh,1
pathout,HEME::Non_Neoplastic::Concept::Molecular_Genetics::Paroxysmal_Nocturnal_Hemoglobinuria_Pnh_Hematologypnh,1
pathout,HEME::Non_Neoplastic::Concept::Molecular_Genetics::Plasmodium_Falciparum,1
pathout,HEME::Non_Neoplastic::Concept::Other::Iron_Deficiency_Anemia,1
pathout,HEME::Non_Neoplastic::Concept::Reporting_Grossing::Features_To_Report,1
pathout,HEME::Non_Neoplastic::Congenital_Structural::Congenital_Dyserythropoietic_Anemia_Cda,1
pathout,HEME::Non_Neoplastic::Congenital_Structural::Diagnosing_Hemolytic_Anemia,1
pathout,HEME::Non_Neoplastic::Congenital_Structural::Pure_Red_Cell_Aplasia,1
pathout,HEME::Non_Neoplastic::Infectious::Hiv_Aids,1
pathout,HEME::Non_Neoplastic::Neoplastic::Dyskeratosis_Congenita,1
pathout,HEME::Non_Neoplastic::Neoplastic::MDS_With_Mutated_TP53,1
pathout,HEME::Non_Neoplastic::Neoplastic::Richter_Syndrome,1
pathout,HEME::Non_Neoplastic::Normal_Histology::Hemoglobin_C_Disease,1
pathout,HEME::Other::Concept::Classification::Atll,1
pathout,HEME::Other::Concept::Classification::Atll_Lymphomanonbatlv,1
pathout,HEME::Other::Concept::Classification::Clonal_Monocytosis_Of_Undetermined_Significance_Cmus,1
pathout,HEME::Other::Concept::Classification::Gaucher_Disease,1
pathout,HEME::Other::Concept::Classification::Immune_Thrombocytopenia_Itp,1
pathout,HEME::Other::Concept::Classification::Ptld_Polymorphic,1
pathout,HEME::Other::Concept::Classification::Semen_Analysis,1
pathout,HEME::Other::Concept::Classification::Wiskott_Aldrich_Syndrome,1
pathout,HEME::Other::Concept::IHC_Markers::Omenn_Syndrome,1
pathout,HEME::Other::Concept::Laboratory_Operations::Kikuchi_Disease,1
pathout,HEME::Other::Concept::Management_Workup::Congestive_Splenomegaly,1
pathout,HEME::Other::Concept::Management_Workup::Niemann_Pick_Disease,1
pathout,HEME::Other::Concept::Molecular_Genetics::Erythroid_Maturation_Erythropoiesis,1
pathout,HEME::Other::Concept::Molecular_Genetics::General,1
pathout,HEME::Other::Concept::Molecular_Genetics::Splenectomy_Rupture_And_Splenosis,1
pathout,HEME::Other::Concept::Molecular_Genetics::T_5_14_Q31_Q32_IGH_IL3,1
pathout,HEME::Other::Concept::Molecular_Genetics::T_9_22_Q34_Q11_Bcr_ABL1,1
pathout,HEME::Other::Concept::Other::Atll,1
pathout,HEME::Other::Concept::Other::Chl_Nodular_Sclerosis,1
pathout,HEME::Other::Concept::Other::Crystal_Storing_Histiocytosis,1
pathout,HEME::Other::Concept::Other::Flow_Cytometry,1
pathout,HEME::Other::Concept::Other::Neutrophil_Maturation,1
pathout,HEME::Other::Concept::Procedure_Specimen::Core_Needle_Procedure,1
pathout,HEME::Other::Concept::Procedure_Specimen::How_To_Do_A_Bone_Marrow_Biopsy_Procedure,1
pathout,HEME::Other::Concept::Reporting_Grossing::Endogenous_Pigment,1
pathout,HEME::Other::Concept::Reporting_Grossing::Grossing_And_Features_To_Report_Lymph_Nodes,1
pathout,HEME::Other::Congenital_Structural::Angiolipomatous_Hamartoma,1
pathout,HEME::Other::Congenital_Structural::Epithelial_Cyst,1
pathout,HEME::Other::Congenital_Structural::Other_Ectopic_Tissue_Inclusions,1
pathout,HEME::Other::Congenital_Structural::Splenic_Malformations,1
pathout,HEME::Other::Depositional_Metabolic::Arsenic_Toxicity,1
pathout,HEME::Other::Depositional_Metabolic::Primary_Amyloidosis,1
pathout,HEME::Other::Depositional_Metabolic::Vitamin_B12_Deficiency,1
pathout,HEME::Other::Infectious::Adult_Onset_Still_Disease,1
pathout,HEME::Other::Infectious::Babesia,1
pathout,HEME::Other::Infectious::CR3_Deficiency,1
pathout,HEME::Other::Infectious::EBV_Related_Lymphoid_Proliferations,1
pathout,HEME::Other::Infectious::Mycobacteria_Atypical_Other_Than_Tb_Or_Leprosy,1
pathout,HEME::Other::Infectious::Other_Infections,1
pathout,HEME::Other::Infectious::Parvovirus_Erythrovirus_B19,1
pathout,HEME::Other::Infectious::Plasmodium_Non_Falciparum,1
pathout,HEME::Other::Infectious::Uncommon_Infections,1
pathout,HEME::Other::Inflammatory::Abscess,1
pathout,HEME::Other::Inflammatory::Acute_Splenitis,1
pathout,HEME::Other::Inflammatory::Granulomatous_Inflammation,1
pathout,HEME::Other::Inflammatory::Granulomatous_Inflammation_Lymphnodesgranulomatous,1
pathout,HEME::Other::Inflammatory::Immune_Thrombotic_Thrombocytopenic_Purpura_Ttp,1
pathout,HEME::Other::Inflammatory::Lupus_Lymphadenitis,1
pathout,HEME::Other::Inflammatory::Reactive_Lymphadenopathy,1
pathout,HEME::Other::Inflammatory::Reactive_Neutrophilia,1
pathout,HEME::Other::Inflammatory::Rheumatoid_Arthritis,1
pathout,HEME::Other::Neoplastic::Benign::Angiomyolipoma,1
pathout,HEME::Other::Neoplastic::Benign::Angiomyomatous_Hamartoma,1
pathout,HEME::Other::Neoplastic::Clonal_Hematopoiesis_Of_Indeterminate_Potential_Chip,1
pathout,HEME::Other::Neoplastic::Hemangioma_Lymph_Nodes,1
pathout,HEME::Other::Neoplastic::Lymphangioma,1
pathout,HEME::Other::Neoplastic::Lymphangiomyomatosis,1
pathout,HEME::Other::Neoplastic::Malignant::ALK_Positive_Lbcl,1
pathout,HEME::Other::Neoplastic::Malignant::Accessory,1
pathout,HEME::Other::Neoplastic::Malignant::Adipose_Tissue_Lipogranuloma,1
pathout,HEME::Other::Neoplastic::Malignant::Amkl_M7,1
pathout,HEME::Other::Neoplastic::Malignant::Apl_With_PML_Rara,1
pathout,HEME::Other::Neoplastic::Malignant::Chl_Mixed_Cellularity,1
pathout,HEME::Other::Neoplastic::Malignant::Drug_Hypersensitivity,1
pathout,HEME::Other::Neoplastic::Malignant::Foreign_Material,1
pathout,HEME::Other::Neoplastic::Malignant::Hematogones,1
pathout,HEME::Other::Neoplastic::Malignant::Hemophagocytic_Lymphohistiocytosis,1
pathout,HEME::Other::Neoplastic::Malignant::Iron_In_Nonneoplastic_Marrow,1
pathout,HEME::Other::Neoplastic::Malignant::Lymphoid_Aggregates_Benign,1
pathout,HEME::Other::Neoplastic::Malignant::Lymphoma,1
pathout,HEME::Other::Neoplastic::Malignant::M5A,1
pathout,HEME::Other::Neoplastic::Malignant::Metastases,1
pathout,HEME::Other::Neoplastic::Malignant::Miscellaneous_Rare_CNS_Lymphomas,1
pathout,HEME::Other::Neoplastic::Malignant::Staging_Ocular_Adnexal_Lymphoma,1
pathout,HEME::Other::Neoplastic::Malignant::T_1_19_Q23_P13_3_TCF3_PBX1,1
pathout,HEME::Other::Neoplastic::Malignant::T_Prolymphocytic_Leukemia,1
pathout,HEME::Other::Normal_Histology::Age_Related_Changes,1
pathout,HEME::Other::Normal_Histology::Anatomy_And_Histology_Lymph_Nodes,1
pathout,HEME::Other::Normal_Histology::Common_Nonspecific_Abnormal_Features,1
pathout,HEME::Other::Normal_Histology::Gelatinous_Transformation,1
pathout,HEME::Other::Normal_Histology::Osteoblasts,1
pathout,HEME::Other::Normal_Histology::Progressive_Transformation_Of_Germinal_Centers,1
pathout,HEME::Other::Normal_Histology::Transient_Abnormal_Myelopoiesis_Associated_With_Down_Syndrome,1
pathout,HEME::Other::Normal_Histology::Vascular_Transformation_Of_Sinuses,1
pathout,HEME::Stroma_Derived::Myofibroblastic_Tumors::Intranodal_Palisaded_Myofibroblastoma,2
pathout,HEME::Stroma_Derived::Splenic_Vascular::Sclerosing_Angiomatoid_Nodular_Transformation_of_Spleen,1
pathout,HEME::Stroma_Derived::Splenic_Vascular::Splenic_Hamartoma,1
pathout,HEME::T_NK_Cell::Concept::IHC_Markers::Basophils,1
pathout,HEME::T_NK_Cell::Concept::IHC_Markers::Osteoclasts,1
pathout,HEME::T_NK_Cell::Concept::Laboratory_Operations::Kimura_Disease,1
pathout,HEME::T_NK_Cell::Concept::Management_Workup::Kawasaki_Disease,1
pathout,HEME::T_NK_Cell::Infectious::Cryptococcus_Neoformans_And_Gattii,1
pathout,HEME::T_NK_Cell::Infectious::Eosinophils,1
pathout,HEME::T_NK_Cell::Infectious::Hiv,1
pathout,HEME::T_NK_Cell::Infectious::Q_Fever,1
pathout,HEME::T_NK_Cell::Infectious::Sezary_Syndrome,1
pathout,HEME::T_NK_Cell::Infectious::Sezary_Syndrome_Lymphomanonbsezary,1
pathout,HEME::T_NK_Cell::Inflammatory::Autoimmune_Myelofibrosis_Aimf,1
pathout,HEME::T_NK_Cell::Inflammatory::Chronic_Granulomatous_Disease,1
pathout,HEME::T_NK_Cell::Inflammatory::Granulomatous_Inflammation,1
pathout,HEME::T_NK_Cell::Mature_T_NK_Cell::Cutaneous_T_Cell::Primary_Cutaneous_Acral_CD8_positive_T_cell_Lymphoproliferative_Disorder,1
pathout,HEME::T_NK_Cell::Neoplastic::Malignant::AML_Without_Maturation_Fab_AML_M1,1
pathout,HEME::T_NK_Cell::Neoplastic::Malignant::Aggressive_Nk_Cell_Leukemia,1
pathout,HEME::T_NK_Cell::Neoplastic::Malignant::Cutaneous_Mastocytosis,1
pathout,HEME::T_NK_Cell::Neoplastic::Malignant::Fibroblastic_Reticulum_Cell_Sarcoma,1
pathout,HEME::T_NK_Cell::Neoplastic::Malignant::Nk_Large_Granular_Lymphocytic_Leukemia,1
pathout,HEME::T_NK_Cell::Neoplastic::Malignant::Systemic_Mastocytosis,1
pathout,HEME::T_NK_Cell::Neoplastic::Malignant::Systemic_Mastocytosis_Bonesystemicmastocytosis,1
pathout,HEME::T_NK_Cell::Neoplastic::Malignant::T_Lymphoblastic_Lymphoma_Leukemia,1
pathout,HEME::T_NK_Cell::Neoplastic::Myeloid_Neoplasms_With_ANKRD26_Mutation,1
pathout,HEME::T_NK_Cell::Neoplastic::Precursor::Aplastic_Anemia_Aa,1
pathout,HEME::T_NK_Cell::Normal_Histology::Mast_Cells,1
pathout,HN::Bone::Concept::Classification::Acute_Suppurative,1
pathout,HN::Bone::Concept::Procedure_Specimen::Biopsy_And_Aspirate_Smear,1
pathout,HN::Bone::Concept::Reporting_Grossing::Grossing_And_Features_To_Report,1
pathout,HN::Bone::Inflammatory::Osteomyelitis_Overview,1
pathout,HN::Bone::Inflammatory::Osteoradionecrosis,1
pathout,HN::Bone::Neoplastic::FLT3_Rearrangement,1
pathout,HN::Bone::Neoplastic::Malignant::Ameloblastoma,1
pathout,HN::Bone::Neoplastic::Malignant::Cic_Rearranged_Sarcoma,1
pathout,HN::Bone::Neoplastic::Malignant::Odontogenic_Sarcoma_Ameloblastic_Fibrosarcoma,1
pathout,HN::Bone::Neoplastic::Tumoral_Calcinosis,1
pathout,HN::Bone::Normal_Histology::Anatomy_And_Histology,1
pathout,HN::Ear_Temporal_Bone::Concept::Classification::Aortic_Aneurysms,1
pathout,HN::Ear_Temporal_Bone::Concept::Classification::Basic_Heart_Dissection_Techniques_For_Forensic_Purposes,1
pathout,HN::Ear_Temporal_Bone::Concept::Classification::Left_Ventricular_Assist_Device_Lvad,1
pathout,HN::Ear_Temporal_Bone::Concept::Classification::PDGFRA_Rearrangement,1
pathout,HN::Ear_Temporal_Bone::Concept::IHC_Markers::Smear_Preparation,1
pathout,HN::Ear_Temporal_Bone::Concept::Laboratory_Operations::Chronic_Allograft_Vasculopathy,1
pathout,HN::Ear_Temporal_Bone::Concept::Laboratory_Operations::Sarcoidosis,1
pathout,HN::Ear_Temporal_Bone::Concept::Management_Workup::Prosthetic_Valves,1
pathout,HN::Ear_Temporal_Bone::Concept::Molecular_Genetics::Connective_Tissue_Diseases,1
pathout,HN::Ear_Temporal_Bone::Concept::Molecular_Genetics::Degenerative_Valve_Disease,1
pathout,HN::Ear_Temporal_Bone::Concept::Molecular_Genetics::General_Transplant,1
pathout,HN::Ear_Temporal_Bone::Concept::Molecular_Genetics::Syphilis,1
pathout,HN::Ear_Temporal_Bone::Concept::Other::Anomalous_Coronary_Artery,1
pathout,HN::Ear_Temporal_Bone::Concept::Other::Lambl_Excrescence,1
pathout,HN::Ear_Temporal_Bone::Concept::Other::Tetralogy_Of_Fallot,1
pathout,HN::Ear_Temporal_Bone::Concept::Reporting_Grossing::Features_To_Report,1
pathout,HN::Ear_Temporal_Bone::Congenital_Structural::Congential_Other,1
pathout,HN::Ear_Temporal_Bone::Congenital_Structural::Residual_Cyst,1
pathout,HN::Ear_Temporal_Bone::Depositional_Metabolic::Amyloidosis,1
pathout,HN::Ear_Temporal_Bone::External_Auditory_Canal::Ceruminous_Adenocarcinoma,1
pathout,HN::Ear_Temporal_Bone::External_Auditory_Canal::Ceruminous_Adenoma,1
pathout,HN::Ear_Temporal_Bone::External_Auditory_Canal::Chondrodermatitis_Nodularis_Chronica_Helicis,1
pathout,HN::Ear_Temporal_Bone::External_Auditory_Canal::Exostosis,1
pathout,HN::Ear_Temporal_Bone::External_Auditory_Canal::Keloid,1
pathout,HN::Ear_Temporal_Bone::External_Auditory_Canal::Squamous_Cell_Carcinoma,10
pathout,HN::Ear_Temporal_Bone::Infectious::Infectious_Inflammatory,1
pathout,HN::Ear_Temporal_Bone::Infectious::Infective_Endocarditis,1
pathout,HN::Ear_Temporal_Bone::Infectious::Infective_Myocarditis,1
pathout,HN::Ear_Temporal_Bone::Infectious::Noninfective_Endocarditis,1
pathout,HN::Ear_Temporal_Bone::Infectious::Noninfective_Myocarditis,1
pathout,HN::Ear_Temporal_Bone::Infectious::Noninfective_Pericarditis,1
pathout,HN::Ear_Temporal_Bone::Inflammatory::Acute_Cellular_Rejection,1
pathout,HN::Ear_Temporal_Bone::Inflammatory::Antibody_Mediated_Rejection,1
pathout,HN::Ear_Temporal_Bone::Inflammatory::Atherosclerotic_Coronary_Artery_Disease,1
pathout,HN::Ear_Temporal_Bone::Inflammatory::Chronic_Recurrent_Multifocal,1
pathout,HN::Ear_Temporal_Bone::Inflammatory::Diffuse_Sclerosing,1
pathout,HN::Ear_Temporal_Bone::Inflammatory::Infection,1
pathout,HN::Ear_Temporal_Bone::Inflammatory::Secondary_Chronic,1
pathout,HN::Ear_Temporal_Bone::Middle_Inner_Ear::Cholesteatoma,1
pathout,HN::Ear_Temporal_Bone::Middle_Inner_Ear::Endolymphatic_Sac_Tumor,1
pathout,HN::Ear_Temporal_Bone::Middle_Inner_Ear::Middle_Ear_Neuroendocrine_Tumor,1
pathout,HN::Ear_Temporal_Bone::Middle_Inner_Ear::Middle_Ear_Papilloma,1
pathout,HN::Ear_Temporal_Bone::Middle_Inner_Ear::Otic_Polyp,1
pathout,HN::Ear_Temporal_Bone::Middle_Inner_Ear::Otosclerosis,1
pathout,HN::Ear_Temporal_Bone::Neoplastic::Benign::Cardiac_Fibroma,1
pathout,HN::Ear_Temporal_Bone::Neoplastic::Benign::Papillary_Fibroelastoma,1
pathout,HN::Ear_Temporal_Bone::Neoplastic::Cystic_Tumor_Of_The_Atrioventricular_Node,1
pathout,HN::Ear_Temporal_Bone::Neoplastic::Machine_Learning_Fundamentals,1
pathout,HN::Ear_Temporal_Bone::Neoplastic::Malignant::FGFR1_Rearrangement,1
pathout,HN::Ear_Temporal_Bone::Neoplastic::Malignant::Nonatherosclerotic_Coronary_Artery_Disease,1
pathout,HN::Ear_Temporal_Bone::Neoplastic::Malignant::Odontoameloblastoma,1
pathout,HN::Ear_Temporal_Bone::Neoplastic::Pecoma_Clear_Cell_Tumor,1
pathout,HN::Ear_Temporal_Bone::Normal_Histology::Drug_Induced_Valvular_Heart_Disease,1
pathout,HN::Ear_Temporal_Bone::Normal_Histology::Embryology,1
pathout,HN::Ear_Temporal_Bone::Normal_Histology::Histology,1
pathout,HN::Ear_Temporal_Bone::Normal_Histology::Valves,1
pathout,HN::Eye_Adnexa::Non_Neoplastic,2
pathout,HN::Genetics::Nevoid_Basal_Cell_Carcinoma_Syndrome,1
pathout,HN::Heme::B_Cell::Extranodal_Marginal_Zone_Lymphoma,2
pathout,HN::Heme::B_Cell::Large_B_Cell_Lymphoma_With_IRF4_Rearrangement,1
pathout,HN::Heme::B_Cell::Plasmablastic_Lymphoma,1
pathout,HN::Heme::Histiocytic_Dendritic::Follicular_Dendritic_Cell_Sarcoma,1
pathout,HN::Heme::Histiocytic_Dendritic::Langerhans_Cell_Histiocytosis,1
pathout,HN::Heme::Histiocytic_Dendritic::Rosai_Dorfman_Disease,1
pathout,HN::Heme::Myeloid::Myeloid_Sarcoma,1
pathout,HN::Heme::Reactive::EBV_Positive_Mucocutaneous_Ulcer,1
pathout,HN::Heme::Reactive::IgG4_Related_Disease,1
pathout,HN::Heme::T_NK_Cell::Extranodal_NK_T_Cell_Lymphoma,3
pathout,HN::Larynx_Hypopharynx_Trachea::Carcinoma::Adenosquamous_Carcinoma,1
pathout,HN::Larynx_Hypopharynx_Trachea::Carcinoma::Lymphoepithelial_Carcinoma,2
pathout,HN::Larynx_Hypopharynx_Trachea::Carcinoma::Neuroendocrine_Carcinoma,2
pathout,HN::Larynx_Hypopharynx_Trachea::Congenital_Structural::Laryngeal_Cysts,1
pathout,HN::Larynx_Hypopharynx_Trachea::Congenital_Structural::Laryngocele,1
pathout,HN::Larynx_Hypopharynx_Trachea::Congenital_Structural::Rhinosclerosis,1
pathout,HN::Larynx_Hypopharynx_Trachea::Depositional_Metabolic::Amyloidosis_Larynx,1
pathout,HN::Larynx_Hypopharynx_Trachea::Depositional_Metabolic::Amyloidosis_Trachea,1
pathout,HN::Larynx_Hypopharynx_Trachea::Inflammatory::Contact_Ulcer,1
pathout,HN::Larynx_Hypopharynx_Trachea::Inflammatory::Laryngitis_Laryngoepiglottitis,1
pathout,HN::Larynx_Hypopharynx_Trachea::Inflammatory::Vocal_Cord_Polyp,1
pathout,HN::Larynx_Hypopharynx_Trachea::Neoplastic::Malignant::Verrucous_Hyperplasia,1
pathout,HN::Larynx_Hypopharynx_Trachea::Precursor::Epithelial_Dysplasia,1
pathout,HN::Larynx_Hypopharynx_Trachea::Precursor::Squamous_Papilloma,1
pathout,HN::Melanocytic::Mucosal_Melanoma,2
pathout,HN::Nasopharynx::Carcinoma::Low_Grade_Nasopharyngeal_Papillary_Adenocarcinoma,1
pathout,HN::Nasopharynx::Hamartoma::Hairy_Polyp,1
pathout,HN::Neck_Lymph_Node::Cyst::Dermoid_Cyst,2
pathout,HN::Neck_Lymph_Node::Cyst::Lymphoepithelial_Cyst,1
pathout,HN::Neuroendocrine_Paraganglioma::Neuroendocrine_Carcinoma::Merkel_Cell_Carcinoma,1
pathout,HN::Odontogenic_Maxillofacial::Benign_Bone_Cartilage::Chondroblastoma,1
pathout,HN::Odontogenic_Maxillofacial::Benign_Bone_Cartilage::Chondromyxoid_Fibroma,1
pathout,HN::Odontogenic_Maxillofacial::Benign_Bone_Cartilage::Desmoplastic_Fibroma,1
pathout,HN::Odontogenic_Maxillofacial::Benign_Bone_Cartilage::Osteoblastoma,1
pathout,HN::Odontogenic_Maxillofacial::Benign_Bone_Cartilage::Osteochondroma,1
pathout,HN::Odontogenic_Maxillofacial::Benign_Bone_Cartilage::Osteoma,1
pathout,HN::Odontogenic_Maxillofacial::Benign_Epithelial::Adenoid_Ameloblastoma,1
pathout,HN::Odontogenic_Maxillofacial::Benign_Epithelial::Adenomatoid_Odontogenic_Tumor,1
pathout,HN::Odontogenic_Maxillofacial::Benign_Epithelial::Calcifying_Epithelial_Odontogenic_Tumor,1
pathout,HN::Odontogenic_Maxillofacial::Benign_Epithelial::Squamous_Odontogenic_Tumor,1
pathout,HN::Odontogenic_Maxillofacial::Benign_Mesenchymal::Cemento_Ossifying_Fibroma,2
pathout,HN::Odontogenic_Maxillofacial::Benign_Mesenchymal::Cementoblastoma,1
pathout,HN::Odontogenic_Maxillofacial::Benign_Mesenchymal::Odontogenic_Fibroma,1
pathout,HN::Odontogenic_Maxillofacial::Benign_Mixed::Ameloblastic_Fibroma,1
pathout,HN::Odontogenic_Maxillofacial::Benign_Mixed::Dentinogenic_Ghost_Cell_Tumor,1
pathout,HN::Odontogenic_Maxillofacial::Benign_Mixed::Odontoma,1
pathout,HN::Odontogenic_Maxillofacial::Bone_Cyst::Aneurysmal_Bone_Cyst,1
pathout,HN::Odontogenic_Maxillofacial::Bone_Cyst::Simple_Bone_Cyst,1
pathout,HN::Odontogenic_Maxillofacial::Fibro_Osseous::Cemento_Osseous_Dysplasia,1
pathout,HN::Odontogenic_Maxillofacial::Fibro_Osseous::Fibrous_Dysplasia,1
pathout,HN::Odontogenic_Maxillofacial::Fibro_Osseous::Juvenile_Trabecular_Ossifying_Fibroma,2
pathout,HN::Odontogenic_Maxillofacial::Fibro_Osseous::Segmental_Odontomaxillary_Dysplasia,1
pathout,HN::Odontogenic_Maxillofacial::Giant_Cell_Lesion::Central_Giant_Cell_Granuloma,2
pathout,HN::Odontogenic_Maxillofacial::Giant_Cell_Lesion::Cherubism,1
pathout,HN::Odontogenic_Maxillofacial::Giant_Cell_Lesion::Peripheral_Giant_Cell_Granuloma,3
pathout,HN::Odontogenic_Maxillofacial::Jaw_Cyst::Botryoid_Odontogenic_Cyst,1
pathout,HN::Odontogenic_Maxillofacial::Jaw_Cyst::Calcifying_Odontogenic_Cyst,1
pathout,HN::Odontogenic_Maxillofacial::Jaw_Cyst::Dentigerous_Cyst,1
pathout,HN::Odontogenic_Maxillofacial::Jaw_Cyst::Gingival_Cyst,2
pathout,HN::Odontogenic_Maxillofacial::Jaw_Cyst::Glandular_Odontogenic_Cyst,1
pathout,HN::Odontogenic_Maxillofacial::Jaw_Cyst::Inflammatory_Collateral_Cyst,1
pathout,HN::Odontogenic_Maxillofacial::Jaw_Cyst::Nasopalatine_Duct_Cyst,1
pathout,HN::Odontogenic_Maxillofacial::Jaw_Cyst::Odontogenic_Keratocyst,1
pathout,HN::Odontogenic_Maxillofacial::Jaw_Cyst::Orthokeratinized_Odontogenic_Cyst,1
pathout,HN::Odontogenic_Maxillofacial::Jaw_Cyst::Radicular_Cyst,1
pathout,HN::Odontogenic_Maxillofacial::Jaw_Cyst::Surgical_Ciliated_Cyst,1
pathout,HN::Odontogenic_Maxillofacial::Malignant::Ameloblastic_Carcinoma,1
pathout,HN::Odontogenic_Maxillofacial::Malignant::Clear_Cell_Odontogenic_Carcinoma,11
pathout,HN::Odontogenic_Maxillofacial::Malignant::Ghost_Cell_Odontogenic_Carcinoma,1
pathout,HN::Odontogenic_Maxillofacial::Malignant::Primary_Intraosseous_Carcinoma_NOS,1
pathout,HN::Odontogenic_Maxillofacial::Malignant::Sclerosing_Odontogenic_Carcinoma,1
pathout,HN::Odontogenic_Maxillofacial::Malignant_Bone_Cartilage::Chondrosarcoma,2
pathout,HN::Odontogenic_Maxillofacial::Malignant_Bone_Cartilage::Osteosarcoma_Of_Jaw,1
pathout,HN::Odontogenic_Maxillofacial::Malignant_Bone_Cartilage::Rhabdomyosarcoma_With_TFCP2_Rearrangement,1
pathout,HN::Oral_Cavity::Carcinoma::Carcinoma_Cuniculatum,1
pathout,HN::Oral_Cavity::Carcinoma::Oral_Squamous_Cell_Carcinoma,1
pathout,HN::Oral_Cavity::Carcinoma::Verrucous_Carcinoma,3
pathout,HN::Oral_Cavity::Concept::Classification::Alveolar_Proteinosis,1
pathout,HN::Oral_Cavity::Concept::Classification::Leukoedema,1
pathout,HN::Oral_Cavity::Concept::Classification::Oral_Focal_Mucinosis,1
pathout,HN::Oral_Cavity::Concept::Classification::Pseudoepitheliomatous_Hyperplasia,1
pathout,HN::Oral_Cavity::Concept::Classification::Spongiotic_Gingival_Hyperplasia,1
pathout,HN::Oral_Cavity::Concept::Classification::Stafne_Defect,1
pathout,HN::Oral_Cavity::Concept::Classification::WHO_Classification_Oral_Cavity_And_Oropharynx,1
pathout,HN::Oral_Cavity::Concept::Management_Workup::Amalgam_Tattoo,1
pathout,HN::Oral_Cavity::Concept::Management_Workup::Leukoplakia,1
pathout,HN::Oral_Cavity::Concept::Management_Workup::Oral_Submucosal_Fibrosis,1
pathout,HN::Oral_Cavity::Concept::Management_Workup::Varix_Varicosities_Varices,1
pathout,HN::Oral_Cavity::Concept::Molecular_Genetics::Focal_Multifocal_Melanin_Pigmentation,1
pathout,HN::Oral_Cavity::Concept::Other::Choristoma,1
pathout,HN::Oral_Cavity::Concept::Other::Pemphigoid,1
pathout,HN::Oral_Cavity::Concept::Other::Pemphigus_Vulgaris,1
pathout,HN::Oral_Cavity::Concept::Staging::Staging_Features,1
pathout,HN::Oral_Cavity::Concept::Staging::Staging_Oral_Cavity,1
pathout,HN::Oral_Cavity::Concept::Staging::Staging_Oropharynx,1
pathout,HN::Oral_Cavity::Congenital_Structural::Lymphoepithelial_Cyst,1
pathout,HN::Oral_Cavity::Infectious::Aphthous_Ulcers,1
pathout,HN::Oral_Cavity::Infectious::Erythema_Multiforme,1
pathout,HN::Oral_Cavity::Infectious::Oropharyngeal_NEC_HPV_Associated_Oropharyngeal_NEC,1
pathout,HN::Oral_Cavity::Infectious::Parulis,1
pathout,HN::Oral_Cavity::Inflammatory::Angiolymphoid_Hyperplasia_With_Eosinophilia,1
pathout,HN::Oral_Cavity::Inflammatory::Infection,1
pathout,HN::Oral_Cavity::Inflammatory::Inflammatory_Papillary_Hyperplasia,1
pathout,HN::Oral_Cavity::Inflammatory::Irritation_Fibroma,1
pathout,HN::Oral_Cavity::Inflammatory::Lichen_Planus,1
pathout,HN::Oral_Cavity::Inflammatory::Melkersson_Rosenthal_Syndrome,1
pathout,HN::Oral_Cavity::Inflammatory::Nicotine_Stomatitis,1
pathout,HN::Oral_Cavity::Inflammatory::Pyogenic_Granuloma,1
pathout,HN::Oral_Cavity::Inflammatory::Subgemmal_Neurogenous_Plaque,1
pathout,HN::Oral_Cavity::Inflammatory::Temporal_Arteritis,1
pathout,HN::Oral_Cavity::Inflammatory::Transient_Lingual_Papillitis,1
pathout,HN::Oral_Cavity::Neoplastic::Benign::Adenomatoid_Hyperplasia_Of_Minor_Glands,1
pathout,HN::Oral_Cavity::Neoplastic::Benign::White_Sponge_Nevus,1
pathout,HN::Oral_Cavity::Neoplastic::Frictional_Keratosis,1
pathout,HN::Oral_Cavity::Neoplastic::Littoral_Cell_Angioma,1
pathout,HN::Oral_Cavity::Neoplastic::Malignant::Traumatic_Ulceration_With_Stromal_Eosinophilia_Tugse,1
pathout,HN::Oral_Cavity::Neoplastic::Smokeless_Tobacco_Keratosis,1
pathout,HN::Oral_Cavity::Non_Neoplastic::Multifocal_Epithelial_Hyperplasia,2
pathout,HN::Oral_Cavity::Non_Neoplastic::Necrotizing_Sialometaplasia,2
pathout,HN::Oral_Cavity::Normal_Histology::Lingual_Tonsil,1
pathout,HN::Oral_Cavity::Precursor::HPV_Associated_Oral_Epithelial_Dysplasia,1
pathout,HN::Oral_Cavity::Precursor::Proliferative_Verrucous_Leukoplakia,1
pathout,HN::Oral_Cavity::Precursor::Squamous_Dysplasia,1
pathout,HN::Oral_Cavity::Precursor::Squamous_Papilloma,2
pathout,HN::Oral_Cavity::Tumor_Uncertain_Histogenesis::Ectomesenchymal_Chondromyxoid_Tumor,1
pathout,HN::Oral_Cavity::Tumor_Uncertain_Histogenesis::Granular_Cell_Tumor,2
pathout,HN::Oral_Cavity::Tumor_Uncertain_Histogenesis::Melanotic_Neuroectodermal_Tumor_Of_Infancy,2
pathout,HN::Oropharynx::Carcinoma::Squamous_Cell_Carcinoma_HPV_Independent,1
pathout,HN::Other::Concept::Classification::Accessory_Tragi,1
pathout,HN::Other::Concept::Classification::Androgenic_Alopecia,1
pathout,HN::Other::Concept::Classification::Idiopathic_Restrictive_Cardiomyopathy,1
pathout,HN::Other::Concept::Classification::WHO_Classification,1
pathout,HN::Other::Concept::Classification::WHO_Classification_Mandiblemaxillawhoclassification,1
pathout,HN::Other::Concept::Management_Workup::Linear_Iga_Bullous_Dermatosis,1
pathout,HN::Other::Concept::Molecular_Genetics::Metastases,1
pathout,HN::Other::Concept::Molecular_Genetics::Primary_And_Secondary_Dilated_Cardiomyopathy,1
pathout,HN::Other::Concept::Other::Centronuclear_Myopathy,1
pathout,HN::Other::Concept::Other::Linear_And_Whorled_Nevoid_Hypermelanosis,1
pathout,HN::Other::Concept::Other::Metastases,1
pathout,HN::Other::Concept::Other::Oral_Hairy_Leukoplakia,1
pathout,HN::Other::Concept::Procedure_Specimen::Hairy_Tongue,1
pathout,HN::Other::Concept::Reporting_Grossing::Anatomy_Histology_And_Grossing,1
pathout,HN::Other::Concept::Staging::Staging_Larynx,1
pathout,HN::Other::Congenital_Structural::Epidermoid_Epidermal_Inclusion_Cyst,1
pathout,HN::Other::Congenital_Structural::Eruption_Cyst,1
pathout,HN::Other::Congenital_Structural::Nasolabial_Cyst,1
pathout,HN::Other::Depositional_Metabolic::Alopecia_Mucinosa,1
pathout,HN::Other::Depositional_Metabolic::Calcium_Pyrophosphate_Crystal_Deposition_Disease,1
pathout,HN::Other::Depositional_Metabolic::Sudden_Cardiac_Death,1
pathout,HN::Other::Depositional_Metabolic::Takotsubo_Cardiomyopathy,1
pathout,HN::Other::Infectious::Periapical_Dental_Granuloma,1
pathout,HN::Other::Infectious::Verruca_Vulgaris,1
pathout,HN::Other::Inflammatory::Actinic_Cheilitis,1
pathout,HN::Other::Inflammatory::Allergic_Contact_Dermatitis,1
pathout,HN::Other::Inflammatory::Chronic_Ulcerative_Stomatitis,1
pathout,HN::Other::Inflammatory::Condensing_Osteitis,1
pathout,HN::Other::Inflammatory::Granulomatous_Inflammation,1
pathout,HN::Other::Inflammatory::Medication_Related_Osteonecrosis_Of_Jaw,1
pathout,HN::Other::Inflammatory::Pyostomatitis_Vegetans,1
pathout,HN::Other::Inflammatory::Septic_Arthritis,1
pathout,HN::Other::Inflammatory::Verruciform_Xanthoma,1
pathout,HN::Other::Neoplastic::Malignant::Alopecia_Areata,1
pathout,HN::Other::Neoplastic::Malignant::Arrhythmogenic_Cardiomyopathy_Acm,1
pathout,HN::Other::Neoplastic::Malignant::Hypertrophic_Cardiomyopathy,1
pathout,HN::Other::Neoplastic::Malignant::T_V_11Q_23_KMT2A_Rearranged,1
pathout,HN::Other::Neoplastic::Pdgfrb_Rearrangement,1
pathout,HN::Other::Neoplastic::Precursor::Fibromuscular_Dysplasia,1
pathout,HN::Other::Normal_Histology::Anatomy_And_Histology,1
pathout,HN::Salivary_Gland::Benign_Tumor::Basal_Cell_Adenoma,1
pathout,HN::Salivary_Gland::Benign_Tumor::Canalicular_Adenoma,2
pathout,HN::Salivary_Gland::Benign_Tumor::Cystadenoma,2
pathout,HN::Salivary_Gland::Benign_Tumor::Intercalated_Duct_Adenoma,1
pathout,HN::Salivary_Gland::Benign_Tumor::Keratocystoma,1
pathout,HN::Salivary_Gland::Benign_Tumor::Lymphadenoma,1
pathout,HN::Salivary_Gland::Benign_Tumor::Myoepithelioma,1
pathout,HN::Salivary_Gland::Benign_Tumor::Oncocytoma,1
pathout,HN::Salivary_Gland::Benign_Tumor::Pleomorphic_Adenoma,3
pathout,HN::Salivary_Gland::Benign_Tumor::Sclerosing_Polycystic_Adenoma,1
pathout,HN::Salivary_Gland::Benign_Tumor::Sialadenoma_Papilliferum,1
pathout,HN::Salivary_Gland::Benign_Tumor::Sialolipoma,1
pathout,HN::Salivary_Gland::Benign_Tumor::Warthin_Tumor,1
pathout,HN::Salivary_Gland::Concept::Laboratory_Operations::Milan_Reporting_System_For_Salivary_Gland_Cytopathology,1
pathout,HN::Salivary_Gland::Concept::Management_Workup::Atypia_Of_Undetermined_Significance_Aus,1
pathout,HN::Salivary_Gland::Concept::Reporting_Grossing::Grossing_Frozen_Section_And_Features_To_Report,1
pathout,HN::Salivary_Gland::Concept::Staging::Staging_Major_Salivary_Glands,1
pathout,HN::Salivary_Gland::Congenital_Structural::Heterotopia,1
pathout,HN::Salivary_Gland::Congenital_Structural::Nondiagnostic,1
pathout,HN::Salivary_Gland::Infectious::Sialadenitis_Infectious,1
pathout,HN::Salivary_Gland::Inflammatory::Chronic_Sialadenitis_Sialolithiasis,1
pathout,HN::Salivary_Gland::Malignant_Tumor::Acinic_Cell_Carcinoma,2
pathout,HN::Salivary_Gland::Malignant_Tumor::Adenoid_Cystic_Carcinoma,2
pathout,HN::Salivary_Gland::Malignant_Tumor::Basal_Cell_Adenocarcinoma,1
pathout,HN::Salivary_Gland::Malignant_Tumor::Carcinoma_Ex_Pleomorphic_Adenoma,1
pathout,HN::Salivary_Gland::Malignant_Tumor::Carcinosarcoma,2
pathout,HN::Salivary_Gland::Malignant_Tumor::Epithelial_Myoepithelial_Carcinoma,1
pathout,HN::Salivary_Gland::Malignant_Tumor::Hyalinizing_Clear_Cell_Carcinoma,1
pathout,HN::Salivary_Gland::Malignant_Tumor::Intraductal_Carcinoma,1
pathout,HN::Salivary_Gland::Malignant_Tumor::Microsecretory_Adenocarcinoma,1
pathout,HN::Salivary_Gland::Malignant_Tumor::Mucoepidermoid_Carcinoma,2
pathout,HN::Salivary_Gland::Malignant_Tumor::Myoepithelial_Carcinoma,1
pathout,HN::Salivary_Gland::Malignant_Tumor::Polymorphous_Adenocarcinoma,2
pathout,HN::Salivary_Gland::Malignant_Tumor::Salivary_Duct_Carcinoma,3
pathout,HN::Salivary_Gland::Malignant_Tumor::Salivary_Gland_Carcinoma_NOS,2
pathout,HN::Salivary_Gland::Malignant_Tumor::Sclerosing_Microcystic_Adenocarcinoma,1
pathout,HN::Salivary_Gland::Malignant_Tumor::Secretory_Carcinoma,1
pathout,HN::Salivary_Gland::Malignant_Tumor::Sialoblastoma,1
pathout,HN::Salivary_Gland::Neoplastic::Benign::Adenomatoid_Hyperplasia_And_Sialadenosis,1
pathout,HN::Salivary_Gland::Neoplastic::Benign::Neoplasm_Benign,1
pathout,HN::Salivary_Gland::Neoplastic::Intermediate::Neoplasm_Salivary_Gland_Neoplasm_Of_Uncertain_Malignant_Potential_Sump,1
pathout,HN::Salivary_Gland::Neoplastic::Malignant::Malignant,1
pathout,HN::Salivary_Gland::Neoplastic::Malignant::Suspicious_For_Malignancy,1
pathout,HN::Salivary_Gland::Neoplastic::Primary_Salivary_Gland_Neoplasms_General,1
pathout,HN::Salivary_Gland::Non_Neoplastic::Lymphoepithelial_Sialadenitis,1
pathout,HN::Salivary_Gland::Non_Neoplastic::Mucocele,2
pathout,HN::Salivary_Gland::Non_Neoplastic::Nodular_Oncocytic_Hyperplasia,1
pathout,HN::Salivary_Gland::Non_Neoplastic::Ranula,1
pathout,HN::Salivary_Gland::Non_Neoplastic::Sjogren_Syndrome,1
pathout,HN::Salivary_Gland::Normal_Histology::Anatomy_And_Histology,1
pathout,HN::Salivary_Gland::Normal_Histology::Anatomy_And_Histology_Salivaryglandsnormalhistology,1
pathout,HN::Sinonasal::Carcinoma::HPV_Related_Multiphenotypic_Sinonasal_Carcinoma,2
pathout,HN::Sinonasal::Carcinoma::NUT_Carcinoma,2
pathout,HN::Sinonasal::Carcinoma::SWI_SNF_Complex_Deficient_Sinonasal_Carcinoma,1
pathout,HN::Sinonasal::Carcinoma::Sinonasal_Lymphoepithelial_Carcinoma,1
pathout,HN::Sinonasal::Carcinoma::Sinonasal_Undifferentiated_Carcinoma,1
pathout,HN::Sinonasal::Carcinoma::Teratocarcinosarcoma,1
pathout,HN::Sinonasal::Concept::Classification::Nasopharyngeal_Angiofibroma,1
pathout,HN::Sinonasal::Concept::Classification::WHO_Classification,1
pathout,HN::Sinonasal::Concept::Other::Conduction_Tissue,1
pathout,HN::Sinonasal::Concept::Other::Coronary_Vessels,1
pathout,HN::Sinonasal::Concept::Reporting_Grossing::Grossing_And_Features_To_Report,1
pathout,HN::Sinonasal::Concept::Staging::Staging_Hypopharynx,1
pathout,HN::Sinonasal::Concept::Staging::Staging_Nasal_Cavity_And_Sinuses,1
pathout,HN::Sinonasal::Concept::Staging::Staging_Terminology,1
pathout,HN::Sinonasal::Congenital_Structural::Chambers,1
pathout,HN::Sinonasal::Hamartoma::Glial_Heterotopia,2
pathout,HN::Sinonasal::Hamartoma::Nasal_Chondromesenchymal_Hamartoma,1
pathout,HN::Sinonasal::Hamartoma::Respiratory_Epithelial_Adenomatoid_Hamartoma,1
pathout,HN::Sinonasal::Hamartoma::Seromucinous_Hamartoma,1
pathout,HN::Sinonasal::Infectious::Allergic_Fungal_Rhinosinusitis,1
pathout,HN::Sinonasal::Infectious::Fungal_Ball,1
pathout,HN::Sinonasal::Infectious::Rhinosporidiosis,1
pathout,HN::Sinonasal::Inflammatory::Chronic_Rhinosinusitis,1
pathout,HN::Sinonasal::Inflammatory::Granulomatosis_With_Polyangiitis,1
pathout,HN::Sinonasal::Inflammatory::Nasal_Polyp,1
pathout,HN::Sinonasal::Mesenchymal::Biphenotypic_Sinonasal_Sarcoma,1
pathout,HN::Sinonasal::Mesenchymal::Chordoma,1
pathout,HN::Sinonasal::Mesenchymal::Sinonasal_Glomangiopericytoma,1
pathout,HN::Sinonasal::Neoplastic::Malignant::Adenocarcinoma_General,1
pathout,HN::Sinonasal::Neoplastic::Malignant::Nonintestinal_Type,1
pathout,HN::Sinonasal::Neuroendocrine::Olfactory_Neuroblastoma,1
pathout,HN::Sinonasal::Normal_Histology::Anatomy,1
pathout,HN::Sinonasal::Normal_Histology::Histology,1
pathout,HN::Sinonasal::Other::Adamantinomatous_Craniopharyngioma,1
pathout,HN::Sinonasal::Other::Meningioma,8
pathout,HN::Sinonasal::Papilloma::Sinonasal_Papilloma_Oncocytic,1
pathout,HN::Soft_Tissue::Adipocytic::Lipoma,3
pathout,HN::Soft_Tissue::Chondro_Osseous::Chondroma,1
pathout,HN::Soft_Tissue::Congenital_Structural::Arteriovenous_Malformation,1
pathout,HN::Soft_Tissue::Fibroblastic_Myofibroblastic::Inflammatory_Myofibroblastic_Tumor,1
pathout,HN::Soft_Tissue::Fibroblastic_Myofibroblastic::Low_Grade_Myofibroblastic_Sarcoma,1
pathout,HN::Soft_Tissue::Fibroblastic_Myofibroblastic::Nodular_Fasciitis,1
pathout,HN::Soft_Tissue::Fibroblastic_Myofibroblastic::Solitary_Fibrous_Tumor,1
pathout,HN::Soft_Tissue::Inflammatory::Inflammatory_Fibrous_Hyperplasia,1
pathout,HN::Soft_Tissue::Neoplastic::Malignant::Clear_Cell_Sarcoma_Of_Soft_Tissue,1
pathout,HN::Soft_Tissue::Neoplastic::Malignant::Clear_Cell_Sarcoma_Of_Soft_Tissue_Softtissueclearcellsarcoma,1
pathout,HN::Soft_Tissue::Neoplastic::Malignant::PATZ1_Rearranged_Sarcoma,1
pathout,HN::Soft_Tissue::Neoplastic::NTRK_Rearranged_Spindle_Cell_Neoplasm,1
pathout,HN::Soft_Tissue::Neoplastic::PRRX1_Rearranged_Mesenchymal_Tumors,1
pathout,HN::Soft_Tissue::Peripheral_Nerve_Sheath::Neurofibroma,1
pathout,HN::Soft_Tissue::Peripheral_Nerve_Sheath::Neuroma,1
pathout,HN::Soft_Tissue::Peripheral_Nerve_Sheath::Schwannoma,4
pathout,HN::Soft_Tissue::Skeletal_Muscle::Rhabdomyoma,2
pathout,HN::Soft_Tissue::Smooth_Muscle::Leiomyoma,2
pathout,HN::Soft_Tissue::Smooth_Muscle::Leiomyosarcoma,1
pathout,HN::Soft_Tissue::Uncertain_Differentiation::Myxoma,3
pathout,HN::Soft_Tissue::Uncertain_Differentiation::Synovial_Sarcoma,1
pathout,HN::Soft_Tissue::Vascular::Angiosarcoma,1
pathout,HN::Soft_Tissue::Vascular::Hemangioma,2
pathout,HN::Soft_Tissue::Vascular::Kaposi_Sarcoma,1
pathout,HN::Thyroid::Congenital_Structural::Branchial_Pouch_Cleft_Anomalies,1
pathout,Heme::Histiocytic_Dendritic_Cell::Langerhans::Langerhans_Cell_Sarcoma,1
pathout,Heme::Histiocytic_Dendritic_Cell::Macrophage::ALK_Positive_Histiocytosis,1
pathout,Heme::Histiocytic_Dendritic_Cell::Macrophage::Erdheim_Chester_Disease,1
pathout,Heme::Histiocytic_Dendritic_Cell::Macrophage::Hemophagocytic_Lymphohistiocytosis_HLH,2
pathout,Heme::Histiocytic_Dendritic_Cell::Macrophage::Rosai_Dorfman_Disease,1
pathout,Heme::Histiocytic_Dendritic_Cell::Other_Dendritic::Indeterminate_Dendritic_Cell_Tumor,1
pathout,Heme::Histiocytic_Dendritic_Cell::Other_Dendritic::Interdigitating_Dendritic_Cell_Sarcoma,1
pathout,Heme::Hodgkin_Lymphoma::Classic_Hodgkin_Lymphoma,3
pathout,Heme::Hodgkin_Lymphoma::Nodular_Lymphocyte_Predominant_Hodgkin_Lymphoma,2
pathout,Heme::Immune_Deficiency_Associated::EBV_Positive_Mucocutaneous_Ulcer,1
pathout,Heme::Immune_Deficiency_Associated::Inborn_Error_Of_Immunity_Associated_Lymphoid_Proliferation,1
pathout,Heme::Immune_Deficiency_Associated::Lymphoma_Arising_In_Immune_Deficiency,1
pathout,Heme::Immune_Deficiency_Associated::Polymorphic_Lymphoproliferative_Disorder,1
pathout,Heme::Infection::Cat_Scratch_Disease,1
pathout,Heme::Infection::Infectious_Mononucleosis,2
pathout,Heme::Infection::Syphilis,1
pathout,Heme::Infection::Toxoplasmosis,1
pathout,Heme::Mature_B_Cell::Burkitt::Burkitt_Lymphoma,1
pathout,Heme::Mature_B_Cell::Follicular::Duodenal_Type_Follicular_Lymphoma,1
pathout,Heme::Mature_B_Cell::Follicular::Follicular_Lymphoma,4
pathout,Heme::Mature_B_Cell::Follicular::In_Situ_Follicular_B_Cell_Neoplasm,1
pathout,Heme::Mature_B_Cell::Follicular::Pediatric_Type_Follicular_Lymphoma,1
pathout,Heme::Mature_B_Cell::Follicular::Primary_Cutaneous_Follicle_Center_Lymphoma,4
pathout,Heme::Mature_B_Cell::KSHV_HHV8_Associated::KSHV_HHV8_Positive_Diffuse_Large_B_Cell_Lymphoma,1
pathout,Heme::Mature_B_Cell::KSHV_HHV8_Associated::KSHV_HHV8_Positive_Germinotropic_Lymphoproliferative_Disorder,1
pathout,Heme::Mature_B_Cell::KSHV_HHV8_Associated::Primary_Effusion_Lymphoma,1
pathout,Heme::Mature_B_Cell::Large_B_Cell::DLBCL_High_Grade_With_MYC_And_BCL2_Rearrangements,1
pathout,Heme::Mature_B_Cell::Large_B_Cell::Diffuse_Large_B_Cell_Lymphoma_NOS,1
pathout,Heme::Mature_B_Cell::Large_B_Cell::Fibrin_Associated_Large_B_Cell_Lymphoma,1
pathout,Heme::Mature_B_Cell::Large_B_Cell::Fluid_Overload_Associated_Large_B_Cell_Lymphoma,1
pathout,Heme::Mature_B_Cell::Large_B_Cell::High_Grade_B_Cell_Lymphoma_NOS,1
pathout,Heme::Mature_B_Cell::Large_B_Cell::High_Grade_B_Cell_Lymphoma_With_11q_Aberration,1
pathout,Heme::Mature_B_Cell::Large_B_Cell::Lymphomatoid_Granulomatosis,3
pathout,Heme::Mature_B_Cell::Large_B_Cell::Mediastinal_Grey_Zone_Lymphoma,2
pathout,Heme::Mature_B_Cell::Large_B_Cell::Plasmablastic_Lymphoma,1
pathout,Heme::Mature_B_Cell::Large_B_Cell::Primary_Cutaneous_Diffuse_Large_B_Cell_Lymphoma_Leg_Type,1
pathout,Heme::Mature_B_Cell::Large_B_Cell::Primary_Mediastinal_Large_B_Cell_Lymphoma,2
pathout,Heme::Mature_B_Cell::Large_B_Cell::T_Cell_Histiocyte_Rich_Large_B_Cell_Lymphoma,1
pathout,Heme::Mature_B_Cell::Lymphoplasmacytic::Lymphoplasmacytic_Lymphoma,1
pathout,Heme::Mature_B_Cell::Mantle_Cell::In_Situ_Mantle_Cell_Neoplasm,1
pathout,Heme::Mature_B_Cell::Marginal_Zone::Extranodal_Marginal_Zone_Lymphoma_Of_MALT,2
pathout,Heme::Mature_B_Cell::Marginal_Zone::Nodal_Marginal_Zone_Lymphoma,1
pathout,Heme::Mature_B_Cell::Marginal_Zone::Pediatric_Nodal_Marginal_Zone_Lymphoma,1
pathout,Heme::Mature_B_Cell::Marginal_Zone::Primary_Cutaneous_Marginal_Zone_Lymphoma,2
pathout,Heme::Mature_B_Cell::Small_Lymphocytic::Monoclonal_B_Cell_Lymphocytosis,2
pathout,Heme::Mature_B_Cell::Splenic::Hairy_Cell_Leukemia,2
pathout,Heme::Mature_B_Cell::Splenic::Splenic_B_Cell_Lymphoma_Leukemia_With_Prominent_Nucleoli,3
pathout,Heme::Mature_B_Cell::Splenic::Splenic_Diffuse_Red_Pulp_Small_B_Cell_Lymphoma,1
pathout,Heme::Mature_B_Cell::Splenic::Splenic_Marginal_Zone_Lymphoma,1
pathout,Heme::Mature_T_NK_Cell::Anaplastic_Large_Cell::ALK_Negative_Anaplastic_Large_Cell_Lymphoma,1
pathout,Heme::Mature_T_NK_Cell::Anaplastic_Large_Cell::ALK_Positive_Anaplastic_Large_Cell_Lymphoma,2
pathout,Heme::Mature_T_NK_Cell::Cutaneous::Lymphomatoid_Papulosis,1
pathout,Heme::Mature_T_NK_Cell::Cutaneous::Mycosis_Fungoides,2
pathout,Heme::Mature_T_NK_Cell::Cutaneous::Primary_Cutaneous_Anaplastic_Large_Cell_Lymphoma,1
pathout,Heme::Mature_T_NK_Cell::Cutaneous::Primary_Cutaneous_CD4_Positive_Small_Medium_T_Cell_LPD,1
pathout,Heme::Mature_T_NK_Cell::Cutaneous::Primary_Cutaneous_CD8_Positive_Aggressive_Epidermotropic_Cytotoxic_T_Cell_Lymphoma,1
pathout,Heme::Mature_T_NK_Cell::Cutaneous::Primary_Cutaneous_Gamma_Delta_T_Cell_Lymphoma,1
pathout,Heme::Mature_T_NK_Cell::Cutaneous::Primary_Cutaneous_Peripheral_T_Cell_Lymphoma_NOS,1
pathout,Heme::Mature_T_NK_Cell::Cutaneous::Subcutaneous_Panniculitis_Like_T_Cell_Lymphoma,1
pathout,Heme::Mature_T_NK_Cell::EBV_Positive::EBV_Positive_Nodal_T_NK_Cell_Lymphoma,2
pathout,Heme::Mature_T_NK_Cell::EBV_Positive::Extranodal_NK_T_Cell_Lymphoma,1
pathout,Heme::Mature_T_NK_Cell::EBV_Positive::Hydroa_Vacciniforme_Lymphoproliferative_Disorder,1
pathout,Heme::Mature_T_NK_Cell::EBV_Positive::Severe_Mosquito_Bite_Allergy,1
pathout,Heme::Mature_T_NK_Cell::EBV_Positive::Systemic_Chronic_Active_EBV_Disease,1
pathout,Heme::Mature_T_NK_Cell::EBV_Positive::Systemic_EBV_Positive_T_Cell_Lymphoma_Of_Childhood,1
pathout,Heme::Mature_T_NK_Cell::Hepatosplenic::Hepatosplenic_T_Cell_Lymphoma,1
pathout,Heme::Mature_T_NK_Cell::Intestinal::Enteropathy_Associated_T_Cell_Lymphoma,1
pathout,Heme::Mature_T_NK_Cell::Intestinal::Indolent_NK_Cell_LPD_Of_GI_Tract,1
pathout,Heme::Mature_T_NK_Cell::Intestinal::Indolent_T_Cell_Lymphoma_Of_GI_Tract,1
pathout,Heme::Mature_T_NK_Cell::Intestinal::Intestinal_T_Cell_Lymphoma_NOS,1
pathout,Heme::Mature_T_NK_Cell::Intestinal::Monomorphic_Epitheliotropic_Intestinal_T_Cell_Lymphoma,1
pathout,Heme::Mature_T_NK_Cell::Leukemia::Aggressive_NK_Cell_Leukemia,1
pathout,Heme::Mature_T_NK_Cell::Leukemia::NK_Large_Granular_Lymphocytic_Leukemia,1
pathout,Heme::Mature_T_NK_Cell::Leukemia::T_Large_Granular_Lymphocytic_Leukemia,1
pathout,Heme::Mature_T_NK_Cell::Leukemia::T_Prolymphocytic_Leukemia,4
pathout,Heme::Mature_T_NK_Cell::Other::Peripheral_T_Cell_Lymphoma_NOS,1
pathout,Heme::Mature_T_NK_Cell::TFH::Nodal_TFH_Cell_Lymphoma_Angioimmunoblastic_Type,1
pathout,Heme::Non_Neoplastic::Erythrocyte::Hereditary_Spherocytosis,1
pathout,Heme::Non_Neoplastic::Erythrocyte::Thalassemia,2
pathout,Heme::Non_Neoplastic::Lymph_Node::Dermatopathic_Lymphadenopathy,1
pathout,Heme::Non_Neoplastic::Platelet_Coagulation::Disseminated_Intravascular_Coagulation,1
pathout,Heme::Non_Neoplastic::Platelet_Coagulation::Factor_Deficiency,1
pathout,Heme::Non_Neoplastic::Platelet_Coagulation::Heparin_Induced_Thrombocytopenia,1
pathout,Heme::Non_Neoplastic::Platelet_Coagulation::Von_Willebrand_Disease,2
pathout,Heme::Non_Neoplastic::Spleen::Lymphoid_Hyperplasia,2
pathout,Heme::Plasma_Cell_Neoplasm::Cryoglobulinemia,1
pathout,Heme::Plasma_Cell_Neoplasm::Heavy_Chain_Disease::Alpha_Heavy_Chain_Disease,1
pathout,Heme::Plasma_Cell_Neoplasm::Monoclonal_Gammopathy::IgM_MGUS,2
pathout,Heme::Plasma_Cell_Neoplasm::POEMS_Syndrome,1
pathout,Heme::Plasma_Cell_Neoplasm::Plasma_Cell_Myeloma,1
pathout,Heme::Plasma_Cell_Neoplasm::Plasmacytoma,2
pathout,Heme::Precursor_T_Cell::Early_T_Precursor_Lymphoblastic_Leukemia_Lymphoma,3
pathout,Heme::Stroma_Derived::Fibroblastic_Reticular_Cell_Tumor,1
pathout,Heme::Tumor_Like_B_Cell::IgG4_Related_Disease,1
pathout,Heme::Tumor_Like_T_Cell::Autoimmune_Lymphoproliferative_Syndrome,1
pathout,Heme::Tumor_Like_T_Cell::Indolent_T_Lymphoblastic_Proliferation,1
pathout,Molecular::Concept::Classification::Adipophilin,1
pathout,Molecular::Concept::Classification::Cytokeratin_34_Beta_E12,1
pathout,Molecular::Concept::Classification::FOXP3,1
pathout,Molecular::Concept::Classification::Filaggrin,1
pathout,Molecular::Concept::Classification::GLUT1,1
pathout,Molecular::Concept::Classification::Mdr_CD243,1
pathout,Molecular::Concept::Congenital_Structural::Gross_Cystic_Disease_Fluid_Protein_15_Gcdfp_15,1
pathout,Molecular::Concept::Depositional_Metabolic::Amyloid_Beta_And_Amyloid_Beta_Precursor_Protein,1
pathout,Molecular::Concept::Depositional_Metabolic::Congo_Red,1
pathout,Molecular::Concept::Depositional_Metabolic::Perforin,1
pathout,Molecular::Concept::IHC_Markers::CD_Markers_Other,1
pathout,Molecular::Concept::IHC_Markers::CD_Markers_Other_STAINSCCR1,1
pathout,Molecular::Concept::IHC_Markers::Calcium,1
pathout,Molecular::Concept::IHC_Markers::Inhibin,1
pathout,Molecular::Concept::IHC_Markers::MUC4,1
pathout,Molecular::Concept::IHC_Markers::Met_IHC,1
pathout,Molecular::Concept::IHC_Markers::NF1_NF2,1
pathout,Molecular::Concept::IHC_Markers::Pu_1,1
pathout,Molecular::Concept::IHC_Markers::Sdhb_Succinate_Dehydrogenase,1
pathout,Molecular::Concept::IHC_Markers::Thyroglobulin,1
pathout,Molecular::Concept::IHC_Markers::Urates_Uric_Acid,1
pathout,Molecular::Concept::IHC_Markers::Wright_Giemsa_Stain,1
pathout,Molecular::Concept::Infectious::Giemsa_Helicobacter_Pylori,1
pathout,Molecular::Concept::Infectious::Mcpyv_CM2B_4,1
pathout,Molecular::Concept::Inflammatory::Alpha_1_Antichymotrypsin,1
pathout,Molecular::Concept::Inflammatory::Cytokeratin_AE1_AE3,1
pathout,Molecular::Concept::Inflammatory::Elastic_Fibers,1
pathout,Molecular::Concept::Inflammatory::Kappa_And_Lambda_Light_Chains,1
pathout,Molecular::Concept::Inflammatory::Masson_Trichrome,1
pathout,Molecular::Concept::Inflammatory::Nonspecific_Esterase,1
pathout,Molecular::Concept::Molecular_Genetics::DNAJB9,1
pathout,Molecular::Concept::Molecular_Genetics::TERT,1
pathout,Molecular::Concept::Neoplastic::Acid_Phosphatase,1
pathout,Molecular::Concept::Neoplastic::Alpha_1_Antitrypsin,1
pathout,Molecular::Concept::Neoplastic::BAP1,1
pathout,Molecular::Concept::Neoplastic::BAP1_STAINSBAP1,1
pathout,Molecular::Concept::Neoplastic::BEREP4_Epcam,1
pathout,Molecular::Concept::Neoplastic::Benign::Cytokeratin_5_6_And_CK5,1
pathout,Molecular::Concept::Neoplastic::Benign::LEF1,1
pathout,Molecular::Concept::Neoplastic::Benign::SOX10,1
pathout,Molecular::Concept::Neoplastic::Benign::Tpit,1
pathout,Molecular::Concept::Neoplastic::Brachyury,1
pathout,Molecular::Concept::Neoplastic::CAMTA1,1
pathout,Molecular::Concept::Neoplastic::CAMTA1_STAINSCAMTA1,1
pathout,Molecular::Concept::Neoplastic::Calponin,1
pathout,Molecular::Concept::Neoplastic::Cathepsin_K,1
pathout,Molecular::Concept::Neoplastic::Cytokeratin_10_CK10_K10,1
pathout,Molecular::Concept::Neoplastic::Cytokeratin_19_CK19,1
pathout,Molecular::Concept::Neoplastic::Cytokeratin_8_CK8_K8,1
pathout,Molecular::Concept::Neoplastic::Cytokeratin_Mnf_116,1
pathout,Molecular::Concept::Neoplastic::D2_40_Podoplanin,1
pathout,Molecular::Concept::Neoplastic::DOG1,1
pathout,Molecular::Concept::Neoplastic::DUX4,1
pathout,Molecular::Concept::Neoplastic::Factor_Viii_Related_Antigen,1
pathout,Molecular::Concept::Neoplastic::GALECTIN3,1
pathout,Molecular::Concept::Neoplastic::GATA3,1
pathout,Molecular::Concept::Neoplastic::HIK1083,1
pathout,Molecular::Concept::Neoplastic::Hcg,1
pathout,Molecular::Concept::Neoplastic::Hcg_Stainshcg,1
pathout,Molecular::Concept::Neoplastic::IFITM1,1
pathout,Molecular::Concept::Neoplastic::INI1_SMARCB1,1
pathout,Molecular::Concept::Neoplastic::Intermediate::Vimentin,1
pathout,Molecular::Concept::Neoplastic::KI67,1
pathout,Molecular::Concept::Neoplastic::Malignant::Actin_Muscle_Specific,1
pathout,Molecular::Concept::Neoplastic::Malignant::Alpha_Fetoprotein_Afp,1
pathout,Molecular::Concept::Neoplastic::Malignant::Alpha_Fetoprotein_Afp_Stainsafp,1
pathout,Molecular::Concept::Neoplastic::Malignant::Amacr,1
pathout,Molecular::Concept::Neoplastic::Malignant::Atm,1
pathout,Molecular::Concept::Neoplastic::Malignant::Bcor,1
pathout,Molecular::Concept::Neoplastic::Malignant::Bcor_Stainsbcor,1
pathout,Molecular::Concept::Neoplastic::Malignant::Caldesmon,1
pathout,Molecular::Concept::Neoplastic::Malignant::Cea_CD66E,1
pathout,Molecular::Concept::Neoplastic::Malignant::Chromogranin,1
pathout,Molecular::Concept::Neoplastic::Malignant::Cytokeratin_14_CK14_K14,1
pathout,Molecular::Concept::Neoplastic::Malignant::Cytokeratin_17_CK17_K17,1
pathout,Molecular::Concept::Neoplastic::Malignant::Cytokeratin_18_CK18_K18,1
pathout,Molecular::Concept::Neoplastic::Malignant::Cytokeratin_35_Beta_H11,1
pathout,Molecular::Concept::Neoplastic::Malignant::Cytokeratin_7_CK7_K7,1
pathout,Molecular::Concept::Neoplastic::Malignant::EZH2,1
pathout,Molecular::Concept::Neoplastic::Malignant::E_Cadherin,1
pathout,Molecular::Concept::Neoplastic::Malignant::Factor_Xiiia,1
pathout,Molecular::Concept::Neoplastic::Malignant::Glypican_3,1
pathout,Molecular::Concept::Neoplastic::Malignant::H3K_27ME_3,1
pathout,Molecular::Concept::Neoplastic::Malignant::HHV8_Kshv,1
pathout,Molecular::Concept::Neoplastic::Malignant::HLA_Dr,1
pathout,Molecular::Concept::Neoplastic::Malignant::HMB45,1
pathout,Molecular::Concept::Neoplastic::Malignant::HMB45_STAINSHMB45,1
pathout,Molecular::Concept::Neoplastic::Malignant::Hbme,1
pathout,Molecular::Concept::Neoplastic::Malignant::IMP3,1
pathout,Molecular::Concept::Neoplastic::Malignant::INSM1,1
pathout,Molecular::Concept::Neoplastic::Malignant::INSM1_STAINSINSM1,1
pathout,Molecular::Concept::Neoplastic::Malignant::Igd,1
pathout,Molecular::Concept::Neoplastic::Malignant::Iron,1
pathout,Molecular::Concept::Neoplastic::Malignant::LMO2,1
pathout,Molecular::Concept::Neoplastic::Malignant::Lysozyme,1
pathout,Molecular::Concept::Neoplastic::Malignant::MUC2,1
pathout,Molecular::Concept::Neoplastic::Malignant::MUC6,1
pathout,Molecular::Concept::Neoplastic::Malignant::MUM1_IRF4,1
pathout,Molecular::Concept::Neoplastic::Malignant::MYOD1,1
pathout,Molecular::Concept::Neoplastic::Malignant::Mammaglobin,1
pathout,Molecular::Concept::Neoplastic::Malignant::Myogenin_Myoglobin,1
pathout,Molecular::Concept::Neoplastic::Malignant::NKX2_2,1
pathout,Molecular::Concept::Neoplastic::Malignant::NUTM1,1
pathout,Molecular::Concept::Neoplastic::Malignant::Napsin_A,1
pathout,Molecular::Concept::Neoplastic::Malignant::Neuron_Specific_Enolase_Nse,1
pathout,Molecular::Concept::Neoplastic::Malignant::Nfp_Neurofilament,1
pathout,Molecular::Concept::Neoplastic::Malignant::OLIG2,1
pathout,Molecular::Concept::Neoplastic::Malignant::PAX2,1
pathout,Molecular::Concept::Neoplastic::Malignant::PAX2_STAINSPAX2,1
pathout,Molecular::Concept::Neoplastic::Malignant::PDL1_22C_3,1
pathout,Molecular::Concept::Neoplastic::Malignant::Prame,1
pathout,Molecular::Concept::Neoplastic::Malignant::Prostatic_Acid_Phosphatase_Pap,1
pathout,Molecular::Concept::Neoplastic::Malignant::Reticulin,1
pathout,Molecular::Concept::Neoplastic::Malignant::S100P,1
pathout,Molecular::Concept::Neoplastic::Malignant::SMAD4_DPC4,1
pathout,Molecular::Concept::Neoplastic::Malignant::SMARCA4_BRG1,1
pathout,Molecular::Concept::Neoplastic::Malignant::SOX11,1
pathout,Molecular::Concept::Neoplastic::Malignant::SOX11_STAINSSOX11,1
pathout,Molecular::Concept::Neoplastic::Malignant::SOX2,1
pathout,Molecular::Concept::Neoplastic::Malignant::SOX9,1
pathout,Molecular::Concept::Neoplastic::Malignant::TFE3,1
pathout,Molecular::Concept::Neoplastic::Malignant::Thrombomodulin,1
pathout,Molecular::Concept::Neoplastic::Malignant::Transducin_Like_Enhancer_Of_Split_1_TLE1,1
pathout,Molecular::Concept::Neoplastic::Malignant::Tyrosinase,1
pathout,Molecular::Concept::Neoplastic::Malignant::Uroplakin_Ii,1
pathout,Molecular::Concept::Neoplastic::Malignant::Uroplakin_Iii,1
pathout,Molecular::Concept::Neoplastic::Malignant::Villin,1
pathout,Molecular::Concept::Neoplastic::Mast_Cell_Tryptase_Mct,1
pathout,Molecular::Concept::Neoplastic::NKX3_1,1
pathout,Molecular::Concept::Neoplastic::NPM1,1
pathout,Molecular::Concept::Neoplastic::Neun,1
pathout,Molecular::Concept::Neoplastic::Oct_3_4,1
pathout,Molecular::Concept::Neoplastic::P57_KIP2,1
pathout,Molecular::Concept::Neoplastic::PIT1,1
pathout,Molecular::Concept::Neoplastic::Pas_Periodic_Acid_Schiff,1
pathout,Molecular::Concept::Neoplastic::Pcna,1
pathout,Molecular::Concept::Neoplastic::Precursor::HEPPAR1,1
pathout,Molecular::Concept::Neoplastic::Programmed_Death_1_Pd_1,1
pathout,Molecular::Concept::Neoplastic::Prostein_P501S,1
pathout,Molecular::Concept::Neoplastic::Pten,1
pathout,Molecular::Concept::Neoplastic::ROS1,1
pathout,Molecular::Concept::Neoplastic::SOX17,1
pathout,Molecular::Concept::Neoplastic::SSTR2A,1
pathout,Molecular::Concept::Neoplastic::STAT3,1
pathout,Molecular::Concept::Neoplastic::Smoothelin,1
pathout,Molecular::Concept::Neoplastic::TTF1,1
pathout,Molecular::Concept::Normal_Histology::B72_3,1
pathout,Molecular::Concept::Normal_Histology::Collagen_Type_Iv,1
pathout,Molecular::Concept::Normal_Histology::Trap_Tartrate_Resistant_Acid_Phosphatase,1
pathout,Molecular::Heme::Concept::Classification::MSH6,1
pathout,Molecular::Heme::Concept::Classification::P16,1
pathout,Molecular::Heme::Concept::Classification::Smooth_Muscle_Myosin_Heavy_Chain_Smmhc,1
pathout,Molecular::Heme::Concept::IHC_Markers::IHC_Panels,1
pathout,Molecular::Heme::Concept::IHC_Markers::Leder_Stain,1
pathout,Molecular::Heme::Concept::Molecular_Genetics::ALK,1
pathout,Molecular::Heme::Concept::Molecular_Genetics::ALK_Stainsalk,1
pathout,Molecular::Heme::Concept::Molecular_Genetics::BCL2,1
pathout,Molecular::Heme::Concept::Molecular_Genetics::BCL2_STAINSBCL2,1
pathout,Molecular::Heme::Concept::Molecular_Genetics::BRAF_V600E,1
pathout,Molecular::Heme::Concept::Molecular_Genetics::C4D,1
pathout,Molecular::Heme::Concept::Molecular_Genetics::Calretinin,1
pathout,Molecular::Heme::Concept::Molecular_Genetics::JAK2,1
pathout,Molecular::Heme::Concept::Molecular_Genetics::YAP1,1
pathout,Molecular::Heme::Concept::Staging::Melana_MART1,1
pathout,Molecular::Heme::Concept::Staging::T_Cell_Receptor_Tcr_And_Variants,1
pathout,Molecular::Heme::Infectious::Acid_Fast_Auramine_Rhodamine,1
pathout,Molecular::Heme::Infectious::Gms,1
pathout,Molecular::Heme::Inflammatory::BCL6,1
pathout,Molecular::Heme::Inflammatory::IGG4,1
pathout,Molecular::Heme::Inflammatory::Myeloperoxidase_Mpo,1
pathout,Molecular::Heme::Neoplastic::Atrx,1
pathout,Molecular::Heme::Neoplastic::Benign::ARGINASE1,1
pathout,Molecular::Heme::Neoplastic::Benign::Alcian_Blue,1
pathout,Molecular::Heme::Neoplastic::Benign::SF1,1
pathout,Molecular::Heme::Neoplastic::Benign::SF1_STAINSSF1,1
pathout,Molecular::Heme::Neoplastic::Estrogen_Receptor,1
pathout,Molecular::Heme::Neoplastic::HMGA2,1
pathout,Molecular::Heme::Neoplastic::ISLET1_ISL1,1
pathout,Molecular::Heme::Neoplastic::Jones_Methenamine_Silver,1
pathout,Molecular::Heme::Neoplastic::Malignant::ARID1A,1
pathout,Molecular::Heme::Neoplastic::Malignant::BOB1,1
pathout,Molecular::Heme::Neoplastic::Malignant::CDK4,1
pathout,Molecular::Heme::Neoplastic::Malignant::Cyclin_D1,1
pathout,Molecular::Heme::Neoplastic::Malignant::Desmin,1
pathout,Molecular::Heme::Neoplastic::Malignant::EBER1_And_EBER2,1
pathout,Molecular::Heme::Neoplastic::Malignant::EBER1_And_EBER2_STAINSEBER1,1
pathout,Molecular::Heme::Neoplastic::Malignant::Erg,1
pathout,Molecular::Heme::Neoplastic::Malignant::FLI1,1
pathout,Molecular::Heme::Neoplastic::Malignant::FMC7,1
pathout,Molecular::Heme::Neoplastic::Malignant::Fascin,1
pathout,Molecular::Heme::Neoplastic::Malignant::Fos,1
pathout,Molecular::Heme::Neoplastic::Malignant::HNF1BETA,1
pathout,Molecular::Heme::Neoplastic::Malignant::Hgal,1
pathout,Molecular::Heme::Neoplastic::Malignant::IGH,1
pathout,Molecular::Heme::Neoplastic::Malignant::IGH_Stainsigh,1
pathout,Molecular::Heme::Neoplastic::Malignant::Igg,1
pathout,Molecular::Heme::Neoplastic::Malignant::Igm,1
pathout,Molecular::Heme::Neoplastic::Malignant::KMT2A_Mll,1
pathout,Molecular::Heme::Neoplastic::Malignant::MEF2B,1
pathout,Molecular::Heme::Neoplastic::Malignant::Oscar_Cytokeratin,1
pathout,Molecular::Heme::Neoplastic::Malignant::PAX5,1
pathout,Molecular::Heme::Neoplastic::Malignant::PAX5_STAINSPAX5,1
pathout,Molecular::Heme::Neoplastic::Malignant::PAX8,1
pathout,Molecular::Heme::Neoplastic::Malignant::PLAG1,1
pathout,Molecular::Heme::Neoplastic::Malignant::RUNX1_RUNXT1,1
pathout,Molecular::Heme::Neoplastic::Malignant::Tdt,1
pathout,Molecular::Heme::Neoplastic::Malignant::Tdt_Stainstdt,1
pathout,Molecular::Heme::Neoplastic::OCT2,1
pathout,Molecular::Heme::Neoplastic::PDL1_SP142,1
pathout,Molecular::Heme::Neoplastic::Special_At_Rich_Sequence_Binding_Protein_2_SATB2,1
pathout,Molecular::Heme::Neoplastic::Special_At_Rich_Sequence_Binding_Protein_2_SATB2_STAINSSATB2,1
pathout,Molecular::Heme::Neoplastic::Synaptophysin,1
pathout,Molecular::Heme::Normal_Histology::Atpases,1
pathout,Molecular::Hereditary::Concept::Classification::PMS2,1
pathout,Molecular::Hereditary::Concept::Classification::Von_Hippel_Lindau_VHL,1
pathout,Molecular::Hereditary::Concept::IHC_Markers::Albumin,1
pathout,Molecular::Hereditary::Congenital_Structural::Fumarate_Hydratase_Fh_S_2_Succino_Cysteine_2SC,1
pathout,Molecular::Hereditary::Neoplastic::Calcitonin,1
pathout,Molecular::Hereditary::Neoplastic::Malignant::RB1,1
pathout,Molecular::Infectious::Concept::IHC_Markers::Gram_Stain,1
pathout,Molecular::Infectious::Infectious::Adenovirus,1
pathout,Molecular::Infectious::Infectious::Ca_125,1
pathout,Molecular::Infectious::Infectious::S100,1
pathout,Molecular::Infectious::Infectious::S100_STAINSS100,1
pathout,Molecular::Infectious::Neoplastic::Malignant::P40,1
pathout,Molecular::Infectious::Viral::Human_Papillomavirus,1
pathout,Molecular::Pharmacogenetics::Concept::IHC_Markers::ABCC2,1
pathout,Molecular::Pharmacogenetics::Concept::IHC_Markers::Treponema_Pallidum_IHC,1
pathout,Molecular::Pharmacogenetics::Concept::Management_Workup::Androgen_Receptor_Ar,1
pathout,Molecular::Solid::Concept::Classification::Dicer,1
pathout,Molecular::Solid::Concept::Classification::Mucins,1
pathout,Molecular::Solid::Concept::Classification::P63,1
pathout,Molecular::Solid::Concept::IHC_Markers::Ras_Q61R_IHC,1
pathout,Molecular::Solid::Concept::Management_Workup::Hras,1
pathout,Molecular::Solid::Concept::Molecular_Genetics::Actin_General_Cardiac,1
pathout,Molecular::Solid::Concept::Molecular_Genetics::Alkaline_Phosphatase,1
pathout,Molecular::Solid::Concept::Molecular_Genetics::CD_Markers_General,1
pathout,Molecular::Solid::Concept::Molecular_Genetics::Cytokeratins_CK_General,1
pathout,Molecular::Solid::Concept::Molecular_Genetics::EGFR,1
pathout,Molecular::Solid::Concept::Molecular_Genetics::EGFR_Mutation_Specific_Antibodies,1
pathout,Molecular::Solid::Concept::Molecular_Genetics::IDH1_R132H,1
pathout,Molecular::Solid::Concept::Molecular_Genetics::KIT,1
pathout,Molecular::Solid::Concept::Molecular_Genetics::Myb,1
pathout,Molecular::Solid::Concept::Molecular_Genetics::Ret,1
pathout,Molecular::Solid::Concept::Molecular_Genetics::TRPS1,1
pathout,Molecular::Solid::Concept::Procedure_Specimen::IHC_Procedure,1
pathout,Molecular::Solid::Congenital_Structural::CDX2,1
pathout,Molecular::Solid::Depositional_Metabolic::Serum_Amyloid_A_Saa,1
pathout,Molecular::Solid::Infectious::P53,1
pathout,Molecular::Solid::Neoplastic::Benign::Fgfr,1
pathout,Molecular::Solid::Neoplastic::Carbonic_Anhydrase_Ix,1
pathout,Molecular::Solid::Neoplastic::Cytokeratins_Uncommon,1
pathout,Molecular::Solid::Neoplastic::EWSR1,1
pathout,Molecular::Solid::Neoplastic::Epithelial_Membrane_Antigen_Ema,1
pathout,Molecular::Solid::Neoplastic::Epithelial_Membrane_Antigen_Ema_Stainsema,1
pathout,Molecular::Solid::Neoplastic::FOXL2,1
pathout,Molecular::Solid::Neoplastic::Folate_Receptor_Alpha_Fralpha,1
pathout,Molecular::Solid::Neoplastic::H3_3_G34W_H3F_3A,1
pathout,Molecular::Solid::Neoplastic::L1_Cam,1
pathout,Molecular::Solid::Neoplastic::Malignant::Ca_19_9,1
pathout,Molecular::Solid::Neoplastic::Malignant::Cytokeratin_20_CK20_K20,1
pathout,Molecular::Solid::Neoplastic::Malignant::Cytokeratin_Cam_5_2,1
pathout,Molecular::Solid::Neoplastic::Malignant::MDM2,1
pathout,Molecular::Solid::Neoplastic::Malignant::MSH2,1
pathout,Molecular::Solid::Neoplastic::Malignant::Plap,1
pathout,Molecular::Solid::Neoplastic::Malignant::SALL4,1
pathout,Molecular::Solid::Neoplastic::Malignant::SALL4_STAINSSALL4,1
pathout,Molecular::Solid::Neoplastic::Malignant::TROP2,1
pathout,Molecular::Solid::Neoplastic::Microphthalmia_Associated_Transcription_Factor_Mitf,1
pathout,Molecular::Solid::Neoplastic::NR4A_3,1
pathout,Molecular::Solid::Neoplastic::Oil_Red_O,1
pathout,Molecular::Solid::Neoplastic::P120_Catenin,1
pathout,Molecular::Solid::Neoplastic::Pan_Trk_EPR17341_NTRK,1
pathout,Molecular::Solid::Neoplastic::STAT6,1
pathout,Molecular::Solid::Neoplastic::WT1,1
pathout,Molecular::Solid::Neoplastic::WT1_STAINSWT1,1
pathout,Molecular::Solid::Normal_Histology::MUC5AC,1
pathout,Molecular::Solid::Normal_Histology::Progesterone_Receptor_Pr,1
pathout,Molecular::Technique::Concept::Molecular_Genetics::Beta_Catenin,1
pathout,Molecular::Technique::Cytogenetics::FISH,1
pathout,Molecular::Technique::Identity::Short_Tandem_Repeat_Analysis,1
pathout,Molecular::Technique::Neoplastic::Malignant::Enzyme_Cytochemistry,1
pathout,Neuro::Concept::IHC::Alpha_Synuclein,1
pathout,Neuro::Concept::IHC::GFAP,2
pathout,Neuro::Concept::Stains::Luxol_Fast_Blue,1
pathout,Neuro::Concept::Stains::Silver_Stain,1
pathout,Neuro::Cyst::Colloid_Cyst,1
pathout,Neuro::Cyst::Rathke_Cleft_Cyst,1
pathout,Neuro::Infection::Aspergillosis,1
pathout,Neuro::Infection::Brain_Abscess,1
pathout,Neuro::Infection::Herpes_Simplex_Encephalitis,1
pathout,Neuro::Infection::Human_Immunodeficiency_Virus_Infection::HIV_Encephalitis_Leukoencephalitis,1
pathout,Neuro::Infection::Infectious::Amebic_Colitis,1
pathout,Neuro::Infection::Infectious::CMV_Infections,1
pathout,Neuro::Infection::Infectious::Progressive_Multifocal_Leukoencephalopathy_PML_And_Other_Jc_Virus_Infections,1
pathout,Neuro::Infection::Neurocysticercosis,1
pathout,Neuro::Infection::Parasitic_Infections::Amebic_Infections::Primary_Amebic_Meningoencephalitis,1
pathout,Neuro::Infection::Rabies_Encephalitis,1
pathout,Neuro::Infection::Toxoplasmosis,1
pathout,Neuro::Infection::Tuberculosis,1
pathout,Neuro::Non_Neoplastic::Concept::Classification::Pontine_And_Extrapontine_Myelinolysis,1
pathout,Neuro::Non_Neoplastic::Concept::Other::Methanol,1
pathout,Neuro::Non_Neoplastic::Concept::Other::Neural_Tube_Closure_Defects,1
pathout,Neuro::Non_Neoplastic::Concept::Other::Wernicke_Korsakoff_Syndrome,1
pathout,Neuro::Non_Neoplastic::Concept::Staging::Heroin_Leukoencephalopathy,1
pathout,Neuro::Non_Neoplastic::Degenerative::Alzheimer_Disease,1
pathout,Neuro::Non_Neoplastic::Degenerative::Concept::Molecular_Genetics::Multiple_Sclerosis,1
pathout,Neuro::Non_Neoplastic::Degenerative::Depositional_Metabolic::Alcoholic_Cerebellar_Degeneration,1
pathout,Neuro::Non_Neoplastic::Degenerative::Motor_Neuron_Disease::Amyotrophic_Lateral_Sclerosis,1
pathout,Neuro::Non_Neoplastic::Degenerative::Multiple_System_Atrophy,1
pathout,Neuro::Non_Neoplastic::Degenerative::Synucleinopathy::Parkinson_Disease,1
pathout,Neuro::Non_Neoplastic::Degenerative::Tauopathy::Corticobasal_Degeneration,1
pathout,Neuro::Non_Neoplastic::Degenerative::Trinucleotide_Repeat_Disorders::Huntington_Disease,1
pathout,Neuro::Non_Neoplastic::Degenerative::Trinucleotide_Repeat_Disorders::Spinal_Bulbar_Muscular_Atrophy_X_Linked_Bulbospinal_Neuronopathy,1
pathout,Neuro::Non_Neoplastic::Depositional_Metabolic::Carbon_Monoxide_Injury,1
pathout,Neuro::Non_Neoplastic::Depositional_Metabolic::Forensic_Evaluations_Of_Spine_And_Spinal_Cord_Traumatic_Injury,1
pathout,Neuro::Non_Neoplastic::Depositional_Metabolic::Forensic_Evaluations_Of_Traumatic_Axonal_Injury,1
pathout,Neuro::Non_Neoplastic::Depositional_Metabolic::Methotrexate_Toxicity,1
pathout,Neuro::Non_Neoplastic::Depositional_Metabolic::Optic_Nerve_Atrophy,1
pathout,Neuro::Non_Neoplastic::Development::Malformations::Malformations_Of_The_Cerebellum::Lhermitte_Duclos_Disease,1
pathout,Neuro::Non_Neoplastic::Development::Spinal_Muscular_Atrophy,1
pathout,Neuro::Non_Neoplastic::Infectious::Meningitis_Bacterial,1
pathout,Neuro::Non_Neoplastic::Peripheral_Nerve::Neuropathies_Associated_With_Systemic_Diseases::Amyloid_Neuropathy,1
pathout,Neuro::Non_Neoplastic::Systemic::Liver_Disease::Acquired_Hepatic_Encephalopathy,1
pathout,Neuro::Non_Neoplastic::Systemic::Vitamin_Deficiencies::Vitamin_B12_Deficiency_And_Subacute_Combined_Degeneration,1
pathout,Neuro::Normal::Pineal::Pineal_Gland,1
pathout,Neuro::Skeletal_Muscle::Concept::Molecular_Genetics::Leukodystrophies,1
pathout,Neuro::Tumor::Adult_Type_Diffuse_Gliomas::Oligodendroglioma_IDH_Mutant_And_1p_19q_Co_Deleted_CNS_WHO_Grade_2_3,1
pathout,Neuro::Tumor::Astrocytic_Circumscribed::Astroblastoma_MN1_Altered,1
pathout,Neuro::Tumor::Astrocytic_Circumscribed::Chordoid_Glioma,1
pathout,Neuro::Tumor::Astrocytic_Circumscribed::High_Grade_Astrocytoma_With_Piloid_Features,1
pathout,Neuro::Tumor::Astrocytic_Circumscribed::Pilocytic_Astrocytoma,1
pathout,Neuro::Tumor::Astrocytic_Circumscribed::Pleomorphic_Xanthoastrocytoma,1
pathout,Neuro::Tumor::Astrocytic_Circumscribed::Subependymal_Giant_Cell_Astrocytoma,1
pathout,Neuro::Tumor::Concept::Classification::Dementia_With_Lewy_Bodies,1
pathout,Neuro::Tumor::Concept::Classification::Ependymoma_Overview,1
pathout,Neuro::Tumor::Concept::Classification::Syrinx,1
pathout,Neuro::Tumor::Concept::Classification::WHO_Classification,1
pathout,Neuro::Tumor::Concept::Laboratory_Operations::Shh_Activated,1
pathout,Neuro::Tumor::Concept::Staging::Grossing_Features_To_Report_And_Staging,1
pathout,Neuro::Tumor::Congenital_Structural::Glioependymal_Ependymal_Cyst,1
pathout,Neuro::Tumor::Congenital_Structural::Meningeal_Cyst,1
pathout,Neuro::Tumor::Congenital_Structural::Neuroectodermal_Cysts,1
pathout,Neuro::Tumor::Congenital_Structural::Synovial_Cyst,1
pathout,Neuro::Tumor::Cysts::Endodermal_Enterogenous_Cyst,1
pathout,Neuro::Tumor::Cysts::Pineal_Cyst,1
pathout,Neuro::Tumor::Depositional_Metabolic::Radiation_Injury,1
pathout,Neuro::Tumor::Diffuse_Glioma::Adult::Astrocytoma_IDH_mutant,1
pathout,Neuro::Tumor::Diffuse_Glioma::Pediatric_High_Grade::Diffuse_Hemispheric_Glioma_H3_G34_mutant,1
pathout,Neuro::Tumor::Diffuse_Glioma::Pediatric_High_Grade::Diffuse_Pediatric_High_Grade_Glioma_H3_wildtype_and_IDH_wildtype,1
pathout,Neuro::Tumor::Diffuse_Glioma::Pediatric_High_Grade::Infant_type_Hemispheric_Glioma,1
pathout,Neuro::Tumor::Diffuse_Glioma::Pediatric_Low_Grade::Angiocentric_Glioma,1
pathout,Neuro::Tumor::Diffuse_Glioma::Pediatric_Low_Grade::Diffuse_Astrocytoma_MYB_or_MYBL1_altered,1
pathout,Neuro::Tumor::Diffuse_Glioma::Pediatric_Low_Grade::Diffuse_Low_Grade_Glioma_MAPK_Pathway_Altered,1
pathout,Neuro::Tumor::Diffuse_Glioma::Pediatric_Low_Grade::Polymorphous_Low_Grade_Neuroepithelial_Tumor_of_the_Young,1
pathout,Neuro::Tumor::Embryonal::Atypical_Teratoid_Rhabdoid_Tumor,1
pathout,Neuro::Tumor::Embryonal::CNS_Embryonal_Tumor_NEC_NOS,1
pathout,Neuro::Tumor::Embryonal::CNS_Neuroblastoma_FOXR2_activated,1
pathout,Neuro::Tumor::Embryonal::Embryonal_Tumor_With_Multilayered_Rosette,1
pathout,Neuro::Tumor::Ependymal::Myxopapillary_Ependymoma,1
pathout,Neuro::Tumor::Ependymal::Posterior_Fossa_Ependymoma,1
pathout,Neuro::Tumor::Ependymal::Spinal_Ependymoma,1
pathout,Neuro::Tumor::Ependymal::Subependymoma,1
pathout,Neuro::Tumor::Ependymal::Supratentorial_Ependymoma_ZFTA_Fusion_Positive,1
pathout,Neuro::Tumor::Glioneuronal_Neuronal::Central_Neurocytoma,1
pathout,Neuro::Tumor::Glioneuronal_Neuronal::Cerebellar_Liponeurocytoma,1
pathout,Neuro::Tumor::Glioneuronal_Neuronal::Desmoplastic_Infantile_Astrocytoma_And_Ganglioglioma,1
pathout,Neuro::Tumor::Glioneuronal_Neuronal::Diffuse_Leptomeningeal_Glioneuronal_Tumor,1
pathout,Neuro::Tumor::Glioneuronal_Neuronal::Dysembryoplastic_Neuroepithelial_Tumor,1
pathout,Neuro::Tumor::Glioneuronal_Neuronal::Extraventricular_Neurocytoma,1
pathout,Neuro::Tumor::Glioneuronal_Neuronal::Gangliocytoma,1
pathout,Neuro::Tumor::Glioneuronal_Neuronal::Multinodular_And_Vacuolating_Neuronal_Tumor,1
pathout,Neuro::Tumor::Glioneuronal_Neuronal::Myxoid_Glioneuronal_Tumor,1
pathout,Neuro::Tumor::Glioneuronal_Neuronal::Papillary_Glioneuronal_Tumor,1
pathout,Neuro::Tumor::Glioneuronal_Neuronal::Rosette_Forming_Glioneuronal_Tumor,1
pathout,Neuro::Tumor::Malignant::Choroid_Plexus_Tumors_Papilloma_Atypical_Papilloma_Carcinoma,1
pathout,Neuro::Tumor::Malignant::Forensic_Evaluations_Of_Brain_Contusions,1
pathout,Neuro::Tumor::Malignant::Glioblastoma_IDH_Wild_Type,1
pathout,Neuro::Tumor::Malignant::Glioma_Optic_Nerve,1
pathout,Neuro::Tumor::Malignant::Glioma_Overview,1
pathout,Neuro::Tumor::Malignant::Medulloblastoma,1
pathout,Neuro::Tumor::Malignant::WHO_Grading_Of_Gliomas,1
pathout,Neuro::Tumor::Meninges::Mesenchymal::Meningioangiomatosis,1
pathout,Neuro::Tumor::Meningioma::Atypical_Meningioma,1
pathout,Neuro::Tumor::Meningioma::Chordoid_Meningioma,1
pathout,Neuro::Tumor::Mesenchymal::Hemangioblastoma,1
pathout,Neuro::Tumor::Metastatic::Metastases_To_The_Brain_And_Spinal_Cord_Parenchyma,1
pathout,Neuro::Tumor::Neuroendocrine::Paraganglioma,1
pathout,Neuro::Tumor::Normal_Histology::CNS_Anatomy_And_Histology,1
pathout,Neuro::Tumor::Normal_Histology::Larotrectinib_Loxo_101,1
pathout,Neuro::Tumor::Other::Dna_Methylation_Classification_Of_CNS_Tumors,1
pathout,Neuro::Tumor::Other::Histiocytic_Tumors,1
pathout,Neuro::Tumor::Other::Paraneoplastic_Syndromes,1
pathout,Neuro::Tumor::Other::WHO_Grading_Of_Meningiomas,1
pathout,Neuro::Tumor::Pediatric_Type_Diffuse_High_Grade_Gliomas::Diffuse_Midline_Glioma_H3_K27_Altered,1
pathout,Neuro::Tumor::Pineal::Desmoplastic_Myxoid_Tumor_Of_The_Pineal_Region_SMARCB1_mutant,1
pathout,Neuro::Tumor::Pineal::Papillary_Tumor_Of_The_Pineal_Region,1
pathout,Neuro::Tumor::Pineal::Pineal_Parenchymal_Tumor_Of_Intermediate_Differentiation,1
pathout,Neuro::Tumor::Pineal::Pineoblastoma,1
pathout,Neuro::Tumor::Pineal::Pineocytoma,1
pathout,Neuro::Tumor::Precursor::Focal_Cortical_Dysplasia_Epilepsy_Related_Malformations,1
pathout,Neuro::Tumor::Sellar::Papillary_Craniopharyngioma,1
pathout,Neuro::Tumor::Sellar::Pituicytoma,1
pathout,Neuro::Tumor::Sellar::Spindle_Cell_Oncocytoma,1
pathout,Neuro::Vascular::Depositional_Metabolic::Cerebral_Amyloid_Angiopathy,1
pathout,Neuro::Vascular::Depositional_Metabolic::Ischemic_Stroke_Infarct_Vascular_Dementia,1
pathout,Neuro::Vascular::Vasculitis::Primary_Angiitis_Of_CNS,1
pathout,Skin::Appendageal_Neoplasm::Mucinous_carcinoma,1
pathout,Skin::Concept::Classification::Arthropod_Bites,1
pathout,Skin::Concept::Classification::Brown_Recluse_Spider,1
pathout,Skin::Concept::Classification::Carbuncle,1
pathout,Skin::Concept::Classification::Coma_Blister,1
pathout,Skin::Concept::Classification::Dermal_Hypersensitivity_Reaction,1
pathout,Skin::Concept::Classification::Reticulohistiocytic_Granuloma_Solitary_Reticulohistiocytoma,1
pathout,Skin::Concept::Classification::Tick_Hyalomma,1
pathout,Skin::Concept::Classification::WHO_Classification,1
pathout,Skin::Concept::Classification::WHO_Classification_Skintumormelanocyticwho,1
pathout,Skin::Concept::IHC_Markers::Pemphigus,1
pathout,Skin::Concept::Laboratory_Operations::Paget_Disease,1
pathout,Skin::Concept::Management_Workup::Epithelial_Sheath_Neuroma,1
pathout,Skin::Concept::Management_Workup::Gangrene,1
pathout,Skin::Concept::Management_Workup::Mechanical_Blister,1
pathout,Skin::Concept::Molecular_Genetics::Infestations_General,1
pathout,Skin::Concept::Molecular_Genetics::Nevi_General,1
pathout,Skin::Concept::Molecular_Genetics::Other_Pigmented_Lesions_And_Disorders_Of_Pigmentation_General,1
pathout,Skin::Concept::Molecular_Genetics::Vesiculobullous_And_Acantholytic_Reaction_Patterns_General,1
pathout,Skin::Concept::Other::Body_And_Pubic_Louse,1
pathout,Skin::Concept::Other::Cafe_Au_Lait_Spot,1
pathout,Skin::Concept::Other::Jessner_Lymphocytic_Infiltration_Of_Skin,1
pathout,Skin::Concept::Other::Primary_Cutaneous_Acral_CD8_Positive,1
pathout,Skin::Concept::Other::Subungual_Exostosis,1
pathout,Skin::Concept::Other::Superficial_Angiomyxoma,1
pathout,Skin::Concept::Other::Tunga_Penetrans,1
pathout,Skin::Concept::Procedure_Specimen::Sentinel_Node_Biopsy,1
pathout,Skin::Concept::Reporting_Grossing::Grossing,1
pathout,Skin::Concept::Staging::Prurigo_Pigmentosa,1
pathout,Skin::Concept::Staging::Staging,1
pathout,Skin::Congenital_Structural::Auricular_Pseudocyst,1
pathout,Skin::Congenital_Structural::Cutaneous_Neurocristic_Hamartoma,1
pathout,Skin::Congenital_Structural::Cyst::Dermoid_Cyst,1
pathout,Skin::Congenital_Structural::Cyst::Epidermal_Inclusion_Cyst,1
pathout,Skin::Congenital_Structural::Cyst::Eruptive_Vellus_Hair_Cyst,1
pathout,Skin::Congenital_Structural::Cyst::Hidrocystoma_Eccrine_Apocrine,1
pathout,Skin::Congenital_Structural::Cyst::Pilar_Cyst_Trichilemmal,1
pathout,Skin::Congenital_Structural::Cyst::Steatocystoma,1
pathout,Skin::Congenital_Structural::Cyst::Thyroglossal_Duct_Cyst,1
pathout,Skin::Congenital_Structural::Cysticercosis,1
pathout,Skin::Congenital_Structural::Genodermatosis::Darier_Disease_Keratosis_Follicularis,1
pathout,Skin::Congenital_Structural::Genodermatosis::Epidermodysplasia_Verruciformis,1
pathout,Skin::Congenital_Structural::Genodermatosis::Epidermolysis_Bullosa,1
pathout,Skin::Congenital_Structural::Genodermatosis::Hailey_Hailey_Disease_Familial_Pemphigus,1
pathout,Skin::Congenital_Structural::Genodermatosis::Lipoid_Proteinosis,1
pathout,Skin::Congenital_Structural::Genodermatosis::Pseudoxanthoma_Elasticum,1
pathout,Skin::Congenital_Structural::Hamartoma::Accessory_Tragus,1
pathout,Skin::Congenital_Structural::Hamartoma::Connective_Tissue_Nevus_Collagenoma,1
pathout,Skin::Congenital_Structural::Hamartoma::Nevus_Sebaceus_of_Jadassohn,1
pathout,Skin::Congenital_Structural::Hamartoma::Supernumerary_Digit,1
pathout,Skin::Congenital_Structural::Maturation_Keratinization::Epidermolytic_Hyperkeratosis,1
pathout,Skin::Congenital_Structural::Maturation_Keratinization::Granular_Parakeratosis,1
pathout,Skin::Congenital_Structural::Maturation_Keratinization::Porokeratosis,1
pathout,Skin::Congenital_Structural::Meningothelial_Hamartoma_Of_Scalp,1
pathout,Skin::Congenital_Structural::Other::Cutaneous_Endometriosis,1
pathout,Skin::Congenital_Structural::Other_Cysts,1
pathout,Skin::Congenital_Structural::Synovial_Cysts,1
pathout,Skin::Depositional_Metabolic::Amyloidosis::Amyloidosis_Overview,1
pathout,Skin::Depositional_Metabolic::Calcification::Calcinosis_Cutis_Dystrophic,1
pathout,Skin::Depositional_Metabolic::Calcification::Calciphylaxis,1
pathout,Skin::Depositional_Metabolic::Crystal::Oxalosis,1
pathout,Skin::Depositional_Metabolic::Encapsulated_Fat_Necrosis,1
pathout,Skin::Depositional_Metabolic::Foreign_Body_Reaction,1
pathout,Skin::Depositional_Metabolic::Gout,1
pathout,Skin::Depositional_Metabolic::Hyaline::Colloid_Milium,1
pathout,Skin::Depositional_Metabolic::Metabolic::Acanthosis_Nigricans,1
pathout,Skin::Depositional_Metabolic::Metabolic::Confluent_and_Reticulated_Papillomatosis,1
pathout,Skin::Depositional_Metabolic::Metabolic::Ochronosis,1
pathout,Skin::Depositional_Metabolic::Mucinosis::Digital_Myxoid_Cyst,1
pathout,Skin::Depositional_Metabolic::Mucinosis::Focal_Cutaneous_Mucinosis,1
pathout,Skin::Depositional_Metabolic::Mucinosis::Pretibial_Myxedema,1
pathout,Skin::Depositional_Metabolic::Mucinosis::Scleredema_of_Buschke,1
pathout,Skin::Depositional_Metabolic::Mucinosis::Scleromyxedema,1
pathout,Skin::Depositional_Metabolic::Pigment::Argyria,1
pathout,Skin::Depositional_Metabolic::Pigment::Tattoo_Reaction,1
pathout,Skin::Depositional_Metabolic::Xanthoma::Juvenile_and_Adult_Type_Xanthogranuloma,2
pathout,Skin::Disorders_of_Pigmentation::Becker_Nevus,1
pathout,Skin::Disorders_of_Pigmentation::Hyperpigmentation::Melasma,1
pathout,Skin::Disorders_of_Pigmentation::Hypopigmentation::Vitiligo,1
pathout,Skin::Genodermatoses::Disorders_of_Keratinization::Ichthyosis,1
pathout,Skin::Infectious::Algal_Infection_Prototheca,1
pathout,Skin::Infectious::Anthrax,1
pathout,Skin::Infectious::Bacterial::Actinomycosis,1
pathout,Skin::Infectious::Bacterial::Bacillary_Angiomatosis_Bartonella,1
pathout,Skin::Infectious::Bacterial::Borrelia_Erythema_Chronicum_Migrans,1
pathout,Skin::Infectious::Bacterial::Botryomycosis,1
pathout,Skin::Infectious::Bacterial::Cellulitis,1
pathout,Skin::Infectious::Bacterial::Ecthyma_Gangrenosum,1
pathout,Skin::Infectious::Bacterial::Erysipelas,1
pathout,Skin::Infectious::Bacterial::Erythrasma_Corynebacterium,1
pathout,Skin::Infectious::Bacterial::Folliculitis,1
pathout,Skin::Infectious::Bacterial::Impetigo,1
pathout,Skin::Infectious::Bacterial::Lyme_Disease,1
pathout,Skin::Infectious::Bacterial::Malakoplakia,1
pathout,Skin::Infectious::Bacterial::Rhinoscleroma,1
pathout,Skin::Infectious::Bacterial::Syphilis_Secondary_Cutaneous,1
pathout,Skin::Infectious::Bacterial::Tuberculosis,1
pathout,Skin::Infectious::Candida,1
pathout,Skin::Infectious::Corynebacteria,1
pathout,Skin::Infectious::Cutaneous_Larva_Migrans,1
pathout,Skin::Infectious::Dermatophytes_Tinea,1
pathout,Skin::Infectious::Fungal::Chromoblastomycosis,1
pathout,Skin::Infectious::Fungal::Coccidioidomycosis_Cutaneous,1
pathout,Skin::Infectious::Fungal::Cryptococcus_w/_PAS_&_GMS,1
pathout,Skin::Infectious::Fungal::Mycetoma,2
pathout,Skin::Infectious::Fungal::Onychomycosis,1
pathout,Skin::Infectious::Fungal::Pityriasis_Tinea_Versicolor,1
pathout,Skin::Infectious::Fungal::Rhinosporidiosis,1
pathout,Skin::Infectious::Histoplasma_Capsulatum,1
pathout,Skin::Infectious::Hyaline_Molds,1
pathout,Skin::Infectious::Maduramycosis,1
pathout,Skin::Infectious::Mpox_Orthopoxvirus,1
pathout,Skin::Infectious::Mycobacteria_Non_Tb,1
pathout,Skin::Infectious::North_American_Blastomycosis,1
pathout,Skin::Infectious::Parasitic::Demodicosis_Demodex,1
pathout,Skin::Infectious::Parasitic::Dirofilariasis,1
pathout,Skin::Infectious::Parasitic::Leishmaniasis_Cutaneous,1
pathout,Skin::Infectious::Parasitic::Myiasis,1
pathout,Skin::Infectious::Parasitic::Onchocerciasis,1
pathout,Skin::Infectious::Parvovirus_B19,1
pathout,Skin::Infectious::Systemic_EBV_Positive_Of_Childhood,1
pathout,Skin::Infectious::Trichosporon,1
pathout,Skin::Infectious::Verruga_Peruana,1
pathout,Skin::Infectious::Viral::Condyloma_Acuminatum,1
pathout,Skin::Infectious::Viral::Epstein_Barr_Virus,1
pathout,Skin::Infectious::Viral::Herpes_Simplex_Virus_HSV1_HSV2,1
pathout,Skin::Infectious::Viral::Molluscum_Contagiosum,1
pathout,Skin::Infectious::Virus_Associated_Trichodysplasia_Spinulosa,1
pathout,Skin::Infectious::Warts_Verrucae,1
pathout,Skin::Infectious::Zygomycosis,1
pathout,Skin::Inflammatory::Abscess,1
pathout,Skin::Inflammatory::Acneiform::Rosacea,1
pathout,Skin::Inflammatory::Adnexal::Acne_Keloidalis_Nuchae,1
pathout,Skin::Inflammatory::Adnexal::Acne_Vulgaris,1
pathout,Skin::Inflammatory::Adnexal::Dissecting_Cellulitis_Scalp,1
pathout,Skin::Inflammatory::Adnexal::Eosinophilic_Pustular_Folliculitis_Ofuji,1
pathout,Skin::Inflammatory::Adnexal::Folliculitis_Decalvans,1
pathout,Skin::Inflammatory::Adnexal::Hidradenitis_Suppurativa,1
pathout,Skin::Inflammatory::Adnexal::Miliaria,1
pathout,Skin::Inflammatory::Alopecia::Central_Centrifugal_Cicatricial_Alopecia_CCCA,1
pathout,Skin::Inflammatory::Alopecia::Lichen_Planopilaris,1
pathout,Skin::Inflammatory::Alopecia::Trichotillomania,1
pathout,Skin::Inflammatory::Balanitis_Phimosis,1
pathout,Skin::Inflammatory::Blistering::Bullous_Lichen_Sclerosus,1
pathout,Skin::Inflammatory::Blistering::Bullous_Lupus_Erythematosus,1
pathout,Skin::Inflammatory::Blistering::Bullous_Pemphigoid,1
pathout,Skin::Inflammatory::Blistering::Cicatricial_Pemphigoid_Mucous_Membrane,1
pathout,Skin::Inflammatory::Blistering::Dermatitis_Herpetiformis,1
pathout,Skin::Inflammatory::Blistering::Epidermolysis_Bullosa_Acquisita,1
pathout,Skin::Inflammatory::Blistering::Grover_Disease_Transient_Acantholytic,1
pathout,Skin::Inflammatory::Blistering::Pemphigoid_Gestationis,1
pathout,Skin::Inflammatory::Blistering::Pemphigus_Vulgaris,1
pathout,Skin::Inflammatory::Blistering::Porphyria_Cutanea_Tarda,1
pathout,Skin::Inflammatory::Blistering::Stevens_Johnson_Syndrome_Toxic_Epidermal_Necrolysis,1
pathout,Skin::Inflammatory::Connective_Tissue::Graft_Versus_Host_Disease,1
pathout,Skin::Inflammatory::Connective_Tissue::Scleroderma::Morphea,1
pathout,Skin::Inflammatory::Cutaneous_Vasculitis,1
pathout,Skin::Inflammatory::Degenerative::Chondrodermatitis_Nodularis_Helicis,1
pathout,Skin::Inflammatory::Dermal_Sclerosing::Anetoderma,1
pathout,Skin::Inflammatory::Dermal_Sclerosing::Chronic_Radiation_Dermatitis,1
pathout,Skin::Inflammatory::Dermal_Sclerosing::Keloid,1
pathout,Skin::Inflammatory::Dermal_Sclerosing::Nephrogenic_Systemic_Fibrosis,1
pathout,Skin::Inflammatory::Drug_Eruption::Acute_Generalized_Exanthematous_Pustulosis_AGEP,1
pathout,Skin::Inflammatory::Drug_Eruption::Lichenoid_Drug_Eruption,1
pathout,Skin::Inflammatory::Granulomatous,1
pathout,Skin::Inflammatory::Granulomatous::Actinic_Granuloma_Annular_Elastolytic,1
pathout,Skin::Inflammatory::Granulomatous::Granuloma_Annulare,1
pathout,Skin::Inflammatory::Granulomatous::Granuloma_Faciale,1
pathout,Skin::Inflammatory::Granulomatous::Lupus_Miliaris_Disseminatus_Faciei,1
pathout,Skin::Inflammatory::Granulomatous::Necrobiosis_Lipoidica,1
pathout,Skin::Inflammatory::Granulomatous::Necrobiotic_Xanthogranuloma,1
pathout,Skin::Inflammatory::Granulomatous::Rheumatoid_Nodule,1
pathout,Skin::Inflammatory::Granulomatous::Sarcoidosis_Cutaneous,1
pathout,Skin::Inflammatory::Infectious::Bacterial::Mycobacterial::Leprosy,1
pathout,Skin::Inflammatory::Infectious::Parasitic::Scabies,1
pathout,Skin::Inflammatory::Infectious::Viral::HPV,2
pathout,Skin::Inflammatory::Interface::Benign_Lichenoid_Keratosis_LPLK,1
pathout,Skin::Inflammatory::Interface::Dermatomyositis,1
pathout,Skin::Inflammatory::Interface::Erythema_Dyschromicum_Perstans,1
pathout,Skin::Inflammatory::Interface::Erythema_Multiforme,1
pathout,Skin::Inflammatory::Interface::Interface_Dermatitis_Overview,1
pathout,Skin::Inflammatory::Interface::Lichen_Nitidus,1
pathout,Skin::Inflammatory::Interface::Lichen_Planus,1
pathout,Skin::Inflammatory::Interface::Lichen_Striatus,1
pathout,Skin::Inflammatory::Interface::Lupus_Erythematosus_Subacute_Cutaneous_SCLE,1
pathout,Skin::Inflammatory::Interface::Pityriasis_Lichenoides_PLEVA_PLC,1
pathout,Skin::Inflammatory::Medium_And_Large_Vessel_Cutaneous_Vasculitis,1
pathout,Skin::Inflammatory::Neutrophilic::Neutrophilic_Eccrine_Hidradenitis,1
pathout,Skin::Inflammatory::Neutrophilic::Pyoderma_Gangrenosum,1
pathout,Skin::Inflammatory::Neutrophilic::Subcorneal_Pustular_Dermatosis,1
pathout,Skin::Inflammatory::Neutrophilic::Sweet_Syndrome,1
pathout,Skin::Inflammatory::Other_Porphyrias,1
pathout,Skin::Inflammatory::Panniculitis::Alpha_1_Antitrypsin_Deficiency_Panniculitis,1
pathout,Skin::Inflammatory::Panniculitis::Erythema_Nodosum,2
pathout,Skin::Inflammatory::Panniculitis::Lipodermatosclerosis,1
pathout,Skin::Inflammatory::Panniculitis::Lupus_Panniculitis_Profundus,1
pathout,Skin::Inflammatory::Panniculitis::Pancreatic_Panniculitis,1
pathout,Skin::Inflammatory::Panniculitis::Subcutaneous_Fat_Necrosis_of_Newborn,1
pathout,Skin::Inflammatory::Papulosquamous::Psoriasis,1
pathout,Skin::Inflammatory::Perforating::Perforating_Dermatoses,1
pathout,Skin::Inflammatory::Photosensitivity::Polymorphous_Light_Eruption,1
pathout,Skin::Inflammatory::Psoriasiform::Nutritional_Deficiency_Dermatitis,1
pathout,Skin::Inflammatory::Psoriasiform::Pityriasis_Rubra_Pilaris,1
pathout,Skin::Inflammatory::Reactive::Erythema_Toxicum_Neonatorum,1
pathout,Skin::Inflammatory::Reactive_Angioendotheliomatosis,1
pathout,Skin::Inflammatory::Scrub_Typhus,1
pathout,Skin::Inflammatory::Spongiotic::Atopic_Dermatitis,1
pathout,Skin::Inflammatory::Spongiotic::Lichen_Simplex_Chronicus,1
pathout,Skin::Inflammatory::Spongiotic::Pityriasis_Rosea,1
pathout,Skin::Inflammatory::Spongiotic::Seborrheic_Dermatitis,1
pathout,Skin::Inflammatory::Spongiotic::Stasis_Dermatitis,1
pathout,Skin::Inflammatory::Vasculitis::Behcet_Disease,1
pathout,Skin::Inflammatory::Vasculitis::Degos_Disease_Malignant_Atrophic_Papulosis,1
pathout,Skin::Inflammatory::Vasculitis::Erythema_Annulare_Centrifugum,1
pathout,Skin::Inflammatory::Vasculitis::Erythema_Elevatum_Diutinum,1
pathout,Skin::Inflammatory::Vasculitis::Gyrate_Erythema,1
pathout,Skin::Inflammatory::Vasculitis::Livedoid_Vasculopathy_Atrophie_Blanche,1
pathout,Skin::Inflammatory::Vasculitis::Pigmented_Purpuric_Dermatosis_Capillaritis,1
pathout,Skin::Inflammatory::Vasculitis::Urticaria_Hives,1
pathout,Skin::Inflammatory::Weber_Christian_Disease,1
pathout,Skin::Neoplastic::Adnexal::Apocrine::Apocrine_Carcinoma,1
pathout,Skin::Neoplastic::Adnexal::Apocrine::Hidradenoma_Papilliferum,1
pathout,Skin::Neoplastic::Adnexal::Apocrine::Syringocystadenoma_Papilliferum,1
pathout,Skin::Neoplastic::Adnexal::Apocrine::Tubular_Apocrine_Adenoma,1
pathout,Skin::Neoplastic::Adnexal::Benign::Eccrine_Syringofibroadenoma,1
pathout,Skin::Neoplastic::Adnexal::Carcinoma::Eccrine_Ductal_Carcinoma,1
pathout,Skin::Neoplastic::Adnexal::Eccrine::Adenoid_Cystic_Carcinoma_Cutaneous,1
pathout,Skin::Neoplastic::Adnexal::Eccrine::Clear_Cell_Hidradenoma,1
pathout,Skin::Neoplastic::Adnexal::Eccrine::Cutaneous_Mixed_Tumor,1
pathout,Skin::Neoplastic::Adnexal::Eccrine::Cylindroma,1
pathout,Skin::Neoplastic::Adnexal::Eccrine::Digital_Papillary_Adenocarcinoma,1
pathout,Skin::Neoplastic::Adnexal::Eccrine::Eccrine_Angiomatous_Hamartoma,1
pathout,Skin::Neoplastic::Adnexal::Eccrine::Endocrine_Mucin_Producing_Sweat_Gland_Carcinoma,1
pathout,Skin::Neoplastic::Adnexal::Eccrine::Hidradenocarcinoma,1
pathout,Skin::Neoplastic::Adnexal::Eccrine::Microcystic_Adnexal_Carcinoma,1
pathout,Skin::Neoplastic::Adnexal::Eccrine::Mucinous_Carcinoma_Primary_Cutaneous,1
pathout,Skin::Neoplastic::Adnexal::Eccrine::Papillary_Eccrine_Adenoma,1
pathout,Skin::Neoplastic::Adnexal::Eccrine::Porocarcinoma,1
pathout,Skin::Neoplastic::Adnexal::Eccrine::Poroma_Eccrine,1
pathout,Skin::Neoplastic::Adnexal::Eccrine::Spiradenoma,1
pathout,Skin::Neoplastic::Adnexal::Eccrine::Syringoma,1
pathout,Skin::Neoplastic::Adnexal::Follicular::Basaloid_Follicular_Hamartoma,1
pathout,Skin::Neoplastic::Adnexal::Follicular::Dilated_Pore_Of_Winer,1
pathout,Skin::Neoplastic::Adnexal::Follicular::Inverted_Follicular_Keratosis,1
pathout,Skin::Neoplastic::Adnexal::Follicular::Pilomatricoma,1
pathout,Skin::Neoplastic::Adnexal::Follicular::Proliferating_Pilar_Cyst,1
pathout,Skin::Neoplastic::Adnexal::Follicular::Trichilemmoma,1
pathout,Skin::Neoplastic::Adnexal::Follicular::Trichoadenoma,1
pathout,Skin::Neoplastic::Adnexal::Follicular::Trichodiscoma,1
pathout,Skin::Neoplastic::Adnexal::Follicular::Trichoepithelioma,1
pathout,Skin::Neoplastic::Adnexal::Follicular::Trichofolliculoma,1
pathout,Skin::Neoplastic::Adnexal::Follicular::Tumor_Of_Follicular_Infundibulum,1
pathout,Skin::Neoplastic::Adnexal::Nail::Lentigo_,2
pathout,Skin::Neoplastic::Adnexal::Nail::Onychopapilloma,1
pathout,Skin::Neoplastic::Adnexal::Paget::Extramammary_Paget_Disease,2
pathout,Skin::Neoplastic::Adnexal::Sebaceous::Sebaceoma,1
pathout,Skin::Neoplastic::Adnexal::Sebaceous::Sebaceous_Adenoma,1
pathout,Skin::Neoplastic::Adnexal::Sebaceous::Sebaceous_Carcinoma,1
pathout,Skin::Neoplastic::Adnexal::Sebaceous::Sebaceous_Hyperplasia,1
pathout,Skin::Neoplastic::Adnexal::Uncertain::Cutaneous_Lymphadenoma,1
pathout,Skin::Neoplastic::Adnexal::Uncertain::NUT_Carcinoma,1
pathout,Skin::Neoplastic::Benign::Benign_Mature_Cystic_Teratoma,1
pathout,Skin::Neoplastic::Epidermal::Benign::Dermatosis_Papulosa_Nigra,1
pathout,Skin::Neoplastic::Epidermal::Benign::Epidermal_Nevus,2
pathout,Skin::Neoplastic::Epidermal::Benign::Epidermolytic_Acanthoma,1
pathout,Skin::Neoplastic::Epidermal::Benign::Large_Cell_Acanthoma,1
pathout,Skin::Neoplastic::Epidermal::Benign::Melanoacanthoma,1
pathout,Skin::Neoplastic::Epidermal::Benign::Squamous_Papilloma,1
pathout,Skin::Neoplastic::Epidermal::Benign::Warty_Dyskeratoma,1
pathout,Skin::Neoplastic::Epidermal::Benign::Xanthoma,1
pathout,Skin::Neoplastic::Epidermal::Malignant::Basal_Cell_Carcinoma_Adnexal_Differentiation,1
pathout,Skin::Neoplastic::Epidermal::Malignant::Common_Terms_And_Patterns,1
pathout,Skin::Neoplastic::Epidermal::Malignant::Keratoacanthoma,1
pathout,Skin::Neoplastic::Epidermal::Malignant::Lymphoepithelioma_Like_Carcinoma,1
pathout,Skin::Neoplastic::Epidermal::Malignant::Mucoepidermoid_Carcinoma,1
pathout,Skin::Neoplastic::Epidermal::Malignant::Squamous_Cell_Carcinoma_Verrucous,1
pathout,Skin::Neoplastic::Epidermal::Malignant::Staging_Nonmelanocytic_Carcinoma,1
pathout,Skin::Neoplastic::Epidermal::Precursor::Actinic_Keratosis_Hypertrophic,1
pathout,Skin::Neoplastic::Epidermal::Precursor::Arsenical_Keratosis,1
pathout,Skin::Neoplastic::Epidermal::Precursor::Bowenoid_Papulosis,1
pathout,Skin::Neoplastic::Epithelial::Benign::Seborrheic_Keratosis,1
pathout,Skin::Neoplastic::Epithelial::Malignant::Squamous_Cell_Carcinoma,2
pathout,Skin::Neoplastic::Hematolymphoid::ALK_Positive_Histiocytosis,1
pathout,Skin::Neoplastic::Hematolymphoid::Aggressive_Epidermotropic_CD8_Positive_T_Cell_Lymphoma,1
pathout,Skin::Neoplastic::Hematolymphoid::Blastic_Plasmacytoid_Dendritic_Cell_Neoplasm,1
pathout,Skin::Neoplastic::Hematolymphoid::Chronic_Lymphocytic_Leukemia_Cutaneous,1
pathout,Skin::Neoplastic::Hematolymphoid::Cutaneous_B_Cell_Lymphoma,2
pathout,Skin::Neoplastic::Hematolymphoid::Cutaneous_Gamma_Delta_T_Cell_Lymphoma,1
pathout,Skin::Neoplastic::Hematolymphoid::EBV_Positive_Mucocutaneous_Ulcer,1
pathout,Skin::Neoplastic::Hematolymphoid::Intravascular_Large_B_Cell_Lymphoma,1
pathout,Skin::Neoplastic::Hematolymphoid::Langerhans_Cell_Histiocytosis,1
pathout,Skin::Neoplastic::Hematolymphoid::Leukemia_Cutis,1
pathout,Skin::Neoplastic::Hematolymphoid::Lymphomatoid_Papulosis,1
pathout,Skin::Neoplastic::Hematolymphoid::Multicentric_Reticulohistiocytosis,1
pathout,Skin::Neoplastic::Hematolymphoid::Mycosis_Fungoides,2
pathout,Skin::Neoplastic::Hematolymphoid::Primary_Cutaneous_Anaplastic_Large_Cell_Lymphoma,1
pathout,Skin::Neoplastic::Hematolymphoid::Primary_Cutaneous_CD4_Positive_Small_Medium_T_Cell_Lymphoproliferative_Disorder,1
pathout,Skin::Neoplastic::Hematolymphoid::Primary_Cutaneous_Marginal_Zone_Lymphoma,1
pathout,Skin::Neoplastic::Hematolymphoid::Primary_Cutaneous_Peripheral_T_Cell_Lymphoma_NOS,1
pathout,Skin::Neoplastic::Hematolymphoid::Pseudolymphoma_Cutaneous_Lymphoid_Hyperplasia,1
pathout,Skin::Neoplastic::Hematolymphoid::Rosai_Dorfman_Disease,1
pathout,Skin::Neoplastic::Hematolymphoid::Sezary_Syndrome,1
pathout,Skin::Neoplastic::Hematolymphoid::Subcutaneous_Panniculitis_Like_T_Cell_Lymphoma,1
pathout,Skin::Neoplastic::Malignant::Metastatic,1
pathout,Skin::Neoplastic::Malignant::Polymorphous_Sweat_Gland_Carcinoma,1
pathout,Skin::Neoplastic::Melanocytic::Atypical_Melanocytic_Proliferation,1
pathout,Skin::Neoplastic::Melanocytic::Benign::Acral_Nevus,1
pathout,Skin::Neoplastic::Melanocytic::Benign::BAP1_Inactivated_Melanocytoma,1
pathout,Skin::Neoplastic::Melanocytic::Benign::Blue_Nevus,1
pathout,Skin::Neoplastic::Melanocytic::Benign::Blue_Nevus_Cellular,1
pathout,Skin::Neoplastic::Melanocytic::Benign::Combined_Nevus,1
pathout,Skin::Neoplastic::Melanocytic::Benign::Common_Acquired_Nevus_NOS,1
pathout,Skin::Neoplastic::Melanocytic::Benign::Congenital_Nevus,2
pathout,Skin::Neoplastic::Melanocytic::Benign::Deep_Penetrating_Nevus,1
pathout,Skin::Neoplastic::Melanocytic::Benign::Dermal_Melanocytosis,1
pathout,Skin::Neoplastic::Melanocytic::Benign::Dysplastic_Nevus,1
pathout,Skin::Neoplastic::Melanocytic::Benign::Ephelis_Freckle,1
pathout,Skin::Neoplastic::Melanocytic::Benign::Genital_Nevus,1
pathout,Skin::Neoplastic::Melanocytic::Benign::Halo_Nevus,1
pathout,Skin::Neoplastic::Melanocytic::Benign::Inflamed_Juvenile_Conjunctival_Nevus,1
pathout,Skin::Neoplastic::Melanocytic::Benign::Melanotic_Macule_Labial_Oral,1
pathout,Skin::Neoplastic::Melanocytic::Benign::Meyerson_Nevus,1
pathout,Skin::Neoplastic::Melanocytic::Benign::Nevus_Spilus,1
pathout,Skin::Neoplastic::Melanocytic::Benign::Nevus_With_Features_Of_Recurrence_And_Traumatized_Nevus,1
pathout,Skin::Neoplastic::Melanocytic::Benign::Pigmented_Spindle_Cell_Nevus_Reed,1
pathout,Skin::Neoplastic::Melanocytic::Benign::Proliferative_Nodule_in_Congenital_Nevus,1
pathout,Skin::Neoplastic::Melanocytic::Benign::Recurrent_Nevus_Pseudomelanoma,1
pathout,Skin::Neoplastic::Melanocytic::Benign::Special_Site_Nevus,1
pathout,Skin::Neoplastic::Melanocytic::Benign::Spitz_Nevus,1
pathout,Skin::Neoplastic::Melanocytic::Benign::White_Sponge_Nevus,1
pathout,Skin::Neoplastic::Melanocytic::CRTC1_TRIM11_Cutaneous_Tumor,1
pathout,Skin::Neoplastic::Melanocytic::Intermediate::Atypical_Spitz_Tumor,1
pathout,Skin::Neoplastic::Melanocytic::Malignant::Features_of_Blue_Nevus_like_melanoma_and_desmoplastic_features,1
pathout,Skin::Neoplastic::Melanocytic::Malignant::Malignant_Melanoma,7
pathout,Skin::Neoplastic::Melanocytic::Malignant::Melanocytic_Tumors_Melanoma,1
pathout,Skin::Neoplastic::Melanocytic::Malignant::Melanoma::Lentigo_Maligna,1
pathout,Skin::Neoplastic::Melanocytic::Malignant::Melanoma_Acral_Lentiginous,1
pathout,Skin::Neoplastic::Melanocytic::Malignant::Melanoma_Conjunctival,1
pathout,Skin::Neoplastic::Melanocytic::Malignant::Melanoma_Invasive_Overview_NOS,1
pathout,Skin::Neoplastic::Melanocytic::Malignant::Melanoma_Nevoid,1
pathout,Skin::Neoplastic::Melanocytic::Malignant::Melanoma_Nodular,1
pathout,Skin::Neoplastic::Melanocytic::Malignant::Melanoma_Oral,1
pathout,Skin::Neoplastic::Melanocytic::Malignant::Melanoma_Superficial_Spreading,1
pathout,Skin::Neoplastic::Melanocytic::Malignant::Melanomas_With_Unusual_Features_Balloon_Cell_Verrucous_Signet_Ring_Cell_Small_Cell_Etc,1
pathout,Skin::Neoplastic::Melanocytic::Malignant::Metastatic_Melanoma,1
pathout,Skin::Neoplastic::Melanocytic::Malignant::Pigmented_Epithelioid_Melanocytoma_Animal_Type,1
pathout,Skin::Neoplastic::Melanocytic::Precursor::Conjunctival_Melanocytic_Intraepithelial_Lesions_Cmil,1
pathout,Skin::Neoplastic::Melanocytic::WHO_Classification_For_Pediatric_Melanocytic_Neoplasms,1
pathout,Skin::Neoplastic::Precursor::Penile_Intraepithelial_Neoplasia,1
pathout,Skin::Neoplastic::Soft_Tissue::Adipocytic::Nevus_Lipomatosus_Superficialis,1
pathout,Skin::Neoplastic::Soft_Tissue::Benign::Fasciitis,1
pathout,Skin::Neoplastic::Soft_Tissue::Benign::Fibroma,1
pathout,Skin::Neoplastic::Soft_Tissue::Fibrous::Acquired_Digital_Fibrokeratoma,1
pathout,Skin::Neoplastic::Soft_Tissue::Fibrous::Aneurysmal_Fibrous_Histiocytoma,1
pathout,Skin::Neoplastic::Soft_Tissue::Fibrous::Angiofibroma_Fibrous_Papule,1
pathout,Skin::Neoplastic::Soft_Tissue::Fibrous::Angiomatoid_Fibrous_Histiocytoma,1
pathout,Skin::Neoplastic::Soft_Tissue::Fibrous::Atypical_Fibroxanthoma,1
pathout,Skin::Neoplastic::Soft_Tissue::Fibrous::Calcifying_Aponeurotic_Fibroma,1
pathout,Skin::Neoplastic::Soft_Tissue::Fibrous::Dermatofibrosarcoma_Protuberans_DFSP,2
pathout,Skin::Neoplastic::Soft_Tissue::Fibrous::Dermatomyofibroma,1
pathout,Skin::Neoplastic::Soft_Tissue::Fibrous::Desmoplastic_Fibroblastoma,1
pathout,Skin::Neoplastic::Soft_Tissue::Fibrous::EWSR1_SMAD3_Rearranged_Fibroblastic_Tumor,1
pathout,Skin::Neoplastic::Soft_Tissue::Fibrous::Epithelioid_Fibrous_Histiocytoma,1
pathout,Skin::Neoplastic::Soft_Tissue::Fibrous::Fibroepithelial_Polyps_Acrochordons,1
pathout,Skin::Neoplastic::Soft_Tissue::Fibrous::Fibromatosis,1
pathout,Skin::Neoplastic::Soft_Tissue::Fibrous::Gardner_Fibroma,1
pathout,Skin::Neoplastic::Soft_Tissue::Fibrous::Low_Grade_Fibromyxoid_Sarcoma,1
pathout,Skin::Neoplastic::Soft_Tissue::Fibrous::Multinucleate_Cell_Angiohistiocytoma,1
pathout,Skin::Neoplastic::Soft_Tissue::Fibrous::Myxoinflammatory_Fibroblastic_Sarcoma,1
pathout,Skin::Neoplastic::Soft_Tissue::Fibrous::Nuchal_Type_Fibroma,1
pathout,Skin::Neoplastic::Soft_Tissue::Fibrous::Plexiform_Fibrohistiocytic_Tumor,1
pathout,Skin::Neoplastic::Soft_Tissue::Fibrous::Sclerotic_Fibroma,1
pathout,Skin::Neoplastic::Soft_Tissue::Fibrous::Superficial_Acral_Fibromyxoma,1
pathout,Skin::Neoplastic::Soft_Tissue::Fibrous::Superficial_CD34_Positive_Fibroblastic_Tumor,1
pathout,Skin::Neoplastic::Soft_Tissue::Malignant::Rhabdomyosarcoma,3
pathout,Skin::Neoplastic::Soft_Tissue::Muscular::Angioleiomyoma,1
pathout,Skin::Neoplastic::Soft_Tissue::Muscular::Atypical_Intradermal_Smooth_Muscle_Neoplasm,1
pathout,Skin::Neoplastic::Soft_Tissue::Neural::Dermal_Nerve_Sheath_Myxoma,1
pathout,Skin::Neoplastic::Soft_Tissue::Neural::Granular_Cell_Tumor,2
pathout,Skin::Neoplastic::Soft_Tissue::Neural::Malignant_Peripheral_Nerve_Sheath_Tumor,1
pathout,Skin::Neoplastic::Soft_Tissue::Neural::Merkel_Cell_Carcinoma,2
pathout,Skin::Neoplastic::Soft_Tissue::Neural::Neurofibroma,2
pathout,Skin::Neoplastic::Soft_Tissue::Neural::Palisaded_Encapsulated_Neuroma,1
pathout,Skin::Neoplastic::Soft_Tissue::Neural::Perineurioma,1
pathout,Skin::Neoplastic::Soft_Tissue::Neural::Schwannoma,1
pathout,Skin::Neoplastic::Soft_Tissue::Uncertain::NTRK_Rearranged_Spindle_Cell_Neoplasm,1
pathout,Skin::Neoplastic::Soft_Tissue::Vascular::Acquired_Elastotic_Hemangioma,1
pathout,Skin::Neoplastic::Soft_Tissue::Vascular::Angiokeratoma,1
pathout,Skin::Neoplastic::Soft_Tissue::Vascular::Arteriovenous_Malformation,1
pathout,Skin::Neoplastic::Soft_Tissue::Vascular::Atypical_Vascular_Lesion,1
pathout,Skin::Neoplastic::Soft_Tissue::Vascular::Benign::Leiomyoma,1
pathout,Skin::Neoplastic::Soft_Tissue::Vascular::Composite_Hemangioendothelioma,1
pathout,Skin::Neoplastic::Soft_Tissue::Vascular::Cutaneous_Epithelioid_Angiomatous_Nodule,1
pathout,Skin::Neoplastic::Soft_Tissue::Vascular::Dabska_Tumor_Papillary_Intralymphatic_Angioendothelioma,1
pathout,Skin::Neoplastic::Soft_Tissue::Vascular::Diffuse_Dermal_Angiomatosis,1
pathout,Skin::Neoplastic::Soft_Tissue::Vascular::Epithelioid_Hemangioendothelioma,1
pathout,Skin::Neoplastic::Soft_Tissue::Vascular::Glomus_Tumor,1
pathout,Skin::Neoplastic::Soft_Tissue::Vascular::Hemangioma_And_Variants,1
pathout,Skin::Neoplastic::Soft_Tissue::Vascular::Intravascular_Papillary_Endothelial_Hyperplasia,1
pathout,Skin::Neoplastic::Soft_Tissue::Vascular::Kaposi_Sarcoma,1
pathout,Skin::Neoplastic::Soft_Tissue::Vascular::Kaposiform_Hemangioendothelioma,1
pathout,Skin::Neoplastic::Soft_Tissue::Vascular::Lobular_Capillary_Hemangioma_Pyogenic_Granuloma,1
pathout,Skin::Neoplastic::Soft_Tissue::Vascular::Myopericytoma,1
pathout,Skin::Neoplastic::Soft_Tissue::Vascular::Retiform_Hemangioendothelioma,1
pathout,Skin::Neoplastic::Soft_Tissue::Vascular::Tufted_Angioma,1
pathout,Skin::Neoplastic::Soft_Tissue::Vascular::Venous_Hemangioma,1
pathout,Skin::Neoplastic::Soft_Tissue::Vascular::Venous_Lake,1
pathout,Skin::Neoplastic::Uncertain::Epithelioid_Sarcoma,1
pathout,Skin::Neoplastic::Uncertain::Myoepithelioma_of_Soft_Tissue,1
pathout,Skin::Neoplastic::Uncertain::PEComa,1
pathout,Skin::Neoplastic::Vascular::Benign::Lymphangioma,3
pathout,Skin::Normal_Histology::Hair,1
pathout,Skin::Normal_Histology::Histology,1
pathout,Skin::Normal_Histology::Nail,3
pathout,Thorax_Mediastinum::Lung::Inflammatory::Airspace::Diffuse_Alveolar_Damage,2
pathout,Thorax_Mediastinum::Lung::Inflammatory::Airways::Bronchiolitis_Obliterans_Organizing_Pneumonia_BOOP,1
pathout,Thorax_Mediastinum::Lung::Inflammatory::Airways::Respiratory_Bronchiolitis,1
pathout,Thorax_Mediastinum::Lung::Inflammatory::Airways::Small_Airway_Disease_Bronchiolocentric_Interstitial_Lung_Disease,1
pathout,Thorax_Mediastinum::Lung::Inflammatory::Eosinophilic::Eosinophilic_Pneumonia,1
pathout,Thorax_Mediastinum::Lung::Inflammatory::Granulomatous::Sarcoidosis,1
pathout,Thorax_Mediastinum::Lung::Inflammatory::Immune::Hypersensitivity_Pneumonitis,1
pathout,Thorax_Mediastinum::Lung::Inflammatory::Interstitial::Desquamative_Interstitial_Pneumonia_DIP,1
pathout,Thorax_Mediastinum::Lung::Inflammatory::Interstitial::Nonspecific_Interstitial_Pneumonia_NSIP,1
pathout,Thorax_Mediastinum::Lung::Inflammatory::Interstitial::Usual_Interstitial_Pneumonia_UIP,1
pathout,Thorax_Mediastinum::Lung::Inflammatory::Lymphocytic::Lymphoid_Interstitial_Pneumonia_LIP,2
pathout,Thorax_Mediastinum::Lung::Inflammatory::Obstructive::Emphysema,2
pathout,Thorax_Mediastinum::Lung::Inflammatory::Vascular::Pulmonary_Hypertension,1
pathout,Thorax_Mediastinum::Lung::Inflammatory::Vasculitis::Granulomatosis_with_Polyangiitis_GPA,1
pathout,Thorax_Mediastinum::Lung::Neoplastic::Epithelial::Benign::Sclerosing_Pneumocytoma,1
pathout,Thorax_Mediastinum::Lung::Neoplastic::Epithelial::Malignant::Adenocarcinoma::Invasive_Mucinous_Adenocarcinoma,1
pathout,Thorax_Mediastinum::Lung::Neoplastic::Epithelial::Malignant::Adenocarcinoma::Minimally_Invasive_Adenocarcinoma_MIA,1
pathout,Thorax_Mediastinum::Lung::Neoplastic::Epithelial::Malignant::Sarcomatoid::Pleomorphic_Carcinoma,1
pathout,Thorax_Mediastinum::Lung::Neoplastic::Epithelial::Malignant::Sarcomatoid::Pulmonary_Blastoma,1
pathout,Thorax_Mediastinum::Lung::Neoplastic::Epithelial::Precursor::Atypical_Adenomatous_Hyperplasia_AAH,1
pathout,Thorax_Mediastinum::Lung::Neoplastic::Epithelial::Salivary_Gland_Type::Adenoid_Cystic_Carcinoma,1
pathout,Thorax_Mediastinum::Lung::Neoplastic::Epithelial::Salivary_Gland_Type::Epithelial_Myoepithelial_Carcinoma,1
pathout,Thorax_Mediastinum::Lung::Neoplastic::Epithelial::Salivary_Gland_Type::Pleomorphic_Adenoma,1
pathout,Thorax_Mediastinum::Lung::Neoplastic::Hematolymphoid::Intravascular_Large_B_Cell_Lymphoma,1
pathout,Thorax_Mediastinum::Lung::Neoplastic::Histiocytic::Pulmonary_Erdheim_Chester_Disease,1
pathout,Thorax_Mediastinum::Lung::Neoplastic::Histiocytic::Pulmonary_Langerhans_Cell_Histiocytosis,1
pathout,Thorax_Mediastinum::Lung::Neoplastic::Mesenchymal::Diffuse_Pulmonary_Lymphangiomatosis,1
pathout,Thorax_Mediastinum::Lung::Neoplastic::Mesenchymal::Pleuropulmonary_Blastoma,1
pathout,Thorax_Mediastinum::Lung::Neoplastic::Mesenchymal::Pulmonary_Artery_Intimal_Sarcoma,1
pathout,Thorax_Mediastinum::Lung::Neoplastic::Mesenchymal::Pulmonary_Hamartoma,1
pathout,Thorax_Mediastinum::Lung::Neoplastic::Neuroendocrine::Precursor::Diffuse_Idiopathic_Pulmonary_Neuroendocrine_Cell_Hyperplasia_DIPNECH,2
pathout,Thorax_Mediastinum::Lung::Neoplastic::Neuroendocrine::Well_Differentiated::Carcinoid_Tumorlet,1
pathout,Thorax_Mediastinum::Mediastinum::Neoplastic::Hematolymphoid::Primary_Mediastinal_Large_B_Cell_Lymphoma,1
pathout,Thorax_Mediastinum::Mesenchymal::Adipocytic::Lipoma,1
pathout,Thorax_Mediastinum::Mesenchymal::Adipocytic::Thymolipoma,1
pathout,Thorax_Mediastinum::Mesenchymal::Fibroblastic_Myofibroblastic::Inflammatory_Myofibroblastic_Tumor,1
pathout,Thorax_Mediastinum::Mesenchymal::Neural::Paraganglioma,1
pathout,Thorax_Mediastinum::Mesenchymal::Vascular::Epithelioid_Hemangioendothelioma,1
pathout,Thorax_Mediastinum::Mesenchymal::Vascular::Hemangioma,1
pathout,Thorax_Mediastinum::Pleura::Inflammatory::Pleuritis_and_Pleural_Plaques,1
pathout,Thorax_Mediastinum::Pleura::Neoplastic::Mesothelial::Benign::Adenomatoid_Tumor,1
pathout,Thorax_Mediastinum::Pleura::Neoplastic::Mesothelial::Malignant::Diffuse_Pleural_Mesothelioma,1
pathout,Thorax_Mediastinum::Pleura::Neoplastic::Mesothelial::Malignant::Localized_Pleural_Mesothelioma,1
pathout,Thorax_Mediastinum::Pleura::Neoplastic::Mesothelial::Preinvasive::Mesothelioma_in_Situ,7
pathout,Thorax_Mediastinum::Thorax::Neoplastic::Epithelial::NUT_Carcinoma,1
pathout,Thorax_Mediastinum::Thymus::Congenital_Structural::Hyperplasia::Thymic_Hyperplasia,1
pathout,Thorax_Mediastinum::Thymus::Neoplastic::Epithelial::Carcinoma::Mucoepidermoid_Carcinoma,1
pathout,Thorax_Mediastinum::Thymus::Neoplastic::Epithelial::Carcinoma::Squamous_Cell_Carcinoma,2
pathout,Thorax_Mediastinum::Thymus::Neoplastic::Neuroendocrine::Poorly_Differentiated::Large_Cell_Neuroendocrine_Carcinoma,1
pathout,Thorax_Mediastinum::Thymus::Neoplastic::Neuroendocrine::Poorly_Differentiated::Small_Cell_Carcinoma,1
pathout,Thorax_Mediastinum::Thymus::Neoplastic::Neuroendocrine::Well_Differentiated::Carcinoid_Tumor,2
pathout,UNRESOLVED_ROOT::Clinical_Chemistry::Concept::Classification::Creatine_Kinase,1
pathout,UNRESOLVED_ROOT::Clinical_Chemistry::Concept::Classification::Hyperlipidemia,1
pathout,UNRESOLVED_ROOT::Clinical_Chemistry::Concept::Classification::Sensitivity_And_Specificity,1
pathout,UNRESOLVED_ROOT::Clinical_Chemistry::Concept::Classification::Vitamin_B12,1
pathout,UNRESOLVED_ROOT::Clinical_Chemistry::Concept::IHC_Markers::Anticardiolipin_Antibodies,1
pathout,UNRESOLVED_ROOT::Clinical_Chemistry::Concept::IHC_Markers::CK_Mb_Creatine_Kinase_Isoenzyme_Mb,1
pathout,UNRESOLVED_ROOT::Clinical_Chemistry::Concept::IHC_Markers::Immunofluorescence_For_Ana_And_Anca,1
pathout,UNRESOLVED_ROOT::Clinical_Chemistry::Concept::IHC_Markers::Sepsis_Biomarkers,1
pathout,UNRESOLVED_ROOT::Clinical_Chemistry::Concept::Laboratory_Operations::Assay_Interferences,1
pathout,UNRESOLVED_ROOT::Clinical_Chemistry::Concept::Laboratory_Operations::Lactate_Dehydrogenase,1
pathout,UNRESOLVED_ROOT::Clinical_Chemistry::Concept::Laboratory_Operations::Validating_A_New_Quantitative_Assay,1
pathout,UNRESOLVED_ROOT::Clinical_Chemistry::Concept::Management_Workup::Aspartate_Aminotransferase,1
pathout,UNRESOLVED_ROOT::Clinical_Chemistry::Concept::Management_Workup::Drugs_Of_Abuse,1
pathout,UNRESOLVED_ROOT::Clinical_Chemistry::Concept::Management_Workup::Newborn_Screening,1
pathout,UNRESOLVED_ROOT::Clinical_Chemistry::Concept::Management_Workup::Utilization_Management_Strategies,1
pathout,UNRESOLVED_ROOT::Clinical_Chemistry::Concept::Molecular_Genetics::Folate,1
pathout,UNRESOLVED_ROOT::Clinical_Chemistry::Concept::Molecular_Genetics::Syphilis,1
pathout,UNRESOLVED_ROOT::Clinical_Chemistry::Concept::Molecular_Genetics::Validation_Of_Reference_Intervals_And_Reportable_Range,1
pathout,UNRESOLVED_ROOT::Clinical_Chemistry::Concept::Other::Electrolytes,1
pathout,UNRESOLVED_ROOT::Clinical_Chemistry::Concept::Procedure_Specimen::Interference_In_Protein_Electrophoresis,1
pathout,UNRESOLVED_ROOT::Clinical_Chemistry::Concept::Procedure_Specimen::Lipid_Panel,1
pathout,UNRESOLVED_ROOT::Clinical_Chemistry::Concept::Procedure_Specimen::Urine_Crystals_And_Microscopy,1
pathout,UNRESOLVED_ROOT::Clinical_Chemistry::Depositional_Metabolic::Blood_Gas_Testing,1
pathout,UNRESOLVED_ROOT::Clinical_Chemistry::Depositional_Metabolic::Transferrin,1
pathout,UNRESOLVED_ROOT::Clinical_Chemistry::Infectious::Vitamin_D,1
pathout,UNRESOLVED_ROOT::Clinical_Chemistry::Inflammatory::Aldosterone,1
pathout,UNRESOLVED_ROOT::Clinical_Chemistry::Inflammatory::Hepatitis_B_Testing,1
pathout,UNRESOLVED_ROOT::Clinical_Chemistry::Inflammatory::Hepatitis_C_Testing,1
pathout,UNRESOLVED_ROOT::Clinical_Chemistry::Inflammatory::Rheumatoid_Arthritis,1
pathout,UNRESOLVED_ROOT::Clinical_Chemistry::Inflammatory::Systemic_Lupus_Erythematosus_Sle,1
pathout,UNRESOLVED_ROOT::Clinical_Chemistry::Neoplastic::Calcitonin,1
pathout,UNRESOLVED_ROOT::Clinical_Chemistry::Neoplastic::Malignant::Cardiac_Troponins,1
pathout,UNRESOLVED_ROOT::Clinical_Chemistry::Neoplastic::Malignant::Oncocytic,1
pathout,UNRESOLVED_ROOT::Clinical_Chemistry::Neoplastic::Malignant::Serum_Free_Light_Chain_Test,1
pathout,UNRESOLVED_ROOT::Coagulation::Concept::Classification::Acquired_Von_Willebrand_Disease_Avwd,1
pathout,UNRESOLVED_ROOT::Coagulation::Concept::Classification::Factor_Ii_Prothrombin_Deficiency,1
pathout,UNRESOLVED_ROOT::Coagulation::Concept::Classification::Factor_V_Deficiency,1
pathout,UNRESOLVED_ROOT::Coagulation::Concept::Classification::Factor_X_Deficiency,1
pathout,UNRESOLVED_ROOT::Coagulation::Concept::Classification::Factor_Xiii_Deficiency,1
pathout,UNRESOLVED_ROOT::Coagulation::Concept::IHC_Markers::D_Dimer_Dimerized_Plasmin_Fragment_D,1
pathout,UNRESOLVED_ROOT::Coagulation::Concept::Laboratory_Operations::Antiphospholipid_Syndrome_Aps_Testing,1
pathout,UNRESOLVED_ROOT::Coagulation::Concept::Laboratory_Operations::Antiplasmin_Assay,1
pathout,UNRESOLVED_ROOT::Coagulation::Concept::Laboratory_Operations::Antithrombin_Assay,1
pathout,UNRESOLVED_ROOT::Coagulation::Concept::Laboratory_Operations::Cryoglobulin_Cryofibrinogen_Assays,1
pathout,UNRESOLVED_ROOT::Coagulation::Concept::Laboratory_Operations::Factor_Xa_Assay,1
pathout,UNRESOLVED_ROOT::Coagulation::Concept::Laboratory_Operations::Tpa_Assay,1
pathout,UNRESOLVED_ROOT::Coagulation::Concept::Laboratory_Operations::Viscoelastic_Hemostatic_Assays,1
pathout,UNRESOLVED_ROOT::Coagulation::Concept::Management_Workup::4_Factor_PCC,1
pathout,UNRESOLVED_ROOT::Coagulation::Concept::Management_Workup::Algorithm_For_Workup_Of_Hereditary_Bleeding_Disorders,1
pathout,UNRESOLVED_ROOT::Coagulation::Concept::Management_Workup::Inhibitors,1
pathout,UNRESOLVED_ROOT::Coagulation::Concept::Management_Workup::Protein_C_Deficiency,1
pathout,UNRESOLVED_ROOT::Coagulation::Concept::Management_Workup::Risk_Management,1
pathout,UNRESOLVED_ROOT::Coagulation::Concept::Molecular_Genetics::Antithrombin_Deficiency,1
pathout,UNRESOLVED_ROOT::Coagulation::Concept::Molecular_Genetics::Dysfibrinogenemia,1
pathout,UNRESOLVED_ROOT::Coagulation::Concept::Molecular_Genetics::Ecarin_Clotting_Time,1
pathout,UNRESOLVED_ROOT::Coagulation::Concept::Molecular_Genetics::Elevated_Coagulation_Factor_Levels_In_Plasma,1
pathout,UNRESOLVED_ROOT::Coagulation::Concept::Molecular_Genetics::Factor_Xi_Deficiency,1
pathout,UNRESOLVED_ROOT::Coagulation::Concept::Molecular_Genetics::Heparin_Cofactor_Ii_Deficiency,1
pathout,UNRESOLVED_ROOT::Coagulation::Concept::Molecular_Genetics::Hereditary_Bleeding_Disorders_General,1
pathout,UNRESOLVED_ROOT::Coagulation::Concept::Molecular_Genetics::Hereditary_Thrombophilia_General,1
pathout,UNRESOLVED_ROOT::Coagulation::Concept::Molecular_Genetics::High_Molecular_Weight_Kininogen_Deficiency_Assay,1
pathout,UNRESOLVED_ROOT::Coagulation::Concept::Molecular_Genetics::Low_Molecular_Weight_Heparin_Lmwh,1
pathout,UNRESOLVED_ROOT::Coagulation::Concept::Molecular_Genetics::Platelet_Aggregation_Studies,1
pathout,UNRESOLVED_ROOT::Coagulation::Concept::Molecular_Genetics::Protein_S_Deficiency,1
pathout,UNRESOLVED_ROOT::Coagulation::Concept::Molecular_Genetics::Prothrombin_Gene_Mutation_G20210A_Hyperprothrombinemia,1
pathout,UNRESOLVED_ROOT::Coagulation::Concept::Other::Activated_Protein_C_Resistance_Factor_V_Leiden,1
pathout,UNRESOLVED_ROOT::Coagulation::Concept::Other::Bleeding_Time_And_Clot_Retraction,1
pathout,UNRESOLVED_ROOT::Coagulation::Concept::Other::Factor_Ix_Deficiency_Hemophilia_B,1
pathout,UNRESOLVED_ROOT::Coagulation::Concept::Other::Factor_Vii_Deficiency,1
pathout,UNRESOLVED_ROOT::Coagulation::Concept::Other::Factor_Viii_Deficiency_Hemophilia_A,1
pathout,UNRESOLVED_ROOT::Coagulation::Concept::Other::Factor_Xii_Deficiency,1
pathout,UNRESOLVED_ROOT::Coagulation::Concept::Other::Heparin_Induced_Thrombocytopenia,1
pathout,UNRESOLVED_ROOT::Coagulation::Concept::Procedure_Specimen::Plasminogen_Activator_Antigen_1,1
pathout,UNRESOLVED_ROOT::Coagulation::Concept::Staging::Hereditary_Bleeding_Disorders_Testing,1
pathout,UNRESOLVED_ROOT::Coagulation::Depositional_Metabolic::Amyloidosis,1
pathout,UNRESOLVED_ROOT::Coagulation::Depositional_Metabolic::Physiology,1
pathout,UNRESOLVED_ROOT::Coagulation::Neoplastic::Malignant::Hypercoagulation_Panel,1
pathout,UNRESOLVED_ROOT::Coagulation::Neoplastic::Malignant::Prekallikrein_Deficiency,1
pathout,UNRESOLVED_ROOT::Coagulation::Normal_Histology::Mixing_Studies,1
pathout,UNRESOLVED_ROOT::Colon::Infectious::Cutibacterium_Acnes,1
pathout,UNRESOLVED_ROOT::Cytopathology::Concept::Classification::Frozen_Section_Overview,1
pathout,UNRESOLVED_ROOT::Cytopathology::Concept::Classification::Ultrasound_Terminology,1
pathout,UNRESOLVED_ROOT::Cytopathology::Concept::Laboratory_Operations::Automation,1
pathout,UNRESOLVED_ROOT::Cytopathology::Concept::Molecular_Genetics::International_System_For_Reporting_Serous_Fluid_Cytopathology,1
pathout,UNRESOLVED_ROOT::Cytopathology::Concept::Molecular_Genetics::Molecular_Cytopathology,1
pathout,UNRESOLVED_ROOT::Cytopathology::Concept::Molecular_Genetics::WHO_Reporting_System_For_Lung_Cytopathology,1
pathout,UNRESOLVED_ROOT::Cytopathology::Infectious::Ancillary_Techniques,1
pathout,UNRESOLVED_ROOT::Esophagus::Concept::Classification::WHO_Classification,1
pathout,UNRESOLVED_ROOT::Eye::Concept::Laboratory_Operations::Pterygium,1
pathout,UNRESOLVED_ROOT::Eye::Concept::Laboratory_Operations::Xanthelasma,1
pathout,UNRESOLVED_ROOT::Eye::Concept::Management_Workup::Retinopathy_Of_Prematurity,1
pathout,UNRESOLVED_ROOT::Eye::Concept::Molecular_Genetics::Detachment_Of_Retina,1
pathout,UNRESOLVED_ROOT::Eye::Concept::Molecular_Genetics::Keratoconus,1
pathout,UNRESOLVED_ROOT::Eye::Concept::Molecular_Genetics::Keratomalacia,1
pathout,UNRESOLVED_ROOT::Eye::Concept::Molecular_Genetics::Silica_Granuloma,1
pathout,UNRESOLVED_ROOT::Eye::Concept::Other::Diabetic_Retinopathy,1
pathout,UNRESOLVED_ROOT::Eye::Concept::Other::Necrobiotic_Xanthogranuloma_With_Paraproteinemia,1
pathout,UNRESOLVED_ROOT::Eye::Concept::Other::Nonspecific_Responses_Cornea,1
pathout,UNRESOLVED_ROOT::Eye::Concept::Other::Persistent_Hyperplastic_Primary_Vitreous,1
pathout,UNRESOLVED_ROOT::Eye::Concept::Other::Posterior_Polymorphous_Dystrophy,1
pathout,UNRESOLVED_ROOT::Eye::Concept::Other::Pseudorheumatoid_Nodules,1
pathout,UNRESOLVED_ROOT::Eye::Concept::Procedure_Specimen::Corneal_Transplantation_And_Graft_Failure,1
pathout,UNRESOLVED_ROOT::Eye::Concept::Reporting_Grossing::Grossing_And_Features_To_Report,1
pathout,UNRESOLVED_ROOT::Eye::Concept::Reporting_Grossing::Ocular_Cicatricial_Pemphigoid,1
pathout,UNRESOLVED_ROOT::Eye::Concept::Staging::Staging_Eyelid,1
pathout,UNRESOLVED_ROOT::Eye::Concept::Staging::Staging_Lacrimal_Duct,1
pathout,UNRESOLVED_ROOT::Eye::Congenital_Structural::Cataract,1
pathout,UNRESOLVED_ROOT::Eye::Congenital_Structural::Coloboma,1
pathout,UNRESOLVED_ROOT::Eye::Congenital_Structural::Corneal_Dystrophy,1
pathout,UNRESOLVED_ROOT::Eye::Congenital_Structural::Cysts_Conjunctiva,1
pathout,UNRESOLVED_ROOT::Eye::Congenital_Structural::Eyelid_Cysts,1
pathout,UNRESOLVED_ROOT::Eye::Congenital_Structural::Graft_Versus_Host_Disease,1
pathout,UNRESOLVED_ROOT::Eye::Congenital_Structural::Ocular_Melanocytosis,1
pathout,UNRESOLVED_ROOT::Eye::Congenital_Structural::Orbital_Dermoid_Cysts_And_Other_Cysts,1
pathout,UNRESOLVED_ROOT::Eye::Congenital_Structural::Steatocystoma_Simplex,1
pathout,UNRESOLVED_ROOT::Eye::Depositional_Metabolic::Actinic_Keratopathy,1
pathout,UNRESOLVED_ROOT::Eye::Depositional_Metabolic::Glaucoma,1
pathout,UNRESOLVED_ROOT::Eye::Depositional_Metabolic::Lattice_Degeneration,1
pathout,UNRESOLVED_ROOT::Eye::Depositional_Metabolic::Macular_Degeneration,1
pathout,UNRESOLVED_ROOT::Eye::Depositional_Metabolic::Schnabel_Cavernous_Degeneration,1
pathout,UNRESOLVED_ROOT::Eye::Infectious::Acanthamoeba_Keratitis,1
pathout,UNRESOLVED_ROOT::Eye::Infectious::Infectious_Keratitis,1
pathout,UNRESOLVED_ROOT::Eye::Infectious::Visceral_Larva_Migrans,1
pathout,UNRESOLVED_ROOT::Eye::Inflammatory::Acute_Hemorrhagic_Conjunctivitis,1
pathout,UNRESOLVED_ROOT::Eye::Inflammatory::Calcific_Band_Keratopathy,1
pathout,UNRESOLVED_ROOT::Eye::Inflammatory::Chalazion,1
pathout,UNRESOLVED_ROOT::Eye::Inflammatory::Cicatrizing_Conjunctivitis,1
pathout,UNRESOLVED_ROOT::Eye::Inflammatory::Conjunctivitis_And_Variants,1
pathout,UNRESOLVED_ROOT::Eye::Inflammatory::Dacryocystitis,1
pathout,UNRESOLVED_ROOT::Eye::Inflammatory::Granulomatous_Conjunctivitis,1
pathout,UNRESOLVED_ROOT::Eye::Inflammatory::Inflammatory_Lesions_Of_Lacrimal_Gland_And_Related_Structures,1
pathout,UNRESOLVED_ROOT::Eye::Inflammatory::Ligneous_Conjunctivitis,1
pathout,UNRESOLVED_ROOT::Eye::Inflammatory::Mucocele_Orbit,1
pathout,UNRESOLVED_ROOT::Eye::Inflammatory::Orbital_Inflammation,1
pathout,UNRESOLVED_ROOT::Eye::Inflammatory::Phacoanaphylactic_Endophthalmitis,1
pathout,UNRESOLVED_ROOT::Eye::Inflammatory::Phthisis_Bulbi,1
pathout,UNRESOLVED_ROOT::Eye::Inflammatory::Retinitis_Pigmentosa,1
pathout,UNRESOLVED_ROOT::Eye::Inflammatory::Stye_Hordeolum,1
pathout,UNRESOLVED_ROOT::Eye::Inflammatory::Trachoma,1
pathout,UNRESOLVED_ROOT::Eye::Inflammatory::Uveitis,1
pathout,UNRESOLVED_ROOT::Eye::Neoplastic::Astrocytic_Tumor,1
pathout,UNRESOLVED_ROOT::Eye::Neoplastic::Benign::Nevi_Choroid_Or_Iris,1
pathout,UNRESOLVED_ROOT::Eye::Neoplastic::Benign::Nevi_Conjunctiva,1
pathout,UNRESOLVED_ROOT::Eye::Neoplastic::Benign::Papilloma_Lacrimal_Duct,1
pathout,UNRESOLVED_ROOT::Eye::Neoplastic::Malignant::Adenoma_And_Adenocarcinoma_Retinal_Pigment_Epithelium,1
pathout,UNRESOLVED_ROOT::Eye::Neoplastic::Malignant::Coats_Disease,1
pathout,UNRESOLVED_ROOT::Eye::Neoplastic::Malignant::Pinguecula,1
pathout,UNRESOLVED_ROOT::Eye::Neoplastic::Malignant::Retinoblastoma,1
pathout,UNRESOLVED_ROOT::Eye::Neoplastic::Malignant::Staging_Conjunctiva_Carcinoma,1
pathout,UNRESOLVED_ROOT::Eye::Neoplastic::Malignant::Staging_Retinoblastoma,1
pathout,UNRESOLVED_ROOT::Eye::Neoplastic::Nodular_And_Massive_Retinal_Gliosis,1
pathout,UNRESOLVED_ROOT::Eye::Neoplastic::Precursor::Actinic_Keratosis,1
pathout,UNRESOLVED_ROOT::Eye::Neoplastic::Precursor::Bullous_Keratopathy,1
pathout,UNRESOLVED_ROOT::Eye::Neoplastic::Precursor::Hereditary_Benign_Intraepithelial_Dyskeratosis,1
pathout,UNRESOLVED_ROOT::Eye::Neoplastic::Seborrheic_Keratosis,1
pathout,UNRESOLVED_ROOT::Eye::Neoplastic::Tumors_General_Eyelid,1
pathout,UNRESOLVED_ROOT::Eye::Neoplastic::WHO_Classification_Of_Tumors_Of_The_Conjunctiva_And_Caruncle,1
pathout,UNRESOLVED_ROOT::Eye::Normal_Histology::Anatomy_And_Histology_Ciliary_Body,1
pathout,UNRESOLVED_ROOT::Eye::Normal_Histology::Anatomy_And_Histology_Conjunctiva,1
pathout,UNRESOLVED_ROOT::Eye::Normal_Histology::Anatomy_And_Histology_Cornea,1
pathout,UNRESOLVED_ROOT::Eye::Normal_Histology::Anatomy_And_Histology_Eyelid,1
pathout,UNRESOLVED_ROOT::Eye::Normal_Histology::Anatomy_And_Histology_Other,1
pathout,UNRESOLVED_ROOT::Eye::Normal_Histology::Anatomy_And_Histology_Retina,1
pathout,UNRESOLVED_ROOT::Eye::Normal_Histology::Anatomy_And_Histology_Uvea,1
pathout,UNRESOLVED_ROOT::Eye::Normal_Histology::Benign_Epithelial_Melanosis_Of_The_Conjunctiva,1
pathout,UNRESOLVED_ROOT::Eye::Normal_Histology::Epibulbar_Choristoma,1
pathout,UNRESOLVED_ROOT::Forensic_Autopsy::Concept::Classification::Asphyxia,1
pathout,UNRESOLVED_ROOT::Forensic_Autopsy::Concept::Classification::Sudden_Unexpected_Deaths_In_Infants_And_Children,1
pathout,UNRESOLVED_ROOT::Forensic_Autopsy::Concept::Classification::Summary_And_Opinion_Expert_Testimony,1
pathout,UNRESOLVED_ROOT::Forensic_Autopsy::Concept::Laboratory_Operations::Postmortem_Changes,1
pathout,UNRESOLVED_ROOT::Forensic_Autopsy::Concept::Management_Workup::Therapy_Related_Deaths,1
pathout,UNRESOLVED_ROOT::Forensic_Autopsy::Concept::Molecular_Genetics::Drowning,1
pathout,UNRESOLVED_ROOT::Forensic_Autopsy::Concept::Molecular_Genetics::Sharp_Force_Injuries,1
pathout,UNRESOLVED_ROOT::Forensic_Autopsy::Concept::Other::Elder_Abuse,1
pathout,UNRESOLVED_ROOT::Forensic_Autopsy::Concept::Other::Forensic_Entomology,1
pathout,UNRESOLVED_ROOT::Forensic_Autopsy::Concept::Other::Gunshot_Wounds,1
pathout,UNRESOLVED_ROOT::Forensic_Autopsy::Concept::Other::Mass_Disaster_Fatalities,1
pathout,UNRESOLVED_ROOT::Forensic_Autopsy::Concept::Other::Traffic_Related_Deaths,1
pathout,UNRESOLVED_ROOT::Forensic_Autopsy::Concept::Procedure_Specimen::Identification,1
pathout,UNRESOLVED_ROOT::Forensic_Autopsy::Concept::Reporting_Grossing::Autopsy_Report_General,1
pathout,UNRESOLVED_ROOT::Forensic_Autopsy::Depositional_Metabolic::Child_Abuse,1
pathout,UNRESOLVED_ROOT::Forensic_Autopsy::Depositional_Metabolic::Environmental_Deaths,1
pathout,UNRESOLVED_ROOT::Forensic_Autopsy::Neoplastic::Malignant::Ancillary_Investigations,1
pathout,UNRESOLVED_ROOT::Forensic_Autopsy::Neoplastic::Malignant::Autopsy_Techniques,1
pathout,UNRESOLVED_ROOT::Forensic_Autopsy::Neoplastic::Malignant::Cause_Manner_Mechanism_Of_Death_And_Death_Certificate,1
pathout,UNRESOLVED_ROOT::Forensic_Autopsy::Neoplastic::Malignant::Postmortem_Chemistry,1
pathout,UNRESOLVED_ROOT::Forensic_Autopsy::Normal_Histology::Forensic_Radiology,1
pathout,UNRESOLVED_ROOT::Heme::Concept::Classification::With_Del_5Q,1
pathout,UNRESOLVED_ROOT::Heme::Concept::IHC_Markers::Idiopathic_Hypereosinophilic_Syndrome,1
pathout,UNRESOLVED_ROOT::Heme::Concept::Other::Folate_Deficiency_Anemia,1
pathout,UNRESOLVED_ROOT::Heme::Neoplastic::Essential_Thrombocythemia,1
pathout,UNRESOLVED_ROOT::Heme::Neoplastic::Malignant::Primary_Myelofibrosis,1
pathout,UNRESOLVED_ROOT::Heme::Neoplastic::Polycythemia_Vera,1
pathout,UNRESOLVED_ROOT::Joints::Concept::Classification::Morton_Neuroma,1
pathout,UNRESOLVED_ROOT::Joints::Concept::Molecular_Genetics::Degenerative_Joint_Disease,1
pathout,UNRESOLVED_ROOT::Joints::Concept::Other::Disc_Material,1
pathout,UNRESOLVED_ROOT::Joints::Concept::Other::Implant_Related_Changes,1
pathout,UNRESOLVED_ROOT::Joints::Congenital_Structural::Cystic_Meniscus,1
pathout,UNRESOLVED_ROOT::Joints::Congenital_Structural::Ganglion_Cyst,1
pathout,UNRESOLVED_ROOT::Joints::Congenital_Structural::Synovial_Cysts,1
pathout,UNRESOLVED_ROOT::Joints::Inflammatory::Bursitis,1
pathout,UNRESOLVED_ROOT::Joints::Inflammatory::Gout_And_Gouty_Arthritis,1
pathout,UNRESOLVED_ROOT::Joints::Inflammatory::Juvenile_Rheumatoid_Arthritis,1
pathout,UNRESOLVED_ROOT::Joints::Inflammatory::Lyme_Arthritis,1
pathout,UNRESOLVED_ROOT::Joints::Inflammatory::Rheumatoid_Arthritis,1
pathout,UNRESOLVED_ROOT::Joints::Inflammatory::Spondylodiscitis,1
pathout,UNRESOLVED_ROOT::Joints::Inflammatory::Systemic_Lupus_Erythematosus,1
pathout,UNRESOLVED_ROOT::Joints::Inflammatory::Tuberculous_Arthritis,1
pathout,UNRESOLVED_ROOT::Joints::Normal_Histology::Histology_Joints,1
pathout,UNRESOLVED_ROOT::Laboratory_Management::Concept::Classification::Causal_Analysis,1
pathout,UNRESOLVED_ROOT::Laboratory_Management::Concept::Classification::Customer_Service,1
pathout,UNRESOLVED_ROOT::Laboratory_Management::Concept::Classification::Reducing_Nonanalytic_Errors,1
pathout,UNRESOLVED_ROOT::Laboratory_Management::Concept::IHC_Markers::Building_Resilience_In_The_Workplace,1
pathout,UNRESOLVED_ROOT::Laboratory_Management::Concept::Laboratory_Operations::Biosafety_For_Lab_And_Pathology,1
pathout,UNRESOLVED_ROOT::Laboratory_Management::Concept::Laboratory_Operations::Chemical_Hygiene,1
pathout,UNRESOLVED_ROOT::Laboratory_Management::Concept::Laboratory_Operations::Laboratory_Developed_Tests,1
pathout,UNRESOLVED_ROOT::Laboratory_Management::Concept::Laboratory_Operations::Laboratory_Director,1
pathout,UNRESOLVED_ROOT::Laboratory_Management::Concept::Laboratory_Operations::Lean_Workflow_Six_Sigma,1
pathout,UNRESOLVED_ROOT::Laboratory_Management::Concept::Laboratory_Operations::Moving_Average_Quality_Control,1
pathout,UNRESOLVED_ROOT::Laboratory_Management::Concept::Laboratory_Operations::Organization_Of_The_Laboratory,1
pathout,UNRESOLVED_ROOT::Laboratory_Management::Concept::Laboratory_Operations::Principles_Of_Laboratory_Quality_Improvement,1
pathout,UNRESOLVED_ROOT::Laboratory_Management::Concept::Laboratory_Operations::Strategic_Planning_For_Pathology_Practices_And_Laboratories,1
pathout,UNRESOLVED_ROOT::Laboratory_Management::Concept::Laboratory_Operations::Validating_A_New_Quantitative_Assay,1
pathout,UNRESOLVED_ROOT::Laboratory_Management::Concept::Management_Workup::Equipment_Management,1
pathout,UNRESOLVED_ROOT::Laboratory_Management::Concept::Management_Workup::Meeting_Management,1
pathout,UNRESOLVED_ROOT::Laboratory_Management::Concept::Management_Workup::Revenue_Cycle_Management,1
pathout,UNRESOLVED_ROOT::Laboratory_Management::Concept::Molecular_Genetics::Peer_Case_Review_In_Anatomic_Pathology,1
pathout,UNRESOLVED_ROOT::Laboratory_Management::Concept::Other::Onboarding_Training_And_Employee_Retention,1
pathout,UNRESOLVED_ROOT::Laboratory_Management::Concept::Other::Social_Determinants_Of_Health,1
pathout,UNRESOLVED_ROOT::Laboratory_Management::Concept::Other::Succession_Planning,1
pathout,UNRESOLVED_ROOT::Laboratory_Management::Concept::Procedure_Specimen::Bloodborne_Pathogens,1
pathout,UNRESOLVED_ROOT::Laboratory_Management::Concept::Procedure_Specimen::Document_And_Procedure_Management,1
pathout,UNRESOLVED_ROOT::Laboratory_Management::Neoplastic::Malignant::Creating_A_Business_Plan,1
pathout,UNRESOLVED_ROOT::Laboratory_Management::Neoplastic::Patient_Centered_Pathology,1
pathout,UNRESOLVED_ROOT::Liver::Neoplastic::Malignant::Hcc_Macrotrabecular_Massive,1
pathout,UNRESOLVED_ROOT::Lung::Concept::Classification::Colloid,1
pathout,UNRESOLVED_ROOT::Lung::Concept::Classification::Infarct_Pulmonary_Emboli,1
pathout,UNRESOLVED_ROOT::Lung::Concept::Classification::Minute_Pulmonary_Meningothelial_Like_Nodules,1
pathout,UNRESOLVED_ROOT::Lung::Concept::Classification::Rheumatoid_Lung_Disease,1
pathout,UNRESOLVED_ROOT::Lung::Concept::Classification::Sequestrations,1
pathout,UNRESOLVED_ROOT::Lung::Concept::Classification::Uip_Ipf,1
pathout,UNRESOLVED_ROOT::Lung::Concept::Classification::WHO_Classification,1
pathout,UNRESOLVED_ROOT::Lung::Concept::IHC_Markers::Nocardia,1
pathout,UNRESOLVED_ROOT::Lung::Concept::IHC_Markers::Pseudomonas,1
pathout,UNRESOLVED_ROOT::Lung::Concept::Molecular_Genetics::Metastases,1
pathout,UNRESOLVED_ROOT::Lung::Concept::Molecular_Genetics::Preinvasive_General,1
pathout,UNRESOLVED_ROOT::Lung::Concept::Other::Other_Pneumoconiosis,1
pathout,UNRESOLVED_ROOT::Lung::Concept::Other::Radiation_Induced_Lung_Disease,1
pathout,UNRESOLVED_ROOT::Lung::Concept::Procedure_Specimen::Biopsies,1
pathout,UNRESOLVED_ROOT::Lung::Concept::Reporting_Grossing::Asthma,1
pathout,UNRESOLVED_ROOT::Lung::Concept::Reporting_Grossing::Atelectasis,1
pathout,UNRESOLVED_ROOT::Lung::Concept::Reporting_Grossing::Grossing_And_Features_To_Report,1
pathout,UNRESOLVED_ROOT::Lung::Concept::Reporting_Grossing::Malakoplakia,1
pathout,UNRESOLVED_ROOT::Lung::Concept::Reporting_Grossing::Mycoplasma_Pneumoniae,1
pathout,UNRESOLVED_ROOT::Lung::Concept::Reporting_Grossing::Varicella_Zoster,1
pathout,UNRESOLVED_ROOT::Lung::Concept::Staging::Staging,1
pathout,UNRESOLVED_ROOT::Lung::Congenital_Structural::Bronchiectasis,1
pathout,UNRESOLVED_ROOT::Lung::Congenital_Structural::Congenital_Pulmonary_Airway_Malformation_Cpam,1
pathout,UNRESOLVED_ROOT::Lung::Congenital_Structural::Cystic_Fibrosis,1
pathout,UNRESOLVED_ROOT::Lung::Congenital_Structural::Hypoplasia,1
pathout,UNRESOLVED_ROOT::Lung::Congenital_Structural::Plexiform_Arteriopathy,1
pathout,UNRESOLVED_ROOT::Lung::Congenital_Structural::Pneumocystis,1
pathout,UNRESOLVED_ROOT::Lung::Depositional_Metabolic::Alectinib,1
pathout,UNRESOLVED_ROOT::Lung::Depositional_Metabolic::Amiodarone_Induced_Pulmonary_Toxicity,1
pathout,UNRESOLVED_ROOT::Lung::Depositional_Metabolic::Amyloidosis,1
pathout,UNRESOLVED_ROOT::Lung::Depositional_Metabolic::Coal_Workers_Pneumoconiosis,1
pathout,UNRESOLVED_ROOT::Lung::Depositional_Metabolic::Nodular_Amyloid_Amyloidoma,1
pathout,UNRESOLVED_ROOT::Lung::Depositional_Metabolic::Patterns_Of_Injury,1
pathout,UNRESOLVED_ROOT::Lung::Depositional_Metabolic::Pulmonary_Edema,1
pathout,UNRESOLVED_ROOT::Lung::Depositional_Metabolic::Vaping_Associated_Acute_Lung_Injury,1
pathout,UNRESOLVED_ROOT::Lung::Infectious::Acute_Pneumonia,1
pathout,UNRESOLVED_ROOT::Lung::Infectious::Adenovirus,1
pathout,UNRESOLVED_ROOT::Lung::Infectious::Aspergillus,1
pathout,UNRESOLVED_ROOT::Lung::Infectious::Bronchocentric_Granulomatosis,1
pathout,UNRESOLVED_ROOT::Lung::Infectious::CMV,1
pathout,UNRESOLVED_ROOT::Lung::Infectious::Coccidioides,1
pathout,UNRESOLVED_ROOT::Lung::Infectious::Covid_19,1
pathout,UNRESOLVED_ROOT::Lung::Infectious::Goodpasture_Syndrome,1
pathout,UNRESOLVED_ROOT::Lung::Infectious::Herpes_Simplex,1
pathout,UNRESOLVED_ROOT::Lung::Infectious::Histoplasma,1
pathout,UNRESOLVED_ROOT::Lung::Infectious::Hiv,1
pathout,UNRESOLVED_ROOT::Lung::Infectious::Influenza,1
pathout,UNRESOLVED_ROOT::Lung::Infectious::Legionella,1
pathout,UNRESOLVED_ROOT::Lung::Infectious::Loeffler_Syndrome,1
pathout,UNRESOLVED_ROOT::Lung::Infectious::Lymphoepithelioma_Like,1
pathout,UNRESOLVED_ROOT::Lung::Infectious::Measles,1
pathout,UNRESOLVED_ROOT::Lung::Infectious::Mycobacteria_Non_Tb,1
pathout,UNRESOLVED_ROOT::Lung::Infectious::Other_Fungi,1
pathout,UNRESOLVED_ROOT::Lung::Infectious::Other_Parasites,1
pathout,UNRESOLVED_ROOT::Lung::Infectious::Pulmonary_Zoonoses,1
pathout,UNRESOLVED_ROOT::Lung::Infectious::Rsv,1
pathout,UNRESOLVED_ROOT::Lung::Infectious::Sars,1
pathout,UNRESOLVED_ROOT::Lung::Infectious::Silicosis,1
pathout,UNRESOLVED_ROOT::Lung::Infectious::Staphylococcus_Aureus,1
pathout,UNRESOLVED_ROOT::Lung::Infectious::Strongyloides,1
pathout,UNRESOLVED_ROOT::Lung::Infectious::Tuberculosis,1
pathout,UNRESOLVED_ROOT::Lung::Inflammatory::Adenosquamous,1
pathout,UNRESOLVED_ROOT::Lung::Inflammatory::Chronic_Bronchitis,1
pathout,UNRESOLVED_ROOT::Lung::Inflammatory::Drug_Induced_Pneumonitis,1
pathout,UNRESOLVED_ROOT::Lung::Inflammatory::Giant_Cell_Interstitial_Pneumonia,1
pathout,UNRESOLVED_ROOT::Lung::Inflammatory::Hyalinizing_Granuloma,1
pathout,UNRESOLVED_ROOT::Lung::Inflammatory::Inflammatory_Bowel_Disease,1
pathout,UNRESOLVED_ROOT::Lung::Inflammatory::Intravenous_Drug_Abusers,1
pathout,UNRESOLVED_ROOT::Lung::Inflammatory::Lipoid_Pneumonia,1
pathout,UNRESOLVED_ROOT::Lung::Inflammatory::Transplantation_Rejection,1
pathout,UNRESOLVED_ROOT::Lung::Neoplastic::Benign::Adenoma,1
pathout,UNRESOLVED_ROOT::Lung::Neoplastic::Benign::Benign_Metastasizing_Leiomyoma,1
pathout,UNRESOLVED_ROOT::Lung::Neoplastic::Benign::Lymphangioleiomyomatosis,1
pathout,UNRESOLVED_ROOT::Lung::Neoplastic::Benign::Micronodular_Pneumocyte_Hyperplasia,1
pathout,UNRESOLVED_ROOT::Lung::Neoplastic::Benign::Multiple_Pulmonary_Leiomyomatous_Hamartomas,1
pathout,UNRESOLVED_ROOT::Lung::Neoplastic::Benign::Squamous_Glandular_Mixed_Papilloma,1
pathout,UNRESOLVED_ROOT::Lung::Neoplastic::Malignant::Adenocarcinoma_Overview,1
pathout,UNRESOLVED_ROOT::Lung::Neoplastic::Malignant::Asbestosis,1
pathout,UNRESOLVED_ROOT::Lung::Neoplastic::Malignant::Enteric,1
pathout,UNRESOLVED_ROOT::Lung::Neoplastic::Malignant::Fetal,1
pathout,UNRESOLVED_ROOT::Lung::Neoplastic::Malignant::Lepidic_Adenocarcinoma,1
pathout,UNRESOLVED_ROOT::Lung::Neoplastic::Malignant::Lymphoepithelial_Carcinoma,1
pathout,UNRESOLVED_ROOT::Lung::Neoplastic::Malignant::Veliparib,1
pathout,UNRESOLVED_ROOT::Lung::Neoplastic::Precursor::Adenocarcinoma_In_Situ,1
pathout,UNRESOLVED_ROOT::Lung::Neoplastic::Precursor::Bronchopulmonary_Dysplasia,1
pathout,UNRESOLVED_ROOT::Lung::Normal_Histology::Anatomy,1
pathout,UNRESOLVED_ROOT::Lung::Normal_Histology::Bronchial_Atresia,1
pathout,UNRESOLVED_ROOT::Lung::Normal_Histology::Histology,1
pathout,UNRESOLVED_ROOT::Markers_IHC::Concept::Classification::CD99,1
pathout,UNRESOLVED_ROOT::Markers_IHC::Concept::IHC_Markers::CD10_19,1
pathout,UNRESOLVED_ROOT::Markers_IHC::Concept::IHC_Markers::CD30,1
pathout,UNRESOLVED_ROOT::Markers_IHC::Concept::IHC_Markers::CD50_59,1
pathout,UNRESOLVED_ROOT::Markers_IHC::Concept::Molecular_Genetics::CD170_179,2
pathout,UNRESOLVED_ROOT::Markers_IHC::Concept::Molecular_Genetics::CD190_199,1
pathout,UNRESOLVED_ROOT::Markers_IHC::Concept::Molecular_Genetics::CD31,1
pathout,UNRESOLVED_ROOT::Markers_IHC::Concept::Molecular_Genetics::CD61,1
pathout,UNRESOLVED_ROOT::Markers_IHC::Infectious::CD160_169,1
pathout,UNRESOLVED_ROOT::Markers_IHC::Infectious::CD1_9,1
pathout,UNRESOLVED_ROOT::Markers_IHC::Infectious::CD21,1
pathout,UNRESOLVED_ROOT::Markers_IHC::Infectious::CD230_239,1
pathout,UNRESOLVED_ROOT::Markers_IHC::Infectious::CD4,1
pathout,UNRESOLVED_ROOT::Markers_IHC::Inflammatory::CD150_159,1
pathout,UNRESOLVED_ROOT::Markers_IHC::Inflammatory::CD240_249,1
pathout,UNRESOLVED_ROOT::Markers_IHC::Inflammatory::CD3,1
pathout,UNRESOLVED_ROOT::Markers_IHC::Inflammatory::CD40_49,1
pathout,UNRESOLVED_ROOT::Markers_IHC::Inflammatory::CD40_49_Cdmarkerscd41,1
pathout,UNRESOLVED_ROOT::Markers_IHC::Inflammatory::CD80_89,1
pathout,UNRESOLVED_ROOT::Markers_IHC::Neoplastic::Benign::CD8,1
pathout,UNRESOLVED_ROOT::Markers_IHC::Neoplastic::CD10,1
pathout,UNRESOLVED_ROOT::Markers_IHC::Neoplastic::CD100_109,1
pathout,UNRESOLVED_ROOT::Markers_IHC::Neoplastic::CD117,1
pathout,UNRESOLVED_ROOT::Markers_IHC::Neoplastic::CD1A,1
pathout,UNRESOLVED_ROOT::Markers_IHC::Neoplastic::CD20,1
pathout,UNRESOLVED_ROOT::Markers_IHC::Neoplastic::CD270_279,1
pathout,UNRESOLVED_ROOT::Markers_IHC::Neoplastic::CD34,1
pathout,UNRESOLVED_ROOT::Markers_IHC::Neoplastic::CD350_359,1
pathout,UNRESOLVED_ROOT::Markers_IHC::Neoplastic::CD360_369,1
pathout,UNRESOLVED_ROOT::Markers_IHC::Neoplastic::CD38,1
pathout,UNRESOLVED_ROOT::Markers_IHC::Neoplastic::CD44,1
pathout,UNRESOLVED_ROOT::Markers_IHC::Neoplastic::CD45_Lca,1
pathout,UNRESOLVED_ROOT::Markers_IHC::Neoplastic::CD60_69,1
pathout,UNRESOLVED_ROOT::Markers_IHC::Neoplastic::CD63,1
pathout,UNRESOLVED_ROOT::Markers_IHC::Neoplastic::CD71,1
pathout,UNRESOLVED_ROOT::Markers_IHC::Neoplastic::CD90_99,1
pathout,UNRESOLVED_ROOT::Markers_IHC::Neoplastic::Malignant::CD110_119,1
pathout,UNRESOLVED_ROOT::Markers_IHC::Neoplastic::Malignant::CD130_139,1
pathout,UNRESOLVED_ROOT::Markers_IHC::Neoplastic::Malignant::CD140_149,1
pathout,UNRESOLVED_ROOT::Markers_IHC::Neoplastic::Malignant::CD15,1
pathout,UNRESOLVED_ROOT::Markers_IHC::Neoplastic::Malignant::CD180_189,1
pathout,UNRESOLVED_ROOT::Markers_IHC::Neoplastic::Malignant::CD180_189_Cdmarkerscd180to_189,1
pathout,UNRESOLVED_ROOT::Markers_IHC::Neoplastic::Malignant::CD180_189_Cdmarkerscd184,1
pathout,UNRESOLVED_ROOT::Markers_IHC::Neoplastic::Malignant::CD20_29,1
pathout,UNRESOLVED_ROOT::Markers_IHC::Neoplastic::Malignant::CD23,1
pathout,UNRESOLVED_ROOT::Markers_IHC::Neoplastic::Malignant::CD33,1
pathout,UNRESOLVED_ROOT::Markers_IHC::Neoplastic::Malignant::CD43,1
pathout,UNRESOLVED_ROOT::Markers_IHC::Neoplastic::Malignant::CD5,1
pathout,UNRESOLVED_ROOT::Markers_IHC::Neoplastic::Malignant::CD56,1
pathout,UNRESOLVED_ROOT::Markers_IHC::Neoplastic::Malignant::CD57,1
pathout,UNRESOLVED_ROOT::Markers_IHC::Neoplastic::Malignant::CD68,1
pathout,UNRESOLVED_ROOT::Markers_IHC::Neoplastic::Malignant::CD70_79,1
pathout,UNRESOLVED_ROOT::Markers_IHC::Neoplastic::Malignant::CD79A,1
pathout,UNRESOLVED_ROOT::Markers_IHC::Neoplastic::Malignant::CD79B,1
pathout,UNRESOLVED_ROOT::Markers_IHC::Neoplastic::Precursor::CD123,1
pathout,UNRESOLVED_ROOT::Markers_IHC::Normal_Histology::CD138,1
pathout,UNRESOLVED_ROOT::Markers_IHC::Normal_Histology::CD163,1
pathout,UNRESOLVED_ROOT::Markers_IHC::Normal_Histology::CD19,1
pathout,UNRESOLVED_ROOT::Markers_IHC::Normal_Histology::CD200_209,1
pathout,UNRESOLVED_ROOT::Markers_IHC::Normal_Histology::CD30_39,1
pathout,UNRESOLVED_ROOT::Mediastinum::Concept::Classification::Erdheim_Chester_Disease,1
pathout,UNRESOLVED_ROOT::Mediastinum::Concept::Reporting_Grossing::Grossing_And_Features_To_Report,1
pathout,UNRESOLVED_ROOT::Mediastinum::Congenital_Structural::Bronchogenic_Cyst,1
pathout,UNRESOLVED_ROOT::Mediastinum::Congenital_Structural::Enteric_Esophageal_Duplication_Cyst,1
pathout,UNRESOLVED_ROOT::Mediastinum::Congenital_Structural::Meningocele_Cystic,1
pathout,UNRESOLVED_ROOT::Mediastinum::Congenital_Structural::Mullerian_Cyst_Hattori_Cyst,1
pathout,UNRESOLVED_ROOT::Mediastinum::Congenital_Structural::Pericardial_Cyst,1
pathout,UNRESOLVED_ROOT::Mediastinum::Congenital_Structural::Thymic_Cyst,1
pathout,UNRESOLVED_ROOT::Mediastinum::Infectious::Castleman_Disease,1
pathout,UNRESOLVED_ROOT::Mediastinum::Inflammatory::IGG4_Related_Sclerosing_Mediastinitis,1
pathout,UNRESOLVED_ROOT::Mediastinum::Neoplastic::Carcinoid_Tumor,1
pathout,UNRESOLVED_ROOT::Mediastinum::Neoplastic::Malignant::Ganglioneuroblastoma_Intermixed_And_Nodular,1
pathout,UNRESOLVED_ROOT::Mediastinum::Neoplastic::Malignant::Thymic_Carcinoma_Other_Variants,1
pathout,UNRESOLVED_ROOT::Mediastinum::Neoplastic::Myasthenia_Gravis,1
pathout,UNRESOLVED_ROOT::Mediastinum::Neoplastic::Staging_Thymic_Tumors,1
pathout,UNRESOLVED_ROOT::Mediastinum::Neoplastic::Teratoma_Cystic,1
pathout,UNRESOLVED_ROOT::Mediastinum::Neoplastic::Thoracic_SMARCA4_Deficient_Undifferentiated_Tumor,1
pathout,UNRESOLVED_ROOT::Mediastinum::Neoplastic::Thymoma,1
pathout,UNRESOLVED_ROOT::Mediastinum::Normal_Histology::Anatomy_And_Thymus_Histology,1
pathout,UNRESOLVED_ROOT::Mediastinum::Normal_Histology::True_Thymic_Hyperplasia,1
pathout,UNRESOLVED_ROOT::Microbiology::Concept::Classification::Clostridium_Perfringens_C_Septicum,1
pathout,UNRESOLVED_ROOT::Microbiology::Concept::Classification::Myiasis,1
pathout,UNRESOLVED_ROOT::Microbiology::Concept::Classification::Scabies_Mite,1
pathout,UNRESOLVED_ROOT::Microbiology::Concept::Classification::Streptococcus_Other,1
pathout,UNRESOLVED_ROOT::Microbiology::Concept::IHC_Markers::Nocardia,1
pathout,UNRESOLVED_ROOT::Microbiology::Concept::Laboratory_Operations::Biosafety_For_Lab_And_Pathology,1
pathout,UNRESOLVED_ROOT::Microbiology::Concept::Laboratory_Operations::Yersiniosis,1
pathout,UNRESOLVED_ROOT::Microbiology::Concept::Management_Workup::Dengue_Fever,1
pathout,UNRESOLVED_ROOT::Microbiology::Concept::Molecular_Genetics::Vibrio_Vulnificus,1
pathout,UNRESOLVED_ROOT::Microbiology::Depositional_Metabolic::Vibrio_Cholerae,1
pathout,UNRESOLVED_ROOT::Microbiology::Infectious::Acinetobacter,1
pathout,UNRESOLVED_ROOT::Microbiology::Infectious::Anaplasma,1
pathout,UNRESOLVED_ROOT::Microbiology::Infectious::Bk_Virus_Polyomavirus,1
pathout,UNRESOLVED_ROOT::Microbiology::Infectious::Blastomyces,1
pathout,UNRESOLVED_ROOT::Microbiology::Infectious::Blood_Culture_Contamination,1
pathout,UNRESOLVED_ROOT::Microbiology::Infectious::Candida_Species,1
pathout,UNRESOLVED_ROOT::Microbiology::Infectious::Clostridioides_Difficile,1
pathout,UNRESOLVED_ROOT::Microbiology::Infectious::Coccidioidomycosis,1
pathout,UNRESOLVED_ROOT::Microbiology::Infectious::Covid_19_Sars_Cov_2_Testing,1
pathout,UNRESOLVED_ROOT::Microbiology::Infectious::Cryptococcus_Neoformans_And_Gattii,1
pathout,UNRESOLVED_ROOT::Microbiology::Infectious::Dematiaceous_Molds,1
pathout,UNRESOLVED_ROOT::Microbiology::Infectious::Dermatophytes,1
pathout,UNRESOLVED_ROOT::Microbiology::Infectious::Dna_Viruses,1
pathout,UNRESOLVED_ROOT::Microbiology::Infectious::Ehrlichia,1
pathout,UNRESOLVED_ROOT::Microbiology::Infectious::Enterobius_Vermicularis,1
pathout,UNRESOLVED_ROOT::Microbiology::Infectious::Enterococcus,1
pathout,UNRESOLVED_ROOT::Microbiology::Infectious::Epstein_Barr_Virus_EBV,1
pathout,UNRESOLVED_ROOT::Microbiology::Infectious::Giardia_Lamblia,1
pathout,UNRESOLVED_ROOT::Microbiology::Infectious::HSV1_HSV2,1
pathout,UNRESOLVED_ROOT::Microbiology::Infectious::Histoplasma_Capsulatum,1
pathout,UNRESOLVED_ROOT::Microbiology::Infectious::Hyaline_Molds,1
pathout,UNRESOLVED_ROOT::Microbiology::Infectious::Infectious_Disorders_General,1
pathout,UNRESOLVED_ROOT::Microbiology::Infectious::Klebsiella_Oxytoca,1
pathout,UNRESOLVED_ROOT::Microbiology::Infectious::Legionella,1
pathout,UNRESOLVED_ROOT::Microbiology::Infectious::M_Genitalium,1
pathout,UNRESOLVED_ROOT::Microbiology::Infectious::M_Hominis_Ureaplasma_Spp,1
pathout,UNRESOLVED_ROOT::Microbiology::Infectious::Mpox_Orthopoxvirus,1
pathout,UNRESOLVED_ROOT::Microbiology::Infectious::Mycobacteria_Non_Tb,1
pathout,UNRESOLVED_ROOT::Microbiology::Infectious::Neisseria_Meningitidis,1
pathout,UNRESOLVED_ROOT::Microbiology::Infectious::Serratia_Species,1
pathout,UNRESOLVED_ROOT::Microbiology::Infectious::Shigella,1
pathout,UNRESOLVED_ROOT::Microbiology::Infectious::Staph_Aureus,1
pathout,UNRESOLVED_ROOT::Microbiology::Infectious::Staph_Coagulase_Negative,1
pathout,UNRESOLVED_ROOT::Microbiology::Infectious::Streptococcus_Pneumoniae,1
pathout,UNRESOLVED_ROOT::Microbiology::Infectious::Talaromyces_Marneffei,1
pathout,UNRESOLVED_ROOT::Microbiology::Infectious::Uncommon_Infections,1
pathout,UNRESOLVED_ROOT::Microbiology::Infectious::Whipple_Disease,1
pathout,UNRESOLVED_ROOT::Microbiology::Infectious::Yellow_Fever,1
pathout,UNRESOLVED_ROOT::Microbiology::Infectious::Zygomycetes,1
pathout,UNRESOLVED_ROOT::Microbiology::Inflammatory::Cat_Scratch_Disease,1
pathout,UNRESOLVED_ROOT::Microbiology::Inflammatory::Chlamydia_Trachomatis,1
pathout,UNRESOLVED_ROOT::Microbiology::Inflammatory::E_Coli,1
pathout,UNRESOLVED_ROOT::Microbiology::Inflammatory::M_Pneumoniae,1
pathout,UNRESOLVED_ROOT::Microbiology::Inflammatory::Pediculosis_Lice,1
pathout,UNRESOLVED_ROOT::Microbiology::Inflammatory::Toxoplasmosis,1
pathout,UNRESOLVED_ROOT::Microbiology::Normal_Histology::Haemophilus_Influenzae,1
pathout,UNRESOLVED_ROOT::Microbiology::Normal_Histology::Orf,1
pathout,UNRESOLVED_ROOT::Molecular::Concept::Classification::Molecular_Classification_Of_Endometrial_Cancer,1
pathout,UNRESOLVED_ROOT::Molecular::Concept::Classification::PCR_Overview,1
pathout,UNRESOLVED_ROOT::Molecular::Concept::Molecular_Genetics::Bcr_ABL1,1
pathout,UNRESOLVED_ROOT::Molecular::Concept::Molecular_Genetics::CALR,1
pathout,UNRESOLVED_ROOT::Molecular::Concept::Molecular_Genetics::Dna_And_RNA_Purification,1
pathout,UNRESOLVED_ROOT::Molecular::Concept::Molecular_Genetics::Dna_Sequencing,1
pathout,UNRESOLVED_ROOT::Molecular::Concept::Molecular_Genetics::IDH2,1
pathout,UNRESOLVED_ROOT::Molecular::Concept::Molecular_Genetics::KIT_CD117_Molecular_Testing,1
pathout,UNRESOLVED_ROOT::Molecular::Concept::Molecular_Genetics::KRAS,1
pathout,UNRESOLVED_ROOT::Molecular::Concept::Molecular_Genetics::Mgmt_Promoter_Hypermethylation,1
pathout,UNRESOLVED_ROOT::Molecular::Concept::Molecular_Genetics::NGS_General,1
pathout,UNRESOLVED_ROOT::Molecular::Concept::Molecular_Genetics::NGS_Library_Prep,1
pathout,UNRESOLVED_ROOT::Molecular::Concept::Molecular_Genetics::PCR_History_And_Applications,1
pathout,UNRESOLVED_ROOT::Molecular::Concept::Procedure_Specimen::Microarray,1
pathout,UNRESOLVED_ROOT::Molecular::Congenital_Structural::STK11,1
pathout,UNRESOLVED_ROOT::Molecular::Neoplastic::CSF3R,1
pathout,UNRESOLVED_ROOT::Molecular::Neoplastic::MYD88,1
pathout,UNRESOLVED_ROOT::Molecular::Neoplastic::Malignant::FOXO1,1
pathout,UNRESOLVED_ROOT::Molecular::Neoplastic::Malignant::Met,1
pathout,UNRESOLVED_ROOT::Molecular::Neoplastic::Malignant::PML_Rara,1
pathout,UNRESOLVED_ROOT::Molecular::Neoplastic::PI3K_PIK3CA,1
pathout,UNRESOLVED_ROOT::Molecular::Neoplastic::Tumor_Mutation_Burden,1
pathout,UNRESOLVED_ROOT::Molecular::Neoplastic::USP6,1
pathout,UNRESOLVED_ROOT::Other::Concept::Laboratory_Operations::Critical_Reporting_Systems_And_Laboratory_Communications,1
pathout,UNRESOLVED_ROOT::Other::Concept::Laboratory_Operations::Laboratory_Budgeting,1
pathout,UNRESOLVED_ROOT::Other::Concept::Laboratory_Operations::Patient_Safety,1
pathout,UNRESOLVED_ROOT::Other::Concept::Molecular_Genetics::Validation_Of_Reference_Intervals_And_Reportable_Range,1
pathout,UNRESOLVED_ROOT::Other::Neoplastic::Competency_Assessment_And_Maintenance,1
pathout,UNRESOLVED_ROOT::Other::Neoplastic::Nadh,1
pathout,UNRESOLVED_ROOT::Parasitology::Concept::Molecular_Genetics::Hymenolepis_Diminuta,1
pathout,UNRESOLVED_ROOT::Parasitology::Concept::Molecular_Genetics::Leishmania,1
pathout,UNRESOLVED_ROOT::Parasitology::Concept::Molecular_Genetics::Plasmodium_Falciparum,1
pathout,UNRESOLVED_ROOT::Parasitology::Concept::Molecular_Genetics::Taenia_Saginata,1
pathout,UNRESOLVED_ROOT::Parasitology::Concept::Molecular_Genetics::Variant_Creutzfeldt_Jakob,1
pathout,UNRESOLVED_ROOT::Parasitology::Concept::Other::Hymenolepis_Nana,1
pathout,UNRESOLVED_ROOT::Parasitology::Concept::Other::Taenia_Species,1
pathout,UNRESOLVED_ROOT::Parasitology::Concept::Reporting_Grossing::Angiostrongyliasis,1
pathout,UNRESOLVED_ROOT::Parasitology::Concept::Reporting_Grossing::Cordylobia_Rodhaini_Lund_Fly,1
pathout,UNRESOLVED_ROOT::Parasitology::Concept::Reporting_Grossing::Dirofilaria_Repens,1
pathout,UNRESOLVED_ROOT::Parasitology::Concept::Reporting_Grossing::Macracanthorhynchus,1
pathout,UNRESOLVED_ROOT::Parasitology::Concept::Reporting_Grossing::Raillietina,1
pathout,UNRESOLVED_ROOT::Parasitology::Congenital_Structural::Blastocystis,1
pathout,UNRESOLVED_ROOT::Parasitology::Congenital_Structural::Cyclospora_Cayetanensis,1
pathout,UNRESOLVED_ROOT::Parasitology::Congenital_Structural::Loa_Loa,1
pathout,UNRESOLVED_ROOT::Parasitology::Congenital_Structural::Sarcocystis,1
pathout,UNRESOLVED_ROOT::Parasitology::Congenital_Structural::Taenia_Solium_Neurocysticercosis,1
pathout,UNRESOLVED_ROOT::Parasitology::Infectious::Acanthamoeba,1
pathout,UNRESOLVED_ROOT::Parasitology::Infectious::Amebic_Colitis,1
pathout,UNRESOLVED_ROOT::Parasitology::Infectious::Anthrax,1
pathout,UNRESOLVED_ROOT::Parasitology::Infectious::Aspergillus,1
pathout,UNRESOLVED_ROOT::Parasitology::Infectious::Babesia,1
pathout,UNRESOLVED_ROOT::Parasitology::Infectious::Balamuthia,1
pathout,UNRESOLVED_ROOT::Parasitology::Infectious::Dermatophagoides,1
pathout,UNRESOLVED_ROOT::Parasitology::Infectious::Dipylidium_Caninum,1
pathout,UNRESOLVED_ROOT::Parasitology::Infectious::Ebola,1
pathout,UNRESOLVED_ROOT::Parasitology::Infectious::Enteromonas_Hominis,1
pathout,UNRESOLVED_ROOT::Parasitology::Infectious::Iodamoeba_Butschlii,1
pathout,UNRESOLVED_ROOT::Parasitology::Infectious::Myiasis,1
pathout,UNRESOLVED_ROOT::Parasitology::Infectious::Plasmodium_Non_Falciparum,1
pathout,UNRESOLVED_ROOT::Parasitology::Infectious::Strongyloides,1
pathout,UNRESOLVED_ROOT::Parasitology::Infectious::Trichostrongylus,1
pathout,UNRESOLVED_ROOT::Parasitology::Infectious::Tuberculosis,1
pathout,UNRESOLVED_ROOT::Parasitology::Inflammatory::Tick_Ixodes,1
pathout,UNRESOLVED_ROOT::Parasitology::Inflammatory::Toxoplasmosis,1
pathout,UNRESOLVED_ROOT::Parasitology::Neoplastic::Malignant::Diphyllobothrium_Latum,1
pathout,UNRESOLVED_ROOT::Parasitology::Neoplastic::Malignant::Hookworm,1
pathout,UNRESOLVED_ROOT::Parasitology::Neoplastic::Malignant::Whipworm,1
pathout,UNRESOLVED_ROOT::PathOut_Residual_Generated::Mediastinumbronchogeniccyst,1
pathout,UNRESOLVED_ROOT::PathOut_Residual_Generated::Nasalademantinomatouscranio,1
pathout,UNRESOLVED_ROOT::PathOut_Residual_Generated::Nasalintestinaladeno,1
pathout,UNRESOLVED_ROOT::PathOut_Residual_Generated::Nasalmucor,1
pathout,UNRESOLVED_ROOT::PathOut_Residual_Generated::Nasalsalivaryglandanlage,1
pathout,UNRESOLVED_ROOT::PathOut_Residual_Generated::Nasalscc,1
pathout,UNRESOLVED_ROOT::PathOut_Residual_Generated::Nasalsmallcell,1
pathout,UNRESOLVED_ROOT::PathOut_Residual_Generated::Oralcavityadenoidcystic,1
pathout,UNRESOLVED_ROOT::PathOut_Residual_Generated::Oralcavityburkitt,1
pathout,UNRESOLVED_ROOT::PathOut_Residual_Generated::Oralcavitycaliberpersistentartery,1
pathout,UNRESOLVED_ROOT::PathOut_Residual_Generated::Oralcavityduplicationcyst,1
pathout,UNRESOLVED_ROOT::PathOut_Residual_Generated::Oralcavitydysplasia,1
pathout,UNRESOLVED_ROOT::PathOut_Residual_Generated::Oralcavityepulis,1
pathout,UNRESOLVED_ROOT::PathOut_Residual_Generated::Oralcavityfeaturestoreport,1
pathout,UNRESOLVED_ROOT::PathOut_Residual_Generated::Oralcavityfordyce,1
pathout,UNRESOLVED_ROOT::PathOut_Residual_Generated::Oralcavityglossitis,1
pathout,UNRESOLVED_ROOT::Pathology_Informatics::Concept::Classification::Artificial_Intelligence,1
pathout,UNRESOLVED_ROOT::Pathology_Informatics::Concept::Classification::Cognition_And_Human_Computer_Interaction_In_Pathology,1
pathout,UNRESOLVED_ROOT::Pathology_Informatics::Concept::Classification::Computational_Pathology_Fundamentals_And_Applications,1
pathout,UNRESOLVED_ROOT::Pathology_Informatics::Concept::Classification::Computer_Aided_Diagnosis,1
pathout,UNRESOLVED_ROOT::Pathology_Informatics::Concept::Classification::Cybersecurity,1
pathout,UNRESOLVED_ROOT::Pathology_Informatics::Concept::Classification::Data_Repositories,1
pathout,UNRESOLVED_ROOT::Pathology_Informatics::Concept::Classification::Data_Representation_And_Communication_Standards,1
pathout,UNRESOLVED_ROOT::Pathology_Informatics::Concept::Classification::Database_Fundamentals,1
pathout,UNRESOLVED_ROOT::Pathology_Informatics::Concept::Classification::Digital_Imaging_Fundamentals_And_Standards,1
pathout,UNRESOLVED_ROOT::Pathology_Informatics::Concept::Classification::Digitization_And_Precision_Oncology,1
pathout,UNRESOLVED_ROOT::Pathology_Informatics::Concept::Classification::Foundation_AI_Models,1
pathout,UNRESOLVED_ROOT::Pathology_Informatics::Concept::Classification::Image_Analysis_Fundamentals,1
pathout,UNRESOLVED_ROOT::Pathology_Informatics::Concept::Classification::Middleware,1
pathout,UNRESOLVED_ROOT::Pathology_Informatics::Concept::Classification::Natural_Language_Processing_NLP,1
pathout,UNRESOLVED_ROOT::Pathology_Informatics::Concept::Classification::Spectral_Imaging,1
pathout,UNRESOLVED_ROOT::Pathology_Informatics::Concept::Classification::Teledermatopathology,1
pathout,UNRESOLVED_ROOT::Pathology_Informatics::Concept::Classification::Wsi_Applications,1
pathout,UNRESOLVED_ROOT::Pathology_Informatics::Concept::IHC_Markers::Fluorescent_Microscopy_Fundamentals_And_Applications,1
pathout,UNRESOLVED_ROOT::Pathology_Informatics::Concept::IHC_Markers::Multiplex_Immunofluorescence,1
pathout,UNRESOLVED_ROOT::Pathology_Informatics::Concept::IHC_Markers::Virtual_Staining,1
pathout,UNRESOLVED_ROOT::Pathology_Informatics::Concept::Laboratory_Operations::Autoverification_In_The_Core_Clinical_Laboratory,1
pathout,UNRESOLVED_ROOT::Pathology_Informatics::Concept::Laboratory_Operations::Barcoding_And_Tracking,1
pathout,UNRESOLVED_ROOT::Pathology_Informatics::Concept::Laboratory_Operations::Education,1
pathout,UNRESOLVED_ROOT::Pathology_Informatics::Concept::Laboratory_Operations::Quality_Control,1
pathout,UNRESOLVED_ROOT::Pathology_Informatics::Concept::Molecular_Genetics::Augmented_Reality_Microscopy_ARM,1
pathout,UNRESOLVED_ROOT::Pathology_Informatics::Concept::Molecular_Genetics::Computational_Methods_For_Molecular_Pathology,1
pathout,UNRESOLVED_ROOT::Pathology_Informatics::Concept::Molecular_Genetics::LIS_Additional_Features,1
pathout,UNRESOLVED_ROOT::Pathology_Informatics::Concept::Other::Hematopathology,1
pathout,UNRESOLVED_ROOT::Pathology_Informatics::Concept::Procedure_Specimen::Intraoperative_Consultation_Telepathology,1
pathout,UNRESOLVED_ROOT::Pathology_Informatics::Concept::Procedure_Specimen::Surgical_Pathology,1
pathout,UNRESOLVED_ROOT::Pathology_Informatics::Depositional_Metabolic::LIS_Fundamentals,1
pathout,UNRESOLVED_ROOT::Pathology_Informatics::Neoplastic::Convolutional_Neural_Networks,1
pathout,UNRESOLVED_ROOT::Pathology_Informatics::Neoplastic::Image_Analysis_Applications,1
pathout,UNRESOLVED_ROOT::Pathology_Informatics::Neoplastic::Malignant::Computer_Aided_Detection,1
pathout,UNRESOLVED_ROOT::Pathology_Informatics::Neoplastic::Malignant::Wsi_Fundamentals,1
pathout,UNRESOLVED_ROOT::Pathology_Informatics::Neoplastic::Telecytology,1
pathout,UNRESOLVED_ROOT::Pathology_Informatics::Neoplastic::Wsi_Commercial_Platforms,1
pathout,UNRESOLVED_ROOT::Pathology_Informatics::Neoplastic::Wsi_Implementation,1
pathout,UNRESOLVED_ROOT::Pleura::Concept::Classification::Nodular_Histiocytic_Hyperplasia,1
pathout,UNRESOLVED_ROOT::Pleura::Concept::Molecular_Genetics::Pleural_Effusion,1
pathout,UNRESOLVED_ROOT::Pleura::Concept::Reporting_Grossing::Anatomy_History_Grossing_And_Features_To_Report,1
pathout,UNRESOLVED_ROOT::Pleura::Concept::Staging::Staging,1
pathout,UNRESOLVED_ROOT::Pleura::Congenital_Structural::Endosalpingiosis_Peritoneum,1
pathout,UNRESOLVED_ROOT::Pleura::Congenital_Structural::Peritoneal_Inclusion_Cyst_Peritoneum,1
pathout,UNRESOLVED_ROOT::Pleura::Inflammatory::Mesothelial_Hyperplasia_Peritoneum,1
pathout,UNRESOLVED_ROOT::Pleura::Inflammatory::Pleuritis_With_Pleural_Effusion,1
pathout,UNRESOLVED_ROOT::Pleura::Inflammatory::Reactive_Pleuritis_With_Mesothelial_Hyperplasia,1
pathout,UNRESOLVED_ROOT::Pleura::Neoplastic::Benign::Benign_Mesothelial_Proliferations_Pleura,1
pathout,UNRESOLVED_ROOT::Pleura::Neoplastic::Malignant::Metastases,1
pathout,UNRESOLVED_ROOT::Pleura::Neoplastic::Malignant::Pneumothorax,1
pathout,UNRESOLVED_ROOT::Salivary_Gland::Neoplastic::Benign::Ductal_Papilloma,1
pathout,UNRESOLVED_ROOT::Skeletal_Muscle::Concept::Classification::Duchenne_And_Becker_Muscular_Dystrophy,1
pathout,UNRESOLVED_ROOT::Skeletal_Muscle::Concept::Classification::Multiminicore_Myopathy,1
pathout,UNRESOLVED_ROOT::Skeletal_Muscle::Concept::Laboratory_Operations::Immune_Mediated_Necrotizing_Myopathy,1
pathout,UNRESOLVED_ROOT::Skeletal_Muscle::Concept::Molecular_Genetics::Myotonic_Dystrophy,1
pathout,UNRESOLVED_ROOT::Skeletal_Muscle::Congenital_Structural::Central_Core_Disease,1
pathout,UNRESOLVED_ROOT::Skeletal_Muscle::Depositional_Metabolic::Glycogen_Storage_Diseases,1
pathout,UNRESOLVED_ROOT::Skeletal_Muscle::Depositional_Metabolic::Neurogenic_Atrophy,1
pathout,UNRESOLVED_ROOT::Skeletal_Muscle::Inflammatory::Antisynthetase_Syndrome_Associated_Myositis,1
pathout,UNRESOLVED_ROOT::Skeletal_Muscle::Inflammatory::Dermatomyositis,1
pathout,UNRESOLVED_ROOT::Skeletal_Muscle::Inflammatory::Eosinophilic_Myofasciitis,1
pathout,UNRESOLVED_ROOT::Skeletal_Muscle::Inflammatory::Inclusion_Body_Myositis,1
pathout,UNRESOLVED_ROOT::Skeletal_Muscle::Inflammatory::Macrophagic_Myofasciitis,1
pathout,UNRESOLVED_ROOT::Skeletal_Muscle::Inflammatory::Polymyositis,1
pathout,UNRESOLVED_ROOT::Skeletal_Muscle::Neoplastic::Malignant::Facioscapulohumeral_Muscular_Dystrophy,1
pathout,UNRESOLVED_ROOT::Skeletal_Muscle::Neoplastic::Oculopharyngeal_Muscular_Dystrophy,1
pathout,UNRESOLVED_ROOT::Skeletal_Muscle::Normal_Histology::Histology_Skeletal_Muscle,1
pathout,UNRESOLVED_ROOT::Skeletal_Muscle::Normal_Histology::Nemaline_Myopathy,1
pathout,UNRESOLVED_ROOT::Syndromes::Concept::Classification::Prune_Belly_Syndrome,1
pathout,UNRESOLVED_ROOT::Syndromes::Concept::Other::Vacterl_Association,1
pathout,UNRESOLVED_ROOT::Syndromes::Congenital_Structural::Arnold_Chiari_Malformation,1
pathout,UNRESOLVED_ROOT::Syndromes::Congenital_Structural::Dandy_Walker_Malformation,1
pathout,UNRESOLVED_ROOT::Syndromes::Congenital_Structural::Meckel_Gruber_Syndrome,1
pathout,UNRESOLVED_ROOT::Transfusion_Medicine::Concept::Classification::Adsorption_Studies,1
pathout,UNRESOLVED_ROOT::Transfusion_Medicine::Concept::Classification::Asfa_Guidelines_Overview,1
pathout,UNRESOLVED_ROOT::Transfusion_Medicine::Concept::Classification::Cold_Stored_Platelets,1
pathout,UNRESOLVED_ROOT::Transfusion_Medicine::Concept::Classification::Coombs_Test_DAT,1
pathout,UNRESOLVED_ROOT::Transfusion_Medicine::Concept::Classification::Equity,1
pathout,UNRESOLVED_ROOT::Transfusion_Medicine::Concept::Classification::Hemolytic_Disease_Of_The_Fetus_And_Newborn,1
pathout,UNRESOLVED_ROOT::Transfusion_Medicine::Concept::Classification::Plateletpheresis,1
pathout,UNRESOLVED_ROOT::Transfusion_Medicine::Concept::Classification::Tissue_Banking,1
pathout,UNRESOLVED_ROOT::Transfusion_Medicine::Concept::Grading::Therapeutic_Plasma_Exchange_TPE,1
pathout,UNRESOLVED_ROOT::Transfusion_Medicine::Concept::Laboratory_Operations::Automation,1
pathout,UNRESOLVED_ROOT::Transfusion_Medicine::Concept::Laboratory_Operations::Biological_Product_Deviation,1
pathout,UNRESOLVED_ROOT::Transfusion_Medicine::Concept::Management_Workup::Car_T_Cell_Therapy,1
pathout,UNRESOLVED_ROOT::Transfusion_Medicine::Concept::Management_Workup::Cellular_Therapy_Reactions,1
pathout,UNRESOLVED_ROOT::Transfusion_Medicine::Concept::Management_Workup::Donor_Eligibility,1
pathout,UNRESOLVED_ROOT::Transfusion_Medicine::Concept::Management_Workup::Enzyme_Treatment,1
pathout,UNRESOLVED_ROOT::Transfusion_Medicine::Concept::Management_Workup::Ethics,1
pathout,UNRESOLVED_ROOT::Transfusion_Medicine::Concept::Management_Workup::Irradiation,1
pathout,UNRESOLVED_ROOT::Transfusion_Medicine::Concept::Management_Workup::Ldl_Apheresis,1
pathout,UNRESOLVED_ROOT::Transfusion_Medicine::Concept::Management_Workup::Monoclonal_Antibody_Therapy,1
pathout,UNRESOLVED_ROOT::Transfusion_Medicine::Concept::Management_Workup::Patient_Blood_Management,1
pathout,UNRESOLVED_ROOT::Transfusion_Medicine::Concept::Management_Workup::Red_Blood_Cell_Alloimmunization,1
pathout,UNRESOLVED_ROOT::Transfusion_Medicine::Concept::Molecular_Genetics::Blood_Alternatives,1
pathout,UNRESOLVED_ROOT::Transfusion_Medicine::Concept::Molecular_Genetics::Delayed_Hemolytic_And_Serologic_Reactions,1
pathout,UNRESOLVED_ROOT::Transfusion_Medicine::Concept::Molecular_Genetics::Fetal_Neonatal_Alloimmune_Thrombocytopenia,1
pathout,UNRESOLVED_ROOT::Transfusion_Medicine::Concept::Molecular_Genetics::Iron_Overload,1
pathout,UNRESOLVED_ROOT::Transfusion_Medicine::Concept::Molecular_Genetics::Massive_Transfusion,1
pathout,UNRESOLVED_ROOT::Transfusion_Medicine::Concept::Molecular_Genetics::Platelet_Refractoriness,1
pathout,UNRESOLVED_ROOT::Transfusion_Medicine::Concept::Molecular_Genetics::Sickle_Cell_Disease,1
pathout,UNRESOLVED_ROOT::Transfusion_Medicine::Concept::Molecular_Genetics::Transfusion_Associated_Circulatory_Overload,1
pathout,UNRESOLVED_ROOT::Transfusion_Medicine::Concept::Molecular_Genetics::Transfusion_Associated_Graft_Versus_Host_Disease,1
pathout,UNRESOLVED_ROOT::Transfusion_Medicine::Concept::Molecular_Genetics::Variant_Creutzfeldt_Jakob,1
pathout,UNRESOLVED_ROOT::Transfusion_Medicine::Concept::Molecular_Genetics::Washing_And_Volume_Reduction,1
pathout,UNRESOLVED_ROOT::Transfusion_Medicine::Concept::Other::Kell_System,1
pathout,UNRESOLVED_ROOT::Transfusion_Medicine::Concept::Other::Kidd_System,1
pathout,UNRESOLVED_ROOT::Transfusion_Medicine::Concept::Other::Photopheresis,1
pathout,UNRESOLVED_ROOT::Transfusion_Medicine::Concept::Procedure_Specimen::Hypotension,1
pathout,UNRESOLVED_ROOT::Transfusion_Medicine::Concept::Procedure_Specimen::Stem_Cell_Collection,1
pathout,UNRESOLVED_ROOT::Transfusion_Medicine::Congenital_Structural::Allergic_Anaphylactic,1
pathout,UNRESOLVED_ROOT::Transfusion_Medicine::Congenital_Structural::Red_Blood_Cell_Genotyping,1
pathout,UNRESOLVED_ROOT::Transfusion_Medicine::Depositional_Metabolic::Cryoprecipitate_Use,1
pathout,UNRESOLVED_ROOT::Transfusion_Medicine::Depositional_Metabolic::Shelf_Lives_Of_Products,1
pathout,UNRESOLVED_ROOT::Transfusion_Medicine::Depositional_Metabolic::Transfusion_Related_Acute_Lung_Injury,1
pathout,UNRESOLVED_ROOT::Transfusion_Medicine::Infectious::Covid_19_Convalescent_Plasma,1
pathout,UNRESOLVED_ROOT::Transfusion_Medicine::Infectious::Hemovigilance,1
pathout,UNRESOLVED_ROOT::Transfusion_Medicine::Infectious::Ii_System,1
pathout,UNRESOLVED_ROOT::Transfusion_Medicine::Infectious::Lookbacks,1
pathout,UNRESOLVED_ROOT::Transfusion_Medicine::Infectious::Mns_System,1
pathout,UNRESOLVED_ROOT::Transfusion_Medicine::Infectious::Parasites,1
pathout,UNRESOLVED_ROOT::Transfusion_Medicine::Infectious::Pathogen_Inactivation,1
pathout,UNRESOLVED_ROOT::Transfusion_Medicine::Infectious::Platelet_Use,1
pathout,UNRESOLVED_ROOT::Transfusion_Medicine::Infectious::Red_Blood_Cell_Use,1
pathout,UNRESOLVED_ROOT::Transfusion_Medicine::Infectious::Zika_Virus,1
pathout,UNRESOLVED_ROOT::Transfusion_Medicine::Inflammatory::Cold_Autoantibody_Testing,1
pathout,UNRESOLVED_ROOT::Transfusion_Medicine::Inflammatory::DAT_Negative_Autoimmune_Hemolytic_Anemia,1
pathout,UNRESOLVED_ROOT::Transfusion_Medicine::Neoplastic::Malignant::Donor_Reactions,1
pathout,_UNMAPPED_,1
textbooks,BST::Bone::Chondrogenic::Benign::Bizarre_Parosteal_Osteochondromatous_Proliferation,55
textbooks,BST::Bone::Chondrogenic::Benign::Chondroblastoma,248
textbooks,BST::Bone::Chondrogenic::Benign::Chondromyxoid_Fibroma,234
textbooks,BST::Bone::Chondrogenic::Benign::Enchondroma,294
textbooks,BST::Bone::Chondrogenic::Benign::Osteochondroma,193
textbooks,BST::Bone::Chondrogenic::Benign::Osteochondromyxoma,1
textbooks,BST::Bone::Chondrogenic::Benign::Periosteal_Chondroma,84
textbooks,BST::Bone::Chondrogenic::Benign::Subungual_Exostosis,41
textbooks,BST::Bone::Chondrogenic::Benign::Synovial_Chondromatosis,150
textbooks,BST::Bone::Chondrogenic::Intermediate::Atypical_Cartilaginous_Tumor,27
textbooks,BST::Bone::Chondrogenic::Malignant::Chondrosarcoma_Clear_Cell,70
textbooks,BST::Bone::Chondrogenic::Malignant::Chondrosarcoma_Dedifferentiated,122
textbooks,BST::Bone::Chondrogenic::Malignant::Chondrosarcoma_Grade_1,98
textbooks,BST::Bone::Chondrogenic::Malignant::Chondrosarcoma_Grade_2_3,170
textbooks,BST::Bone::Chondrogenic::Malignant::Chondrosarcoma_Mesenchymal,169
textbooks,BST::Bone::Chondrogenic::Malignant::Chondrosarcoma_Periosteal,86
textbooks,BST::Bone::Congenital_Structural::Cyst::Aneurysmal_Bone_Cyst,299
textbooks,BST::Bone::Congenital_Structural::Cyst::Epidermoid_Inclusion_Cyst,62
textbooks,BST::Bone::Congenital_Structural::Cyst::Intraosseous_Ganglion,32
textbooks,BST::Bone::Congenital_Structural::Cyst::Simple_Bone_Cyst,113
textbooks,BST::Bone::Congenital_Structural::Malformation::Melorheostosis,28
textbooks,BST::Bone::Congenital_Structural::Mechanical::Pathology_Of_Intervertebral_Discs_And_Menisci,1
textbooks,BST::Bone::Depositional_Metabolic::Deposition::Crystal_Deposition_Diseases,28
textbooks,BST::Bone::Depositional_Metabolic::Metabolic::Brown_Tumor,36
textbooks,BST::Bone::Depositional_Metabolic::Metabolic::Common_Metabolic_Bone_Disorders,63
textbooks,BST::Bone::Depositional_Metabolic::Storage_Disease::Gaucher_Disease,9
textbooks,BST::Bone::Fibrogenic::Benign::Benign_Fibrous_Histiocytoma_Bone,98
textbooks,BST::Bone::Fibrogenic::Benign::Desmoplastic_Fibroma,85
textbooks,BST::Bone::Fibrogenic::Benign::Non_Ossifying_Fibroma,210
textbooks,BST::Bone::Fibrogenic::Malignant::Fibrosarcoma_Of_Bone,83
textbooks,BST::Bone::Giant_Cell::Benign::Aneurysmal_Bone_Cyst,454
textbooks,BST::Bone::Giant_Cell::Benign::Giant_Cell_Reparative_Granuloma,413
textbooks,BST::Bone::Giant_Cell::Intermediate::Giant_Cell_Tumor_Of_Bone,426
textbooks,BST::Bone::Giant_Cell::Malignant::Malignant_Giant_Cell_Tumor_Of_Bone,376
textbooks,BST::Bone::Hematolymphoid::Intermediate::Erdheim_Chester_Disease,29
textbooks,BST::Bone::Hematolymphoid::Intermediate::Langerhans_Cell_Histiocytosis,187
textbooks,BST::Bone::Hematolymphoid::Intermediate::Rosai_Dorfman_Disease,23
textbooks,BST::Bone::Hematolymphoid::Malignant::Plasma_Cell_Myeloma,235
textbooks,BST::Bone::Hematolymphoid::Malignant::Primary_Bone_Lymphoma,63
textbooks,BST::Bone::Hematolymphoid::Malignant::Solitary_Plasmacytoma,34
textbooks,BST::Bone::Normal_Histology::Growth_And_Development,249
textbooks,BST::Bone::Normal_Histology::Radiologic_Approach_To_Bone_Tumors,308
textbooks,BST::Bone::Notochordal::Benign::Benign_Notochordal_Cell_Tumor,6
textbooks,BST::Bone::Notochordal::Malignant::Chordoma_Conventional,115
textbooks,BST::Bone::Notochordal::Malignant::Chordoma_Dedifferentiated,41
textbooks,BST::Bone::Notochordal::Malignant::Chordoma_Poorly_Differentiated,38
textbooks,BST::Bone::Osteogenic::Benign::Bone_Island_Enostosis,19
textbooks,BST::Bone::Osteogenic::Benign::Osteoblastoma,152
textbooks,BST::Bone::Osteogenic::Benign::Osteoid_Osteoma,318
textbooks,BST::Bone::Osteogenic::Benign::Osteoma,211
textbooks,BST::Bone::Osteogenic::Malignant::Osteosarcoma_Conventional,405
textbooks,BST::Bone::Osteogenic::Malignant::Osteosarcoma_High_Grade_Surface,229
textbooks,BST::Bone::Osteogenic::Malignant::Osteosarcoma_Low_Grade_Central,212
textbooks,BST::Bone::Osteogenic::Malignant::Osteosarcoma_Parosteal,238
textbooks,BST::Bone::Osteogenic::Malignant::Osteosarcoma_Periosteal,209
textbooks,BST::Bone::Osteogenic::Malignant::Osteosarcoma_Secondary,146
textbooks,BST::Bone::Osteogenic::Malignant::Osteosarcoma_Small_Cell,159
textbooks,BST::Bone::Osteogenic::Malignant::Osteosarcoma_Telangiectatic,158
textbooks,BST::Bone::Other::Benign::Chondromesenchymal_Hamartoma,11
textbooks,BST::Bone::Other::Benign::Fibrous_Dysplasia,361
textbooks,BST::Bone::Other::Benign::Lipoma_Of_Bone,35
textbooks,BST::Bone::Other::Benign::Osteofibrous_Dysplasia,238
textbooks,BST::Bone::Other::Benign::Simple_Bone_Cyst,48
textbooks,BST::Bone::Other::Intermediate::Adamantinoma_Classic,119
textbooks,BST::Bone::Other::Malignant::Ewing_Sarcoma,320
textbooks,BST::Bone::Other::Malignant::Leiomyosarcoma_Of_Bone,40
textbooks,BST::Bone::Other::Malignant::Metastatic_Carcinoma_Bone,407
textbooks,BST::Bone::Other::Malignant::Undifferentiated_Pleomorphic_Sarcoma_Bone,45
textbooks,BST::Bone::Reactive::Infectious::Osteomyelitis_Acute,19
textbooks,BST::Bone::Reactive::Infectious::Osteomyelitis_Chronic,47
textbooks,BST::Bone::Reactive::Inflammatory::Massive_Osteolysis_Gorham_Disease,21
textbooks,BST::Bone::Reactive::Joint::CPPD_Pseudogout,97
textbooks,BST::Bone::Reactive::Joint::Gout,23
textbooks,BST::Bone::Reactive::Joint::Osteoarthritis,25
textbooks,BST::Bone::Reactive::Joint::Rheumatoid_Arthritis,22
textbooks,BST::Bone::Reactive::Metabolic::Osteopetrosis,36
textbooks,BST::Bone::Reactive::Metabolic::Osteoporosis,30
textbooks,BST::Bone::Reactive::Metabolic::Paget_Disease,97
textbooks,BST::Bone::Reactive::Metabolic::Rickets_Osteomalacia,55
textbooks,BST::Bone::Reactive::Structural::Fracture_Callus,82
textbooks,BST::Bone::Reactive::Structural::Osteonecrosis_Avascular_Necrosis,39
textbooks,BST::Bone::Vascular::Benign::Hemangioma_Of_Bone,96
textbooks,BST::Bone::Vascular::Intermediate::Epithelioid_Hemangioma_Bone,76
textbooks,BST::Bone::Vascular::Malignant::Angiosarcoma_Of_Bone,75
textbooks,BST::Bone::Vascular::Malignant::Epithelioid_Hemangioendothelioma_Bone,204
textbooks,BST::Soft_Tissue::Adipocytic::Benign::Angiolipoma,1
textbooks,BST::Soft_Tissue::Adipocytic::Benign::Lipoma_Chondroid,4
textbooks,BST::Soft_Tissue::Adipocytic::Benign::Synovial_Lipomatosis,23
textbooks,BST::Soft_Tissue::Adipocytic::Intermediate::Atypical_Lipomatous_Tumor_Well_Differentiated_Liposarcoma,9
textbooks,BST::Soft_Tissue::Adipocytic::Intermediate::Atypical_Spindle_Cell_Pleomorphic_Lipomatous_Tumor,9
textbooks,BST::Soft_Tissue::Adipocytic::Intermediate::Hemosiderotic_Fibrolipomatous_Tumor,1
textbooks,BST::Soft_Tissue::Adipocytic::Malignant::Dedifferentiated_Liposarcoma,6
textbooks,BST::Soft_Tissue::Adipocytic::Malignant::Myxoid_Liposarcoma,3
textbooks,BST::Soft_Tissue::Adipocytic::Malignant::Pleomorphic_Liposarcoma,1
textbooks,BST::Soft_Tissue::Congenital_Structural::Cyst::Aneurysmal_Bone_Cyst_Of_Soft_Tissue,60
textbooks,BST::Soft_Tissue::Congenital_Structural::Cyst::Ganglion_Cyst,68
textbooks,BST::Soft_Tissue::Congenital_Structural::Cyst::Peritoneal_Inclusion_Cyst,59
textbooks,BST::Soft_Tissue::Congenital_Structural::Cyst::Synovial_Cyst,82
textbooks,BST::Soft_Tissue::Congenital_Structural::Hamartoma::Ectopic_Meningioma_And_Meningothelial_Hamartoma,10
textbooks,BST::Soft_Tissue::Congenital_Structural::Hamartoma::Fibrous_Hamartoma_Of_Infancy,54
textbooks,BST::Soft_Tissue::Congenital_Structural::Hamartoma::Glial_Heterotopia,10
textbooks,BST::Soft_Tissue::Congenital_Structural::Hamartoma::Neuromuscular_Choristoma,10
textbooks,BST::Soft_Tissue::Congenital_Structural::Hamartoma::Smooth_Muscle_Hamartoma,12
textbooks,BST::Soft_Tissue::Congenital_Structural::Malformation::Arteriovenous_Malformation,6
textbooks,BST::Soft_Tissue::Depositional_Metabolic::Deposition::Amyloidoma,6
textbooks,BST::Soft_Tissue::Depositional_Metabolic::Deposition::Crystal_Storing_Histiocytosis,6
textbooks,BST::Soft_Tissue::Depositional_Metabolic::Deposition::Tumoral_Calcinosis,13
textbooks,BST::Soft_Tissue::Depositional_Metabolic::Deposition::Xanthomas,17
textbooks,BST::Soft_Tissue::Depositional_Metabolic::Inflammatory::Rheumatoid_Nodule,12
textbooks,BST::Soft_Tissue::Fibroblastic::Benign::Calcifying_Aponeurotic_Fibroma,37
textbooks,BST::Soft_Tissue::Fibroblastic::Benign::Calcifying_Fibrous_Tumor,46
textbooks,BST::Soft_Tissue::Fibroblastic::Benign::Cellular_Angiofibroma,1
textbooks,BST::Soft_Tissue::Fibroblastic::Benign::Desmoplastic_Fibroblastoma,5
textbooks,BST::Soft_Tissue::Fibroblastic::Benign::Fibroma_Of_Tendon_Sheath,39
textbooks,BST::Soft_Tissue::Fibroblastic::Benign::Gardner_Fibroma,38
textbooks,BST::Soft_Tissue::Fibroblastic::Benign::Inclusion_Body_Fibromatosis,1
textbooks,BST::Soft_Tissue::Fibroblastic::Benign::Nodular_Fasciitis,12
textbooks,BST::Soft_Tissue::Fibroblastic::Benign::Nuchal_Type_Fibroma,38
textbooks,BST::Soft_Tissue::Fibroblastic::Benign::Pleomorphic_Fibroma,38
textbooks,BST::Soft_Tissue::Fibroblastic::Benign::Sclerotic_Fibroma,42
textbooks,BST::Soft_Tissue::Fibroblastic::Intermediate::Dermatofibrosarcoma_Protuberans_Conventional,1
textbooks,BST::Soft_Tissue::Fibroblastic::Intermediate::Desmoid_Type_Fibromatosis,6
textbooks,BST::Soft_Tissue::Fibroblastic::Intermediate::EWSR1_SMAD3_Fibroblastic_Tumor,7
textbooks,BST::Soft_Tissue::Fibroblastic::Intermediate::Giant_Cell_Fibroblastoma,4
textbooks,BST::Soft_Tissue::Fibroblastic::Intermediate::Infantile_Fibrosarcoma,23
textbooks,BST::Soft_Tissue::Fibroblastic::Intermediate::Inflammatory_Myofibroblastic_Tumor,5
textbooks,BST::Soft_Tissue::Fibroblastic::Intermediate::Low_Grade_Myofibroblastic_Sarcoma,53
textbooks,BST::Soft_Tissue::Fibroblastic::Intermediate::Myxoinflammatory_Fibroblastic_Sarcoma,26
textbooks,BST::Soft_Tissue::Fibroblastic::Intermediate::Solitary_Fibrous_Tumor,69
textbooks,BST::Soft_Tissue::Fibroblastic::Intermediate::Superficial_CD34_Positive_Fibroblastic_Tumor,7
textbooks,BST::Soft_Tissue::Fibroblastic::Malignant::Adult_Fibrosarcoma,14
textbooks,BST::Soft_Tissue::Fibroblastic::Malignant::Epithelioid_Inflammatory_Myofibroblastic_Sarcoma,30
textbooks,BST::Soft_Tissue::Fibroblastic::Malignant::Low_Grade_Fibromyxoid_Sarcoma,49
textbooks,BST::Soft_Tissue::Fibroblastic::Malignant::Myxofibrosarcoma,3
textbooks,BST::Soft_Tissue::Fibroblastic::Malignant::Sclerosing_Epithelioid_Fibrosarcoma,13
textbooks,BST::Soft_Tissue::Fibroblastic::Malignant::Solitary_Fibrous_Tumor_Malignant,52
textbooks,BST::Soft_Tissue::Fibrohistiocytic::Benign::Deep_Benign_Fibrous_Histiocytoma,52
textbooks,BST::Soft_Tissue::Fibrohistiocytic::Benign::Dermatofibroma_Fibrous_Histiocytoma,51
textbooks,BST::Soft_Tissue::Fibrohistiocytic::Benign::Epithelioid_Fibrous_Histiocytoma,55
textbooks,BST::Soft_Tissue::Fibrohistiocytic::Benign::Plexiform_Fibrohistiocytic_Tumor,3
textbooks,BST::Soft_Tissue::Fibrohistiocytic::Benign::Reticulohistiocytoma,1
textbooks,BST::Soft_Tissue::Fibrohistiocytic::Benign::Solitary_Juvenile_Xanthogranuloma,2
textbooks,BST::Soft_Tissue::Fibrohistiocytic::Benign::Tenosynovial_Giant_Cell_Tumor_Localized,18
textbooks,BST::Soft_Tissue::Fibrohistiocytic::Intermediate::Angiomatoid_Fibrous_Histiocytoma,64
textbooks,BST::Soft_Tissue::Fibrohistiocytic::Intermediate::Atypical_Fibroxanthoma,3
textbooks,BST::Soft_Tissue::Fibrohistiocytic::Intermediate::Giant_Cell_Tumor_Of_Soft_Tissue,3
textbooks,BST::Soft_Tissue::Fibrohistiocytic::Intermediate::Tenosynovial_Giant_Cell_Tumor_Diffuse,33
textbooks,BST::Soft_Tissue::Fibrohistiocytic::Malignant::Malignant_Tenosynovial_Giant_Cell_Tumor,17
textbooks,BST::Soft_Tissue::GIST_Visceral::Benign::Inflammatory_Fibroid_Polyp,3
textbooks,BST::Soft_Tissue::GIST_Visceral::Malignant::Malignant_Gastrointestinal_Neuroectodermal_Tumor,1
textbooks,BST::Soft_Tissue::Hematolymphoid::Benign::Extranodal_Rosai_Dorfman_Disease,9
textbooks,BST::Soft_Tissue::Hematolymphoid::Benign::Langerhans_Cell_Histiocytosis,64
textbooks,BST::Soft_Tissue::Hematolymphoid::Malignant::Follicular_Dendritic_Cell_Sarcoma,18
textbooks,BST::Soft_Tissue::Hematolymphoid::Malignant::Histiocytic_Sarcoma,19
textbooks,BST::Soft_Tissue::Hematolymphoid::Malignant::Interdigitating_Dendritic_Cell_Sarcoma,18
textbooks,BST::Soft_Tissue::Hematolymphoid::Malignant::Myeloid_Sarcoma,40
textbooks,BST::Soft_Tissue::Hematolymphoid::Malignant::Solitary_Extramedullary_Plasmacytoma,4
textbooks,BST::Soft_Tissue::Inflammatory::Acute_Chronic::Focal_Myositis,20
textbooks,BST::Soft_Tissue::Inflammatory::Acute_Chronic::Idiopathic_Tumefactive_Fibroinflammatory_Lesions,11
textbooks,BST::Soft_Tissue::Inflammatory::Acute_Chronic::Ischemic_Fasciitis,12
textbooks,BST::Soft_Tissue::Inflammatory::Acute_Chronic::Myositis_Ossificans,73
textbooks,BST::Soft_Tissue::Inflammatory::Acute_Chronic::Necrotizing_Fasciitis,12
textbooks,BST::Soft_Tissue::Inflammatory::Acute_Chronic::Proliferative_Fasciitis,13
textbooks,BST::Soft_Tissue::Inflammatory::Acute_Chronic::Proliferative_Myositis,22
textbooks,BST::Soft_Tissue::Inflammatory::Granulomatous::Deep_Granuloma_Annulare,9
textbooks,BST::Soft_Tissue::Nerve_Sheath::Benign::Benign_Triton_Tumor,34
textbooks,BST::Soft_Tissue::Nerve_Sheath::Benign::Dermal_Nerve_Sheath_Myxoma,40
textbooks,BST::Soft_Tissue::Nerve_Sheath::Benign::Ganglioneuroma,35
textbooks,BST::Soft_Tissue::Nerve_Sheath::Benign::Granular_Cell_Tumor,34
textbooks,BST::Soft_Tissue::Nerve_Sheath::Benign::Hybrid_Nerve_Sheath_Tumor,40
textbooks,BST::Soft_Tissue::Nerve_Sheath::Benign::Neurofibroma_Localized,39
textbooks,BST::Soft_Tissue::Nerve_Sheath::Benign::Neurofibroma_Plexiform,38
textbooks,BST::Soft_Tissue::Nerve_Sheath::Benign::Perineurioma_Soft_Tissue,34
textbooks,BST::Soft_Tissue::Nerve_Sheath::Benign::Schwannoma_Cellular,42
textbooks,BST::Soft_Tissue::Nerve_Sheath::Benign::Schwannoma_Conventional,41
textbooks,BST::Soft_Tissue::Nerve_Sheath::Benign::Schwannoma_Plexiform,41
textbooks,BST::Soft_Tissue::Nerve_Sheath::Benign::Solitary_Circumscribed_Neuroma,38
textbooks,BST::Soft_Tissue::Nerve_Sheath::Malignant::Epithelioid_MPNST,39
textbooks,BST::Soft_Tissue::Nerve_Sheath::Malignant::Malignant_Granular_Cell_Tumor,34
textbooks,BST::Soft_Tissue::Nerve_Sheath::Malignant::Malignant_Melanotic_Nerve_Sheath_Tumor,40
textbooks,BST::Soft_Tissue::Nerve_Sheath::Malignant::Malignant_Peripheral_Nerve_Sheath_Tumor_MPNST,43
textbooks,BST::Soft_Tissue::Nerve_Sheath::Malignant::Malignant_Triton_Tumor,34
textbooks,BST::Soft_Tissue::Neuroendocrine::Intermediate::Paraganglioma,6
textbooks,BST::Soft_Tissue::Neuroendocrine::Malignant::Melanotic_Neuroectodermal_Tumor_Of_Infancy,5
textbooks,BST::Soft_Tissue::Pericytic::Benign::Glomus_Tumor,18
textbooks,BST::Soft_Tissue::Pericytic::Benign::Myofibroma,14
textbooks,BST::Soft_Tissue::Skeletal_Muscle::Benign::Rhabdomyoma_Adult,22
textbooks,BST::Soft_Tissue::Skeletal_Muscle::Benign::Rhabdomyoma_Fetal,22
textbooks,BST::Soft_Tissue::Skeletal_Muscle::Benign::Rhabdomyoma_Genital,22
textbooks,BST::Soft_Tissue::Skeletal_Muscle::Intermediate::Inflammatory_Rhabdomyoblastic_Tumor,25
textbooks,BST::Soft_Tissue::Skeletal_Muscle::Malignant::Alveolar_Rhabdomyosarcoma,37
textbooks,BST::Soft_Tissue::Skeletal_Muscle::Malignant::Ectomesenchymoma,23
textbooks,BST::Soft_Tissue::Skeletal_Muscle::Malignant::Embryonal_Rhabdomyosarcoma,32
textbooks,BST::Soft_Tissue::Skeletal_Muscle::Malignant::Epithelioid_Rhabdomyosarcoma,32
textbooks,BST::Soft_Tissue::Skeletal_Muscle::Malignant::Pleomorphic_Rhabdomyosarcoma,31
textbooks,BST::Soft_Tissue::Skeletal_Muscle::Malignant::Spindle_Cell_Sclerosing_Rhabdomyosarcoma,32
textbooks,BST::Soft_Tissue::Smooth_Muscle::Benign::Cutaneous_Leiomyoma,38
textbooks,BST::Soft_Tissue::Smooth_Muscle::Benign::EBV_Associated_Smooth_Muscle_Tumor,47
textbooks,BST::Soft_Tissue::Smooth_Muscle::Benign::Leiomyoma_Deep_Soft_Tissue,38
textbooks,BST::Soft_Tissue::Smooth_Muscle::Malignant::Inflammatory_Leiomyosarcoma,45
textbooks,BST::Soft_Tissue::Smooth_Muscle::Malignant::Leiomyosarcoma,69
textbooks,BST::Soft_Tissue::Uncertain_Diff::Benign::Intramuscular_Myxoma,1
textbooks,BST::Soft_Tissue::Uncertain_Diff::Intermediate::Ossifying_Fibromyxoid_Tumor,13
textbooks,BST::Soft_Tissue::Uncertain_Diff::Intermediate::Phosphaturic_Mesenchymal_Tumor,24
textbooks,BST::Soft_Tissue::Uncertain_Diff::Intermediate::Pleomorphic_Hyalinizing_Angiectatic_Tumor,1
textbooks,BST::Soft_Tissue::Uncertain_Diff::Malignant::Alveolar_Soft_Part_Sarcoma,21
textbooks,BST::Soft_Tissue::Uncertain_Diff::Malignant::Clear_Cell_Sarcoma_Soft_Tissue,24
textbooks,BST::Soft_Tissue::Uncertain_Diff::Malignant::Desmoplastic_Small_Round_Cell_Tumor,24
textbooks,BST::Soft_Tissue::Uncertain_Diff::Malignant::Epithelioid_Sarcoma,33
textbooks,BST::Soft_Tissue::Uncertain_Diff::Malignant::Extraskeletal_Myxoid_Chondrosarcoma,46
textbooks,BST::Soft_Tissue::Uncertain_Diff::Malignant::GLI1_Altered_Epithelioid_Mesenchymal_Neoplasm,28
textbooks,BST::Soft_Tissue::Uncertain_Diff::Malignant::NTRK_Rearranged_Spindle_Cell_Neoplasm,1
textbooks,BST::Soft_Tissue::Uncertain_Diff::Malignant::Primary_Pulmonary_Myxoid_Sarcoma,26
textbooks,BST::Soft_Tissue::Uncertain_Diff::Malignant::Synovial_Sarcoma_Biphasic,25
textbooks,BST::Soft_Tissue::Uncertain_Diff::Malignant::Synovial_Sarcoma_Monophasic,25
textbooks,BST::Soft_Tissue::Uncertain_Diff::Malignant::Undifferentiated_Pleomorphic_Sarcoma,30
textbooks,BST::Soft_Tissue::Uncertain_Diff::Malignant::Undifferentiated_Round_Cell_Sarcoma_Ewing,49
textbooks,BST::Soft_Tissue::Uncertain_Diff::Malignant::Undifferentiated_Sarcoma_BCOR_Altered,19
textbooks,BST::Soft_Tissue::Uncertain_Diff::Malignant::Undifferentiated_Sarcoma_CIC_Rearranged,19
textbooks,BST::Soft_Tissue::Vascular::Benign::Acquired_Tufted_Angioma,10
textbooks,BST::Soft_Tissue::Vascular::Benign::Anastomosing_Hemangioma,16
textbooks,BST::Soft_Tissue::Vascular::Benign::Bacillary_Angiomatosis,13
textbooks,BST::Soft_Tissue::Vascular::Benign::Cavernous_Hemangioma,27
textbooks,BST::Soft_Tissue::Vascular::Benign::Congenital_Hemangioma,16
textbooks,BST::Soft_Tissue::Vascular::Benign::Glomeruloid_Hemangioma,17
textbooks,BST::Soft_Tissue::Vascular::Benign::Hemangioma_Arteriovenous,18
textbooks,BST::Soft_Tissue::Vascular::Benign::Hemangioma_Epithelioid,45
textbooks,BST::Soft_Tissue::Vascular::Benign::Hemangioma_Intramuscular,16
textbooks,BST::Soft_Tissue::Vascular::Benign::Hemangioma_Synovial,38
textbooks,BST::Soft_Tissue::Vascular::Benign::Hemangioma_Venous,18
textbooks,BST::Soft_Tissue::Vascular::Benign::Hobnail_Hemangioma,17
textbooks,BST::Soft_Tissue::Vascular::Benign::Infantile_Hemangioma,16
textbooks,BST::Soft_Tissue::Vascular::Benign::Lobular_Capillary_Hemangioma,19
textbooks,BST::Soft_Tissue::Vascular::Benign::Lymphangioma,24
textbooks,BST::Soft_Tissue::Vascular::Benign::Microvenular_Hemangioma,16
textbooks,BST::Soft_Tissue::Vascular::Benign::Papillary_Endothelial_Hyperplasia,20
textbooks,BST::Soft_Tissue::Vascular::Benign::Sinusoidal_Hemangioma,14
textbooks,BST::Soft_Tissue::Vascular::Benign::Spindle_Cell_Hemangioma,25
textbooks,BST::Soft_Tissue::Vascular::Intermediate::Composite_Hemangioendothelioma,18
textbooks,BST::Soft_Tissue::Vascular::Intermediate::Kaposi_Sarcoma,28
textbooks,BST::Soft_Tissue::Vascular::Intermediate::Kaposiform_Hemangioendothelioma,20
textbooks,BST::Soft_Tissue::Vascular::Intermediate::Papillary_Intralymphatic_Angioendothelioma,1
textbooks,BST::Soft_Tissue::Vascular::Intermediate::Pseudomyogenic_Hemangioendothelioma,24
textbooks,BST::Soft_Tissue::Vascular::Intermediate::Retiform_Hemangioendothelioma,13
textbooks,BST::Soft_Tissue::Vascular::Malignant::Angiosarcoma,63
textbooks,BST::Soft_Tissue::Vascular::Malignant::Epithelioid_Hemangioendothelioma,79
textbooks,BST::Soft_Tissue::Vascular::Malignant::Intimal_Sarcoma,3
textbooks,BST::Syndromes::Predisposition::General::Li_Fraumeni_Syndrome,16
textbooks,BST::Syndromes::Predisposition::General::Neurofibromatosis_Type_1,31
textbooks,BST::Syndromes::Predisposition::General::Rothmund_Thomson_Syndrome,22
textbooks,BST::Syndromes::Predisposition::General::Werner_Syndrome,8
textbooks,BST::Syndromes::Predisposition::Skeletal::Enchondromatosis_Ollier_Maffucci,38
textbooks,BST::Syndromes::Predisposition::Skeletal::McCune_Albright_Syndrome,10
textbooks,BST::Syndromes::Predisposition::Skeletal::Multiple_Osteochondromas,21
textbooks,Cyto_Bone::Benign::Aneurysmal_Bone_Cyst,6
textbooks,Cyto_Bone::Benign::Chondroblastoma,5
textbooks,Cyto_Bone::Benign::Chondromyxoid_Fibroma,2
textbooks,Cyto_Bone::Benign::Enchondroma,10
textbooks,Cyto_Bone::Benign::Fracture_Callus,4
textbooks,Cyto_Bone::Benign::Giant_Cell_Tumor_Bone,7
textbooks,Cyto_Bone::Benign::Langerhans_Cell_Histiocytosis_Eosinophilic_Granuloma,1
textbooks,Cyto_Bone::Benign::Non_Ossifying_Fibroma,5
textbooks,Cyto_Bone::Benign::Osteoblastoma,3
textbooks,Cyto_Bone::Malignant::Adamantinoma,1
textbooks,Cyto_Bone::Malignant::Adamantinoma_Like_Ewing_Sarcoma,2
textbooks,Cyto_Bone::Malignant::Chondrosarcoma_Clear_Cell,3
textbooks,Cyto_Bone::Malignant::Chondrosarcoma_Conventional,4
textbooks,Cyto_Bone::Malignant::Chondrosarcoma_Dedifferentiated,4
textbooks,Cyto_Bone::Malignant::Chondrosarcoma_Mesenchymal,4
textbooks,Cyto_Bone::Malignant::Chordoma,7
textbooks,Cyto_Bone::Malignant::Ewing_Sarcoma_Bone,2
textbooks,Cyto_Bone::Malignant::Metastatic_Carcinoma_To_Bone,4
textbooks,Cyto_Bone::Malignant::Osteosarcoma_Conventional,9
textbooks,Cyto_Bone::Malignant::Osteosarcoma_Low_Grade,11
textbooks,Cyto_Bone::Malignant::Osteosarcoma_Small_Cell,8
textbooks,Cyto_Bone::Malignant::Osteosarcoma_Telangiectatic,8
textbooks,Cyto_Bone::Malignant::Plasmacytoma_Myeloma,3
textbooks,Endo::Adrenal::Neoplastic::Neuroendocrine::Malignant::Neuroblastoma,3
textbooks,Endo::Adrenal::Neoplastic::Neuroendocrine::Malignant::Pheochromocytoma,1
textbooks,Endo::Syndromes::Other::McCune_Albright_Syndrome,1
textbooks,Endo::Thyroid::Neoplastic::Epithelial::Malignant::Anaplastic_Thyroid_Carcinoma,1
textbooks,Endo::Thyroid::Neoplastic::Mesenchymal::Benign::Peripheral_Nerve_Sheath_Tumor,1
textbooks,Endo::Thyroid::Neoplastic::Mesenchymal::Malignant::Angiosarcoma,3
textbooks,Endo::Thyroid::Neoplastic::Mesenchymal::Malignant::Leiomyosarcoma,1
textbooks,Heme::Acute_Leukemia_Of_Ambiguous_Lineage::ALAL_NOS,1
textbooks,Heme::Acute_Leukemia_Of_Ambiguous_Lineage::ALAL_With_Other_Defined_Genetic_Alterations,1
textbooks,Heme::Acute_Leukemia_Of_Ambiguous_Lineage::Acute_Undifferentiated_Leukemia,1
textbooks,Heme::Acute_Leukemia_Of_Ambiguous_Lineage::MPAL_B_Myeloid,1
textbooks,Heme::Acute_Leukemia_Of_Ambiguous_Lineage::MPAL_Rare_Types,1
textbooks,Heme::Acute_Leukemia_Of_Ambiguous_Lineage::MPAL_T_Myeloid,1
textbooks,Heme::Acute_Leukemia_Of_Ambiguous_Lineage::MPAL_With_BCR_ABL1_Fusion,1
textbooks,Heme::Acute_Leukemia_Of_Ambiguous_Lineage::MPAL_With_KMT2A_Rearrangement,1
textbooks,Heme::Acute_Myeloid_Leukemia::Differentiation_Defined::AML_With_Maturation,9
textbooks,Heme::Acute_Myeloid_Leukemia::Differentiation_Defined::AML_With_Minimal_Differentiation,9
textbooks,Heme::Acute_Myeloid_Leukemia::Differentiation_Defined::AML_Without_Maturation,9
textbooks,Heme::Acute_Myeloid_Leukemia::Differentiation_Defined::Acute_Basophilic_Leukemia,9
textbooks,Heme::Acute_Myeloid_Leukemia::Differentiation_Defined::Acute_Erythroid_Leukemia,9
textbooks,Heme::Acute_Myeloid_Leukemia::Differentiation_Defined::Acute_Megakaryoblastic_Leukemia,9
textbooks,Heme::Acute_Myeloid_Leukemia::Differentiation_Defined::Acute_Monoblastic_Monocytic_Leukemia,9
textbooks,Heme::Acute_Myeloid_Leukemia::Differentiation_Defined::Acute_Myelomonocytic_Leukemia,9
textbooks,Heme::Acute_Myeloid_Leukemia::Genetic_Defined::AML_Myelodysplasia_Related,9
textbooks,Heme::Acute_Myeloid_Leukemia::Genetic_Defined::AML_With_BCR_ABL1,9
textbooks,Heme::Acute_Myeloid_Leukemia::Genetic_Defined::AML_With_CBFB_MYH11,9
textbooks,Heme::Acute_Myeloid_Leukemia::Genetic_Defined::AML_With_CEBPA_Mutation,9
textbooks,Heme::Acute_Myeloid_Leukemia::Genetic_Defined::AML_With_DEK_NUP214,9
textbooks,Heme::Acute_Myeloid_Leukemia::Genetic_Defined::AML_With_KMT2A_Rearrangement,9
textbooks,Heme::Acute_Myeloid_Leukemia::Genetic_Defined::AML_With_MECOM_Rearrangement,9
textbooks,Heme::Acute_Myeloid_Leukemia::Genetic_Defined::AML_With_NPM1_Mutation,9
textbooks,Heme::Acute_Myeloid_Leukemia::Genetic_Defined::AML_With_NUP98_Rearrangement,9
textbooks,Heme::Acute_Myeloid_Leukemia::Genetic_Defined::AML_With_Other_Defined_Genetic_Alterations,9
textbooks,Heme::Acute_Myeloid_Leukemia::Genetic_Defined::AML_With_RBM15_MRTFA,9
textbooks,Heme::Acute_Myeloid_Leukemia::Genetic_Defined::AML_With_RUNX1_RUNX1T1,9
textbooks,Heme::Acute_Myeloid_Leukemia::Genetic_Defined::Acute_Promyelocytic_Leukemia_PML_RARA,9
textbooks,Heme::Genetics::Bloom_Syndrome,1
textbooks,Heme::Histiocytic_Dendritic_Cell::Langerhans::Langerhans_Cell_Histiocytosis,38
textbooks,Heme::Histiocytic_Dendritic_Cell::Langerhans::Langerhans_Cell_Sarcoma,4
textbooks,Heme::Histiocytic_Dendritic_Cell::Macrophage::ALK_Positive_Histiocytosis,1
textbooks,Heme::Histiocytic_Dendritic_Cell::Macrophage::Erdheim_Chester_Disease,22
textbooks,Heme::Histiocytic_Dendritic_Cell::Macrophage::Hemophagocytic_Lymphohistiocytosis_HLH,1
textbooks,Heme::Histiocytic_Dendritic_Cell::Macrophage::Histiocytic_Sarcoma,1
textbooks,Heme::Histiocytic_Dendritic_Cell::Macrophage::Juvenile_Xanthogranuloma,1
textbooks,Heme::Histiocytic_Dendritic_Cell::Macrophage::Prosthetic_Associated_Histiocyte_Proliferation,1
textbooks,Heme::Histiocytic_Dendritic_Cell::Macrophage::Rosai_Dorfman_Disease,10
textbooks,Heme::Histiocytic_Dendritic_Cell::Macrophage::Storage_Disease,1
textbooks,Heme::Histiocytic_Dendritic_Cell::Other_Dendritic::Indeterminate_Dendritic_Cell_Tumor,1
textbooks,Heme::Histiocytic_Dendritic_Cell::Other_Dendritic::Interdigitating_Dendritic_Cell_Sarcoma,1
textbooks,Heme::Histiocytic_Dendritic_Cell::Plasmacytoid::Blastic_Plasmacytoid_Dendritic_Cell_Neoplasm,1
textbooks,Heme::Histiocytic_Dendritic_Cell::Plasmacytoid::Mature_Plasmacytoid_Dendritic_Cell_Proliferation,1
textbooks,Heme::Hodgkin_Lymphoma::Classic_Hodgkin_Lymphoma,2
textbooks,Heme::Hodgkin_Lymphoma::Nodular_Lymphocyte_Predominant_Hodgkin_Lymphoma,2
textbooks,Heme::Mastocytosis::Cutaneous_Mastocytosis,5
textbooks,Heme::Mastocytosis::Mast_Cell_Sarcoma,1
textbooks,Heme::Mastocytosis::Systemic_Mastocytosis,8
textbooks,Heme::Mature_B_Cell::Burkitt::Burkitt_Lymphoma,2
textbooks,Heme::Mature_B_Cell::Follicular::Duodenal_Type_Follicular_Lymphoma,2
textbooks,Heme::Mature_B_Cell::Follicular::Follicular_Lymphoma,3
textbooks,Heme::Mature_B_Cell::Follicular::In_Situ_Follicular_B_Cell_Neoplasm,2
textbooks,Heme::Mature_B_Cell::Follicular::Pediatric_Type_Follicular_Lymphoma,2
textbooks,Heme::Mature_B_Cell::Follicular::Primary_Cutaneous_Follicle_Center_Lymphoma,2
textbooks,Heme::Mature_B_Cell::KSHV_HHV8_Associated::KSHV_HHV8_Positive_Diffuse_Large_B_Cell_Lymphoma,2
textbooks,Heme::Mature_B_Cell::KSHV_HHV8_Associated::KSHV_HHV8_Positive_Germinotropic_Lymphoproliferative_Disorder,2
textbooks,Heme::Mature_B_Cell::KSHV_HHV8_Associated::Primary_Effusion_Lymphoma,2
textbooks,Heme::Mature_B_Cell::Large_B_Cell::ALK_Positive_Large_B_Cell_Lymphoma,24
textbooks,Heme::Mature_B_Cell::Large_B_Cell::DLBCL_Associated_With_Chronic_Inflammation,24
textbooks,Heme::Mature_B_Cell::Large_B_Cell::DLBCL_High_Grade_With_MYC_And_BCL2_Rearrangements,24
textbooks,Heme::Mature_B_Cell::Large_B_Cell::Diffuse_Large_B_Cell_Lymphoma_NOS,24
textbooks,Heme::Mature_B_Cell::Large_B_Cell::EBV_Positive_Diffuse_Large_B_Cell_Lymphoma,24
textbooks,Heme::Mature_B_Cell::Large_B_Cell::Fibrin_Associated_Large_B_Cell_Lymphoma,24
textbooks,Heme::Mature_B_Cell::Large_B_Cell::Fluid_Overload_Associated_Large_B_Cell_Lymphoma,24
textbooks,Heme::Mature_B_Cell::Large_B_Cell::High_Grade_B_Cell_Lymphoma_NOS,24
textbooks,Heme::Mature_B_Cell::Large_B_Cell::High_Grade_B_Cell_Lymphoma_With_11q_Aberration,24
textbooks,Heme::Mature_B_Cell::Large_B_Cell::Intravascular_Large_B_Cell_Lymphoma,24
textbooks,Heme::Mature_B_Cell::Large_B_Cell::Large_B_Cell_Lymphoma_With_IRF4_Rearrangement,24
textbooks,Heme::Mature_B_Cell::Large_B_Cell::Lymphomatoid_Granulomatosis,24
textbooks,Heme::Mature_B_Cell::Large_B_Cell::Mediastinal_Grey_Zone_Lymphoma,24
textbooks,Heme::Mature_B_Cell::Large_B_Cell::Plasmablastic_Lymphoma,24
textbooks,Heme::Mature_B_Cell::Large_B_Cell::Primary_Cutaneous_Diffuse_Large_B_Cell_Lymphoma_Leg_Type,24
textbooks,Heme::Mature_B_Cell::Large_B_Cell::Primary_Large_B_Cell_Lymphoma_Of_Immune_Privileged_Sites,24
textbooks,Heme::Mature_B_Cell::Large_B_Cell::Primary_Mediastinal_Large_B_Cell_Lymphoma,24
textbooks,Heme::Mature_B_Cell::Large_B_Cell::T_Cell_Histiocyte_Rich_Large_B_Cell_Lymphoma,24
textbooks,Heme::Mature_B_Cell::Lymphoplasmacytic::Lymphoplasmacytic_Lymphoma,2
textbooks,Heme::Mature_B_Cell::Mantle_Cell::In_Situ_Mantle_Cell_Neoplasm,4
textbooks,Heme::Mature_B_Cell::Mantle_Cell::Leukemic_Non_Nodal_Mantle_Cell_Lymphoma,4
textbooks,Heme::Mature_B_Cell::Mantle_Cell::Mantle_Cell_Lymphoma,4
textbooks,Heme::Mature_B_Cell::Marginal_Zone::Extranodal_Marginal_Zone_Lymphoma_Of_MALT,2
textbooks,Heme::Mature_B_Cell::Marginal_Zone::Nodal_Marginal_Zone_Lymphoma,2
textbooks,Heme::Mature_B_Cell::Marginal_Zone::Pediatric_Nodal_Marginal_Zone_Lymphoma,2
textbooks,Heme::Mature_B_Cell::Marginal_Zone::Primary_Cutaneous_Marginal_Zone_Lymphoma,2
textbooks,Heme::Mature_B_Cell::Small_Lymphocytic::Chronic_Lymphocytic_Leukemia_Small_Lymphocytic_Lymphoma,2
textbooks,Heme::Mature_B_Cell::Small_Lymphocytic::Monoclonal_B_Cell_Lymphocytosis,2
textbooks,Heme::Mature_B_Cell::Splenic::Hairy_Cell_Leukemia,1
textbooks,Heme::Mature_B_Cell::Splenic::Splenic_B_Cell_Lymphoma_Leukemia_With_Prominent_Nucleoli,1
textbooks,Heme::Mature_T_NK_Cell::EBV_Positive::EBV_Positive_Nodal_T_NK_Cell_Lymphoma,2
textbooks,Heme::Mature_T_NK_Cell::EBV_Positive::Extranodal_NK_T_Cell_Lymphoma,2
textbooks,Heme::Mature_T_NK_Cell::EBV_Positive::Hydroa_Vacciniforme_Lymphoproliferative_Disorder,2
textbooks,Heme::Mature_T_NK_Cell::EBV_Positive::Severe_Mosquito_Bite_Allergy,2
textbooks,Heme::Mature_T_NK_Cell::EBV_Positive::Systemic_Chronic_Active_EBV_Disease,2
textbooks,Heme::Mature_T_NK_Cell::EBV_Positive::Systemic_EBV_Positive_T_Cell_Lymphoma_Of_Childhood,2
textbooks,Heme::Myeloid_Sarcoma,21
textbooks,Heme::Myeloproliferative_Neoplasm::Chronic_Eosinophilic_Leukemia,1
textbooks,Heme::Myeloproliferative_Neoplasm::Chronic_Myeloid_Leukemia,1
textbooks,Heme::Myeloproliferative_Neoplasm::Chronic_Neutrophilic_Leukemia,1
textbooks,Heme::Myeloproliferative_Neoplasm::Essential_Thrombocythemia,1
textbooks,Heme::Myeloproliferative_Neoplasm::Juvenile_Myelomonocytic_Leukemia,1
textbooks,Heme::Myeloproliferative_Neoplasm::Myeloproliferative_Neoplasm_NOS,1
textbooks,Heme::Myeloproliferative_Neoplasm::Polycythemia_Vera,1
textbooks,Heme::Myeloproliferative_Neoplasm::Primary_Myelofibrosis,1
textbooks,Heme::Non_Neoplastic::Bone_Marrow::Paget_Disease,35
textbooks,Heme::Non_Neoplastic::Bone_Marrow::Renal_Osteodystrophy,34
textbooks,Heme::Non_Neoplastic::Bone_Marrow::Therapy_Related_Changes,34
textbooks,Heme::Non_Neoplastic::Lymph_Node::Dermatopathic_Lymphadenopathy,3
textbooks,Heme::Non_Neoplastic::Lymph_Node::Non_Lymphoid_Inclusions_Mesothelial,3
textbooks,Heme::Non_Neoplastic::Lymph_Node::Phenytoin_Induced_Lymphadenopathy,3
textbooks,Heme::Non_Neoplastic::Platelet_Coagulation::Thrombocytosis,1
textbooks,Heme::Plasma_Cell_Neoplasm::Deposition_Disease::Immunoglobulin_Related_Amyloidosis_AL,3
textbooks,Heme::Plasma_Cell_Neoplasm::Deposition_Disease::Monoclonal_Immunoglobulin_Deposition_Disease,3
textbooks,Heme::Plasma_Cell_Neoplasm::Monoclonal_Gammopathy::Cold_Agglutinin_Disease,7
textbooks,Heme::Plasma_Cell_Neoplasm::Monoclonal_Gammopathy::IgM_MGUS,7
textbooks,Heme::Plasma_Cell_Neoplasm::Monoclonal_Gammopathy::Monoclonal_Gammopathy_Of_Renal_Significance,7
textbooks,Heme::Plasma_Cell_Neoplasm::Monoclonal_Gammopathy::Non_IgM_MGUS,7
textbooks,Heme::Plasma_Cell_Neoplasm::POEMS_Syndrome,4
textbooks,Heme::Plasma_Cell_Neoplasm::Plasma_Cell_Myeloma,66
textbooks,Heme::Plasma_Cell_Neoplasm::Plasmacytoma,8
textbooks,Molecular::Concept::Assay::Performance::Sensitivity_Specificity,1
textbooks,Molecular::Concept::Basic_Science::Mosaicism,2
textbooks,Molecular::Concept::Ethics::Consent_Incidental_Findings,1
textbooks,Molecular::Concept::Ethics::Genetic_Testing_of_Children,7
textbooks,Molecular::Concept::Ethics::Secondary_Incidental_Findings_ACMG_List,1
textbooks,Molecular::Concept::Indications::Diagnostic_Testing,1
textbooks,Molecular::Concept::Indications::Early_Cancer_Detection,4
textbooks,Molecular::Concept::Indications::Molecular_Cancer_Early_Detection_Screening,6
textbooks,Molecular::Concept::Interpretation::Somatic_Tiered_Variant_Classification,2
textbooks,Molecular::Concept::Interpretation::Variant_Classification_ACMG_AMP,2
textbooks,Molecular::Concept::Quality::Quantitative_Controls_Gene_Expression_MRD,11
textbooks,Molecular::Concept::Therapy::Gene_Editing_CRISPR,4
textbooks,Molecular::Concept::Therapy::Gene_Modifying_CFTR_DMD_SMA,4
textbooks,Molecular::Concept::Therapy::Gene_Therapy_Adverse_Events,5
textbooks,Molecular::Concept::Therapy::Gene_Therapy_Mechanisms,4
textbooks,Molecular::Concept::Therapy::Gene_Transfer_Viral_Constructs,4
textbooks,Molecular::Concept::Variants::Chromothripsis_Genomic_Instability,1
textbooks,Molecular::Concept::Variants::Copy_Number_Variation,4
textbooks,Molecular::Concept::Variants::Gene_Fusions,10
textbooks,Molecular::Heme::Histiocytic::Langerhans_Cell_Histiocytosis,7
textbooks,Molecular::Heme::Lymphoid::Acute_Lymphoblastic_Leukemia,2
textbooks,Molecular::Heme::Lymphoid::B_Cell_Lymphoma,13
textbooks,Molecular::Heme::Lymphoid::Chronic_Lymphocytic_Leukemia,2
textbooks,Molecular::Heme::Lymphoid::T_Cell_Lymphoma,3
textbooks,Molecular::Heme::Myeloid::Acute_Myeloid_Leukemia,9
textbooks,Molecular::Heme::Myeloid::Acute_Promyelocytic_Leukemia,1
textbooks,Molecular::Heme::Myeloid::Chronic_Myeloid_Leukemia,3
textbooks,Molecular::Heme::Myeloid::Eosinophilia_PDGFRA_B,2
textbooks,Molecular::Heme::Myeloid::Mastocytosis,12
textbooks,Molecular::Heme::Plasma_Cell::Plasma_Cell_Myeloma,26
textbooks,Molecular::Hereditary::Cardiovascular::Arrhythmias_Long_QT,1
textbooks,Molecular::Hereditary::Cell_cycle::FAS_Pathway::Autoimmune_Lymphoproliferative_Syndrome_FAS,38
textbooks,Molecular::Hereditary::Cell_cycle::P53_Pathway::Li_Fraumeni_Syndrome_TP53,41
textbooks,Molecular::Hereditary::Cell_cycle::RB_Pathway::CDK4_Related_Melanoma_Predisposition_Syndrome_CDK4,44
textbooks,Molecular::Hereditary::Cell_cycle::RB_Pathway::CDKN2A_Related_Tumor_Predisposition_Syndrome_CDKN2A,41
textbooks,Molecular::Hereditary::Cell_cycle::RB_Pathway::Multiple_Endocrine_Neoplasia_Type_4_CDKN1B,42
textbooks,Molecular::Hereditary::Cell_cycle::RB_Pathway::Retinoblastoma_Syndrome_RB1,39
textbooks,Molecular::Hereditary::DNA_Repair::Aneuploidy_Syndromes::Down_Syndrome,18
textbooks,Molecular::Hereditary::DNA_Repair::Aneuploidy_Syndromes::Klinefelter_Syndrome,18
textbooks,Molecular::Hereditary::DNA_Repair::Aneuploidy_Syndromes::Mosaic_Variegated_Aneuploidy_BUB1B_CEP57_TRIP13_BUB1_BUB3,13
textbooks,Molecular::Hereditary::DNA_Repair::Aneuploidy_Syndromes::Turner_Syndrome,18
textbooks,Molecular::Hereditary::DNA_Repair::Base_Excision_Repair::MBD4_Associated_Neoplasia_Syndrome_MBD4,28
textbooks,Molecular::Hereditary::DNA_Repair::Base_Excision_Repair::MUTYH_Associated_Polyposis_MUTYH,19
textbooks,Molecular::Hereditary::DNA_Repair::Base_Excision_Repair::NTHL1_Related_Tumor_Syndrome_NTHL1,18
textbooks,Molecular::Hereditary::DNA_Repair::DNA_Polymerization::Polymerase_Proofreading_Associated_Polyposis_POLD1_POLE,15
textbooks,Molecular::Hereditary::DNA_Repair::Helicases::Bloom_Syndrome_BLM,16
textbooks,Molecular::Hereditary::DNA_Repair::Helicases::DDX41_Related_Hematologic_Tumor_Predisposition_Syndrome_DDX41,18
textbooks,Molecular::Hereditary::DNA_Repair::Helicases::Rothmund_Thomson_Syndrome_ANAPC1_RECQL4,17
textbooks,Molecular::Hereditary::DNA_Repair::Helicases::Werner_Syndrome_WRN,17
textbooks,Molecular::Hereditary::DNA_Repair::Homologous_Recombination::BRCA_Related_Cancer_Predisposition_BRCA1_BRCA2,20
textbooks,Molecular::Hereditary::DNA_Repair::Homologous_Recombination::Fanconi_Anemia_FANC_Genes,14
textbooks,Molecular::Hereditary::DNA_Repair::Homologous_Recombination::PALB2_Related_Cancer_Predisposition_PALB2,20
textbooks,Molecular::Hereditary::DNA_Repair::Homologous_Recombination::RAD51_Related_Cancer_Predisposition_RAD51C_RAD51D,20
textbooks,Molecular::Hereditary::DNA_Repair::Mismatch_Repair::Constitutional_Mismatch_Repair_Deficiency_CMMRD_MLH1_PMS2_MSH2_MSH6,11
textbooks,Molecular::Hereditary::DNA_Repair::Mismatch_Repair::Lynch_Syndrome_MLH1_PMS2_MSH2_MSH6,13
textbooks,Molecular::Hereditary::DNA_Repair::Mismatch_Repair::Muir_Torre_Syndrome_MLH1_PMS2_MSH2_MSH6,13
textbooks,Molecular::Hereditary::DNA_Repair::Non_Homologous_End_Joining::Ataxia_Telangiectasia_Syndrome_ATM,13
textbooks,Molecular::Hereditary::DNA_Repair::Non_Homologous_End_Joining::CHEK2_Related_Cancer_Predisposition_CHEK2,20
textbooks,Molecular::Hereditary::DNA_Repair::Non_Homologous_End_Joining::Nijmegen_Breakage_Syndrome_NBN,12
textbooks,Molecular::Hereditary::DNA_Repair::Nucleotide_Excision_Repair::Xeroderma_Pigmentosum,12
textbooks,Molecular::Hereditary::Developmental::Imprinting_Disorders,1
textbooks,Molecular::Hereditary::Developmental::Overgrowth_Syndromes,1
textbooks,Molecular::Hereditary::Epigenetics_Chromatin_Remodeling::Chromatin_Remodeling_Pathway::Clear_Cell_Meningioma_Predisposition_Syndrome_SMARCE1,13
textbooks,Molecular::Hereditary::Epigenetics_Chromatin_Remodeling::Chromatin_Remodeling_Pathway::Rhabdoid_Tumor_Predisposition_Syndrome_SMARCB1_SMARCA4,8
textbooks,Molecular::Hereditary::Epigenetics_Chromatin_Remodeling::Chromatin_Remodeling_Pathway::Schwannomatosis_SMARCB1_LZTR1,2
textbooks,Molecular::Hereditary::Epigenetics_Chromatin_Remodeling::Chromatin_Remodeling_Pathway::Weaver_Syndrome_EZH2,8
textbooks,Molecular::Hereditary::Epigenetics_Chromatin_Remodeling::Histone_and_DNA_Methylation::Enchondromatosis_IDH1_IDH2,5
textbooks,Molecular::Hereditary::Growth_Factor::G_Protein_Coupled_Receptor_Pathway::Glucagon_Cell_Hyperplasia_and_Neoplasia_GCGR,29
textbooks,Molecular::Hereditary::Growth_Factor::G_Protein_Coupled_Receptor_Pathway::McCune_Albright_Syndrome_GNAS,37
textbooks,Molecular::Hereditary::Growth_Factor::G_Protein_Coupled_Receptor_Pathway::Sturge_Weber_Syndrome_GNAQ,34
textbooks,Molecular::Hereditary::Growth_Factor::Growth_Factor_Receptors::Encephalocraniocutaneous_Lipomatosis_FGFR1,20
textbooks,Molecular::Hereditary::Growth_Factor::Growth_Factor_Receptors::Hereditary_Neuroblastoma_ALK_PHOX2B,20
textbooks,Molecular::Hereditary::Growth_Factor::Growth_Factor_Receptors::Hereditary_Papillary_Renal_Carcinoma_MET,26
textbooks,Molecular::Hereditary::Growth_Factor::Growth_Factor_Receptors::Juvenile_Polyposis_Syndrome_BMPR1A_SMAD4,25
textbooks,Molecular::Hereditary::Growth_Factor::Growth_Factor_Receptors::Multiple_Endocrine_Neoplasia_Type_2_RET,30
textbooks,Molecular::Hereditary::Growth_Factor::Hedgehog_Signaling_Pathway::Curry_Jones_Syndrome_SMO,31
textbooks,Molecular::Hereditary::Growth_Factor::Hedgehog_Signaling_Pathway::ELP1_Related_Medulloblastoma_Predisposition_Syndrome_ELP1,38
textbooks,Molecular::Hereditary::Growth_Factor::Hedgehog_Signaling_Pathway::Gorlin_Syndrome_PTCH1_SUFU_GPR161,31
textbooks,Molecular::Hereditary::Growth_Factor::Hedgehog_Signaling_Pathway::Osteochondromatosis_EXT1_EXT2,29
textbooks,Molecular::Hereditary::Growth_Factor::NFkB_Signaling_Pathway::Brooke_Spiegler_Syndrome_CYLD,30
textbooks,Molecular::Hereditary::Growth_Factor::PKA_Signaling_Pathway::Carney_Complex_PRKAR1A_PDE8B_PDE11A,27
textbooks,Molecular::Hereditary::Growth_Factor::PKA_Signaling_Pathway::PROS_Syndrome_PIK3CA,30
textbooks,Molecular::Hereditary::Growth_Factor::RAS_MAPK_Pathway::Costello_Syndrome_HRAS,24
textbooks,Molecular::Hereditary::Growth_Factor::RAS_MAPK_Pathway::NF2_Related_Schwannomatosis_NF2,26
textbooks,Molecular::Hereditary::Growth_Factor::RAS_MAPK_Pathway::Neurofibromatosis_Type_1_NF1,24
textbooks,Molecular::Hereditary::Growth_Factor::RAS_MAPK_Pathway::Noonan_Syndrome,25
textbooks,Molecular::Hereditary::Growth_Factor::RAS_MAPK_Pathway::Schimmelpenning_Feuerstein_Mims_Syndrome_HRAS_KRAS,23
textbooks,Molecular::Hereditary::Growth_Factor::Transcription_Factors_and_Regulators::Birt_Hogg_Dube_Syndrome_FLCN,23
textbooks,Molecular::Hereditary::Growth_Factor::Transcription_Factors_and_Regulators::Familial_Chordoma_TBXT,26
textbooks,Molecular::Hereditary::Growth_Factor::Transcription_Factors_and_Regulators::Hyperparathyroidism_Jaw_Tumor_Syndrome_CDC73,24
textbooks,Molecular::Hereditary::Growth_Factor::Transcription_Factors_and_Regulators::MAFA_Related_Familial_Insulinomatosis_MAFA,29
textbooks,Molecular::Hereditary::Growth_Factor::Transcription_Factors_and_Regulators::Multiple_Endocrine_Neoplasia_Type_5_MAX_Related_Tumors_MAX,37
textbooks,Molecular::Hereditary::Growth_Factor::WNT_TGFbeta_Pathway::AXIN2_Associated_Polyposis_AXIN2,28
textbooks,Molecular::Hereditary::Growth_Factor::WNT_TGFbeta_Pathway::Familial_Adenomatous_Polyposis_APC,23
textbooks,Molecular::Hereditary::Growth_Factor::WNT_TGFbeta_Pathway::GAPPS_APC_Promoter,19
textbooks,Molecular::Hereditary::Growth_Factor::WNT_TGFbeta_Pathway::Hereditary_Gastric_and_Breast_Cancer_Syndrome_CDH1_CTNNA1,32
textbooks,Molecular::Hereditary::Growth_Factor::WNT_TGFbeta_Pathway::Hereditary_Mixed_Polyposis_Syndrome_GREM1,24
textbooks,Molecular::Hereditary::Growth_Factor::WNT_TGFbeta_Pathway::Multiple_Endocrine_Neoplasia_Type_1_MEN1,32
textbooks,Molecular::Hereditary::Growth_Factor::WNT_TGFbeta_Pathway::Peutz_Jeghers_Syndrome_STK11,21
textbooks,Molecular::Hereditary::Growth_Factor::WNT_TGFbeta_Pathway::Serrated_Polyposis_Syndrome_RNF43,21
textbooks,Molecular::Hereditary::Growth_Factor::WNT_TGFbeta_Pathway::WAGR_Syndrome_WT1,19
textbooks,Molecular::Hereditary::Growth_Factor::WNT_TGFbeta_Pathway::WT1_Related_Tumor_Predisposition_Syndrome_WT1,24
textbooks,Molecular::Hereditary::Growth_Factor::mTOR_and_PI3K_Pathway::Activated_PI3K_Delta_Syndrome_APDS_PIK3CD,17
textbooks,Molecular::Hereditary::Growth_Factor::mTOR_and_PI3K_Pathway::PTEN_Hamartoma_Tumor_Syndrome_PTEN,18
textbooks,Molecular::Hereditary::Growth_Factor::mTOR_and_PI3K_Pathway::Tuberous_Sclerosis_Complex_TSC1_TSC2,15
textbooks,Molecular::Hereditary::Metabolic::Mitochondrial_Disorders,1
textbooks,Molecular::Hereditary::Metabolic::Storage_Disorders,3
textbooks,Molecular::Hereditary::Oxidative::Krebs_Cycle::Hereditary_Leiomyomatosis_and_Renal_Cell_Carcinoma_FH,5
textbooks,Molecular::Hereditary::Oxidative::Krebs_Cycle::SDH_Deficient_Tumor_Syndrome_Hereditary_PPGL_SDHA_SDHB_SDHC_SDHD_SDHAF2,3
textbooks,Molecular::Hereditary::Protein_Regulation::Ubiquitin_Pathway::BAP1_Related_Tumor_Predisposition_Syndrome_BAP1,12
textbooks,Molecular::Hereditary::RNA_Regulation::MicroRNA::DICER1_Related_Tumor_Predisposition_Syndrome_DICER1,3
textbooks,Molecular::Hereditary::RNA_Regulation::MicroRNA::MicroRNA_Processor_Tumor_Predisposition_Syndromes_DROSHA_DGCR8,1
textbooks,Molecular::Hereditary::Renal::Polycystic_Kidney_Disease,1
textbooks,Molecular::Hereditary::Telomere::Telomere_Biology_Disorders::Dyskeratosis_Congenita_DKC1_TERT_TERC_TINF2_Other_IBMFS_Genes,4
textbooks,Molecular::Hereditary::Telomere::Telomere_Biology_Disorders::POT1_and_Shelterin_Related_Tumor_Predisposition_Syndrome_POT1_ACD_TERF2IP_TERT_Promoter,6
textbooks,Molecular::Infectious::Viral::Epstein_Barr_Virus,2
textbooks,Molecular::Infectious::Viral::Human_Immunodeficiency_Virus,1
textbooks,Molecular::Regulations::US::GINA,1
textbooks,Molecular::Solid::Bone::Ewing_Sarcoma,116
textbooks,Molecular::Solid::Bone::Osteosarcoma,126
textbooks,Molecular::Solid::Breast::Invasive_Carcinoma,1
textbooks,Molecular::Solid::CNS::Meningioma,6
textbooks,Molecular::Solid::Colorectal::Adenocarcinoma,6
textbooks,Molecular::Solid::Endocrine::Adrenal_Cortical_Carcinoma,2
textbooks,Molecular::Solid::Endocrine::Parathyroid_Carcinoma,2
textbooks,Molecular::Solid::Gastrointestinal::Gastrointestinal_Stromal_Tumor,2
textbooks,Molecular::Solid::General::Cancer_of_Unknown_Primary,14
textbooks,Molecular::Solid::Genitourinary::Prostate_Adenocarcinoma,1
textbooks,Molecular::Solid::Genitourinary::Renal_Cell_Carcinoma,4
textbooks,Molecular::Solid::Genitourinary::Urothelial_Carcinoma,1
textbooks,Molecular::Solid::Head_and_Neck::Odontogenic_Tumor,7
textbooks,Molecular::Solid::Head_and_Neck::Salivary_Gland_Tumor,7
textbooks,Molecular::Solid::Head_and_Neck::Sinonasal_Carcinoma,7
textbooks,Molecular::Solid::Head_and_Neck::Squamous_Cell_Carcinoma,9
textbooks,Molecular::Solid::Lung::Non_Small_Cell_Carcinoma,5
textbooks,Molecular::Solid::Lung::Small_Cell_Carcinoma,8
textbooks,Molecular::Solid::Skin::Melanoma,13
textbooks,Molecular::Solid::Skin::Merkel_Cell_Carcinoma,3
textbooks,Molecular::Solid::Skin::Non_Melanoma_Skin_Cancer,4
textbooks,Molecular::Solid::Soft_Tissue::Sarcoma_Complex_Karyotype,7
textbooks,Molecular::Solid::Soft_Tissue::Sarcoma_Translocation_Associated,26
textbooks,Molecular::Solid::Thyroid::Follicular_Carcinoma,1
textbooks,Molecular::Solid::Thyroid::Medullary_Carcinoma,3
textbooks,Molecular::Solid::Thyroid::Papillary_Carcinoma,1
textbooks,Molecular::Technique::Cytogenetics::FISH,11
textbooks,Molecular::Technique::Cytogenetics::Karyotype,22
textbooks,Molecular::Technique::Electrophoresis::Capillary_Electrophoresis,1
textbooks,Molecular::Technique::Emerging::Single_Cell_Analysis,2
textbooks,Molecular::Technique::Epigenetics::Methylation_Analysis,1
textbooks,Molecular::Technique::Hybridization::MLPA,1
textbooks,Molecular::Technique::Hybridization::Southern_Blot,2
textbooks,Molecular::Technique::Identity::Chimerism_Analysis,1
textbooks,Molecular::Technique::Identity::Short_Tandem_Repeat_Analysis,2
textbooks,Molecular::Technique::Microarray::Chromosomal_Microarray,1
textbooks,Molecular::Technique::Microarray::Chromosomal_Microarray_Acquired,1
textbooks,Molecular::Technique::Microarray::Chromosomal_Microarray_Constitutional,1
textbooks,Molecular::Technique::PCR::Allele_Specific_PCR,2
textbooks,Molecular::Technique::PCR::Melt_Curve_Analysis,1
textbooks,Molecular::Technique::PCR::Methylation_Specific_PCR,1
textbooks,Molecular::Technique::Sequencing::Next_Generation_Sequencing,2
textbooks,Neuro::Concept::IHC::Synaptophysin,1
textbooks,Neuro::Concept::Stains::Luxol_Fast_Blue,3
textbooks,Neuro::Genetic_Syndrome::Neurofibromatosis_Type_1,18
textbooks,Neuro::Genetic_Syndrome::Neurofibromatosis_Type_2,13
textbooks,Neuro::Heme::Histiocytic::Erdheim_Chester_Disease,1
textbooks,Neuro::Heme::Histiocytic::Langerhans_Cell_Histiocytosis,1
textbooks,Neuro::Non_Neoplastic::Development::Dysgenetic_Syndromes::Schwannomatosis,11
textbooks,Neuro::Non_Neoplastic::Peripheral_Nerve::Hereditary_Motor_And_Sensory_Neuropathies,21
textbooks,Neuro::Non_Neoplastic::Peripheral_Nerve::Infectious_Neuropathies::Leprosy,21
textbooks,Neuro::Non_Neoplastic::Peripheral_Nerve::Inflammatory_Neuropathies::Chronic_Inflammatory_Demyelinating_Polyradiculopathy,21
textbooks,Neuro::Non_Neoplastic::Peripheral_Nerve::Inflammatory_Neuropathies::Guillain_Barr_Syndrome,21
textbooks,Neuro::Non_Neoplastic::Peripheral_Nerve::Inflammatory_Neuropathies::Paraneoplastic_Neuropathy,20
textbooks,Neuro::Non_Neoplastic::Peripheral_Nerve::Inflammatory_Neuropathies::Sarcoid_Neuropathy,20
textbooks,Neuro::Non_Neoplastic::Peripheral_Nerve::Inflammatory_Neuropathies::Vasculitic_Neuropathy,15
textbooks,Neuro::Non_Neoplastic::Peripheral_Nerve::Major_Pathologic_Processes::AxonalDegeneration,14
textbooks,Neuro::Non_Neoplastic::Peripheral_Nerve::Major_Pathologic_Processes::Demyelination,14
textbooks,Neuro::Non_Neoplastic::Peripheral_Nerve::Major_Pathologic_Processes::DistalAxonopathy,14
textbooks,Neuro::Non_Neoplastic::Peripheral_Nerve::Morton_Neuroma,14
textbooks,Neuro::Non_Neoplastic::Peripheral_Nerve::Mucosal_Neuroma,13
textbooks,Neuro::Non_Neoplastic::Peripheral_Nerve::Neuropathies_Associated_With_Systemic_Diseases::Amyloid_Neuropathy,13
textbooks,Neuro::Non_Neoplastic::Peripheral_Nerve::Neuropathies_Associated_With_Systemic_Diseases::Diabetic_Neuropathy,12
textbooks,Neuro::Non_Neoplastic::Peripheral_Nerve::Nutritional_Deficiency_Toxic_Neuropathies,12
textbooks,Neuro::Non_Neoplastic::Peripheral_Nerve::Pacinian_Neuroma,12
textbooks,Neuro::Non_Neoplastic::Peripheral_Nerve::Palisaded_Encapsulated_Neuroma,12
textbooks,Neuro::Non_Neoplastic::Peripheral_Nerve::Peripheral_Nerve_Biopsy::Handling,12
textbooks,Neuro::Non_Neoplastic::Peripheral_Nerve::Peripheral_Nerve_Ultrastructure,12
textbooks,Neuro::Non_Neoplastic::Peripheral_Nerve::Traumatic_Neuroma,12
textbooks,Neuro::Normal::Ependyma_And_Choroid::Choroid_Plexus,3
textbooks,Neuro::Normal::Meninges::Meningothelial_Cell,1
textbooks,Neuro::Normal::PNS_Component::Schwann_Cell,3
textbooks,Neuro::Normal::Spinal_Cord::Spinal_Cord,12
textbooks,Neuro::Normal::Vascular::Capillary,3
textbooks,Neuro::Ophthalmic::Retina_And_Vitreous::Retinal_Neoplasms::Melanoma,2
textbooks,Neuro::Ophthalmic::Retina_And_Vitreous::Retinal_Neoplasms::Retinoblastoma,2
textbooks,Neuro::Skeletal_Muscle::Autophagic_Vacuolar_Myopathies,2
textbooks,Neuro::Skeletal_Muscle::Channelopathies,2
textbooks,Neuro::Skeletal_Muscle::Congenital_Myopathies::Centronuclear_Myopathies,2
textbooks,Neuro::Skeletal_Muscle::Congenital_Myopathies::Congenital_Fiber_Type_Disproportion_Myopathies,2
textbooks,Neuro::Skeletal_Muscle::Congenital_Myopathies::Core_Myopathies,2
textbooks,Neuro::Skeletal_Muscle::Congenital_Myopathies::Nemaline_Myopathies,2
textbooks,Neuro::Skeletal_Muscle::Distal_Myopathies_Including_Valsoin_Containing_Protein,2
textbooks,Neuro::Skeletal_Muscle::Inflammatory_Myopathies::Bacterial_Myositis,2
textbooks,Neuro::Skeletal_Muscle::Inflammatory_Myopathies::Dermatomyositis,2
textbooks,Neuro::Skeletal_Muscle::Inflammatory_Myopathies::Fungal_Myositis,2
textbooks,Neuro::Skeletal_Muscle::Inflammatory_Myopathies::Inclusion_Body_Myositis,2
textbooks,Neuro::Skeletal_Muscle::Inflammatory_Myopathies::Paraneoplastic_Myositis,2
textbooks,Neuro::Skeletal_Muscle::Inflammatory_Myopathies::Parasitic_Myositis,2
textbooks,Neuro::Skeletal_Muscle::Inflammatory_Myopathies::Sarcoid_Myopathy,2
textbooks,Neuro::Skeletal_Muscle::Inflammatory_Myopathies::Vasculitis,2
textbooks,Neuro::Skeletal_Muscle::Inflammatory_Myopathies::Viral_Myositis,2
textbooks,Neuro::Skeletal_Muscle::Metabolic_Diseases::Glycogenoses::Type_II,4
textbooks,Neuro::Skeletal_Muscle::Metabolic_Diseases::Glycogenoses::Type_V,1
textbooks,Neuro::Skeletal_Muscle::Metabolic_Diseases::Lipid_Storage_Myopathies,2
textbooks,Neuro::Skeletal_Muscle::Metabolic_Diseases::Mitochondrial_Myopathy,2
textbooks,Neuro::Skeletal_Muscle::Muscle_Biopsy::Handling,2
textbooks,Neuro::Skeletal_Muscle::Muscle_Biopsy::Muscle_Biopsy_Techniques_IHC_Special_Stains,2
textbooks,Neuro::Skeletal_Muscle::Muscle_Biopsy::Skeletal_Muscle_Ultrastructure,2
textbooks,Neuro::Skeletal_Muscle::Muscular_Dystrophies::Congenital_Muscular_Dystrophy,2
textbooks,Neuro::Skeletal_Muscle::Muscular_Dystrophies::Dystrophinopathies,2
textbooks,Neuro::Skeletal_Muscle::Muscular_Dystrophies::Emery_Dreifuss_Muscular_Dystrophy,2
textbooks,Neuro::Skeletal_Muscle::Muscular_Dystrophies::Facioscapulohumeral_Dystrophy,2
textbooks,Neuro::Skeletal_Muscle::Muscular_Dystrophies::Limb_Girdle_Muscular_Dystrophy,2
textbooks,Neuro::Skeletal_Muscle::Muscular_Dystrophies::Myotonic_Dystrophy,2
textbooks,Neuro::Skeletal_Muscle::Muscular_Dystrophies::Oculopharyngeal_Muscular_Dystrophy,2
textbooks,Neuro::Skeletal_Muscle::Myofibrillar_Myopathies,2
textbooks,Neuro::Skeletal_Muscle::Myopathic_Processes::Myopathic_Histopathologic_Features,2
textbooks,Neuro::Tumor::Astrocytic_Circumscribed::Pilocytic_Astrocytoma,1
textbooks,Neuro::Tumor::Choroid_Plexus::Atypical_Choroid_Plexus_Papilloma,3
textbooks,Neuro::Tumor::Choroid_Plexus::Choroid_Plexus_Carcinoma,3
textbooks,Neuro::Tumor::Choroid_Plexus::Choroid_Plexus_Papilloma,3
textbooks,Neuro::Tumor::Ependymal::Myxopapillary_Ependymoma,8
textbooks,Neuro::Tumor::Familial_Tumor_Predisposition_Syndromes::Carney_Complex,1
textbooks,Neuro::Tumor::Familial_Tumor_Predisposition_Syndromes::Li_Fraumeni_Syndrome,1
textbooks,Neuro::Tumor::Familial_Tumor_Predisposition_Syndromes::Von_Hippel_Lindau_Disease,8
textbooks,Neuro::Tumor::Meningioma::Angiomatous_Meningioma,3
textbooks,Neuro::Tumor::Meningioma::Atypical_Meningioma,3
textbooks,Neuro::Tumor::Meningioma::Chordoid_Meningioma,2
textbooks,Neuro::Tumor::Meningioma::Clear_Cell_Meningioma,2
textbooks,Neuro::Tumor::Meningioma::Lymphoplasmacyte_Rich_Meningioma,1
textbooks,Neuro::Tumor::Meningioma::Metaplastic_Meningioma,1
textbooks,Neuro::Tumor::Meningioma::Papillary_Meningioma,2
textbooks,Neuro::Tumor::Meningioma::Psammomatous_Meningioma,2
textbooks,Neuro::Tumor::Meningioma::Rhabdoid_Meningioma,2
textbooks,Neuro::Tumor::Meningioma::Secretory_Meningioma,6
textbooks,Neuro::Tumor::Meningioma::Transitional_Meningioma,3
textbooks,Neuro::Tumor::Meningothelial_Tumors::Anaplastic_Meningioma,3
textbooks,Neuro::Tumor::Mesenchymal::Ewing_Sarcoma,14
textbooks,Neuro::Tumor::Mesenchymal::Hemangioblastoma,11
textbooks,Neuro::Tumor::Mesenchymal::Mesenchymal_Chondrosarcoma,1
textbooks,Neuro::Tumor::Mesenchymal::Rhabdomyosarcoma,2
textbooks,Neuro::Tumor::Mesenchymal::Solitary_Fibrous_Tumor,8
textbooks,Neuro::Tumor::MesenchymalTumors::Hemangioma,4
textbooks,Neuro::Tumor::Mesenchymal_Non_Meningothelial::Bone::Osteosarcoma,17
textbooks,Neuro::Tumor::Mesenchymal_Non_Meningothelial::Cartilage::Chondrosarcoma,20
textbooks,Neuro::Tumor::Mesenchymal_Non_Meningothelial::Lipoma,5
textbooks,Neuro::Tumor::Mesenchymal_Non_Meningothelial::Muscle::Leiomyosarcoma,2
textbooks,Neuro::Tumor::Metastatic::Metastatic_Carcinoma,2
textbooks,Neuro::Tumor::Nerve::Ganglioneuroma,1
textbooks,Neuro::Tumor::Nerve::Malignant_Peripheral_Nerve_Sheath_Tumor,11
textbooks,Neuro::Tumor::Nerve::Malignant_Peripheral_Nerve_Sheath_Tumor::Triton_Tumor,11
textbooks,Neuro::Tumor::Nerve::Neurofibroma,24
textbooks,Neuro::Tumor::Nerve::Schwannoma,25
textbooks,Neuro::Tumor::Notochordal::Chordoma,125
textbooks,Neuro::Tumor::Primary_Melanocytic_Tumors::Melanoma,2
textbooks,Neuro::Tumor::Tumors_Of_The_Cranial_And_Paraspinal_Nerves::Plexiform_Neurofibroma,10
who,BREAST::Epithelial::Ductal_Adenoma,1
who,BREAST::Epithelial::Ductal_Carcinoma::Carcinoma_with_Apocrine_Differentiation,1
who,BREAST::Epithelial::Ductal_Carcinoma::Cribriform_Carcinoma,1
who,BREAST::Epithelial::Ductal_Carcinoma::Mucinous_Cystadenocarcinoma,1
who,BREAST::Epithelial::Ductal_Carcinoma::Tubular_Carcinoma,1
who,BREAST::Epithelial::Lactating_Adenoma,1
who,BREAST::Epithelial::Microglandular_Adenosis,1
who,BREAST::Epithelial::MyoEpithelial::Pleomorphic_Adenoma,1
who,BREAST::Epithelial::Neuroendocrine_Tumors::Neuroendocrine_Carcinoma,1
who,BREAST::Epithelial::Papillary_Neoplasms::Invasive_Papillary_Carcinoma,1
who,BREAST::Epithelial::Radial_Scar_complex_sclerosing_lesion,1
who,BREAST::Epithelial::Salivary_Tumors::Acinic_Cell_Carcinoma,1
who,BREAST::Epithelial::Salivary_Tumors::Mucoepidermoid_Carcinoma,1
who,BREAST::Epithelial::Salivary_Tumors::Polymorphous_Adenocarcinoma,1
who,BREAST::Epithelial::Salivary_Tumors::Tall_Cell_Carcinoma_with_Reversed_Polarity,1
who,BREAST::Epithelial::Sclerosing_Adenosis,1
who,BREAST::Epithelial::Tubular_Adenoma,1
who,BREAST::Epithelial::Usual_Ductal_Hyperplasia,1
who,BREAST::FibroEpithelial::Hamartoma,1
who,BREAST::GENETICS::Syndromes::Ataxia_Telangiectasia,1
who,BREAST::GENETICS::Syndromes::CDH1_Associated_Breast_Cancer,1
who,BREAST::GENETICS::Syndromes::Cowden_Syndrome,1
who,BREAST::GENETICS::Syndromes::Li_Fraumeni_Syndrome_CHEK2_Associated,1
who,BREAST::GENETICS::Syndromes::Neurofibromatosis_Type_1,1
who,BREAST::GENETICS::Syndromes::PALB2_Associated_Cancers,1
who,BREAST::GENETICS::Syndromes::Peutz_Jeghers_Syndrome,1
who,BREAST::Hematolymphoid_Tumors::Lymphoma::Diffuse_Large_B_Cell_Lymphoma,1
who,BREAST::Hematolymphoid_Tumors::Lymphoma::Follicular_Lymphoma,1
who,BREAST::Male_Tumors::Epithelial::Carcinoma_in_Situ,1
who,BREAST::Male_Tumors::Epithelial::Gynecomastia,1
who,BREAST::Mesenchymal::Adipocytic_Tumors::Angiolipoma,1
who,BREAST::Mesenchymal::Adipocytic_Tumors::Lipoma,1
who,BREAST::Mesenchymal::Fibroblastic_Tumors::Desmoid_Fibromatosis,1
who,BREAST::Mesenchymal::Fibroblastic_Tumors::Inflammatory_Myofibroblastic_Tumor,1
who,BREAST::Mesenchymal::Fibroblastic_Tumors::Myofibroblastoma,1
who,BREAST::Mesenchymal::Fibroblastic_Tumors::Nodular_Fasciitis,1
who,BREAST::Mesenchymal::Nerve_Tumors::Granular_Cell_Tumor,1
who,BREAST::Mesenchymal::Nerve_Tumors::Neurofibroma,1
who,BREAST::Mesenchymal::Nerve_Tumors::Schwannoma,1
who,BREAST::Mesenchymal::Other_Mesenchymal::Pseudoangiomatous_Stromal_Hyperplasia,1
who,BREAST::Mesenchymal::Smooth_Tumors::Leiomyoma,1
who,BREAST::Mesenchymal::Smooth_Tumors::Leiomyosarcoma,1
who,BREAST::Mesenchymal::Vascular_Tumors::Angiomatosis,1
who,BREAST::Mesenchymal::Vascular_Tumors::Atypical_Vascular_Lesions,1
who,BREAST::Mesenchymal::Vascular_Tumors::Hemangioma,1
who,BREAST::Mesenchymal::Vascular_Tumors::Primary_Angiosarcoma_of_the_Breast,1
who,BREAST::Nipple_Tumors::Epithelial::Nipple_Adenoma,1
who,BREAST::Nipple_Tumors::Epithelial::Paget_Disease_of_the_Breast,1
who,BREAST::Nipple_Tumors::Epithelial::Syringomatous_Tumor,1
who,BST::Bone::Chondrogenic::Bizarre_Parosteal_Osteochondromatous_Proliferation,1
who,BST::Bone::Chondrogenic::Chondroblastoma,1
who,BST::Bone::Chondrogenic::Chondromyxoid_Fibroma,1
who,BST::Bone::Chondrogenic::Clear_Cell_Chondrosarcoma,1
who,BST::Bone::Chondrogenic::Osteochondromyxoma,1
who,BST::Bone::Chondrogenic::Periosteal_Chondroma,1
who,BST::Bone::Chondrogenic::Periosteal_Chondrosarcoma,1
who,BST::Bone::Chondrogenic::Secondary_Peripheral_Atypical_Cartilaginous_Tumor_Chondrosarcoma_Grade_1,1
who,BST::Bone::Chondrogenic::Secondary_Peripheral_Chondrosarcoma_Grades_2_and_3,1
who,BST::Bone::Chondrogenic::Subungual_Exostosis,1
who,BST::Bone::Chondrogenic::Synovial_Chondromatosis,1
who,BST::Bone::Fibrogenic::Desmoplastic_Fibroma_of_Bone,1
who,BST::Bone::Fibrogenic::Fibrosarcoma_of_Bone,1
who,BST::Bone::Giant_Cell_Rich::Aneurysmal_Bone_Cyst,1
who,BST::Bone::Giant_Cell_Rich::Non_Ossifying_Fibroma,1
who,BST::Bone::Hematopoietic::Erdheim_Chester_Disease,1
who,BST::Bone::Hematopoietic::Langerhans_Cell_Histiocytosis,1
who,BST::Bone::Hematopoietic::Rosai_Dorfman_Disease,1
who,BST::Bone::Hematopoietic::Solitary_Plasmacytoma_of_Bone,1
who,BST::Bone::Notochordal::Benign_Notochordal_Cell_Tumor,1
who,BST::Bone::Notochordal::Dedifferentiated_Chordoma,1
who,BST::Bone::Notochordal::Poorly_Differentiated_Chordoma,1
who,BST::Bone::Osteogenic::High_Grade_Surface_Osteosarcoma,1
who,BST::Bone::Osteogenic::Low_Grade_Central_Osteosarcoma,1
who,BST::Bone::Osteogenic::Osteoid_Osteoma,1
who,BST::Bone::Osteogenic::Osteoma,1
who,BST::Bone::Other_Mesenchymal::Bone_Metastases,1
who,BST::Bone::Other_Mesenchymal::Chondromesenchymal_Hamartoma_of_Chest_Wall,1
who,BST::Bone::Other_Mesenchymal::Fibrocartilaginous_Mesenchymoma,1
who,BST::Bone::Other_Mesenchymal::Fibrous_Dysplasia,1
who,BST::Bone::Other_Mesenchymal::Leiomyosarcoma_of_Bone,1
who,BST::Bone::Other_Mesenchymal::Lipoma_and_Hibernoma_of_Bone,1
who,BST::Bone::Other_Mesenchymal::Osteofibrous_Dysplasia,1
who,BST::Bone::Other_Mesenchymal::Simple_Bone_Cyst,1
who,BST::Bone::Vascular::Angiosarcoma_of_Bone,1
who,BST::Bone::Vascular::Hemangioma_of_Bone,1
who,BST::Round_Cell_Sarcomas::CIC_Rearranged_Sarcoma,1
who,BST::Round_Cell_Sarcomas::Ewing_Sarcoma,1
who,BST::Round_Cell_Sarcomas::Sarcoma_with_BCOR_Genetic_Alterations,1
who,BST::Soft_Tissue::Adipocytic::Angiolipoma,1
who,BST::Soft_Tissue::Adipocytic::Atypical_Spindle_Cell_Pleomorphic_Lipomatous_Tumor,1
who,BST::Soft_Tissue::Adipocytic::Chondroid_Lipoma,1
who,BST::Soft_Tissue::Adipocytic::Hibernoma,1
who,BST::Soft_Tissue::Adipocytic::Lipoblastoma_and_Lipoblastomatosis,1
who,BST::Soft_Tissue::Adipocytic::Lipomatosis,1
who,BST::Soft_Tissue::Adipocytic::Lipomatosis_of_Nerve,1
who,BST::Soft_Tissue::Adipocytic::Myolipoma_of_Soft_Tissue,1
who,BST::Soft_Tissue::Adipocytic::Myxoid_Pleomorphic_Liposarcoma,1
who,BST::Soft_Tissue::Adipocytic::Pleomorphic_Liposarcoma,1
who,BST::Soft_Tissue::Adipocytic::Spindle_Cell_Lipoma_and_Pleomorphic_Lipoma,1
who,BST::Soft_Tissue::ChondroOsseous::Extraskeletal_Osteosarcoma,1
who,BST::Soft_Tissue::ChondroOsseous::Soft_Tissue_Chondroma,1
who,BST::Soft_Tissue::Fibroblastic::Acral_Fibromyxoma,1
who,BST::Soft_Tissue::Fibroblastic::Adult_Fibrosarcoma,1
who,BST::Soft_Tissue::Fibroblastic::Angiofibroma_of_Soft_Tissue,1
who,BST::Soft_Tissue::Fibroblastic::Angiomyofibroblastoma,1
who,BST::Soft_Tissue::Fibroblastic::Calcifying_Aponeurotic_Fibroma,2
who,BST::Soft_Tissue::Fibroblastic::Cellular_Angiofibroma,1
who,BST::Soft_Tissue::Fibroblastic::Desmoplastic_Fibroblastoma,1
who,BST::Soft_Tissue::Fibroblastic::EWSR1_SMAD3_Positive_Fibroblastic_Tumor_emerging_,1
who,BST::Soft_Tissue::Fibroblastic::Elastofibroma,1
who,BST::Soft_Tissue::Fibroblastic::Fibrohistiocytic::Deep_Fibrous_Histiocytoma,1
who,BST::Soft_Tissue::Fibroblastic::Fibrohistiocytic::Giant_Cell_Tumor_of_Soft_Tissue,1
who,BST::Soft_Tissue::Fibroblastic::Fibrohistiocytic::Plexiform_Fibrohistiocytic_Tumor,1
who,BST::Soft_Tissue::Fibroblastic::Fibroma_of_Tendon_Sheath,1
who,BST::Soft_Tissue::Fibroblastic::Fibromatosis_Colli,1
who,BST::Soft_Tissue::Fibroblastic::Fibrous_Hamartoma_of_Infancy,1
who,BST::Soft_Tissue::Fibroblastic::Giant_Cell_Fibroblastoma,1
who,BST::Soft_Tissue::Fibroblastic::Inclusion_Body_Fibromatosis,1
who,BST::Soft_Tissue::Fibroblastic::Infantile_Fibrosarcoma,1
who,BST::Soft_Tissue::Fibroblastic::Ischemic_Fasciitis,1
who,BST::Soft_Tissue::Fibroblastic::Juvenile_Hyaline_Fibromatosis,1
who,BST::Soft_Tissue::Fibroblastic::Lipofibromatosis,1
who,BST::Soft_Tissue::Fibroblastic::Low_Grade_Fibromyxoid_Sarcoma,1
who,BST::Soft_Tissue::Fibroblastic::Low_Grade_Myofibroblastic_Sarcoma,1
who,BST::Soft_Tissue::Fibroblastic::Myofibroblastoma,1
who,BST::Soft_Tissue::Fibroblastic::Myositis_Ossificans_and_Bone_Pseudotumor_of_Digits,1
who,BST::Soft_Tissue::Fibroblastic::Myxoinflammatory_Fibroblastic_Sarcoma,1
who,BST::Soft_Tissue::Fibroblastic::Nodular_Fasciitis,1
who,BST::Soft_Tissue::Fibroblastic::Nuchal_Type_Fibroma,1
who,BST::Soft_Tissue::Fibroblastic::Palmar_Fibromatosis_and_Plantar_Fibromatosis,1
who,BST::Soft_Tissue::Fibroblastic::Proliferative_Fasciitis_and_Proliferative_Myositis,1
who,BST::Soft_Tissue::Fibroblastic::Sclerosing_Epithelioid_Fibrosarcoma,1
who,BST::Soft_Tissue::Fibroblastic::Superficial_CD34_Positive_Fibroblastic_Tumor,1
who,BST::Soft_Tissue::Nerve_Sheath::Dermal_Nerve_Sheath_Myxoma,1
who,BST::Soft_Tissue::Nerve_Sheath::Ectopic_Meningioma_and_Meningothelial_Hamartoma,1
who,BST::Soft_Tissue::Nerve_Sheath::Granular_Cell_Tumor,1
who,BST::Soft_Tissue::Nerve_Sheath::Hybrid_Nerve_Sheath_Tumor,1
who,BST::Soft_Tissue::Nerve_Sheath::Malignant_Melanotic_Nerve_Sheath_Tumor,1
who,BST::Soft_Tissue::Nerve_Sheath::Perineurioma,1
who,BST::Soft_Tissue::Nerve_Sheath::Solitary_Circumscribed_Neuroma,1
who,BST::Soft_Tissue::Pericytic::Angioleiomyoma,1
who,BST::Soft_Tissue::Pericytic::Glomus_Tumor,1
who,BST::Soft_Tissue::Skeletal_Muscle::Ectomesenchymoma,1
who,BST::Soft_Tissue::Skeletal_Muscle::Pleomorphic_Rhabdomyosarcoma,1
who,BST::Soft_Tissue::Skeletal_Muscle::Rhabdomyoma,1
who,BST::Soft_Tissue::Skeletal_Muscle::Spindle_Cell_Sclerosing_Rhabdomyosarcoma,1
who,BST::Soft_Tissue::Smooth_Muscle::EBV_Associated_Smooth_Muscle_Tumor,1
who,BST::Soft_Tissue::Smooth_Muscle::Inflammatory_Leiomyosarcoma,1
who,BST::Soft_Tissue::Smooth_Muscle::Leiomyoma,1
who,BST::Soft_Tissue::Uncertain_Diff::Alveolar_Soft_Part_Sarcoma,1
who,BST::Soft_Tissue::Uncertain_Diff::Angiomatoid_Fibrous_Histiocytoma,1
who,BST::Soft_Tissue::Uncertain_Diff::Atypical_Fibroxanthoma,1
who,BST::Soft_Tissue::Uncertain_Diff::Clear_Cell_Sarcoma_of_Soft_Tissue,1
who,BST::Soft_Tissue::Uncertain_Diff::Deep_aggressive_Angiomyxoma,1
who,BST::Soft_Tissue::Uncertain_Diff::Extrarenal_Rhabdoid_Tumor,1
who,BST::Soft_Tissue::Uncertain_Diff::Hemosiderotic_Fibrolipomatous_Tumor,1
who,BST::Soft_Tissue::Uncertain_Diff::Intimal_Sarcoma,1
who,BST::Soft_Tissue::Uncertain_Diff::Intramuscular_Myxoma,1
who,BST::Soft_Tissue::Uncertain_Diff::Juxta_Articular_Myxoma,1
who,BST::Soft_Tissue::Uncertain_Diff::Myoepithelioma_Myoepithelial_Carcinoma_and_Mixed_Tumor,1
who,BST::Soft_Tissue::Uncertain_Diff::NTRK_Rearranged_Spindle_Cell_Neoplasm_emerging_,1
who,BST::Soft_Tissue::Uncertain_Diff::Ossifying_Fibromyxoid_Tumor,1
who,BST::Soft_Tissue::Uncertain_Diff::PEComa,1
who,BST::Soft_Tissue::Uncertain_Diff::Phosphaturic_Mesenchymal_Tumor,1
who,BST::Soft_Tissue::Uncertain_Diff::Pleomorphic_Hyalinizing_Angiectatic_Tumor_of_Soft_Parts,1
who,BST::Soft_Tissue::Uncertain_Diff::Undifferentiated_Sarcoma,1
who,BST::Soft_Tissue::Vascular::Anastomosing_Hemangioma,1
who,BST::Soft_Tissue::Vascular::Arteriovenous_Malformation_Hemangioma,1
who,BST::Soft_Tissue::Vascular::Composite_Hemangioendothelioma,1
who,BST::Soft_Tissue::Vascular::Epithelioid_Hemangioma,1
who,BST::Soft_Tissue::Vascular::Intramuscular_Angioma,1
who,BST::Soft_Tissue::Vascular::Kaposi_Sarcoma,1
who,BST::Soft_Tissue::Vascular::Lymphangioma_and_Lymphangiomatosis,1
who,BST::Soft_Tissue::Vascular::Papillary_Intralymphatic_Angioendothelioma,1
who,BST::Soft_Tissue::Vascular::Pseudomyogenic_Hemangioendothelioma,1
who,BST::Soft_Tissue::Vascular::Retiform_Hemangioendothelioma,1
who,BST::Soft_Tissue::Vascular::Synovial_Hemangioma,1
who,BST::Soft_Tissue::Vascular::Tufted_Angioma_and_Kaposiform_Hemangioendothelioma,1
who,BST::Soft_Tissue::Vascular::Venous_Hemangioma,1
who,BST::Soft_TissueAdipocytic::Lipoma,1
who,BST::Syndromes::Multiple_Osteochondromas,1
who,BST::Syndromes::Neurofibromatosis_Type_1,1
who,BST::Syndromes::Rothmund_Thomson_Syndrome,1
who,BST::Syndromes::Werner_Syndrome,1
who,CYTO_PANCREAS::Benign::Neoplastic::Lymphangioma,2
who,CYTO_PANCREAS::Benign::Neoplastic::Other_Rare_Benign_Neoplasms,2
who,CYTO_PANCREAS::Benign::Neoplastic::Schwannoma,2
who,CYTO_PANCREAS::Benign::Neoplastic::Serous_Cystadenoma,2
who,CYTO_PANCREAS::Benign::Non_Neoplastic::Acute_Pancreatitis,2
who,CYTO_PANCREAS::Benign::Non_Neoplastic::Autoimmune_IgG4_Related_Pancreatitis,2
who,CYTO_PANCREAS::Benign::Non_Neoplastic::Cholangitis,2
who,CYTO_PANCREAS::Benign::Non_Neoplastic::Chronic_Pancreatitis,2
who,CYTO_PANCREAS::Benign::Non_Neoplastic::Groove_Paraduodenal_Pancreatitis,2
who,CYTO_PANCREAS::Benign::Non_Neoplastic::Lymphoepithelial_Cyst,2
who,CYTO_PANCREAS::Benign::Non_Neoplastic::Normal_Parenchyma_And_Contaminants,2
who,CYTO_PANCREAS::Benign::Non_Neoplastic::Pseudocysts,2
who,CYTO_PANCREAS::Benign::Non_Neoplastic::Splenule_Accessory_Spleen,2
who,CYTO_PANCREAS::High_Risk::Biliary_IPN_High_Grade,2
who,CYTO_PANCREAS::High_Risk::Biliary_Intraepithelial_Neoplasia_High_Grade,2
who,CYTO_PANCREAS::High_Risk::Intraductal_Oncocytic_Papillary_Neoplasm,2
who,CYTO_PANCREAS::High_Risk::Intraductal_Tubulopapillary_Neoplasm,2
who,CYTO_PANCREAS::High_Risk::Mucinous_Cystic_Neoplasm_High_Grade,2
who,CYTO_PANCREAS::High_Risk::Pancreatic_IPMN_High_Grade,2
who,CYTO_PANCREAS::High_Risk::Pancreatic_Intraepithelial_Neoplasia_High_Grade,2
who,CYTO_PANCREAS::Low_Risk::Biliary_IPN_Low_Grade,2
who,CYTO_PANCREAS::Low_Risk::Biliary_Intraepithelial_Neoplasia_Low_Grade,2
who,CYTO_PANCREAS::Low_Risk::Mucinous_Cystic_Neoplasm_Low_Grade,2
who,CYTO_PANCREAS::Low_Risk::Other_Lesions_Spindle_Cell,3
who,CYTO_PANCREAS::Low_Risk::Pancreatic_IPMN_Low_Grade,2
who,CYTO_PANCREAS::Low_Risk::Pancreatic_Intraepithelial_Neoplasia_Low_Grade,2
who,CYTO_PANCREAS::Malignant::Cholangiocarcinoma,2
who,CYTO_PANCREAS::Malignant::Metastases_To_Pancreas,2
who,CYTO_PANCREAS::Malignant::Neuroendocrine_Carcinoma,2
who,CYTO_PANCREAS::Malignant::Neuroendocrine_Tumour,2
who,CYTO_PANCREAS::Malignant::Other_Lesions_Spindle_Cell,1
who,CYTO_PANCREAS::Malignant::Pancreatic_Acinar_Cell_Carcinoma,2
who,CYTO_PANCREAS::Malignant::Pancreatic_Ductal_Adenocarcinoma,2
who,CYTO_PANCREAS::Malignant::Pancreatic_Lymphomas,2
who,CYTO_PANCREAS::Malignant::Pancreatoblastoma,2
who,CYTO_PANCREAS::Malignant::Solid_Pseudopapillary_Neoplasm,2
who,CYTO_PANCRERAS::Atypical::Atypical_Category_Definition_And_Criteria,2
who,CYTO_PANCRERAS::Benign::Benign_Category_Definition_And_Criteria,2
who,CYTO_PANCRERAS::High_Grade_Neoplsm::High_Grade_Neoplsm_Category_Definition_And_Criteria,2
who,CYTO_PANCRERAS::Insufficient::Insufficient_Category_Definition_And_Criteria,2
who,CYTO_PANCRERAS::Low_Grade_Neoplsm::Low_Grade_Neoplsm_Category_Definition_And_Criteria,2
who,CYTO_PANCRERAS::Malignant::Malignant_Category_Definition_And_Criteria,2
who,CYTO_PANCRERAS::Suspicious::Suspicious_Category_Definition_And_Criteria,2
who,Cyto_Heme::Atypical::Atypical_Category_Definition_And_Criteria,1
who,Cyto_Heme::Benign::Benign_Category_Definition_And_Criteria,1
who,Cyto_Heme::Benign::Inflammatory::Acute_Inflammation,1
who,Cyto_Heme::Benign::Inflammatory::Granulomatous_Inflammation,1
who,Cyto_Heme::Benign::Reactive::Immunoblastic_Reactions,1
who,Cyto_Heme::Benign::Reactive::Prominent_Histiocytosis,1
who,Cyto_Heme::Benign::Reactive::Prominent_Necrosis,1
who,Cyto_Heme::Benign::Reactive::Prominent_Plasmacytosis,1
who,Cyto_Heme::Benign::Splenic::Vascular_Lesions,1
who,Cyto_Heme::Insufficient::Insufficient_Category_Definition_And_Criteria,1
who,Cyto_Heme::Malignant::Histiocytic::Follicular_Dendritic_Cell_Sarcoma,1
who,Cyto_Heme::Malignant::Histiocytic::Histiocytic_Sarcoma,1
who,Cyto_Heme::Malignant::Histiocytic::Interdigitating_Dendritic_Cell_Sarcoma,1
who,Cyto_Heme::Malignant::Histiocytic::Langerhans_Cell_Histiocytosis,1
who,Cyto_Heme::Malignant::Hodgkin::Classic_Hodgkin_Lymphoma,1
who,Cyto_Heme::Malignant::Hodgkin::Lymphomatoid_Granulomatosis,1
who,Cyto_Heme::Malignant::Hodgkin::Nodular_Lymphocyte_Predominant_HL,1
who,Cyto_Heme::Malignant::Hodgkin::T_Cell_Histiocyte_Rich_Large_B_Cell_Lymphoma,1
who,Cyto_Heme::Malignant::Large::Anaplastic_Large_Cell_Lymphoma,1
who,Cyto_Heme::Malignant::Large::Breast_Implant_Associated_ALCL,1
who,Cyto_Heme::Malignant::Large::Burkitt_Lymphoma,1
who,Cyto_Heme::Malignant::Large::Large_B_Cell_Lymphomas,1
who,Cyto_Heme::Malignant::Large::Lymphoblastic_Lymphoma,1
who,Cyto_Heme::Malignant::Large::Myeloid_Sarcoma,1
who,Cyto_Heme::Malignant::Large::Peripheral_T_Cell_Lymphoma_NOS,1
who,Cyto_Heme::Malignant::Large::Primary_Effusion_Lymphoma,1
who,Cyto_Heme::Malignant::Malignant_Category_Definition_And_Criteria,1
who,Cyto_Heme::Malignant::Metastases_From_Carcinomas,1
who,Cyto_Heme::Malignant::Metastases_From_Melanoma,1
who,Cyto_Heme::Malignant::Metastases_From_Sarcomas,1
who,Cyto_Heme::Malignant::Mixed::Follicular_Lymphoma,1
who,Cyto_Heme::Malignant::Mixed::Marginal_Zone_Lymphoma,1
who,Cyto_Heme::Malignant::Mixed::Nodal_T_Follicular_Helper_Cell_Lymphoma,1
who,Cyto_Heme::Malignant::Small::CLL_SLL,1
who,Cyto_Heme::Malignant::Small::Lymphoplasmacytic_Lymphoma,1
who,Cyto_Heme::Malignant::Small::Mantle_Cell_Lymphoma,1
who,Cyto_Heme::Malignant::Small::Mastocytosis,1
who,Cyto_Heme::Malignant::Small::Plasma_Cell_Neoplasms,1
who,Cyto_Heme::Malignant::Splenic::Hepatosplenic_T_Cell_Lymphoma,1
who,Cyto_Heme::Malignant::Splenic::Splenic_B_Cell_Lymphoma,1
who,Cyto_Heme::Malignant::Splenic_Angiosarcoma,1
who,Cyto_Heme::Malignant::Thymic::Thymic_B_Cell_Lymphomas,1
who,Cyto_Heme::Malignant::Thymic::Thymic_Carcinomas,1
who,Cyto_Heme::Malignant::Thymic::Thymomas,1
who,Cyto_Heme::Suspicious::Suspicious_Category_Definition_And_Criteria,1
who,Cyto_Lung::Atypical::Atypical_Category_Definition_And_Criteria,1
who,Cyto_Lung::Benign::Benign_Category_Definition_And_Criteria,1
who,Cyto_Lung::Benign::Inflammatory::Acute_Inflammation_And_Suppuration,2
who,Cyto_Lung::Benign::Inflammatory::Granulomatous_Disorders,1
who,Cyto_Lung::Benign::Inflammatory::Histiocytic_Lymphocytic_Eosinophilic_Patterns,1
who,Cyto_Lung::Benign::Inflammatory::Reactive_Changes_Glandular_Squamous,1
who,Cyto_Lung::Benign::Neoplastic::Ectopic_Thyroid_Parathyroid,1
who,Cyto_Lung::Benign::Neoplastic::Granular_Cell_Tumour,1
who,Cyto_Lung::Benign::Neoplastic::Meningiomas,1
who,Cyto_Lung::Benign::Neoplastic::PEComa,1
who,Cyto_Lung::Benign::Neoplastic::Pulmonary_Hamartoma,1
who,Cyto_Lung::Benign::Neoplastic::Salivary_Gland_Neoplasms,1
who,Cyto_Lung::Benign::Neoplastic::Sclerosing_Pneumocytoma,1
who,Cyto_Lung::Benign::Neoplastic::Solitary_Tracheobronchial_Papilloma,1
who,Cyto_Lung::Benign::Neoplastic::Spindle_Cell_Tumours,1
who,Cyto_Lung::Insufficient::Insufficient_Category_Definition_And_Criteria,1
who,Cyto_Lung::Malignant::Carcinoma::Adenosquamous_Carcinoma,1
who,Cyto_Lung::Malignant::Carcinoma::Carcinosarcoma,1
who,Cyto_Lung::Malignant::Carcinoma::NUT_Carcinoma,1
who,Cyto_Lung::Malignant::Carcinoma::Pleomorphic_Carcinoma,1
who,Cyto_Lung::Malignant::Carcinoma::Pulmonary_Blastoma,1
who,Cyto_Lung::Malignant::Carcinoma::Salivary_Gland_Type_Carcinomas,1
who,Cyto_Lung::Malignant::Carcinoma::Thoracic_SMARCA4_Deficient_Undifferentiated_Tumour,1
who,Cyto_Lung::Malignant::Lymphoid::Erdheim_Chester_Disease,1
who,Cyto_Lung::Malignant::Lymphoid::Lymphomas,1
who,Cyto_Lung::Malignant::Lymphoid::Pulmonary_Langerhans_Cell_Histiocytosis,1
who,Cyto_Lung::Malignant::Malignant_Category_Definition_And_Criteria,1
who,Cyto_Lung::Malignant::NSCC::Adenocarcinoma_Of_The_Lung,1
who,Cyto_Lung::Malignant::NSCC::Non_Small_Cell_Carcinoma_NOS,1
who,Cyto_Lung::Malignant::NSCC::Squamous_Cell_Carcinoma,1
who,Cyto_Lung::Malignant::Neuroendocrine::Carcinoid_Neuroendocrine_Tumours,1
who,Cyto_Lung::Malignant::Neuroendocrine::Large_Cell_Neuroendocrine_Carcinoma,1
who,Cyto_Lung::Malignant::Neuroendocrine::Small_Cell_Lung_Carcinoma,1
who,Cyto_Lung::Malignant::Other::Diffuse_Pleural_Mesothelioma,1
who,Cyto_Lung::Malignant::Other::Paraganglioma,1
who,Cyto_Lung::Malignant::Other::Primary_Germ_Cell_Tumours_Mediastinum,1
who,Cyto_Lung::Malignant::Other::Pulmonary_And_Thoracic_Metastases,1
who,Cyto_Lung::Malignant::Other::Spindle_Cell_Tumours_Malignant,1
who,Cyto_Lung::Suspicious::Suspicious_Category_Definition_And_Criteria,1
who,Cyto_SoftTissue::Benign::Adipocytic::Hibernoma,1
who,Cyto_SoftTissue::Benign::Adipocytic::Lipoma,1
who,Cyto_SoftTissue::Benign::Adipocytic::Spindle_Cell_Pleomorphic_Lipoma,1
who,Cyto_SoftTissue::Benign::Benign_Category_Definition_And_Criteria,1
who,Cyto_SoftTissue::Benign::Chondro_Osseous::Myositis_Ossificans,1
who,Cyto_SoftTissue::Benign::Chondro_Osseous::Soft_Tissue_Chondroma,1
who,Cyto_SoftTissue::Benign::Epithelioid::Glomus_Tumour,1
who,Cyto_SoftTissue::Benign::Epithelioid::Granular_Cell_Tumour,1
who,Cyto_SoftTissue::Benign::Epithelioid::Rhabdomyoma,1
who,Cyto_SoftTissue::Benign::Epithelioid::Tenosynovial_Giant_Cell_Tumour,1
who,Cyto_SoftTissue::Benign::Mass_Forming_Inflammatory::Acute_Inflammation,1
who,Cyto_SoftTissue::Benign::Mass_Forming_Inflammatory::Fat_Necrosis,1
who,Cyto_SoftTissue::Benign::Mass_Forming_Inflammatory::Granulomatous_Suppurative_Inflammation,1
who,Cyto_SoftTissue::Benign::Mass_Forming_Inflammatory::IgG4_Related_Disease,1
who,Cyto_SoftTissue::Benign::Mass_Forming_Inflammatory::Ischaemic_Fasciitis,1
who,Cyto_SoftTissue::Benign::Myxoid_Stroma::Ganglion_Cyst,1
who,Cyto_SoftTissue::Benign::Myxoid_Stroma::Intramuscular_Juxta_Articular_Myxoma,1
who,Cyto_SoftTissue::Benign::Spindle_Cell::Elastofibroma,1
who,Cyto_SoftTissue::Benign::Spindle_Cell::Fibromatosis,1
who,Cyto_SoftTissue::Benign::Spindle_Cell::Haemangiomas,1
who,Cyto_SoftTissue::Benign::Spindle_Cell::Leiomyoma,1
who,Cyto_SoftTissue::Benign::Spindle_Cell::Myofibroblastoma,1
who,Cyto_SoftTissue::Benign::Spindle_Cell::Neurofibroma,1
who,Cyto_SoftTissue::Benign::Spindle_Cell::Nodular_Fasciitis,1
who,Cyto_SoftTissue::Benign::Spindle_Cell::Perineurioma,1
who,Cyto_SoftTissue::Benign::Spindle_Cell::Schwannoma,1
who,Cyto_SoftTissue::Malignant::Adipocytic::Dedifferentiated_Liposarcoma,1
who,Cyto_SoftTissue::Malignant::Adipocytic::Pleomorphic_Liposarcoma,1
who,Cyto_SoftTissue::Malignant::Epithelioid::Alveolar_Soft_Part_Sarcoma,1
who,Cyto_SoftTissue::Malignant::Epithelioid::Clear_Cell_Sarcoma_Of_Soft_Tissue,1
who,Cyto_SoftTissue::Malignant::Epithelioid::Epithelioid_Haemangioendothelioma,1
who,Cyto_SoftTissue::Malignant::Epithelioid::Epithelioid_Sarcoma,1
who,Cyto_SoftTissue::Malignant::Epithelioid::Extrarenal_Rhabdoid_Tumour,1
who,Cyto_SoftTissue::Malignant::Malignant_Category_Definition_And_Criteria,1
who,Cyto_SoftTissue::Malignant::Metastatic::Soft_Tissue_Metastases,1
who,Cyto_SoftTissue::Malignant::Myxoid::Chordoma,1
who,Cyto_SoftTissue::Malignant::Myxoid::Extraskeletal_Myxoid_Chondrosarcoma,1
who,Cyto_SoftTissue::Malignant::Myxoid::Myxofibrosarcoma,1
who,Cyto_SoftTissue::Malignant::Myxoid::Myxoid_Liposarcoma,1
who,Cyto_SoftTissue::Malignant::Myxoid::Myxoinflammatory_Fibroblastic_Sarcoma,1
who,Cyto_SoftTissue::Malignant::Pleomorphic::Intimal_Sarcoma,1
who,Cyto_SoftTissue::Malignant::Pleomorphic::Pleomorphic_Rhabdomyosarcoma,1
who,Cyto_SoftTissue::Malignant::Pleomorphic::Undifferentiated_Pleomorphic_Sarcoma,1
who,Cyto_SoftTissue::Malignant::Round_Cell::Alveolar_Rhabdomyosarcoma,1
who,Cyto_SoftTissue::Malignant::Round_Cell::CIC_Rearranged_Sarcoma,1
who,Cyto_SoftTissue::Malignant::Round_Cell::Desmoplastic_Small_Round_Cell_Tumour,1
who,Cyto_SoftTissue::Malignant::Round_Cell::Embryonal_Rhabdomyosarcoma,1
who,Cyto_SoftTissue::Malignant::Round_Cell::Ewing_Sarcoma,1
who,Cyto_SoftTissue::Malignant::Round_Cell::Neuroblastic_Tumours,1
who,Cyto_SoftTissue::Malignant::Round_Cell::Sarcoma_With_BCOR_Genetic_Alterations,1
who,Cyto_SoftTissue::Malignant::Spindle_Cell::Angiosarcoma,1
who,Cyto_SoftTissue::Malignant::Spindle_Cell::Gastrointestinal_Stromal_Tumour,1
who,Cyto_SoftTissue::Malignant::Spindle_Cell::Infantile_Fibrosarcoma,1
who,Cyto_SoftTissue::Malignant::Spindle_Cell::Kaposi_Sarcoma,1
who,Cyto_SoftTissue::Malignant::Spindle_Cell::Leiomyosarcoma,1
who,Cyto_SoftTissue::Malignant::Spindle_Cell::Low_Grade_Fibromyxoid_Sarcoma,1
who,Cyto_SoftTissue::Malignant::Spindle_Cell::Malignant_Melanotic_Nerve_Sheath_Tumour,1
who,Cyto_SoftTissue::Malignant::Spindle_Cell::Spindle_Cell_Sclerosing_Rhabdomyosarcoma,1
who,Cyto_SoftTissue::Malignant::Spindle_Cell::Synovial_Sarcoma,1
who,Cyto_SoftTissue::Mismatched_Tag::Entity_Not_Found_As_Leaf,2
who,Cyto_SoftTissue::STNUMP::STNUMP_Category_Definition_And_Criteria,1
who,Cyto_SoftTissue::STNUMP::Spindle_Cell::Angiomatoid_Fibrous_Histiocytoma,1
who,Cyto_SoftTissue::STNUMP::Spindle_Cell::Dermatofibrosarcoma_Protuberans,1
who,Cyto_SoftTissue::STNUMP::Spindle_Cell::Inflammatory_Myofibroblastic_Tumour,1
who,Cyto_SoftTissue::STNUMP::Spindle_Cell::Myoepithelial_Neoplasms,1
who,Cyto_SoftTissue::STNUMP::Spindle_Cell::PEComa,1
who,Cyto_SoftTissue::STNUMP::Spindle_Cell::Solitary_Fibrous_Tumour,1
who,Cyto_SoftTissue::Suspicious::Suspicious_Category_Definition_And_Criteria,1
who,ENDO::Adrenal::Adenomatoid_tumor,1
who,ENDO::Adrenal::Adrenal_cysts,1
who,ENDO::Adrenal::Adrenal_melanoma,1
who,ENDO::Adrenal::Adrenal_myelolipoma,1
who,ENDO::Adrenal::Adrenal_rests,1
who,ENDO::Adrenal::Adrenal_sex_cord_stromal_tumor,1
who,ENDO::Adrenal::Ganglioneuroblastoma_intermixed,1
who,ENDO::Adrenal::Ganglioneuroblastoma_nodular,1
who,ENDO::Adrenal::Ganglioneuroma,1
who,ENDO::GENETICS::Glucagon_cell_hyperplasia_and_neoplasia,1
who,ENDO::GENETICS::MAFA_related_familial_insulinomatosis,1
who,ENDO::GENETICS::Multiple_endocrine_neoplasia_type_4,1
who,ENDO::GENETICS::Non_syndromic_familial_follicular_cell_derived_Thyroid,1
who,ENDO::Germ_Cell_Tumors::Germ_cell_tumors_in_endocrine_organs,1
who,ENDO::Germ_Cell_Tumors::Teratomas_with_endocrine_differentiation,1
who,ENDO::HEME::Erdheim_Chester_disease,1
who,ENDO::HEME::Extranodal_marginal_zone_lymphoma_of_mucosa_associated_lymphoid_tissue,1
who,ENDO::HEME::Follicular_dendritic_cell_sarcoma,1
who,ENDO::HEME::IgG4_related_disease,1
who,ENDO::HEME::Rosai_Dorfman_disease,1
who,ENDO::Mesenchymal::Fibrous::Solitary_fibrous_tumor,1
who,ENDO::Mesenchymal::Lipocytic::Lipoma,1
who,ENDO::Mesenchymal::Peripheral_Nerve::Granular_cell_tumor,1
who,ENDO::Mesenchymal::Peripheral_Nerve::Malignant_peripheral_nerve_sheath_tumor,1
who,ENDO::Mesenchymal::Peripheral_Nerve::Neurofibroma,1
who,ENDO::Mesenchymal::Peripheral_Nerve::Schwannoma,1
who,ENDO::Mesenchymal::Skeletal_Muscle::Rhabdomyosarcomas,1
who,ENDO::Mesenchymal::Smooth_Muscle::Leiomyoma,1
who,ENDO::Mesenchymal::Vascular::Benign_vascular_tumors,1
who,ENDO::Mesenchymal::Vascular::Glomangioma_and_glomus_tumor,1
who,ENDO::Mesenchymal::Vascular::PEComa,1
who,ENDO::Metastasis::Metastasis_to_the_adrenal_gland,1
who,ENDO::Metastasis::Metastasis_to_the_pituitary_gland,1
who,ENDO::Metastasis::Metastasis_to_the_thyroid_gland,1
who,ENDO::Pancreatic::Mixed_NEN::Mixed_acinar_neuroendocrine_carcinoma,1
who,ENDO::Pancreatic::Mixed_NEN::Mixed_ductal_adenocarcinoma_neuroendocrine_neoplasms,1
who,ENDO::Pancreatic::NEN_Neoplasms::NEN_Tumors::Gastrinoma,1
who,ENDO::Pancreatic::NEN_Neoplasms::NEN_Tumors::Glucagonoma,1
who,ENDO::Pancreatic::NEN_Neoplasms::NEN_Tumors::Other_pancreatic_neuroendocrine_tumors_with_ectopic_hormone_production,1
who,ENDO::Pancreatic::NEN_Neoplasms::NEN_Tumors::Serotonin_producing_tumors_with_and_without_carcinoid_syndrome,1
who,ENDO::Pancreatic::NEN_Neoplasms::NEN_Tumors::Somatostatinoma,1
who,ENDO::Pancreatic::NEN_Neoplasms::NEN_Tumors::VIPoma,1
who,ENDO::Parathyroid::Parathyroid_lipoadenoma,1
who,ENDO::Pituitary::Other_Sellar::Chordoma,1
who,ENDO::Pituitary::Other_Sellar::Meningiomas,1
who,ENDO::Pituitary::PitNETs::Multiple_PitNETs::Multiple_synchronous_PitNETs_adenomas_of_distinct_lineages,1
who,ENDO::Pituitary::PitNETs::No_Lineage::Null_cell_PitNET_adenoma,1
who,ENDO::Pituitary::PitNETs::No_Lineage::Plurihormonal_PitNET_adenoma,1
who,ENDO::Pituitary::PitNETs::PIT1_Lineage::Acidophil_stem_cell_PitNET_adenoma,1
who,ENDO::Pituitary::PitNETs::PIT1_Lineage::Immature_PIT1_lineage_PitNET_adenoma,1
who,ENDO::Pituitary::PitNETs::PIT1_Lineage::Mammosomatotroph_PitNET_adenoma,1
who,ENDO::Pituitary::PitNETs::PIT1_Lineage::Thyrotroph_PitNET_adenoma,1
who,ENDO::Pituitary::Posterior_Tumors::Neuronal_Tumors::Gangliocytoma_and_mixed_gangliocytoma_PitNET_adenoma,1
who,ENDO::Thymus::Spindle_epithelial_tumor_with_thymus_like_elements,1
who,ENDO::Thymus::Thymoma,1
who,ENDO::Thyroid::Developmental::Thyroglossal_duct_cyst,1
who,ENDO::Thyroid::Embryonal_Tumors::Thyroblastoma,1
who,ENDO::Thyroid::Follicular_Tumors::Benign::Follicular_thyroid_adenoma_with_papillary_architecture,1
who,ENDO::Thyroid::Mixed_Carcinomas::Mixed_medullary_and_follicular_cell_derived_thyroid_carcinoma,1
who,ENDO::Thyroid::Salivary_Carcinoma::Mucoepidermoid_carcinoma,1
who,ENDO::Thyroid::Salivary_Carcinoma::Secretory_carcinoma,1
who,ENDO::Thyroid::Uncertain_Histogenesis::Sclerosing_mucoepidermoid_carcinoma_with_eosinophilia,1
who,EYE::Bone::Chondrogenic::Mesenchymal_Chondrosarcoma,1
who,EYE::Bone::Chondrogenic::Soft_Tissue_Chondroma,1
who,EYE::Bone::Fibrous::Fibrous_Dysplasia,1
who,EYE::Bone::Giant_Cell::Aneurysmal_Bone_Cyst,1
who,EYE::Bone::Giant_Cell::Giant_Cell_Tumor_of_Bone,1
who,EYE::Bone::Osteogenic::Osteoblastoma,1
who,EYE::Bone::Osteogenic::Osteoma,1
who,EYE::Bone::Osteogenic::Osteosarcoma,1
who,EYE::Bone::Other::Ewing_Sarcoma,1
who,EYE::Bone::Vascular::Angiosarcoma_of_Bone,1
who,EYE::Bone::Vascular::Epithelioid_Hemangioendothelioma,1
who,EYE::Bone::Vascular::Hemangioma_of_Bone,1
who,EYE::Conj::Benign::Conjunctival_Oncocytoma,1
who,EYE::Conj::Benign::Conjunctival_Squamous_Cell_Papilloma,1
who,EYE::Conj::Benign::Hereditary_Benign_Intraepithelial_Dyskeratosis,1
who,EYE::Conj::Malignant::Adenosquamous_Carcinoma,1
who,EYE::Conj::Melanocytic::Benign::Blue_Nevus_of_the_Conjunctiva,1
who,EYE::Conj::Melanocytic::Benign::Combined_Nevus,1
who,EYE::Conj::Melanocytic::Benign::Inflamed_Juvenile_Conjunctival_Nevus,1
who,EYE::Conj::Melanocytic::Benign::WNT_activated_Deep_Penetrating_plexiform_Melanocytoma_nevus,1
who,EYE::Conj::Melanocytic::Benign:_Melanosis_of_the_Conjunctiva,1
who,EYE::Conj::Melanocytic::Malignant::Conjunctival_Melanocytic_Intraepithelial_Lesions,1
who,EYE::Conj::Tumor_like::Choristoma::Epibulbar_Choristoma_dermoid_dermolipoma_complex_choristoma,1
who,EYE::Conj::Tumor_like::Choristoma::Epibulbar_Osseous_Choristoma,1
who,EYE::Conj::Tumor_like::Cyst::Epithelial_Conjunctival_Inclusion_Cyst,1
who,EYE::Conj::Tumor_like::Reactive::Pterygium_and_Pingueculum,1
who,EYE::Conj::Tumor_like::Reactive::Reactive_Epithelial_Hyperplasia_of_the_Conjunctiva,1
who,EYE::Eyelid::Adnexal::Benign::Ductal_Hidrocystoma,1
who,EYE::Eyelid::Adnexal::Benign::Mixed_Tumor,1
who,EYE::Eyelid::Adnexal::Benign::Pilomatricoma,1
who,EYE::Eyelid::Adnexal::Benign::Sebaceous_Hyperplasia_Adenoma_and_Sebaceoma,1
who,EYE::Eyelid::Adnexal::Benign::Syringocystadenoma_Papilliferum,1
who,EYE::Eyelid::Adnexal::Benign::Syringoma,1
who,EYE::Eyelid::Adnexal::Benign::Tubular_Adenoma,1
who,EYE::Eyelid::Adnexal::Malignant::Apocrine_Carcinoma,1
who,EYE::Eyelid::Adnexal::Malignant::Endocrine_Mucin_producing_Sweat_Gland_Carcinoma,1
who,EYE::Eyelid::Adnexal::Malignant::Microcystic_Adnexal_Carcinoma,1
who,EYE::Eyelid::Adnexal::Malignant::Mucinous_Carcinoma,1
who,EYE::Eyelid::Adnexal::Malignant::Sebaceous_Carcinoma,1
who,EYE::Eyelid::Adnexal::Malignant::Signet_ring_Cell_histiocytoid_Carcinoma,1
who,EYE::Eyelid::Benign_Premalignant::Actinic_Keratosis,1
who,EYE::Eyelid::Benign_Premalignant::Inverted_Follicular_Keratosis,1
who,EYE::Eyelid::Benign_Premalignant::Molluscum_Contagiosum,1
who,EYE::Eyelid::Benign_Premalignant::Seborrheic_Keratosis,1
who,EYE::Eyelid::Benign_Premalignant::Squamous_Cell_Papilloma,1
who,EYE::Eyelid::Benign_Premalignant::Verruca_Vulgaris,1
who,EYE::Eyelid::Malignant::Basal_Cell_Carcinoma,1
who,EYE::Eyelid::Malignant::Merkel_Cell_Carcinoma,1
who,EYE::Eyelid::Melanocytic::Benign_Premalignant::In_situ_Cutaneous_Melanoma,1
who,EYE::Eyelid::Melanocytic::Benign_Premalignant::Nevi_of_the_Eyelid,1
who,EYE::Eyelid::Melanocytic::Benign_Premalignant::Spitz_Nevus,1
who,EYE::Eyelid::Tumor_like::Choristoma::Phakomatous_Choristoma,1
who,EYE::Eyelid::Tumor_like::Cyst::Epidermal_Inclusion_Cyst,1
who,EYE::Eyelid::Tumor_like::Cyst::Intratarsal_Cyst,1
who,EYE::GENETICS::BAP1_Tumor_Predisposition_Syndrome,1
who,EYE::GENETICS::Goldenhar_Syndrome,1
who,EYE::GENETICS::Neurofibromatosis_Type_1_NF1,1
who,EYE::GENETICS::Retinoblastoma_Syndrome,1
who,EYE::GENETICS::Von_Hippel_Lindau_Syndrome,1
who,EYE::HEME::Histiocytic_Dendritic::Histiocytic::Erdheim_Chester_Disease,1
who,EYE::HEME::Histiocytic_Dendritic::Histiocytic::Rosai_Dorfman_Disease,1
who,EYE::HEME::Histiocytic_Dendritic::Langerhans::Xanthelasma,1
who,EYE::HEME::Intraocular_Lymphoid::Primary_Choroidal_Lymphoma,1
who,EYE::HEME::Myeloid::Extramedullary_Myeloid_Sarcoma,1
who,EYE::HEME::OAL::B_Cell_Lymphoma::Mantle_Cell_Lymphoma,1
who,EYE::HEME::OAL::B_Cell_Lymphoma::Plasmacytoma,1
who,EYE::HEME::OAL::T_NK_Cell_Lymphoma::CD30_Positive_Lymphoproliferative_Disorders,1
who,EYE::HEME::OAL::T_NK_Cell_Lymphoma::Extranodal_Lymphoma_of_Mature_NK_or_T_cell_Lineage,1
who,EYE::HEME::OAL::T_NK_Cell_Lymphoma::T_cell_Lymphomas,1
who,EYE::HEME::Reactive_Lymphoid::Reactive_Lymphoid_Hyperplasia,1
who,EYE::Lacrimal_Drainage::Benign_Premalignant::Papillomas_squamous_and_inverted,1
who,EYE::Lacrimal_Drainage::Malignant::Adenocarcinoma_NOS_of_the_Lacrimal_Drainage_System,1
who,EYE::Lacrimal_Drainage::Malignant::Lymphoepithelial_Carcinoma,1
who,EYE::Lacrimal_Drainage::Malignant::Other_Salivary_Gland_type_Carcinomas_of_the_Lacrimal_Drainage_System,1
who,EYE::Lacrimal_Drainage::Malignant::Squamous_Cell_Carcinoma,2
who,EYE::Lacrimal_Drainage::Melanocytic::Melanoma_Involving_the_Lacrimal_Drainage_System,1
who,EYE::Lacrimal_Gland::Benign_Premalignant::Intraductal_Carcinoma,1
who,EYE::Lacrimal_Gland::Benign_Premalignant::Lacrimal_Gland_Oncocytoma,1
who,EYE::Lacrimal_Gland::Benign_Premalignant::Myoepithelioma,1
who,EYE::Lacrimal_Gland::Cyst::Dacryops_Cyst,1
who,EYE::Lacrimal_Gland::Malignant::Adenocarcinoma_NOS,1
who,EYE::Lacrimal_Gland::Malignant::Adenoid_Cystic_Carcinoma,2
who,EYE::Lacrimal_Gland::Malignant::Carcinoma_ex_Pleomorphic_Adenoma,1
who,EYE::Lacrimal_Gland::Malignant::Mucoepidermoid_Carcinoma,2
who,EYE::Lacrimal_Gland::Malignant::Primary_Ductal_Adenocarcinoma_of_the_Lacrimal_Gland,1
who,EYE::Lacrimal_Gland::Malignant::Secretory_Carcinoma,1
who,EYE::Optic_Nerve::Primary::Malformation::Optic_Nerve_Choristoma,1
who,EYE::Optic_Nerve::Primary::Melanocytic::Melanocytoma_of_the_Optic_Disc_and_Optic_Nerve,1
who,EYE::Optic_Nerve::Primary::Meningeal::Meningioma_of_the_Optic_Nerve,1
who,EYE::Optic_Nerve::Primary::Pigment_Epithelial::Medulloepithelioma_of_the_Optic_Disc_and_Optic_Nerve,1
who,EYE::Orbit::Choristoma_Malformation::Hamartoma::Orbital_Glial_Heterotopia,1
who,EYE::Orbit::Choristoma_Malformation::Vascular_Malformation::Arteriovenous_Malformation,1
who,EYE::Orbit::Choristoma_Malformation::Vascular_Malformation::Cavernous_Vascular_Malformation,1
who,EYE::Orbit::Choristoma_Malformation::Vascular_Malformation::Combined_Lymphatic_Venous_Malformation_of_the_Orbit,1
who,EYE::Orbit::Choristoma_Malformation::Vascular_Malformation::Orbital_Venous_Malformation,1
who,EYE::Orbit::Germ_Cell::Yolk_Sac_Tumor,1
who,EYE::Orbit::Melanocytic::Primary_Orbital_Melanoma,1
who,EYE::Retina_Neuro::Iris_Ciliary_Neuro::Reactive_Cystic::Glioneuronal_Hamartoma_of_the_Ciliary_Body,1
who,EYE::Retina_Neuro::Iris_Ciliary_Neuro::Reactive_Cystic::Nodular_Hyperplasia_of_the_Ciliary_Epithelium,1
who,EYE::Retina_Neuro::Iris_Ciliary_Neuro::Reactive_Cystic::Reactive_Epithelial_Hyperplasia_of_the_Ciliary_Epithelium,1
who,EYE::Retina_Neuro::Neurosensory_Retina::Benign::Astrocytic_Tumors,1
who,EYE::Retina_Neuro::Neurosensory_Retina::Benign::Nodular_and_Massive_Retinal_Gliosis,1
who,EYE::Retina_Neuro::RPE::Benign_Malignant::Adenoma_and_Adenocarcinoma_of_the_Retinal_Pigment_Epithelium,1
who,EYE::Retina_Neuro::RPE::Reactive_Hamartoma::Congenital_Hypertrophy_of_the_Retinal_Pigment_Epithelium,1
who,EYE::Retina_Neuro::RPE::Reactive_Hamartoma::Hamartoma_of_the_Retinal_Pigment_Epithelium,1
who,EYE::Retina_Neuro::RPE::Reactive_Hamartoma::Reactive_Hyperplasia_of_the_Retinal_Pigment_Epithelium,1
who,EYE::Soft_Tissue::Adipocytic::Benign_Lipomatous_Tumors,1
who,EYE::Soft_Tissue::Fibrous::Angiomyxoma,1
who,EYE::Soft_Tissue::Fibrous::Conjunctival_Stromal_Tumor_and_Ocular_Surface_Fibroma,1
who,EYE::Soft_Tissue::Fibrous::Fibrous_Histiocytoma,1
who,EYE::Soft_Tissue::Fibrous::Inflammatory_Myofibroblastic_Tumor,1
who,EYE::Soft_Tissue::Fibrous::Nodular_and_Proliferative_Fasciitis_Proliferative_Myositis,1
who,EYE::Soft_Tissue::Fibrous::Solitary_Fibrous_Tumor,1
who,EYE::Soft_Tissue::PNST::Granular_Cell_Tumor,1
who,EYE::Soft_Tissue::PNST::Malignant_Peripheral_Nerve_Sheath_Tumor,1
who,EYE::Soft_Tissue::PNST::Neurofibroma,1
who,EYE::Soft_Tissue::PNST::Solitary_Circumscribed_Neuroma,1
who,EYE::Soft_Tissue::Perivascular::Glomus_Tumor,1
who,EYE::Soft_Tissue::Perivascular::Myopericytoma_including_Myofibroma,1
who,EYE::Soft_Tissue::Skeletal_Muscle::Rhabdomyosarcoma_Family,1
who,EYE::Soft_Tissue::Smooth_Muscle::Leiomyoma,1
who,EYE::Soft_Tissue::Smooth_Muscle::Leiomyosarcoma,1
who,EYE::Soft_Tissue::Smooth_Muscle::Mesectodermal_Leiomyoma,1
who,EYE::Soft_Tissue::Uncertain::Alveolar_Soft_Part_Sarcoma,1
who,EYE::Soft_Tissue::Uncertain::Epithelioid_Sarcoma,1
who,EYE::Soft_Tissue::Uncertain::PEComa,1
who,EYE::Soft_Tissue::Uncertain::Synovial_Sarcoma,1
who,EYE::Soft_Tissue::Vascular::Angiosarcoma,1
who,EYE::Soft_Tissue::Vascular::Epithelioid_Hemangioma,1
who,EYE::Soft_Tissue::Vascular::Hemangioblastoma,1
who,EYE::Soft_Tissue::Vascular::Infantile_Hemangioma,1
who,EYE::Soft_Tissue::Vascular::Lobular_Capillary_Hemangioma,1
who,EYE::Soft_Tissue::Vascular::Lymphangiectasia,1
who,EYE::Soft_Tissue::Vascular::Masson_Tumor,1
who,EYE::Uvea::Choroid_Ciliary::Benign_Melanocytic::Uveal_Melanocytoma,1
who,EYE::Uvea::Iris::Benign_Hamartoma::Ectopic_Tissue,1
who,EYE::Uvea::Iris::Benign_Hamartoma::Implantation_Cyst,1
who,EYE::Uvea::Iris::Benign_Hamartoma::Lisch_Nodule,1
who,EYE::Uvea::Iris::Benign_Hamartoma::Pigmented_Epithelial_Cyst,1
who,EYE::Uvea::Iris::Melanocytic::Iris_Nevus,1
who,EYE::Uvea::Iris::Melanocytic::Ocular_Melanocytosis,1
who,GENETICS::CELL_CYCLE_APOPTOSIS::FAS_PATHWAY:Autoimmune_Lymphoproliferative_Syndrome_FAS_,1
who,GENETICS::CELL_CYCLE_APOPTOSIS::P53_PATHWAY:Li_Fraumeni_Syndrome_TP53_,1
who,GENETICS::CELL_CYCLE_APOPTOSIS::RB_PATHWAY:CDK4_Related_Melanoma_Predisposition_Syndrome_CDK4_,1
who,GENETICS::CELL_CYCLE_APOPTOSIS::RB_PATHWAY:Multiple_Endocrine_Neoplasia_Type_4_CDKN1B_,1
who,GENETICS::DNA_REPAIR_STABILITY::BASE_EXCISION_REPAIR:MBD4_Associated_Neoplasia_Syndrome_MBD4_,1
who,GENETICS::DNA_REPAIR_STABILITY::BASE_EXCISION_REPAIR:MUTYH_Associated_Polyposis_MUTYH_,1
who,GENETICS::DNA_REPAIR_STABILITY::BASE_EXCISION_REPAIR:NTHL1_Related_Tumor_Syndrome_NTHL1_,1
who,GENETICS::DNA_REPAIR_STABILITY::CHROMOSOMAL_ANEUPLOIDY:Klinefelter_Syndrome,1
who,GENETICS::DNA_REPAIR_STABILITY::CHROMOSOMAL_ANEUPLOIDY:Mosaic_Variegated_Aneuploidy_BUB1B_CEP57_TRIP13_BUB1_BUB3_,1
who,GENETICS::DNA_REPAIR_STABILITY::CHROMOSOMAL_ANEUPLOIDY:Turner_Syndrome,1
who,GENETICS::DNA_REPAIR_STABILITY::HELICASES:Bloom_Syndrome_BLM_,1
who,GENETICS::DNA_REPAIR_STABILITY::HELICASES:DDX41_Related_Hematologic_Tumor_Predisposition_Syndrome_DDX41_,1
who,GENETICS::DNA_REPAIR_STABILITY::HELICASES:Rothmund_Thomson_Syndrome_ANAPC1_RECQL4_,1
who,GENETICS::DNA_REPAIR_STABILITY::HELICASES:Werner_Syndrome_WRN_,1
who,GENETICS::DNA_REPAIR_STABILITY::HOMOLOGOUS_RECOMBINATION:PALB2_Related_Cancer_Predisposition_Syndrome_PALB2_,1
who,GENETICS::DNA_REPAIR_STABILITY::HOMOLOGOUS_RECOMBINATION:RAD51_Related_Cancer_Predisposition_Syndrome_RAD51C_RAD51D_,1
who,GENETICS::DNA_REPAIR_STABILITY::NHEJ_REPAIR:Ataxia_Telangiectasia_Syndrome_ATM_,1
who,GENETICS::DNA_REPAIR_STABILITY::NHEJ_REPAIR:CHEK2_Related_Hereditary_Breast_Cancer_Predisposition_Syndrome_CHEK2_,1
who,GENETICS::DNA_REPAIR_STABILITY::NHEJ_REPAIR:Nijmegen_Breakage_Syndrome_NBN_,1
who,GENETICS::DNA_REPAIR_STABILITY::NUCLEOTIDE_EXCISION_REPAIR:Xeroderma_Pigmentosum,1
who,GENETICS::EPIGENETICS_CHROMATIN::CHROMATIN_REMODELING:Clear_Cell_Meningioma_Predisposition_Syndrome_SMARCE1_,1
who,GENETICS::EPIGENETICS_CHROMATIN::CHROMATIN_REMODELING:Schwannomatosis_SMARCB1_LZTR1_,1
who,GENETICS::EPIGENETICS_CHROMATIN::CHROMATIN_REMODELING:Weaver_Syndrome_EZH2_,1
who,GENETICS::EPIGENETICS_CHROMATIN::IMPRINTING_DISORDERS:Beckwith_Wiedemann_Spectrum_IGF2_CDKN1C_,1
who,GENETICS::GROWTH_FACTOR_SIGNALING::GCPR_PATHWAY:Glucagon_Cell_Hyperplasia_and_Neoplasia_GCGR_,1
who,GENETICS::GROWTH_FACTOR_SIGNALING::GCPR_PATHWAY:McCune_Albright_Syndrome_GNAS_,1
who,GENETICS::GROWTH_FACTOR_SIGNALING::GCPR_PATHWAY:Sturge_Weber_Syndrome_GNAQ_,1
who,GENETICS::GROWTH_FACTOR_SIGNALING::GF_RECEPTORS:Encephalocraniocutaneous_Lipomatosis_FGFR1_,1
who,GENETICS::GROWTH_FACTOR_SIGNALING::GF_RECEPTORS:Hereditary_Neuroblastoma_ALK_PHOX2B_,1
who,GENETICS::GROWTH_FACTOR_SIGNALING::GF_RECEPTORS:Hereditary_Papillary_Renal_Carcinoma_MET_,1
who,GENETICS::GROWTH_FACTOR_SIGNALING::GF_RECEPTORS:Juvenile_Polyposis_Syndrome_BMPR1A_SMAD4_,1
who,GENETICS::GROWTH_FACTOR_SIGNALING::HEDGEHOG_PATHWAY:ELP1_Related_Medulloblastoma_Predisposition_Syndrome_ELP1_,1
who,GENETICS::GROWTH_FACTOR_SIGNALING::HEDGEHOG_PATHWAY:Osteochondromatosis_EXT1_EXT2_,1
who,GENETICS::GROWTH_FACTOR_SIGNALING::HEDGEHOG_PATHWAY:SMO_Related_Curry_Jones_Syndrome_SMO_,1
who,GENETICS::GROWTH_FACTOR_SIGNALING::MTOR_PI3K_PATHWAY:Activated_Phosphatidylinositol_3_OH_Kinase_delta_Syndrome_APDS_PIK3CD_,1
who,GENETICS::GROWTH_FACTOR_SIGNALING::MTOR_PI3K_PATHWAY:PTEN_Hamartoma_Tumor_Syndrome_PTEN_,1
who,GENETICS::GROWTH_FACTOR_SIGNALING::NF_KB_PATHWAY:Brooke_Spiegler_Syndrome_CYLD_,1
who,GENETICS::GROWTH_FACTOR_SIGNALING::PKA_PATHWAY:Carney_Complex_PRKAR1A_PDE8B_PDE11A_,1
who,GENETICS::GROWTH_FACTOR_SIGNALING::PKA_PATHWAY:PROS_Syndrome_PIK3CA_,1
who,GENETICS::GROWTH_FACTOR_SIGNALING::RAS_MAPK_PATHWAY:Costello_Syndrome_HRAS_,1
who,GENETICS::GROWTH_FACTOR_SIGNALING::RAS_MAPK_PATHWAY:Schimmelpenning_Feuerstein_Mims_HRAS_KRAS_,1
who,GENETICS::GROWTH_FACTOR_SIGNALING::TRANSCRIPTION_REGULATORS:Birt_Hogg_Dube_Syndrome_FLCN_,1
who,GENETICS::GROWTH_FACTOR_SIGNALING::TRANSCRIPTION_REGULATORS:Familial_Chordoma_TBXT_,1
who,GENETICS::GROWTH_FACTOR_SIGNALING::TRANSCRIPTION_REGULATORS:MAFA_Related_Familial_Insulinomatosis_MAFA_,1
who,GENETICS::GROWTH_FACTOR_SIGNALING::WNT_TGFBETA_PATHWAY:AXIN2_Associated_Polyposis_AXIN2_,1
who,GENETICS::GROWTH_FACTOR_SIGNALING::WNT_TGFBETA_PATHWAY:Gastric_Adenocarcinoma_and_Proximal_Polyposis_of_Stomach_GAPPS_APC_Promoter,1
who,GENETICS::GROWTH_FACTOR_SIGNALING::WNT_TGFBETA_PATHWAY:Hereditary_Mixed_Polyposis_Syndrome_GREM1_,1
who,GENETICS::GROWTH_FACTOR_SIGNALING::WNT_TGFBETA_PATHWAY:Peutz_Jeghers_Syndrome_STK11_,1
who,GENETICS::GROWTH_FACTOR_SIGNALING::WNT_TGFBETA_PATHWAY:Serrated_Polyposis_RNF43_,1
who,GENETICS::GROWTH_FACTOR_SIGNALING::WNT_TGFBETA_PATHWAY:WAGR_Syndrome_WT1_,1
who,GENETICS::GROWTH_FACTOR_SIGNALING::WNT_TGFBETA_PATHWAY:WT1_Related_Tumor_Predisposition_Syndrome_WT1_,1
who,GENETICS::METABOLISM_OXIDATIVE_STRESS::ANGIOGENESIS:Von_Hippel_Lindau_Syndrome_VHL_,1
who,GENETICS::METABOLISM_OXIDATIVE_STRESS::TOXIC_METABOLITES:Hereditary_Tyrosinemia_Type_1_FAH_,1
who,GENETICS::PROTEIN_REGULATION::UBIQUITIN_PATHWAY:BAP1_Related_Tumor_Predisposition_Syndrome_BAP1_,1
who,GENETICS::RNA_REGULATION::MICRORNA:MicroRNA_Processor_Tumor_Predisposition_Syndromes_DROSHA_DGCR8_,1
who,GENETICS::RNA_REGULATION::RNA_SPLICING:Goldenhar_Syndrome_MYT1_SF3B2_,1
who,GENETICS::TELOMERE_MAINTENANCE::TELOMERE_BIOLOGY:Dyskeratosis_Congenita_DKC1_TERT_TERC_TINF2_Other_IBMFS_Genes,1
who,GI::Anus::Anal_Neuroendocrine_Neoplasms,1
who,GI::Anus::Benign_Precursors::Anal_Condyloma,1
who,GI::Anus::Benign_Precursors::Anal_Squamous_Dysplasia_intraepithelial_neoplasia,1
who,GI::Anus::Benign_Precursors::Inflammatory_Cloacogenic_Polyp,1
who,GI::Appendix::Appendiceal_Adenocarcinoma,1
who,GI::Appendix::Appendiceal_Goblet_Cell_Adenocarcinoma,1
who,GI::Appendix::Appendiceal_Mucinous_Neoplasm,1
who,GI::Appendix::Appendiceal_Serrated_Lesions_and_Polyps,1
who,GI::Esophagus::Benign_Precursors::Esophageal_Squamous_Dysplasia,1
who,GI::Esophagus::Benign_Precursors::Esophageal_Squamous_Papilloma,1
who,GI::Esophagus::Esophageal_Adenoid_Cystic_Carcinoma,1
who,GI::Esophagus::Esophageal_Adenosquamous_and_Mucoepidermoid_Carcinomas,1
who,GI::Esophagus::Esophageal_Neuroendocrine_Neoplasms,1
who,GI::Esophagus::Esophageal_Undifferentiated_Carcinoma,1
who,GI::GENETICS::Syndromes::Cowden_Syndrome,1
who,GI::GENETICS::Syndromes::Familial_Pancreatic_Cancer,1
who,GI::GENETICS::Syndromes::GAPPS_and_Other_Fundic_Gland_Polyposes,1
who,GI::GENETICS::Syndromes::Other_Adenomatous_Polyposes,1
who,GI::GENETICS::Syndromes::Peutz_Jeghers_Syndrome,1
who,GI::Gallbladder_Bile_Ducts::Benign_Precursors::Pyloric_Gland_Adenoma_of_the_Gallbladder,1
who,GI::HEME::Common_Hema::Extranodal_NK_T_Cell_Lymphoma,1
who,GI::HEME::Common_Hema::Follicular_Dendritic_Cell_Sarcoma,1
who,GI::HEME::Common_Hema::Follicular_Lymphoma,1
who,GI::HEME::Common_Hema::Histiocytic_Sarcoma,1
who,GI::HEME::Common_Hema::Langerhans_Cell_Histiocytosis,1
who,GI::HEME::Common_Hema::Mantle_Cell_Lymphoma,1
who,GI::HEME::Common_Hema::Plasmablastic_Lymphoma,1
who,GI::HEME::Common_Hema::Posttransplant_Lymphoproliferative_Disorders,1
who,GI::HEME::Site_Specific_Hema::Duodenal_Type_Follicular_Lymphoma,1
who,GI::HEME::Site_Specific_Hema::EBV_inflammatory_follicular_dendritic_cell_sarcoma_of_the_digestive_tract,1
who,GI::HEME::Site_Specific_Hema::Hepatosplenic_T_Cell_Lymphoma,1
who,GI::HEME::Site_Specific_Hema::Indolent_T_Cell_Lymphoproliferative_Disorder_of_the_GI_Tract,1
who,GI::HEME::Site_Specific_Hema::Intestinal_T_Cell_Lymphoma_NOS,1
who,GI::HEME::Site_Specific_Hema::Monomorphic_Epitheliotropic_Intestinal_T_Cell_Lymphoma,1
who,GI::Hepatobiliary::Benign_Biliary_Precursors::Bile_Duct_Adenoma,1
who,GI::Hepatobiliary::Benign_Biliary_Precursors::Biliary_Adenofibroma,1
who,GI::Hepatobiliary::Benign_Hepatocellular::Focal_Nodular_Hyperplasia_of_the_Liver,1
who,GI::Hepatobiliary::Malignant_Biliary::Hepatic_Neuroendocrine_Neoplasms,1
who,GI::Mesenchymal::Fibroblastic_Adipose::Desmoid_Fibromatosis,1
who,GI::Mesenchymal::Fibroblastic_Adipose::Inflammatory_Fibroid_Polyp,1
who,GI::Mesenchymal::Fibroblastic_Adipose::Inflammatory_Myofibroblastic_Tumor,1
who,GI::Mesenchymal::Fibroblastic_Adipose::Lipoma,1
who,GI::Mesenchymal::Fibroblastic_Adipose::Plexiform_Fibromyxoma,1
who,GI::Mesenchymal::Fibroblastic_Adipose::Solitary_Fibrous_Tumor,1
who,GI::Mesenchymal::Muscle::Leiomyoma,1
who,GI::Mesenchymal::Muscle::Leiomyosarcoma,1
who,GI::Mesenchymal::Muscle::Rhabdomyosarcoma,1
who,GI::Mesenchymal::Neural::Ganglioneuroma_and_Ganglioneuromatosis,1
who,GI::Mesenchymal::Neural::Granular_Cell_Tumor,1
who,GI::Mesenchymal::Neural::Perineurioma,1
who,GI::Mesenchymal::Neural::Schwannoma,1
who,GI::Mesenchymal::Uncertain_Diff::Calcifying_Nested_Stromal_Epithelial_Tumor_of_the_Liver,1
who,GI::Mesenchymal::Uncertain_Diff::Embryonal_Sarcoma_of_the_Liver,1
who,GI::Mesenchymal::Uncertain_Diff::Gastrointestinal_Clear_Cell_Sarcoma_Malignant_Gastrointestinal_Neuroectodermal_Tumor,1
who,GI::Mesenchymal::Uncertain_Diff::Mesenchymal_Hamartoma_of_the_Liver,1
who,GI::Mesenchymal::Uncertain_Diff::PEComa_including_Angiomyolipoma,1
who,GI::Mesenchymal::Uncertain_Diff::Synovial_Sarcoma,1
who,GI::Mesenchymal::Vascular_Perivascular::Angiosarcoma,1
who,GI::Mesenchymal::Vascular_Perivascular::Epithelioid_Hemangioendothelioma_prev_Vascular_Tumors_in_Liver,1
who,GI::Mesenchymal::Vascular_Perivascular::Glomus_Tumor,1
who,GI::Mesenchymal::Vascular_Perivascular::Kaposi_Sarcoma,1
who,GI::Mesenchymal::Vascular_Perivascular::Lymphangioma_and_Lymphangiomatosis,1
who,GI::Other::Germ_Cell_Tumors_of_the_Digestive_System,1
who,GI::Other::Mucosal_Melanoma_of_the_Digestive_System,1
who,GI::Pancreas::Benign_Precursors::Acinar_Cystic_Transformation_of_the_Pancreas,1
who,GI::Pancreas::Benign_Precursors::Pancreatic_Intraductal_Oncocytic_Papillary_Neoplasm,1
who,GI::Pancreas::Benign_Precursors::Pancreatic_Intraductal_Tubulopapillary_Neoplasm,1
who,GI::Pancreas::PanNEN::Functioning_PanNEN::ACTH_Producing_Neuroendocrine_Tumor,1
who,GI::Pancreas::PanNEN::Functioning_PanNEN::Gastrinoma,1
who,GI::Pancreas::PanNEN::Functioning_PanNEN::Glucagonoma,1
who,GI::Pancreas::PanNEN::Functioning_PanNEN::Insulinoma,1
who,GI::Pancreas::PanNEN::Functioning_PanNEN::Serotonin_Producing_Neuroendocrine_Tumor,1
who,GI::Pancreas::PanNEN::Functioning_PanNEN::Somatostatinoma,1
who,GI::Pancreas::PanNEN::Functioning_PanNEN::VIPoma,1
who,GI::Pancreas::PanNEN::Pancreatic_MiNENs,1
who,GI::Pancreas::Pancreatic_Neuroendocrine_Neoplasms_Introduction,1
who,GI::Small_Intestine_Ampulla::Benign_Precursors::Non_Ampullary_Adenoma,1
who,GI::Stomach::Benign_Precursors::Foveolar_Type_Adenoma,1
who,GI::Stomach::Benign_Precursors::Fundic_Gland_Polyps,1
who,GI::Stomach::Benign_Precursors::Gastric_Hyperplastic_Polyps,1
who,GI::Stomach::Benign_Precursors::Gastric_Pyloric_Gland_Adenoma,1
who,GI::Stomach::Benign_Precursors::Intestinal_Type_Gastric_Adenoma,1
who,GI::Stomach::Benign_Precursors::Oxyntic_Gland_Adenoma,1
who,GI::Stomach::Gastric_Adenosquamous_Carcinoma,1
who,GI::Stomach::Gastric_Squamous_Cell_Carcinoma,1
who,GI::Stomach::Gastric_Undifferentiated_Carcinoma,1
who,GI::Stomach::Gastroblastoma,1
who,GU::HEME::B_Cell_Lymphoma::Diffuse_Large_B_Cell_Lymphoma,1
who,GU::HEME::B_Cell_Lymphoma::Extranodal_Marginal_Zone_Lymphoma_of_MALT,1
who,GU::HEME::B_Cell_Lymphoma::Plasmacytoma,1
who,GU::HEME::Histiocytic::Juvenile_Xanthogranuloma,1
who,GU::Kidney::Embryonal::Clear_Cell_Sarcoma,1
who,GU::Kidney::Embryonal::Congenital_Mesoblastic_Nephroma,1
who,GU::Kidney::Embryonal::Cystic_Partially_Differentiated_Nephroblastoma,1
who,GU::Kidney::Embryonal::Germ_Cell_Tumors,1
who,GU::Kidney::Embryonal::Nephrogenic_Rests,1
who,GU::Kidney::Embryonal::Rhabdoid_Tumor,1
who,GU::Kidney::Mesenchymal_Stromal::Epithelioid_Angiomyolipoma_PEComa,1
who,GU::Kidney::Mesenchymal_Stromal::Juxtaglomerular_Cell_Tumor,1
who,GU::Kidney::Mesenchymal_Stromal::Metanephric_Adenofibroma,1
who,GU::Kidney::Mesenchymal_Stromal::Metanephric_Stromal_Tumor,1
who,GU::Kidney::Mesenchymal_Stromal::Mixed_Epithelial_Stromal_Tumor,1
who,GU::Kidney::Mesenchymal_Stromal::Ossifying_Renal_Tumor_of_Infancy,1
who,GU::Kidney::Mesenchymal_Stromal::Pediatric_Cystic_Nephroma,1
who,GU::Kidney::Mesenchymal_Stromal::Renal_Hemangioblastoma,1
who,GU::Kidney::Mesenchymal_Stromal::Renomedullary_Interstitial_Cell_Tumor,1
who,GU::Kidney::RCC_Molecular::ALK_rearranged_RCC,1
who,GU::Kidney::RCC_Molecular::ELOC_Mutated_RCC,1
who,GU::Kidney::RCC_Molecular::Fumarate_Hydratase_Deficient_RCC,1
who,GU::Kidney::RCC_Molecular::Succinate_Dehydrogenase_Deficient_RCC,1
who,GU::Kidney::RCC_Molecular::TFE3_rearranged_RCC,1
who,GU::Kidney::RCC_Molecular::TFEB_altered_RCC,1
who,GU::Kidney::RCC_Other::Acquired_Cystic_Disease_Associated_RCC,1
who,GU::Kidney::RCC_Other::Chromophobe_Renal_Cell_Carcinoma,1
who,GU::Kidney::RCC_Other::Clear_Cell_Papillary_Renal_Cell_Tumor,1
who,GU::Kidney::RCC_Other::Collecting_Duct_Carcinoma,1
who,GU::Kidney::RCC_Other::Eosinophilic_Solid_and_Cystic_RCC,1
who,GU::Kidney::RCC_Other::Mucinous_Tubular_and_Spindle_Cell_Carcinoma,1
who,GU::Kidney::RCC_Other::Multilocular_Cystic_Renal_Neoplasm_of_LMP,1
who,GU::Kidney::RCC_Other::Oncocytoma_of_the_Kidney,1
who,GU::Kidney::RCC_Other::Other_Oncocytic_Tumors,1
who,GU::Kidney::RCC_Other::Papillary_Renal_Cell_Carcinoma,1
who,GU::Kidney::RCC_Other::Renal_Cell_Carcinoma_NOS,1
who,GU::Kidney::RCC_Other::Renal_Papillary_Adenoma,1
who,GU::Kidney::RCC_Other::Tubulocystic_RCC,1
who,GU::Melanocytic::Mucosal_Melanoma,1
who,GU::Metastases::Kidney,1
who,GU::Metastases::Testis_Paratestis,1
who,GU::Metastases::Urinary_Tract,1
who,GU::Neuroendocrine::Large_Cell_Carcinoma,1
who,GU::Neuroendocrine::Mixed_Neoplasm,1
who,GU::Neuroendocrine::Small_Cell_Carcinoma,1
who,GU::Neuroendocrine::WD_Neuroendocrine_Tumor,1
who,GU::Penis_Scrotum::Invasive_Epithelial::Penile_Adenosquamous_and_Mucoepidermoid_Carcinomas,1
who,GU::Penis_Scrotum::Invasive_Epithelial::Squamous_Cell_Carcinoma_NOS,1
who,GU::Penis_Scrotum::Precursor_HPV_Assoc::Condyloma_Acuminatum,1
who,GU::Penis_Scrotum::Precursor_HPV_Assoc::PIN_HPV_Associated,1
who,GU::Penis_Scrotum::Precursor_HPV_Indep::Differentiated_PIN_HPV_Independent,1
who,GU::Penis_Scrotum::Scrotal_Skin_Adnexa::Basal_Cell_Carcinoma_of_the_Scrotum,1
who,GU::Penis_Scrotum::Scrotal_Skin_Adnexa::Extramammary_Paget_Disease,1
who,GU::Prostate::Adenoid_Cystic_Carcinoma,1
who,GU::Prostate::Adenosquamous_Carcinoma,1
who,GU::Prostate::High_Grade_PIN,1
who,GU::Prostate::Prostatic_Cystadenoma,1
who,GU::Prostate::Squamous_Cell_Carcinoma,1
who,GU::Prostate::Stromal::Prostatic_Stromal_Sarcoma,1
who,GU::Prostate::Stromal::Prostatic_Stromal_Tumor_of_UMP,1
who,GU::Prostate::Treatment_Related_Neuroendocrine_Carcinoma,1
who,GU::Seminal_Vesicle::Adenocarcinoma,1
who,GU::Seminal_Vesicle::Cystadenoma,1
who,GU::Seminal_Vesicle::Mixed_Epithelial_Stromal_Tumor,1
who,GU::Seminal_Vesicle::Squamous_Cell_Carcinoma,1
who,GU::Soft_Tissue::Fibroblastic_MyoF::Angiofibroma_Family,1
who,GU::Soft_Tissue::Fibroblastic_MyoF::Inflammatory_Myofibroblastic_Tumor,1
who,GU::Soft_Tissue::Fibroblastic_MyoF::Solitary_Fibrous_Tumor,1
who,GU::Soft_Tissue::Muscle::Leiomyoma,1
who,GU::Soft_Tissue::Muscle::Leiomyosarcoma,1
who,GU::Soft_Tissue::Muscle::Rhabdomyosarcoma,1
who,GU::Soft_Tissue::Perivascular::Extrarenal_PEComa,1
who,GU::Soft_Tissue::Perivascular::Glomus_Tumor,1
who,GU::Soft_Tissue::Perivascular::Myointimoma,1
who,GU::Soft_Tissue::Perivascular::Myopericytoma,1
who,GU::Soft_Tissue::Uncertain::Desmoplastic_Small_Round_Cell_Tumor,1
who,GU::Soft_Tissue::Uncertain::Extrarenal_Rhabdoid_Tumor,1
who,GU::Soft_Tissue::Uncertain::Synovial_Sarcoma,1
who,GU::Soft_Tissue::Vascular::Angiosarcoma,1
who,GU::Soft_Tissue::Vascular::Hemangioma,1
who,GU::Syndromes::BAP1_Syndrome,1
who,GU::Syndromes::Carney_Complex,1
who,GU::Syndromes::Hereditary_PGL_PCC_Syndromes,1
who,GU::Syndromes::Hereditary_Papillary_Renal_Carcinoma,1
who,GU::Syndromes::Hereditary_Recombination_Syndromes,1
who,GU::Syndromes::Lynch_Syndrome,1
who,GU::Syndromes::Peutz_Jeghers_Syndrome,1
who,GU::Syndromes::Tuberous_Sclerosis,1
who,GU::Syndromes::Von_Hippel_Lindau_Syndrome,1
who,GU::Testis::Germ_Cell::Cystic_Trophoblastic_Tumor,1
who,GU::Testis::Germ_Cell::Epithelioid_Trophoblastic_Tumor,1
who,GU::Testis::Germ_Cell::Germ_Cell_Neoplasia_in_Situ,1
who,GU::Testis::Germ_Cell::Mixed_Germ_Cell_Tumors,1
who,GU::Testis::Germ_Cell::Mixed_Teratoma_Yolk_Sac_Prepubertal,1
who,GU::Testis::Germ_Cell::Neuroendocrine_Tumor_Prepubertal,1
who,GU::Testis::Germ_Cell::Placental_Site_Trophoblastic_Tumor,1
who,GU::Testis::Germ_Cell::Regressed_Germ_Cell_Tumors,1
who,GU::Testis::Germ_Cell::Specific_Intratubular_Neoplasia,1
who,GU::Testis::Germ_Cell::Teratoma_Prepubertal,1
who,GU::Testis::Germ_Cell::Teratoma_with_Somatic_Malignancy,1
who,GU::Testis::Germ_Cell::Yolk_Sac_Tumor_Prepubertal,1
who,GU::Testis::Sex_Cord_Stromal::Adult_Granulosa_Cell_Tumor,1
who,GU::Testis::Sex_Cord_Stromal::Fibroma_Thecoma_Group,1
who,GU::Testis::Sex_Cord_Stromal::Juvenile_Granulosa_Cell_Tumor,1
who,GU::Testis::Sex_Cord_Stromal::Large_Cell_Calcifying_Sertoli_Cell_Tumor,1
who,GU::Testis::Sex_Cord_Stromal::Leydig_Cell_Tumor,1
who,GU::Testis::Sex_Cord_Stromal::Mixed_Sex_Cord_Stromal_Tumor,1
who,GU::Testis::Sex_Cord_Stromal::Myoid_Gonadal_Stromal_Tumor,1
who,GU::Testis::Sex_Cord_Stromal::Sex_Cord_Stromal_Tumor_NOS,1
who,GU::Testis::Sex_Cord_Stromal::Signet_Ring_Stromal_Tumor,1
who,GU::Testis_Adnexa::Epididymis::Adenocarcinoma,1
who,GU::Testis_Adnexa::Epididymis::Cystadenoma,1
who,GU::Testis_Adnexa::Epididymis::Melanotic_Neuroectodermal_Tumor,1
who,GU::Testis_Adnexa::Epididymis::Papillary_Cystadenoma,1
who,GU::Testis_Adnexa::Epididymis::Squamous_Cell_Carcinoma,1
who,GU::Testis_Adnexa::Mesothelial::Adenomatoid_Tumor,1
who,GU::Testis_Adnexa::Mesothelial::Mesothelioma,1
who,GU::Testis_Adnexa::Mesothelial::WD_Papillary_Mesothelial_Tumor,1
who,GU::Testis_Adnexa::Ovarian_Type::Brenner_Tumor,1
who,GU::Testis_Adnexa::Ovarian_Type::Clear_Cell_Adenocarcinoma,1
who,GU::Testis_Adnexa::Ovarian_Type::Endometrioid_Tumors,1
who,GU::Testis_Adnexa::Ovarian_Type::Mucinous_Borderline_Tumor,1
who,GU::Testis_Adnexa::Ovarian_Type::Mucinous_Cystadenocarcinoma,1
who,GU::Testis_Adnexa::Ovarian_Type::Mucinous_Cystadenoma,1
who,GU::Testis_Adnexa::Ovarian_Type::Serous_Borderline_Tumor,1
who,GU::Testis_Adnexa::Ovarian_Type::Serous_Cystadenocarcinoma,1
who,GU::Testis_Adnexa::Ovarian_Type::Serous_Cystadenoma,1
who,GU::Testis_Adnexa::Rete_Collecting_Duct::Adenocarcinoma,1
who,GU::Testis_Adnexa::Rete_Collecting_Duct::Adenoma,1
who,GU::Urinary_Tract::Invasive_Other::Diverticular_Carcinoma,1
who,GU::Urinary_Tract::Invasive_Other::Verrucous_Carcinoma_of_the_Bladder,1
who,GU::Urinary_Tract::Invasive_Other::Villous_Adenoma,1
who,GU::Urinary_Tract::Mullerian_Type::Clear_Cell_Adenocarcinoma,1
who,GU::Urinary_Tract::Mullerian_Type::Endometrioid_Carcinoma,1
who,GU::Urinary_Tract::Urethral_Gland::Cowper_Gland_Adenocarcinoma,1
who,GU::Urinary_Tract::Urethral_Gland::Littre_Gland_Adenocarcinoma,1
who,GU::Urinary_Tract::Urethral_Gland::Skene_Gland_Adenocarcinoma,1
who,GU::Urinary_Tract::Urothelial_Precursor::Non_Invasive_PUC_Low_Grade,1
who,GU::Urinary_Tract::Urothelial_Precursor::PUNLMP,1
who,GU::Urinary_Tract::Urothelial_Precursor::Squamous_Papilloma,1
who,GU::Urinary_Tract::Urothelial_Precursor::Urothelial_Papilloma,1
who,GYN::Broad_Ligament::Mesenchymal_Mixed::Adenomyoma_of_the_Broad_Ligament_and_Other_Uterine_Ligaments,1
who,GYN::Broad_Ligament::Mesenchymal_Mixed::Adenosarcoma_of_the_Broad_Ligament_and_Other_Uterine_Ligaments,1
who,GYN::Broad_Ligament::Mesenchymal_Mixed::Leiomyoma_of_the_Broad_Ligament_and_Other_Uterine_Ligaments,1
who,GYN::Broad_Ligament::Mesenchymal_Mixed::Leiomyosarcoma_of_the_Broad_Ligament_and_Other_Uterine_Ligaments,1
who,GYN::Broad_Ligament::Miscellaneous::Ependymoma,1
who,GYN::Broad_Ligament::Miscellaneous::Papillary_Cystadenoma,1
who,GYN::Broad_Ligament::Miscellaneous::Wolffian_Tumor_of_the_Broad_Ligament_and_Other_Uterine_Ligaments,1
who,GYN::Broad_Ligament::Tumor_Like::Adrenocortical_Remnants,1
who,GYN::Cervix::Germ_Cell::Germ_Cell_Tumors_of_the_Uterine_Cervix,1
who,GYN::Cervix::Glandular::Adenocarcinoma::Adenocarcinoma_HPV_independent_Clear_Cell_Type_of_the_Uterine_Cervix,1
who,GYN::Cervix::Glandular::Adenocarcinoma::Adenocarcinoma_HPV_independent_Gastric_Type_of_the_Uterine_Cervix,1
who,GYN::Cervix::Glandular::Adenocarcinoma::Adenocarcinoma_HPV_independent_Mesonephric_Type_of_the_Uterine_Cervix,1
who,GYN::Cervix::Glandular::Adenocarcinoma::Adenocarcinoma_in_Situ_HPV_independent_of_the_Uterine_Cervix,1
who,GYN::Cervix::Glandular::Adenocarcinoma::Other_Adenocarcinomas_of_the_Uterine_Cervix,1
who,GYN::Cervix::Glandular::Benign_Glandular::Arias_Stella_Reaction_of_the_Uterine_Cervix,1
who,GYN::Cervix::Glandular::Benign_Glandular::Diffuse_Laminar_Endocervical_Hyperplasia,1
who,GYN::Cervix::Glandular::Benign_Glandular::Ectopic_Prostate_Tissue,1
who,GYN::Cervix::Glandular::Benign_Glandular::Endocervical_Polyp,1
who,GYN::Cervix::Glandular::Benign_Glandular::Endocervicosis_of_the_Uterine_Cervix,1
who,GYN::Cervix::Glandular::Benign_Glandular::Lobular_Endocervical_Glandular_Hyperplasia,1
who,GYN::Cervix::Glandular::Benign_Glandular::Mesonephric_Remnants_and_Hyperplasia,1
who,GYN::Cervix::Glandular::Benign_Glandular::Microglandular_Hyperplasia,1
who,GYN::Cervix::Glandular::Benign_Glandular::Mullerian_Papilloma_of_the_Uterine_Cervix,1
who,GYN::Cervix::Glandular::Benign_Glandular::Nabothian_Cyst,1
who,GYN::Cervix::Glandular::Benign_Glandular::Tuboendometrioid_Metaplasia,1
who,GYN::Cervix::Glandular::Benign_Glandular::Tunnel_Clusters,1
who,GYN::Cervix::Mixed_Epithelial_Mesenchymal::Adenomyoma_of_the_Uterine_Cervix,1
who,GYN::Cervix::Mixed_Epithelial_Mesenchymal::Adenosarcoma_of_the_Uterine_Cervix,1
who,GYN::Cervix::Other_Epithelial::Adenoid_Basal_Carcinoma_of_the_Uterine_Cervix,1
who,GYN::Cervix::Other_Epithelial::Adenosquamous_and_Mucoepidermoid_Carcinomas_of_the_Uterine_Cervix,1
who,GYN::Cervix::Other_Epithelial::Carcinoma_of_the_Uterine_Cervix_Unclassifiable,1
who,GYN::Cervix::Other_Epithelial::Carcinosarcoma_of_the_Uterine_Cervix,1
who,GYN::Cervix::Squamous_Epithelial::Squamous_Precursor_Mimics::Atrophy_of_the_Uterine_Cervix,1
who,GYN::Cervix::Squamous_Epithelial::Squamous_Tumors::Squamous_Cell_Carcinoma_HPV_independent_of_the_Uterine_Cervix,1
who,GYN::Fallopian_Tube::Benign_Serous::Serous_Adenofibroma_and_Papilloma_of_the_Fallopian_Tube,1
who,GYN::Fallopian_Tube::Borderline_Serous::Serous_Borderline_Tumor_of_the_Fallopian_Tube,1
who,GYN::Fallopian_Tube::Carcinosarcoma_of_the_Fallopian_Tube,1
who,GYN::Fallopian_Tube::Endometrioid_Carcinoma_of_the_Fallopian_Tube,1
who,GYN::Fallopian_Tube::Germ_Cell::Teratoma_of_the_Fallopian_Tube,1
who,GYN::Fallopian_Tube::Mixed_Epithelial_Mesenchymal::Adenosarcoma_of_the_Fallopian_Tube,1
who,GYN::Fallopian_Tube::Tumor_Like::Metaplastic_Papillary_Lesion,1
who,GYN::Fallopian_Tube::Tumor_Like::Mucinous_Metaplasia,1
who,GYN::Fallopian_Tube::Tumor_Like::Paratubal_Cysts,1
who,GYN::Fallopian_Tube::Tumor_Like::Placental_Site_Nodule_Occurring_in_the_Fallopian_Tube,1
who,GYN::Fallopian_Tube::Tumor_Like::Salpingitis_Isthmica_Nodosa,1
who,GYN::Fallopian_Tube::Tumor_Like::Tubal_Hyperplasia,1
who,GYN::Fallopian_Tube::Tumor_Like::Tubo_ovarian_Abscess,1
who,GYN::GENETICS::Cowden_Syndrome,1
who,GYN::GENETICS::Hereditary_Leiomyomatosis_and_Renal_Cell_Carcinoma,1
who,GYN::GENETICS::Li_Fraumeni_Syndrome,1
who,GYN::GENETICS::Ovarian_Dysgenesis,1
who,GYN::GTD::GTN::Epithelioid_Trophoblastic_Tumor,1
who,GYN::GTD::GTN::Mixed_Trophoblastic_Tumor,1
who,GYN::GTD::GTN::Placental_Site_Trophoblastic_Tumor,1
who,GYN::GTD::Tumor_Like::Molar::Complete_Hydatidiform_Mole,1
who,GYN::GTD::Tumor_Like::Molar::Invasive_and_Metastatic_Hydatidiform_Moles,1
who,GYN::GTD::Tumor_Like::Molar::Partial_Hydatidiform_Mole,1
who,GYN::GTD::Tumor_Like::Non_Neoplastic::Abnormal_non_molar_Villous_Lesions,1
who,GYN::GTD::Tumor_Like::Non_Neoplastic::Exaggerated_Placental_Site_Reaction,1
who,GYN::GTD::Tumor_Like::Non_Neoplastic::Placental_Site_Nodule_and_Plaque,1
who,GYN::HEME::Lymphoma::Burkitt_Lymphoma,1
who,GYN::HEME::Lymphoma::Diffuse_Large_B_cell_Lymphoma,1
who,GYN::HEME::Lymphoma::Extranodal_Marginal_Zone_Lymphoma,1
who,GYN::HEME::Lymphoma::Follicular_Lymphoma,1
who,GYN::HEME::Myeloid_Leukemia::Myeloid_Sarcoma,1
who,GYN::HEME::Reactive_Lymphoid::Florid_Reactive_Lymphoid_Hyperplasia,1
who,GYN::Lower_Genital_Mesenchymal::Adipocytic::Lipoblastoma_like_Tumor_of_the_Vulva,1
who,GYN::Lower_Genital_Mesenchymal::Adipocytic::Lipoma,1
who,GYN::Lower_Genital_Mesenchymal::Adipocytic::Liposarcoma,1
who,GYN::Lower_Genital_Mesenchymal::Fibroblastic_Myofibroblastic::Angiomyofibroblastoma,1
who,GYN::Lower_Genital_Mesenchymal::Fibroblastic_Myofibroblastic::Cellular_Angiofibroma,1
who,GYN::Lower_Genital_Mesenchymal::Fibroblastic_Myofibroblastic::Dermatofibrosarcoma_Protuberans,1
who,GYN::Lower_Genital_Mesenchymal::Fibroblastic_Myofibroblastic::Fibroepithelial_Stromal_Polyp,1
who,GYN::Lower_Genital_Mesenchymal::Fibroblastic_Myofibroblastic::Myofibroblastoma,1
who,GYN::Lower_Genital_Mesenchymal::Fibroblastic_Myofibroblastic::NTRK_rearranged_Spindle_Cell_Neoplasm_Emerging_,1
who,GYN::Lower_Genital_Mesenchymal::Fibroblastic_Myofibroblastic::Postoperative_Spindle_Cell_Nodule,1
who,GYN::Lower_Genital_Mesenchymal::Fibroblastic_Myofibroblastic::Prepubertal_Fibroma,1
who,GYN::Lower_Genital_Mesenchymal::Fibroblastic_Myofibroblastic::Solitary_Fibrous_Tumor_of_the_Lower_Genital_Tract,1
who,GYN::Lower_Genital_Mesenchymal::Fibroblastic_Myofibroblastic::Superficial_Myofibroblastoma,1
who,GYN::Lower_Genital_Mesenchymal::PNS::Benign_Peripheral_Nerve_Sheath_Tumors,1
who,GYN::Lower_Genital_Mesenchymal::PNS::Granular_Cell_Tumor,1
who,GYN::Lower_Genital_Mesenchymal::Skeletal_Muscle::Rhabdomyoma,1
who,GYN::Lower_Genital_Mesenchymal::Skeletal_Muscle::Rhabdomyosarcoma,1
who,GYN::Lower_Genital_Mesenchymal::Small_Round_Cell_Sarcoma::Ewing_Sarcoma,1
who,GYN::Lower_Genital_Mesenchymal::Smooth_Muscle::Leiomyoma_of_the_Lower_Genital_Tract,1
who,GYN::Lower_Genital_Mesenchymal::Smooth_Muscle::Leiomyosarcoma_of_the_Lower_Genital_Tract,1
who,GYN::Lower_Genital_Mesenchymal::Smooth_Muscle::Smooth_Muscle_Tumor_of_Uncertain_Malignant_Potential_of_the_Lower_Genital_Tract,1
who,GYN::Lower_Genital_Mesenchymal::Uncertain_Differentiation::Alveolar_Soft_Part_Sarcoma,1
who,GYN::Lower_Genital_Mesenchymal::Uncertain_Differentiation::Deep_Aggressive_Angiomyxoma,1
who,GYN::Lower_Genital_Mesenchymal::Uncertain_Differentiation::Epithelioid_Sarcoma,1
who,GYN::Lower_Genital_Mesenchymal::Uncertain_Differentiation::Superficial_Angiomyxoma,1
who,GYN::Lower_Genital_Mesenchymal::Vascular::Angiosarcoma,1
who,GYN::Lower_Genital_Mesenchymal::Vascular::Kaposi_Sarcoma,1
who,GYN::Melanocytic::Melanoma::Mucosal_Melanoma,1
who,GYN::Melanocytic::Nevi::Acquired_Melanocytic_Naevus,1
who,GYN::Melanocytic::Nevi::Atypical_Melanocytic_Naevus_of_Genital_Type,1
who,GYN::Melanocytic::Nevi::Blue_Naevus,1
who,GYN::Melanocytic::Nevi::Congenital_Melanocytic_Naevus,1
who,GYN::Melanocytic::Nevi::Dysplastic_Melanocytic_Naevus,1
who,GYN::Metastasis::Metastasis_to_the_Lower_Female_Genital_Tract,1
who,GYN::Neuroendocrine::Mixed_NEN::Carcinoma_Admixed_with_Neuroendocrine_Carcinoma,1
who,GYN::Neuroendocrine::NEC::Large_Cell_Neuroendocrine_Carcinoma,1
who,GYN::Neuroendocrine::NEC::Small_Cell_Neuroendocrine_Carcinoma,1
who,GYN::Neuroendocrine::NET::Neuroendocrine_Tumor,1
who,GYN::Ovary::Brenner::Benign::Brenner_Tumor,1
who,GYN::Ovary::Brenner::Borderline::Borderline_Brenner_Tumor,1
who,GYN::Ovary::Brenner::Malignant::Malignant_Brenner_Tumor,1
who,GYN::Ovary::Clear_Cell::Benign::Clear_Cell_Cystadenoma_and_Adenofibroma,1
who,GYN::Ovary::Clear_Cell::Borderline::Clear_Cell_Borderline_Tumor,1
who,GYN::Ovary::Clear_Cell::Malignant::Clear_Cell_Carcinoma_of_the_Ovary,1
who,GYN::Ovary::Endometrioid::Benign::Endometrioid_Cystadenoma_and_Adenofibroma,1
who,GYN::Ovary::Endometrioid::Borderline::Endometrioid_Borderline_Tumor,1
who,GYN::Ovary::Germ_Cell::Dysgerminoma,1
who,GYN::Ovary::Germ_Cell::Embryonal_Carcinoma,1
who,GYN::Ovary::Germ_Cell::Immature_Teratoma_of_the_Ovary,1
who,GYN::Ovary::Germ_Cell::Mature_Teratoma_of_the_Ovary,1
who,GYN::Ovary::Germ_Cell::Mixed_Germ_Cell_Tumor_of_the_Ovary,1
who,GYN::Ovary::Germ_Cell::Non_gestational_Choriocarcinoma,1
who,GYN::Ovary::Germ_Cell::Yolk_Sac_Tumor,1
who,GYN::Ovary::Germ_Cell_Sex_Cord_Stromal::Mixed_Germ_Cell_Sex_Cord_Stromal_Tumor_Unclassified,1
who,GYN::Ovary::Mesenchymal::Endometrioid_Stromal_Sarcoma_of_the_Ovary,1
who,GYN::Ovary::Mesenchymal::Ovarian_Myxoma,1
who,GYN::Ovary::Mesenchymal::Smooth_Muscle_Tumors_of_the_Ovary,1
who,GYN::Ovary::Miscellaneous::Rete_Cystadenoma_Adenoma_and_Adenocarcinoma,1
who,GYN::Ovary::Miscellaneous::Small_Cell_Carcinoma_of_the_Ovary_Hypercalcaemic_Type,1
who,GYN::Ovary::Miscellaneous::Solid_Pseudopapillary_Tumor,1
who,GYN::Ovary::Miscellaneous::Wilms_Tumor,1
who,GYN::Ovary::Miscellaneous::Wolffian_Tumor_of_the_Ovary,1
who,GYN::Ovary::Mixed_Epithelial_Mesenchymal::Mixed_Malignant_Epithelial_Mesenchymal::Adenosarcoma_of_the_Ovary,1
who,GYN::Ovary::Monodermal_Teratoma::Monodermal_Cystic_Teratoma,1
who,GYN::Ovary::Monodermal_Teratoma::Neuroectodermal_type_Tumors,1
who,GYN::Ovary::Monodermal_Teratoma::Somatic_Neoplasms_Arising_from_Teratomas,1
who,GYN::Ovary::Monodermal_Teratoma::Struma_Ovarii,1
who,GYN::Ovary::Mucinous::Benign::Mucinous_Cystadenoma_and_Adenofibroma,1
who,GYN::Ovary::Mucinous::Malignant::Mucinous_Carcinoma_of_the_Ovary,1
who,GYN::Ovary::Other_Carcinomas::Carcinosarcoma_of_the_Ovary,1
who,GYN::Ovary::Other_Carcinomas::Mesonephric_like_Adenocarcinoma,1
who,GYN::Ovary::Other_Carcinomas::Mixed_Carcinoma_of_the_Ovary,1
who,GYN::Ovary::Other_Carcinomas::Undifferentiated_and_Dedifferentiated_Carcinomas_of_the_Ovary,1
who,GYN::Ovary::Seromucinous::Borderline::Seromucinous_Borderline_Tumor,1
who,GYN::Ovary::Serous::Benign::Serous_Cystadenoma_Adenofibroma_and_Surface_Papilloma_of_the_Ovary,1
who,GYN::Ovary::Serous::Malignant::Low_grade_Serous_Carcinoma_of_the_Ovary,1
who,GYN::Ovary::Sex_Cord_Stromal::Mixed_Sex_Cord_Stromal::Gynandroblastoma,1
who,GYN::Ovary::Sex_Cord_Stromal::Mixed_Sex_Cord_Stromal::Sex_Cord_Stromal_Tumor_NOS,1
who,GYN::Ovary::Sex_Cord_Stromal::Sex_Cord::Adult_Granulosa_Cell_Tumor,1
who,GYN::Ovary::Sex_Cord_Stromal::Sex_Cord::Juvenile_Granulosa_Cell_Tumor,1
who,GYN::Ovary::Sex_Cord_Stromal::Sex_Cord::Sertoli_Cell_Tumor,1
who,GYN::Ovary::Sex_Cord_Stromal::Sex_Cord::Sex_Cord_Tumor_with_Annular_Tubules,1
who,GYN::Ovary::Sex_Cord_Stromal::Stromal::Leydig_Cell_Tumor,1
who,GYN::Ovary::Sex_Cord_Stromal::Stromal::Luteinized_Thecoma_Associated_with_Sclerosing_Peritonitis,1
who,GYN::Ovary::Sex_Cord_Stromal::Stromal::Microcystic_Stromal_Tumor,1
who,GYN::Ovary::Sex_Cord_Stromal::Stromal::Ovarian_Fibroma,1
who,GYN::Ovary::Sex_Cord_Stromal::Stromal::Ovarian_Fibrosarcoma,1
who,GYN::Ovary::Sex_Cord_Stromal::Stromal::Sclerosing_Stromal_Tumor,1
who,GYN::Ovary::Sex_Cord_Stromal::Stromal::Signet_ring_Stromal_Tumor,1
who,GYN::Ovary::Sex_Cord_Stromal::Stromal::Steroid_Cell_Tumor,1
who,GYN::Ovary::Sex_Cord_Stromal::Stromal::Thecoma,1
who,GYN::Ovary::Tumor_Like::Corpus_Luteum_Cyst,1
who,GYN::Ovary::Tumor_Like::Fibromatosis_and_Massive_Oedema,1
who,GYN::Ovary::Tumor_Like::Follicle_Cyst,1
who,GYN::Ovary::Tumor_Like::Hyperreactio_Luteinalis,1
who,GYN::Ovary::Tumor_Like::Large_Solitary_Luteinized_Follicle_Cyst,1
who,GYN::Ovary::Tumor_Like::Leydig_Cell_Hyperplasia,1
who,GYN::Ovary::Tumor_Like::Pregnancy_Luteoma,1
who,GYN::Ovary::Tumor_Like::Stromal_Hyperplasia_and_Hyperthecosis,1
who,GYN::Peritoneum::Mesenchymal::Smooth_Muscle::Leiomyomatosis_Peritonealis_Disseminata,1
who,GYN::Peritoneum::Mesothelial::Adenomatoid_Tumor,1
who,GYN::Peritoneum::Mesothelial::Mesothelioma,1
who,GYN::Peritoneum::Mesothelial::Well_differentiated_Papillary_Mesothelial_Tumor,1
who,GYN::Peritoneum::Metastasis::Carcinomas_and_Sarcomas_Metastatic_to_the_Peritoneum,1
who,GYN::Peritoneum::Metastasis::Gliomatosis,1
who,GYN::Peritoneum::Metastasis::Pseudomyxoma_Peritonei,1
who,GYN::Peritoneum::Miscellaneous::Calcifying_Fibrous_Tumor,1
who,GYN::Peritoneum::Miscellaneous::Desmoid_Fibromatosis,1
who,GYN::Peritoneum::Miscellaneous::Desmoplastic_Small_Round_Cell_Tumor,1
who,GYN::Peritoneum::Miscellaneous::Endometrioid_Stromal_Sarcoma_of_the_Peritoneum,1
who,GYN::Peritoneum::Miscellaneous::Extragastrointestinal_Stromal_Tumor,1
who,GYN::Peritoneum::Miscellaneous::Solitary_Fibrous_Tumor_of_the_Peritoneum,1
who,GYN::Peritoneum::Mullerian_Epithelial::High_grade_Serous_Carcinoma_of_the_Peritoneum,1
who,GYN::Peritoneum::Mullerian_Epithelial::Low_grade_Serous_Carcinoma_of_the_Peritoneum,1
who,GYN::Peritoneum::Mullerian_Epithelial::Serous_Borderline_Tumor_of_the_Peritoneum,1
who,GYN::Peritoneum::Tumor_Like::Ectopic_Decidua,1
who,GYN::Peritoneum::Tumor_Like::Endosalpingiosis_of_the_Peritoneum,1
who,GYN::Peritoneum::Tumor_Like::Histiocytic_Nodule,1
who,GYN::Peritoneum::Tumor_Like::Mesothelial_Hyperplasia,1
who,GYN::Peritoneum::Tumor_Like::Other_Tumor_like_Lesions_of_the_Peritoneum,1
who,GYN::Peritoneum::Tumor_Like::Peritoneal_Inclusion_Cysts,1
who,GYN::Peritoneum::Tumor_Like::Splenosis,1
who,GYN::Peritoneum::Tumor_Like::Transitional_Cell_Metaplasia,1
who,GYN::Uterine_Corpus::Endometrial_Epithelial::Carcinomas::Carcinosarcoma_of_the_Uterine_Corpus,1
who,GYN::Uterine_Corpus::Endometrial_Epithelial::Carcinomas::Clear_Cell_Carcinoma_of_the_Uterine_Corpus,1
who,GYN::Uterine_Corpus::Endometrial_Epithelial::Carcinomas::Mixed_Carcinoma_of_the_Uterine_Corpus,1
who,GYN::Uterine_Corpus::Endometrial_Epithelial::Carcinomas::Other_Endometrial_Carcinomas,1
who,GYN::Uterine_Corpus::Endometrial_Epithelial::Carcinomas::Serous_Carcinoma_of_the_Uterine_Corpus,1
who,GYN::Uterine_Corpus::Endometrial_Epithelial::Carcinomas::Undifferentiated_and_Dedifferentiated_Carcinomas_of_the_Uterine_Corpus,1
who,GYN::Uterine_Corpus::Endometrial_Epithelial::Precursors::Endometrial_Atypical_Hyperplasia_Endometrioid_Intraepithelial_Neoplasia,1
who,GYN::Uterine_Corpus::Endometrial_Epithelial::Precursors::Endometrial_Hyperplasia_without_Atypia,1
who,GYN::Uterine_Corpus::Mesenchymal::Endometrial_Stromal::Endometrial_Stromal_Nodule,1
who,GYN::Uterine_Corpus::Mesenchymal::Endometrial_Stromal::High_grade_Endometrial_Stromal_Sarcoma,1
who,GYN::Uterine_Corpus::Mesenchymal::Endometrial_Stromal::Low_grade_Endometrial_Stromal_Sarcoma,1
who,GYN::Uterine_Corpus::Mesenchymal::Endometrial_Stromal::Undifferentiated_Uterine_Sarcoma,1
who,GYN::Uterine_Corpus::Mesenchymal::Miscellaneous_Mesenchymal::Inflammatory_Myofibroblastic_Tumor,1
who,GYN::Uterine_Corpus::Mesenchymal::Miscellaneous_Mesenchymal::Perivascular_Epithelioid_Cell_Tumor_PEComa_,1
who,GYN::Uterine_Corpus::Mesenchymal::Miscellaneous_Mesenchymal::Uterine_Tumor_Resembling_Ovarian_Sex_Cord_Tumor,1
who,GYN::Uterine_Corpus::Mesenchymal::Smooth_Muscle::Intravenous_Leiomyomatosis,1
who,GYN::Uterine_Corpus::Mesenchymal::Smooth_Muscle::Metastasizing_Leiomyoma,1
who,GYN::Uterine_Corpus::Mesenchymal::Smooth_Muscle::Smooth_Muscle_Tumor_of_Uncertain_Malignant_Potential_of_the_Uterine_Corpus,1
who,GYN::Uterine_Corpus::Miscellaneous::Central_Primitive_Neuroectodermal_Tumor_CNS_Embryonal_Tumor,1
who,GYN::Uterine_Corpus::Miscellaneous::Germ_Cell_Tumors_of_the_Uterine_Corpus,1
who,GYN::Uterine_Corpus::Mixed_Epithelial_Mesenchymal::Adenomyoma_of_the_Uterine_Corpus,1
who,GYN::Uterine_Corpus::Mixed_Epithelial_Mesenchymal::Adenosarcoma_of_the_Uterine_Corpus,1
who,GYN::Uterine_Corpus::Mixed_Epithelial_Mesenchymal::Atypical_Polypoid_Adenomyoma,1
who,GYN::Uterine_Corpus::Tumor_Like::Arias_Stella_Reaction_of_the_Uterine_Corpus,1
who,GYN::Uterine_Corpus::Tumor_Like::Endometrial_Metaplasia,1
who,GYN::Uterine_Corpus::Tumor_Like::Endometrial_Polyp,1
who,GYN::VVagina::Glandular_Tumors::Mucinous_Carcinoma_Gastric_Type_of_the_Vagina,1
who,GYN::Vagina::Benign_Glandular::Cysts_of_the_Vagina,1
who,GYN::Vagina::Benign_Glandular::Endocervicosis_of_the_Vagina,1
who,GYN::Vagina::Benign_Glandular::Vaginal_Adenosis,1
who,GYN::Vagina::Benign_Glandular::Villous_Adenoma,1
who,GYN::Vagina::Benign_Squamous::Atrophy_of_the_Vagina,1
who,GYN::Vagina::Benign_Squamous::Tubulosquamous_Polyp,1
who,GYN::Vagina::Glandular_Tumors::Adenocarcinoma_HPV_associated_of_the_Vagina,1
who,GYN::Vagina::Glandular_Tumors::Carcinosarcoma_of_the_Vagina,1
who,GYN::Vagina::Glandular_Tumors::Clear_Cell_Carcinoma_of_the_Vagina,1
who,GYN::Vagina::Glandular_Tumors::Endometrioid_Carcinoma_of_the_Vagina,1
who,GYN::Vagina::Glandular_Tumors::Mesonephric_Adenocarcinoma_of_the_Vagina,1
who,GYN::Vagina::Glandular_Tumors::Mucinous_Carcinoma_Intestinal_Type_of_the_Vagina,1
who,GYN::Vagina::Miscellaneous::Germ_Cell_Tumors_of_the_Vagina,1
who,GYN::Vagina::Mixed_Epithelial_Mesenchymal::Adenosarcoma_of_the_Vagina,1
who,GYN::Vagina::Other_Epithelial::Adenocarcinoma_of_Skene_Gland_Origin,1
who,GYN::Vagina::Other_Epithelial::Adenosquamous_Carcinoma_of_the_Vagina,1
who,GYN::Vagina::Other_Epithelial::Mixed_Tumor_of_the_Vagina,1
who,GYN::Vagina::Squamous_Tumors::Squamous_Cell_Carcinoma_HPV_associated_of_the_Vagina,1
who,GYN::Vagina::Squamous_Tumors::Squamous_Cell_Carcinoma_HPV_independent_of_the_Vagina,1
who,GYN::Vagina::Squamous_Tumors::Squamous_Intraepithelial_Lesions_of_the_Vagina,1
who,GYN::Vulva::Benign_Squamous::Condyloma_Acuminatum,1
who,GYN::Vulva::Benign_Squamous::Seborrhoeic_Keratosis,1
who,GYN::Vulva::Germ_Cell::Germ_Cell_Tumors_of_the_Vulva,1
who,GYN::Vulva::Glandular_Cysts::Bartholin_Gland::Bartholin_Gland_Carcinomas,1
who,GYN::Vulva::Glandular_Cysts::Bartholin_Gland::Bartholin_Gland_Cyst,1
who,GYN::Vulva::Glandular_Cysts::Bartholin_Gland::Bartholin_Gland_Hyperplasia_Adenoma_and_Adenomyoma,1
who,GYN::Vulva::Glandular_Cysts::Mammary_Type::Adenocarcinoma_of_Mammary_Gland_Type,1
who,GYN::Vulva::Glandular_Cysts::Mammary_Type::Chondroid_Syringoma,1
who,GYN::Vulva::Glandular_Cysts::Mammary_Type::Fibroadenoma,1
who,GYN::Vulva::Glandular_Cysts::Mammary_Type::Papillary_Hidradenoma,1
who,GYN::Vulva::Glandular_Cysts::Mammary_Type::Phyllodes_Tumor,1
who,GYN::Vulva::Glandular_Cysts::Other_Adenocarcinoma::Adenocarcinoma_of_Intestinal_Type,1
who,GYN::Vulva::Glandular_Cysts::Other_Adenocarcinoma::Paget_Disease,1
who,GYN::Vulva::Squamous_Tumors::Squamous_Cell_Carcinoma_HPV_associated_of_the_Vulva,1
who,GYN::Vulva::Squamous_Tumors::Squamous_Cell_Carcinoma_HPV_independent_of_the_Vulva,1
who,GYN::Vulva::Squamous_Tumors::Squamous_Intraepithelial_Lesions_HPV_associated_of_the_Vulva,1
who,GYN::Vulva::Squamous_Tumors::Vulvar_Intraepithelial_Neoplasia_HPV_independent,1
who,HEME::B_Cell_Lymphomas::KSHV_Associated::KSHV_HHV8_positive_Diffuse_Large_B_cell_Lymphoma,1
who,HEME::B_Cell_Lymphomas::Large_B_Cell::Diffuse_Large_B_cell_Lymphoma_Associated_with_Chronic_Inflammation,1
who,HEME::B_Cell_Lymphomas::Large_B_Cell::Fibrin_associated_Large_B_cell_Lymphoma,1
who,HEME::B_Cell_Lymphomas::Mature_B_Cell::Mantle_Cell::In_Situ_Mantle_Cell_Neoplasm,1
who,HEME::B_Cell_Lymphomas::Mature_B_Cell::Mantle_Cell::Leukemic_Non_nodal_Mantle_Cell_Lymphoma,1
who,HEME::B_Cell_Lymphomas::Mature_B_Cell::Splenic_B_Cell::Splenic_Diffuse_Red_Pulp_Small_B_cell_Lymphoma,1
who,HEME::B_Cell_Lymphomas::Plasma_Cell::Heavy_Chain::Mu_Heavy_Chain_Disease,1
who,HEME::B_Cell_Lymphomas::Plasma_Cell::Monoclonal_Gammopathies::IgM_Monoclonal_Gammopathy_of_Undetermined_Significance,1
who,HEME::B_Cell_Lymphomas::Plasma_Cell::Monoclonal_Gammopathies::Non_IgM_Monoclonal_Gammopathy_of_Undetermined_Significance,1
who,HEME::B_Cell_Lymphomas::Precursor_B_Cell::B_ALL::B_lymphoblastic_Leukemia_lymphoma_NOS,1
who,HEME::B_Cell_Lymphomas::Precursor_B_Cell::B_ALL::B_lymphoblastic_Leukemia_lymphoma_with_BCR_ABL1_like_Features,1
who,HEME::B_Cell_Lymphomas::Precursor_B_Cell::B_ALL::B_lymphoblastic_Leukemia_lymphoma_with_ETV6_RUNX1_Fusion,1
who,HEME::B_Cell_Lymphomas::Precursor_B_Cell::B_ALL::B_lymphoblastic_Leukemia_lymphoma_with_ETV6_RUNX1_like_Features,1
who,HEME::B_Cell_Lymphomas::Precursor_B_Cell::B_ALL::B_lymphoblastic_Leukemia_lymphoma_with_High_Hyperdiploidy,1
who,HEME::B_Cell_Lymphomas::Precursor_B_Cell::B_ALL::B_lymphoblastic_Leukemia_lymphoma_with_Hypodiploidy,1
who,HEME::B_Cell_Lymphomas::Precursor_B_Cell::B_ALL::B_lymphoblastic_Leukemia_lymphoma_with_IGH_IL3_Fusion,1
who,HEME::B_Cell_Lymphomas::Precursor_B_Cell::B_ALL::B_lymphoblastic_Leukemia_lymphoma_with_KMT2A_Rearrangement,1
who,HEME::B_Cell_Lymphomas::Precursor_B_Cell::B_ALL::B_lymphoblastic_Leukemia_lymphoma_with_TCF3_HLF_Fusion,1
who,HEME::B_Cell_Lymphomas::Precursor_B_Cell::B_ALL::B_lymphoblastic_Leukemia_lymphoma_with_TCF3_PBX1_Fusion,1
who,HEME::B_Cell_Lymphomas::Precursor_B_Cell::B_ALL::B_lymphoblastic_Leukemia_lymphoma_with_iAMP21,1
who,HEME::GENETICS::Ataxia_telangiectasia,1
who,HEME::GENETICS::Bloom_Syndrome,1
who,HEME::GENETICS::Fanconi_Anemia,1
who,HEME::GENETICS::RASopathies,1
who,HEME::Histiocytic_Dendritic::Histiocyte_Macrophage::Histiocytic_Neoplasms::Histiocytic_Sarcoma,1
who,HEME::Histiocytic_Dendritic::Plasmacytoid_Dendritic::Mature_Plasmacytoid_Dendritic_Cell_Proliferation_Associated_with_Myeloid_Neoplasm,1
who,HEME::Myeloid_Neoplasms::AML::Differentiation::Acute_Basophilic_Leukemia,1
who,HEME::Myeloid_Neoplasms::AML::Differentiation::Acute_Myeloid_Leukemia_Without_Maturation,1
who,HEME::Myeloid_Neoplasms::AML::Differentiation::Acute_Myeloid_Leukemia_with_Maturation,1
who,HEME::Myeloid_Neoplasms::AML::Differentiation::Acute_Myeloid_Leukemia_with_Minimal_Differentiation,1
who,HEME::Myeloid_Neoplasms::AML::Differentiation::Acute_Myelomonocytic_Leukemia,1
who,HEME::Myeloid_Neoplasms::AML::Genetic_Abnormalities::Acute_Myeloid_Leukemia_with_BCR_ABL1_Fusion,1
who,HEME::Myeloid_Neoplasms::AML::Genetic_Abnormalities::Acute_Myeloid_Leukemia_with_CBFB_MYH11_Fusion,1
who,HEME::Myeloid_Neoplasms::AML::Genetic_Abnormalities::Acute_Myeloid_Leukemia_with_CEBPA_Mutation,1
who,HEME::Myeloid_Neoplasms::AML::Genetic_Abnormalities::Acute_Myeloid_Leukemia_with_DEK_NUP214_Fusion,1
who,HEME::Myeloid_Neoplasms::AML::Genetic_Abnormalities::Acute_Myeloid_Leukemia_with_NUP98_Rearrangement,1
who,HEME::Myeloid_Neoplasms::AML::Genetic_Abnormalities::Acute_Myeloid_Leukemia_with_Other_Defined_Genetic_Alterations,1
who,HEME::Myeloid_Neoplasms::AML::Genetic_Abnormalities::Acute_Myeloid_Leukemia_with_RBM15_MRTFA_Fusion,1
who,HEME::Myeloid_Neoplasms::AML::Genetic_Abnormalities::Acute_Myeloid_Leukemia_with_RUNX1_RUNX1T1_Fusion,1
who,HEME::Myeloid_Neoplasms::Ambiguous_Lineage::Genetic_Abnormalities::Acute_Leukemia_of_Ambiguous_Lineage_with_Other_Defined_Genetic_Alterations,1
who,HEME::Myeloid_Neoplasms::Ambiguous_Lineage::Genetic_Abnormalities::Mixed_phenotype_Acute_Leukemia_with_BCR_ABL1_Fusion,1
who,HEME::Myeloid_Neoplasms::Ambiguous_Lineage::Genetic_Abnormalities::Mixed_phenotype_Acute_Leukemia_with_KMT2A_Rearrangement,1
who,HEME::Myeloid_Neoplasms::Ambiguous_Lineage::Immunophenotype::Acute_Leukemia_of_Ambiguous_Lineage_NOS,1
who,HEME::Myeloid_Neoplasms::Ambiguous_Lineage::Immunophenotype::Acute_Undifferentiated_Leukemia,1
who,HEME::Myeloid_Neoplasms::Ambiguous_Lineage::Immunophenotype::Mixed_phenotype_Acute_Leukemia_B_myeloid,1
who,HEME::Myeloid_Neoplasms::Ambiguous_Lineage::Immunophenotype::Mixed_phenotype_Acute_Leukemia_Rare_Types,1
who,HEME::Myeloid_Neoplasms::Ambiguous_Lineage::Immunophenotype::Mixed_phenotype_Acute_Leukemia_T_myeloid,1
who,HEME::Myeloid_Neoplasms::MDS_MPN::Myelodysplastic_myeloproliferative_Neoplasm_NOS_Unclassifiable,1
who,HEME::Myeloid_Neoplasms::MDS_MPN::Myelodysplastic_myeloproliferative_Neoplasm_with_Neutrophilia,1
who,HEME::Myeloid_Neoplasms::Myelodysplastic_Neoplasms::Childhood_MDN::Childhood_Myelodysplastic_Neoplasm_with_Increased_Blasts,1
who,HEME::Myeloid_Neoplasms::Myelodysplastic_Neoplasms::Genetic_Abnormalities::Myelodysplastic_Neoplasm_with_Biallelic_TP53_Inactivation,1
who,HEME::Myeloid_Neoplasms::Myelodysplastic_Neoplasms::Genetic_Abnormalities::Myelodysplastic_Neoplasm_with_Low_Blasts_and_5q_Deletion,1
who,HEME::Myeloid_Neoplasms::Myelodysplastic_Neoplasms::Genetic_Abnormalities::Myelodysplastic_Neoplasm_with_Low_Blasts_and_SF3B1_Mutation,1
who,HEME::Myeloid_Neoplasms::Myelodysplastic_Neoplasms::Morphologic::Myelodysplastic_Neoplasm_Hypoplastic,1
who,HEME::Myeloid_Neoplasms::Myelodysplastic_Neoplasms::Morphologic::Myelodysplastic_Neoplasm_with_Low_Blasts,1
who,HEME::Myeloid_Neoplasms::Myeloid_Lymphoid::Eosinophilia_TK::Myeloid_lymphoid_Neoplasm_with_ETV6_ABL1_Fusion,1
who,HEME::Myeloid_Neoplasms::Myeloid_Lymphoid::Eosinophilia_TK::Myeloid_lymphoid_Neoplasm_with_FLT3_Rearrangement,1
who,HEME::Myeloid_Neoplasms::Myeloid_Lymphoid::Eosinophilia_TK::Myeloid_lymphoid_Neoplasms_with_Other_Tyrosine_Kinase_Gene_Fusions,1
who,HEME::Myeloid_Neoplasms::Myeloproliferative_Neoplasms::Chronic_Neutrophilic_Leukemia,1
who,HEME::Myeloid_Neoplasms::Myeloproliferative_Neoplasms::Mastocytosis::Mast_Cell_Sarcoma,1
who,HEME::Myeloid_Neoplasms::Precursor_Lesions::Clonal_HematopoieAdjustments::Clonal_Hematopoiesis,1
who,HEME::Myeloid_Neoplasms::Precursor_Lesions::Clonal_Hematopoiesis::Clonal_Cytopenia_of_Undetermined_Significance,1
who,HEME::Myeloid_Neoplasms::Secondary_Neoplasms::Antecedent_Conditions::Myeloid_Neoplasm_Post_Cytotoxic_Therapy,1
who,HEME::Myeloid_Neoplasms::Secondary_Neoplasms::Antecedent_Conditions::Myeloid_Proliferations_Associated_with_Down_Syndrome,1
who,HEME::Stroma_Derived::Mesenchymal_Dendritic::Follicular_Dendritic::Fibroblastic_Reticular_Cell_Tumor,1
who,HEME::Stroma_Derived::Myofibroblastic_Tumors::Intranodal_Palisaded_Myofibroblastoma,1
who,HEME::Stroma_Derived::Splenic_Vascular::Littoral_Cell_Angioma,1
who,HEME::Stroma_Derived::Splenic_Vascular::Sclerosing_Angiomatoid_Nodular_Transformation_of_Spleen,1
who,HEME::Stroma_Derived::Splenic_Vascular::Splenic_Hamartoma,1
who,HEME::T_NK_Cell::EBV_Childhood::Severe_Mosquito_Bite_Allergy,1
who,HEME::T_NK_Cell::Mature_T_NK_Cell::Cutaneous_T_Cell::Primary_Cutaneous_Acral_CD8_positive_T_cell_Lymphoproliferative_Disorder,1
who,HEME::T_NK_Cell::Mature_T_NK_Cell::Cutaneous_T_Cell::Primary_Cutaneous_CD30_positive_T_cell_Lymphoproliferative_Disorder_Primary_Cutaneous_Anaplastic_Large_Cell_Lymphoma,1
who,HEME::T_NK_Cell::Mature_T_NK_Cell::Cutaneous_T_Cell::Primary_Cutaneous_CD8_positive_Aggressive_Epidermotropic_Cytotoxic_T_cell_Lymphoma,1
who,HEME::T_NK_Cell::Mature_T_NK_Cell::Cutaneous_T_Cell::Primary_Cutaneous_Gamma_delta_T_cell_Lymphoma,1
who,HEME::T_NK_Cell::Mature_T_NK_Cell::Cutaneous_T_Cell::Primary_Cutaneous_Peripheral_T_cell_Lymphoma_NOS,1
who,HEME::T_NK_Cell::Mature_T_NK_Cell::Intestinal_T_NK::Indolent_NK_cell_Lymphoproliferative_Disorder_of_the_Gastrointestinal_Tract,1
who,HEME::T_NK_Cell::Mature_T_NK_Cell::Intestinal_T_NK::Intestinal_T_cell_Lymphoma_NOS,1
who,HEME::T_NK_Cell::Mature_T_NK_Cell::TFH_Nodal::Nodal_T_Follicular_Helper_Cell_Lymphoma_NOS,1
who,HEME::T_NK_Cell::Precursor_T_Cell::T_ALL::Early_T_precursor_Lymphoblastic_Leukemia_lymphoma,1
who,HN::Bone::Aneurysmal_Bone_Cyst,1
who,HN::Bone::Cemento_osseous_Dysplasia,1
who,HN::Bone::Central_Giant_Cell_Granuloma,1
who,HN::Bone::Cherubism,1
who,HN::Bone::Chondroblastoma,1
who,HN::Bone::Chondromyxoid_Fibroma,1
who,HN::Bone::Desmoplastic_Fibroma_of_Bone,1
who,HN::Bone::Familial_Gigantiform_Cementoma,1
who,HN::Bone::Fibrous_Dysplasia,1
who,HN::Bone::Juvenile_Trabecular_Ossifying_Fibroma,1
who,HN::Bone::Mesenchymal_Chondrosarcoma,1
who,HN::Bone::Osteoblastoma,1
who,HN::Bone::Osteochondroma,1
who,HN::Bone::Osteoma,1
who,HN::Bone::Peripheral_Giant_Cell_Granuloma,1
who,HN::Bone::Psammomatoid_Ossifying_Fibroma,1
who,HN::Bone::Rhabdomyosarcoma_with_TFCP2_Rearrangement,1
who,HN::Bone::Segmental_Odontomaxillary_Dysplasia,1
who,HN::Bone::Simple_Bone_Cyst,1
who,HN::Bone::The_Chondrosarcoma_Family_of_Tumors,1
who,HN::Ear::Cholesteatoma,1
who,HN::Ear::Chondrodermatitis_Nodularis_Chronica_Helicis,1
who,HN::Ear::Cystic_Chondromalacia,1
who,HN::Ear::Endolymphatic_Sac_Tumor,1
who,HN::Ear::Exostosis_Osteoma_of_the_Ear,1
who,HN::Ear::Middle_Ear_Adenocarcinoma,1
who,HN::Ear::Middle_Ear_Neuroendocrine_Tumor,1
who,HN::Ear::Middle_Ear_Papilloma,1
who,HN::Ear::Middle_Ear_Squamous_Cell_Carcinoma,1
who,HN::Ear::Otosclerosis,1
who,HN::Ear::Squamous_Cell_Carcinoma_of_the_External_Auditory_Canal,1
who,HN::Ear::Vestibular_Schwannoma,1
who,HN::GENETICS::Ataxia_telangiectasia,1
who,HN::GENETICS::Bloom_Syndrome,1
who,HN::GENETICS::Cowden_Syndrome,1
who,HN::GENETICS::Dyskeratosis_Congenita,1
who,HN::GENETICS::Familial_Adenomatous_Polyposis_Extraintestinal_Manifestations,1
who,HN::GENETICS::Familial_Paraganglioma_Syndromes,1
who,HN::GENETICS::Fanconi_Anemia,1
who,HN::GENETICS::Li_Fraumeni_Syndrome,1
who,HN::GENETICS::Multiple_Endocrine_Neoplasia_Type_2,1
who,HN::GENETICS::Nevoid_Basal_Cell_Carcinoma_Syndrome_Gorlin_Syndrome,1
who,HN::GENETICS::Tuberous_Sclerosis,1
who,HN::Germ_Cell::Germ_Cell_Tumors_of_the_Head_and_Neck,1
who,HN::HEME::B_Cell_Lymphoma::Diffuse_Large_B_cell_Lymphoma,1
who,HN::HEME::B_Cell_Lymphoma::Follicular_Lymphoma,1
who,HN::HEME::B_Cell_Lymphoma::Large_B_cell_Lymphoma_with_IRF4_Rearrangement,1
who,HN::HEME::B_Cell_Lymphoma::Mantle_Cell_Lymphoma,1
who,HN::HEME::B_Cell_Lymphoma::Pediatric_type_Follicular_Lymphoma,1
who,HN::HEME::B_Cell_Lymphoma::Plasmablastic_Lymphoma,1
who,HN::HEME::B_Cell_Lymphoma::Plasmacytoma,1
who,HN::HEME::Histiocytic_Dendritic::Follicular_Dendritic_Cell_Sarcoma,1
who,HN::HEME::Histiocytic_Dendritic::Juvenile_Xanthogranuloma,1
who,HN::HEME::Histiocytic_Dendritic::Langerhans_Cell_Histiocytosis,1
who,HN::HEME::Histiocytic_Dendritic::Rosai_Dorfman_Disease,1
who,HN::HEME::Hodgkin_Lymphoma::Hodgkin_Lymphoma,1
who,HN::HEME::Myeloid_Tumor::Myeloid_Sarcoma,1
who,HN::HEME::Reactive_Lesion::EBV_positive_Mucocutaneous_Ulcer,1
who,HN::HEME::Reactive_Lesion::Reactive_Lymphoid_Hyperplasia,1
who,HN::HEME::T_NK_Cell_Tumor::Extranodal_NK_T_cell_Lymphoma,1
who,HN::HEME::T_NK_Cell_Tumor::Primary_Mucosal_CD30_positive_T_cell_Lymphoproliferative_Disorder,1
who,HN::HEME::T_NK_Cell_Tumor::T_lymphoblastic_Leukemia_lymphoma,1
who,HN::Jaw_Cyst::Calcifying_Odontogenic_Cyst,1
who,HN::Jaw_Cyst::Dentigerous_Cyst,1
who,HN::Jaw_Cyst::Gingival_Cysts,1
who,HN::Jaw_Cyst::Glandular_Odontogenic_Cyst,1
who,HN::Jaw_Cyst::Inflammatory_Collateral_Cysts,1
who,HN::Jaw_Cyst::Lateral_Periodontal_Cyst_and_Botryoid_Odontogenic_Cyst,1
who,HN::Jaw_Cyst::Nasopalatine_Duct_Cyst,1
who,HN::Jaw_Cyst::Odontogenic_Keratocyst,1
who,HN::Jaw_Cyst::Orthokeratinized_Odontogenic_Cyst,1
who,HN::Jaw_Cyst::Radicular_Cyst,1
who,HN::Jaw_Cyst::Surgical_Ciliated_Cyst,1
who,HN::Larynx_Pharynx::Adenosquamous_Carcinoma,1
who,HN::Larynx_Pharynx::Basaloid_Squamous_Cell_Carcinoma,1
who,HN::Larynx_Pharynx::Lymphoepithelial_Carcinoma_of_the_Larynx,1
who,HN::Larynx_Pharynx::Papillary_Squamous_Cell_Carcinoma,1
who,HN::Larynx_Pharynx::Spindle_Cell_Squamous_Cell_Carcinoma,1
who,HN::Larynx_Pharynx::Verrucous_Carcinoma_of_the_Hypopharynx_Larynx_Trachea_and_Parapharyngeal_Space,1
who,HN::Nasal_Skull_Base::Adamantinomatous_Craniopharyngioma,1
who,HN::Nasal_Skull_Base::Biphenotypic_Sinonasal_Sarcoma,1
who,HN::Nasal_Skull_Base::Chordoma,1
who,HN::Nasal_Skull_Base::HPV_related_Multiphenotypic_Sinonasal_Carcinoma,1
who,HN::Nasal_Skull_Base::Intestinal_type_Sinonasal_Adenocarcinoma,1
who,HN::Nasal_Skull_Base::Keratinizing_Squamous_Cell_Carcinoma,1
who,HN::Nasal_Skull_Base::Nasal_Chondromesenchymal_Hamartoma,1
who,HN::Nasal_Skull_Base::Non_intestinal_type_Sinonasal_Adenocarcinoma,1
who,HN::Nasal_Skull_Base::Respiratory_Epithelial_Adenomatoid_Hamartoma,1
who,HN::Nasal_Skull_Base::Seromucinous_Hamartoma,1
who,HN::Nasal_Skull_Base::Sinonasal_Ameloblastoma,1
who,HN::Nasal_Skull_Base::Sinonasal_Lymphoepithelial_Carcinoma,1
who,HN::Nasal_Skull_Base::Sinonasal_Papilloma::Sinonasal_Papilloma_Exophytic,1
who,HN::Nasal_Skull_Base::Sinonasal_Papilloma::Sinonasal_Papilloma_Oncocytic,1
who,HN::Nasal_Skull_Base::Sinonasal_Undifferentiated_Carcinoma,1
who,HN::Nasal_Skull_Base::Teratocarcinosarcoma,1
who,HN::Nasopharynx::Carcinoma::Low_grade_Nasopharyngeal_Papillary_Adenocarcinoma,1
who,HN::Nasopharynx::Hamartoma::Hairy_Polyp,1
who,HN::Nasopharynx::Hamartoma::Salivary_Gland_Anlage_Tumor,1
who,HN::Neck::Branchial_Cleft_Cyst,1
who,HN::Neck::Branchioma,1
who,HN::Neck::Dermoid_and_Teratoid_Cysts,1
who,HN::Neck::Heterotopia_associated_Carcinoma,1
who,HN::Neck::Lymphoepithelial_Cyst,1
who,HN::Neck::Ranula,1
who,HN::Neck::Squamous_Carcinoma_of_Unknown_Primary_Site,1
who,HN::Neuroendocrine::Large_Cell_Neuroendocrine_Carcinoma,1
who,HN::Neuroendocrine::Small_Cell_Neuroendocrine_Carcinoma,1
who,HN::Odontogenic::Adenoid_Ameloblastoma,1
who,HN::Odontogenic::Adenomatoid_Odontogenic_Tumor,1
who,HN::Odontogenic::Ameloblastic_Carcinoma,1
who,HN::Odontogenic::Ameloblastic_Fibroma,1
who,HN::Odontogenic::Ameloblastoma_Extraosseous_peripheral,1
who,HN::Odontogenic::Ameloblastoma_Unicystic,1
who,HN::Odontogenic::Calcifying_Epithelial_Odontogenic_Tumor,1
who,HN::Odontogenic::Cemento_ossifying_Fibroma,1
who,HN::Odontogenic::Cementoblastoma,1
who,HN::Odontogenic::Clear_Cell_Odontogenic_Carcinoma,1
who,HN::Odontogenic::Dentinogenic_Ghost_Cell_Tumor,1
who,HN::Odontogenic::Ghost_Cell_Odontogenic_Carcinoma,1
who,HN::Odontogenic::Metastasizing_Ameloblastoma,1
who,HN::Odontogenic::Odontogenic_Carcinosarcoma,1
who,HN::Odontogenic::Odontogenic_Fibroma,1
who,HN::Odontogenic::Odontogenic_Myxoma,1
who,HN::Odontogenic::Odontogenic_Sarcomas,1
who,HN::Odontogenic::Odontoma,1
who,HN::Odontogenic::Primary_Intraosseous_Carcinoma_NOS,1
who,HN::Odontogenic::Primordial_Odontogenic_Tumor,1
who,HN::Odontogenic::Sclerosing_Odontogenic_Carcinoma,1
who,HN::Odontogenic::Squamous_Odontogenic_Tumor,1
who,HN::Oral::Malignant_Potential::HPV_associated_Oral_Epithelial_Dysplasia,1
who,HN::Oral::Malignant_Potential::Oral_Epithelial_Dysplasia,1
who,HN::Oral::Malignant_Potential::Oral_Potentially_Malignant_Disorders,1
who,HN::Oral::Malignant_Potential::Proliferative_Verrucous_Leukoplakia,1
who,HN::Oral::Malignant_Potential::Submucous_Fibrosis,1
who,HN::Oral::Multifocal_Epithelial_Hyperplasia,1
who,HN::Oral::Necrotizing_Sialometaplasia,1
who,HN::Oral::Oral_Melanoacanthoma,1
who,HN::Oral::Squamous_Carcinoma::Carcinoma_Cuniculatum,1
who,HN::Oral::Squamous_Carcinoma::Verrucous_Carcinoma_of_the_Oral::_and_Mobile_Tongue,1
who,HN::Oral::Squamous_Papilloma,1
who,HN::Oral::Uncertain_Histogenesis::Congenital_Granular_Cell_Epulis,1
who,HN::Oral::Uncertain_Histogenesis::Ectomesenchymal_Chondromyxoid_Tumor,1
who,HN::Oral::Uncertain_Histogenesis::Granular_Cell_Tumor,1
who,HN::Oral::Uncertain_Histogenesis::Melanotic_Neuroectodermal_Tumor_of_Infancy,1
who,HN::Oropharynx::Benign_Lesion::Hamartomatous_Polyps,1
who,HN::Oropharynx::Epithelial_Tumor::Squamous_Carcinoma::Squamous_Cell_Carcinoma_HPV_independent,1
who,HN::Salivary::Basal_Cell_Adenocarcinoma,1
who,HN::Salivary::Basal_Cell_Adenoma,1
who,HN::Salivary::Canalicular_Adenoma,1
who,HN::Salivary::Carcinoma_Ex_Pleomorphic_Adenoma,1
who,HN::Salivary::Carcinosarcoma_of_the_Salivary_Glands,1
who,HN::Salivary::Cystadenoma_of_the_Salivary_Glands,1
who,HN::Salivary::Ductal_Papillomas,1
who,HN::Salivary::Epithelial_myoepithelial_Carcinoma,1
who,HN::Salivary::Hyalinizing_Clear_Cell_Carcinoma,1
who,HN::Salivary::Intercalated_Duct_Adenoma_and_Hyperplasia,1
who,HN::Salivary::Keratocystoma,1
who,HN::Salivary::Lymphadenoma,1
who,HN::Salivary::Lymphoepithelial_Carcinoma,1
who,HN::Salivary::Lymphoepithelial_Sialadenitis,1
who,HN::Salivary::Microsecretory_Adenocarcinoma,1
who,HN::Salivary::Mucinous_Adenocarcinoma,1
who,HN::Salivary::Myoepithelial_Carcinoma,1
who,HN::Salivary::Nodular_Oncocytic_Hyperplasia,1
who,HN::Salivary::Oncocytoma,1
who,HN::Salivary::Salivary_Gland_Carcinoma_NOS,1
who,HN::Salivary::Salivary_Gland_Myoepithelioma,1
who,HN::Salivary::Sclerosing_Microcystic_Adenocarcinoma,1
who,HN::Salivary::Sclerosing_Polycystic_Adenoma,1
who,HN::Salivary::Sebaceous_Adenocarcinoma,1
who,HN::Salivary::Sebaceous_Adenoma,1
who,HN::Salivary::Sialadenoma_Papilliferum,1
who,HN::Salivary::Sialoblastoma,1
who,HN::Salivary::Sialolipoma,1
who,HN::Salivary::Squamous_Cell_Carcinoma,1
who,HN::Salivary::Striated_Duct_Adenoma,1
who,HN::Salivary::Warthin_Tumor,1
who,HN::Soft_Tissue::Adipocytic_Tumor::Liposarcomas,1
who,HN::Soft_Tissue::Chondro_Osseous::Chondroma,1
who,HN::Soft_Tissue::Fibroblastic_Tumor::Desmoid_Fibromatosis,1
who,HN::Soft_Tissue::Fibroblastic_Tumor::Inflammatory_Myofibroblastic_Tumor,1
who,HN::Soft_Tissue::Fibroblastic_Tumor::Low_grade_Myofibroblastic_Sarcoma,1
who,HN::Soft_Tissue::Fibroblastic_Tumor::Nodular_Fasciitis,1
who,HN::Soft_Tissue::Nerve_Sheath::Malignant_Peripheral_Nerve_Sheath_Tumor,1
who,HN::Soft_Tissue::Nerve_Sheath::Neurofibroma,1
who,HN::Soft_Tissue::Nerve_Sheath::Neuromas,1
who,HN::Soft_Tissue::Pericytic_Tumor::Myofibroma,1
who,HN::Soft_Tissue::Skeletal_Muscle::Rhabdomyoma,1
who,HN::Soft_Tissue::Small_Round_Cell::Ewing_Sarcoma,1
who,HN::Soft_Tissue::Smooth_Muscle::EBV_associated_Smooth_Muscle_Tumor,1
who,HN::Soft_Tissue::Smooth_Muscle::Leiomyoma_and_Angioleiomyoma,1
who,HN::Soft_Tissue::Smooth_Muscle::Leiomyosarcoma,1
who,HN::Soft_Tissue::Smooth_Muscle::Smooth_Muscle_Tumor_of_Uncertain_Malignant_Potential,1
who,HN::Soft_Tissue::Uncertain_Differentiation::Extraskeletal_Myxoid_Chondrosarcoma,1
who,HN::Soft_Tissue::Uncertain_Differentiation::GLI1_altered_Soft_Tissue_Tumor,1
who,HN::Soft_Tissue::Uncertain_Differentiation::Myxoma,1
who,HN::Soft_Tissue::Uncertain_Differentiation::Phosphaturic_Mesenchymal_Tumor,1
who,HN::Soft_Tissue::Uncertain_Differentiation::Synovial_Sarcoma,1
who,HN::Soft_Tissue::Uncertain_Differentiation::Undifferentiated_Sarcoma,1
who,HN::Soft_Tissue::Vascular_Tumor::Angiosarcoma,1
who,HN::Soft_Tissue::Vascular_Tumor::Epithelioid_Hemangioendothelioma,1
who,HN::Soft_Tissue::Vascular_Tumor::Epithelioid_Hemangioma,1
who,HN::Soft_Tissue::Vascular_Tumor::Hemangioma,1
who,HN::Soft_Tissue::Vascular_Tumor::Kaposi_Sarcoma,1
who,HN::Soft_Tissue::Vascular_Tumor::Lymphangioma,1
who,NEURO::Choroid_Plexus::Atypical_choroid_plexus_papilloma,1
who,NEURO::Choroid_Plexus::Choroid_plexus_carcinoma,1
who,NEURO::Choroid_Plexus::Choroid_plexus_papilloma,1
who,NEURO::Embryonal::Medulloblastoma::Molecular_Defined::Medulloblastoma_SHH_activated_and_TP53_mutant,1
who,NEURO::Embryonal::Medulloblastoma::Molecular_Defined::Medulloblastoma_non_WNT_non_SHH,1
who,NEURO::Embryonal::Other_Embryonal::CNS_embryonal_tumor_NEC_NOS,1
who,NEURO::Embryonal::Other_Embryonal::CNS_neuroblastoma_FOXR2_activated,1
who,NEURO::Embryonal::Other_Embryonal::Cribriform_neuroepithelial_tumor,1
who,NEURO::GENETICS::DICER1_syndrome,1
who,NEURO::GENETICS::Familial_adenomatous_polyposis_1,1
who,NEURO::GENETICS::Familial_retinoblastoma,1
who,NEURO::GENETICS::Melanoma_astrocytoma_syndrome,1
who,NEURO::GENETICS::Nevoid_basal_cell_carcinoma_syndrome,1
who,NEURO::GENETICS::Rhabdoid_tumor_predisposition_syndrome,1
who,NEURO::Gliomas_Neuronal::Ependymal_Tumors::Myxopapillary_ependymoma,1
who,NEURO::Gliomas_Neuronal::Ependymal_Tumors::Posterior_fossa_group_A_PFA_ependymoma,1
who,NEURO::Gliomas_Neuronal::Ependymal_Tumors::Posterior_fossa_group_B_PFB_ependymoma,1
who,NEURO::Gliomas_Neuronal::Ependymal_Tumors::Spinal_ependymoma,1
who,NEURO::Gliomas_Neuronal::Ependymal_Tumors::Spinal_ependymoma_MYCN_amplified,1
who,NEURO::Gliomas_Neuronal::Ependymal_Tumors::Subependymoma,1
who,NEURO::Gliomas_Neuronal::Ependymal_Tumors::Supratentorial_ependymoma_YAP1_fusion_positive,1
who,NEURO::Gliomas_Neuronal::Ependymal_Tumors::Supratentorial_ependymoma_ZFTA_fusion_positive,1
who,NEURO::Gliomas_Neuronal::Glioneuronal_Neuronal::Cerebellar_liponeurocytoma,1
who,NEURO::Gliomas_Neuronal::Glioneuronal_Neuronal::Diffuse_glioneuronal_tumor_with_oligodendroglioma_like_features_and_nuclear_clusters,1
who,NEURO::Gliomas_Neuronal::Glioneuronal_Neuronal::Extraventricular_neurocytoma,1
who,NEURO::Gliomas_Neuronal::Glioneuronal_Neuronal::Gangliocytoma,1
who,NEURO::Gliomas_Neuronal::Glioneuronal_Neuronal::Multinodular_and_vacuolating_neuronal_tumor,1
who,NEURO::Gliomas_Neuronal::Glioneuronal_Neuronal::Myxoid_glioneuronal_tumor,1
who,NEURO::Gliomas_Neuronal::Glioneuronal_Neuronal::Papillary_glioneuronal_tumor,1
who,NEURO::Gliomas_Neuronal::Pediatric_High_Grade::Diffuse_hemispheric_glioma_H3_G34_mutant,2
who,NEURO::Gliomas_Neuronal::Pediatric_High_Grade::Infant_type_hemispheric_glioma,1
who,NEURO::HEME::Histiocytic_Tumors::Erdheim_Chester_disease,1
who,NEURO::HEME::Histiocytic_Tumors::Histiocytic_sarcoma,1
who,NEURO::HEME::Histiocytic_Tumors::Juvenile_xanthogranuloma,1
who,NEURO::HEME::Histiocytic_Tumors::Langerhans_cell_histiocytosis,1
who,NEURO::HEME::Histiocytic_Tumors::Rosai_Dorfman_disease,1
who,NEURO::HEME::Lymphomas::CNS_Lymphomas::Immunodeficiency_associated_CNS_lymphomas,1
who,NEURO::HEME::Lymphomas::CNS_Lymphomas::Intravascular_large_B_cell_lymphoma,1
who,NEURO::HEME::Lymphomas::CNS_Lymphomas::Lymphomatoid_granulomatosis,1
who,NEURO::HEME::Lymphomas::Rare_Lymphomas::Anaplastic_large_cell_lymphoma_ALK_ALK_,1
who,NEURO::HEME::Lymphomas::Rare_Lymphomas::MALT_lymphoma_of_the_dura,1
who,NEURO::HEME::Lymphomas::Rare_Lymphomas::Other_low_grade_B_cell_lymphomas_of_the_CNS,1
who,NEURO::HEME::Lymphomas::Rare_Lymphomas::T_cell_and_NK_T_cell_lymphomas,1
who,NEURO::Mesenchymal::Chondro_osseous::Chondrogenic_Tumors::Chondrosarcoma,1
who,NEURO::Mesenchymal::Chondro_osseous::Chondrogenic_Tumors::Mesenchymal_chondrosarcoma,1
who,NEURO::Mesenchymal::Chondro_osseous::Notochordal_Tumors::Chordoma,1
who,NEURO::Mesenchymal::Soft_Tissue::Uncertain_Differentiation::CIC_rearranged_sarcoma,1
who,NEURO::Metastases::Metastases_to_the_meninges,1
who,NEURO::Nerve_Tumors::Hybrid_nerve_sheath_tumors,1
who,NEURO::Nerve_Tumors::Malignant_melanotic_nerve_sheath_tumor,1
who,NEURO::Nerve_Tumors::Perineurioma,1
who,NEURO::Pineal_Tumors::Desmoplastic_myxoid_tumor_of_the_pineal_region_SMARCB1_mutant,1
who,NEURO::Pineal_Tumors::Papillary_tumor_of_the_pineal_region,1
who,NEURO::Pineal_Tumors::Pineal_parenchymal_tumor_of_intermediate_differentiation,1
who,NEURO::Pineal_Tumors::Pineocytoma,1
who,NEURO::Sellar_Region::Pituitary_blastoma,1
who,PEDS::Bone::Chondrogenic::Chondroblastoma,1
who,PEDS::Bone::Chondrogenic::Chondromyxoid_Fibroma,1
who,PEDS::Bone::Chondrogenic::Enchondroma_and_Enchondromatosis,1
who,PEDS::Bone::Chondrogenic::Mesenchymal_Chondrosarcoma,1
who,PEDS::Bone::Chondrogenic::Osteochondroma,1
who,PEDS::Bone::Osteogenic::Bizarre_Parosteal_Osteochondromatous_Proliferation,1
who,PEDS::Bone::Osteogenic::Chondromesenchymal_Hamartoma_of_the_Chest_Wall,1
who,PEDS::Bone::Osteogenic::Osteoblastoma,1
who,PEDS::Bone::Osteogenic::Osteoid_Osteoma,1
who,PEDS::Bone::Osteogenic::Subungual_Exostosis,1
who,PEDS::Bone::Other_Bone::Adamantinoma,1
who,PEDS::Bone::Other_Bone::Aneurysmal_Bone_Cyst,1
who,PEDS::Bone::Other_Bone::Fibrous_Dysplasia,1
who,PEDS::Bone::Other_Bone::Giant_Cell_Tumor_of_Bone,1
who,PEDS::Bone::Other_Bone::Non_ossifying_Fibroma,1
who,PEDS::Bone::Other_Bone::Osteofibrous_Dysplasia,1
who,PEDS::Bone::Other_Bone::Simple_Bone_Cyst,1
who,PEDS::Breast::Fibroepithelial::Juvenile_Fibroadenoma,1
who,PEDS::ENDO::Medulla_Paraganglia::Composite_Pheochromocytoma_Paraganglioma,1
who,PEDS::ENDO::Parathyroid::Parathyroid_Adenoma,1
who,PEDS::ENDO::Thyroid::Epithelial::Spindle_Epithelial_Tumor_with_Thymus_like_Elements,1
who,PEDS::EYE::Conjunctival::Hamartomas::Epibulbar_Choristoma,1
who,PEDS::EYE::Conjunctival::Hamartomas::Epibulbar_Osseous_Choristoma,1
who,PEDS::EYE::Conjunctival::Hamartomas::Phakomatous_Choristoma,1
who,PEDS::EYE::Conjunctival::Melanocytic::Inflamed_Juvenile_Conjunctival_Nevus,1
who,PEDS::EYE::Optic_Nerve::Pilocytic_Astrocytoma_and_Other_Gliomas_of_the_Optic_Nerve,1
who,PEDS::EYE::Retinal::Retinocytoma,1
who,PEDS::EYE::Uveal::Diffuse_Choroidal_Neurofibroma_and_Ganglioneuroma,1
who,PEDS::EYE::Uveal::Lisch_Nodule_Iris_Hamartoma,1
who,PEDS::GENETICS::ENDO::Hereditary_Pheochromocytoma_Paraganglioma_Syndromes,1
who,PEDS::GENETICS::Neural::Retinoblastoma_Syndrome,1
who,PEDS::GENETICS::Other::BAP1_Tumor_Predisposition_Syndrome,1
who,PEDS::GENETICS::Wilms::Beckwith_Wiedemann_and_Related_Overgrowth_Syndromes,1
who,PEDS::GENETICS::Wilms::WAGR_Syndrome,1
who,PEDS::GI::GI::Epithelial::Gastroblastoma,1
who,PEDS::GI::Liver::Hepatic_Angiosarcoma,1
who,PEDS::GI::Liver::Hepatic_Congenital_Hemangioma,1
who,PEDS::GI::Liver::Hepatic_Infantile_Hemangioma,1
who,PEDS::GI::Liver::Mesenchymal::Calcifying_Nested_Stromal_epithelial_Tumor,1
who,PEDS::GI::Liver::Mesenchymal::Embryonal_Sarcoma_of_the_Liver,1
who,PEDS::GI::Liver::Mesenchymal::Mesenchymal_Hamartoma,1
who,PEDS::GU::Renal::Mesenchymal::Anaplastic_Sarcoma_of_the_Kidney,1
who,PEDS::GU::Renal::Mesenchymal::Clear_Cell_Sarcoma_of_the_Kidney,1
who,PEDS::GU::Renal::Mesenchymal::Malignant_Rhabdoid_Tumor_of_the_Kidney,1
who,PEDS::GU::Renal::Mesenchymal::Mesoblastic_Nephroma,1
who,PEDS::GU::Renal::Mesenchymal::Ossifying_Renal_Tumor_of_Infancy,1
who,PEDS::GU::Renal::Mesenchymal::Renal_Ewing_Sarcoma,1
who,PEDS::GU::Renal::Metanephric::Metanephric_Adenofibroma,1
who,PEDS::GU::Renal::Metanephric::Metanephric_Adenoma,1
who,PEDS::GU::Renal::Metanephric::Metanephric_Stromal_Tumor,1
who,PEDS::GU::Renal::Molecular::ALK_rearranged_Renal_Cell_Carcinoma,1
who,PEDS::GU::Renal::Molecular::Eosinophilic_Solid_and_Cystic_Renal_Cell_Carcinoma,1
who,PEDS::GU::Renal::Molecular::SMARCB1_deficient_Renal_Medullary_Carcinoma,1
who,PEDS::GU::Renal::Nephroblastic::Pediatric_Cystic_Nephroma,1
who,PEDS::GU::Testicular::Non_Germ_Cell::Juvenile_Granulosa_Cell_Tumor_of_the_Testis,1
who,PEDS::GYN::Lower_Tract::Epithelial::Condyloma_Acuminatum,1
who,PEDS::GYN::Lower_Tract::Epithelial::Mesonephric_Remnants_and_Hyperplasia,1
who,PEDS::GYN::Lower_Tract::Epithelial::Mullerian_Papilloma,1
who,PEDS::GYN::Ovarian::Other::Small_Cell_Carcinoma_of_the_Ovary_Hypercalcemic_Type,1
who,PEDS::GYN::Ovarian::Sex_Cord::Gynandroblastoma,1
who,PEDS::GYN::Ovarian::Sex_Cord::Juvenile_Granulosa_Cell_Tumor_of_the_Ovary,1
who,PEDS::GYN::Ovarian::Sex_Cord::Ovarian_Fibroma,1
who,PEDS::GYN::Ovarian::Sex_Cord::Papillary_Cystadenoma,1
who,PEDS::GYN::Ovarian::Sex_Cord::Sclerosing_Stromal_Tumor,1
who,PEDS::GYN::Ovarian::Sex_Cord::Sertoli_Leydig_Cell_Tumor,1
who,PEDS::GYN::Ovarian::Sex_Cord::Sex_Cord_Tumor_with_Annular_Tubules,1
who,PEDS::GYN::Peritoneal::Mesothelial::Peritoneal_Inclusion_Cysts,1
who,PEDS::Germ_Cell::Non_Germinomatous::Choriocarcinoma_Non_gestational,1
who,PEDS::Germ_Cell::Non_Germinomatous::Embryonal_Carcinoma,1
who,PEDS::Germ_Cell::Non_Germinomatous::Extragonadal_Teratoma,1
who,PEDS::Germ_Cell::Non_Germinomatous::Fetus_in_Fetu,1
who,PEDS::Germ_Cell::Non_Germinomatous::Immature_Teratoma_Female_Gonadal,1
who,PEDS::Germ_Cell::Non_Germinomatous::Mature_Cystic_Teratoma,1
who,PEDS::Germ_Cell::Non_Germinomatous::Monodermal_Teratomas_Female_Gonadal,1
who,PEDS::Germ_Cell::Non_Germinomatous::Prepubertal_type_Testicular_Teratoma,1
who,PEDS::Germ_Cell::Non_Germinomatous::Yolk_Sac_Tumor,1
who,PEDS::HEME::Immunodeficiency::Primary_Immunodeficiency_associated_Lymphoproliferative_Disorders,1
who,PEDS::HEME::Lymphoid::Cutaneous_T::Primary_Cutaneous_CD30_positive_T_cell_Lymphoproliferative_Disorders,1
who,PEDS::HEME::Lymphoid::Cutaneous_T::Subcutaneous_Panniculitis_like_T_cell_Lymphoma,1
who,PEDS::HEME::Lymphoid::EBV_Childhood::Hydroa_Vacciniforme_Lymphoproliferative_Disorder,1
who,PEDS::HEME::Lymphoid::Hepatosplenic::Hepatosplenic_T_cell_Lymphoma,1
who,PEDS::HEME::Lymphoid::Mature_B::ALK_positive_Large_B_cell_Lymphoma,1
who,PEDS::HEME::Lymphoid::Mature_B::Diffuse_Large_B_cell_Lymphoma_NOS,1
who,PEDS::HEME::Lymphoid::Mature_B::EBV_positive_Diffuse_Large_B_cell_Lymphoma,1
who,PEDS::HEME::Lymphoid::Mature_B::High_grade_B_cell_Lymphoma_with_11q_Aberration,1
who,PEDS::HEME::Lymphoid::Mature_B::Large_B_cell_Lymphoma_with_IRF4_Rearrangement,1
who,PEDS::HEME::Lymphoid::Mature_B::Lymphomatoid_Granulomatosis,1
who,PEDS::HEME::Lymphoid::Mature_B::Mediastinal_Grey_Zone_Lymphoma,1
who,PEDS::HEME::Lymphoid::Mature_B::Pediatric_type_Follicular_Lymphoma,1
who,PEDS::HEME::Lymphoid::Mature_B::Plasmablastic_Lymphoma,1
who,PEDS::HEME::Lymphoid::Mature_B::Primary_Mediastinal_Large_B_cell_Lymphoma,1
who,PEDS::HEME::Lymphoid::Mature_T_NK::Aggressive_NK_cell_Leukemia,1
who,PEDS::HEME::Lymphoid::Mature_T_NK::Peripheral_T_cell_Lymphoma_NOS,1
who,PEDS::HEME::Lymphoid::Precursor::B_lymphoblastic_Leukemia_lymphoma,1
who,PEDS::HEME::Myeloid::AML::Differentiation::Acute_Myeloid_Leukemias_Defined_by_Differentiation,1
who,PEDS::HEME::Myeloid::MDS::Myelodysplastic_Syndrome_with_Excess_Blasts,1
who,PEDS::HN::Benign::Central_Giant_Cell_Granuloma,1
who,PEDS::HN::Benign::Congenital_Granular_Cell_Epulis,1
who,PEDS::HN::Benign::Nasal_Chondromesenchymal_Hamartoma,1
who,PEDS::HN::Benign::Nasal_Dermoid_Cyst,1
who,PEDS::HN::Benign::Nasopharyngeal_Dermoid,1
who,PEDS::HN::Benign::Ossifying_Fibroma,1
who,PEDS::HN::Benign::Sinonasal_Tract_Myxoma,1
who,PEDS::HN::Benign::Squamous_Papilloma_and_Papillomatosis,1
who,PEDS::HN::Benign::White_Sponge_Nevus,1
who,PEDS::HN::Malignant::Acinic_Cell_Carcinoma,1
who,PEDS::HN::Malignant::Melanotic_Neuroectodermal_Tumor_of_Infancy,1
who,PEDS::HN::Malignant::Mucoepidermoid_Carcinoma,1
who,PEDS::HN::Malignant::NUT_Carcinoma,1
who,PEDS::HN::Malignant::Sialoblastoma,1
who,PEDS::NEURO::Choroid::Atypical_Choroid_Plexus_Papilloma,1
who,PEDS::NEURO::Choroid::Choroid_Plexus_Carcinoma,1
who,PEDS::NEURO::Choroid::Choroid_Plexus_Papilloma,1
who,PEDS::NEURO::Embryonal::Medullo_Mol::Medulloblastoma_SHH_activated_and_TP53_mutant,1
who,PEDS::NEURO::Embryonal::Medullo_Mol::Medulloblastoma_WNT_activated,1
who,PEDS::NEURO::Embryonal::Medullo_Mol::Medulloblastoma_non_WNT_non_SHH,1
who,PEDS::NEURO::Embryonal::Other_Embryonal::Cribriform_Neuroepithelial_Tumor,1
who,PEDS::NEURO::Ependymal::Myxopapillary::Myxopapillary_Ependymoma,1
who,PEDS::NEURO::Ependymal::Posterior_Fossa::Posterior_Fossa_Group_A_PFA_Ependymoma,1
who,PEDS::NEURO::Ependymal::Posterior_Fossa::Posterior_Fossa_Group_B_PFB_Ependymoma,1
who,PEDS::NEURO::Ependymal::Spinal::Spinal_Ependymoma_MYCN_amplified,1
who,PEDS::NEURO::Ependymal::Supratentorial::Supratentorial_Ependymoma_YAP1_Fusion_positive,1
who,PEDS::NEURO::Ependymal::Supratentorial::Supratentorial_Ependymoma_ZFTA_Fusion_positive,1
who,PEDS::NEURO::Gliomas::High_Grade::Diffuse_Hemispheric_Glioma_H3_G34_mutant,1
who,PEDS::NEURO::Gliomas::High_Grade::Infant_type_Hemispheric_Glioma,1
who,PEDS::NEURO::Gliomas::Low_Grade::Angiocentric_Glioma,1
who,PEDS::NEURO::Gliomas::Low_Grade::Diffuse_Astrocytoma_MYB_or_MYBL1_altered,1
who,PEDS::NEURO::Glioneuronal::Diffuse_Glioneuronal_Tumor_with_Oligodendroglioma_like_Features_and_Nuclear_Clusters,1
who,PEDS::NEURO::Glioneuronal::Multinodular_and_Vacuolating_Neuronal_Tumor,1
who,PEDS::NEURO::Sellar::Pituitary_Blastoma,1
who,PEDS::Neuroblastic::Ganglioneuroblastoma_Intermixed,1
who,PEDS::Neuroblastic::Ganglioneuroblastoma_Nodular_and_Other_Composite_Neuroblastic_Tumors,1
who,PEDS::Neuroblastic::Ganglioneuroma,1
who,PEDS::SKIN::Epithelial::Squamous::Angiokeratoma,1
who,PEDS::SKIN::Epithelial::Squamous::Epidermal_Nevi,1
who,PEDS::SKIN::Epithelial::Squamous::Pilomatricoma,1
who,PEDS::SKIN::Hamartomas::Hamartomas,1
who,PEDS::SKIN::Melanocytic::Naevi::Blue_Nevus,1
who,PEDS::SKIN::Melanocytic::Naevi::Junctional_Compound_and_Dermal_Nevi,1
who,PEDS::SKIN::Melanocytic::Naevi::Pigmented_Spindle_Cell_Nevus_Reed_Nevus,1
who,PEDS::SKIN::Melanocytic::Naevi::Spitz_Nevus,1
who,PEDS::Soft_Tissue::Adipocytic::Lipoblastoma_Lipoblastomatosis,1
who,PEDS::Soft_Tissue::Adipocytic::Liposarcoma,1
who,PEDS::Soft_Tissue::Fibroblastic::Calcifying_Aponeurotic_Fibroma,1
who,PEDS::Soft_Tissue::Fibroblastic::Desmoid_Fibromatosis,1
who,PEDS::Soft_Tissue::Fibroblastic::EWSR1_SMAD3_rearranged_Fibroblastic_Tumor,1
who,PEDS::Soft_Tissue::Fibroblastic::Fibrodysplasia_Ossificans_Progressiva,1
who,PEDS::Soft_Tissue::Fibroblastic::Fibroma_of_Tendon_Sheath,1
who,PEDS::Soft_Tissue::Fibroblastic::Fibromatosis_Colli,1
who,PEDS::Soft_Tissue::Fibroblastic::Fibrous_Hamartoma_of_Infancy,1
who,PEDS::Soft_Tissue::Fibroblastic::Gardner_Fibroma,1
who,PEDS::Soft_Tissue::Fibroblastic::Inclusion_Body_Infantile_Digital_Fibromatosis,1
who,PEDS::Soft_Tissue::Fibroblastic::Infantile_Fibrosarcoma,1
who,PEDS::Soft_Tissue::Fibroblastic::Inflammatory_Myofibroblastic_Tumor,1
who,PEDS::Soft_Tissue::Fibroblastic::Juvenile_Hyaline_Fibromatosis_Hyaline_Fibromatosis_Syndrome,1
who,PEDS::Soft_Tissue::Fibroblastic::Lipofibromatosis,1
who,PEDS::Soft_Tissue::Fibroblastic::Low_grade_Myofibroblastic_Sarcoma,1
who,PEDS::Soft_Tissue::Fibroblastic::Pediatric_NTRK_rearranged_Spindle_Cell_Neoplasm,1
who,PEDS::Soft_Tissue::Fibroblastic::Plantar_Palmar_Fibromatoses,1
who,PEDS::Soft_Tissue::Fibroblastic::Sinonasal_Angiofibroma,1
who,PEDS::Soft_Tissue::Fibrohistiocytic::Fibrous_Histiocytoma,1
who,PEDS::Soft_Tissue::Fibrohistiocytic::Plexiform_Fibrohistiocytic_Tumor,1
who,PEDS::Soft_Tissue::Fibrohistiocytic::Tenosynovial_Giant_Cell_Tumor,1
who,PEDS::Soft_Tissue::GIST::Pediatric_Gastrointestinal_Stromal_Tumor,1
who,PEDS::Soft_Tissue::Nerve_Sheath::Benign_Triton_Tumor_Neuromuscular_Choristoma,1
who,PEDS::Soft_Tissue::Nerve_Sheath::Ectopic_Meningioma_and_Meningothelial_Hamartoma,1
who,PEDS::Soft_Tissue::Nerve_Sheath::Granular_Cell_Tumor,1
who,PEDS::Soft_Tissue::Nerve_Sheath::Hybrid_Nerve_Sheath_Tumor,1
who,PEDS::Soft_Tissue::Nerve_Sheath::Perineurioma,1
who,PEDS::Soft_Tissue::Nerve_Sheath::Solitary_Circumscribed_Neuroma,1
who,PEDS::Soft_Tissue::Pericytic::Glomus_Tumor_and_Glomuvenous_Malformation,1
who,PEDS::Soft_Tissue::Pericytic::Myofibroma_and_Myopericytoma,1
who,PEDS::Soft_Tissue::Skeletal_Muscle::Ectomesenchymoma,1
who,PEDS::Soft_Tissue::Skeletal_Muscle::Rhabdomyoma,1
who,PEDS::Soft_Tissue::Small_Round_Cell::CIC_rearranged_Sarcoma,1
who,PEDS::Soft_Tissue::Small_Round_Cell::Round_Cell_Sarcoma_with_EWSR1_non_ETS_Fusions,1
who,PEDS::Soft_Tissue::Small_Round_Cell::Sarcoma_with_BCOR_Genetic_Alterations,1
who,PEDS::Soft_Tissue::Smooth_Muscle::EBV_associated_Smooth_Muscle_Tumor,1
who,PEDS::Soft_Tissue::Uncertain::Alveolar_Soft_Part_Sarcoma,1
who,PEDS::Soft_Tissue::Uncertain::Angiomatoid_Fibrous_Histiocytoma,1
who,PEDS::Soft_Tissue::Uncertain::Clear_Cell_Sarcoma_of_Soft_Tissue,1
who,PEDS::Soft_Tissue::Uncertain::Deep_Angiomyxoma,1
who,PEDS::Soft_Tissue::Uncertain::Extrarenal_Rhabdoid_Tumor,1
who,PEDS::Soft_Tissue::Uncertain::Intramuscular_juxta_articular_Myxoma,1
who,PEDS::Soft_Tissue::Uncertain::PEComa,1
who,PEDS::Soft_Tissue::Uncertain::Phosphaturic_Mesenchymal_Tumor,1
who,PEDS::Soft_Tissue::Uncertain::Superficial_Angiomyxoma,1
who,PEDS::Soft_Tissue::Uncertain::Undifferentiated_Sarcomas,1
who,PEDS::Soft_Tissue::Vascular::Angiosarcoma,1
who,PEDS::Soft_Tissue::Vascular::Capillary_Malformations,1
who,PEDS::Soft_Tissue::Vascular::Congenital_Hemangioma,1
who,PEDS::Soft_Tissue::Vascular::Epithelioid_Hemangioendothelioma,1
who,PEDS::Soft_Tissue::Vascular::Epithelioid_Hemangioma,1
who,PEDS::Soft_Tissue::Vascular::Hemangioma_of_Placenta,1
who,PEDS::Soft_Tissue::Vascular::Infantile_Hemangioma,1
who,PEDS::Soft_Tissue::Vascular::Kaposi_Sarcoma,1
who,PEDS::Soft_Tissue::Vascular::Lobular_Capillary_Hemangioma_Pyogenic_Granuloma,1
who,PEDS::Soft_Tissue::Vascular::Lymphatic_Anomalies,1
who,PEDS::Soft_Tissue::Vascular::Papillary_Intralymphatic_Angioendothelioma_and_Retiform_Hemangioendothelioma,1
who,PEDS::Soft_Tissue::Vascular::Pseudomyogenic_Hemangioendothelioma,1
who,PEDS::Soft_Tissue::Vascular::Venous_Malformations,1
who,PEDS::THORACIC::Heart::Cardiac_Rhabdomyoma,1
who,PEDS::THORACIC::Lung::Congenital_Peribronchial_Myofibroblastic_Tumor,1
who,PEDS::THORACIC::Lung::Fetal_Lung_Interstitial_Tumor,1
who,Skin::Appendageal_Neoplasm::Acrospiroma::Nodular_Hidradenoma,1
who,Skin::Appendageal_Neoplasm::Acrospiroma::Poroma,1
who,Skin::Appendageal_Neoplasm::Adenoid_Cystic_Carcinoma,1
who,Skin::Appendageal_Neoplasm::Apocrine_Carcinoma,1
who,Skin::Appendageal_Neoplasm::Cribriform_Tumor,1
who,Skin::Appendageal_Neoplasm::Cylindroma,1
who,Skin::Appendageal_Neoplasm::Digital_Papillary_Adenocarcinoma,1
who,Skin::Appendageal_Neoplasm::Endocrine_Mucin_Producing_Sweat_Gland_Carcinoma,1
who,Skin::Appendageal_Neoplasm::Fibroadenoma_And_Phyllodes_Tumor_Of_Anogenital_Mammary_Like_Glands,1
who,Skin::Appendageal_Neoplasm::Fibrofolliculoma_Trichodiscoma,1
who,Skin::Appendageal_Neoplasm::Hidradenocarcinoma,1
who,Skin::Appendageal_Neoplasm::Hidradenoma_Papilliferum,1
who,Skin::Appendageal_Neoplasm::Hidrocystoma,1
who,Skin::Appendageal_Neoplasm::Malignant_Mixed_Tumor,1
who,Skin::Appendageal_Neoplasm::Melanocytic_Matricoma,1
who,Skin::Appendageal_Neoplasm::Microcystic_Adnexal_Adenocarcinoma,1
who,Skin::Appendageal_Neoplasm::Mixed_Tumor,1
who,Skin::Appendageal_Neoplasm::Mucinous_carcinoma,1
who,Skin::Appendageal_Neoplasm::Pilar_Sheath_Acanthoma,1
who,Skin::Appendageal_Neoplasm::Pilomatrical_Carcinoma,1
who,Skin::Appendageal_Neoplasm::Pilomatricoma,1
who,Skin::Appendageal_Neoplasm::Porocarcinoma,1
who,Skin::Appendageal_Neoplasm::Sebaceoma,1
who,Skin::Appendageal_Neoplasm::Sebaceous_Adenoma,1
who,Skin::Appendageal_Neoplasm::Sebaceous_Carcinoma,1
who,Skin::Appendageal_Neoplasm::Secretory_Carcinoma,1
who,Skin::Appendageal_Neoplasm::Signet_Ring_Cell_Histiocytoid_Carcinoma,1
who,Skin::Appendageal_Neoplasm::Spiradenocarcinoma,1
who,Skin::Appendageal_Neoplasm::Spiradenoma,1
who,Skin::Appendageal_Neoplasm::Squamoid_Eccrine_Ductal_Carcinoma,1
who,Skin::Appendageal_Neoplasm::Syringocystadenocarcinoma_Papilliferum,1
who,Skin::Appendageal_Neoplasm::Syringocystadenoma_Papilliferum,1
who,Skin::Appendageal_Neoplasm::Syringofibroadenoma_of_Mascaro,1
who,Skin::Appendageal_Neoplasm::Syringoma,1
who,Skin::Appendageal_Neoplasm::Trichilemmal_Carcinoma,1
who,Skin::Appendageal_Neoplasm::Trichilemmoma,1
who,Skin::Appendageal_Neoplasm::Trichoadenoma,1
who,Skin::Appendageal_Neoplasm::Trichoblastic_Carcinoma,1
who,Skin::Appendageal_Neoplasm::Trichofolliculoma,1
who,Skin::Appendageal_Neoplasm::Tubular_Adenoma,1
who,Skin::Appendageal_Neoplasm::Tumor_Of_Follicular_Infundibulum,1
who,Skin::Blister::Warty_Dyskeratoma,1
who,Skin::Cysts::Proliferating_Pilar_Cyst,1
who,Skin::Epidermal_Neoplasm::Actinic_Keratosis,1
who,Skin::Epidermal_Neoplasm::Basal_Cell_Carcinoma::Basal_Cell_Carcinoma_With_Adnexal_Differentiation,1
who,Skin::Epidermal_Neoplasm::Basal_Cell_Carcinoma::Basal_Cell_Carcinoma_With_Sarcomatoid_Differentiation,1
who,Skin::Epidermal_Neoplasm::Basal_Cell_Carcinoma::Fibroepithelial_Basal_Cell_Carcinoma,1
who,Skin::Epidermal_Neoplasm::Basal_Cell_Carcinoma::Infiltrating_Basal_Cell_Carcinoma,1
who,Skin::Epidermal_Neoplasm::Basal_Cell_Carcinoma::Micronodular_Basal_Cell_Carcinoma,1
who,Skin::Epidermal_Neoplasm::Basal_Cell_Carcinoma::Nodular_Basal_Cell_Carcinoma,1
who,Skin::Epidermal_Neoplasm::Basal_Cell_Carcinoma::Sclerosing_Morphoeic_Basal_Cell_Carcinoma,1
who,Skin::Epidermal_Neoplasm::Basal_Cell_Carcinoma::Superficial_Basal_Cell_Carcinoma,1
who,Skin::Epidermal_Neoplasm::Basosquamous_Carcinoma,1
who,Skin::Epidermal_Neoplasm::Clear_Cell_Acanthoma,1
who,Skin::Epidermal_Neoplasm::Large_Cell_Acanthoma,1
who,Skin::Epidermal_Neoplasm::Lichen_Planus_Like_Keratosis,1
who,Skin::Epidermal_Neoplasm::PUVA_Keratosis,1
who,Skin::Epidermal_Neoplasm::Seborrheic_Keratosis,1
who,Skin::Epidermal_Neoplasm::Solar_Lentigo,1
who,Skin::Epidermal_Neoplasm::Squamous_Cell_Carcinoma,1
who,Skin::Epidermal_Neoplasm::Squamous_Cell_Carcinoma::Acantholytic_Squamous_Cell_Carcinoma,1
who,Skin::Epidermal_Neoplasm::Squamous_Cell_Carcinoma::Clear_Cell::Squamous_Cell_Carcinoma,1
who,Skin::Epidermal_Neoplasm::Squamous_Cell_Carcinoma::Lymphoepithelioma_Like_carcinoma,1
who,Skin::Epidermal_Neoplasm::Squamous_Cell_Carcinoma::Spindle_Cell_Squamous_Cell_Carcinoma,1
who,Skin::Epidermal_Neoplasm::Squamous_Cell_Carcinoma::Squamous_Cell_Carcinoma_With_Sarcomatoid_Differentiation,1
who,Skin::Epidermal_Neoplasm::Squamous_Cell_Carcinoma::Squamous_Cell_Carcinoma_in_Situ_Bowen_Disease,1
who,Skin::Epidermal_Neoplasm::Squamous_Cell_Carcinoma::Verrucous_Squamous_Cell_Carcinoma,1
who,Skin::Epidermal_Neoplasm::Verruca_Plana,1
who,Skin::Epidermal_Neoplasm::Verruca_Plantaris_Verruca_Palmaris,1
who,Skin::Epidermal_Neoplasm::Verruca_Vulgaris,1
who,Skin::Hamartoma::Nevus_Lipomatosus_Superficialis,1
who,Skin::Melanocytic::Acral_Nevus,1
who,Skin::Melanocytic::BAPoma,1
who,Skin::Melanocytic::Combined_Nevus,1
who,Skin::Melanocytic::Congenital_Nevus,1
who,Skin::Melanocytic::Conjunctival_Melanoma,1
who,Skin::Melanocytic::Conjunctival_Nevus,1
who,Skin::Melanocytic::Dermal_Melanoma,1
who,Skin::Melanocytic::Genital_Nevus,1
who,Skin::Melanocytic::Halo_Nevus,1
who,Skin::Melanocytic::MITF_Pathway_Activated_Melanocytic_Tumors,1
who,Skin::Melanocytic::Melanoma_Arising_In_Blue_Nevus,1
who,Skin::Melanocytic::Melanoma_Arising_In_Congenital_Nevus,1
who,Skin::Melanocytic::Melanosis,1
who,Skin::Melanocytic::Meningeal::Diffuse_Meningeal_Melanocytic_Neoplasm,2
who,Skin::Melanocytic::Metastatic_Melanoma_To_Skin,1
who,Skin::Melanocytic::Meyerson_Nevus,1
who,Skin::Melanocytic::Mongolian_spot,1
who,Skin::Melanocytic::Mucosal_Melanoma,1
who,Skin::Melanocytic::Nevoid_Melanoma,1
who,Skin::Melanocytic::Nevus_Of_Ito_And_Nevus_Of_Ota,1
who,Skin::Melanocytic::Nevus_Spilus,1
who,Skin::Melanocytic::Nodular_Melanoma,1
who,Skin::Melanocytic::Pigmented_Epithelioid_Melanocytoma,1
who,Skin::Melanocytic::Recurrent_Nevus,1
who,Skin::Melanocytic::Simple_Lentigo_And_Lentiginous_Melanocytic_Nevus,1
who,Skin::Melanocytic::Special_Site_Nevus,1
who,Skin::Melanocytic::Spitz::Pigmented_Spindle_Cell_Nevus,1
who,Skin::Melanocytic::Spitz::Spitz_Melanocytoma,1
who,Skin::Melanocytic::Spitz::Spitz_Melanoma,1
who,Skin::Melanocytic::Uveal_Melanocytoma,1
who,Skin::Soft_Tissue::Adipocytic::Atypical_Lipomatous_Tumor,1
who,Skin::Soft_Tissue::Adipocytic::Lipoma,1
who,Skin::Soft_Tissue::Adipocytic::Pleomorphic_Liposarcoma,1
who,Skin::Soft_Tissue::Adipocytic::Spindle_Cell_Pleomorphic_Lipoma,1
who,Skin::Soft_Tissue::Fibrous::Angiokeratoma,1
who,Skin::Soft_Tissue::Fibrous::Cutaneous_Myxoma,1
who,Skin::Soft_Tissue::Fibrous::Dermatomyofibroma,1
who,Skin::Soft_Tissue::Fibrous::EWSR1-SMAD3-Rearranged_Fibroblastic_Tumor,1
who,Skin::Soft_Tissue::Fibrous::Inclusion_Body_Fibromatosis,1
who,Skin::Soft_Tissue::Fibrous::Multinucleate_Cell_Angiohistiocytoma,1
who,Skin::Soft_Tissue::Fibrous::Myxofibrosarcoma,1
who,Skin::Soft_Tissue::Fibrous::Myxoinflammatory_Fibroblastic_Sarcoma,1
who,Skin::Soft_Tissue::Fibrous::Nodular_Fasciitis,1
who,Skin::Soft_Tissue::Fibrous::Plaque-Like_CD34-Positive_Dermal_Fibroma,1
who,Skin::Soft_Tissue::Fibrous::Superficial_Acral_Fibromyxoma,1
who,Skin::Soft_Tissue::Fibrous::Superficial_Fibromatosis,1
who,Skin::Soft_Tissue::Muscular::Angioleiomyoma,1
who,Skin::Soft_Tissue::Muscular::Leiomyoma::Cutaneous_Leiomyoma,1
who,Skin::Soft_Tissue::Muscular::Smooth_Muscle_Hamartoma,1
who,Skin::Soft_Tissue::Neural::Cellular_Neurothekeoma,1
who,Skin::Soft_Tissue::Neural::Dermal_Nerve_Sheath_Myxoma,1
who,Skin::Soft_Tissue::Neural::Hybrid_Nerve_Sheath_Tumors::Hybrid_Schwannomaneurofibroma,1
who,Skin::Soft_Tissue::Neural::Malignant_Peripheral_Nerve_Sheath_Tumor,1
who,Skin::Soft_Tissue::Neural::Neurofibroma,1
who,Skin::Soft_Tissue::Neural::Non-Neural_Granular_Cell_Tumor,1
who,Skin::Soft_Tissue::Neural::Perineurioma::Cutaneous_Perineurioma,1
who,Skin::Soft_Tissue::Neural::Schwannoma,1
who,Skin::Soft_Tissue::Neural::Solitary_Circumscribed_Neuroma,1
who,Skin::Soft_Tissue::Uncertain_Differentiation::Angiomatoid_Fibrous_Histiocytoma,1
who,Skin::Soft_Tissue::Uncertain_Differentiation::Atypical_Fibroxanthoma,1
who,Skin::Soft_Tissue::Uncertain_Differentiation::Epithelioid_Fibrous_Histiocytoma,1
who,Skin::Soft_Tissue::Uncertain_Differentiation::Ewing_Sarcoma,1
who,Skin::Soft_Tissue::Uncertain_Differentiation::Myoepithelioma__Myoepithelial_Carcinoma,1
who,Skin::Soft_Tissue::Uncertain_Differentiation::NTRK-Rearranged_Spindle_Cell_Neoplasm,1
who,Skin::Soft_Tissue::Uncertain_Differentiation::NUT_Carcinoma,1
who,Skin::Soft_Tissue::Uncertain_Differentiation::PEComa,1
who,Skin::Soft_Tissue::Uncertain_Differentiation::Superficial_CD34-Positive_Fibroblastic_Tumor,1
who,Skin::Soft_Tissue::Vascular::Acquired_Elastotic_Hemangioma,1
who,Skin::Soft_Tissue::Vascular::Arteriovenous_Malformation,1
who,Skin::Soft_Tissue::Vascular::Cherry_Hemangioma,1
who,Skin::Soft_Tissue::Vascular::Composite_Hemangioendothelioma,1
who,Skin::Soft_Tissue::Vascular::Congenital_Non-Progressive_Hemangiomas,1
who,Skin::Soft_Tissue::Vascular::Cutaneous_Epithelioid_Angiomatous_Nodule,1
who,Skin::Soft_Tissue::Vascular::Epithelioid_Hemangioendothelioma,1
who,Skin::Soft_Tissue::Vascular::Epithelioid_Hemangioma,1
who,Skin::Soft_Tissue::Vascular::Glomeruloid_Hemangioma,1
who,Skin::Soft_Tissue::Vascular::Glomus_Tumor,1
who,Skin::Soft_Tissue::Vascular::Hobnail_Hemangioendothelioma,1
who,Skin::Soft_Tissue::Vascular::Hobnail_Hemangioma,1
who,Skin::Soft_Tissue::Vascular::Infantile_Hemangioma,1
who,Skin::Soft_Tissue::Vascular::Lobular_Capillary_Hemangioma,1
who,Skin::Soft_Tissue::Vascular::Microvenular_Hemangioma,1
who,Skin::Soft_Tissue::Vascular::Myofibroma,1
who,Skin::Soft_Tissue::Vascular::Myopericytoma,1
who,Skin::Soft_Tissue::Vascular::Papillary_Hemangioma,1
who,Skin::Soft_Tissue::Vascular::Poikilodermatous_Plaque-Like_Hemangioma,1
who,Skin::Soft_Tissue::Vascular::Postradiation_Atypical_Vascular_Lesion,1
who,Skin::Soft_Tissue::Vascular::Pseudomyogenic_Hemangioendothelioma,1
who,Skin::Soft_Tissue::Vascular::Sinusoidal_Hemangioma,1
who,Skin::Soft_Tissue::Vascular::Spindle_Cell_Hemangioma,1
who,Skin::Soft_Tissue::Vascular::Tufted_Hemangioma,1
who,Skin::Soft_Tissue::Vascular::Verrucous_Venous_Malformation,1
who,Skin::Syndromes::Carney_Complex,1
who,Skin::Syndromes::Muir_Torre_Syndrome,1
who,Skin::Syndromes::Nevoid_Basal_Cell_Carcinoma_Syndrome_Gorlin_Syndrome,1
who,THORACIC::Benign::Bronchiolar_Adenoma_ciliated_muconodular_papillary_tumor,1
who,THORACIC::Benign::Mucinous_Cystadenoma_of_the_Lung,1
who,THORACIC::Benign::Mucous_Gland_Adenoma_of_the_Lung,1
who,THORACIC::Benign::Papillary_Adenoma_of_the_Lung,1
who,THORACIC::Benign::Sclerosing_Pneumocytoma,1
who,THORACIC::Carcinoma::Adenoid_Cystic_Carcinoma_of_the_Lung,1
who,THORACIC::Carcinoma::Atypical_Adenomatous_Hyperplasia_of_the_Lung,1
who,THORACIC::Carcinoma::Carcinosarcoma_of_the_Lung,1
who,THORACIC::Carcinoma::Colloid_Adenocarcinoma_of_the_Lung,1
who,THORACIC::Carcinoma::Enteric_Type_Adenocarcinoma_of_the_Lung,1
who,THORACIC::Carcinoma::Epithelial_Myoepithelial_Carcinoma_of_the_Lung,1
who,THORACIC::Carcinoma::Fetal_Adenocarcinoma_of_the_Lung,1
who,THORACIC::Carcinoma::Hyalinizing_Clear_Cell_Carcinoma_of_the_Lung,1
who,THORACIC::Carcinoma::Large_Cell_Carcinoma_of_the_Lung,1
who,THORACIC::Carcinoma::Mucoepidermoid_Carcinoma_of_the_Lung,1
who,THORACIC::Carcinoma::Myoepithelioma_and_Myoepithelial_Carcinoma_of_the_Lung,1
who,THORACIC::Carcinoma::Pleomorphic_Adenoma_of_the_Lung,1
who,THORACIC::Ectopic_Tumor::Ectopic_Thyroid_Tumors,1
who,THORACIC::Ectopic_Tumor::Melanoma_of_the_Lung,1
who,THORACIC::Ectopic_Tumor::Meningioma_of_the_Lung,1
who,THORACIC::GENETICS::Predisposition_Syndrome::BAP1_Tumor_Predisposition_Syndrome,1
who,THORACIC::GENETICS::Predisposition_Syndrome::Carney_Complex,1
who,THORACIC::GENETICS::Predisposition_Syndrome::Li_Fraumeni_Syndrome,1
who,THORACIC::Germ_Cell::Choriocarcinoma_of_the_Mediastinum,1
who,THORACIC::Germ_Cell::Embryonal_Carcinoma_of_the_Mediastinum,1
who,THORACIC::Germ_Cell::Mediastinal_Germ_Cell_Tumors_with_Associated_Haematological_Malignancy,1
who,THORACIC::Germ_Cell::Mixed_Germ_Cell_Tumors_of_the_Mediastinum,1
who,THORACIC::Germ_Cell::Seminoma_of_the_Mediastinum,1
who,THORACIC::Germ_Cell::Teratoma_of_the_Mediastinum,1
who,THORACIC::HEME::Diffuse_Large_B_Cell_Lymphoma_Associated_with_Chronic_Inflammation_of_the_Pleura,1
who,THORACIC::HEME::Lymphoma_Histiocytosis::Intravascular_Large_B_Cell_Lymphoma_of_the_Lung,1
who,THORACIC::HEME::Lymphoma_Histiocytosis::MALT_Lymphoma_of_the_Lung,1
who,THORACIC::HEME::Lymphoma_Histiocytosis::Pulmonary_Diffuse_Large_B_Cell_Lymphoma,1
who,THORACIC::HEME::Lymphoma_Histiocytosis::Pulmonary_Erdheim_Chester_Disease,1
who,THORACIC::HEME::Lymphoma_Histiocytosis::Pulmonary_Langerhans_Cell_Histiocytosis,1
who,THORACIC::HEME::Lymphoma_Sarcoma::Follicular_Dendritic_Cell_Sarcoma_of_the_Mediastinum,1
who,THORACIC::HEME::Lymphoma_Sarcoma::MALT_Lymphoma_of_the_Mediastinum,1
who,THORACIC::HEME::Lymphoma_Sarcoma::Mediastinal_Grey_Zone_Lymphoma,1
who,THORACIC::HEME::Lymphoma_Sarcoma::Myeloid_Sarcoma_of_the_Mediastinum,1
who,THORACIC::Heart::Benign::Adult_Cellular_Rhabdomyoma,1
who,THORACIC::Heart::Benign::Cardiac_Fibroma,1
who,THORACIC::Heart::Benign::Cardiac_Hemangiomas,1
who,THORACIC::Heart::Benign::Cardiac_Lipoma_and_Lipomatous_Hypertrophy_of_the_Atrial_Septum,1
who,THORACIC::Heart::Benign::Cardiac_Rhabdomyoma,1
who,THORACIC::Heart::Benign::Conduction_System_Hamartoma,1
who,THORACIC::Heart::Benign::Cystic_Tumor_of_the_Atrioventricular_Node,1
who,THORACIC::Heart::Benign::Hamartoma_of_Mature_Cardiac_Myocytes,1
who,THORACIC::Heart::Benign::Lipomatous_Hamartoma_of_the_Atrioventricular_Valve,1
who,THORACIC::Heart::HEME::Cardiac_Diffuse_Large_B_Cell_Lymphoma,1
who,THORACIC::Heart::HEME::Cardiac_Fibrin_Associated_Diffuse_Large_B_Cell_Lymphoma,1
who,THORACIC::Heart::Malignant::Cardiac_Angiosarcoma,1
who,THORACIC::Heart::Malignant::Cardiac_Leiomyosarcoma,1
who,THORACIC::Heart::Malignant::Cardiac_Undifferentiated_Pleomorphic_Sarcoma,1
who,THORACIC::Mesenchymal::Adipocytic_Tumor::Lipoma_of_the_Thorax,1
who,THORACIC::Mesenchymal::Adipocytic_Tumor::Liposarcoma_of_the_Thorax,1
who,THORACIC::Mesenchymal::Adipocytic_Tumor::Thymolipoma,1
who,THORACIC::Mesenchymal::Congenital_Peribronchial_Myofibroblastic_Tumor,1
who,THORACIC::Mesenchymal::Diffuse_Pulmonary_Lymphangiomatosis,1
who,THORACIC::Mesenchymal::Fibroblastic_Tumor::Calcifying_Fibrous_Tumor_of_the_Thorax,1
who,THORACIC::Mesenchymal::Fibroblastic_Tumor::Desmoid_Fibromatosis_of_the_Thorax,1
who,THORACIC::Mesenchymal::Fibroblastic_Tumor::Inflammatory_Myofibroblastic_Tumor_of_the_Thorax,1
who,THORACIC::Mesenchymal::Fibroblastic_Tumor::Myxofibrosarcoma_of_the_Thorax,1
who,THORACIC::Mesenchymal::Fibroblastic_Tumor::Solitary_Fibrous_Tumor_of_the_Thorax,1
who,THORACIC::Mesenchymal::Muscle_Tumor::Rhabdomyosarcoma_of_the_Thorax,1
who,THORACIC::Mesenchymal::Nerve_Tumor::Granular_Cell_Tumor_of_the_Thorax,1
who,THORACIC::Mesenchymal::Nerve_Tumor::Malignant_Peripheral_Nerve_Sheath_Tumor_of_the_Thorax,1
who,THORACIC::Mesenchymal::Nerve_Tumor::Paraganglioma_of_the_Thorax,1
who,THORACIC::Mesenchymal::Nerve_Tumor::Schwannoma_of_the_Thorax,1
who,THORACIC::Mesenchymal::Primary_Pulmonary_Myxoid_Sarcoma_with_EWSR1_CREB1_Fusion,1
who,THORACIC::Mesenchymal::Pulmonary_Artery_Intimal_Sarcoma,1
who,THORACIC::Mesenchymal::Pulmonary_Chondroma,1
who,THORACIC::Mesenchymal::Pulmonary_Hamartoma,1
who,THORACIC::Mesenchymal::Uncertain_Tumor::Synovial_Sarcoma_of_the_Thorax,1
who,THORACIC::Mesenchymal::Uncertain_Tumor::Undifferentiated_Small_Round_Cell_Sarcomas_of_the_Thorax,1
who,THORACIC::Mesenchymal::Vascular_Tumor::Angiosarcoma_of_the_Thorax,1
who,THORACIC::Mesenchymal::Vascular_Tumor::Epithelioid_Hemangioendothelioma_of_the_Thorax,1
who,THORACIC::Mesenchymal::Vascular_Tumor::Hemangioma_of_the_Thorax,1
who,THORACIC::Mesenchymal::Vascular_Tumor::Lymphangioma_of_the_Thorax,1
who,THORACIC::Metastasis::Metastasis_to_the_Pleura,1
who,THORACIC::Metastasis::Metastasis_to_the_Thymus_and_Mediastinal_Lymph_Nodes,1
who,THORACIC::PEComa::Lymphangioleiomyomatosis_of_the_Lung,1
who,THORACIC::PEComa::PEComa_of_the_Lung,1
who,THORACIC::Pleura_Pericardium::Mesothelial::Adenomatoid_Tumor_of_the_Pleura,1
who,THORACIC::Pleura_Pericardium::Mesothelial::Localized_Pleural_Mesothelioma,1
who,THORACIC::Pleura_Pericardium::Mesothelial::Mesothelioma_in_Situ,1
who,THORACIC::Pleura_Pericardium::Mesothelial::Well_Differentiated_Papillary_Mesothelial_Tumor_of_the_Pleura,1
who,THORACIC::Thymus::Adenocarcinoma_NOS_of_the_Thymus,1
who,THORACIC::Thymus::Adenosquamous_Carcinoma_of_the_Thymus,1
who,THORACIC::Thymus::Basaloid_Carcinoma_of_the_Thymus,1
who,THORACIC::Thymus::Clear_Cell_Carcinoma_of_the_Thymus,1
who,THORACIC::Thymus::Enteric_Type_Adenocarcinoma_of_the_Thymus,1
who,THORACIC::Thymus::Large_Cell_Neuroendocrine_Carcinoma_of_the_Thymus,1
who,THORACIC::Thymus::Lipofibroadenoma_of_the_Thymus,1
who,THORACIC::Thymus::Low_Grade_Papillary_Adenocarcinoma_of_the_Thymus,1
who,THORACIC::Thymus::Lymphoepithelial_Carcinoma_of_the_Thymus,1
who,THORACIC::Thymus::Metaplastic_Thymoma,1
who,THORACIC::Thymus::Micronodular_Thymoma_with_Lymphoid_Stroma,1
who,THORACIC::Thymus::Mucoepidermoid_Carcinoma_of_the_Thymus,1
who,THORACIC::Thymus::Sarcomatoid_Carcinoma_of_the_Thymus,1
who,THORACIC::Thymus::Small_Cell_Carcinoma_of_the_Thymus,1
who,THORACIC::Thymus::Thymic_Carcinoma_NOS,1
who,THORACIC::Thymus::Thymic_Carcinoma_with_Adenoid_Cystic_Carcinoma_Like_Features,1
who,THORACIC::Thymus::Type_AB_Thymoma,1
who,THORACIC::Thymus::Undifferentiated_Carcinoma_of_the_Thymus,1
