who_term,best_abpath_match,score,bucket,source,note
BREAST::Epithelial::Ductal_Adenoma,Breast::Epithelial::Ductal_Adenoma,100,accepted,who,
BREAST::Epithelial::Ductal_Carcinoma::Carcinoma_with_Apocrine_Differentiation,Breast::Epithelial::Ductal_Carcinoma::Carcinoma_with_Apocrine_Differentiation,100,accepted,who,
BREAST::Epithelial::Ductal_Carcinoma::Cribriform_Carcinoma,Breast::Epithelial::Ductal_Carcinoma::Cribriform_Carcinoma,100,accepted,who,
BREAST::Epithelial::Ductal_Carcinoma::Mucinous_Cystadenocarcinoma,Breast::Epithelial::Ductal_Carcinoma::Mucinous_Cystadenocarcinoma,100,accepted,who,
BREAST::Epithelial::Ductal_Carcinoma::Tubular_Carcinoma,Breast::Epithelial::Ductal_Carcinoma::Tubular_Carcinoma,100,accepted,who,
BREAST::Epithelial::Lactating_Adenoma,Breast::Epithelial::Lactating_Adenoma,100,accepted,who,
BREAST::Epithelial::Microglandular_Adenosis,Breast::Epithelial::Microglandular_Adenosis,100,accepted,who,
BREAST::Epithelial::MyoEpithelial::Pleomorphic_Adenoma,Breast::Epithelial::MyoEpithelial::Pleomorphic_Adenoma,100,accepted,who,
BREAST::Epithelial::Neuroendocrine_Tumors::Neuroendocrine_Carcinoma,Breast::Epithelial::Neuroendocrine_Tumors::Neuroendocrine_Carcinoma,100,accepted,who,
BREAST::Epithelial::Papillary_Neoplasms::Invasive_Papillary_Carcinoma,Breast::Epithelial::Papillary_Neoplasms::Invasive_Papillary_Carcinoma,100,accepted,who,
BREAST::Epithelial::Radial_Scar_complex_sclerosing_lesion,Breast::Epithelial::Radial_Scar_complex_sclerosing_lesion,100,accepted,who,
BREAST::Epithelial::Salivary_Tumors::Acinic_Cell_Carcinoma,Breast::Epithelial::Salivary_Tumors::Acinic_Cell_Carcinoma,100,accepted,who,
BREAST::Epithelial::Salivary_Tumors::Mucoepidermoid_Carcinoma,Breast::Epithelial::Salivary_Tumors::Mucoepidermoid_Carcinoma,100,accepted,who,
BREAST::Epithelial::Salivary_Tumors::Polymorphous_Adenocarcinoma,Breast::Epithelial::Salivary_Tumors::Polymorphous_Adenocarcinoma,100,accepted,who,
BREAST::Epithelial::Salivary_Tumors::Tall_Cell_Carcinoma_with_Reversed_Polarity,Breast::Epithelial::Salivary_Tumors::Tall_Cell_Carcinoma_with_Reversed_Polarity,100,accepted,who,
BREAST::Epithelial::Sclerosing_Adenosis,Breast::Epithelial::Sclerosing_Adenosis,100,accepted,who,
BREAST::Epithelial::Tubular_Adenoma,Breast::Epithelial::Tubular_Adenoma,100,accepted,who,
BREAST::Epithelial::Usual_Ductal_Hyperplasia,Breast::Epithelial::Usual_Ductal_Hyperplasia,100,accepted,who,
BREAST::FibroEpithelial::Hamartoma,Breast::FibroEpithelial::Hamartoma,100,accepted,who,
BREAST::GENETICS::Syndromes::Ataxia_Telangiectasia,Breast::Genetics::Syndromes::Ataxia_Telangiectasia,100,accepted,who,
BREAST::GENETICS::Syndromes::CDH1_Associated_Breast_Cancer,Breast::Genetics::Syndromes::CDH1_Associated_Breast_Cancer,100,accepted,who,
BREAST::GENETICS::Syndromes::Cowden_Syndrome,Breast::Genetics::Syndromes::Cowden_Syndrome,100,accepted,who,
BREAST::GENETICS::Syndromes::Li_Fraumeni_Syndrome_CHEK2_Associated,Breast::Genetics::Syndromes::Li_Fraumeni_Syndrome_CHEK2_Associated,100,accepted,who,
BREAST::GENETICS::Syndromes::Neurofibromatosis_Type_1,Breast::Genetics::Syndromes::Neurofibromatosis_Type_1,100,accepted,who,
BREAST::GENETICS::Syndromes::PALB2_Associated_Cancers,Breast::Genetics::Syndromes::PALB2_Associated_Cancers,100,accepted,who,
BREAST::GENETICS::Syndromes::Peutz_Jeghers_Syndrome,Breast::Genetics::Syndromes::Peutz_Jeghers_Syndrome,100,accepted,who,
BREAST::Hematolymphoid_Tumors::Lymphoma::Diffuse_Large_B_Cell_Lymphoma,Breast::Hematolymphoid_Tumors::Lymphoma::Diffuse_Large_B_Cell_Lymphoma,100,accepted,who,
BREAST::Hematolymphoid_Tumors::Lymphoma::Follicular_Lymphoma,Breast::Hematolymphoid_Tumors::Lymphoma::Follicular_Lymphoma,100,accepted,who,
BREAST::Male_Tumors::Epithelial::Carcinoma_in_Situ,Breast::Male_Tumors::Epithelial::Carcinoma_in_Situ,100,accepted,who,
BREAST::Male_Tumors::Epithelial::Gynecomastia,Breast::Male_Tumors::Epithelial::Gynecomastia,100,accepted,who,
BREAST::Mesenchymal::Adipocytic_Tumors::Angiolipoma,Breast::Mesenchymal::Adipocytic_Tumors::Angiolipoma,100,accepted,who,
BREAST::Mesenchymal::Adipocytic_Tumors::Lipoma,Breast::Mesenchymal::Adipocytic_Tumors::Lipoma,100,accepted,who,
BREAST::Mesenchymal::Fibroblastic_Tumors::Desmoid_Fibromatosis,Breast::Mesenchymal::Fibroblastic_Tumors::Desmoid_Fibromatosis,100,accepted,who,
BREAST::Mesenchymal::Fibroblastic_Tumors::Inflammatory_Myofibroblastic_Tumor,Breast::Mesenchymal::Fibroblastic_Tumors::Inflammatory_Myofibroblastic_Tumor,100,accepted,who,
BREAST::Mesenchymal::Fibroblastic_Tumors::Myofibroblastoma,Breast::Mesenchymal::Fibroblastic_Tumors::Myofibroblastoma,100,accepted,who,
BREAST::Mesenchymal::Fibroblastic_Tumors::Nodular_Fasciitis,Breast::Mesenchymal::Fibroblastic_Tumors::Nodular_Fasciitis,100,accepted,who,
BREAST::Mesenchymal::Nerve_Tumors::Granular_Cell_Tumor,Breast::Mesenchymal::Nerve_Tumors::Granular_Cell_Tumor,100,accepted,who,
BREAST::Mesenchymal::Nerve_Tumors::Neurofibroma,Breast::Mesenchymal::Nerve_Tumors::Neurofibroma,100,accepted,who,
BREAST::Mesenchymal::Nerve_Tumors::Schwannoma,Breast::Mesenchymal::Nerve_Tumors::Schwannoma,100,accepted,who,
BREAST::Mesenchymal::Other_Mesenchymal::Pseudoangiomatous_Stromal_Hyperplasia,Breast::Mesenchymal::Other_Mesenchymal::Pseudoangiomatous_Stromal_Hyperplasia,100,accepted,who,
BREAST::Mesenchymal::Smooth_Tumors::Leiomyoma,Breast::Mesenchymal::Smooth_Tumors::Leiomyoma,100,accepted,who,
BREAST::Mesenchymal::Smooth_Tumors::Leiomyosarcoma,Breast::Mesenchymal::Smooth_Tumors::Leiomyosarcoma,100,accepted,who,
BREAST::Mesenchymal::Vascular_Tumors::Angiomatosis,Breast::Mesenchymal::Vascular_Tumors::Angiomatosis,100,accepted,who,
BREAST::Mesenchymal::Vascular_Tumors::Atypical_Vascular_Lesions,Breast::Mesenchymal::Vascular_Tumors::Atypical_Vascular_Lesions,100,accepted,who,
BREAST::Mesenchymal::Vascular_Tumors::Hemangioma,Breast::Mesenchymal::Vascular_Tumors::Hemangioma,100,accepted,who,
BREAST::Mesenchymal::Vascular_Tumors::Primary_Angiosarcoma_of_the_Breast,Breast::Mesenchymal::Vascular_Tumors::Primary_Angiosarcoma_of_the_Breast,100,accepted,who,
BREAST::Nipple_Tumors::Epithelial::Nipple_Adenoma,Breast::Nipple_Tumors::Epithelial::Nipple_Adenoma,100,accepted,who,
BREAST::Nipple_Tumors::Epithelial::Paget_Disease_of_the_Breast,Breast::Nipple_Tumors::Epithelial::Paget_Disease_of_the_Breast,100,accepted,who,
BREAST::Nipple_Tumors::Epithelial::Syringomatous_Tumor,Breast::Nipple_Tumors::Epithelial::Syringomatous_Tumor,100,accepted,who,
BST::Bone::Chondrogenic::Bizarre_Parosteal_Osteochondromatous_Proliferation,BST::Bone::Chondrogenic::Benign::Bizarre_Parosteal_Osteochondromatous_Proliferation,95,accepted,who,
BST::Bone::Chondrogenic::Chondroblastoma,BST::Bone::Chondrogenic::Benign::Chondroblastoma,91,accepted,who,
BST::Bone::Chondrogenic::Chondromyxoid_Fibroma,BST::Bone::Chondrogenic::Benign::Chondromyxoid_Fibroma,92,accepted,who,
BST::Bone::Chondrogenic::Clear_Cell_Chondrosarcoma,BST::Bone::Chondrogenic::Benign::Enchondroma,77,rejected,who,
BST::Bone::Chondrogenic::Osteochondromyxoma,BST::Bone::Chondrogenic::Benign::Osteochondromyxoma,91,accepted,who,
BST::Bone::Chondrogenic::Periosteal_Chondroma,BST::Bone::Chondrogenic::Benign::Periosteal_Chondroma,92,accepted,who,
BST::Bone::Chondrogenic::Periosteal_Chondrosarcoma,BST::Bone::Chondrogenic::Benign::Periosteal_Chondroma,87,review,who,
BST::Bone::Chondrogenic::Secondary_Peripheral_Atypical_Cartilaginous_Tumor_Chondrosarcoma_Grade_1,BST::Bone::Chondrogenic::Intermediate::Atypical_Cartilaginous_Tumor,71,rejected,who,
BST::Bone::Chondrogenic::Secondary_Peripheral_Chondrosarcoma_Grades_2_and_3,BST::Bone::Chondrogenic::Malignant::Chondrosarcoma_Grade_2_3,76,rejected,who,
BST::Bone::Chondrogenic::Subungual_Exostosis,BST::Bone::Chondrogenic::Benign::Subungual_Exostosis,92,accepted,who,
BST::Bone::Chondrogenic::Synovial_Chondromatosis,BST::Bone::Chondrogenic::Benign::Synovial_Chondromatosis,92,accepted,who,
BST::Bone::Fibrogenic::Desmoplastic_Fibroma_of_Bone,BST::Bone::Fibrogenic::Benign::Desmoplastic_Fibroma,84,review,who,
BST::Bone::Fibrogenic::Fibrosarcoma_of_Bone,BST::Bone::Fibrogenic::Malignant::Fibrosarcoma_Of_Bone,89,review,who,
BST::Bone::Giant_Cell_Rich::Aneurysmal_Bone_Cyst,BST::Bone::Giant_Cell::Benign::Aneurysmal_Bone_Cyst,89,review,who,
BST::Bone::Giant_Cell_Rich::Non_Ossifying_Fibroma,BST::Bone::Fibrogenic::Benign::Non_Ossifying_Fibroma,75,rejected,who,
BST::Bone::Hematopoietic::Erdheim_Chester_Disease,BST::Bone::Hematolymphoid::Intermediate::Erdheim_Chester_Disease,83,review,who,
BST::Bone::Hematopoietic::Langerhans_Cell_Histiocytosis,BST::Bone::Hematolymphoid::Intermediate::Langerhans_Cell_Histiocytosis,85,review,who,
BST::Bone::Hematopoietic::Rosai_Dorfman_Disease,BST::Bone::Hematolymphoid::Intermediate::Rosai_Dorfman_Disease,83,review,who,
BST::Bone::Hematopoietic::Solitary_Plasmacytoma_of_Bone,BST::Bone::Hematolymphoid::Malignant::Solitary_Plasmacytoma,77,rejected,who,
BST::Bone::Notochordal::Benign_Notochordal_Cell_Tumor,BST::Bone::Notochordal::Benign::Benign_Notochordal_Cell_Tumor,93,accepted,who,
BST::Bone::Notochordal::Dedifferentiated_Chordoma,BST::Bone::Notochordal::Malignant::Chordoma_Dedifferentiated,73,rejected,who,
BST::Bone::Notochordal::Poorly_Differentiated_Chordoma,BST::Bone::Notochordal::Malignant::Chordoma_Poorly_Differentiated,76,rejected,who,
BST::Bone::Osteogenic::High_Grade_Surface_Osteosarcoma,BST::Bone::Osteogenic::Benign::Osteoma,70,rejected,who,
BST::Bone::Osteogenic::Low_Grade_Central_Osteosarcoma,BST::Bone::Osteogenic::Malignant::Osteosarcoma_Parosteal,73,rejected,who,
BST::Bone::Osteogenic::Osteoid_Osteoma,BST::Bone::Osteogenic::Benign::Osteoid_Osteoma,90,accepted,who,
BST::Bone::Osteogenic::Osteoma,BST::Bone::Osteogenic::Benign::Osteoma,88,review,who,
BST::Bone::Other_Mesenchymal::Bone_Metastases,BST::Bone::Other::Benign::Simple_Bone_Cyst,62,rejected,who,
BST::Bone::Other_Mesenchymal::Chondromesenchymal_Hamartoma_of_Chest_Wall,BST::Bone::Other::Benign::Chondromesenchymal_Hamartoma,76,rejected,who,
BST::Bone::Other_Mesenchymal::Fibrocartilaginous_Mesenchymoma,BST::Bone::Chondrogenic::Intermediate::Atypical_Cartilaginous_Tumor,58,rejected,who,
BST::Bone::Other_Mesenchymal::Fibrous_Dysplasia,BST::Bone::Other::Benign::Fibrous_Dysplasia,82,review,who,
BST::Bone::Other_Mesenchymal::Leiomyosarcoma_of_Bone,BST::Bone::Other::Malignant::Leiomyosarcoma_Of_Bone,83,review,who,
BST::Bone::Other_Mesenchymal::Lipoma_and_Hibernoma_of_Bone,BST::Bone::Other::Malignant::Leiomyosarcoma_Of_Bone,70,rejected,who,
BST::Bone::Other_Mesenchymal::Osteofibrous_Dysplasia,BST::Bone::Other::Benign::Osteofibrous_Dysplasia,84,review,who,
BST::Bone::Other_Mesenchymal::Simple_Bone_Cyst,BST::Bone::Other::Benign::Simple_Bone_Cyst,82,review,who,
BST::Bone::Vascular::Angiosarcoma_of_Bone,BST::Bone::Vascular::Malignant::Angiosarcoma_Of_Bone,88,review,who,
BST::Bone::Vascular::Hemangioma_of_Bone,BST::Bone::Vascular::Benign::Hemangioma_Of_Bone,91,accepted,who,
BST::Round_Cell_Sarcomas::CIC_Rearranged_Sarcoma,BST::Soft_Tissue::Uncertain_Diff::Malignant::Undifferentiated_Sarcoma_CIC_Rearranged,48,rejected,who,
BST::Round_Cell_Sarcomas::Ewing_Sarcoma,BST::Bone::Other::Malignant::Ewing_Sarcoma,57,rejected,who,
BST::Round_Cell_Sarcomas::Sarcoma_with_BCOR_Genetic_Alterations,BST::Bone::Vascular::Malignant::Angiosarcoma_Of_Bone,47,rejected,who,
BST::Soft_Tissue::Adipocytic::Angiolipoma,BST::Soft_Tissue::Adipocytic::Benign::Angiolipoma,91,accepted,who,
BST::Soft_Tissue::Adipocytic::Atypical_Spindle_Cell_Pleomorphic_Lipomatous_Tumor,BST::Soft_Tissue::Adipocytic::Intermediate::Atypical_Spindle_Cell_Pleomorphic_Lipomatous_Tumor,92,accepted,who,
BST::Soft_Tissue::Adipocytic::Chondroid_Lipoma,BST::Soft_Tissue::Adipocytic::Benign::Angiolipoma,78,rejected,who,
BST::Soft_Tissue::Adipocytic::Hibernoma,BST::Soft_Tissue::Adipocytic::Benign::Hibernoma,91,accepted,who,
BST::Soft_Tissue::Adipocytic::Lipoblastoma_and_Lipoblastomatosis,BST::Soft_Tissue::Adipocytic::Benign::Lipoblastoma_Lipoblastomatosis,91,accepted,who,
BST::Soft_Tissue::Adipocytic::Lipomatosis,BST::Soft_Tissue::Adipocytic::Benign::Lipomatosis_Diffuse,84,review,who,
BST::Soft_Tissue::Adipocytic::Lipomatosis_of_Nerve,BST::Soft_Tissue::Adipocytic::Benign::Lipomatosis_Of_Nerve,93,accepted,who,
BST::Soft_Tissue::Adipocytic::Myolipoma_of_Soft_Tissue,BST::Soft_Tissue::Adipocytic::Benign::Myolipoma_Of_Soft_Tissue,93,accepted,who,
BST::Soft_Tissue::Adipocytic::Myxoid_Pleomorphic_Liposarcoma,BST::Soft_Tissue::Adipocytic::Malignant::Myxoid_Pleomorphic_Liposarcoma,92,accepted,who,
BST::Soft_Tissue::Adipocytic::Pleomorphic_Liposarcoma,BST::Soft_Tissue::Adipocytic::Malignant::Pleomorphic_Liposarcoma,91,accepted,who,
BST::Soft_Tissue::Adipocytic::Spindle_Cell_Lipoma_and_Pleomorphic_Lipoma,BST::Soft_Tissue::Adipocytic::Benign::Lipoma_Spindle_Cell_Pleomorphic,77,rejected,who,
BST::Soft_Tissue::ChondroOsseous::Extraskeletal_Osteosarcoma,BST::Soft_Tissue::Uncertain_Diff::Malignant::Extraskeletal_Myxoid_Chondrosarcoma,66,rejected,who,
BST::Soft_Tissue::ChondroOsseous::Soft_Tissue_Chondroma,BST::Bone::Chondrogenic::Benign::Enchondroma,61,rejected,who,
BST::Soft_Tissue::Fibroblastic::Acral_Fibromyxoma,BST::Soft_Tissue::Fibroblastic::Benign::Acral_Fibromyxoma,92,accepted,who,
BST::Soft_Tissue::Fibroblastic::Adult_Fibrosarcoma,BST::Soft_Tissue::Fibroblastic::Malignant::Adult_Fibrosarcoma,90,accepted,who,
BST::Soft_Tissue::Fibroblastic::Angiofibroma_of_Soft_Tissue,BST::Soft_Tissue::Fibroblastic::Benign::Fibromatosis_Colli,77,rejected,who,
BST::Soft_Tissue::Fibroblastic::Angiomyofibroblastoma,BST::Soft_Tissue::Fibroblastic::Benign::Angiomyofibroblastoma,93,accepted,who,
BST::Soft_Tissue::Fibroblastic::Calcifying_Aponeurotic_Fibroma,BST::Soft_Tissue::Fibroblastic::Benign::Calcifying_Aponeurotic_Fibroma,94,accepted,who,
BST::Soft_Tissue::Fibroblastic::Cellular_Angiofibroma,BST::Soft_Tissue::Fibroblastic::Benign::Cellular_Angiofibroma,93,accepted,who,
BST::Soft_Tissue::Fibroblastic::Desmoplastic_Fibroblastoma,BST::Soft_Tissue::Fibroblastic::Benign::Desmoplastic_Fibroblastoma,94,accepted,who,
BST::Soft_Tissue::Fibroblastic::EWSR1_SMAD3_Positive_Fibroblastic_Tumor_emerging_,BST::Soft_Tissue::Fibroblastic::Intermediate::EWSR1_SMAD3_Fibroblastic_Tumor,79,rejected,who,
BST::Soft_Tissue::Fibroblastic::Elastofibroma,BST::Soft_Tissue::Fibroblastic::Benign::Elastofibroma,92,accepted,who,
BST::Soft_Tissue::Fibroblastic::Fibrohistiocytic::Deep_Fibrous_Histiocytoma,BST::Soft_Tissue::Fibrohistiocytic::Benign::Deep_Benign_Fibrous_Histiocytoma,81,review,who,
BST::Soft_Tissue::Fibroblastic::Fibrohistiocytic::Giant_Cell_Tumor_of_Soft_Tissue,BST::Soft_Tissue::Fibrohistiocytic::Intermediate::Giant_Cell_Tumor_Of_Soft_Tissue,83,review,who,
BST::Soft_Tissue::Fibroblastic::Fibrohistiocytic::Plexiform_Fibrohistiocytic_Tumor,BST::Soft_Tissue::Fibrohistiocytic::Benign::Plexiform_Fibrohistiocytic_Tumor,86,review,who,
BST::Soft_Tissue::Fibroblastic::Fibroma_of_Tendon_Sheath,BST::Soft_Tissue::Fibroblastic::Benign::Fibroma_Of_Tendon_Sheath,93,accepted,who,
BST::Soft_Tissue::Fibroblastic::Fibromatosis_Colli,BST::Soft_Tissue::Fibroblastic::Benign::Fibromatosis_Colli,93,accepted,who,
BST::Soft_Tissue::Fibroblastic::Fibrous_Hamartoma_of_Infancy,BST::Soft_Tissue::Congenital_Structural::Hamartoma::Fibrous_Hamartoma_Of_Infancy,76,rejected,who,
BST::Soft_Tissue::Fibroblastic::Giant_Cell_Fibroblastoma,BST::Soft_Tissue::Fibroblastic::Intermediate::Giant_Cell_Fibroblastoma,89,review,who,
BST::Soft_Tissue::Fibroblastic::Inclusion_Body_Fibromatosis,BST::Soft_Tissue::Fibroblastic::Benign::Inclusion_Body_Fibromatosis,94,accepted,who,
BST::Soft_Tissue::Fibroblastic::Infantile_Fibrosarcoma,BST::Soft_Tissue::Fibroblastic::Intermediate::Infantile_Fibrosarcoma,89,review,who,
BST::Soft_Tissue::Fibroblastic::Ischemic_Fasciitis,BST::Soft_Tissue::Fibroblastic::Benign::Nodular_Fasciitis,80,review,who,
BST::Soft_Tissue::Fibroblastic::Juvenile_Hyaline_Fibromatosis,BST::Soft_Tissue::Fibroblastic::Benign::Juvenile_Hyaline_Fibromatosis,94,accepted,who,
BST::Soft_Tissue::Fibroblastic::Lipofibromatosis,BST::Soft_Tissue::Fibroblastic::Intermediate::Lipofibromatosis,87,review,who,
BST::Soft_Tissue::Fibroblastic::Low_Grade_Fibromyxoid_Sarcoma,BST::Soft_Tissue::Fibroblastic::Malignant::Low_Grade_Fibromyxoid_Sarcoma,92,accepted,who,
BST::Soft_Tissue::Fibroblastic::Low_Grade_Myofibroblastic_Sarcoma,BST::Soft_Tissue::Fibroblastic::Intermediate::Low_Grade_Myofibroblastic_Sarcoma,90,accepted,who,
BST::Soft_Tissue::Fibroblastic::Myofibroblastoma,BST::Soft_Tissue::Fibroblastic::Benign::Myofibroblastoma,92,accepted,who,
BST::Soft_Tissue::Fibroblastic::Myositis_Ossificans_and_Bone_Pseudotumor_of_Digits,BST::Soft_Tissue::Fibroblastic::Benign::Calcifying_Aponeurotic_Fibroma,61,rejected,who,
BST::Soft_Tissue::Fibroblastic::Myxoinflammatory_Fibroblastic_Sarcoma,BST::Soft_Tissue::Fibroblastic::Intermediate::Myxoinflammatory_Fibroblastic_Sarcoma,91,accepted,who,
BST::Soft_Tissue::Fibroblastic::Nodular_Fasciitis,BST::Soft_Tissue::Fibroblastic::Benign::Nodular_Fasciitis,92,accepted,who,
BST::Soft_Tissue::Fibroblastic::Nuchal_Type_Fibroma,BST::Soft_Tissue::Fibroblastic::Benign::Nuchal_Type_Fibroma,93,accepted,who,
BST::Soft_Tissue::Fibroblastic::Palmar_Fibromatosis_and_Plantar_Fibromatosis,BST::Soft_Tissue::Fibroblastic::Intermediate::Palmar_Plantar_Fibromatosis,79,rejected,who,
BST::Soft_Tissue::Fibroblastic::Proliferative_Fasciitis_and_Proliferative_Myositis,BST::Soft_Tissue::Fibroblastic::Intermediate::Desmoid_Type_Fibromatosis,65,rejected,who,
BST::Soft_Tissue::Fibroblastic::Sclerosing_Epithelioid_Fibrosarcoma,BST::Soft_Tissue::Fibroblastic::Malignant::Sclerosing_Epithelioid_Fibrosarcoma,92,accepted,who,
BST::Soft_Tissue::Fibroblastic::Superficial_CD34_Positive_Fibroblastic_Tumor,BST::Soft_Tissue::Fibroblastic::Intermediate::Superficial_CD34_Positive_Fibroblastic_Tumor,92,accepted,who,
BST::Soft_Tissue::Nerve_Sheath::Dermal_Nerve_Sheath_Myxoma,BST::Soft_Tissue::Nerve_Sheath::Benign::Dermal_Nerve_Sheath_Myxoma,94,accepted,who,
BST::Soft_Tissue::Nerve_Sheath::Ectopic_Meningioma_and_Meningothelial_Hamartoma,BST::Soft_Tissue::Congenital_Structural::Hamartoma::Ectopic_Meningioma_And_Meningothelial_Hamartoma,83,review,who,
BST::Soft_Tissue::Nerve_Sheath::Granular_Cell_Tumor,BST::Soft_Tissue::Nerve_Sheath::Benign::Granular_Cell_Tumor,93,accepted,who,
BST::Soft_Tissue::Nerve_Sheath::Hybrid_Nerve_Sheath_Tumor,BST::Soft_Tissue::Nerve_Sheath::Benign::Hybrid_Nerve_Sheath_Tumor,93,accepted,who,
BST::Soft_Tissue::Nerve_Sheath::Malignant_Melanotic_Nerve_Sheath_Tumor,BST::Soft_Tissue::Nerve_Sheath::Malignant::Malignant_Melanotic_Nerve_Sheath_Tumor,93,accepted,who,
BST::Soft_Tissue::Nerve_Sheath::Perineurioma,BST::Soft_Tissue::Nerve_Sheath::Benign::Ganglioneuroma,84,review,who,
BST::Soft_Tissue::Nerve_Sheath::Solitary_Circumscribed_Neuroma,BST::Soft_Tissue::Nerve_Sheath::Benign::Solitary_Circumscribed_Neuroma,94,accepted,who,
BST::Soft_Tissue::Pericytic::Angioleiomyoma,BST::Soft_Tissue::Pericytic::Benign::Angioleiomyoma,91,accepted,who,
BST::Soft_Tissue::Pericytic::Glomus_Tumor,BST::Soft_Tissue::Pericytic::Benign::Glomus_Tumor,91,accepted,who,
BST::Soft_Tissue::Skeletal_Muscle::Ectomesenchymoma,BST::Soft_Tissue::Skeletal_Muscle::Malignant::Ectomesenchymoma,90,accepted,who,
BST::Soft_Tissue::Skeletal_Muscle::Pleomorphic_Rhabdomyosarcoma,BST::Soft_Tissue::Skeletal_Muscle::Malignant::Pleomorphic_Rhabdomyosarcoma,92,accepted,who,
BST::Soft_Tissue::Skeletal_Muscle::Rhabdomyoma,BST::Soft_Tissue::Skeletal_Muscle::Benign::Rhabdomyoma_Adult,87,review,who,
BST::Soft_Tissue::Skeletal_Muscle::Spindle_Cell_Sclerosing_Rhabdomyosarcoma,BST::Soft_Tissue::Skeletal_Muscle::Malignant::Spindle_Cell_Sclerosing_Rhabdomyosarcoma,93,accepted,who,
BST::Soft_Tissue::Smooth_Muscle::EBV_Associated_Smooth_Muscle_Tumor,BST::Soft_Tissue::Smooth_Muscle::Benign::EBV_Associated_Smooth_Muscle_Tumor,94,accepted,who,
BST::Soft_Tissue::Smooth_Muscle::Inflammatory_Leiomyosarcoma,BST::Soft_Tissue::Smooth_Muscle::Malignant::Inflammatory_Leiomyosarcoma,92,accepted,who,
BST::Soft_Tissue::Smooth_Muscle::Leiomyoma,BST::Soft_Tissue::Smooth_Muscle::Malignant::Leiomyosarcoma,84,review,who,
BST::Soft_Tissue::Uncertain_Diff::Alveolar_Soft_Part_Sarcoma,BST::Soft_Tissue::Uncertain_Diff::Malignant::Alveolar_Soft_Part_Sarcoma,92,accepted,who,
BST::Soft_Tissue::Uncertain_Diff::Angiomatoid_Fibrous_Histiocytoma,BST::Soft_Tissue::Fibrohistiocytic::Intermediate::Angiomatoid_Fibrous_Histiocytoma,77,rejected,who,
BST::Soft_Tissue::Uncertain_Diff::Atypical_Fibroxanthoma,BST::Soft_Tissue::Uncertain_Diff::Benign::Superficial_Angiomyxoma,74,rejected,who,
BST::Soft_Tissue::Uncertain_Diff::Clear_Cell_Sarcoma_of_Soft_Tissue,BST::Soft_Tissue::Uncertain_Diff::Malignant::Clear_Cell_Sarcoma_Soft_Tissue,90,accepted,who,
BST::Soft_Tissue::Uncertain_Diff::Deep_aggressive_Angiomyxoma,BST::Soft_Tissue::Uncertain_Diff::Intermediate::Deep_Aggressive_Angiomyxoma,90,accepted,who,
BST::Soft_Tissue::Uncertain_Diff::Extrarenal_Rhabdoid_Tumor,BST::Soft_Tissue::Uncertain_Diff::Malignant::Extrarenal_Rhabdoid_Tumor,91,accepted,who,
BST::Soft_Tissue::Uncertain_Diff::Hemosiderotic_Fibrolipomatous_Tumor,BST::Soft_Tissue::Adipocytic::Intermediate::Hemosiderotic_Fibrolipomatous_Tumor,81,review,who,
BST::Soft_Tissue::Uncertain_Diff::Intimal_Sarcoma,BST::Soft_Tissue::Uncertain_Diff::Malignant::Synovial_Sarcoma_Biphasic,81,review,who,
BST::Soft_Tissue::Uncertain_Diff::Intramuscular_Myxoma,BST::Soft_Tissue::Uncertain_Diff::Benign::Intramuscular_Myxoma,93,accepted,who,
BST::Soft_Tissue::Uncertain_Diff::Juxta_Articular_Myxoma,BST::Soft_Tissue::Uncertain_Diff::Benign::Juxta_Articular_Myxoma,93,accepted,who,
BST::Soft_Tissue::Uncertain_Diff::Myoepithelioma_Myoepithelial_Carcinoma_and_Mixed_Tumor,BST::Soft_Tissue::Uncertain_Diff::Malignant::Epithelioid_Sarcoma,67,rejected,who,
BST::Soft_Tissue::Uncertain_Diff::NTRK_Rearranged_Spindle_Cell_Neoplasm_emerging_,BST::Soft_Tissue::Uncertain_Diff::Malignant::NTRK_Rearranged_Spindle_Cell_Neoplasm,87,review,who,
BST::Soft_Tissue::Uncertain_Diff::Ossifying_Fibromyxoid_Tumor,BST::Soft_Tissue::Uncertain_Diff::Intermediate::Ossifying_Fibromyxoid_Tumor,90,accepted,who,
BST::Soft_Tissue::Uncertain_Diff::PEComa,BST::Soft_Tissue::Uncertain_Diff::Malignant::PEComa_Malignant,79,rejected,who,
BST::Soft_Tissue::Uncertain_Diff::Phosphaturic_Mesenchymal_Tumor,BST::Soft_Tissue::Uncertain_Diff::Intermediate::Phosphaturic_Mesenchymal_Tumor,90,accepted,who,
BST::Soft_Tissue::Uncertain_Diff::Pleomorphic_Hyalinizing_Angiectatic_Tumor_of_Soft_Parts,BST::Soft_Tissue::Uncertain_Diff::Intermediate::Pleomorphic_Hyalinizing_Angiectatic_Tumor,84,review,who,
BST::Soft_Tissue::Uncertain_Diff::Undifferentiated_Sarcoma,BST::Soft_Tissue::Uncertain_Diff::Malignant::Undifferentiated_Pleomorphic_Sarcoma,83,review,who,
BST::Soft_Tissue::Vascular::Anastomosing_Hemangioma,BST::Soft_Tissue::Vascular::Benign::Anastomosing_Hemangioma,93,accepted,who,
BST::Soft_Tissue::Vascular::Arteriovenous_Malformation_Hemangioma,BST::Soft_Tissue::Vascular::Benign::Cavernous_Hemangioma,76,rejected,who,
BST::Soft_Tissue::Vascular::Composite_Hemangioendothelioma,BST::Soft_Tissue::Vascular::Intermediate::Composite_Hemangioendothelioma,89,review,who,
BST::Soft_Tissue::Vascular::Epithelioid_Hemangioma,BST::Soft_Tissue::Vascular::Benign::Glomeruloid_Hemangioma,85,review,who,
BST::Soft_Tissue::Vascular::Intramuscular_Angioma,BST::Soft_Tissue::Vascular::Benign::Bacillary_Angiomatosis,80,review,who,
BST::Soft_Tissue::Vascular::Kaposi_Sarcoma,BST::Soft_Tissue::Vascular::Intermediate::Kaposi_Sarcoma,86,review,who,
BST::Soft_Tissue::Vascular::Lymphangioma_and_Lymphangiomatosis,BST::Soft_Tissue::Vascular::Benign::Lymphangioma,73,rejected,who,
BST::Soft_Tissue::Vascular::Papillary_Intralymphatic_Angioendothelioma,BST::Soft_Tissue::Vascular::Intermediate::Papillary_Intralymphatic_Angioendothelioma,91,accepted,who,
BST::Soft_Tissue::Vascular::Pseudomyogenic_Hemangioendothelioma,BST::Soft_Tissue::Vascular::Intermediate::Pseudomyogenic_Hemangioendothelioma,90,accepted,who,
BST::Soft_Tissue::Vascular::Retiform_Hemangioendothelioma,BST::Soft_Tissue::Vascular::Intermediate::Retiform_Hemangioendothelioma,89,review,who,
BST::Soft_Tissue::Vascular::Synovial_Hemangioma,BST::Soft_Tissue::Vascular::Benign::Sinusoidal_Hemangioma,87,review,who,
BST::Soft_Tissue::Vascular::Tufted_Angioma_and_Kaposiform_Hemangioendothelioma,BST::Soft_Tissue::Vascular::Intermediate::Kaposiform_Hemangioendothelioma,83,review,who,
BST::Soft_Tissue::Vascular::Venous_Hemangioma,BST::Soft_Tissue::Vascular::Benign::Cavernous_Hemangioma,89,review,who,
BST::Soft_TissueAdipocytic::Lipoma,BST::Soft_Tissue::Adipocytic::Benign::Angiolipoma,82,review,who,
BST::Syndromes::Multiple_Osteochondromas,BST::Syndromes::Predisposition::Skeletal::Multiple_Osteochondromas,75,rejected,who,
BST::Syndromes::Neurofibromatosis_Type_1,BST::Syndromes::Predisposition::General::Neurofibromatosis_Type_1,76,rejected,who,
BST::Syndromes::Rothmund_Thomson_Syndrome,BST::Syndromes::Predisposition::General::Rothmund_Thomson_Syndrome,77,rejected,who,
BST::Syndromes::Werner_Syndrome,BST::Syndromes::Predisposition::General::Werner_Syndrome,71,rejected,who,
CYTO_PANCREAS::Benign::Neoplastic::Lymphangioma,Cyto_Breast::Benign::Neoplasm::Lipoma,79,rejected,who,
CYTO_PANCREAS::Benign::Neoplastic::Other_Rare_Benign_Neoplasms,Cyto_Breast::Benign::Neoplasm::Tubular_Adenoma,67,rejected,who,
CYTO_PANCREAS::Benign::Neoplastic::Schwannoma,Cyto_Breast::Benign::Non_Neoplastic::Seroma,80,review,who,
CYTO_PANCREAS::Benign::Neoplastic::Serous_Cystadenoma,Cyto_Breast::Benign::Non_Neoplastic::Sclerosing_Adenosis,77,rejected,who,
CYTO_PANCREAS::Benign::Non_Neoplastic::Acute_Pancreatitis,Cyto_Breast::Benign::Non_Neoplastic::Galactocele,76,rejected,who,
CYTO_PANCREAS::Benign::Non_Neoplastic::Autoimmune_IgG4_Related_Pancreatitis,Cyto_Breast::Benign::Non_Neoplastic::Galactocele,67,rejected,who,
CYTO_PANCREAS::Benign::Non_Neoplastic::Cholangitis,Cyto_Breast::Benign::Non_Neoplastic::Gynecomastia,81,review,who,
CYTO_PANCREAS::Benign::Non_Neoplastic::Chronic_Pancreatitis,Cyto_Breast::Benign::Non_Neoplastic::Sclerosing_Adenosis,77,rejected,who,
CYTO_PANCREAS::Benign::Non_Neoplastic::Groove_Paraduodenal_Pancreatitis,Cyto_Breast::Benign::Non_Neoplastic::Galactocele,69,rejected,who,
CYTO_PANCREAS::Benign::Non_Neoplastic::Lymphoepithelial_Cyst,Cyto_Breast::Benign::Non_Neoplastic::Gynecomastia,73,rejected,who,
CYTO_PANCREAS::Benign::Non_Neoplastic::Normal_Parenchyma_And_Contaminants,Cyto_Breast::Benign::Non_Neoplastic::Synovial_Metaplasia_Implants,71,rejected,who,
CYTO_PANCREAS::Benign::Non_Neoplastic::Pseudocysts,Cyto_Breast::Benign::Non_Neoplastic::Cyst_Simple,82,review,who,
CYTO_PANCREAS::Benign::Non_Neoplastic::Splenule_Accessory_Spleen,Cyto_Breast::Benign::Non_Neoplastic::Sclerosing_Adenosis,72,rejected,who,
CYTO_PANCREAS::High_Risk::Biliary_IPN_High_Grade,Cyto_GI_Tract::Esophagus::Benign_Precursor::Dysplasia_High_Grade,55,rejected,who,
CYTO_PANCREAS::High_Risk::Biliary_Intraepithelial_Neoplasia_High_Grade,Cyto_GYN::Squamous::Anal_Intraepithelial_Neoplasia_High_Grade_HSIL,69,rejected,who,
CYTO_PANCREAS::High_Risk::Intraductal_Oncocytic_Papillary_Neoplasm,Cyto_Breast::Nipple_Discharge::Intraductal_Papilloma,61,rejected,who,
CYTO_PANCREAS::High_Risk::Intraductal_Tubulopapillary_Neoplasm,Cyto_Breast::Nipple_Discharge::Intraductal_Papilloma,63,rejected,who,
CYTO_PANCREAS::High_Risk::Mucinous_Cystic_Neoplasm_High_Grade,Cyto_GI_Tract::Esophagus::Benign_Precursor::Dysplasia_High_Grade,54,rejected,who,
CYTO_PANCREAS::High_Risk::Pancreatic_IPMN_High_Grade,Cyto_Adrenal::Benign::Adrenal_Cortical_Adenoma,53,rejected,who,
CYTO_PANCREAS::High_Risk::Pancreatic_Intraepithelial_Neoplasia_High_Grade,Cyto_GYN::Squamous::Anal_Intraepithelial_Neoplasia_High_Grade_HSIL,71,rejected,who,
CYTO_PANCREAS::Low_Risk::Biliary_IPN_Low_Grade,Cyto_Breast::Inflammatory::Silicone_Granuloma,53,rejected,who,
CYTO_PANCREAS::Low_Risk::Biliary_Intraepithelial_Neoplasia_Low_Grade,Cyto_GYN::Squamous::Anal_Intraepithelial_Neoplasia_Low_Grade_LSIL,69,rejected,who,
CYTO_PANCREAS::Low_Risk::Mucinous_Cystic_Neoplasm_Low_Grade,Cyto_Adrenal::Malignant::Hematopoietic_Neoplasm_Adrenal,56,rejected,who,
CYTO_PANCREAS::Low_Risk::Other_Lesions_Spindle_Cell,Cyto_Breast::Malignant::Carcinoma::Metaplastic_Carcinoma_Spindle_Cell,55,rejected,who,
CYTO_PANCREAS::Low_Risk::Pancreatic_IPMN_Low_Grade,Cyto_Adrenal::Benign::Adrenal_Cortical_Adenoma,52,rejected,who,
CYTO_PANCREAS::Low_Risk::Pancreatic_Intraepithelial_Neoplasia_Low_Grade,Cyto_GYN::Squamous::Anal_Intraepithelial_Neoplasia_Low_Grade_LSIL,71,rejected,who,
CYTO_PANCREAS::Malignant::Cholangiocarcinoma,Cyto_Breast::Malignant::Sarcoma::Angiosarcoma,79,rejected,who,
CYTO_PANCREAS::Malignant::Metastases_To_Pancreas,Cyto_Adrenal::Malignant::Metastasis_To_Adrenal,83,review,who,
CYTO_PANCREAS::Malignant::Neuroendocrine_Carcinoma,Cyto_Breast::Malignant::Carcinoma::Neuroendocrine_Carcinoma,84,review,who,
CYTO_PANCREAS::Malignant::Neuroendocrine_Tumour,Cyto_GI_Tract::Small_Intestine::Malignant::Neuroendocrine_Tumor,76,rejected,who,
CYTO_PANCREAS::Malignant::Other_Lesions_Spindle_Cell,Cyto_Bone::Malignant::Osteosarcoma_Small_Cell,68,rejected,who,
CYTO_PANCREAS::Malignant::Pancreatic_Acinar_Cell_Carcinoma,Cyto_Adrenal::Malignant::Adrenal_Cortical_Carcinoma,75,rejected,who,
CYTO_PANCREAS::Malignant::Pancreatic_Ductal_Adenocarcinoma,Cyto_Adrenal::Malignant::Adrenal_Cortical_Carcinoma,75,rejected,who,
CYTO_PANCREAS::Malignant::Pancreatic_Lymphomas,Cyto_Derm::Malignant::Cutaneous_Lymphoma,72,rejected,who,
CYTO_PANCREAS::Malignant::Pancreatoblastoma,Cyto_Adrenal::Malignant::Neuroblastoma,81,review,who,
CYTO_PANCREAS::Malignant::Solid_Pseudopapillary_Neoplasm,Cyto_Breast::Malignant::Carcinoma::Micropapillary_Carcinoma,66,rejected,who,
CYTO_PANCRERAS::Atypical::Atypical_Category_Definition_And_Criteria,Cyto_Breast::Atypical::Atypical_Ductal_Hyperplasia_ADH,63,rejected,who,
CYTO_PANCRERAS::Benign::Benign_Category_Definition_And_Criteria,Cyto_Bone::Benign::Osteomyelitis_Acute,59,rejected,who,
CYTO_PANCRERAS::High_Grade_Neoplsm::High_Grade_Neoplsm_Category_Definition_And_Criteria,Cyto_Breast::Benign::Neoplasm::Fibroadenoma_Giant,49,rejected,who,
CYTO_PANCRERAS::Insufficient::Insufficient_Category_Definition_And_Criteria,Cyto_Breast::Inflammatory::Radiation_Changes,50,rejected,who,
CYTO_PANCRERAS::Low_Grade_Neoplsm::Low_Grade_Neoplsm_Category_Definition_And_Criteria,Cyto_Breast::Benign::Neoplasm::Inflammatory_Myofibroblastic_Tumor,48,rejected,who,
CYTO_PANCRERAS::Malignant::Malignant_Category_Definition_And_Criteria,Cyto_Derm::Malignant::Malignant_Melanoma_Skin,61,rejected,who,
CYTO_PANCRERAS::Suspicious::Suspicious_Category_Definition_And_Criteria,Cyto_Adrenal::Category::Suspicious_For_Malignancy,57,rejected,who,
Cyto_Heme::Atypical::Atypical_Category_Definition_And_Criteria,Cyto_Breast::Atypical::Atypical_Ductal_Hyperplasia_ADH,60,rejected,who,
Cyto_Heme::Benign::Benign_Category_Definition_And_Criteria,Cyto_Bone::Benign::Osteomyelitis_Acute,60,rejected,who,
Cyto_Heme::Benign::Inflammatory::Acute_Inflammation,Cyto_Fluids::Benign_Reactive::Inflammatory::Granulomatous_Inflammation,74,rejected,who,
Cyto_Heme::Benign::Inflammatory::Granulomatous_Inflammation,Cyto_Fluids::Benign_Reactive::Inflammatory::Granulomatous_Inflammation,85,review,who,
Cyto_Heme::Benign::Reactive::Immunoblastic_Reactions,Cyto_GYN::Benign_Reactive::Non_Neoplastic::Radiation_Changes,68,rejected,who,
Cyto_Heme::Benign::Reactive::Prominent_Histiocytosis,Cyto_GYN::Benign_Reactive::Organisms::Entamoeba_Histolytica,67,rejected,who,
Cyto_Heme::Benign::Reactive::Prominent_Necrosis,Cyto_Derm::Benign::Fat_Necrosis,72,rejected,who,
Cyto_Heme::Benign::Reactive::Prominent_Plasmacytosis,Cyto_GYN::Benign_Reactive::Non_Neoplastic::Endometriosis,67,rejected,who,
Cyto_Heme::Benign::Splenic::Vascular_Lesions,Cyto_Derm::Benign::Nodular_Fasciitis,65,rejected,who,
Cyto_Heme::Insufficient::Insufficient_Category_Definition_And_Criteria,Cyto_Breast::Inflammatory::Radiation_Changes,49,rejected,who,
Cyto_Heme::Malignant::Histiocytic::Follicular_Dendritic_Cell_Sarcoma,Cyto_Fluids::Malignant::Metastatic::Renal_Cell_Carcinoma,65,rejected,who,
Cyto_Heme::Malignant::Histiocytic::Histiocytic_Sarcoma,Cyto_Breast::Malignant::Heme::Granulocytic_Sarcoma,69,rejected,who,
Cyto_Heme::Malignant::Histiocytic::Interdigitating_Dendritic_Cell_Sarcoma,Cyto_Fluids::Malignant::Metastatic::Renal_Cell_Carcinoma,62,rejected,who,
Cyto_Heme::Malignant::Histiocytic::Langerhans_Cell_Histiocytosis,Cyto_GYN::Benign_Reactive::Non_Neoplastic::Langerhans_Cell_Histiocytosis,66,rejected,who,
Cyto_Heme::Malignant::Hodgkin::Classic_Hodgkin_Lymphoma,Cyto_Derm::Malignant::Cutaneous_Lymphoma,65,rejected,who,
Cyto_Heme::Malignant::Hodgkin::Lymphomatoid_Granulomatosis,Cyto_Adrenal::Malignant::Lymphoma_Adrenal,63,rejected,who,
Cyto_Heme::Malignant::Hodgkin::Nodular_Lymphocyte_Predominant_HL,Cyto_Breast::Malignant::Heme::Granulocytic_Sarcoma,60,rejected,who,
Cyto_Heme::Malignant::Hodgkin::T_Cell_Histiocyte_Rich_Large_B_Cell_Lymphoma,Cyto_Breast::Malignant::Heme::Anaplastic_Large_Cell_Lymphoma_BIA,68,rejected,who,
Cyto_Heme::Malignant::Large::Anaplastic_Large_Cell_Lymphoma,Cyto_Breast::Malignant::Heme::Anaplastic_Large_Cell_Lymphoma_BIA,85,review,who,
Cyto_Heme::Malignant::Large::Breast_Implant_Associated_ALCL,Cyto_Derm::Malignant::Dedifferentiated_Liposarcoma,61,rejected,who,
Cyto_Heme::Malignant::Large::Burkitt_Lymphoma,Cyto_Derm::Malignant::Cutaneous_Lymphoma,75,rejected,who,
Cyto_Heme::Malignant::Large::Large_B_Cell_Lymphomas,Cyto_Derm::Malignant::Cutaneous_Lymphoma,68,rejected,who,
Cyto_Heme::Malignant::Large::Lymphoblastic_Lymphoma,Cyto_Derm::Malignant::Cutaneous_Lymphoma,73,rejected,who,
Cyto_Heme::Malignant::Large::Myeloid_Sarcoma,Cyto_Derm::Malignant::Leiomyosarcoma,80,review,who,
Cyto_Heme::Malignant::Large::Peripheral_T_Cell_Lymphoma_NOS,Cyto_Derm::Malignant::Merkel_Cell_Carcinoma,65,rejected,who,
Cyto_Heme::Malignant::Large::Primary_Effusion_Lymphoma,Cyto_Fluids::Malignant::Heme::Primary_Effusion_Lymphoma_PEL,81,review,who,
Cyto_Heme::Malignant::Malignant_Category_Definition_And_Criteria,Cyto_Derm::Malignant::Malignant_Melanoma_Skin,64,rejected,who,
Cyto_Heme::Malignant::Metastases_From_Carcinomas,Cyto_Derm::Malignant::Metastatic_Carcinoma_to_Skin,78,rejected,who,
Cyto_Heme::Malignant::Metastases_From_Melanoma,Cyto_Adrenal::Malignant::Metastasis_To_Adrenal_Melanoma,77,rejected,who,
Cyto_Heme::Malignant::Metastases_From_Sarcomas,Cyto_Derm::Malignant::Kaposi_Sarcoma,73,rejected,who,
Cyto_Heme::Malignant::Mixed::Follicular_Lymphoma,Cyto_Derm::Malignant::Cutaneous_Lymphoma,73,rejected,who,
Cyto_Heme::Malignant::Mixed::Marginal_Zone_Lymphoma,Cyto_Derm::Malignant::Cutaneous_Lymphoma,70,rejected,who,
Cyto_Heme::Malignant::Mixed::Nodal_T_Follicular_Helper_Cell_Lymphoma,Cyto_Breast::Malignant::Heme::Anaplastic_Large_Cell_Lymphoma_BIA,71,rejected,who,
Cyto_Heme::Malignant::Small::CLL_SLL,Cyto_Derm::Malignant::Basal_Cell_Carcinoma,69,rejected,who,
Cyto_Heme::Malignant::Small::Lymphoplasmacytic_Lymphoma,Cyto_Breast::Malignant::Heme::Plasmacytoma,70,rejected,who,
Cyto_Heme::Malignant::Small::Mantle_Cell_Lymphoma,Cyto_Breast::Malignant::Heme::Anaplastic_Large_Cell_Lymphoma_BIA,73,rejected,who,
Cyto_Heme::Malignant::Small::Mastocytosis,Cyto_Derm::Malignant::Kaposi_Sarcoma,65,rejected,who,
Cyto_Heme::Malignant::Small::Plasma_Cell_Neoplasms,Cyto_Derm::Malignant::Basal_Cell_Carcinoma,70,rejected,who,
Cyto_Heme::Malignant::Splenic::Hepatosplenic_T_Cell_Lymphoma,Cyto_Breast::Malignant::Heme::Anaplastic_Large_Cell_Lymphoma_BIA,65,rejected,who,
Cyto_Heme::Malignant::Splenic::Splenic_B_Cell_Lymphoma,Cyto_Breast::Malignant::Heme::Anaplastic_Large_Cell_Lymphoma_BIA,66,rejected,who,
Cyto_Heme::Malignant::Splenic_Angiosarcoma,Cyto_Derm::Malignant::Angiosarcoma,84,review,who,
Cyto_Heme::Malignant::Thymic::Thymic_B_Cell_Lymphomas,Cyto_Breast::Malignant::Heme::Anaplastic_Large_Cell_Lymphoma_BIA,70,rejected,who,
Cyto_Heme::Malignant::Thymic::Thymic_Carcinomas,Cyto_Derm::Malignant::Metastatic_Carcinoma_to_Skin,72,rejected,who,
Cyto_Heme::Malignant::Thymic::Thymomas,Cyto_Fluids::Malignant::Metastatic::Thymoma,74,rejected,who,
Cyto_Heme::Suspicious::Suspicious_Category_Definition_And_Criteria,Cyto_Adrenal::Category::Suspicious_For_Malignancy,54,rejected,who,
Cyto_Lung::Atypical::Atypical_Category_Definition_And_Criteria,Cyto_Breast::Atypical::Atypical_Ductal_Hyperplasia_ADH,59,rejected,who,
Cyto_Lung::Benign::Benign_Category_Definition_And_Criteria,Cyto_Bone::Benign::Osteomyelitis_Acute,60,rejected,who,
Cyto_Lung::Benign::Inflammatory::Acute_Inflammation_And_Suppuration,Cyto_Fluids::Benign_Reactive::Inflammatory::Granulomatous_Inflammation,69,rejected,who,
Cyto_Lung::Benign::Inflammatory::Granulomatous_Disorders,Cyto_Fluids::Benign_Reactive::Inflammatory::Granulomatous_Inflammation,75,rejected,who,
Cyto_Lung::Benign::Inflammatory::Histiocytic_Lymphocytic_Eosinophilic_Patterns,Cyto_Fluids::Benign_Reactive::Inflammatory::Eosinophilic_Effusion,64,rejected,who,
Cyto_Lung::Benign::Inflammatory::Reactive_Changes_Glandular_Squamous,Cyto_Breast::Inflammatory::Mastitis_Granulomatous,63,rejected,who,
Cyto_Lung::Benign::Neoplastic::Ectopic_Thyroid_Parathyroid,Cyto_GYN::Benign_Reactive::Non_Neoplastic::Keratotic_Changes_Parakeratosis,65,rejected,who,
Cyto_Lung::Benign::Neoplastic::Granular_Cell_Tumour,Cyto_Breast::Benign::Neoplasm::Granular_Cell_Tumor,85,review,who,
Cyto_Lung::Benign::Neoplastic::Meningiomas,Cyto_Breast::Benign::Non_Neoplastic::Seroma,73,rejected,who,
Cyto_Lung::Benign::Neoplastic::PEComa,Cyto_Breast::Benign::Non_Neoplastic::Seroma,78,rejected,who,
Cyto_Lung::Benign::Neoplastic::Pulmonary_Hamartoma,Cyto_Breast::Benign::Neoplasm::Hamartoma,73,rejected,who,
Cyto_Lung::Benign::Neoplastic::Salivary_Gland_Neoplasms,Cyto_Breast::Benign::Non_Neoplastic::Microglandular_Adenosis,66,rejected,who,
Cyto_Lung::Benign::Neoplastic::Sclerosing_Pneumocytoma,Cyto_Breast::Benign::Non_Neoplastic::Sclerosing_Adenosis,73,rejected,who,
Cyto_Lung::Benign::Neoplastic::Solitary_Tracheobronchial_Papilloma,Cyto_Breast::Benign::Neoplasm::Intraductal_Papilloma,69,rejected,who,
Cyto_Lung::Benign::Neoplastic::Spindle_Cell_Tumours,Cyto_Breast::Benign::Neoplasm::Granular_Cell_Tumor,73,rejected,who,
Cyto_Lung::Insufficient::Insufficient_Category_Definition_And_Criteria,Cyto_Bone::Benign::Osteomyelitis_Acute,48,rejected,who,
Cyto_Lung::Malignant::Carcinoma::Adenosquamous_Carcinoma,Cyto_GYN::Glandular::Carcinoma::Adenosquamous_Carcinoma,85,review,who,
Cyto_Lung::Malignant::Carcinoma::Carcinosarcoma,Cyto_Fluids::Malignant::Sarcoma::Angiosarcoma,83,review,who,
Cyto_Lung::Malignant::Carcinoma::NUT_Carcinoma,Cyto_Breast::Malignant::Carcinoma::Tubular_Carcinoma,82,review,who,
Cyto_Lung::Malignant::Carcinoma::Pleomorphic_Carcinoma,Cyto_Breast::Malignant::Carcinoma::Lipid_Rich_Carcinoma,79,rejected,who,
Cyto_Lung::Malignant::Carcinoma::Pulmonary_Blastoma,Cyto_Breast::Malignant::Carcinoma::Medullary_Carcinoma,74,rejected,who,
Cyto_Lung::Malignant::Carcinoma::Salivary_Gland_Type_Carcinomas,Cyto_Breast::Malignant::Carcinoma::Apocrine_Carcinoma,74,rejected,who,
Cyto_Lung::Malignant::Carcinoma::Thoracic_SMARCA4_Deficient_Undifferentiated_Tumour,Cyto_Bone::Malignant::Chondrosarcoma_Dedifferentiated,63,rejected,who,
Cyto_Lung::Malignant::Lymphoid::Erdheim_Chester_Disease,Cyto_Derm::Malignant::Paget_Disease_Skin,61,rejected,who,
Cyto_Lung::Malignant::Lymphoid::Lymphomas,Cyto_Bone::Malignant::Lymphoma_Bone,71,rejected,who,
Cyto_Lung::Malignant::Lymphoid::Pulmonary_Langerhans_Cell_Histiocytosis,Cyto_GYN::Benign_Reactive::Non_Neoplastic::Langerhans_Cell_Histiocytosis,67,rejected,who,
Cyto_Lung::Malignant::Malignant_Category_Definition_And_Criteria,Cyto_Derm::Malignant::Malignant_Melanoma_Skin,61,rejected,who,
Cyto_Lung::Malignant::NSCC::Adenocarcinoma_Of_The_Lung,Cyto_Fluids::Malignant::Metastatic::Adenocarcinoma_Lung,79,rejected,who,
Cyto_Lung::Malignant::NSCC::Non_Small_Cell_Carcinoma_NOS,Cyto_Fluids::Malignant::Metastatic::Small_Cell_Carcinoma_Lung,79,rejected,who,
Cyto_Lung::Malignant::NSCC::Squamous_Cell_Carcinoma,Cyto_Derm::Malignant::Squamous_Cell_Carcinoma,85,review,who,
Cyto_Lung::Malignant::Neuroendocrine::Carcinoid_Neuroendocrine_Tumours,Cyto_GI_Tract::Stomach::Malignant::Neuroendocrine_Carcinoma,64,rejected,who,
Cyto_Lung::Malignant::Neuroendocrine::Large_Cell_Neuroendocrine_Carcinoma,Cyto_GYN::Malignant_Other::Small_Cell_Neuroendocrine_Carcinoma,74,rejected,who,
Cyto_Lung::Malignant::Neuroendocrine::Small_Cell_Lung_Carcinoma,Cyto_Fluids::Malignant::Metastatic::Small_Cell_Carcinoma_Lung,71,rejected,who,
Cyto_Lung::Malignant::Other::Diffuse_Pleural_Mesothelioma,Cyto_GYN::Malignant_Other::Malignant_Melanoma,65,rejected,who,
Cyto_Lung::Malignant::Other::Paraganglioma,Cyto_GYN::Malignant_Other::Malignant_Melanoma,74,rejected,who,
Cyto_Lung::Malignant::Other::Primary_Germ_Cell_Tumours_Mediastinum,Cyto_Fluids::Malignant::Ovarian_Primary::Clear_Cell_Carcinoma,65,rejected,who,
Cyto_Lung::Malignant::Other::Pulmonary_And_Thoracic_Metastases,Cyto_GYN::Malignant_Other::Malignant_Melanoma,64,rejected,who,
Cyto_Lung::Malignant::Other::Spindle_Cell_Tumours_Malignant,Cyto_GYN::Malignant_Other::Metastatic_Tumor_Fallopian_Tube,68,rejected,who,
Cyto_Lung::Suspicious::Suspicious_Category_Definition_And_Criteria,Cyto_Fluids::Category::Suspicious_For_Malignancy,56,rejected,who,
Cyto_SoftTissue::Benign::Adipocytic::Hibernoma,Cyto_Derm::Benign::Hibernoma,68,rejected,who,
Cyto_SoftTissue::Benign::Adipocytic::Lipoma,Cyto_Breast::Benign::Neoplasm::Lipoma,65,rejected,who,
Cyto_SoftTissue::Benign::Adipocytic::Spindle_Cell_Pleomorphic_Lipoma,Cyto_Derm::Benign::Spindle_Cell_Pleomorphic_Lipoma,80,review,who,
Cyto_SoftTissue::Benign::Benign_Category_Definition_And_Criteria,Cyto_Bone::Benign::Osteomyelitis_Acute,59,rejected,who,
Cyto_SoftTissue::Benign::Chondro_Osseous::Myositis_Ossificans,Cyto_Bone::Benign::Chondromyxoid_Fibroma,63,rejected,who,
Cyto_SoftTissue::Benign::Chondro_Osseous::Soft_Tissue_Chondroma,Cyto_Bone::Benign::Chondroblastoma,60,rejected,who,
Cyto_SoftTissue::Benign::Epithelioid::Glomus_Tumour,Cyto_Derm::Benign::Glomus_Tumor,68,rejected,who,
Cyto_SoftTissue::Benign::Epithelioid::Granular_Cell_Tumour,Cyto_Breast::Benign::Neoplasm::Granular_Cell_Tumor,76,rejected,who,
Cyto_SoftTissue::Benign::Epithelioid::Rhabdomyoma,Cyto_Bone::Benign::Enchondroma,63,rejected,who,
Cyto_SoftTissue::Benign::Epithelioid::Tenosynovial_Giant_Cell_Tumour,Cyto_Bone::Benign::Giant_Cell_Tumor_Bone,61,rejected,who,
Cyto_SoftTissue::Benign::Mass_Forming_Inflammatory::Acute_Inflammation,Cyto_Fluids::Benign_Reactive::Inflammatory::Granulomatous_Inflammation,66,rejected,who,
Cyto_SoftTissue::Benign::Mass_Forming_Inflammatory::Fat_Necrosis,Cyto_Breast::Inflammatory::Fat_Necrosis,68,rejected,who,
Cyto_SoftTissue::Benign::Mass_Forming_Inflammatory::Granulomatous_Suppurative_Inflammation,Cyto_Fluids::Benign_Reactive::Inflammatory::Granulomatous_Inflammation,70,rejected,who,
Cyto_SoftTissue::Benign::Mass_Forming_Inflammatory::IgG4_Related_Disease,Cyto_Fluids::Benign_Reactive::Inflammatory::Rheumatoid_Pleuritis,56,rejected,who,
Cyto_SoftTissue::Benign::Mass_Forming_Inflammatory::Ischaemic_Fasciitis,Cyto_Breast::Benign::Neoplasm::Inflammatory_Myofibroblastic_Tumor,56,rejected,who,
Cyto_SoftTissue::Benign::Myxoid_Stroma::Ganglion_Cyst,Cyto_Derm::Benign::Ganglion_Cyst,68,rejected,who,
Cyto_SoftTissue::Benign::Myxoid_Stroma::Intramuscular_Juxta_Articular_Myxoma,Cyto_Breast::Benign::Neoplasm::Intraductal_Papilloma,56,rejected,who,
Cyto_SoftTissue::Benign::Spindle_Cell::Elastofibroma,Cyto_Derm::Benign::Spindle_Cell_Pleomorphic_Lipoma,67,rejected,who,
Cyto_SoftTissue::Benign::Spindle_Cell::Fibromatosis,Cyto_Breast::Benign::Neoplasm::Fibromatosis,68,rejected,who,
Cyto_SoftTissue::Benign::Spindle_Cell::Haemangiomas,Cyto_Derm::Benign::Hemangioma,65,rejected,who,
Cyto_SoftTissue::Benign::Spindle_Cell::Leiomyoma,Cyto_Derm::Benign::Spindle_Cell_Pleomorphic_Lipoma,71,rejected,who,
Cyto_SoftTissue::Benign::Spindle_Cell::Myofibroblastoma,Cyto_Breast::Benign::Neoplasm::Myofibroblastoma,71,rejected,who,
Cyto_SoftTissue::Benign::Spindle_Cell::Neurofibroma,Cyto_Derm::Benign::Neurofibroma,68,rejected,who,
Cyto_SoftTissue::Benign::Spindle_Cell::Nodular_Fasciitis,Cyto_Derm::Benign::Nodular_Fasciitis,72,rejected,who,
Cyto_SoftTissue::Benign::Spindle_Cell::Perineurioma,Cyto_Derm::Benign::Spindle_Cell_Pleomorphic_Lipoma,71,rejected,who,
Cyto_SoftTissue::Benign::Spindle_Cell::Schwannoma,Cyto_Derm::Benign::Schwannoma,67,rejected,who,
Cyto_SoftTissue::Malignant::Adipocytic::Dedifferentiated_Liposarcoma,Cyto_Derm::Malignant::Dedifferentiated_Liposarcoma,80,review,who,
Cyto_SoftTissue::Malignant::Adipocytic::Pleomorphic_Liposarcoma,Cyto_Derm::Malignant::Pleomorphic_Liposarcoma,78,rejected,who,
Cyto_SoftTissue::Malignant::Epithelioid::Alveolar_Soft_Part_Sarcoma,Cyto_Fluids::Malignant::Mesothelioma::Mesothelioma_Sarcomatoid,64,rejected,who,
Cyto_SoftTissue::Malignant::Epithelioid::Clear_Cell_Sarcoma_Of_Soft_Tissue,Cyto_Breast::Malignant::Carcinoma::Lobular_Carcinoma_In_Situ_LCIS,60,rejected,who,
Cyto_SoftTissue::Malignant::Epithelioid::Epithelioid_Haemangioendothelioma,Cyto_Fluids::Malignant::Sarcoma::Epithelioid_Hemangioendothelioma,78,rejected,who,
Cyto_SoftTissue::Malignant::Epithelioid::Epithelioid_Sarcoma,Cyto_Fluids::Malignant::Mesothelioma::Mesothelioma_Sarcomatoid,70,rejected,who,
Cyto_SoftTissue::Malignant::Epithelioid::Extrarenal_Rhabdoid_Tumour,Cyto_Fluids::Malignant::Sarcoma::Epithelioid_Hemangioendothelioma,58,rejected,who,
Cyto_SoftTissue::Malignant::Malignant_Category_Definition_And_Criteria,Cyto_Derm::Malignant::Malignant_Melanoma_Skin,59,rejected,who,
Cyto_SoftTissue::Malignant::Metastatic::Soft_Tissue_Metastases,Cyto_Breast::Malignant::Metastatic::Metastatic_Tumor_To_Breast,65,rejected,who,
Cyto_SoftTissue::Malignant::Myxoid::Chordoma,Cyto_Bone::Malignant::Chordoma,76,rejected,who,
Cyto_SoftTissue::Malignant::Myxoid::Extraskeletal_Myxoid_Chondrosarcoma,Cyto_Derm::Malignant::Extraskeletal_Myxoid_Chondrosarcoma,84,review,who,
Cyto_SoftTissue::Malignant::Myxoid::Myxofibrosarcoma,Cyto_Derm::Malignant::Myxoid_Liposarcoma,74,rejected,who,
Cyto_SoftTissue::Malignant::Myxoid::Myxoid_Liposarcoma,Cyto_Derm::Malignant::Myxoid_Liposarcoma,79,rejected,who,
Cyto_SoftTissue::Malignant::Myxoid::Myxoinflammatory_Fibroblastic_Sarcoma,Cyto_Breast::Malignant::Carcinoma::Inflammatory_Carcinoma,66,rejected,who,
Cyto_SoftTissue::Malignant::Pleomorphic::Intimal_Sarcoma,Cyto_Derm::Malignant::Pleomorphic_Liposarcoma,75,rejected,who,
Cyto_SoftTissue::Malignant::Pleomorphic::Pleomorphic_Rhabdomyosarcoma,Cyto_Breast::Malignant::Sarcoma::Rhabdomyosarcoma,68,rejected,who,
Cyto_SoftTissue::Malignant::Pleomorphic::Undifferentiated_Pleomorphic_Sarcoma,Cyto_Derm::Malignant::Undifferentiated_Pleomorphic_Sarcoma,81,review,who,
Cyto_SoftTissue::Malignant::Round_Cell::Alveolar_Rhabdomyosarcoma,Cyto_Breast::Malignant::Sarcoma::Rhabdomyosarcoma,70,rejected,who,
Cyto_SoftTissue::Malignant::Round_Cell::CIC_Rearranged_Sarcoma,Cyto_Fluids::Malignant::Germ_Cell::Choriocarcinoma,64,rejected,who,
Cyto_SoftTissue::Malignant::Round_Cell::Desmoplastic_Small_Round_Cell_Tumour,Cyto_Fluids::Malignant::Germ_Cell::Yolk_Sac_Tumor,62,rejected,who,
Cyto_SoftTissue::Malignant::Round_Cell::Embryonal_Rhabdomyosarcoma,Cyto_Fluids::Malignant::Germ_Cell::Embryonal_Carcinoma,72,rejected,who,
Cyto_SoftTissue::Malignant::Round_Cell::Ewing_Sarcoma,Cyto_Fluids::Malignant::Sarcoma::Ewing_Sarcoma,73,rejected,who,
Cyto_SoftTissue::Malignant::Round_Cell::Neuroblastic_Tumours,Cyto_Fluids::Malignant::Germ_Cell::Yolk_Sac_Tumor,68,rejected,who,
Cyto_SoftTissue::Malignant::Round_Cell::Sarcoma_With_BCOR_Genetic_Alterations,Cyto_Bone::Malignant::Osteosarcoma_Conventional,61,rejected,who,
Cyto_SoftTissue::Malignant::Spindle_Cell::Angiosarcoma,Cyto_Breast::Malignant::Sarcoma::Angiosarcoma,73,rejected,who,
Cyto_SoftTissue::Malignant::Spindle_Cell::Gastrointestinal_Stromal_Tumour,Cyto_GI_Tract::Esophagus::Malignant::Gastrointestinal_Stromal_Tumor_GIST,70,rejected,who,
Cyto_SoftTissue::Malignant::Spindle_Cell::Infantile_Fibrosarcoma,Cyto_Breast::Malignant::Sarcoma::Angiosarcoma,64,rejected,who,
Cyto_SoftTissue::Malignant::Spindle_Cell::Kaposi_Sarcoma,Cyto_Derm::Malignant::Kaposi_Sarcoma,72,rejected,who,
Cyto_SoftTissue::Malignant::Spindle_Cell::Leiomyosarcoma,Cyto_Breast::Malignant::Sarcoma::Leiomyosarcoma,74,rejected,who,
Cyto_SoftTissue::Malignant::Spindle_Cell::Low_Grade_Fibromyxoid_Sarcoma,Cyto_Breast::Malignant::Sarcoma::Leiomyosarcoma,64,rejected,who,
Cyto_SoftTissue::Malignant::Spindle_Cell::Malignant_Melanotic_Nerve_Sheath_Tumour,Cyto_Derm::Malignant::Malignant_Peripheral_Nerve_Sheath_Tumor_MPNST,68,rejected,who,
Cyto_SoftTissue::Malignant::Spindle_Cell::Spindle_Cell_Sclerosing_Rhabdomyosarcoma,Cyto_Breast::Malignant::Sarcoma::Rhabdomyosarcoma,61,rejected,who,
Cyto_SoftTissue::Malignant::Spindle_Cell::Synovial_Sarcoma,Cyto_Derm::Malignant::Synovial_Sarcoma,73,rejected,who,
Cyto_SoftTissue::Mismatched_Tag::Entity_Not_Found_As_Leaf,Cyto_Breast::Pattern::Small_Cohesive_Fragments_Bipolar_Nuclei,49,rejected,who,
Cyto_SoftTissue::STNUMP::STNUMP_Category_Definition_And_Criteria,Cyto_Breast::Inflammatory::Radiation_Changes,50,rejected,who,
Cyto_SoftTissue::STNUMP::Spindle_Cell::Angiomatoid_Fibrous_Histiocytoma,Cyto_Derm::Benign::Dermatofibroma_Benign_Fibrous_Histiocytoma,59,rejected,who,
Cyto_SoftTissue::STNUMP::Spindle_Cell::Dermatofibrosarcoma_Protuberans,Cyto_Derm::Malignant::Dermatofibrosarcoma_Protuberans_DFSP,66,rejected,who,
Cyto_SoftTissue::STNUMP::Spindle_Cell::Inflammatory_Myofibroblastic_Tumour,Cyto_Breast::Benign::Neoplasm::Inflammatory_Myofibroblastic_Tumor,71,rejected,who,
Cyto_SoftTissue::STNUMP::Spindle_Cell::Myoepithelial_Neoplasms,Cyto_GI_Tract::Stomach::Benign_Reactive::Epithelial_Repair,58,rejected,who,
Cyto_SoftTissue::STNUMP::Spindle_Cell::PEComa,Cyto_Derm::Benign::Spindle_Cell_Pleomorphic_Lipoma,61,rejected,who,
Cyto_SoftTissue::STNUMP::Spindle_Cell::Solitary_Fibrous_Tumour,Cyto_Fluids::Malignant::CNS::Solitary_Fibrous_Tumor_Hemangiopericytoma,55,rejected,who,
Cyto_SoftTissue::Suspicious::Suspicious_Category_Definition_And_Criteria,Cyto_Breast::Category::Suspicious_For_Malignancy,53,rejected,who,
ENDO::Adrenal::Adenomatoid_tumor,Endo::Syndromes::Other::Neurofibromatosis_Type_1,52,rejected,who,
ENDO::Adrenal::Adrenal_cysts,Endo::Adrenal::Congenital_Structural::Cyst::Adrenal_Cyst,64,rejected,who,
ENDO::Adrenal::Adrenal_melanoma,Endo::Adrenal::Neoplastic::Melanocytic::Malignant::Primary_Adrenal_Melanoma,58,rejected,who,
ENDO::Adrenal::Adrenal_myelolipoma,Endo::Adrenal::Neoplastic::Mesenchymal::Benign::Myelolipoma,67,rejected,who,
ENDO::Adrenal::Adrenal_rests,Endo::Adrenal::Congenital_Structural::Cyst::Adrenal_Cyst,60,rejected,who,
ENDO::Adrenal::Adrenal_sex_cord_stromal_tumor,Endo::Adrenal::Nonneoplastic::Reactive::Adrenal_Cytomegaly,56,rejected,who,
ENDO::Adrenal::Ganglioneuroblastoma_intermixed,Endo::Adrenal::Neoplastic::Neuroendocrine::Malignant::Ganglioneuroblastoma,58,rejected,who,
ENDO::Adrenal::Ganglioneuroblastoma_nodular,Endo::Adrenal::Neoplastic::Neuroendocrine::Malignant::Ganglioneuroblastoma,60,rejected,who,
ENDO::Adrenal::Ganglioneuroma,Endo::Adrenal::Neoplastic::Neuroendocrine::Malignant::Ganglioneuroblastoma,56,rejected,who,
ENDO::GENETICS::Glucagon_cell_hyperplasia_and_neoplasia,Endo::Pancreas::Nonneoplastic::Hyperplasia::Glucagon_Cell_Hyperplasia,65,rejected,who,
ENDO::GENETICS::MAFA_related_familial_insulinomatosis,Endo::Syndromes::Parathyroid::Familial_Isolated_Hyperparathyroidism,53,rejected,who,
ENDO::GENETICS::Multiple_endocrine_neoplasia_type_4,Endo::Syndromes::MEN::Multiple_Endocrine_Neoplasia_Type_4,83,review,who,
ENDO::GENETICS::Non_syndromic_familial_follicular_cell_derived_Thyroid,Endo::Syndromes::Parathyroid::Familial_Isolated_Hyperparathyroidism,53,rejected,who,
ENDO::Germ_Cell_Tumors::Germ_cell_tumors_in_endocrine_organs,Endo::Syndromes::MEN::Multiple_Endocrine_Neoplasia_Type_1,46,rejected,who,
ENDO::Germ_Cell_Tumors::Teratomas_with_endocrine_differentiation,Endo::Adrenal::Neoplastic::Neuroendocrine::Malignant::Neuroblastoma,46,rejected,who,
ENDO::HEME::Erdheim_Chester_disease,Endo::Thyroid::Inflammatory::Autoimmune::Graves_Disease,49,rejected,who,
ENDO::HEME::Extranodal_marginal_zone_lymphoma_of_mucosa_associated_lymphoid_tissue,Endo::Thyroid::Inflammatory::Chronic_Lymphocytic::Hashimoto_Thyroiditis,46,rejected,who,
ENDO::HEME::Follicular_dendritic_cell_sarcoma,Endo::Thyroid::Neoplastic::Hematolymphoid::Malignant::Follicular_Dendritic_Cell_Sarcoma,67,rejected,who,
ENDO::HEME::IgG4_related_disease,Endo::Thyroid::Inflammatory::Fibrosing::IgG4_Related_Thyroid_Disease,60,rejected,who,
ENDO::HEME::Rosai_Dorfman_disease,Endo::Syndromes::Thyroid::DICER1_Syndrome,49,rejected,who,
ENDO::Mesenchymal::Fibrous::Solitary_fibrous_tumor,Endo::Thyroid::Neoplastic::Mesenchymal::Benign::Solitary_Fibrous_Tumor,73,rejected,who,
ENDO::Mesenchymal::Lipocytic::Lipoma,Endo::Adrenal::Neoplastic::Mesenchymal::Benign::Myelolipoma,59,rejected,who,
ENDO::Mesenchymal::Peripheral_Nerve::Granular_cell_tumor,Endo::Thyroid::Neoplastic::Mesenchymal::Benign::Peripheral_Nerve_Sheath_Tumor,63,rejected,who,
ENDO::Mesenchymal::Peripheral_Nerve::Malignant_peripheral_nerve_sheath_tumor,Endo::Thyroid::Neoplastic::Mesenchymal::Benign::Peripheral_Nerve_Sheath_Tumor,69,rejected,who,
ENDO::Mesenchymal::Peripheral_Nerve::Neurofibroma,Endo::Thyroid::Neoplastic::Mesenchymal::Benign::Peripheral_Nerve_Sheath_Tumor,60,rejected,who,
ENDO::Mesenchymal::Peripheral_Nerve::Schwannoma,Endo::Thyroid::Neoplastic::Mesenchymal::Benign::Peripheral_Nerve_Sheath_Tumor,63,rejected,who,
ENDO::Mesenchymal::Skeletal_Muscle::Rhabdomyosarcomas,Endo::Thyroid::Neoplastic::Mesenchymal::Malignant::Angiosarcoma,55,rejected,who,
ENDO::Mesenchymal::Smooth_Muscle::Leiomyoma,Endo::Thyroid::Neoplastic::Mesenchymal::Benign::Leiomyoma,62,rejected,who,
ENDO::Mesenchymal::Vascular::Benign_vascular_tumors,Endo::Thyroid::Neoplastic::Mesenchymal::Benign::Solitary_Fibrous_Tumor,58,rejected,who,
ENDO::Mesenchymal::Vascular::Glomangioma_and_glomus_tumor,Endo::Thyroid::Neoplastic::Mesenchymal::Malignant::Angiosarcoma,52,rejected,who,
ENDO::Mesenchymal::Vascular::PEComa,Endo::Thyroid::Neoplastic::Mesenchymal::Malignant::Primary_Ewing_Sarcoma,56,rejected,who,
ENDO::Metastasis::Metastasis_to_the_adrenal_gland,Endo::Adrenal::Neoplastic::Metastatic::Metastasis_To_Adrenal,68,rejected,who,
ENDO::Metastasis::Metastasis_to_the_pituitary_gland,Endo::Pituitary::Neoplastic::Metastatic::Metastasis_To_Pituitary,68,rejected,who,
ENDO::Metastasis::Metastasis_to_the_thyroid_gland,Endo::Thyroid::Neoplastic::Metastatic::Metastasis_To_Thyroid,68,rejected,who,
ENDO::Pancreatic::Mixed_NEN::Mixed_acinar_neuroendocrine_carcinoma,Endo::Pancreas::Neoplastic::Neuroendocrine::Benign::Insulinoma,58,rejected,who,
ENDO::Pancreatic::Mixed_NEN::Mixed_ductal_adenocarcinoma_neuroendocrine_neoplasms,Endo::Pancreas::Neoplastic::Neuroendocrine::Malignant::Pancreatic_Neuroendocrine_Tumor_PanNET,54,rejected,who,
ENDO::Pancreatic::NEN_Neoplasms::NEN_Tumors::Gastrinoma,Endo::Pancreas::Neoplastic::Neuroendocrine::Benign::Insulinoma,60,rejected,who,
ENDO::Pancreatic::NEN_Neoplasms::NEN_Tumors::Glucagonoma,Endo::Pancreas::Nonneoplastic::Hyperplasia::Glucagon_Cell_Hyperplasia,64,rejected,who,
ENDO::Pancreatic::NEN_Neoplasms::NEN_Tumors::Other_pancreatic_neuroendocrine_tumors_with_ectopic_hormone_production,Endo::Pancreas::Neoplastic::Neuroendocrine::Malignant::Pancreatic_Neuroendocrine_Tumor_PanNET,63,rejected,who,
ENDO::Pancreatic::NEN_Neoplasms::NEN_Tumors::Serotonin_producing_tumors_with_and_without_carcinoid_syndrome,Endo::Paraneoplastic::Syndrome::Ectopic_Paraneoplastic_Syndromes,49,rejected,who,
ENDO::Pancreatic::NEN_Neoplasms::NEN_Tumors::Somatostatinoma,Endo::Pancreas::Neoplastic::Neuroendocrine::Benign::Insulinoma,57,rejected,who,
ENDO::Pancreatic::NEN_Neoplasms::NEN_Tumors::VIPoma,Endo::Pancreas::Neoplastic::Neuroendocrine::Benign::Insulinoma,58,rejected,who,
ENDO::Parathyroid::Parathyroid_lipoadenoma,Endo::Parathyroid::Neoplastic::Epithelial::Benign::Parathyroid_Lipoadenoma,72,rejected,who,
ENDO::Pituitary::Other_Sellar::Chordoma,Endo::Pituitary::Neoplastic::Epithelial::Benign::Papillary_Craniopharyngioma,56,rejected,who,
ENDO::Pituitary::Other_Sellar::Meningiomas,Endo::Pituitary::Neoplastic::Glial::Benign::Pituicytoma,62,rejected,who,
ENDO::Pituitary::PitNETs::Multiple_PitNETs::Multiple_synchronous_PitNETs_adenomas_of_distinct_lineages,Endo::Pituitary::Neoplastic::Neuroendocrine::Benign::Lactotroph_PitNET_Adenoma,46,rejected,who,
ENDO::Pituitary::PitNETs::No_Lineage::Null_cell_PitNET_adenoma,Endo::Pituitary::Neoplastic::Neuroendocrine::Benign::Lactotroph_PitNET_Adenoma,67,rejected,who,
ENDO::Pituitary::PitNETs::No_Lineage::Plurihormonal_PitNET_adenoma,Endo::Pituitary::Neoplastic::Neuroendocrine::Benign::Plurihormonal_PitNET_Adenoma,79,rejected,who,
ENDO::Pituitary::PitNETs::PIT1_Lineage::Acidophil_stem_cell_PitNET_adenoma,Endo::Pituitary::Neoplastic::Neuroendocrine::Benign::Lactotroph_PitNET_Adenoma,62,rejected,who,
ENDO::Pituitary::PitNETs::PIT1_Lineage::Immature_PIT1_lineage_PitNET_adenoma,Endo::Pituitary::Neoplastic::Neuroendocrine::Benign::Somatotroph_PitNET_Adenoma,62,rejected,who,
ENDO::Pituitary::PitNETs::PIT1_Lineage::Mammosomatotroph_PitNET_adenoma,Endo::Pituitary::Neoplastic::Neuroendocrine::Benign::Somatotroph_PitNET_Adenoma,71,rejected,who,
ENDO::Pituitary::PitNETs::PIT1_Lineage::Thyrotroph_PitNET_adenoma,Endo::Pituitary::Neoplastic::Neuroendocrine::Benign::Thyrotroph_PitNET_Adenoma,74,rejected,who,
ENDO::Pituitary::Posterior_Tumors::Neuronal_Tumors::Gangliocytoma_and_mixed_gangliocytoma_PitNET_adenoma,Endo::Pituitary::Neoplastic::Neuroendocrine::Benign::Somatotroph_PitNET_Adenoma,60,rejected,who,
ENDO::Thymus::Spindle_epithelial_tumor_with_thymus_like_elements,Endo::Thyroid::Neoplastic::Epithelial::Malignant::Spindle_Epithelial_Tumor_Thymus_Like_SETTLE,66,rejected,who,
ENDO::Thymus::Thymoma,Endo::Syndromes::Other::Carney_Complex,54,rejected,who,
ENDO::Thyroid::Developmental::Thyroglossal_duct_cyst,Endo::Thyroid::Congenital_Structural::Cyst::Thyroglossal_Duct_Cyst,76,rejected,who,
ENDO::Thyroid::Embryonal_Tumors::Thyroblastoma,Endo::Thyroid::Congenital_Structural::Cyst::Thyroglossal_Duct_Cyst,62,rejected,who,
ENDO::Thyroid::Follicular_Tumors::Benign::Follicular_thyroid_adenoma_with_papillary_architecture,Endo::Thyroid::Neoplastic::Epithelial::Benign::Follicular_Adenoma,60,rejected,who,
ENDO::Thyroid::Mixed_Carcinomas::Mixed_medullary_and_follicular_cell_derived_thyroid_carcinoma,Endo::Thyroid::Neoplastic::Epithelial::Malignant::Follicular_Thyroid_Carcinoma,62,rejected,who,
ENDO::Thyroid::Salivary_Carcinoma::Mucoepidermoid_carcinoma,Endo::Thyroid::Neoplastic::Epithelial::Malignant::Mucoepidermoid_Carcinoma,71,rejected,who,
ENDO::Thyroid::Salivary_Carcinoma::Secretory_carcinoma,Endo::Thyroid::Neoplastic::Epithelial::Malignant::Secretory_Carcinoma,68,rejected,who,
ENDO::Thyroid::Uncertain_Histogenesis::Sclerosing_mucoepidermoid_carcinoma_with_eosinophilia,Endo::Thyroid::Neoplastic::Epithelial::Malignant::Sclerosing_Mucoepidermoid_Carcinoma_With_Eosinophilia,79,rejected,who,
EYE::Bone::Chondrogenic::Mesenchymal_Chondrosarcoma,Eye_Orbit::Bone::Chondrogenic::Mesenchymal_Chondrosarcoma,94,accepted,who,
EYE::Bone::Chondrogenic::Soft_Tissue_Chondroma,Eye_Orbit::Bone::Chondrogenic::Soft_Tissue_Chondroma,94,accepted,who,
EYE::Bone::Fibrous::Fibrous_Dysplasia,Eye_Orbit::Bone::Fibrous_Fibroblastic::Fibrous_Dysplasia,80,review,who,
EYE::Bone::Giant_Cell::Aneurysmal_Bone_Cyst,Eye_Orbit::Bone::Osteoclast_Rich::Aneurysmal_Bone_Cyst,76,rejected,who,
EYE::Bone::Giant_Cell::Giant_Cell_Tumor_of_Bone,Eye_Orbit::Bone::Osteoclast_Rich::Giant_Cell_Tumor_Of_Bone,78,rejected,who,
EYE::Bone::Osteogenic::Osteoblastoma,Eye_Orbit::Bone::Osteogenic::Osteoblastoma,92,accepted,who,
EYE::Bone::Osteogenic::Osteoma,Eye_Orbit::Bone::Osteogenic::Osteoma,91,accepted,who,
EYE::Bone::Osteogenic::Osteosarcoma,Eye_Orbit::Bone::Osteogenic::Osteosarcoma,92,accepted,who,
EYE::Bone::Other::Ewing_Sarcoma,Eye_Orbit::Bone::Other::Ewing_Sarcoma,91,accepted,who,
EYE::Bone::Vascular::Angiosarcoma_of_Bone,Eye_Orbit::Bone::Vascular::Angiosarcoma_Of_Bone,93,accepted,who,
EYE::Bone::Vascular::Epithelioid_Hemangioendothelioma,Eye_Orbit::Bone::Vascular::Epithelioid_Hemangioendothelioma,95,accepted,who,
EYE::Bone::Vascular::Hemangioma_of_Bone,Eye_Orbit::Bone::Vascular::Hemangioma_Of_Bone,93,accepted,who,
EYE::Conj::Benign::Conjunctival_Oncocytoma,Eye_Orbit::Conjunctiva::Epithelial_Tumors::Benign::Oncocytoma,60,rejected,who,
EYE::Conj::Benign::Conjunctival_Squamous_Cell_Papilloma,Eye_Orbit::Conjunctiva::Epithelial_Tumors::Benign::Squamous_Cell_Papilloma,68,rejected,who,
EYE::Conj::Benign::Hereditary_Benign_Intraepithelial_Dyskeratosis,Eye_Orbit::Conjunctiva::Epithelial_Tumors::Benign::Hereditary_Benign_Intraepithelial_Dyskeratosis,80,review,who,
EYE::Conj::Malignant::Adenosquamous_Carcinoma,Eye_Orbit::Conjunctiva::Epithelial_Tumors::Premalignant_Malignant::Adenosquamous_Carcinoma,67,rejected,who,
EYE::Conj::Melanocytic::Benign::Blue_Nevus_of_the_Conjunctiva,Eye_Orbit::Conjunctiva::Melanocytic_Tumors::Benign::Blue_Nevus,68,rejected,who,
EYE::Conj::Melanocytic::Benign::Combined_Nevus,Eye_Orbit::Conjunctiva::Melanocytic_Tumors::Benign::Combined_Nevus,82,review,who,
EYE::Conj::Melanocytic::Benign::Inflamed_Juvenile_Conjunctival_Nevus,Eye_Orbit::Conjunctiva::Melanocytic_Tumors::Benign::Inflamed_Juvenile_Conjunctival_Nevus,87,review,who,
EYE::Conj::Melanocytic::Benign::WNT_activated_Deep_Penetrating_plexiform_Melanocytoma_nevus,Eye_Orbit::Conjunctiva::Melanocytic_Tumors::Benign::WNT_Activated_Deep_Penetrating_Plexiform_Melanocytoma,87,review,who,
EYE::Conj::Melanocytic::Benign:_Melanosis_of_the_Conjunctiva,Eye_Orbit::Conjunctiva::Melanocytic_Tumors::Benign::Inflamed_Juvenile_Conjunctival_Nevus,64,rejected,who,
EYE::Conj::Melanocytic::Malignant::Conjunctival_Melanocytic_Intraepithelial_Lesions,Eye_Orbit::Conjunctiva::Melanocytic_Tumors::Benign::Conjunctival_Nevus::Subepithelial_Nevus,64,rejected,who,
EYE::Conj::Tumor_like::Choristoma::Epibulbar_Choristoma_dermoid_dermolipoma_complex_choristoma,Eye_Orbit::Conjunctiva::Choristoma::Epibulbar_Choristoma::Complex_Choristoma,74,rejected,who,
EYE::Conj::Tumor_like::Choristoma::Epibulbar_Osseous_Choristoma,Eye_Orbit::Conjunctiva::Choristoma::Epibulbar_Osseous_Choristoma,83,review,who,
EYE::Conj::Tumor_like::Cyst::Epithelial_Conjunctival_Inclusion_Cyst,Eye_Orbit::Conjunctiva::Cysts::Epithelial_Conjunctival_Inclusion_Cyst,84,review,who,
EYE::Conj::Tumor_like::Reactive::Pterygium_and_Pingueculum,Eye_Orbit::Conjunctiva::Reactive_Epithelial_Degenerative::Pingueculum,54,rejected,who,
EYE::Conj::Tumor_like::Reactive::Reactive_Epithelial_Hyperplasia_of_the_Conjunctiva,Eye_Orbit::Conjunctiva::Reactive_Epithelial_Degenerative::Papillary_Conjunctivitis,63,rejected,who,
EYE::Eyelid::Adnexal::Benign::Ductal_Hidrocystoma,Eye_Orbit::Eyelid_Adnexal::Benign::Ductal_Hidrocystoma,91,accepted,who,
EYE::Eyelid::Adnexal::Benign::Mixed_Tumor,Eye_Orbit::Eyelid_Adnexal::Benign::Mixed_Tumor,90,accepted,who,
EYE::Eyelid::Adnexal::Benign::Pilomatricoma,Eye_Orbit::Eyelid_Adnexal::Benign::Pilomatricoma,90,accepted,who,
EYE::Eyelid::Adnexal::Benign::Sebaceous_Hyperplasia_Adenoma_and_Sebaceoma,Eye_Orbit::Eyelid_Adnexal::Benign::Sebaceous_Hyperplasia,76,rejected,who,
EYE::Eyelid::Adnexal::Benign::Syringocystadenoma_Papilliferum,Eye_Orbit::Eyelid_Adnexal::Benign::Syringocystadenoma_Papilliferum,93,accepted,who,
EYE::Eyelid::Adnexal::Benign::Syringoma,Eye_Orbit::Eyelid_Adnexal::Benign::Syringoma,89,review,who,
EYE::Eyelid::Adnexal::Benign::Tubular_Adenoma,Eye_Orbit::Eyelid_Adnexal::Benign::Tubular_Adenoma,91,accepted,who,
EYE::Eyelid::Adnexal::Malignant::Apocrine_Carcinoma,Eye_Orbit::Eyelid_Adnexal::Malignant::Apocrine_Carcinoma,92,accepted,who,
EYE::Eyelid::Adnexal::Malignant::Endocrine_Mucin_producing_Sweat_Gland_Carcinoma,Eye_Orbit::Eyelid_Adnexal::Malignant::Endocrine_Mucin_Producing_Sweat_Gland_Carcinoma,95,accepted,who,
EYE::Eyelid::Adnexal::Malignant::Microcystic_Adnexal_Carcinoma,Eye_Orbit::Eyelid_Adnexal::Malignant::Microcystic_Adnexal_Carcinoma,93,accepted,who,
EYE::Eyelid::Adnexal::Malignant::Mucinous_Carcinoma,Eye_Orbit::Eyelid_Adnexal::Malignant::Mucinous_Carcinoma,92,accepted,who,
EYE::Eyelid::Adnexal::Malignant::Sebaceous_Carcinoma,Eye_Orbit::Eyelid_Adnexal::Malignant::Sebaceous_Carcinoma,92,accepted,who,
EYE::Eyelid::Adnexal::Malignant::Signet_ring_Cell_histiocytoid_Carcinoma,Eye_Orbit::Eyelid_Adnexal::Malignant::Signet_Ring_Cell_Histiocytoid_Carcinoma,94,accepted,who,
EYE::Eyelid::Benign_Premalignant::Actinic_Keratosis,Eye_Orbit::Eyelid_Epithelial::Benign_Premalignant::Actinic_Keratosis,86,review,who,
EYE::Eyelid::Benign_Premalignant::Inverted_Follicular_Keratosis,Eye_Orbit::Eyelid_Epithelial::Benign_Premalignant::Inverted_Follicular_Keratosis,88,review,who,
EYE::Eyelid::Benign_Premalignant::Molluscum_Contagiosum,Eye_Orbit::Eyelid_Epithelial::Benign_Premalignant::Molluscum_Contagiosum,87,review,who,
EYE::Eyelid::Benign_Premalignant::Seborrheic_Keratosis,Eye_Orbit::Eyelid_Epithelial::Benign_Premalignant::Seborrheic_Keratosis,86,review,who,
EYE::Eyelid::Benign_Premalignant::Squamous_Cell_Papilloma,Eye_Orbit::Eyelid_Epithelial::Benign_Premalignant::Squamous_Cell_Papilloma,87,review,who,
EYE::Eyelid::Benign_Premalignant::Verruca_Vulgaris,Eye_Orbit::Eyelid_Epithelial::Benign_Premalignant::Verruca_Vulgaris,85,review,who,
EYE::Eyelid::Malignant::Basal_Cell_Carcinoma,Eye_Orbit::Eyelid_Epithelial::Malignant::Basal_Cell_Carcinoma,84,review,who,
EYE::Eyelid::Malignant::Merkel_Cell_Carcinoma,Eye_Orbit::Eyelid_Epithelial::Malignant::Merkel_Cell_Carcinoma,84,review,who,
EYE::Eyelid::Melanocytic::Benign_Premalignant::In_situ_Cutaneous_Melanoma,Eye_Orbit::Eyelid::Melanocytic_Tumors::Benign_Premalignant::In_Situ_Cutaneous_Melanoma,92,accepted,who,
EYE::Eyelid::Melanocytic::Benign_Premalignant::Nevi_of_the_Eyelid,Eye_Orbit::Eyelid::Melanocytic_Tumors::Benign_Premalignant::Nevus,77,rejected,who,
EYE::Eyelid::Melanocytic::Benign_Premalignant::Spitz_Nevus,Eye_Orbit::Eyelid::Melanocytic_Tumors::Benign_Premalignant::Spitz_Nevus,90,accepted,who,
EYE::Eyelid::Tumor_like::Choristoma::Phakomatous_Choristoma,Eye_Orbit::Eyelid::Choristoma::Phakomatous_Choristoma,84,review,who,
EYE::Eyelid::Tumor_like::Cyst::Epidermal_Inclusion_Cyst,Eye_Orbit::Eyelid_Cysts::Epidermal_Inclusion_Cyst,81,review,who,
EYE::Eyelid::Tumor_like::Cyst::Intratarsal_Cyst,Eye_Orbit::Eyelid_Cysts::Intratarsal_Cyst,77,rejected,who,
EYE::GENETICS::BAP1_Tumor_Predisposition_Syndrome,Eye_Orbit::Genetics::BAP1_Tumor_Predisposition_Syndrome,94,accepted,who,
EYE::GENETICS::Goldenhar_Syndrome,Eye_Orbit::Genetics::Goldenhar_Syndrome,92,accepted,who,
EYE::GENETICS::Neurofibromatosis_Type_1_NF1,Eye_Orbit::Genetics::Neurofibromatosis_Type_1,89,review,who,
EYE::GENETICS::Retinoblastoma_Syndrome,Eye_Orbit::Genetics::Retinoblastoma_Syndrome,93,accepted,who,
EYE::GENETICS::Von_Hippel_Lindau_Syndrome,Eye_Orbit::Genetics::Von_Hippel_Lindau_Syndrome,93,accepted,who,
EYE::HEME::Histiocytic_Dendritic::Histiocytic::Erdheim_Chester_Disease,Eye_Orbit::Hematolymphoid::Histiocytic_Dendritic::Erdheim_Chester_Disease,78,rejected,who,
EYE::HEME::Histiocytic_Dendritic::Histiocytic::Rosai_Dorfman_Disease,Eye_Orbit::Hematolymphoid::Histiocytic_Dendritic::Rosai_Dorfman_Disease,78,rejected,who,
EYE::HEME::Histiocytic_Dendritic::Langerhans::Xanthelasma,Eye_Orbit::Hematolymphoid::Histiocytic_Dendritic::Xanthelasma,75,rejected,who,
EYE::HEME::Intraocular_Lymphoid::Primary_Choroidal_Lymphoma,Eye_Orbit::Hematolymphoid::Lymphoma::Intraocular::Primary_Choroidal_Lymphoma,73,rejected,who,
EYE::HEME::Myeloid::Extramedullary_Myeloid_Sarcoma,Eye_Orbit::Hematolymphoid::Myeloid::Extramedullary_Myeloid_Sarcoma,84,review,who,
EYE::HEME::OAL::B_Cell_Lymphoma::Mantle_Cell_Lymphoma,Eye_Orbit::Hematolymphoid::Lymphoma::Ocular_Adnexa::B_Cell::Mantle_Cell_Lymphoma,63,rejected,who,
EYE::HEME::OAL::B_Cell_Lymphoma::Plasmacytoma,Eye_Orbit::Hematolymphoid::Lymphoma::Ocular_Adnexa::B_Cell::Plasmacytoma,58,rejected,who,
EYE::HEME::OAL::T_NK_Cell_Lymphoma::CD30_Positive_Lymphoproliferative_Disorders,Eye_Orbit::Hematolymphoid::Lymphoma::Ocular_Adnexa::T_NK::CD30_Positive_Lymphoproliferative_Disorder,69,rejected,who,
EYE::HEME::OAL::T_NK_Cell_Lymphoma::Extranodal_Lymphoma_of_Mature_NK_or_T_cell_Lineage,Eye_Orbit::Hematolymphoid::Lymphoma::Intraocular::Primary_Choroidal_Lymphoma,44,rejected,who,
EYE::HEME::OAL::T_NK_Cell_Lymphoma::T_cell_Lymphomas,Eye_Orbit::Hematolymphoid::Lymphoma::Ocular_Adnexa::T_NK::T_Cell_Lymphoma_NOS,56,rejected,who,
EYE::HEME::Reactive_Lymphoid::Reactive_Lymphoid_Hyperplasia,Eye_Orbit::Hematolymphoid::Reactive::Reactive_Lymphoid_Hyperplasia,78,rejected,who,
EYE::Lacrimal_Drainage::Benign_Premalignant::Papillomas_squamous_and_inverted,Eye_Orbit::Lacrimal_Epithelial::Benign_Premalignant::Papilloma_Inverted,76,rejected,who,
EYE::Lacrimal_Drainage::Malignant::Adenocarcinoma_NOS_of_the_Lacrimal_Drainage_System,Eye_Orbit::Lacrimal_Epithelial::Malignant::Adenocarcinoma_NOS,63,rejected,who,
EYE::Lacrimal_Drainage::Malignant::Lymphoepithelial_Carcinoma,Eye_Orbit::Lacrimal_Epithelial::Malignant::Lymphoepithelial_Carcinoma,83,review,who,
EYE::Lacrimal_Drainage::Malignant::Other_Salivary_Gland_type_Carcinomas_of_the_Lacrimal_Drainage_System,Eye_Orbit::Lacrimal_Epithelial::Malignant::Other_Salivary_Gland_Type_Carcinomas,70,rejected,who,
EYE::Lacrimal_Drainage::Malignant::Squamous_Cell_Carcinoma,Eye_Orbit::Lacrimal_Epithelial::Malignant::Squamous_Cell_Carcinoma,82,review,who,
EYE::Lacrimal_Drainage::Melanocytic::Melanoma_Involving_the_Lacrimal_Drainage_System,Eye_Orbit::Uveal_Tract::Iris::Melanocytic::Iris_Melanoma,49,rejected,who,
EYE::Lacrimal_Gland::Benign_Premalignant::Intraductal_Carcinoma,Eye_Orbit::Lacrimal_Epithelial::Benign_Premalignant::Intraductal_Carcinoma,88,review,who,
EYE::Lacrimal_Gland::Benign_Premalignant::Lacrimal_Gland_Oncocytoma,Eye_Orbit::Lacrimal_Epithelial::Benign_Premalignant::Oncocytoma,75,rejected,who,
EYE::Lacrimal_Gland::Benign_Premalignant::Myoepithelioma,Eye_Orbit::Lacrimal_Epithelial::Benign_Premalignant::Myoepithelioma,86,review,who,
EYE::Lacrimal_Gland::Cyst::Dacryops_Cyst,Eye_Orbit::Lacrimal_Gland::Cysts::Dacryops_Cyst,92,accepted,who,
EYE::Lacrimal_Gland::Malignant::Adenocarcinoma_NOS,Eye_Orbit::Lacrimal_Epithelial::Malignant::Adenocarcinoma_NOS,85,review,who,
EYE::Lacrimal_Gland::Malignant::Adenoid_Cystic_Carcinoma,Eye_Orbit::Lacrimal_Epithelial::Malignant::Adenoid_Cystic_Carcinoma,86,review,who,
EYE::Lacrimal_Gland::Malignant::Carcinoma_ex_Pleomorphic_Adenoma,Eye_Orbit::Lacrimal_Epithelial::Malignant::Carcinoma_Ex_Pleomorphic_Adenoma,88,review,who,
EYE::Lacrimal_Gland::Malignant::Mucoepidermoid_Carcinoma,Eye_Orbit::Lacrimal_Epithelial::Malignant::Mucoepidermoid_Carcinoma,86,review,who,
EYE::Lacrimal_Gland::Malignant::Primary_Ductal_Adenocarcinoma_of_the_Lacrimal_Gland,Eye_Orbit::Lacrimal_Epithelial::Malignant::Primary_Ductal_Adenocarcinoma,75,rejected,who,
EYE::Lacrimal_Gland::Malignant::Secretory_Carcinoma,Eye_Orbit::Lacrimal_Epithelial::Malignant::Secretory_Carcinoma,85,review,who,
EYE::Optic_Nerve::Primary::Malformation::Optic_Nerve_Choristoma,Eye_Orbit::Optic_Disc_Optic_Nerve::Malformation::Optic_Nerve_Choristoma,81,review,who,
EYE::Optic_Nerve::Primary::Melanocytic::Melanocytoma_of_the_Optic_Disc_and_Optic_Nerve,Eye_Orbit::Optic_Disc_Optic_Nerve::Melanocytic_Tumors::Melanocytoma,56,rejected,who,
EYE::Optic_Nerve::Primary::Meningeal::Meningioma_of_the_Optic_Nerve,Eye_Orbit::Bone::Vascular::Angiosarcoma_Of_Bone,49,rejected,who,
EYE::Optic_Nerve::Primary::Pigment_Epithelial::Medulloepithelioma_of_the_Optic_Disc_and_Optic_Nerve,Eye_Orbit::Optic_Disc_Optic_Nerve::Pigment_Epithelial_Tumors::Medulloepithelioma,63,rejected,who,
EYE::Orbit::Choristoma_Malformation::Hamartoma::Orbital_Glial_Heterotopia,Eye_Orbit::Orbit::Hamartoma::Orbital_Glial_Heterotopia,76,rejected,who,
EYE::Orbit::Choristoma_Malformation::Vascular_Malformation::Arteriovenous_Malformation,Eye_Orbit::Orbit::Vascular_Malformations::Arteriovenous_Malformation,79,rejected,who,
EYE::Orbit::Choristoma_Malformation::Vascular_Malformation::Cavernous_Vascular_Malformation,Eye_Orbit::Orbit::Vascular_Malformations::Cavernous_Vascular_Malformation,80,review,who,
EYE::Orbit::Choristoma_Malformation::Vascular_Malformation::Combined_Lymphatic_Venous_Malformation_of_the_Orbit,Eye_Orbit::Orbit::Vascular_Malformations::Combined_Lymphatic_Venous_Malformation,76,rejected,who,
EYE::Orbit::Choristoma_Malformation::Vascular_Malformation::Orbital_Venous_Malformation,Eye_Orbit::Orbit::Vascular_Malformations::Orbital_Venous_Malformation,79,rejected,who,
EYE::Orbit::Germ_Cell::Yolk_Sac_Tumor,Eye_Orbit::Orbit::Germ_Cell_Tumors::Yolk_Sac_Tumor,85,review,who,
EYE::Orbit::Melanocytic::Primary_Orbital_Melanoma,Eye_Orbit::Orbit::Melanocytic_Tumors::Primary_Orbital_Melanoma,88,review,who,
EYE::Retina_Neuro::Iris_Ciliary_Neuro::Reactive_Cystic::Glioneuronal_Hamartoma_of_the_Ciliary_Body,Eye_Orbit::Retina_Neuroepithelium::Iris_Ciliary_Body_Pigment_Epithelium::Reactive_Cystic::Glioneuronal_Hamartoma_Ciliary_Body,80,review,who,
EYE::Retina_Neuro::Iris_Ciliary_Neuro::Reactive_Cystic::Nodular_Hyperplasia_of_the_Ciliary_Epithelium,Eye_Orbit::Retina_Neuroepithelium::Iris_Ciliary_Body_Pigment_Epithelium::Reactive_Cystic::Nodular_Hyperplasia_Ciliary_Epithelium,80,review,who,
EYE::Retina_Neuro::Iris_Ciliary_Neuro::Reactive_Cystic::Reactive_Epithelial_Hyperplasia_of_the_Ciliary_Epithelium,Eye_Orbit::Retina_Neuroepithelium::Iris_Ciliary_Body_Pigment_Epithelium::Reactive_Cystic::Reactive_Epithelial_Hyperplasia_Ciliary_Epithelium,82,review,who,
EYE::Retina_Neuro::Neurosensory_Retina::Benign::Astrocytic_Tumors,Eye_Orbit::Retina_Neuroepithelium::Neurosensory_Retina::Benign::Astrocytic_Tumors,89,review,who,
EYE::Retina_Neuro::Neurosensory_Retina::Benign::Nodular_and_Massive_Retinal_Gliosis,Eye_Orbit::Retina_Neuroepithelium::Neurosensory_Retina::Benign::Nodular_Massive_Retinal_Gliosis,89,review,who,
EYE::Retina_Neuro::RPE::Benign_Malignant::Adenoma_and_Adenocarcinoma_of_the_Retinal_Pigment_Epithelium,Eye_Orbit::Retina_Neuroepithelium::Retinal_Pigment_Epithelium::Neoplastic::Adenocarcinoma_Of_Retinal_Pigment_Epithelium,65,rejected,who,
EYE::Retina_Neuro::RPE::Reactive_Hamartoma::Congenital_Hypertrophy_of_the_Retinal_Pigment_Epithelium,Eye_Orbit::Retina_Neuroepithelium::Retinal_Pigment_Epithelium::Reactive_Hamartomatous::Congenital_Hypertrophy_Of_Retinal_Pigment_Epithelium,80,review,who,
EYE::Retina_Neuro::RPE::Reactive_Hamartoma::Hamartoma_of_the_Retinal_Pigment_Epithelium,Eye_Orbit::Retina_Neuroepithelium::Retinal_Pigment_Epithelium::Reactive_Hamartomatous::Hamartoma_Of_Retinal_Pigment_Epithelium,78,rejected,who,
EYE::Retina_Neuro::RPE::Reactive_Hamartoma::Reactive_Hyperplasia_of_the_Retinal_Pigment_Epithelium,Eye_Orbit::Retina_Neuroepithelium::Retinal_Pigment_Epithelium::Reactive_Hamartomatous::Reactive_Hyperplasia_Of_Retinal_Pigment_Epithelium,80,review,who,
EYE::Soft_Tissue::Adipocytic::Benign_Lipomatous_Tumors,Eye_Orbit::Soft_Tissue::Adipocytic::Benign_Lipomatous_Tumors,95,accepted,who,
EYE::Soft_Tissue::Fibrous::Angiomyxoma,Eye_Orbit::Soft_Tissue::Fibrous_Fibroblastic::Angiomyxoma,80,review,who,
EYE::Soft_Tissue::Fibrous::Conjunctival_Stromal_Tumor_and_Ocular_Surface_Fibroma,Eye_Orbit::Soft_Tissue::Fibrous_Fibroblastic::Conjunctival_Stromal_Tumor_Ocular_Surface_Fibroma,87,review,who,
EYE::Soft_Tissue::Fibrous::Fibrous_Histiocytoma,Eye_Orbit::Soft_Tissue::Fibrous_Fibroblastic::Fibrous_Histiocytoma,83,review,who,
EYE::Soft_Tissue::Fibrous::Inflammatory_Myofibroblastic_Tumor,Eye_Orbit::Soft_Tissue::Fibrous_Fibroblastic::Inflammatory_Myofibroblastic_Tumor,87,review,who,
EYE::Soft_Tissue::Fibrous::Nodular_and_Proliferative_Fasciitis_Proliferative_Myositis,Eye_Orbit::Soft_Tissue::Fibrous_Fibroblastic::Proliferative_Fasciitis,65,rejected,who,
EYE::Soft_Tissue::Fibrous::Solitary_Fibrous_Tumor,Eye_Orbit::Soft_Tissue::Fibrous_Fibroblastic::Solitary_Fibrous_Tumor,84,review,who,
EYE::Soft_Tissue::PNST::Granular_Cell_Tumor,Eye_Orbit::Soft_Tissue::Peripheral_Nerve_Sheath::Granular_Cell_Tumor,77,rejected,who,
EYE::Soft_Tissue::PNST::Malignant_Peripheral_Nerve_Sheath_Tumor,Eye_Orbit::Soft_Tissue::Peripheral_Nerve_Sheath::Malignant_Peripheral_Nerve_Sheath_Tumor,83,review,who,
EYE::Soft_Tissue::PNST::Neurofibroma,Eye_Orbit::Soft_Tissue::Peripheral_Nerve_Sheath::Neurofibroma,74,rejected,who,
EYE::Soft_Tissue::PNST::Solitary_Circumscribed_Neuroma,Eye_Orbit::Soft_Tissue::Peripheral_Nerve_Sheath::Solitary_Circumscribed_Neuroma,81,review,who,
EYE::Soft_Tissue::Perivascular::Glomus_Tumor,Eye_Orbit::Soft_Tissue::Perivascular::Glomus_Tumor,94,accepted,who,
EYE::Soft_Tissue::Perivascular::Myopericytoma_including_Myofibroma,Eye_Orbit::Soft_Tissue::Perivascular::Myopericytoma_Myofibroma,88,review,who,
EYE::Soft_Tissue::Skeletal_Muscle::Rhabdomyosarcoma_Family,Eye_Orbit::Soft_Tissue::Skeletal_Muscle::Rhabdomyosarcoma_Family,95,accepted,who,
EYE::Soft_Tissue::Smooth_Muscle::Leiomyoma,Eye_Orbit::Soft_Tissue::Smooth_Muscle::Leiomyoma,93,accepted,who,
EYE::Soft_Tissue::Smooth_Muscle::Leiomyosarcoma,Eye_Orbit::Soft_Tissue::Smooth_Muscle::Leiomyosarcoma,94,accepted,who,
EYE::Soft_Tissue::Smooth_Muscle::Mesectodermal_Leiomyoma,Eye_Orbit::Soft_Tissue::Smooth_Muscle::Mesectodermal_Leiomyoma,95,accepted,who,
EYE::Soft_Tissue::Uncertain::Alveolar_Soft_Part_Sarcoma,Eye_Orbit::Soft_Tissue::Uncertain_Derivation::Alveolar_Soft_Part_Sarcoma,87,review,who,
EYE::Soft_Tissue::Uncertain::Epithelioid_Sarcoma,Eye_Orbit::Soft_Tissue::Uncertain_Derivation::Epithelioid_Sarcoma,85,review,who,
EYE::Soft_Tissue::Uncertain::PEComa,Eye_Orbit::Soft_Tissue::Uncertain_Derivation::PEComa,80,review,who,
EYE::Soft_Tissue::Uncertain::Synovial_Sarcoma,Eye_Orbit::Soft_Tissue::Uncertain_Derivation::Synovial_Sarcoma,84,review,who,
EYE::Soft_Tissue::Vascular::Angiosarcoma,Eye_Orbit::Soft_Tissue::Vascular::Angiosarcoma,93,accepted,who,
EYE::Soft_Tissue::Vascular::Epithelioid_Hemangioma,Eye_Orbit::Soft_Tissue::Vascular::Epithelioid_Hemangioma,94,accepted,who,
EYE::Soft_Tissue::Vascular::Hemangioblastoma,Eye_Orbit::Soft_Tissue::Vascular::Hemangioblastoma,94,accepted,who,
EYE::Soft_Tissue::Vascular::Infantile_Hemangioma,Eye_Orbit::Soft_Tissue::Vascular::Infantile_Hemangioma,94,accepted,who,
EYE::Soft_Tissue::Vascular::Lobular_Capillary_Hemangioma,Eye_Orbit::Soft_Tissue::Vascular::Lobular_Capillary_Hemangioma,95,accepted,who,
EYE::Soft_Tissue::Vascular::Lymphangiectasia,Eye_Orbit::Soft_Tissue::Vascular::Lymphangiectasia,94,accepted,who,
EYE::Soft_Tissue::Vascular::Masson_Tumor,Eye_Orbit::Soft_Tissue::Vascular::Masson_Tumor,93,accepted,who,
EYE::Uvea::Choroid_Ciliary::Benign_Melanocytic::Uveal_Melanocytoma,Eye_Orbit::Uveal_Tract::Ciliary_Body_Choroid::Benign_Melanocytic::Uveal_Melanocytoma,77,rejected,who,
EYE::Uvea::Iris::Benign_Hamartoma::Ectopic_Tissue,Eye_Orbit::Uveal_Tract::Iris::Benign_Hamartoma::Ectopic_Tissue,88,review,who,
EYE::Uvea::Iris::Benign_Hamartoma::Implantation_Cyst,Eye_Orbit::Uveal_Tract::Iris::Benign_Hamartoma::Implantation_Cyst,89,review,who,
EYE::Uvea::Iris::Benign_Hamartoma::Lisch_Nodule,Eye_Orbit::Uveal_Tract::Iris::Benign_Hamartoma::Lisch_Nodule,88,review,who,
EYE::Uvea::Iris::Benign_Hamartoma::Pigmented_Epithelial_Cyst,Eye_Orbit::Uveal_Tract::Iris::Benign_Hamartoma::Pigmented_Epithelial_Cyst,90,accepted,who,
EYE::Uvea::Iris::Melanocytic::Iris_Nevus,Eye_Orbit::Uveal_Tract::Iris::Melanocytic::Iris_Nevus,86,review,who,
EYE::Uvea::Iris::Melanocytic::Ocular_Melanocytosis,Eye_Orbit::Uveal_Tract::Iris::Melanocytic::Ocular_Melanocytosis,88,review,who,
GENETICS::CELL_CYCLE_APOPTOSIS::FAS_PATHWAY:Autoimmune_Lymphoproliferative_Syndrome_FAS_,Autoimmune_Lymphoproliferative_Syndrome_FAS,66,rejected,who,
GENETICS::CELL_CYCLE_APOPTOSIS::P53_PATHWAY:Li_Fraumeni_Syndrome_TP53_,Appendiceal_Acute_Appendicitis_Suppurative_And_Gangrenous,41,rejected,who,
GENETICS::CELL_CYCLE_APOPTOSIS::RB_PATHWAY:CDK4_Related_Melanoma_Predisposition_Syndrome_CDK4_,BAP1_Related_Tumor_Predisposition_Syndrome_BAP1,54,rejected,who,
GENETICS::CELL_CYCLE_APOPTOSIS::RB_PATHWAY:Multiple_Endocrine_Neoplasia_Type_4_CDKN1B_,Appendiceal_Neuroendocrine_Tumor_Well_Differentiated,36,rejected,who,
GENETICS::DNA_REPAIR_STABILITY::BASE_EXCISION_REPAIR:MBD4_Associated_Neoplasia_Syndrome_MBD4_,BRCA1_BRCA2_Associated_Syndrome,40,rejected,who,
GENETICS::DNA_REPAIR_STABILITY::BASE_EXCISION_REPAIR:MUTYH_Associated_Polyposis_MUTYH_,AXIN2_Associated_Polyposis,39,rejected,who,
GENETICS::DNA_REPAIR_STABILITY::BASE_EXCISION_REPAIR:NTHL1_Related_Tumor_Syndrome_NTHL1_,BAP1_Related_Tumor_Predisposition_Syndrome_BAP1,43,rejected,who,
GENETICS::DNA_REPAIR_STABILITY::CHROMOSOMAL_ANEUPLOIDY:Klinefelter_Syndrome,Antiphospholipid_Antibody_Syndrome,40,rejected,who,
GENETICS::DNA_REPAIR_STABILITY::CHROMOSOMAL_ANEUPLOIDY:Mosaic_Variegated_Aneuploidy_BUB1B_CEP57_TRIP13_BUB1_BUB3_,BST::Bone::Depositional_Metabolic::Metabolic::Common_Metabolic_Bone_Disorders,34,rejected,who,
GENETICS::DNA_REPAIR_STABILITY::CHROMOSOMAL_ANEUPLOIDY:Turner_Syndrome,Antiphospholipid_Antibody_Syndrome,42,rejected,who,
GENETICS::DNA_REPAIR_STABILITY::HELICASES:Bloom_Syndrome_BLM_,Ataxia_Telangiectasia_Syndrome_ATM,46,rejected,who,
GENETICS::DNA_REPAIR_STABILITY::HELICASES:DDX41_Related_Hematologic_Tumor_Predisposition_Syndrome_DDX41_,BAP1_Related_Tumor_Predisposition_Syndrome_BAP1,57,rejected,who,
GENETICS::DNA_REPAIR_STABILITY::HELICASES:Rothmund_Thomson_Syndrome_ANAPC1_RECQL4_,BAP1_Related_Tumor_Predisposition_Syndrome_BAP1,42,rejected,who,
GENETICS::DNA_REPAIR_STABILITY::HELICASES:Werner_Syndrome_WRN_,Ataxia_Telangiectasia_Syndrome_ATM,44,rejected,who,
GENETICS::DNA_REPAIR_STABILITY::HOMOLOGOUS_RECOMBINATION:PALB2_Related_Cancer_Predisposition_Syndrome_PALB2_,BAP1_Related_Tumor_Predisposition_Syndrome_BAP1,49,rejected,who,
GENETICS::DNA_REPAIR_STABILITY::HOMOLOGOUS_RECOMBINATION:RAD51_Related_Cancer_Predisposition_Syndrome_RAD51C_RAD51D_,BAP1_Related_Tumor_Predisposition_Syndrome_BAP1,49,rejected,who,
GENETICS::DNA_REPAIR_STABILITY::NHEJ_REPAIR:Ataxia_Telangiectasia_Syndrome_ATM_,Ataxia_Telangiectasia_Syndrome_ATM,60,rejected,who,
GENETICS::DNA_REPAIR_STABILITY::NHEJ_REPAIR:CHEK2_Related_Hereditary_Breast_Cancer_Predisposition_Syndrome_CHEK2_,BAP1_Related_Tumor_Predisposition_Syndrome_BAP1,48,rejected,who,
GENETICS::DNA_REPAIR_STABILITY::NHEJ_REPAIR:Nijmegen_Breakage_Syndrome_NBN_,Ataxia_Telangiectasia_Syndrome_ATM,39,rejected,who,
GENETICS::DNA_REPAIR_STABILITY::NUCLEOTIDE_EXCISION_REPAIR:Xeroderma_Pigmentosum,BST::Soft_Tissue::Depositional_Metabolic::Deposition::Xanthomas,41,rejected,who,
GENETICS::EPIGENETICS_CHROMATIN::CHROMATIN_REMODELING:Clear_Cell_Meningioma_Predisposition_Syndrome_SMARCE1_,BAP1_Related_Tumor_Predisposition_Syndrome_BAP1,44,rejected,who,
GENETICS::EPIGENETICS_CHROMATIN::CHROMATIN_REMODELING:Schwannomatosis_SMARCB1_LZTR1_,BST::Bone::Osteogenic::Benign::Bone_Island_Enostosis,37,rejected,who,
GENETICS::EPIGENETICS_CHROMATIN::CHROMATIN_REMODELING:Weaver_Syndrome_EZH2_,Ataxia_Telangiectasia_Syndrome_ATM,39,rejected,who,
GENETICS::EPIGENETICS_CHROMATIN::IMPRINTING_DISORDERS:Beckwith_Wiedemann_Spectrum_IGF2_CDKN1C_,BST::Bone::Depositional_Metabolic::Deposition::Crystal_Deposition_Diseases,33,rejected,who,
GENETICS::GROWTH_FACTOR_SIGNALING::GCPR_PATHWAY:Glucagon_Cell_Hyperplasia_and_Neoplasia_GCGR_,Anal_Intraepithelial_Neoplasia_High_Grade_HSIL,40,rejected,who,
GENETICS::GROWTH_FACTOR_SIGNALING::GCPR_PATHWAY:McCune_Albright_Syndrome_GNAS_,Autoimmune_Lymphoproliferative_Syndrome_FAS,38,rejected,who,
GENETICS::GROWTH_FACTOR_SIGNALING::GCPR_PATHWAY:Sturge_Weber_Syndrome_GNAQ_,BST::Bone::Chondrogenic::Malignant::Chondrosarcoma_Grade_2_3,37,rejected,who,
GENETICS::GROWTH_FACTOR_SIGNALING::GF_RECEPTORS:Encephalocraniocutaneous_Lipomatosis_FGFR1_,Acute_Disseminated_Encephalomyelitis,38,rejected,who,
GENETICS::GROWTH_FACTOR_SIGNALING::GF_RECEPTORS:Hereditary_Neuroblastoma_ALK_PHOX2B_,BST::Bone::Hematolymphoid::Malignant::Solitary_Plasmacytoma,41,rejected,who,
GENETICS::GROWTH_FACTOR_SIGNALING::GF_RECEPTORS:Hereditary_Papillary_Renal_Carcinoma_MET_,BST::Bone::Other::Malignant::Metastatic_Carcinoma_Bone,45,rejected,who,
GENETICS::GROWTH_FACTOR_SIGNALING::GF_RECEPTORS:Juvenile_Polyposis_Syndrome_BMPR1A_SMAD4_,BAP1_Related_Tumor_Predisposition_Syndrome_BAP1,38,rejected,who,
GENETICS::GROWTH_FACTOR_SIGNALING::HEDGEHOG_PATHWAY:ELP1_Related_Medulloblastoma_Predisposition_Syndrome_ELP1_,BAP1_Related_Tumor_Predisposition_Syndrome_BAP1,52,rejected,who,
GENETICS::GROWTH_FACTOR_SIGNALING::HEDGEHOG_PATHWAY:Osteochondromatosis_EXT1_EXT2_,BST::Bone::Chondrogenic::Benign::Bizarre_Parosteal_Osteochondromatous_Proliferation,46,rejected,who,
GENETICS::GROWTH_FACTOR_SIGNALING::HEDGEHOG_PATHWAY:SMO_Related_Curry_Jones_Syndrome_SMO_,BAP1_Related_Tumor_Predisposition_Syndrome_BAP1,38,rejected,who,
GENETICS::GROWTH_FACTOR_SIGNALING::MTOR_PI3K_PATHWAY:Activated_Phosphatidylinositol_3_OH_Kinase_delta_Syndrome_APDS_PIK3CD_,Activated_PI3K_Delta_Syndrome_APDS_PIK3CD,50,rejected,who,
GENETICS::GROWTH_FACTOR_SIGNALING::MTOR_PI3K_PATHWAY:PTEN_Hamartoma_Tumor_Syndrome_PTEN_,BST::Bone::Osteogenic::Malignant::Osteosarcoma_Low_Grade_Central,41,rejected,who,
GENETICS::GROWTH_FACTOR_SIGNALING::NF_KB_PATHWAY:Brooke_Spiegler_Syndrome_CYLD_,Anaplastic_Thyroid_Carcinoma_Spindle_Cell,37,rejected,who,
GENETICS::GROWTH_FACTOR_SIGNALING::PKA_PATHWAY:Carney_Complex_PRKAR1A_PDE8B_PDE11A_,BST::Bone::Chondrogenic::Malignant::Chondrosarcoma_Clear_Cell,38,rejected,who,
GENETICS::GROWTH_FACTOR_SIGNALING::PKA_PATHWAY:PROS_Syndrome_PIK3CA_,Activated_PI3K_Delta_Syndrome_APDS_PIK3CD,42,rejected,who,
GENETICS::GROWTH_FACTOR_SIGNALING::RAS_MAPK_PATHWAY:Costello_Syndrome_HRAS_,BST::Bone::Hematolymphoid::Malignant::Plasma_Cell_Myeloma,44,rejected,who,
GENETICS::GROWTH_FACTOR_SIGNALING::RAS_MAPK_PATHWAY:Schimmelpenning_Feuerstein_Mims_HRAS_KRAS_,BST::Bone::Chondrogenic::Malignant::Chondrosarcoma_Periosteal,35,rejected,who,
GENETICS::GROWTH_FACTOR_SIGNALING::TRANSCRIPTION_REGULATORS:Birt_Hogg_Dube_Syndrome_FLCN_,Anal_Intraepithelial_Neoplasia_High_Grade_HSIL,36,rejected,who,
GENETICS::GROWTH_FACTOR_SIGNALING::TRANSCRIPTION_REGULATORS:Familial_Chordoma_TBXT_,BST::Bone::Other::Malignant::Undifferentiated_Pleomorphic_Sarcoma_Bone,41,rejected,who,
GENETICS::GROWTH_FACTOR_SIGNALING::TRANSCRIPTION_REGULATORS:MAFA_Related_Familial_Insulinomatosis_MAFA_,BST::Bone::Hematolymphoid::Malignant::Plasma_Cell_Myeloma,38,rejected,who,
GENETICS::GROWTH_FACTOR_SIGNALING::WNT_TGFBETA_PATHWAY:AXIN2_Associated_Polyposis_AXIN2_,AXIN2_Associated_Polyposis_AXIN2,53,rejected,who,
GENETICS::GROWTH_FACTOR_SIGNALING::WNT_TGFBETA_PATHWAY:Gastric_Adenocarcinoma_and_Proximal_Polyposis_of_Stomach_GAPPS_APC_Promoter,BST::Bone::Other::Malignant::Metastatic_Carcinoma_Bone,38,rejected,who,
GENETICS::GROWTH_FACTOR_SIGNALING::WNT_TGFBETA_PATHWAY:Hereditary_Mixed_Polyposis_Syndrome_GREM1_,BST::Bone::Other::Malignant::Undifferentiated_Pleomorphic_Sarcoma_Bone,42,rejected,who,
GENETICS::GROWTH_FACTOR_SIGNALING::WNT_TGFBETA_PATHWAY:Peutz_Jeghers_Syndrome_STK11_,BST::Bone::Other::Malignant::Metastatic_Carcinoma_Bone,38,rejected,who,
GENETICS::GROWTH_FACTOR_SIGNALING::WNT_TGFBETA_PATHWAY:Serrated_Polyposis_RNF43_,Appendiceal_Sessile_Serrated_Lesion,40,rejected,who,
GENETICS::GROWTH_FACTOR_SIGNALING::WNT_TGFBETA_PATHWAY:WAGR_Syndrome_WT1_,BST::Bone::Other::Malignant::Metastatic_Carcinoma_Bone,41,rejected,who,
GENETICS::GROWTH_FACTOR_SIGNALING::WNT_TGFBETA_PATHWAY:WT1_Related_Tumor_Predisposition_Syndrome_WT1_,BAP1_Related_Tumor_Predisposition_Syndrome_BAP1,58,rejected,who,
GENETICS::METABOLISM_OXIDATIVE_STRESS::ANGIOGENESIS:Von_Hippel_Lindau_Syndrome_VHL_,Ataxia_Telangiectasia_Syndrome_ATM,43,rejected,who,
GENETICS::METABOLISM_OXIDATIVE_STRESS::TOXIC_METABOLITES:Hereditary_Tyrosinemia_Type_1_FAH_,BST::Bone::Depositional_Metabolic::Metabolic::Common_Metabolic_Bone_Disorders,38,rejected,who,
GENETICS::PROTEIN_REGULATION::UBIQUITIN_PATHWAY:BAP1_Related_Tumor_Predisposition_Syndrome_BAP1_,BAP1_Related_Tumor_Predisposition_Syndrome_BAP1,66,rejected,who,
GENETICS::RNA_REGULATION::MICRORNA:MicroRNA_Processor_Tumor_Predisposition_Syndromes_DROSHA_DGCR8_,BAP1_Related_Tumor_Predisposition_Syndrome_BAP1,55,rejected,who,
GENETICS::RNA_REGULATION::RNA_SPLICING:Goldenhar_Syndrome_MYT1_SF3B2_,Ataxia_Telangiectasia_Syndrome_ATM,43,rejected,who,
GENETICS::TELOMERE_MAINTENANCE::TELOMERE_BIOLOGY:Dyskeratosis_Congenita_DKC1_TERT_TERC_TINF2_Other_IBMFS_Genes,BST::Bone::Vascular::Malignant::Epithelioid_Hemangioendothelioma_Bone,39,rejected,who,
GI::Anus::Anal_Neuroendocrine_Neoplasms,GI::Anus::Neoplastic::Neuroendocrine::Anal_Neuroendocrine_Neoplasm,72,rejected,who,
GI::Anus::Benign_Precursors::Anal_Condyloma,GI::Anus::Inflammatory::Infectious::Anal_Infections_Other,56,rejected,who,
GI::Anus::Benign_Precursors::Anal_Squamous_Dysplasia_intraepithelial_neoplasia,GI::Anus::Neoplastic::Squamous::Anal_Squamous_Intraepithelial_Neoplasia,77,rejected,who,
GI::Anus::Benign_Precursors::Inflammatory_Cloacogenic_Polyp,GI::Pancreas::Inflammatory::Pancreatitis::Pancreatic_Pseudocyst,54,rejected,who,
GI::Appendix::Appendiceal_Adenocarcinoma,GI::Appendix::Neoplastic::Adenocarcinoma::Appendiceal_Goblet_Cell_Adenocarcinoma,67,rejected,who,
GI::Appendix::Appendiceal_Goblet_Cell_Adenocarcinoma,GI::Appendix::Neoplastic::Adenocarcinoma::Appendiceal_Goblet_Cell_Adenocarcinoma,79,rejected,who,
GI::Appendix::Appendiceal_Mucinous_Neoplasm,GI::Appendix::Neoplastic::Mucinous::Appendiceal_Mucinous_Neoplasm_Overview,74,rejected,who,
GI::Appendix::Appendiceal_Serrated_Lesions_and_Polyps,GI::Appendix::Neoplastic::Polyp::Appendiceal_Sessile_Serrated_Lesion,68,rejected,who,
GI::Esophagus::Benign_Precursors::Esophageal_Squamous_Dysplasia,GI::Esophagus::Neoplastic::Squamous::Esophageal_Squamous_Dysplasia,81,review,who,
GI::Esophagus::Benign_Precursors::Esophageal_Squamous_Papilloma,GI::Esophagus::Neoplastic::Squamous::Esophageal_Squamous_Papilloma,81,review,who,
GI::Esophagus::Esophageal_Adenoid_Cystic_Carcinoma,GI::Esophagus::Neoplastic::Salivary_Type::Esophageal_Adenoid_Cystic_Carcinoma,79,rejected,who,
GI::Esophagus::Esophageal_Adenosquamous_and_Mucoepidermoid_Carcinomas,GI::Esophagus::Neoplastic::Salivary_Type::Esophageal_Mucoepidermoid_Carcinoma,68,rejected,who,
GI::Esophagus::Esophageal_Neuroendocrine_Neoplasms,GI::Anus::Neoplastic::Neuroendocrine::Anal_Neuroendocrine_Neoplasm,69,rejected,who,
GI::Esophagus::Esophageal_Undifferentiated_Carcinoma,GI::Esophagus::Neoplastic::Carcinoma::Esophageal_Undifferentiated_Carcinoma,82,review,who,
GI::GENETICS::Syndromes::Cowden_Syndrome,GI::Syndrome::Polyposis::Hamartomatous::Juvenile_Polyposis_Syndrome,50,rejected,who,
GI::GENETICS::Syndromes::Familial_Pancreatic_Cancer,GI::Syndrome::Cancer_Predisposition::Hereditary_Pancreatic::Hereditary_Familial_Pancreatic_Cancer,54,rejected,who,
GI::GENETICS::Syndromes::GAPPS_and_Other_Fundic_Gland_Polyposes,GI::Stomach::Polyp::Epithelial::Gastric_Fundic_Gland_Polyp,60,rejected,who,
GI::GENETICS::Syndromes::Other_Adenomatous_Polyposes,GI::Syndrome::Polyposis::Adenomatous::Familial_Adenomatous_Polyposis_APC,61,rejected,who,
GI::GENETICS::Syndromes::Peutz_Jeghers_Syndrome,GI::General::Neoplastic::Neuroendocrine::Paraganglioma,48,rejected,who,
GI::Gallbladder_Bile_Ducts::Benign_Precursors::Pyloric_Gland_Adenoma_of_the_Gallbladder,GI::Pancreas::Neoplastic::Precursor::PanIN_Pancreatic_Intraepithelial_Neoplasia,43,rejected,who,
GI::HEME::Common_Hema::Extranodal_NK_T_Cell_Lymphoma,GI::Hematolymphoid::T_Cell_Lymphoma::Intestinal_T_Cell_Lymphoma_NOS,61,rejected,who,
GI::HEME::Common_Hema::Follicular_Dendritic_Cell_Sarcoma,GI::Mesenchymal::Miscellaneous::EBV_Positive_Inflammatory_Follicular_Dendritic_Cell_Sarcoma_Digestive_Tract,58,rejected,who,
GI::HEME::Common_Hema::Follicular_Lymphoma,GI::Hematolymphoid::B_Cell_Lymphoma::Follicular_Lymphoma,69,rejected,who,
GI::HEME::Common_Hema::Histiocytic_Sarcoma,GI::Mesenchymal::Adipocytic::Liposarcoma,56,rejected,who,
GI::HEME::Common_Hema::Langerhans_Cell_Histiocytosis,GI::Mesenchymal::Neural::Ganglioneuromatosis,50,rejected,who,
GI::HEME::Common_Hema::Mantle_Cell_Lymphoma,GI::Hematolymphoid::B_Cell_Lymphoma::Burkitt_Lymphoma,48,rejected,who,
GI::HEME::Common_Hema::Plasmablastic_Lymphoma,GI::Small_Intestine::Congenital_Structural::Malformation::Small_Intestinal_Lymphangioma,48,rejected,who,
GI::HEME::Common_Hema::Posttransplant_Lymphoproliferative_Disorders,GI::Hematolymphoid::T_Cell_Lymphoma::Indolent_NK_Cell_Lymphoproliferative_Disorder_GI_Tract,61,rejected,who,
GI::HEME::Site_Specific_Hema::Duodenal_Type_Follicular_Lymphoma,GI::Hematolymphoid::B_Cell_Lymphoma::Follicular_Lymphoma,61,rejected,who,
GI::HEME::Site_Specific_Hema::EBV_inflammatory_follicular_dendritic_cell_sarcoma_of_the_digestive_tract,GI::Mesenchymal::Miscellaneous::EBV_Positive_Inflammatory_Follicular_Dendritic_Cell_Sarcoma_Digestive_Tract,75,rejected,who,
GI::HEME::Site_Specific_Hema::Hepatosplenic_T_Cell_Lymphoma,GI::Hematolymphoid::T_Cell_Lymphoma::Indolent_T_Cell_Lymphoma_GI_Tract,59,rejected,who,
GI::HEME::Site_Specific_Hema::Indolent_T_Cell_Lymphoproliferative_Disorder_of_the_GI_Tract,GI::Hematolymphoid::T_Cell_Lymphoma::Indolent_NK_Cell_Lymphoproliferative_Disorder_GI_Tract,77,rejected,who,
GI::HEME::Site_Specific_Hema::Intestinal_T_Cell_Lymphoma_NOS,GI::Hematolymphoid::T_Cell_Lymphoma::Intestinal_T_Cell_Lymphoma_NOS,76,rejected,who,
GI::HEME::Site_Specific_Hema::Monomorphic_Epitheliotropic_Intestinal_T_Cell_Lymphoma,GI::Hematolymphoid::T_Cell_Lymphoma::Intestinal_T_Cell_Lymphoma_NOS,58,rejected,who,
GI::Hepatobiliary::Benign_Biliary_Precursors::Bile_Duct_Adenoma,GI::Liver::Neoplastic::Benign_Biliary::Bile_Duct_Adenoma,71,rejected,who,
GI::Hepatobiliary::Benign_Biliary_Precursors::Biliary_Adenofibroma,GI::Liver::Neoplastic::Benign_Biliary::Biliary_Adenofibroma,72,rejected,who,
GI::Hepatobiliary::Benign_Hepatocellular::Focal_Nodular_Hyperplasia_of_the_Liver,GI::Liver::Neoplastic::Benign_Hepatocellular::Focal_Nodular_Hyperplasia,75,rejected,who,
GI::Hepatobiliary::Malignant_Biliary::Hepatic_Neuroendocrine_Neoplasms,GI::Liver::Neoplastic::Neuroendocrine::Hepatic_Neuroendocrine_Neoplasm,67,rejected,who,
GI::Mesenchymal::Fibroblastic_Adipose::Desmoid_Fibromatosis,GI::Mesenchymal::Miscellaneous::Desmoid_Fibromatosis,77,rejected,who,
GI::Mesenchymal::Fibroblastic_Adipose::Inflammatory_Fibroid_Polyp,GI::Stomach::Polyp::Reactive::Gastric_Inflammatory_Fibroid_Polyp_Vanek,62,rejected,who,
GI::Mesenchymal::Fibroblastic_Adipose::Inflammatory_Myofibroblastic_Tumor,GI::Mesenchymal::Miscellaneous::EBV_Positive_Inflammatory_Follicular_Dendritic_Cell_Sarcoma_Digestive_Tract,54,rejected,who,
GI::Mesenchymal::Fibroblastic_Adipose::Lipoma,GI::Mesenchymal::Adipocytic::Lipoma,75,rejected,who,
GI::Mesenchymal::Fibroblastic_Adipose::Plexiform_Fibromyxoma,GI::Stomach::Neoplastic::Mesenchymal::Gastric_Plexiform_Fibromyxoma,69,rejected,who,
GI::Mesenchymal::Fibroblastic_Adipose::Solitary_Fibrous_Tumor,GI::Mesenchymal::Miscellaneous::Calcifying_Fibrous_Tumor,68,rejected,who,
GI::Mesenchymal::Muscle::Leiomyoma,GI::Mesenchymal::Uncertain::PEComa,76,rejected,who,
GI::Mesenchymal::Muscle::Leiomyosarcoma,GI::Mesenchymal::Skeletal_Muscle::Rhabdomyosarcoma,81,review,who,
GI::Mesenchymal::Muscle::Rhabdomyosarcoma,GI::Mesenchymal::Skeletal_Muscle::Rhabdomyosarcoma,90,accepted,who,
GI::Mesenchymal::Neural::Ganglioneuroma_and_Ganglioneuromatosis,GI::Mesenchymal::Neural::Ganglioneuromatosis,82,review,who,
GI::Mesenchymal::Neural::Granular_Cell_Tumor,GI::Mesenchymal::Neural::Ganglioneuromatosis,73,rejected,who,
GI::Mesenchymal::Neural::Perineurioma,GI::Mesenchymal::Neural::Perineurioma,100,accepted,who,
GI::Mesenchymal::Neural::Schwannoma,GI::Mesenchymal::Neural::Schwannoma,100,accepted,who,
GI::Mesenchymal::Uncertain_Diff::Calcifying_Nested_Stromal_Epithelial_Tumor_of_the_Liver,GI::Liver::Neoplastic::Mixed::Calcifying_Nested_Stromal_Epithelial_Tumor,69,rejected,who,
GI::Mesenchymal::Uncertain_Diff::Embryonal_Sarcoma_of_the_Liver,GI::Mesenchymal::Uncertain::PEComa,68,rejected,who,
GI::Mesenchymal::Uncertain_Diff::Gastrointestinal_Clear_Cell_Sarcoma_Malignant_Gastrointestinal_Neuroectodermal_Tumor,GI::Small_Intestine::Neoplastic::Mesenchymal::Small_Intestinal_Clear_Cell_Sarcoma_Like_Tumor,56,rejected,who,
GI::Mesenchymal::Uncertain_Diff::Mesenchymal_Hamartoma_of_the_Liver,GI::Mesenchymal::Uncertain::PEComa,65,rejected,who,
GI::Mesenchymal::Uncertain_Diff::PEComa_including_Angiomyolipoma,GI::Mesenchymal::Uncertain::PEComa,69,rejected,who,
GI::Mesenchymal::Uncertain_Diff::Synovial_Sarcoma,GI::Mesenchymal::Miscellaneous::Synovial_Sarcoma,80,review,who,
GI::Mesenchymal::Vascular_Perivascular::Angiosarcoma,GI::Mesenchymal::Vascular::Angiosarcoma,86,review,who,
GI::Mesenchymal::Vascular_Perivascular::Epithelioid_Hemangioendothelioma_prev_Vascular_Tumors_in_Liver,GI::Mesenchymal::Vascular::Epithelioid_Hemangioendothelioma,73,rejected,who,
GI::Mesenchymal::Vascular_Perivascular::Glomus_Tumor,GI::Mesenchymal::Vascular::Benign_Vascular_Anomalies_And_Vascular_Tumors,69,rejected,who,
GI::Mesenchymal::Vascular_Perivascular::Kaposi_Sarcoma,GI::Mesenchymal::Vascular::Kaposi_Sarcoma,86,review,who,
GI::Mesenchymal::Vascular_Perivascular::Lymphangioma_and_Lymphangiomatosis,GI::Mesenchymal::Vascular::Benign_Vascular_Anomalies_And_Vascular_Tumors,66,rejected,who,
GI::Other::Germ_Cell_Tumors_of_the_Digestive_System,GI::General::Neoplastic::Germ_Cell::Germ_Cell_Tumors_Digestive_System,68,rejected,who,
GI::Other::Mucosal_Melanoma_of_the_Digestive_System,GI::General::Neoplastic::Melanocytic::Mucosal_Melanoma_Digestive_System,67,rejected,who,
GI::Pancreas::Benign_Precursors::Acinar_Cystic_Transformation_of_the_Pancreas,GI::Pancreas::Neoplastic::Neuroendocrine::Pancreatic_NET::Gastrinoma,50,rejected,who,
GI::Pancreas::Benign_Precursors::Pancreatic_Intraductal_Oncocytic_Papillary_Neoplasm,GI::Pancreas::Neoplastic::Cystic::Pancreatic_Intraductal_Oncocytic_Papillary_Neoplasm_IOPN,82,review,who,
GI::Pancreas::Benign_Precursors::Pancreatic_Intraductal_Tubulopapillary_Neoplasm,GI::Pancreas::Neoplastic::Cystic::Pancreatic_Intraductal_Tubulopapillary_Neoplasm_ITPN,81,review,who,
GI::Pancreas::PanNEN::Functioning_PanNEN::ACTH_Producing_Neuroendocrine_Tumor,GI::Anus::Neoplastic::Neuroendocrine::Anal_Neuroendocrine_Neoplasm,56,rejected,who,
GI::Pancreas::PanNEN::Functioning_PanNEN::Gastrinoma,GI::Pancreas::Neoplastic::Neuroendocrine::Pancreatic_NET::Nonfunctioning_Pancreatic_NET,56,rejected,who,
GI::Pancreas::PanNEN::Functioning_PanNEN::Glucagonoma,GI::Pancreas::Neoplastic::Neuroendocrine::Pancreatic_NET::Glucagonoma,54,rejected,who,
GI::Pancreas::PanNEN::Functioning_PanNEN::Insulinoma,GI::Pancreas::Neoplastic::Neuroendocrine::Pancreatic_NET::Nonfunctioning_Pancreatic_NET,55,rejected,who,
GI::Pancreas::PanNEN::Functioning_PanNEN::Serotonin_Producing_Neuroendocrine_Tumor,GI::Pancreas::Neoplastic::Neuroendocrine::Pancreatic_NET::Serotonin_Producing_NET,55,rejected,who,
GI::Pancreas::PanNEN::Functioning_PanNEN::Somatostatinoma,GI::Pancreas::Neoplastic::Neuroendocrine::Pancreatic_NET::Nonfunctioning_Pancreatic_NET,57,rejected,who,
GI::Pancreas::PanNEN::Functioning_PanNEN::VIPoma,GI::Pancreas::Neoplastic::Neuroendocrine::Pancreatic_NET::Nonfunctioning_Pancreatic_NET,56,rejected,who,
GI::Pancreas::PanNEN::Pancreatic_MiNENs,GI::Pancreas::Inflammatory::Pancreatitis::Pancreatic_Pseudocyst,65,rejected,who,
GI::Pancreas::Pancreatic_Neuroendocrine_Neoplasms_Introduction,GI::Pancreas::Neoplastic::Neuroendocrine::Pancreatic_Neuroendocrine_Carcinoma,63,rejected,who,
GI::Small_Intestine_Ampulla::Benign_Precursors::Non_Ampullary_Adenoma,GI::Small_Intestine::Neoplastic::Adenoma::Duodenal_Non_Ampullary_Adenoma,68,rejected,who,
GI::Stomach::Benign_Precursors::Foveolar_Type_Adenoma,GI::Stomach::Polyp::Adenoma::Gastric_Foveolar_Adenoma,64,rejected,who,
GI::Stomach::Benign_Precursors::Fundic_Gland_Polyps,GI::Stomach::Polyp::Epithelial::Gastric_Fundic_Gland_Polyp,64,rejected,who,
GI::Stomach::Benign_Precursors::Gastric_Hyperplastic_Polyps,GI::Stomach::Polyp::Epithelial::Gastric_Hyperplastic_Polyp,75,rejected,who,
GI::Stomach::Benign_Precursors::Gastric_Pyloric_Gland_Adenoma,GI::Stomach::Polyp::Adenoma::Gastric_Pyloric_Gland_Adenoma,79,rejected,who,
GI::Stomach::Benign_Precursors::Intestinal_Type_Gastric_Adenoma,GI::Stomach::Polyp::Adenoma::Gastric_Intestinal_Type_Adenoma,67,rejected,who,
GI::Stomach::Benign_Precursors::Oxyntic_Gland_Adenoma,GI::Stomach::Polyp::Adenoma::Gastric_Oxyntic_Gland_Adenoma,70,rejected,who,
GI::Stomach::Gastric_Adenosquamous_Carcinoma,GI::Stomach::Neoplastic::Carcinoma::Gastric_Adenosquamous_Carcinoma,79,rejected,who,
GI::Stomach::Gastric_Squamous_Cell_Carcinoma,GI::Stomach::Neoplastic::Carcinoma::Gastric_Squamous_Cell_Carcinoma,79,rejected,who,
GI::Stomach::Gastric_Undifferentiated_Carcinoma,GI::Stomach::Neoplastic::Carcinoma::Gastric_Undifferentiated_Carcinoma,80,review,who,
GI::Stomach::Gastroblastoma,GI::Stomach::Neoplastic::Adenocarcinoma::Gastric_Gastroblastoma,60,rejected,who,
GU::HEME::B_Cell_Lymphoma::Diffuse_Large_B_Cell_Lymphoma,GU::Testis::Heme::Diffuse_Large_B_Cell_Lymphoma,76,rejected,who,
GU::HEME::B_Cell_Lymphoma::Extranodal_Marginal_Zone_Lymphoma_of_MALT,GU::Testis::Heme::Extranodal_Marginal_Zone_Lymphoma_of_MALT,80,review,who,
GU::HEME::B_Cell_Lymphoma::Plasmacytoma,GU::Testis::Heme::Plasmacytoma,64,rejected,who,
GU::HEME::Histiocytic::Juvenile_Xanthogranuloma,GU::Testis::Heme::Juvenile_Xanthogranuloma,76,rejected,who,
GU::Kidney::Embryonal::Clear_Cell_Sarcoma,GU::Kidney::Renal_cell::Clear_Cell_RCC,78,rejected,who,
GU::Kidney::Embryonal::Congenital_Mesoblastic_Nephroma,GU::Kidney::Nephroblastic_Nephrogenic::Congenital_Mesoblastic_Nephroma,81,review,who,
GU::Kidney::Embryonal::Cystic_Partially_Differentiated_Nephroblastoma,GU::Kidney::Nephroblastic_Nephrogenic::Cystic_Partially_Differentiated_Nephroblastoma,84,review,who,
GU::Kidney::Embryonal::Germ_Cell_Tumors,GU::Kidney::Other::Germ_Cell_Tumors_of_the_Kidney,73,rejected,who,
GU::Kidney::Embryonal::Nephrogenic_Rests,GU::Kidney::Nephroblastic_Nephrogenic::Nephrogenic_Rests,75,rejected,who,
GU::Kidney::Embryonal::Rhabdoid_Tumor,GU::Kidney::Other::Rhabdoid_Tumor_of_the_Kidney,71,rejected,who,
GU::Kidney::Mesenchymal_Stromal::Epithelioid_Angiomyolipoma_PEComa,GU::Kidney::Mesenchymal::Epithelioid_Angiomyolipoma,87,review,who,
GU::Kidney::Mesenchymal_Stromal::Juxtaglomerular_Cell_Tumor,GU::Kidney::Mesenchymal::Juxtaglomerular_Cell_Tumor,93,accepted,who,
GU::Kidney::Mesenchymal_Stromal::Metanephric_Adenofibroma,GU::Kidney::Metanephric::Metanephric_Adenofibroma,79,rejected,who,
GU::Kidney::Mesenchymal_Stromal::Metanephric_Stromal_Tumor,GU::Kidney::Metanephric::Metanephric_Stromal_Tumor,80,review,who,
GU::Kidney::Mesenchymal_Stromal::Mixed_Epithelial_Stromal_Tumor,GU::Kidney::Metanephric::Mixed_Epithelial_and_Stromal_Tumor,79,rejected,who,
GU::Kidney::Mesenchymal_Stromal::Ossifying_Renal_Tumor_of_Infancy,GU::Kidney::Other::Ossifying_Renal_Tumor_of_Infancy,83,review,who,
GU::Kidney::Mesenchymal_Stromal::Pediatric_Cystic_Nephroma,GU::Kidney::Metanephric::Cystic_Nephroma,69,rejected,who,
GU::Kidney::Mesenchymal_Stromal::Renal_Hemangioblastoma,GU::Kidney::Mesenchymal::Renal_Hemangioblastoma,92,accepted,who,
GU::Kidney::Mesenchymal_Stromal::Renomedullary_Interstitial_Cell_Tumor,GU::Kidney::Mesenchymal::Renomedullary_Interstitial_Cell_Tumor,94,accepted,who,
GU::Kidney::RCC_Molecular::ALK_rearranged_RCC,GU::Kidney::Renal_cell::ALK_Rearranged_Renal_Cell_Carcinoma,69,rejected,who,
GU::Kidney::RCC_Molecular::ELOC_Mutated_RCC,GU::Kidney::Renal_cell::ELOC_TCEB1_Mutated_Renal_Cell_Carcinoma,64,rejected,who,
GU::Kidney::RCC_Molecular::Fumarate_Hydratase_Deficient_RCC,GU::Kidney::Renal_cell::Fumarate_Hydratase_Deficient_Renal_Cell_Carcinoma,76,rejected,who,
GU::Kidney::RCC_Molecular::Succinate_Dehydrogenase_Deficient_RCC,GU::Syndromes::Succinate_Dehydrogenase_Deficient_Tumor_Syndromes,67,rejected,who,
GU::Kidney::RCC_Molecular::TFE3_rearranged_RCC,GU::Kidney::Renal_cell::ALK_Rearranged_Renal_Cell_Carcinoma,63,rejected,who,
GU::Kidney::RCC_Molecular::TFEB_altered_RCC,GU::Kidney::Renal_cell::Tubulocystic_RCC,63,rejected,who,
GU::Kidney::RCC_Other::Acquired_Cystic_Disease_Associated_RCC,GU::Kidney::Renal_cell::Acquired_Cystic_Disease_Associated_RCC,89,review,who,
GU::Kidney::RCC_Other::Chromophobe_Renal_Cell_Carcinoma,GU::Kidney::Renal_cell::Chromophobe_Renal_Cell_Carcinoma,88,review,who,
GU::Kidney::RCC_Other::Clear_Cell_Papillary_Renal_Cell_Tumor,GU::Kidney::Renal_cell::Clear_Cell_Papillary_Renal_Cell_Tumor,89,review,who,
GU::Kidney::RCC_Other::Collecting_Duct_Carcinoma,GU::Kidney::Renal_cell::Collecting_Duct_Carcinoma,87,review,who,
GU::Kidney::RCC_Other::Eosinophilic_Solid_and_Cystic_RCC,GU::Kidney::Renal_cell::Eosinophilic_Solid_and_Cystic_RCC,88,review,who,
GU::Kidney::RCC_Other::Mucinous_Tubular_and_Spindle_Cell_Carcinoma,GU::Kidney::Renal_cell::Mucinous_Tubular_and_Spindle_Cell_Carcinoma,90,accepted,who,
GU::Kidney::RCC_Other::Multilocular_Cystic_Renal_Neoplasm_of_LMP,GU::Kidney::Renal_cell::Multilocular_Cystic_Renal_Neoplasm_of_Low_Malignant_Potential,78,rejected,who,
GU::Kidney::RCC_Other::Oncocytoma_of_the_Kidney,GU::Kidney::Renal_cell::Oncocytoma_of_the_Kidney,86,review,who,
GU::Kidney::RCC_Other::Other_Oncocytic_Tumors,GU::Kidney::Renal_cell::Other_Oncocytic_Tumors_of_the_Kidney,74,rejected,who,
GU::Kidney::RCC_Other::Papillary_Renal_Cell_Carcinoma,GU::Kidney::Renal_cell::ALK_Rearranged_Renal_Cell_Carcinoma,75,rejected,who,
GU::Kidney::RCC_Other::Renal_Cell_Carcinoma_NOS,GU::Kidney::Renal_cell::Renal_Cell_Carcinoma_NOS,86,review,who,
GU::Kidney::RCC_Other::Renal_Papillary_Adenoma,GU::Kidney::Renal_cell::Renal_Papillary_Adenoma,86,review,who,
GU::Kidney::RCC_Other::Tubulocystic_RCC,GU::Kidney::Renal_cell::Tubulocystic_RCC,84,review,who,
GU::Melanocytic::Mucosal_Melanoma,GU::Other::Melanocytic_Neoplasms::Mucosal_Melanoma,80,review,who,
GU::Metastases::Kidney,GU::Kidney::Other::Metastasis_to_the_Kidney,58,rejected,who,
GU::Metastases::Testis_Paratestis,GU::Testis::Metastatic::Metastasis_to_Testis_and_Paratestis,65,rejected,who,
GU::Metastases::Urinary_Tract,GU::Bladder::Other::Metastasis_to_the_Urinary_Tract,65,rejected,who,
GU::Neuroendocrine::Large_Cell_Carcinoma,GU::Bladder::Neuroendocrine::Small_Cell_Neuroendocrine_Carcinoma,69,rejected,who,
GU::Neuroendocrine::Mixed_Neoplasm,GU::Testis::Neuroendocrine::Carcinoid_Tumor,62,rejected,who,
GU::Neuroendocrine::Small_Cell_Carcinoma,GU::Bladder::Neuroendocrine::Small_Cell_Neuroendocrine_Carcinoma,77,rejected,who,
GU::Neuroendocrine::WD_Neuroendocrine_Tumor,GU::Bladder::Neuroendocrine::Well_Differentiated_Neuroendocrine_Tumor,77,rejected,who,
GU::Penis_Scrotum::Invasive_Epithelial::Penile_Adenosquamous_and_Mucoepidermoid_Carcinomas,GU::Bladder::Urothelial::Invasive_Urothelial_Carcinoma,50,rejected,who,
GU::Penis_Scrotum::Invasive_Epithelial::Squamous_Cell_Carcinoma_NOS,GU::Penis::Squamous_Neoplasms::Papillary_Squamous_Cell_Carcinoma,63,rejected,who,
GU::Penis_Scrotum::Precursor_HPV_Assoc::Condyloma_Acuminatum,GU::Penis::Precursor_Lesions::Bowenoid_Papulosis,57,rejected,who,
GU::Penis_Scrotum::Precursor_HPV_Assoc::PIN_HPV_Associated,GU::Penis::Precursor_Lesions::Penile_Intraepithelial_Neoplasia_PeIN,56,rejected,who,
GU::Penis_Scrotum::Precursor_HPV_Indep::Differentiated_PIN_HPV_Independent,GU::Penis::Precursor_Lesions::Bowenoid_Papulosis,52,rejected,who,
GU::Penis_Scrotum::Scrotal_Skin_Adnexa::Basal_Cell_Carcinoma_of_the_Scrotum,GU::Prostate::Squamous_Neoplasms::Squamous_Cell_Carcinoma_of_the_Prostate,62,rejected,who,
GU::Penis_Scrotum::Scrotal_Skin_Adnexa::Extramammary_Paget_Disease,GU::Penis::Other::Extramammary_Paget_Disease,73,rejected,who,
GU::Prostate::Adenoid_Cystic_Carcinoma,GU::Prostate::Squamous_Neoplasms::Adenoid_Cystic_Carcinoma_of_the_Prostate,68,rejected,who,
GU::Prostate::Adenosquamous_Carcinoma,GU::Prostate::Basal_Cell_Neoplasms::Basal_Cell_Carcinoma,67,rejected,who,
GU::Prostate::High_Grade_PIN,GU::Prostate::Benign::Adenosis,69,rejected,who,
GU::Prostate::Prostatic_Cystadenoma,GU::Prostate::Glandular_neoplasms::Prostatic_Cystadenoma,77,rejected,who,
GU::Prostate::Squamous_Cell_Carcinoma,GU::Prostate::Basal_Cell_Neoplasms::Basal_Cell_Carcinoma,71,rejected,who,
GU::Prostate::Stromal::Prostatic_Stromal_Sarcoma,GU::Prostate::Squamous_Neoplasms::Prostatic_Stromal_Sarcoma,82,review,who,
GU::Prostate::Stromal::Prostatic_Stromal_Tumor_of_UMP,GU::Prostate::Other::Prostatic_Urethral_Polyp,71,rejected,who,
GU::Prostate::Treatment_Related_Neuroendocrine_Carcinoma,GU::Prostate::Glandular_neoplasms::Treatment_Related_Neuroendocrine_Prostate_Cancer,72,rejected,who,
GU::Seminal_Vesicle::Adenocarcinoma,GU::Seminal_Vesicle::Adenocarcinoma_of_the_Seminal_Vesicle,75,rejected,who,
GU::Seminal_Vesicle::Cystadenoma,GU::Seminal_Vesicle::Cystadenoma_of_the_Seminal_Vesicle,74,rejected,who,
GU::Seminal_Vesicle::Mixed_Epithelial_Stromal_Tumor,GU::Seminal_Vesicle::Mixed_Epithelial_and_Stromal_Tumor_of_the_Seminal_Vesicle,79,rejected,who,
GU::Seminal_Vesicle::Squamous_Cell_Carcinoma,GU::Seminal_Vesicle::Squamous_Cell_Carcinoma_of_the_Seminal_Vesicle,79,rejected,who,
GU::Soft_Tissue::Fibroblastic_MyoF::Angiofibroma_Family,GU::Testis::Non_Neoplastic::Granulomatous_Orchitis,50,rejected,who,
GU::Soft_Tissue::Fibroblastic_MyoF::Inflammatory_Myofibroblastic_Tumor,GU::Bladder::Mesenchymal::Inflammatory_Myofibroblastic_Tumor,71,rejected,who,
GU::Soft_Tissue::Fibroblastic_MyoF::Solitary_Fibrous_Tumor,GU::Bladder::Mesenchymal::Solitary_Fibrous_Tumor,64,rejected,who,
GU::Soft_Tissue::Muscle::Leiomyoma,GU::Prostate::Mesenchymal::Leiomyosarcoma,67,rejected,who,
GU::Soft_Tissue::Muscle::Leiomyosarcoma,GU::Prostate::Mesenchymal::Leiomyosarcoma,75,rejected,who,
GU::Soft_Tissue::Muscle::Rhabdomyosarcoma,GU::Testis::Paratesticular::Rhabdomyosarcoma,71,rejected,who,
GU::Soft_Tissue::Perivascular::Extrarenal_PEComa,GU::Testis::Paratesticular::Liposarcoma,60,rejected,who,
GU::Soft_Tissue::Perivascular::Glomus_Tumor,GU::Testis::Paratesticular::Adenomatoid_Tumor,64,rejected,who,
GU::Soft_Tissue::Perivascular::Myointimoma,GU::Penis::Mesenchymal::Myointimoma,62,rejected,who,
GU::Soft_Tissue::Perivascular::Myopericytoma,GU::Testis::Paratesticular::Rhabdomyosarcoma,64,rejected,who,
GU::Soft_Tissue::Uncertain::Desmoplastic_Small_Round_Cell_Tumor,GU::Testis::Sex_Cord_Stromal_Tumors::Leydig_Cell_Tumor,53,rejected,who,
GU::Soft_Tissue::Uncertain::Extrarenal_Rhabdoid_Tumor,GU::Testis::Paratesticular::Adenomatoid_Tumor,55,rejected,who,
GU::Soft_Tissue::Uncertain::Synovial_Sarcoma,GU::Kidney::Mesenchymal::Synovial_Sarcoma,68,rejected,who,
GU::Soft_Tissue::Vascular::Angiosarcoma,GU::Testis::Paratesticular::Liposarcoma,72,rejected,who,
GU::Soft_Tissue::Vascular::Hemangioma,GU::Testis::Paratesticular::Rhabdomyosarcoma,62,rejected,who,
GU::Syndromes::BAP1_Syndrome,GU::Syndromes::Peutz_Jeghers_Syndrome,77,rejected,who,
GU::Syndromes::Carney_Complex,GU::Syndromes::Carney_Complex,100,accepted,who,
GU::Syndromes::Hereditary_PGL_PCC_Syndromes,GU::Syndromes::Hereditary_Papillary_Renal_Carcinoma,72,rejected,who,
GU::Syndromes::Hereditary_Papillary_Renal_Carcinoma,GU::Syndromes::Hereditary_Papillary_Renal_Carcinoma,100,accepted,who,
GU::Syndromes::Hereditary_Recombination_Syndromes,GU::Syndromes::Hereditary_Pheochromocytoma_Paraganglioma_Syndromes,73,rejected,who,
GU::Syndromes::Lynch_Syndrome,GU::Syndromes::Peutz_Jeghers_Syndrome,76,rejected,who,
GU::Syndromes::Peutz_Jeghers_Syndrome,GU::Syndromes::Peutz_Jeghers_Syndrome,100,accepted,who,
GU::Syndromes::Tuberous_Sclerosis,GU::Syndromes::Tuberous_Sclerosis,100,accepted,who,
GU::Syndromes::Von_Hippel_Lindau_Syndrome,GU::Syndromes::Von_Hippel_Lindau_Syndrome,100,accepted,who,
GU::Testis::Germ_Cell::Cystic_Trophoblastic_Tumor,GU::Testis::Germ_Cell_Tumors::Cystic_Trophoblastic_Tumor,93,accepted,who,
GU::Testis::Germ_Cell::Epithelioid_Trophoblastic_Tumor,GU::Testis::Germ_Cell_Tumors::Epithelioid_Trophoblastic_Tumor,94,accepted,who,
GU::Testis::Germ_Cell::Germ_Cell_Neoplasia_in_Situ,GU::Testis::Germ_Cell_Tumors::Germ_Cell_Neoplasia_In_Situ,93,accepted,who,
GU::Testis::Germ_Cell::Mixed_Germ_Cell_Tumors,GU::Testis::Germ_Cell_Tumors::Mixed_Germ_Cell_Tumor,92,accepted,who,
GU::Testis::Germ_Cell::Mixed_Teratoma_Yolk_Sac_Prepubertal,GU::Testis::Germ_Cell_Tumors::Mixed_Teratoma_and_Yolk_Sac_Tumor_Preprubertal_Type,83,review,who,
GU::Testis::Germ_Cell::Neuroendocrine_Tumor_Prepubertal,GU::Testis::Neuroendocrine::Testicular_Neuroendocrine_Tumor_Preprubertal_Type,76,rejected,who,
GU::Testis::Germ_Cell::Placental_Site_Trophoblastic_Tumor,GU::Testis::Germ_Cell_Tumors::Placental_Site_Trophoblastic_Tumor,94,accepted,who,
GU::Testis::Germ_Cell::Regressed_Germ_Cell_Tumors,GU::Testis::Germ_Cell_Tumors::Regressed_Germ_Cell_Tumor,92,accepted,who,
GU::Testis::Germ_Cell::Specific_Intratubular_Neoplasia,GU::Testis::Germ_Cell_Tumors::Germ_Cell_Neoplasia_In_Situ,65,rejected,who,
GU::Testis::Germ_Cell::Teratoma_Prepubertal,GU::Testis::Germ_Cell_Tumors::Teratoma_Prepubertal_Type,88,review,who,
GU::Testis::Germ_Cell::Teratoma_with_Somatic_Malignancy,GU::Testis::Germ_Cell_Tumors::Teratoma_with_Somatic_Type_Malignancy,90,accepted,who,
GU::Testis::Germ_Cell::Yolk_Sac_Tumor_Prepubertal,GU::Testis::Germ_Cell_Tumors::Yolk_Sac_Tumor_Prepubertal_Type,89,review,who,
GU::Testis::Sex_Cord_Stromal::Adult_Granulosa_Cell_Tumor,GU::Testis::Sex_Cord_Stromal_Tumors::Adult_Granulosa_Cell_Tumor,94,accepted,who,
GU::Testis::Sex_Cord_Stromal::Fibroma_Thecoma_Group,GU::Testis::Sex_Cord_Stromal_Tumors::Tumors_in_the_Fibroma_Thecoma_Group,83,review,who,
GU::Testis::Sex_Cord_Stromal::Juvenile_Granulosa_Cell_Tumor,GU::Testis::Sex_Cord_Stromal_Tumors::Juvenile_Granulosa_Cell_Tumor,94,accepted,who,
GU::Testis::Sex_Cord_Stromal::Large_Cell_Calcifying_Sertoli_Cell_Tumor,GU::Testis::Sex_Cord_Stromal_Tumors::Large_Cell_Calcifying_Sertoli_Cell_Tumor,95,accepted,who,
GU::Testis::Sex_Cord_Stromal::Leydig_Cell_Tumor,GU::Testis::Sex_Cord_Stromal_Tumors::Leydig_Cell_Tumor,93,accepted,who,
GU::Testis::Sex_Cord_Stromal::Mixed_Sex_Cord_Stromal_Tumor,GU::Testis::Sex_Cord_Stromal_Tumors::Mixed_Sex_Cord_Stromal_Tumor,94,accepted,who,
GU::Testis::Sex_Cord_Stromal::Myoid_Gonadal_Stromal_Tumor,GU::Testis::Sex_Cord_Stromal_Tumors::Myoid_Gonadal_Stromal_Tumor,94,accepted,who,
GU::Testis::Sex_Cord_Stromal::Sex_Cord_Stromal_Tumor_NOS,GU::Testis::Sex_Cord_Stromal_Tumors::Sex_Cord_Stromal_Tumor_NOS,94,accepted,who,
GU::Testis::Sex_Cord_Stromal::Signet_Ring_Stromal_Tumor,GU::Testis::Sex_Cord_Stromal_Tumors::Signet_Ring_Stromal_Tumor,94,accepted,who,
GU::Testis_Adnexa::Epididymis::Adenocarcinoma,GU::Bladder::Urothelial::Adenocarcinoma_NOS,61,rejected,who,
GU::Testis_Adnexa::Epididymis::Cystadenoma,GU::Testis::Heme::Plasmacytoma,61,rejected,who,
GU::Testis_Adnexa::Epididymis::Melanotic_Neuroectodermal_Tumor,GU::Testis::Paratesticular::Melanotic_Neuroectodermal_Tumor,78,rejected,who,
GU::Testis_Adnexa::Epididymis::Papillary_Cystadenoma,GU::Kidney::Renal_cell::Renal_Papillary_Adenoma,61,rejected,who,
GU::Testis_Adnexa::Epididymis::Squamous_Cell_Carcinoma,GU::Bladder::Squamous_Neoplasms::Squamous_Cell_Carcinoma,69,rejected,who,
GU::Testis_Adnexa::Mesothelial::Adenomatoid_Tumor,GU::Testis::Paratesticular::Adenomatoid_Tumor,77,rejected,who,
GU::Testis_Adnexa::Mesothelial::Mesothelioma,GU::Testis::Paratesticular::Malignant_Mesothelioma,66,rejected,who,
GU::Testis_Adnexa::Mesothelial::WD_Papillary_Mesothelial_Tumor,GU::Testis::Paratesticular::Well_Differentiated_Papillary_Mesothelial_Tumor,72,rejected,who,
GU::Testis_Adnexa::Ovarian_Type::Brenner_Tumor,GU::Testis::Neuroendocrine::Carcinoid_Tumor,61,rejected,who,
GU::Testis_Adnexa::Ovarian_Type::Clear_Cell_Adenocarcinoma,GU::Penis::Squamous_Neoplasms::Clear_Cell_Carcinoma,61,rejected,who,
GU::Testis_Adnexa::Ovarian_Type::Endometrioid_Tumors,GU::Testis::Neuroendocrine::Carcinoid_Tumor,59,rejected,who,
GU::Testis_Adnexa::Ovarian_Type::Mucinous_Borderline_Tumor,GU::Testis::Neuroendocrine::Carcinoid_Tumor,59,rejected,who,
GU::Testis_Adnexa::Ovarian_Type::Mucinous_Cystadenocarcinoma,GU::Prostate::Glandular_neoplasms::Mucinous_Adenocarcinoma,59,rejected,who,
GU::Testis_Adnexa::Ovarian_Type::Mucinous_Cystadenoma,GU::Testis::Heme::Plasmacytoma,53,rejected,who,
GU::Testis_Adnexa::Ovarian_Type::Serous_Borderline_Tumor,GU::Testis::Neuroendocrine::Carcinoid_Tumor,57,rejected,who,
GU::Testis_Adnexa::Ovarian_Type::Serous_Cystadenocarcinoma,GU::Testis::Germ_Cell_Tumors::Embryonal_Carcinoma,56,rejected,who,
GU::Testis_Adnexa::Ovarian_Type::Serous_Cystadenoma,GU::Testis::Heme::Plasmacytoma,54,rejected,who,
GU::Testis_Adnexa::Rete_Collecting_Duct::Adenocarcinoma,GU::Kidney::Renal_cell::Collecting_Duct_Carcinoma,71,rejected,who,
GU::Testis_Adnexa::Rete_Collecting_Duct::Adenoma,GU::Kidney::Renal_cell::Collecting_Duct_Carcinoma,68,rejected,who,
GU::Urinary_Tract::Invasive_Other::Diverticular_Carcinoma,GU::Bladder::Other::Diverticular_Carcinoma,73,rejected,who,
GU::Urinary_Tract::Invasive_Other::Verrucous_Carcinoma_of_the_Bladder,GU::Urothelial::Other::Endometrioid_Carcinoma_of_the_Urinary_Tract,59,rejected,who,
GU::Urinary_Tract::Invasive_Other::Villous_Adenoma,GU::Bladder::Glandular_Neoplasms::Villous_Adenoma,57,rejected,who,
GU::Urinary_Tract::Mullerian_Type::Clear_Cell_Adenocarcinoma,GU::Urothelial::Other::Clear_Cell_Adenocarcinoma_of_the_Urinary_Tract,60,rejected,who,
GU::Urinary_Tract::Mullerian_Type::Endometrioid_Carcinoma,GU::Urothelial::Other::Endometrioid_Carcinoma_of_the_Urinary_Tract,59,rejected,who,
GU::Urinary_Tract::Urethral_Gland::Cowper_Gland_Adenocarcinoma,GU::Urothelial::Other::Cowper_Gland_Adenocarcinoma_of_the_Urethra,66,rejected,who,
GU::Urinary_Tract::Urethral_Gland::Littre_Gland_Adenocarcinoma,GU::Prostate::Glandular_neoplasms::Foamy_Gland_Adenocarcinoma,60,rejected,who,
GU::Urinary_Tract::Urethral_Gland::Skene_Gland_Adenocarcinoma,GU::Prostate::Glandular_neoplasms::Foamy_Gland_Adenocarcinoma,61,rejected,who,
GU::Urinary_Tract::Urothelial_Precursor::Non_Invasive_PUC_Low_Grade,GU::Bladder::Urothelial::Non_Invasive_Papillary_Urothelial_Carcinoma,55,rejected,who,
GU::Urinary_Tract::Urothelial_Precursor::PUNLMP,GU::Bladder::Urothelial::Urothelial_Papilloma,52,rejected,who,
GU::Urinary_Tract::Urothelial_Precursor::Squamous_Papilloma,GU::Bladder::Urothelial::Urothelial_Papilloma,58,rejected,who,
GU::Urinary_Tract::Urothelial_Precursor::Urothelial_Papilloma,GU::Bladder::Urothelial::Urothelial_Papilloma,74,rejected,who,
GYN::Broad_Ligament::Mesenchymal_Mixed::Adenomyoma_of_the_Broad_Ligament_and_Other_Uterine_Ligaments,GYN::Uterus::Neoplastic::Mesenchymal::Malignant::Undifferentiated_Uterine_Sarcoma,51,rejected,who,
GYN::Broad_Ligament::Mesenchymal_Mixed::Adenosarcoma_of_the_Broad_Ligament_and_Other_Uterine_Ligaments,GYN::Uterus::Neoplastic::Mesenchymal::Malignant::SMARC_Deficient_Uterine_Sarcoma,52,rejected,who,
GYN::Broad_Ligament::Mesenchymal_Mixed::Leiomyoma_of_the_Broad_Ligament_and_Other_Uterine_Ligaments,GYN::Uterus::Neoplastic::Mesenchymal::Malignant::Undifferentiated_Uterine_Sarcoma,51,rejected,who,
GYN::Broad_Ligament::Mesenchymal_Mixed::Leiomyosarcoma_of_the_Broad_Ligament_and_Other_Uterine_Ligaments,GYN::Uterus::Neoplastic::Mesenchymal::Malignant::SMARC_Deficient_Uterine_Sarcoma,51,rejected,who,
GYN::Broad_Ligament::Miscellaneous::Ependymoma,GYN::Vulva::Inflammatory::Miscellaneous::Behcet_Disease,61,rejected,who,
GYN::Broad_Ligament::Miscellaneous::Papillary_Cystadenoma,GYN::Vulva::Inflammatory::Miscellaneous::Plasmacytosis_Mucosae_Zoon,58,rejected,who,
GYN::Broad_Ligament::Miscellaneous::Wolffian_Tumor_of_the_Broad_Ligament_and_Other_Uterine_Ligaments,GYN::Fallopian_Tube::Neoplastic::Miscellaneous::Female_Adnexal_Tumor_Probable_Wolffian_Origin_FATWO,44,rejected,who,
GYN::Broad_Ligament::Tumor_Like::Adrenocortical_Remnants,GYN::Cervix::Congenital_Structural::Remnant::Mesonephric_Remnants,48,rejected,who,
GYN::Cervix::Germ_Cell::Germ_Cell_Tumors_of_the_Uterine_Cervix,GYN::Uterus::Neoplastic::Germ_Cell::Malignant::Germ_Cell_Tumors,59,rejected,who,
GYN::Cervix::Glandular::Adenocarcinoma::Adenocarcinoma_HPV_independent_Clear_Cell_Type_of_the_Uterine_Cervix,GYN::Cervix::Neoplastic::Epithelial::Malignant::Mesonephric_Adenocarcinoma_HPV_Independent,53,rejected,who,
GYN::Cervix::Glandular::Adenocarcinoma::Adenocarcinoma_HPV_independent_Gastric_Type_of_the_Uterine_Cervix,GYN::Cervix::Neoplastic::Epithelial::Malignant::Gastric_Type_Adenocarcinoma_HPV_Independent,53,rejected,who,
GYN::Cervix::Glandular::Adenocarcinoma::Adenocarcinoma_HPV_independent_Mesonephric_Type_of_the_Uterine_Cervix,GYN::Cervix::Neoplastic::Epithelial::Malignant::Gastric_Type_Adenocarcinoma_HPV_Independent,52,rejected,who,
GYN::Cervix::Glandular::Adenocarcinoma::Adenocarcinoma_in_Situ_HPV_independent_of_the_Uterine_Cervix,GYN::Cervix::Neoplastic::Epithelial::Precursor::Adenocarcinoma_In_Situ,53,rejected,who,
GYN::Cervix::Glandular::Adenocarcinoma::Other_Adenocarcinomas_of_the_Uterine_Cervix,GYN::Cervix::Neoplastic::Epithelial::Malignant::Clear_Cell_Adenocarcinoma_HPV_Independent,51,rejected,who,
GYN::Cervix::Glandular::Benign_Glandular::Arias_Stella_Reaction_of_the_Uterine_Cervix,GYN::Cervix::Normal_Histology::Physiologic_Change::Arias_Stella_Reaction,52,rejected,who,
GYN::Cervix::Glandular::Benign_Glandular::Diffuse_Laminar_Endocervical_Hyperplasia,GYN::Cervix::Neoplastic::Epithelial::Benign::Endocervical_Glandular_Hyperplasia,63,rejected,who,
GYN::Cervix::Glandular::Benign_Glandular::Ectopic_Prostate_Tissue,GYN::Cervix::Congenital_Structural::Heterotopia::Ectopic_Prostate_Tissue,66,rejected,who,
GYN::Cervix::Glandular::Benign_Glandular::Endocervical_Polyp,GYN::Cervix::Congenital_Structural::Polyp::Endocervical_Polyp,66,rejected,who,
GYN::Cervix::Glandular::Benign_Glandular::Endocervicosis_of_the_Uterine_Cervix,GYN::Cervix::Neoplastic::Mixed::Benign::Adenomyoma_Endocervical_Type,53,rejected,who,
GYN::Cervix::Glandular::Benign_Glandular::Lobular_Endocervical_Glandular_Hyperplasia,GYN::Cervix::Neoplastic::Epithelial::Benign::Endocervical_Glandular_Hyperplasia,75,rejected,who,
GYN::Cervix::Glandular::Benign_Glandular::Mesonephric_Remnants_and_Hyperplasia,GYN::Cervix::Neoplastic::Epithelial::Benign::Mesonephric_Hyperplasia,68,rejected,who,
GYN::Cervix::Glandular::Benign_Glandular::Microglandular_Hyperplasia,GYN::Cervix::Neoplastic::Epithelial::Benign::Microglandular_Hyperplasia,76,rejected,who,
GYN::Cervix::Glandular::Benign_Glandular::Mullerian_Papilloma_of_the_Uterine_Cervix,GYN::Cervix::Neoplastic::Epithelial::Benign::Mullerian_Papilloma,63,rejected,who,
GYN::Cervix::Glandular::Benign_Glandular::Nabothian_Cyst,GYN::Cervix::Congenital_Structural::Cyst::Nabothian_Cyst,62,rejected,who,
GYN::Cervix::Glandular::Benign_Glandular::Tuboendometrioid_Metaplasia,GYN::Cervix::Normal_Histology::Metaplasia::Tubal_And_Tuboendometrioid_Metaplasia,62,rejected,who,
GYN::Cervix::Glandular::Benign_Glandular::Tunnel_Clusters,GYN::Cervix::Congenital_Structural::Cyst::Tunnel_Clusters,63,rejected,who,
GYN::Cervix::Mixed_Epithelial_Mesenchymal::Adenomyoma_of_the_Uterine_Cervix,GYN::Cervix::Neoplastic::Epithelial::Precursor::Adenocarcinoma_In_Situ,57,rejected,who,
GYN::Cervix::Mixed_Epithelial_Mesenchymal::Adenosarcoma_of_the_Uterine_Cervix,GYN::Cervix::Neoplastic::Epithelial::Precursor::Adenocarcinoma_In_Situ,60,rejected,who,
GYN::Cervix::Other_Epithelial::Adenoid_Basal_Carcinoma_of_the_Uterine_Cervix,GYN::Cervix::Neoplastic::Epithelial::Malignant::Adenoid_Basal_Carcinoma,68,rejected,who,
GYN::Cervix::Other_Epithelial::Adenosquamous_and_Mucoepidermoid_Carcinomas_of_the_Uterine_Cervix,GYN::Cervix::Neoplastic::Epithelial::Malignant::Squamous_Cell_Carcinoma,60,rejected,who,
GYN::Cervix::Other_Epithelial::Carcinoma_of_the_Uterine_Cervix_Unclassifiable,GYN::Cervix::Neoplastic::Epithelial::Precursor::Adenocarcinoma_In_Situ,57,rejected,who,
GYN::Cervix::Other_Epithelial::Carcinosarcoma_of_the_Uterine_Cervix,GYN::Cervix::Neoplastic::Epithelial::Malignant::Carcinosarcoma,64,rejected,who,
GYN::Cervix::Squamous_Epithelial::Squamous_Precursor_Mimics::Atrophy_of_the_Uterine_Cervix,GYN::Cervix::Neoplastic::Epithelial::Precursor::Adenocarcinoma_In_Situ,54,rejected,who,
GYN::Cervix::Squamous_Epithelial::Squamous_Tumors::Squamous_Cell_Carcinoma_HPV_independent_of_the_Uterine_Cervix,GYN::Cervix::Neoplastic::Epithelial::Malignant::Clear_Cell_Adenocarcinoma_HPV_Independent,62,rejected,who,
GYN::Fallopian_Tube::Benign_Serous::Serous_Adenofibroma_and_Papilloma_of_the_Fallopian_Tube,GYN::Fallopian_Tube::Neoplastic::Epithelial::Malignant::Serous_Carcinoma_And_STIC,52,rejected,who,
GYN::Fallopian_Tube::Borderline_Serous::Serous_Borderline_Tumor_of_the_Fallopian_Tube,GYN::Fallopian_Tube::Neoplastic::Epithelial::Borderline::Serous_Borderline_Tumor,68,rejected,who,
GYN::Fallopian_Tube::Carcinosarcoma_of_the_Fallopian_Tube,GYN::Fallopian_Tube::Normal_Histology::Metaplasia::Tubal_Metaplasias,59,rejected,who,
GYN::Fallopian_Tube::Endometrioid_Carcinoma_of_the_Fallopian_Tube,GYN::Fallopian_Tube::Inflammatory::Acute::Salpingitis,58,rejected,who,
GYN::Fallopian_Tube::Germ_Cell::Teratoma_of_the_Fallopian_Tube,GYN::Fallopian_Tube::Inflammatory::Acute::Salpingitis,59,rejected,who,
GYN::Fallopian_Tube::Mixed_Epithelial_Mesenchymal::Adenosarcoma_of_the_Fallopian_Tube,GYN::Fallopian_Tube::Neoplastic::Epithelial::Malignant::Serous_Carcinoma_And_STIC,61,rejected,who,
GYN::Fallopian_Tube::Tumor_Like::Metaplastic_Papillary_Lesion,GYN::Fallopian_Tube::Neoplastic::Epithelial::Benign::Metaplastic_Papillary_Tumor,71,rejected,who,
GYN::Fallopian_Tube::Tumor_Like::Mucinous_Metaplasia,GYN::Fallopian_Tube::Normal_Histology::Metaplasia::Tubal_Metaplasias,67,rejected,who,
GYN::Fallopian_Tube::Tumor_Like::Paratubal_Cysts,GYN::Fallopian_Tube::Normal_Histology::Metaplasia::Tubal_Metaplasias,66,rejected,who,
GYN::Fallopian_Tube::Tumor_Like::Placental_Site_Nodule_Occurring_in_the_Fallopian_Tube,GYN::Fallopian_Tube::Congenital_Structural::Heterotopia::Endometriosis,50,rejected,who,
GYN::Fallopian_Tube::Tumor_Like::Salpingitis_Isthmica_Nodosa,GYN::Fallopian_Tube::Inflammatory::Acute::Salpingitis,67,rejected,who,
GYN::Fallopian_Tube::Tumor_Like::Tubal_Hyperplasia,GYN::Fallopian_Tube::Normal_Histology::Metaplasia::Tubal_Metaplasias,69,rejected,who,
GYN::Fallopian_Tube::Tumor_Like::Tubo_ovarian_Abscess,GYN::Fallopian_Tube::Normal_Histology::Metaplasia::Tubal_Metaplasias,60,rejected,who,
GYN::GENETICS::Cowden_Syndrome,GYN::Ovary::Neoplastic::Sex_Cord_Stromal::Benign::Thecoma,48,rejected,who,
GYN::GENETICS::Hereditary_Leiomyomatosis_and_Renal_Cell_Carcinoma,GYN::Vulva::Neoplastic::Epithelial::Malignant::Basal_Cell_Carcinoma,59,rejected,who,
GYN::GENETICS::Li_Fraumeni_Syndrome,GYN::Vulva::Neoplastic::Epithelial::Benign::Syringoma,52,rejected,who,
GYN::GENETICS::Ovarian_Dysgenesis,GYN::Ovary::Congenital_Structural::Mechanical::Ovarian_Torsion,48,rejected,who,
GYN::GTD::GTN::Epithelioid_Trophoblastic_Tumor,GYN::Vulva::Neoplastic::Epithelial::Malignant::Phyllodes_Tumor,56,rejected,who,
GYN::GTD::GTN::Mixed_Trophoblastic_Tumor,GYN::Uterus::Neoplastic::Metastatic::Secondary_Tumors,52,rejected,who,
GYN::GTD::GTN::Placental_Site_Trophoblastic_Tumor,GYN::Uterus::Neoplastic::Mesenchymal::Intermediate::Inflammatory_Myofibroblastic_Tumor,53,rejected,who,
GYN::GTD::Tumor_Like::Molar::Complete_Hydatidiform_Mole,GYN::Vulva::Inflammatory::Dermatosis::Erythema_Multiforme,45,rejected,who,
GYN::GTD::Tumor_Like::Molar::Invasive_and_Metastatic_Hydatidiform_Moles,GYN::Ovary::Neoplastic::Metastatic::Metastatic_Gastric_Carcinoma,47,rejected,who,
GYN::GTD::Tumor_Like::Molar::Partial_Hydatidiform_Mole,GYN::Vulva::Neoplastic::Melanocytic::Benign::Mucosal_Melanotic_Macule,44,rejected,who,
GYN::GTD::Tumor_Like::Non_Neoplastic::Abnormal_non_molar_Villous_Lesions,GYN::Uterus::Neoplastic::Mesenchymal::Benign::Intravenous_Leiomyomatosis,51,rejected,who,
GYN::GTD::Tumor_Like::Non_Neoplastic::Exaggerated_Placental_Site_Reaction,GYN::Vulva::Neoplastic::Melanocytic::Dysplastic::Atypical_Nevus_of_Genital_Tract,50,rejected,who,
GYN::GTD::Tumor_Like::Non_Neoplastic::Placental_Site_Nodule_and_Plaque,GYN::Cervix::Neoplastic::Epithelial::Benign::Mullerian_Papilloma,52,rejected,who,
GYN::HEME::Lymphoma::Burkitt_Lymphoma,GYN::Vulva::Inflammatory::Bullous::Pemphigus,47,rejected,who,
GYN::HEME::Lymphoma::Diffuse_Large_B_cell_Lymphoma,GYN::Ovary::Neoplastic::Germ_Cell::Malignant::Dysgerminoma,44,rejected,who,
GYN::HEME::Lymphoma::Extranodal_Marginal_Zone_Lymphoma,GYN::Vagina::Congenital_Structural::Polyp::Vaginal_Polyp,44,rejected,who,
GYN::HEME::Lymphoma::Follicular_Lymphoma,GYN::Ovary::Congenital_Structural::Cyst::Follicular_Cysts,47,rejected,who,
GYN::HEME::Myeloid_Leukemia::Myeloid_Sarcoma,GYN::Vulva::Neoplastic::Mesenchymal::Malignant::Epithelioid_Sarcoma,49,rejected,who,
GYN::HEME::Reactive_Lymphoid::Florid_Reactive_Lymphoid_Hyperplasia,GYN::Ovary::Neoplastic::Hematolymphoid::Malignant::Lymphoma_Leukemia,51,rejected,who,
GYN::Lower_Genital_Mesenchymal::Adipocytic::Lipoblastoma_like_Tumor_of_the_Vulva,GYN::Vulva::Neoplastic::Mesenchymal::Benign::Lipoblastoma_Like_Tumor,64,rejected,who,
GYN::Lower_Genital_Mesenchymal::Adipocytic::Lipoma,GYN::Uterus::Neoplastic::Mesenchymal::Benign::Leiomyoma,57,rejected,who,
GYN::Lower_Genital_Mesenchymal::Adipocytic::Liposarcoma,GYN::Uterus::Neoplastic::Mesenchymal::Malignant::Leiomyosarcoma,63,rejected,who,
GYN::Lower_Genital_Mesenchymal::Fibroblastic_Myofibroblastic::Angiomyofibroblastoma,GYN::Vulva::Neoplastic::Mesenchymal::Benign::Angiomyofibroblastoma,60,rejected,who,
GYN::Lower_Genital_Mesenchymal::Fibroblastic_Myofibroblastic::Cellular_Angiofibroma,GYN::Vulva::Neoplastic::Mesenchymal::Benign::Cellular_Angiofibroma,60,rejected,who,
GYN::Lower_Genital_Mesenchymal::Fibroblastic_Myofibroblastic::Dermatofibrosarcoma_Protuberans,GYN::Vulva::Neoplastic::Mesenchymal::Intermediate::Dermatofibrosarcoma_Protuberans,66,rejected,who,
GYN::Lower_Genital_Mesenchymal::Fibroblastic_Myofibroblastic::Fibroepithelial_Stromal_Polyp,GYN::Vulva::Neoplastic::Mesenchymal::Benign::Fibroepithelial_Stromal_Polyp,64,rejected,who,
GYN::Lower_Genital_Mesenchymal::Fibroblastic_Myofibroblastic::Myofibroblastoma,GYN::Vulva::Neoplastic::Mesenchymal::Benign::Angiomyofibroblastoma,56,rejected,who,
GYN::Lower_Genital_Mesenchymal::Fibroblastic_Myofibroblastic::NTRK_rearranged_Spindle_Cell_Neoplasm_Emerging_,GYN::Cervix::Normal_Histology::Metaplasia::Transitional_Cell_Metaplasia,46,rejected,who,
GYN::Lower_Genital_Mesenchymal::Fibroblastic_Myofibroblastic::Postoperative_Spindle_Cell_Nodule,GYN::Uterus::Neoplastic::Mesenchymal::Intermediate::Inflammatory_Myofibroblastic_Tumor,49,rejected,who,
GYN::Lower_Genital_Mesenchymal::Fibroblastic_Myofibroblastic::Prepubertal_Fibroma,GYN::Vulva::Neoplastic::Mesenchymal::Benign::Prepubertal_Vulval_Fibroma,57,rejected,who,
GYN::Lower_Genital_Mesenchymal::Fibroblastic_Myofibroblastic::Solitary_Fibrous_Tumor_of_the_Lower_Genital_Tract,GYN::Peritoneum::Neoplastic::Mesenchymal::Intermediate::Solitary_Fibrous_Tumor,54,rejected,who,
GYN::Lower_Genital_Mesenchymal::Fibroblastic_Myofibroblastic::Superficial_Myofibroblastoma,GYN::Vulva::Neoplastic::Mesenchymal::Benign::Angiomyofibroblastoma,53,rejected,who,
GYN::Lower_Genital_Mesenchymal::PNS::Benign_Peripheral_Nerve_Sheath_Tumors,GYN::Vulva::Neoplastic::Mesenchymal::Benign::Granular_Cell_Tumor,55,rejected,who,
GYN::Lower_Genital_Mesenchymal::PNS::Granular_Cell_Tumor,GYN::Vulva::Neoplastic::Mesenchymal::Benign::Granular_Cell_Tumor,72,rejected,who,
GYN::Lower_Genital_Mesenchymal::Skeletal_Muscle::Rhabdomyoma,GYN::Cervix::Neoplastic::Mesenchymal::Malignant::Rhabdomyosarcoma,59,rejected,who,
GYN::Lower_Genital_Mesenchymal::Skeletal_Muscle::Rhabdomyosarcoma,GYN::Cervix::Neoplastic::Mesenchymal::Malignant::Rhabdomyosarcoma,65,rejected,who,
GYN::Lower_Genital_Mesenchymal::Small_Round_Cell_Sarcoma::Ewing_Sarcoma,GYN::Cervix::Neoplastic::Mesenchymal::Malignant::Spindle_Cell_Sarcoma_NTRK_Rearranged,55,rejected,who,
GYN::Lower_Genital_Mesenchymal::Smooth_Muscle::Leiomyoma_of_the_Lower_Genital_Tract,GYN::Uterus::Neoplastic::Mesenchymal::Intermediate::Smooth_Muscle_Tumor_Uncertain_Potential,53,rejected,who,
GYN::Lower_Genital_Mesenchymal::Smooth_Muscle::Leiomyosarcoma_of_the_Lower_Genital_Tract,GYN::Uterus::Neoplastic::Mesenchymal::Malignant::Leiomyosarcoma,53,rejected,who,
GYN::Lower_Genital_Mesenchymal::Smooth_Muscle::Smooth_Muscle_Tumor_of_Uncertain_Malignant_Potential_of_the_Lower_Genital_Tract,GYN::Uterus::Neoplastic::Mesenchymal::Intermediate::Smooth_Muscle_Tumor_Uncertain_Potential,61,rejected,who,
GYN::Lower_Genital_Mesenchymal::Uncertain_Differentiation::Alveolar_Soft_Part_Sarcoma,GYN::Uterus::Neoplastic::Mesenchymal::Malignant::Alveolar_Soft_Part_Sarcoma,68,rejected,who,
GYN::Lower_Genital_Mesenchymal::Uncertain_Differentiation::Deep_Aggressive_Angiomyxoma,GYN::Vulva::Neoplastic::Mesenchymal::Intermediate::Deep_Aggressive_Angiomyxoma,70,rejected,who,
GYN::Lower_Genital_Mesenchymal::Uncertain_Differentiation::Epithelioid_Sarcoma,GYN::Vulva::Neoplastic::Mesenchymal::Malignant::Epithelioid_Sarcoma,63,rejected,who,
GYN::Lower_Genital_Mesenchymal::Uncertain_Differentiation::Superficial_Angiomyxoma,GYN::Vulva::Neoplastic::Mesenchymal::Benign::Superficial_Angiomyxoma,67,rejected,who,
GYN::Lower_Genital_Mesenchymal::Vascular::Angiosarcoma,GYN::Uterus::Neoplastic::Mesenchymal::Malignant::Leiomyosarcoma,62,rejected,who,
GYN::Lower_Genital_Mesenchymal::Vascular::Kaposi_Sarcoma,GYN::Cervix::Neoplastic::Mesenchymal::Malignant::Rhabdomyosarcoma,60,rejected,who,
GYN::Melanocytic::Melanoma::Mucosal_Melanoma,GYN::Vulva::Neoplastic::Melanocytic::Benign::Mucosal_Melanotic_Macule,67,rejected,who,
GYN::Melanocytic::Nevi::Acquired_Melanocytic_Naevus,GYN::Vulva::Neoplastic::Melanocytic::Benign::Common_Melanocytic_Nevus,68,rejected,who,
GYN::Melanocytic::Nevi::Atypical_Melanocytic_Naevus_of_Genital_Type,GYN::Vulva::Neoplastic::Melanocytic::Dysplastic::Atypical_Nevus_of_Genital_Tract,65,rejected,who,
GYN::Melanocytic::Nevi::Blue_Naevus,GYN::Vulva::Neoplastic::Melanocytic::Benign::Common_Melanocytic_Nevus,56,rejected,who,
GYN::Melanocytic::Nevi::Congenital_Melanocytic_Naevus,GYN::Vulva::Neoplastic::Melanocytic::Benign::Common_Melanocytic_Nevus,70,rejected,who,
GYN::Melanocytic::Nevi::Dysplastic_Melanocytic_Naevus,GYN::Vulva::Neoplastic::Melanocytic::Benign::Common_Melanocytic_Nevus,67,rejected,who,
GYN::Metastasis::Metastasis_to_the_Lower_Female_Genital_Tract,GYN::Vulva::Neoplastic::Melanocytic::Dysplastic::Atypical_Nevus_of_Genital_Tract,54,rejected,who,
GYN::Neuroendocrine::Mixed_NEN::Carcinoma_Admixed_with_Neuroendocrine_Carcinoma,GYN::Ovary::Neoplastic::Epithelial::Malignant::Large_Cell_Neuroendocrine_Carcinoma,60,rejected,who,
GYN::Neuroendocrine::NEC::Large_Cell_Neuroendocrine_Carcinoma,GYN::Ovary::Neoplastic::Epithelial::Malignant::Large_Cell_Neuroendocrine_Carcinoma,67,rejected,who,
GYN::Neuroendocrine::NEC::Small_Cell_Neuroendocrine_Carcinoma,GYN::Ovary::Neoplastic::Epithelial::Malignant::Large_Cell_Neuroendocrine_Carcinoma,66,rejected,who,
GYN::Neuroendocrine::NET::Neuroendocrine_Tumor,GYN::Cervix::Neoplastic::Epithelial::Malignant::Neuroendocrine_Carcinoma,53,rejected,who,
GYN::Ovary::Brenner::Benign::Brenner_Tumor,GYN::Ovary::Neoplastic::Epithelial::Benign::Brenner_Tumor_Benign,70,rejected,who,
GYN::Ovary::Brenner::Borderline::Borderline_Brenner_Tumor,GYN::Ovary::Neoplastic::Epithelial::Borderline::Serous_Borderline_Tumor,69,rejected,who,
GYN::Ovary::Brenner::Malignant::Malignant_Brenner_Tumor,GYN::Ovary::Neoplastic::Epithelial::Malignant::Brenner_Tumor_Malignant,64,rejected,who,
GYN::Ovary::Clear_Cell::Benign::Clear_Cell_Cystadenoma_and_Adenofibroma,GYN::Ovary::Neoplastic::Epithelial::Malignant::Clear_Cell_Carcinoma,59,rejected,who,
GYN::Ovary::Clear_Cell::Borderline::Clear_Cell_Borderline_Tumor,GYN::Ovary::Neoplastic::Epithelial::Borderline::Clear_Cell_Borderline_Tumor,84,review,who,
GYN::Ovary::Clear_Cell::Malignant::Clear_Cell_Carcinoma_of_the_Ovary,GYN::Ovary::Neoplastic::Epithelial::Malignant::Clear_Cell_Carcinoma,74,rejected,who,
GYN::Ovary::Endometrioid::Benign::Endometrioid_Cystadenoma_and_Adenofibroma,GYN::Ovary::Neoplastic::Epithelial::Malignant::Endometrioid_Adenocarcinoma,63,rejected,who,
GYN::Ovary::Endometrioid::Borderline::Endometrioid_Borderline_Tumor,GYN::Ovary::Neoplastic::Epithelial::Borderline::Endometrioid_Borderline_Tumor,83,review,who,
GYN::Ovary::Germ_Cell::Dysgerminoma,GYN::Ovary::Neoplastic::Germ_Cell::Malignant::Dysgerminoma,75,rejected,who,
GYN::Ovary::Germ_Cell::Embryonal_Carcinoma,GYN::Ovary::Neoplastic::Germ_Cell::Malignant::Strumal_Carcinoid,67,rejected,who,
GYN::Ovary::Germ_Cell::Immature_Teratoma_of_the_Ovary,GYN::Ovary::Neoplastic::Germ_Cell::Malignant::Immature_Teratoma,69,rejected,who,
GYN::Ovary::Germ_Cell::Mature_Teratoma_of_the_Ovary,GYN::Ovary::Neoplastic::Germ_Cell::Malignant::Immature_Teratoma,67,rejected,who,
GYN::Ovary::Germ_Cell::Mixed_Germ_Cell_Tumor_of_the_Ovary,GYN::Uterus::Neoplastic::Germ_Cell::Malignant::Germ_Cell_Tumors,62,rejected,who,
GYN::Ovary::Germ_Cell::Non_gestational_Choriocarcinoma,GYN::Ovary::Neoplastic::Germ_Cell::Malignant::Nongestational_Choriocarcinoma,82,review,who,
GYN::Ovary::Germ_Cell::Yolk_Sac_Tumor,GYN::Ovary::Neoplastic::Germ_Cell::Malignant::Yolk_Sac_Tumor,76,rejected,who,
GYN::Ovary::Germ_Cell_Sex_Cord_Stromal::Mixed_Germ_Cell_Sex_Cord_Stromal_Tumor_Unclassified,GYN::Ovary::Neoplastic::Mixed::Malignant::Mixed_Germ_Cell_Sex_Cord_Stromal_Tumor,69,rejected,who,
GYN::Ovary::Mesenchymal::Endometrioid_Stromal_Sarcoma_of_the_Ovary,GYN::Ovary::Neoplastic::Mesenchymal::Malignant::Low_Grade_Endometrioid_Stromal_Sarcoma,70,rejected,who,
GYN::Ovary::Mesenchymal::Ovarian_Myxoma,GYN::Ovary::Neoplastic::Mesenchymal::Benign::Vascular_Tumors,63,rejected,who,
GYN::Ovary::Mesenchymal::Smooth_Muscle_Tumors_of_the_Ovary,GYN::Ovary::Neoplastic::Mesenchymal::Malignant::Smooth_Muscle_Tumors,71,rejected,who,
GYN::Ovary::Miscellaneous::Rete_Cystadenoma_Adenoma_and_Adenocarcinoma,GYN::Ovary::Neoplastic::Metastatic::Metastatic_Pancreaticobiliary_Adenocarcinoma,57,rejected,who,
GYN::Ovary::Miscellaneous::Small_Cell_Carcinoma_of_the_Ovary_Hypercalcaemic_Type,GYN::Ovary::Neoplastic::Epithelial::Malignant::Small_Cell_Carcinoma_Hypercalcemic_Type,69,rejected,who,
GYN::Ovary::Miscellaneous::Solid_Pseudopapillary_Tumor,GYN::Uterus::Neoplastic::Miscellaneous::Malignant::Wilms_Tumor,60,rejected,who,
GYN::Ovary::Miscellaneous::Wilms_Tumor,GYN::Uterus::Neoplastic::Miscellaneous::Malignant::Wilms_Tumor,70,rejected,who,
GYN::Ovary::Miscellaneous::Wolffian_Tumor_of_the_Ovary,GYN::Uterus::Neoplastic::Miscellaneous::Malignant::Wilms_Tumor,59,rejected,who,
GYN::Ovary::Mixed_Epithelial_Mesenchymal::Mixed_Malignant_Epithelial_Mesenchymal::Adenosarcoma_of_the_Ovary,GYN::Ovary::Neoplastic::Epithelial::Malignant::Carcinosarcoma,55,rejected,who,
GYN::Ovary::Monodermal_Teratoma::Monodermal_Cystic_Teratoma,GYN::Ovary::Neoplastic::Germ_Cell::Benign::Mature_Cystic_Teratoma,61,rejected,who,
GYN::Ovary::Monodermal_Teratoma::Neuroectodermal_type_Tumors,GYN::Ovary::Neoplastic::Germ_Cell::Malignant::Primitive_Neuroectodermal_Tumor,61,rejected,who,
GYN::Ovary::Monodermal_Teratoma::Somatic_Neoplasms_Arising_from_Teratomas,GYN::Cervix::Normal_Histology::Physiologic_Change::Arias_Stella_Reaction,51,rejected,who,
GYN::Ovary::Monodermal_Teratoma::Struma_Ovarii,GYN::Ovary::Neoplastic::Germ_Cell::Benign::Struma_Ovarii,65,rejected,who,
